team,season,rim_pct,three_pct_shot,jumper_pct,assisted_pct,ft_rate,to_per_game,oreb_per_game,plays_per_game,block_rate,steal_rate,cluster_label,dist_to_centroid
Abilene Christian,2016,-0.6728485419466058,-1.110440254381969,1.4221321667728841,0.16990120526102645,1.675845796754033,1.1912324871349884,-2.059011081726681,-0.7862647847382984,-0.9676017112404672,0.25351227979731944,2,2.9295874029781297
Air Force,2016,-1.5673380685529101,2.308775329176891,-0.1742004667341782,1.543931499526766,0.27269925304607634,0.6920901302001674,-1.2569186187241186,-0.400729085385056,-0.6357914824770605,0.5025230512725788,3,2.7554147782789946
Akron,2016,0.4374757640589602,2.236282464658017,-2.003247600118736,-0.4203305127463745,-1.2895275761576996,-1.3435535729557315,-0.7332482071330815,-0.9107123021500142,-0.7611420133432363,-0.5069283069386622,3,2.379941739911337
Alabama,2016,-1.0202482011418665,0.8057490709326142,0.3831589669739197,-1.2703507570116792,1.384107956180582,-0.3343028527594923,0.9878147417305384,0.4257727472043509,0.8746824144603567,-0.6909089577094205,2,1.2029796325698392
Alabama State,2016,0.42691056683038947,-1.326473641977837,0.5443427583809518,-1.219601963809271,0.7838710529838862,0.21532094709260102,1.287582483750279,1.2197014582068324,0.001407049425999271,-0.31969136146399674,4,1.7389973303576696
Alcorn State,2016,-0.5469891828165969,-0.6664438060643822,0.9878158902281399,-2.748337862113197,0.11905431287425813,-0.5989365341697586,3.264773973667721,0.7508459202132406,2.3830671358833384,-1.5570833489487437,2,3.8135511452108855
American University,2016,-0.21649068007036432,0.039634212979417445,0.17485563697365333,0.10971538688442949,0.4380613498011616,-0.036456037245102185,-2.324400611582772,-2.457113023953441,-2.2653483837373454,-0.08360999543072252,3,2.808106183553268
App State,2016,0.4259053986734629,-0.6042687737673716,0.030873727114091642,-1.8578526196515495,0.6683064864145414,0.13389519896636537,1.2174240760435309,1.0540391681157648,-0.15737028967115682,-0.876517755832133,4,2.1086309212780434
Arizona State,2016,-0.6458123549992572,0.8570541689916212,-0.0046366269312786874,0.7261238739058183,0.3366423539990006,-0.400729120967737,-0.3505659832780928,0.41195384713716987,0.4505797850297958,-0.47436535989959006,1,1.397356191661429
Arizona,2016,0.025375253277280473,-1.4197756361689633,0.9874734517514342,-0.8052201072123865,-0.2610762965331431,-0.6803622822959943,0.6051325178755498,1.0071536143164055,2.0655124576890262,-0.7837133567707768,2,2.7104949698643344
Arkansas,2016,-0.8186701123551364,-1.0469427562216085,1.5136969566811331,0.9005857512708276,0.947038094481853,0.006399619663442826,0.4147984644318846,1.3595355660294839,1.9965696657126302,0.40483421015536136,4,2.6487419043101137
Arkansas State,2016,-0.7450598512011248,0.12003432067693522,0.6134301642417775,-0.7563769063673446,0.37216491424821574,-0.47679791198040433,1.0069488529232882,1.422872191337389,-0.27645329399402335,-0.7218437573965397,2,1.135375103141939
Arkansas-Pine Bluff,2016,-0.9557324348483415,0.6847337028558815,0.40883461135271293,-1.8326772379256493,2.557148094408008,2.2848920453010977,0.7773395186102944,-0.22854120359559701,0.1998787232974442,1.3817226213275302,4,2.5146706874924036
Army,2016,1.0957564206533215,-0.047895221645324795,-0.9937959782973436,-0.5101554193906304,-1.411890058246338,0.09211093348053286,0.535645482491354,0.5764645622226419,-0.0926058487236324,-0.3115506247042284,0,1.3438899836785294
Auburn,2016,-1.0176818842352309,1.3495180856173337,-0.006564154822579235,0.032499423406466346,0.8608311386599791,0.6063788163830759,1.160021742465283,1.5635288527354665,1.3280335010930255,-0.6371800950949518,1,1.031636408702433
Austin Peay,2016,0.196288313804407,0.18724851784389607,-0.31750812848897486,0.3030756853170991,0.5752319058497726,1.3349249838283455,0.24158440521331073,0.6570748126145222,-1.3085059981255376,1.6601358185115977,1,2.0664753730959022
BYU,2016,-2.173711901541268,0.4230812525828577,1.7377705497171119,0.5775379374986126,-0.26671221913467164,-0.2935899786963737,0.3745161250787267,1.227926993961107,1.3698170113817505,0.40483421015536136,2,2.7866944907522213
Ball State,2016,-0.38601635168909953,1.2331772981492672,-0.5162518337385982,0.8830501099533705,0.09903712254967952,-0.3953721638541687,-1.040401044700902,-0.9643839229466498,-0.9413334014633642,0.10566213423388503,3,1.1906920759700792
Baylor,2016,0.24007830699451277,-1.3475814903520167,0.734641672477643,2.8887752543197336,0.4684041005751726,0.6224496877237808,0.45205962833355345,0.031934095289733,0.954071084008935,1.7220054178858362,1,1.5661722269786182
Belmont,2016,-0.5402331960084272,1.9444442511236508,-0.8782046966397642,0.48789354335172974,0.013396124116040643,0.800568511749922,-0.1315307630453038,0.16086936823797077,-1.1894229938026704,-0.12634886341950502,3,2.215643379170717
Bethune-Cookman,2016,-0.039320616248649826,0.7259906077268421,-0.48022245590008,1.4300943095979084,-0.6146854264282708,-0.751609811906451,1.5905392443021453,-0.7416775423996936,1.5891804403975587,-1.7890943466021336,1,2.9098718948180315
Binghamton,2016,0.5759192471540417,-0.02972959240539264,-0.5190844281165448,-0.0224183865494901,-0.44933647380455355,0.3425486785398447,-0.6338011818549765,-1.0503407715788082,-1.4375125861419764,0.7243581279762584,0,1.3164992364248664
Boise State,2016,-0.7693971352607772,1.3158268211377815,-0.21547831864776343,-0.8467463510850831,0.7613506046838836,0.7242318728815758,-0.8384298709996576,0.20211129056148155,-1.5202091169217453,0.2818186324521992,0,2.4930469179801533
Boston College,2016,-0.026526733201548303,0.5073976745886832,-0.3365248458445946,1.5873983695378908,-1.5914200478893297,1.1849301846484372,-1.6798831819322653,-1.7661680205944619,-0.6357914824770605,1.3817226213275302,3,1.9019541218489266
Boston University,2016,0.70104031168364,0.6431064303426479,-1.1157059366321713,0.14918475682993607,-0.3183075853134666,-0.20311692522277852,-0.9872507358321534,-0.47165148255523526,-0.4616935229407053,-0.4399933602472361,0,1.1180203437443734
Bowling Green,2016,0.8323843713266706,-0.7070926694143073,-0.27719801420380996,-1.7960627921280434,0.2277619007792767,-0.2721621502421005,-0.22971896521862334,-0.28886179912693627,-0.46865744132215975,-0.11617294246979464,0,1.4543512583056288
Bradley,2016,-1.9230237669612567,-0.21852434576573976,1.9596069300655685,0.011983749293842402,1.8021757183225373,1.4480163006703402,-2.092777160302121,-0.7911678491879073,-1.5202091169217453,0.41930663106161614,2,3.9075612057903633
Brown,2016,0.998041183267682,0.34926779511684736,-1.1850221548999793,0.7906464221495099,0.24976496036696083,0.317103132250396,0.12131284914459906,0.4606020157410155,0.36999730090154,0.8514117695483527,1,1.4182297109312176
Bryant,2016,1.180831625825632,0.07189562931591986,-1.1589282132182095,1.5271721084090752,-1.4182342563216883,0.06564126303702039,0.41716801380559904,-0.17583326076232866,-0.2204142331362038,0.39908780773670205,1,1.8949147210616164
Bucknell,2016,0.2008332603547399,0.2850736965705687,-0.39145056880100804,1.2906439074908633,1.385699810223122,0.7920866629867729,-0.20062616457467736,0.8724010596930615,0.508612438208581,0.5911666293233859,1,0.9487540886318598
Buffalo,2016,0.6208048752601646,0.6189267312990636,-1.023215703153621,-0.8026755203538051,0.0731544299439445,0.317103132250396,0.3733971712078057,0.7925219680348944,-0.020645358781938974,0.07558663453807545,0,1.1845518370997028
Butler,2016,-0.541259832676652,-0.5648331884651211,0.9100660889433072,0.04647892900439047,0.3483835873877964,-0.5197726123803631,-0.3919672765021717,0.15696223875469084,1.4789183993578667,-0.3712493609425282,2,1.1222186066976727
Cal Poly,2016,-0.3972579362245024,-0.7832081580216701,0.9305244041675585,0.48085913177578277,-0.05737476914200321,-1.5658672931688107,0.03589270989125376,-0.05402275334242552,0.7456758264439177,-0.7450448571618784,2,1.1650451515103086
Cal State Bakersfield,2016,2.046717394968085,-1.4155967692959213,-0.9116903400600128,0.4367117743343018,1.0905999520588567,1.0475399904416298,1.1150003043646963,0.9236789420618579,1.273960723072323,0.6174510996457754,4,1.5378342953234083
Cal State Fullerton,2016,-1.595514435724365,0.21949634192961825,1.3403825997584329,-0.6478473661314557,1.4307885362987571,-0.5734909878803098,-0.0836954850634302,0.20384779255405003,-1.2886588307383928,-1.1703983528597601,2,1.6926819190133848
Cal State Northridge,2016,2.6595616026714883,-2.353403780871051,-0.8186082241239657,1.0491955167368314,0.5336961124548277,2.2306082132169407,0.44568159126930396,1.6552161579431006,0.9408396390841721,1.2167370229962302,4,2.041047780391312
California,2016,0.012989467629715604,-1.935655631218394,1.3665432667663215,-1.143593268234226,1.0628718356957643,-1.0467781488640568,-0.17936604102717738,0.6602005162011468,0.9143767492346462,-1.4333441502002693,2,2.3185048235653936
Campbell,2016,0.8420591687000845,0.4731013538176061,-1.1269021813019624,-1.3496120133690768,0.4131943133273921,-0.31753872814526657,-1.2036037578155292,-0.8009739780871178,-1.1076993633850167,0.32630004376701127,0,1.4220732869392523
Canisius,2016,1.1086880263719336,1.4882287012471533,-2.100076992241055,1.250536158432251,-0.24644475490416956,-0.4680737246811644,-0.04269381822182409,-0.42203713991041136,-0.44279145876247256,-0.7689824997769108,0,2.4272391666703967
Central Arkansas,2016,-0.36182558810462895,-0.2412228459582847,0.5112407033669729,0.6177145951182879,1.32161129188876,0.7694683996183734,1.0112008776327872,1.553109840780052,0.9496606023673474,0.07558663453807545,4,1.4510339746999021
Central Connecticut,2016,2.160666388105485,-1.610146384176089,-0.8800102183202085,-0.036745852562884436,-1.575762542540853,-0.678100455959154,0.6710389008727972,-0.7425457933959796,0.508612438208581,-0.7493413571184229,0,2.4584938024688094
Central Michigan,2016,0.03773181238545166,1.2238424399907974,-0.9071138707953786,0.19645852918190573,-1.4532353555967519,-2.2885208077891543,-0.5620482648821661,-1.6997056916999322,-1.1497286590283815,-2.949149334869084,3,2.782725715514452
Charleston,2016,-0.6062223672942851,-0.3369535126572429,0.8086922592268342,-1.090160823147381,-0.32321322042296846,0.8260140580393708,-0.5142129869002925,-1.6793886183868774,-0.6436258906561968,0.10566213423388503,2,1.461383530294077
Charleston Southern,2016,-1.2426536719535581,1.9568492406824889,-0.22811161549390388,-0.4481453062193145,-2.1661222621150813,-0.8138100361695483,-1.3061525890446435,-1.2600233871814992,-0.9027416870994724,-0.508737359551944,3,1.3299087276701669
Charlotte,2016,-0.4492427281170524,-0.3001713291093635,0.6352330766422074,-0.6522667987730146,-1.3173409183375153,0.15425163599792463,-0.4281094865329195,-0.25563063467967145,-1.3085059981255376,-0.22688696240264047,2,1.2882090723270592
Chattanooga,2016,0.3857393805276911,0.5505563611840014,-0.7540058567111337,-0.38291719959629644,0.43263389336950353,0.5400545854531849,0.10308988610388538,-0.18388829521525443,0.9181571620702927,1.2638757653766024,1,1.0661216895574224
Chicago State,2016,0.2175038594144719,1.3403589432392162,-1.1587473780271926,1.2378801532433088,0.025644662295838987,0.4935255865239073,0.9049002598952901,0.2465657415712442,0.14695294359839242,0.4330554309225577,1,1.3123603694735455
Cincinnati,2016,-0.5955903359020143,-0.035866590700917196,0.5842603859282286,0.46361701834279156,-1.8107669682395882,-0.22930649333355546,1.5225627966436928,-0.10790001253291852,2.121920196578805,0.11176768680371126,1,2.933186037656651
Clemson,2016,-0.20656740306079072,0.16152286276459846,0.07872794963575161,-0.07002573796720396,-1.0455007083899819,-1.386409229864278,-0.06858960780599602,-1.187090303493606,1.077332439360674,-0.21386178358701208,3,2.0668466788403896
Cleveland State,2016,-0.4553603976854207,-0.7808267897379244,0.9833331512724822,0.31623390432367154,0.5851688875751738,1.2063580131027105,-0.5519776800438766,-0.4105997282901828,-0.4268739310334347,0.30714536903814504,2,1.9621428339308622
Coastal Carolina,2016,-0.38397802379008344,0.811437983506346,-0.217767546582496,-1.5787852375611595,-1.1051704893835688,-0.8721413469617351,0.535645482491354,-0.4270507997987321,-0.385090420744709,-0.08360999543072252,0,1.5168127782235574
Colgate,2016,0.3186720880640114,1.674992238721757,-1.4920041496622853,-0.22362595282592596,-0.5599495953157968,-0.036456037245102185,-1.2166362793709622,-1.5424334480782222,-0.802925523631962,-0.11617294246979464,3,1.9247068693848461
Colorado,2016,0.45245463405637115,-1.7097868711960256,0.7934065787583081,-1.1918975219969485,0.37642425465888846,-0.1103820454123431,0.7773395186102944,1.1103018326749943,2.8990934879490955,0.5774178294624444,4,2.6275852176867533
Colorado State,2016,-0.9403667847171383,1.9066281236680773,-0.4759104017870705,-0.2952464033129408,0.520363578706257,-1.2241699572819271,0.12131284914459906,0.5662805655744926,-1.1232657691788557,-0.8573676417401067,3,0.84239803897836
Columbia,2016,1.45885713394114,1.6059419658357532,-2.512409562141331,-0.2765800698778189,-0.269468318228796,-0.7297993436583528,-1.682760491886061,-1.3255143194726668,-0.5373017796536371,-0.2092099340100013,0,2.821745366060428
Coppin State,2016,-0.4371119645284943,1.042511835572835,-0.33251272979127333,-0.5854752189101076,0.9944092230999049,-0.7821444674537892,2.0784590797172555,2.188669570060256,0.3586560623946003,-0.9693221548934893,1,1.4423733576870743
Cornell,2016,0.5343221490615531,0.7663908377879847,-1.0471234126727027,-0.0995520663701751,-0.6192836831160372,0.462506253904389,-0.3980415975157429,0.19268456545896348,0.25658491583214255,0.6746414856219609,0,1.4883085259105517
Creighton,2016,-1.1854462272480986,0.504575698866681,0.7526481924642764,0.12372964864041572,-0.0851900201886454,-0.36144476880157084,-1.2211120948546463,0.08402915506679758,-0.7704272378518422,0.21307463314749128,3,1.7195579789862625
Dartmouth,2016,-0.14383442035948776,-0.3684649901087354,0.3973788465499926,-0.5667120026948304,1.1154323685827912,1.6548118514671293,-0.4253760420768128,0.20161514713503342,-0.25377081698014403,1.4259151923091282,4,2.132159391861254
Davidson,2016,-0.9432534297573538,1.0137792518339217,0.1627557567282838,0.04297551231503862,-1.4045548752979258,-1.863943692559496,-0.3889301159953854,-0.5619495861688167,-0.48059558711893813,-1.0930613536419636,3,1.360056253713297
Dayton,2016,-1.1162850289780837,0.25052330107178694,0.8687256280424364,0.7241552933581951,-0.29924232848313453,-0.19180779353857877,-1.2700103790138957,-0.3025161884790306,0.12049005374886651,-0.876517755832133,2,1.4931002153163806
DePaul,2016,-0.47835563987203283,-0.20846065644448325,0.5972197498506499,1.2309700354466677,0.5185877068020951,1.312306720459946,-0.1368457939321788,-0.0826750362198105,-0.37348389010895233,0.8661426265422186,1,1.570173964447481
Delaware,2016,-0.1120291624329625,0.6508808554188421,-0.35851662249721733,0.8507030034891068,0.45076775253871404,-1.4431299522432346,0.3271251376044256,0.019063551109517792,0.10648028853441162,-1.3478185275358823,3,1.537493354252585
Delaware State,2016,-1.8920248074628954,1.4208270816481623,0.7628503639496048,0.579491208837723,-0.2638525654896724,1.877763304669918,1.415143225035276,-0.24243321953614827,-0.7704272378518422,-0.8180853564231307,1,2.3226590978840402
Denver,2016,1.3069708654413998,0.3901685530123916,-1.5039567098828475,0.9723222199492811,0.6820613514761241,1.1672837376860956,-2.801864810386365,-2.8786475386077415,-1.0143009286219835,0.25351227979731944,0,2.97044630964817
Detroit Mercy,2016,0.3149537772639556,-0.19559056907804892,-0.15613765505922986,-0.6917812121619753,1.9438953375486903,0.6563770827763786,0.9686806305377887,2.206034589985944,0.7291365202879643,0.48805063036632407,4,0.3523632208128808
Drake,2016,-0.40700992750782566,-0.4697734984793855,0.7164193972876116,-0.25223174190067116,-1.100022059787966,-0.7007187193275535,-1.4974937009721379,-1.6524728375020608,-0.6822176050200885,-1.505525349470212,3,1.9643864744091337
Drexel,2016,-0.433418612653264,-0.958295813175103,1.089157535893308,0.5823321623129194,0.3939663734137184,-0.8935691754160068,-1.0152245826051798,-1.2627652324329228,0.03274468214254339,-1.3210019829154693,2,0.9716083505389397
Duke,2016,-0.07411486577626704,0.11496916624039646,-0.012364302004533902,0.3222747742409819,-1.3735172571402217,-1.3724811413689997,1.0834852976942857,-0.43379573911723424,-0.15737028967115682,-0.9383873552063702,3,2.0268856618419093
Duquesne,2016,-0.0012964432513106541,1.72471886095334,-1.2272662900089308,1.6553505651285623,-0.12396245673822634,0.3921005318403508,0.29395144637241377,1.0469652073670894,0.07452819243126842,-0.34411357174330054,1,1.6748956905018846
East Carolina,2016,-0.9456920790392896,1.1188555066977186,0.09019971561301418,2.590324530980943,-2.7165961163211176,0.649234473291621,0.43493963410846215,-0.9140025164517255,-1.0118430750755878,0.828152521663301,3,2.9040817111835504
East Tennessee State,2016,-0.4679693733652792,0.8142523400489747,-0.14098127516679204,-1.5261471880796664,0.4442398641488151,0.13292584482200506,-0.3524841899139581,0.13761264512321011,0.1998787232974442,0.5862563436587639,0,1.3416612792442202
Eastern Illinois,2016,-1.5052263164717061,0.49987144996267396,1.0559792895284847,1.0643045153543522,-0.22545958173394814,-0.19779498090080233,-0.28066427675349825,-0.24202463083201242,-1.9482852762523128,-0.47436535989959006,3,2.120992666912703
Eastern Kentucky,2016,0.008810818975989728,0.5692698398350847,-0.41374470826077064,1.009725746844591,1.3098616014543476,1.767499270748974,-0.1315307630453038,0.6766104600309218,-0.5940079721883356,0.9563691256296485,1,2.073796514879864
Eastern Michigan,2016,0.9096294413854236,-0.23560326114109853,-0.6854927198489814,-0.9466632086128383,2.137084363484804,1.1539788768811552,1.2663223602027802,1.5149067969435388,-0.020645358781938974,1.7598146175034248,4,1.5747031105665474
Eastern Washington,2016,1.5375319218553294,0.007112044631933955,-1.4473987565516526,-0.7812363876276838,0.4222998080898989,-0.9246395266747027,-0.715121154424161,0.17571646027443522,0.596822071040334,-0.3815609608382338,0,1.2933805353244523
Elon,2016,-0.5141729556607151,0.6776293687333109,-0.00032467991945565845,-0.3211862644444983,-1.0094532100059947,-0.4372824753897308,0.07950722805119709,-0.03609592394855142,0.1531795059159279,-0.47436535989959006,3,1.524904864521952
Evansville,2016,-0.48475739129191536,-1.4532845928051243,1.4898881109716398,0.8706339306313211,-0.25825639221031194,0.21532094709260102,-1.4804856021341384,-0.9089026842840754,0.7555994101374901,-0.9074525555192511,2,0.35112153323890066
Fairfield,2016,1.5296955398180274,0.6345737867136446,-1.8869759222560785,0.37346549080932223,-1.0486901778080289,0.761243576575319,0.3424733551387162,0.40986007439972016,0.4163932766117476,0.34118845003353865,0,2.441518133405376
Fairleigh Dickinson,2016,2.173899854420938,-0.24856817145572524,-1.8622490134018368,-0.1017097901872238,0.35292776217118677,1.3145685467967863,1.0834852976942857,0.610189258815163,0.12049005374886651,0.6392874288366825,4,2.5187696913950255
Florida Atlantic,2016,0.3733815081169741,-1.4753721802133724,0.7006148993367477,-1.167664749500226,-0.3503749917559969,-0.843213778548467,-0.10282959625617992,-0.13685389838795936,1.747957779494714,-0.04127816427992911,2,2.199830980255441
Florida,2016,-0.7499862830129582,-0.4642549472530924,1.0342290295760042,-0.16109237272341773,1.011374672106768,-0.17145135650701948,1.2556922984290302,1.544774631215722,1.3510144317518242,-0.22688696240264047,4,2.217037878195079
Florida Gulf Coast,2016,1.7502286663670088,-1.2867637059016632,-0.7253244134621634,-1.1699641577012947,-0.03503250972177097,-1.8966593949316441,-0.5381306258912293,-0.3939430183877796,-0.2963004613811681,-0.7063763575529801,0,2.1874027049610065
Florida International,2016,0.5668929513109969,-0.8345314690381965,0.06262713515842706,-0.5422882913359877,-0.0274266219308408,-1.0007083176873701,-0.31028364392493635,-0.7297505155559965,0.32522925416362,-0.5720542010168064,0,1.6305835754463316
Florida State,2016,0.59004759524674,-0.2831335972388419,-0.35184343308650806,-0.3708471493917241,0.13519997130893094,0.2356773841241603,0.5285960731045523,0.4757840045903347,0.8349880796860678,0.2680698325912576,1,1.5886331374883742
Fordham,2016,-0.09935493553867766,1.7121500518879869,-1.1263267485713688,2.175627889810575,-0.23379772833744242,0.8635127578343474,-1.0756480916349138,-1.0324502313132642,-0.5940079721883356,1.4142855683666025,1,3.043557232300513
Fresno State,2016,-0.42434356493915787,0.24024016199774706,0.22695138146357927,-0.30084817208187226,0.8756282125828804,-0.17145135650701948,0.08851151567131443,0.8446170278119589,0.08079571897457696,0.6702222285238005,1,1.3109859547749934
Furman,2016,1.1077149683391374,0.897186095010823,-1.6781764540752377,-0.9774082127724102,1.1826154300017242,-0.09002560838078381,-0.7725234880024101,-0.8213829838586028,-0.07798162012257842,0.2062002332170205,0,1.197184961581644
Gardner-Webb,2016,-0.7544309653429201,0.9141637435140796,0.05657867729975668,-1.4124005062309923,0.39561520518353194,0.8825597164603681,0.9474205069902888,0.5424656811049787,-1.0350561363471018,1.3473506216751763,1,1.7974980639932199
George Mason,2016,-1.1562354044903338,-0.5214434293514981,1.4560587410003114,-1.4783350219758506,-0.8089030904441985,-2.372089338760818,0.6564925005508249,0.2704746321636663,0.5759303158959715,-1.7768832414624811,2,2.3639099754791153
George Washington,2016,-0.36624457106863945,-0.6431464023663261,0.8016681209262922,-0.18690810796260734,-0.7845042521247918,-0.7821444674537892,0.12677973805681383,-0.6588463973541597,0.596822071040334,-0.22688696240264047,2,1.0068233197558525
Georgetown,2016,-0.6126460658564961,-0.08213312584693677,0.633214800965274,0.4635644433667104,1.3970852507857596,-0.27323354166481445,-0.715121154424161,0.4195213400311016,0.1998787232974442,0.11339583415566425,2,1.5558609974452349
Georgia,2016,-1.2627061562437205,-0.11891299835807345,1.269222865135861,-0.5062709935031646,1.2132002380309397,-0.33236414447077167,1.0324610011802873,1.188444422340593,1.5608273441302087,-0.32705678996093024,2,2.2006175608413128
Georgia Southern,2016,-0.17502100824704706,2.0219185993834596,-1.2759875599788317,-2.0735552902790615,0.9279456923838945,0.2356773841241603,1.0834852976942857,0.8633712493317033,-0.31614762876831287,-0.31969136146399674,0,1.043973852184439
Georgia State,2016,-0.39770311420023774,-0.2723401028453674,0.5670610053069807,0.4222680095409515,0.2734422169734068,0.44311917101719,-0.6804975246468057,-0.7881909886292149,-0.44279145876247256,-0.2092099340100013,2,1.5094197695479494
Georgia Tech,2016,-0.038957199819116044,-2.161074899573491,1.5758351657803584,-0.7784112137200632,-0.7619258133197131,-1.5964019487161487,0.5094619619118026,-0.6369664722477907,0.08079571897457696,-1.5880181486358627,2,2.237973719190663
Gonzaga,2016,-0.6341562161697735,0.4383187383644709,0.28268574658255896,-1.047205328077564,-0.7312667589333586,-1.960879106995491,-0.5164908572803812,-0.8090290125400436,-0.7452244856141985,-1.47606363548248,3,2.0246598038799353
Grambling,2016,1.1997300514311575,-1.2361491048284774,-0.24496262591344092,-1.5855007627986295,2.279048803712575,0.5206675025659859,0.5222180360403015,1.4385007092705087,-1.3878946676741153,1.3817226213275302,4,2.584777366863097
Grand Canyon,2016,0.8520303474094122,-0.7398737710534392,-0.27227825832332453,0.2188513687170468,0.15775421416844426,-0.2309547878300386,-0.28239587052659776,0.043956032161362735,-0.34973514280809576,-0.9978773546046756,0,0.8110508228496505
Green Bay,2016,0.9222367082754026,-0.634592075105983,-0.4131277004799625,-0.23531475678257863,0.25191869301526004,1.2186024865051517,1.2329135946281378,2.3434663191121086,2.1278892694771954,1.7941866171557788,4,1.916762593747606
Hampton,2016,0.5240660259460782,-0.9806247430318908,0.20686165059924938,-1.920307247411958,0.709322793343091,0.317103132250396,0.9367904452165401,0.9904831951877419,0.1998787232974442,-1.505525349470212,4,2.5348740059916426
Harvard,2016,1.0503819382090718,-0.07515239088588072,-0.931816202965104,0.7212788152147299,-0.848443219480405,-0.2935899786963737,-0.3160382638325307,-0.7227000563380472,0.6535282635750325,0.14433063384278336,0,1.5687175212569267
Hawai'i,2016,-1.3612620022473407,0.44254754421104114,0.9617594352278754,0.8447574460782603,1.4383691297215255,0.8320012454015943,-0.4157285910552585,0.5375626166553699,-1.1543985807665331,1.054177683463921,1,2.8165116672463566
High Point,2016,0.9687066279366625,-0.7592485450161361,-0.36793006567101655,-0.34877928049815343,-0.7057547344928464,-0.028956297286107425,-0.2750365969909246,-1.2558557823993342,-1.0703399894798031,0.9486354257078693,0,0.502433782905767
Hofstra,2016,-0.44954816068747366,0.5177123390265854,0.0529575555155751,0.8016393720034557,-1.3973549541608508,-1.1507031168672783,1.180162912141862,0.5567232764123847,0.28344574387489496,-0.4092394658214458,1,2.2553353536800085
Holy Cross,2016,1.057907818550066,1.4849055559299165,-2.050073918864086,2.3647853000767682,-0.205916122642059,-0.6266953119400657,-1.4665698849030484,-1.371790969975929,-1.2796373910169632,-0.024404637177864338,3,2.8698859451676935
Houston Christian,2016,-1.1535511372238436,-0.9638599944289091,1.7686650717152985,0.014716489920963171,1.1911941081233752,0.9920797285599839,0.25366910701925727,0.6751709912739235,0.4505797850297958,0.5350859983116509,2,2.625907968621576
Houston,2016,-1.01551153495999,-0.7114464373052364,1.4593833424120097,-0.9368998592563048,-0.9497335748532751,-1.3006979160471865,1.703833323732899,-0.45337251421240465,0.4505797850297958,-0.8325577773293855,2,1.7047033929733975
Howard,2016,0.6501957011835223,-1.2497991916083866,0.28026904216541326,-2.444595707112281,0.8025764603057098,0.032113013808570415,1.9253861901752605,0.9258853210641822,-0.7527853112854916,-0.47436535989959006,4,2.451379339849702
IU Indianapolis,2016,0.4514900874214006,-2.0428306003465133,1.0315317355145424,-2.0520676679177003,-0.8122750874297634,-0.24569247979858802,-1.0460287244634756,-0.7347826080174341,-0.26711345051772006,1.3817226213275302,2,1.9924085938498248
Idaho State,2016,-0.5554104294737141,1.0632852838891804,-0.23633542589628234,-0.3719502541891092,-0.0504343059323979,0.30638921802325936,-1.3979068064601683,-0.015774012085052237,-0.17617286930108314,0.8932784157414464,3,1.8353051559923086
Idaho,2016,0.5153558279401872,0.5179104679526695,-0.852343867660559,0.5798741199582951,1.4794256059953306,0.7853011839762521,-0.4281094865329195,-0.24625352391979746,-1.0703399894798031,0.32993943196549586,0,2.0903454952508653
Illinois,2016,-2.015901986300411,0.848735738700368,1.286546600419102,0.6846335441197474,-2.1106360148418357,-0.2548158129219758,-1.6645375288453472,-0.9876406460614104,-1.0854616408223894,-0.533288787875054,3,2.1467521540886034
Illinois State,2016,-2.214670472616812,1.2048261166867904,1.219371999450876,0.42971579450620756,-0.6998831377368865,0.09211093348053286,-0.7735305464862394,-0.9501948737705282,-0.8447090339206871,0.07920473976463914,3,2.280060258724314
Incarnate Word,2016,-0.053759980131563516,-0.07887205933054563,0.10661031579790801,0.9625304132519467,0.4347425256489057,-0.2935899786963737,-1.5412645435699313,-0.5656268845060216,-0.6874064069513681,-0.2560020679905168,3,1.3855204157549599
Indiana,2016,0.36013127105462694,0.764930555340421,-0.8826777324955306,0.19087802831789003,-1.4479685920341288,0.09211093348053286,-0.29014247424835876,-0.9337438022619825,-0.5940079721883356,0.33970831607721713,3,1.4552687791214514
Indiana State,2016,-1.0804776563590706,0.09410545085696362,0.9465486106193975,-1.3302522307446647,1.0688645046008654,-0.036456037245102185,0.011975070900316964,0.7541361345149483,-0.385090420744709,-0.5069283069386622,2,1.3280083168394357
Iona,2016,0.9827880689259677,1.6519256298639273,-2.0985703679554804,1.4126799882859955,-1.1053376392062682,0.8392899952338664,0.9104463790815954,0.5578676987781972,0.44149641322789857,0.8168262792149287,1,2.7713225964999855
Iowa,2016,-1.0800838503246541,0.271648257672472,0.8197190270253023,0.7261238739058183,-1.1928211957546635,-0.7007187193275535,1.0593158940823912,0.1092541313799056,0.8684148879170481,0.2745824219990729,1,2.34865497591114
Iowa State,2016,0.04810330097406258,-0.33796939554249744,0.19560388209105234,-0.047513806452726286,-2.456877404251381,-0.7007187193275535,0.23352793734267835,-0.34150522795428484,0.4923632953185208,-0.6371800950949518,2,2.336555174713869
Jackson State,2016,-0.9923801340358254,-0.6882233402138658,1.4211428182172858,0.14807801299560966,0.8089401335896815,-0.5989365341697586,0.4903278507190528,1.2822155299393114,1.1922370926546688,-0.9383873552063702,2,1.761457685835943
Jacksonville,2016,0.09379057957280183,0.8824943916741491,-0.7165663323224165,-0.4581013956914992,-0.9891701332774465,-0.45644147494884507,0.08851151567131443,0.8091923871635545,-0.8057110909845434,-0.020654964488516735,0,1.1329044269141453
Jacksonville State,2016,0.14756343660661808,0.5036893465412793,-0.49719455632551746,0.2685955471093335,-0.2656133807125351,-0.6464348872433964,-0.6513407837816638,-1.1620846748006157,-1.2291173285769592,-1.5467717490530368,3,1.0930317615887093
James Madison,2016,-0.8797467898370406,1.9701533150730166,-0.5780247182124462,-0.1032769462427842,0.49476814834057853,-1.220938776800728,-0.009285052647183012,0.3861805017737814,-0.9027416870994724,-1.2305493522513793,3,0.5563514659807484
Kansas City,2016,0.4008744327567172,0.15200807779030925,-0.48432589154932676,-0.26255161813557026,1.277619580523379,-0.4292995589067665,0.7008030738392969,0.19238687940309532,-0.06475017519781547,-0.6393509582308902,0,1.1275046890204623
Kansas,2016,-0.17501311956459378,-0.6479734517682152,0.6257153033230293,-0.031102360272208345,0.05577495966800946,0.11353876193480608,0.4493261838774467,0.4591135854616711,0.5401158785056357,0.6451797716342289,1,1.5423152523730415
Kansas State,2016,1.3470634144144211,-0.6235792833873726,-0.8194947204662132,1.2717783812980907,1.0997150769616373,1.619915102270171,1.0260829641160365,0.7008346628272567,0.6365164058146229,1.9076142160085474,4,1.8648195552421118
Kennesaw State,2016,1.8437484599900946,-0.7702030812038524,-1.1809894836881525,-1.0159175623210965,0.21970692239735487,-0.3953721638541687,0.809229703931543,0.28199038221964867,-0.32937907369307584,0.4021206312354386,0,1.7277773897318858
Kent State,2016,-1.0716510225411573,-0.9152301868626888,1.6571979121845863,-1.5193878693030356,-0.1448086504951951,-0.4066812955383684,0.5647382831353001,-0.08962104419008791,-0.19706462444544565,-0.8868293557278387,2,1.1428705782025899
Kentucky,2016,-0.5129292369569844,-1.007126966636629,1.1985265690689468,-0.9908912339823099,0.745175311094774,-1.553750366364311,1.3786972989538486,0.4114838165226397,1.5230232157737433,-2.0947596292248534,2,2.44095674992884
LSU,2016,-0.39666037687529887,-0.14935338834202627,0.47848187442375184,0.03778645907689779,0.5786257992636418,-0.028956297286107425,0.10764562686406413,0.9008796923711885,-1.0703399894798031,0.6702222285238005,1,1.7581045483490354
La Salle,2016,-0.11913497475544269,1.9847679400751492,-1.3019516482668454,1.2643011330785172,-0.8373702863490202,0.49923967411171266,-0.3707071529546717,-0.966645945279074,0.32522925416362,0.4699601042335067,3,2.445547681328602
Lafayette,2016,-0.6038587726693285,1.1731120839721871,-0.2691142599204246,0.24261527724753018,-1.1295371316939329,-0.41333372594083795,-1.0910501625640625,-0.7752328897266875,-1.1076993633850167,-0.5835470058541262,3,0.4635756567004115
Lamar,2016,0.49178270218566167,-0.637580608570785,-0.007197321816855964,1.1203950385224417,1.705672633235215,1.8617974717039896,0.9799359900629361,1.8282943330142016,0.05978107115289463,1.927630851100213,4,2.105175037358359
Lehigh,2016,0.7056271568774637,0.09807290987812423,-0.731792394646331,1.5818504613427373,-1.850980074481061,-0.19665456426037886,-1.208963452827504,-1.5383598494189619,-0.44279145876247256,-0.06190136407134148,3,1.2745365432081817
Liberty,2016,0.06880438414683988,2.4071918424184346,-1.7791384452728285,0.1180601018163871,-0.9424035261127234,0.1563944188433511,-2.0021418967575184,-2.1379622366876276,-2.7249669969133232,0.6653377864679405,3,3.585984444052802
Lipscomb,2016,0.5235978549023066,2.0540124505468373,-1.954210038543743,1.3991475575467625,-0.15099444890385685,0.8907845395034225,0.7077609324548413,1.273690883793974,-0.8826940432740733,0.9317618986058045,1,2.6569018101849093
Little Rock,2016,-0.1731219055965955,0.4683148828509574,-0.17116848111853855,-0.14611093849672593,-0.76606490113091,-0.7617880304222299,-0.6768529320386629,-1.6747000630069422,-1.2291173285769592,-1.1549309530162006,3,1.125435957836674
Long Beach State,2016,-0.26237460929943524,0.49786673645397433,-0.1084912012911005,1.8426121068527574,0.28334634667033354,0.11353876193480608,-1.0317037214314702,0.279148833504535,-0.08880734778829362,-1.205551534322395,3,1.3720786177852615
Long Island University,2016,1.7322149054864329,-0.7878264185548379,-1.0638089731072498,0.8523189042371785,0.1642292949297286,1.0714887398905228,1.1150003043646963,1.1921217206777979,-0.6874064069513681,0.9813899194942302,4,1.7368297803212476
Longwood,2016,0.12090591253330685,1.3199507439657872,-1.053594110271047,-0.7882475573919044,-0.6552948917870968,1.0563632139228007,-0.18943662586546686,-0.11119022683462626,-1.2207606265192144,1.6422261976401082,0,2.1539830107173508
Louisiana,2016,1.4316609255807782,-1.3422122126571463,-0.38698648870500685,-1.8866129757352184,0.5353076235297617,-0.2565782750026305,0.5686037601439364,0.5689868024460275,0.09162144664029216,-0.19313990819851093,0,2.4601180560536413
Louisiana Tech,2016,0.5088411892436768,-0.23962327477241455,-0.3066565864757047,0.03826790274219849,0.28491103270648543,0.17782224729762433,-0.5922600193970331,0.43169513294742695,-0.05082233843490736,-0.18129883654793996,0,0.9770609066665198
Louisville,2016,0.09692796865075402,-1.0840143985731523,0.6811950875724897,-0.15052861378861948,-0.3848301887480184,0.09092049856640656,0.6710389008727972,-0.6383556738418469,0.508612438208581,0.04121463488572149,2,1.28253934367522
Loyola Chicago,2016,-1.2274407182298364,-0.6774804744829267,1.6339972957723523,-0.1818510170813881,-0.04235831891393187,0.7992292724715306,-1.7201655212854217,-1.3285695184671096,-0.2597398898785332,-0.21386178358701208,2,1.6336020154532602
Loyola Maryland,2016,1.4493555052388851,-0.916870541326552,-0.7065477725537312,-0.3347365995057679,0.9241553888735148,-0.7221465477818267,-0.18943662586546686,-0.11119022683462626,0.5759303158959715,-0.8325577773293855,0,1.4294921416435042
Loyola Marymount,2016,-0.19702555002298983,0.5875141272713286,-0.23364808979104157,2.471087869755839,-0.5340396398197379,-0.5935795770561902,-0.29014247424835876,-0.36782694236796093,-0.13438935901235813,-0.44180241286051797,3,1.6528376981835897
Maine,2016,2.0687242044044085,-0.6345250813510431,-1.48867617129273,0.6662130620925503,-0.5262491500491449,3.0831836935975305,0.07950722805119709,1.5267558693634216,-0.3605118852807534,2.91026566469104,4,3.251957165518213
Manhattan,2016,1.0994479863918236,-0.14003729914629764,-0.9316280308512445,1.8703416874906467,0.9146802053971103,2.3712526872531674,-0.7012054371930709,-0.20959754549484527,-0.7383510077312044,1.550457892348178,1,2.6820145878113495
Marist,2016,0.7704602090103668,1.2577526908169905,-1.6186277172997972,-0.007155720092529526,-0.04219527585151841,-0.4874608075683634,-0.09736270734396514,-0.18388829521525443,-1.0854616408223894,-0.6216739298382499,0,1.40256584105723
Marquette,2016,0.10073659167565129,-1.429350779098408,0.9235984213360285,1.489745365996674,0.3350292611131388,1.4206362976454354,-0.713107037456504,0.6291079910499905,0.4505797850297958,1.3817226213275302,1,1.604512972880479
Marshall,2016,0.5494396749718056,0.4410502675804132,-0.8295713840654199,-0.6623240922520017,-0.6626372417738824,-0.21216423057013806,0.08851151567131443,1.6041629993615762,-0.8718683156083581,0.4536786307139701,0,1.0109894082758129
Maryland Eastern Shore,2016,1.4992956356917162,-0.9718381885050511,-0.7142434274683973,-1.5034475225212394,1.702232093090979,1.3349249838283455,1.160021742465283,-0.4994355144363378,-1.0703399894798031,-0.47436535989959006,0,2.577168282911411
Maryland,2016,-0.8102896492695294,0.43734099173588653,0.44861000468319573,-0.35991740696048885,-1.24838140914677,-0.7414315933906721,0.12677973805681383,-0.5119383287828329,1.4304031013004033,-0.10314776365416624,2,1.9256021643875003
Massachusetts,2016,0.4555222356777836,0.6548395512566241,-0.8937467996386064,1.3908802636527315,0.5736615871131966,0.15425163599792463,-0.6577188208459133,0.6070635552285383,0.7555994101374901,-0.04127816427992911,1,1.0087344289569955
McNeese,2016,0.8129701888169232,-0.78631711940902,-0.2025559161797363,-0.26737170669125887,0.6010937194537893,-0.2078786648792837,0.3543749554021492,0.7541361345149483,-0.05082233843490736,-0.14873588950886676,0,1.6024471211861189
Memphis,2016,0.48682375552082624,-1.415321452300753,0.5514237012052693,0.7378252540237126,0.08047544332766907,-0.1772674813731799,1.050683964221001,1.3759866375380296,2.4681264246853867,0.8219500555606207,4,2.4106184385684495
Mercer,2016,-1.2585433762886367,1.2010690910321487,0.32512120904708713,1.246036241386781,-0.8851730654024105,-0.6396494082328771,1.0260829641160365,-0.5963323256216808,-0.038287285348289575,-0.22688696240264047,3,2.1009155529916215
Miami (OH),2016,-1.1894930619096957,0.8062562408180839,0.5415634944506883,-0.7155714721157731,-0.13885405611732357,-0.2935899786963737,-0.925596377544405,-1.4027638509706575,-1.1894229938026704,-0.412495760525353,3,1.6109693964826215
Miami,2016,0.3756464464118194,-1.2251168140549307,0.5202383482471958,-0.8092979707678067,-0.9782615647102235,-1.189273208084969,-0.1985001522199271,-1.4652779227031363,0.001407049425999271,-0.412495760525353,2,1.7154965468517527
Michigan State,2016,-1.0222591711035698,-0.4059106281492819,1.248086192035687,1.733853873619942,-1.5443831212470642,-1.592524532138709,0.28531951651102355,-0.6244636579012957,1.4852190874172777,-1.47606363548248,2,3.1045552338468587
Michigan,2016,-0.8931381550048713,1.4936424720279844,-0.22605343886497967,0.7002878491330735,-2.137352242347493,-1.4374278690411173,-1.7738753070896307,-2.008703817691902,-0.9720492557529926,-1.1225230676296956,3,2.190682932104171
Middle Tennessee,2016,-0.3249564118578744,-0.4230085655829828,0.6061366474919901,-0.9273216074466372,0.2922217251656984,-0.008599860254548146,-0.2750365969909246,-0.10559686252171992,-0.4749249678654683,0.14433063384278336,2,1.2931695264691718
Milwaukee,2016,0.4467401406472371,0.580294147695333,-0.8324112755365356,0.7597891645260803,-0.7969414496972664,-1.6959223075371035,-0.6045685119771647,-0.8571549249055231,-0.5057983393565826,-1.8148733463413989,3,1.6068403474837996
Minnesota,2016,-1.314205875733966,-0.24400360747115915,1.4066334091215422,0.615825401820283,-0.525045715629264,-0.35787346405919196,-0.9145187342222878,-0.4961453001346301,0.28344574387489496,-0.3115506247042284,2,1.2739600250840812
Mississippi State,2016,-1.0108290592939178,0.028539339039171507,0.9279138452928989,0.13444758893073924,-0.6727694352344311,0.6920901302001674,0.5759278218445105,0.6027862766363179,1.2862499908043006,0.8607154687023731,1,1.6565174701785816
Mississippi Valley State,2016,0.5165041760879159,-1.2986646044381893,0.44048867480502385,-1.1469154927992122,0.7455329130326245,0.8260140580393708,2.308068414030249,2.626268072187608,1.7876521142690036,-0.6290393583351834,4,2.2818830249093636
Missouri State,2016,-2.934295989346637,-0.8930330139064594,3.3887034161853755,0.5835026586722666,0.09832222289522972,0.2763902581872774,-0.6385847096531636,-0.2056193772936876,-0.19706462444544565,0.5774178294624444,2,3.4543295444866677
Missouri,2016,-0.6183359726567037,0.5955816632449218,0.1558298308094183,0.2811921543950809,0.4545462629425656,-0.5197726123803631,-0.05180529974218161,0.4243835456102947,0.5527172546244575,-0.646225358161361,2,1.4775981465225139
Monmouth,2016,0.4749695283502398,1.3791327442014945,-1.4278894140665204,-0.5564689058967736,-0.16612262967222305,1.4124733153771414,0.7226706294881533,1.4057552431249247,0.3132911083668416,1.7941866171557788,1,1.9765031176960726
Montana,2016,0.008684064869540513,0.4897134388982756,-0.35695938240252695,-1.0013861333364258,1.0040082748888282,-0.15788039848598093,-1.5916456766824927,-0.8834505265072813,-1.1988740258917867,-0.592212215850518,0,2.026804008142
Montana State,2016,-1.0539230559992325,1.2945123577857554,0.06661255312731902,-1.083919426427835,0.30622178544720025,-0.33882650543317133,-0.17936604102717738,0.15001623078441698,-1.0350561363471018,-0.6805973578137149,3,1.5513836096290414
Morehead State,2016,0.18264090603297464,-1.2780727149368571,0.7390130391252525,-0.16981649260895806,1.4764938164441077,0.353026256423736,1.0249574281635228,0.08157762284199671,-0.08031658099165423,-0.11042654005113531,4,1.7626914818362376
Morgan State,2016,2.113880699553599,-2.3841635556581275,-0.2848045246620532,-1.2040010515263255,-0.5169119398596965,0.11353876193480608,2.154995524488254,0.6133149624017876,1.311320096977536,-1.4642789498873874,4,3.523343923909132
Mount St. Mary's,2016,2.3642668089230074,-1.2666458893585215,-1.3156728441694905,-2.2452731360248284,-0.25585666138248087,1.3992084691911637,-0.028307268452839526,-0.1013195839294995,0.5759303158959715,0.4699601042335067,0,2.7710879917048628
Murray State,2016,-1.7333380000182068,-2.2566444656391336,3.2333777413893428,0.3273705141565862,1.0446590322422362,-0.7725649676742321,-1.6763288578716915,-2.0953829927831507,-2.041683711015345,-1.2386368815813449,2,3.896011566739268
NC State,2016,-0.33637339533339705,-0.499323358234912,0.6712042165582601,-0.638615811670348,-0.7049330787108625,-1.4946197635583538,1.389631076778277,0.15696223875469084,1.509791770848981,-1.0002569545806073,2,2.3922886432049872
NJIT,2016,-0.7085299880829153,2.091624484716837,-0.8251618018344025,1.8169298869198274,-0.7598344014055641,0.5206675025659859,-0.9319744146086545,-0.17852994620961316,-0.9644884300816995,0.14433063384278336,3,2.4271654971787693
Navy,2016,-0.5979461965430083,-0.3811409084100644,0.8324023126652467,1.5189623518334732,1.6024896515341451,0.5206675025659859,-0.2750365969909246,-0.19624226653381363,-0.15737028967115682,-0.412495760525353,1,1.917780802719092
Nebraska,2016,-1.1431663350855559,-0.4597678368611767,1.3998685847863779,-0.4036773120503402,-1.0254694515757934,-0.7394928851019514,-0.297815300791817,-1.0799233233807843,0.1998787232974442,-0.12082479204680541,2,0.9619167262644465
Nevada,2016,-0.5365598015984545,-1.2255264798201733,1.3762555754042822,-0.30764047336321615,1.1774576536380843,0.9063684147428924,0.6967748399039814,1.4911441380978607,0.7430643570508724,0.9909672568586627,4,1.866175798593936
New Hampshire,2016,0.5286055245745095,-0.5340701971365672,-0.11546857441561525,-2.300047516386918,-0.1469582469381237,-1.371283703896556,-0.5282821863067253,-0.337634387599335,-0.9676017112404672,-1.8573328753237184,0,2.7051885533121998
New Mexico,2016,0.4133218250454641,0.0664368979783891,-0.43505195651200423,0.6858234409712375,1.12419766360848,0.9956510333023628,0.011975070900316964,0.9314421274404034,1.2142895008626078,1.450466620632238,1,1.428586452595232
New Mexico State,2016,-0.0070245771563780725,-1.620429060632705,1.1607885786124639,-0.4973749911839033,-0.055794638756102195,-0.2172533398280275,0.825174796592168,0.03584122477301293,0.6464399895081953,-1.0930613536419636,2,1.6037763993074363
New Orleans,2016,1.9082105029538814,-1.152406389824967,-0.9692245397555826,0.6555659450196853,1.0891147525993965,2.4277442349962497,1.6836921540563201,1.8168753539670899,0.28344574387489496,2.4237369265778432,4,2.671304172619475
Niagara,2016,1.2346986556551107,-0.3042270389316622,-0.9415553821056024,0.34932859470345756,0.17150129237166814,0.15425163599792463,0.6625348514537975,-0.055585605135736064,0.001407049425999271,-0.6290393583351834,0,1.1140939322395473
Nicholls,2016,1.7734015155233152,-1.017930678796672,-0.9385468194120525,-0.3344622987709685,1.7327586279632299,2.4063164065419764,0.6564925005508249,1.4055985662534136,2.038353176001355,2.163233350265265,4,2.363839830376576
Norfolk State,2016,0.21041069005203578,0.7251919839391738,-0.7139223755780043,-0.2277893575050253,1.6214285297827176,0.7085730751649912,0.8656508010383683,0.871065288929545,2.5815388097547833,-1.4262053502724723,4,1.732310823841979
North Carolina Central,2016,0.7662847096830611,0.5619523440209762,-1.119106196575041,-0.18342352993646677,0.575349626567944,1.0441187405203596,0.8046739631713655,-0.3610114984572768,-1.331188475139417,-1.0488687826603655,0,1.0473833938715338
North Carolina,2016,-0.2909702328427315,-1.5976614227646655,1.4109363217609079,-0.1919380907769237,-1.2846520399855008,-0.541407472993614,2.2082382686767743,0.37576148981836704,0.7866645416999768,0.5209281952511841,2,2.5825482065824144
North Dakota,2016,-0.16820451522980634,0.014647704146841415,0.14735657934252577,0.00386685897876745,0.5949323231563381,1.5287958127003352,-1.3547471571532148,0.5900954500440101,-0.783028613970664,1.499569477278458,1,2.341258099839159
North Dakota State,2016,-0.7212875647037524,-1.294853151018865,1.5989255913569709,-2.708438946456021,-0.7127284971336687,-1.538924950038806,-1.4962431054693446,-1.9041634792485127,-0.26711345051772006,-0.947485825702582,2,3.1067435271721506
North Florida,2016,0.8307739641871196,0.7085468577932114,-1.2840188038042022,-0.443974203068332,-1.9311190294963372,-1.718540570905503,-0.20328368001811417,-0.3665931120048201,0.2991145602331667,-0.9383873552063702,0,2.6928284643765483
North Texas,2016,-1.5214226544623672,-0.5369309768052675,1.809666262507883,-1.1422084100462302,1.2499679351467907,0.36233965898719356,0.6072585302303,0.9522801513512286,-0.19706462444544565,0.5911666293233859,2,2.466564542227129
Northeastern,2016,0.2220396245918002,1.3781820344984779,-1.1899429286232863,2.024069180025405,-0.7589238748497241,-0.843213778548467,-0.8299258215806579,-1.0214280134025382,-0.43523063309117943,-0.7218437573965397,3,1.6844604267639758
Northern Arizona,2016,0.03796022202403826,1.2336909904597557,-0.914343061939106,0.37195966340131864,-0.00945299294994835,-0.2217437303496952,-2.081521800776974,-0.2677657191924464,-2.228480580541411,-0.03763877608144457,3,2.332922258656034
Northern Colorado,2016,0.43652129328441897,0.2679817000098926,-0.6003712876797259,-1.10297211115066,1.9607073491940827,0.9051779798287661,-0.5620482648821661,0.2264223184574436,-1.3878946676741153,0.3505626317569082,0,2.5248074736602932
Northern Illinois,2016,0.12660593799307904,1.0955421912127,-0.8990995224454749,0.4013561827187633,0.7640526677773669,0.46638367048182877,-0.6258286355246646,0.14237562201711146,0.0940271638993399,0.47430183050538244,1,1.4413922951115499
Northern Iowa,2016,-1.2383466665544238,1.5671373449954675,0.04543197861234866,-0.15583191073358404,-2.1663413767605713,-1.650685780800306,-2.593908643921749,-3.074419897702732,-1.0476575124659238,-1.0046762116787675,3,3.1084397880125985
Northern Kentucky,2016,0.3149290976851202,-0.07668021277349936,-0.2408119522547954,0.8242611057750114,0.04998090964155454,-0.20311692522277852,-0.817169747452159,-0.18339215178880627,0.1116690904656912,-0.6805973578137149,0,1.2212486398105098
Northwestern State,2016,1.5498586574427986,-0.3471205175425516,-1.2066495509957331,1.1313937706191746,0.023822744069020636,1.933643720050668,0.9574252710126414,1.4642417976309425,-0.5006095374253029,2.255175788963822,4,2.606659749475578
Northwestern,2016,-1.820568060033029,1.4093847161701407,0.7039681500071904,2.143774305680283,-1.380337597457376,-1.472120543681368,-0.4109894923078282,-1.4963704478542927,-0.21795637958980818,-1.7768832414624811,3,2.663598570754722
Notre Dame,2016,0.29346749155686563,-0.615692127250121,0.16324813791830178,-0.6044393152014137,-1.1968056697554064,-2.4843303449498646,0.6133328512438713,-1.1662522795827808,0.16207459494097864,-0.9752144976910356,2,2.5790183915821463
Oakland,2016,-0.18259716073276985,-0.45703051524792404,0.4968249626672726,0.3160103832290314,-0.09617031623354455,-0.8292856900531885,0.25366910701925727,0.9515489926175154,0.03274468214254339,-0.5069283069386622,2,1.1999699513596902
Ohio,2016,1.0328224101653856,0.46866360188446393,-1.302693067631585,-0.9724711075289114,-0.6320123467299603,-1.6435431713155482,-1.2770597884006976,-0.469823585720954,-0.5940079721883356,-1.3861278769936136,0,2.177355985881217
Ohio State,2016,-0.3701067358049998,-0.28119161528269865,0.5474780579038651,-0.5006872221290468,-0.528444035652506,-0.6803622822959943,0.03110918209306667,-0.10247115893509526,0.596822071040334,-1.0930613536419636,2,1.0929058934902078
Oklahoma,2016,-0.05976610324874722,0.9071581659396565,-0.5900848844201037,-1.0589538395496507,-1.5407147457366601,0.7853011839762521,0.45205962833355345,0.5601780014291792,1.311320096977536,1.6601358185115977,1,1.0295639328714576
Oklahoma State,2016,-0.3152920804046777,0.5830739562175962,-0.11954159058931586,0.33062010243609913,0.7944225454745988,0.13496659038907932,0.2738102766958362,-0.45995294281582366,-0.2597398898785332,0.40483421015536136,1,1.245928527883026
Old Dominion,2016,-1.2235776096800801,-1.972648763100027,2.5528956301724093,-0.6881166951343725,-0.9604815344454807,-2.125669311536683,0.620787699760526,-1.2155057906447317,-0.16097886555972807,-1.5148995311935818,2,2.8589987499322516
Ole Miss,2016,-0.38325379924571634,1.4954423121237665,-0.705649418278812,0.9998461955944141,1.2966671657493798,0.6063788163830759,1.5628451359968507,1.5043049953046952,0.5759303158959715,1.4468485154056745,1,1.7721727783806023
Omaha,2016,0.32065355889431496,-1.5580920066543444,0.8089977711067841,-1.2335884931262617,-0.21438763841229738,1.1912324871349884,-0.7533893768096604,0.6993637434923762,-0.12701579837317123,2.1823880249941316,4,1.560845528367268
Oral Roberts,2016,-1.3597550857358278,-1.8614693640951598,2.6014506000468396,-1.9151115765871802,-0.7202019645237197,-0.4208177101436174,-0.4902953479093557,-0.5814852335852164,0.001407049425999271,-0.3583598610728951,2,2.1960465620783602
Oregon,2016,0.7237518562976027,-0.5677432400829268,-0.2745474562450992,-0.23405857759973295,-0.06428607266628909,-0.2548158129219758,0.5222180360403015,0.22691846188389173,1.749847985912538,-0.12082479204680541,1,2.2937627468547372
Oregon State,2016,0.8048554059591357,-0.07042423568020043,-0.704859637507512,0.8013621838925006,0.6353693134219759,-0.15109491947546022,0.011975070900316964,0.12257949930182671,0.1998787232974442,0.36087423165261384,1,1.1875623951811463
Pacific,2016,0.1439753971744164,0.516367522753787,-0.5028590857526678,0.12385740326119188,2.0983139705671303,-0.36543622704305223,-0.8209215339605406,0.07054572783038215,-0.7808048417144013,-1.711757347384337,0,1.3103777527447207
Penn State,2016,-0.9251840388308555,0.46599730891992447,0.5359791938534144,-0.8199132596766419,0.08328900125166931,-0.7435743762360986,-0.3707071529546717,-0.3513758708594152,0.4923632953185208,-0.44180241286051797,2,0.7377836531706969
Pennsylvania,2016,0.0705412800361368,-0.1800772469617375,0.06209179588632892,-0.2577259084853544,-0.573266157918639,0.40434500524279204,-0.2887038192714595,-0.8075405822606992,0.029760145693348446,0.4094860597323721,0,1.3062183258618991
Pepperdine,2016,-0.7422218460314095,-1.4704085561804838,1.743608265299176,0.31924494267539993,0.371106042431292,-1.6649709997698214,-0.06858960780599602,0.06977155975939148,-1.2625441368079395,-1.1256243006810356,2,1.1134782233197558
Pittsburgh,2016,-0.4039032515669877,-0.6843460683562258,0.8663407907022443,1.3620413508926772,-0.8345660697559085,-0.6192929712013179,0.10764562686406413,-1.083942085135017,-0.15737028967115682,-0.7218437573965397,2,1.385381474703276
Portland,2016,-0.8259749848945984,0.6292071116908698,0.3266617879731475,-0.789999418947861,0.509260499956526,-0.6328639292223565,0.5647382831353001,0.8793470676633353,0.1998787232974442,-0.646225358161361,2,1.027217517444044
Portland State,2016,0.1764200491139135,-1.6366411714840783,1.000249801241183,0.4674395550750913,-0.8193090403379808,0.5003110655344266,-0.7916575991951599,0.2538590499400339,-0.9115626503826477,2.124157813818378,1,1.73658619261386
Presbyterian,2016,0.6065355250571719,0.6410491153312934,-1.0255871922885935,-0.10670606760156619,0.1554872743436802,0.5206675025659859,-0.6385847096531636,-1.0120509026426643,-1.0306456547055143,0.6392874288366825,0,1.5096607692749948
Princeton,2016,1.7841141448822926,-0.6214993496502013,-1.2309661987187954,-1.0355728103717743,-0.758617529822718,0.14261938626560527,-0.7260549322485892,-1.053131578352578,0.25658491583214255,0.7188340566035588,0,1.1188908438948941
Providence,2016,-0.6068277131308121,0.20465724814549263,0.423481701938101,0.9098179049337681,-0.5228547121323962,0.7038754358500166,0.796473629803044,0.8821254708514477,0.001407049425999271,0.6702222285238005,1,0.890904606735938
Purdue,2016,-1.1597048596831316,-0.547613198724733,1.4779535778635997,1.223614103598632,-1.44088615287289,-2.0190403556570877,-0.7533893768096604,-1.070992741704718,0.35109523672330717,-1.505525349470212,2,2.70112635046965
Purdue Fort Wayne,2016,-0.4446336537282021,0.9814237372316847,-0.28194493843786045,-0.384990142280211,-1.7167354211063155,-1.336857376563772,-0.8729775717643444,-0.5345996797858572,-0.3955362983168906,-0.9770558548152685,3,1.177113816217401
Quinnipiac,2016,0.5198535856885363,-0.31081295124589997,-0.26628016062026966,0.7811848314971597,-0.6988014785649986,0.9277962431971657,2.2889343028374993,1.2040729402737127,1.1128484231060911,0.11339583415566425,1,2.029605152774217
Radford,2016,0.8053463867448081,-0.6767260623415801,-0.27346365470908646,-1.1015590034208498,-2.0948049762631618,-0.15788039848598093,0.07575544154281554,-0.9370340165636902,0.5527172546244575,0.9348866258469277,0,1.5099336914972616
Rhode Island,2016,0.05834860476174079,-0.7051531559966159,0.44753052136382426,-0.9295246376603714,-0.28269038563071025,-0.7685735094327506,-1.284892465497145,-1.326010462899115,1.0378702351991005,-0.7493413571184229,2,1.6073045184472636
Rice,2016,-0.6689539629222059,0.6774321083106384,0.14501329989968642,0.13156573357065157,-0.04811873013124155,0.24210573266044114,-0.6929658677799251,-0.39085844247992574,-1.3461111573853901,0.4699601042335067,3,1.8343653314860187
Richmond,2016,-1.055853083226216,0.007360517318955357,0.9852353769993069,0.8457377642298773,-0.45993707061622185,-1.2299860821480875,-1.040401044700902,-0.6838520260471499,-0.9909513199312254,-0.6599741580223025,3,1.4726223621956216
Rider,2016,1.9878286744200404,0.39521587177571577,-2.1462531408960093,0.4632141150036008,-0.5301874522584765,0.35411483594413923,-0.21415533410490326,-0.7210763142151276,0.09162144664029216,0.48180117588407767,0,2.1480044332230226
Robert Morris,2016,2.3505936853197666,-0.4849056630017105,-1.8596641131626812,0.9653391631564622,0.025244856046816727,1.8063372098223436,0.15296325863636537,-0.3250541564457391,0.6177138261846966,1.4794114624447465,1,2.8913500207687477
Rutgers,2016,0.7436951858453033,-0.9735634286858567,-0.004198424222618617,0.38350229118989054,-1.5579956570020754,-0.036456037245102185,0.8579041973166074,0.36260063261152903,0.15809521300871918,0.7304636805460847,1,1.491866352457889
SE Louisiana,2016,-0.5739796488965345,0.4740704217232551,0.20076991184654502,1.612688184817089,0.2615685337315564,1.289688457091548,0.6072585302303,0.26115235830882355,0.02345945763393752,0.17870263349513732,1,1.0664903599373412
SIU Edwardsville,2016,0.06627774036135345,-0.9237379593714575,0.5957858790018279,-0.6105103218986182,0.48650111087655185,0.5970041414343321,0.2033161828278113,-0.6166493989347358,0.39835039716888915,-0.5903708587262851,2,1.3179730727921966
SMU,2016,-0.37438751948411897,-0.9239072748870569,1.0092871920066215,1.2498636349448378,-0.8985526534270608,0.06830223519800849,0.9686806305377887,-0.6557206937675351,1.9199665635166332,1.2098626230657594,1,2.239883100114157
Sacramento State,2016,0.4686419965874093,0.005991770758486391,-0.44389303945833936,0.25885583043151816,-0.029791461334150986,-0.6792908908732803,-0.6526835284267686,-0.04867615510214734,0.24166223358616923,-0.6046171480558796,0,1.0169637248184704
Sacred Heart,2016,3.074806180944489,-1.1215720738461001,-2.0855511029196463,-0.5276288135488656,0.44358498120739714,1.6657170855911791,1.4470334103565246,1.1142089621582743,-0.0978287875097232,0.6083526291495635,4,3.058690818344876
Saint Joseph's,2016,-0.18132975977890936,1.0773603549933173,-0.5972796373426972,0.1605006084181166,-1.2262279702093686,-1.2823312059435241,-1.263632341949645,-0.5232503989058552,-1.312286410961184,-1.1814464956051594,3,1.074419173130602
Saint Louis,2016,-0.6650770064273276,0.9688831688998157,-0.06621832085013069,1.1651130367103886,-0.18841852927625607,0.3781724433450724,-1.3465468237848932,-0.18373945218731855,-0.11767595489686797,-0.412495760525353,3,1.2871947345221928
Saint Mary's,2016,-0.6083868886763958,-0.15194380145506076,0.6789440744032743,-0.8693895577885528,-1.962918580396212,-2.9399267927990422,-1.026733822420367,-2.9374843120030154,-0.877538934861828,-2.3746459121083086,3,4.0238541949404105
Saint Peter's,2016,1.0211857710941477,0.2266471546292311,-1.1193934965030026,0.40444953334728484,-1.532147668652783,-0.16502300797073868,-0.3505659832780928,-1.4009542331047187,-0.5940079721883356,0.14433063384278336,0,1.5816401926526056
Sam Houston,2016,0.16082413548140945,1.0329506882527666,-0.8866163761734457,2.6525566376466414,1.0048497553774847,-0.030153734758550984,-1.068539443513769,-0.337634387599335,-1.6680899719632136,-0.3287898319602086,3,2.3369422417316303
Samford,2016,1.2838707620934215,-0.7062691718777416,-0.7013164098727135,0.3246857957147225,1.1160540121348035,1.4163507319545812,0.12677973805681383,0.31012171449926346,0.795293744911779,1.0105050250821064,4,1.1902082966084029
San Diego State,2016,-1.2178241547345046,0.03650366686436813,1.1164196535772788,-1.2548540191384672,0.04971148632324097,-0.39052539313236856,0.30354247955173724,-0.1749577135391845,1.4852190874172777,-0.17974822002226934,2,0.9996869581521199
San Diego,2016,-1.783082351553199,0.05652299614877371,1.632419553202887,-0.4942150467189976,0.4401543615733105,0.281180008077056,-0.8434322530108339,-0.4847263210875184,0.1998787232974442,-0.9110919437177356,2,1.2643529557550293
San Francisco,2016,-0.1816339003315242,0.6456515967259622,-0.28949688605778606,-0.8410189517424409,0.5578927161438803,-0.4066812955383684,1.181281866012783,1.6607729643193219,0.3321931725450744,-0.8524573560754847,1,1.5752904174756595
San José State,2016,0.4917939274988549,0.7280679946790553,-0.9799318107563297,0.4190089036388625,1.5133030226421555,0.4754309758291883,-0.1368457939321788,0.5077356412535987,0.4204028053768274,0.07558663453807545,1,1.3279627099420033
Santa Clara,2016,0.22668797683877523,0.5865938261988937,-0.6304711535711449,-0.8446204604993871,-0.23327137809882711,-1.6959223075371035,-0.795909623904659,-0.6105716419607444,-0.28527425727719863,-1.8148733463413989,3,2.089871047854886
Seattle U,2016,-1.2226188607827893,0.5303508266076516,0.7691601148353374,0.9027256992622036,0.5451416828322081,1.5520603121649754,0.5477301842973006,-0.3619045566248849,-0.8586368706835952,1.5879546192416552,1,2.381120046148442
Seton Hall,2016,0.9581210392265871,-1.1536233056575669,-0.07709471334379671,-0.2615497250793744,0.2585861381602107,0.9471833260843646,1.469812114157417,1.578413155528914,1.938868627694866,1.8531100451312439,4,1.599215059221346
Siena,2016,1.9159431979512707,-0.529109925598362,-1.4204399529200733,0.20872025780212328,0.41162556665830813,1.4318603982643403,1.6884876706459813,1.1973750040166629,1.1449819322090862,1.2933374793643344,4,2.1789417055138958
South Alabama,2016,0.16914885688717732,0.27341214102211553,-0.35342166879014564,-0.39424814542960857,0.6604337984878784,0.9084091603099668,1.5791498924016991,1.310495705246862,0.8047447770008954,0.23271577580597924,4,0.9614262827956113
South Carolina,2016,-0.47374005553021725,0.27579220080249106,0.24796640319717064,0.7115314482307601,0.8247839735536364,1.634914582188162,1.9455273598518394,1.737910210726065,1.8712191348464537,0.9258413627805184,4,2.3725089671810915
South Carolina State,2016,0.3607656821174257,-0.349195061796431,-0.08970365471707087,-1.2752455599689434,-1.2428845211326904,-1.3792666203795203,1.287582483750279,-1.0273321201772716,0.9055557859514709,-2.3304533411267103,2,2.9910919654425228
South Carolina Upstate,2016,0.4396766581593297,-0.3989933898440443,-0.1282583772941324,-0.014950042189272846,-1.004158798652279,-0.8170412166507474,1.2146906315874242,-0.043975848956849056,-0.934245127396527,-0.6069430728443839,0,1.4837038277300538
South Dakota,2016,-0.23120619778055793,-1.0225725677477187,0.9452484861932214,-0.35991740696048885,-0.3517390795752315,0.3290775069748431,-0.8884536911114207,-0.24937922750642214,0.7602693318756418,-0.07403265806628993,2,0.7593273652657917
South Dakota State,2016,-0.6433020436987834,-0.2753758831401261,0.7996155800925256,-1.4266532243763566,0.5462136007440532,-1.3649814014100048,-0.9145187342222878,-0.7462015870645458,-1.0954100956530386,-1.744320294423409,2,2.219003167204849
South Florida,2016,0.3940313959440299,-1.0669281947876557,0.3903171711926744,0.41085260719279715,-0.6313710299249331,-0.3546592897910501,1.4087651879710252,-0.43067003553060956,1.1525427578803793,-0.010343364592809996,1,2.27099717261011
Southeast Missouri State,2016,-2.2607018102847647,-0.13692536625986296,2.218255749549127,0.5808637214257399,-0.7199604332718864,0.9820800752813228,-0.3196828564406734,-0.024328569269496607,-1.2291173285769592,1.1342442238305805,2,3.042319055353014
Southern Illinois,2016,-0.05488031881817839,-0.29205987891005664,0.2595106712548824,-1.1756565614549759,0.4913122833752326,1.3563528122826187,-0.5318365103672991,-0.24937922750642214,-1.2207606265192144,0.9258413627805184,0,2.399696763218431
Southern,2016,-1.8544598337255926,-1.3813289528732418,2.7235305216093435,-1.4125205293920446,1.7494979804423771,0.2763902581872774,0.7008030738392969,1.2884669371125606,-0.27645329399402335,0.020591435094309114,2,3.402649551716987
Southern Miss,2016,-3.524789158740441,3.277125711724317,0.972315226746729,1.024430301450681,1.0763569291872495,-0.2709717153279742,-1.8163955541846293,-0.8432629089649718,-0.8145320542677187,0.21307463314749128,3,3.7980172788644264
Southern Utah,2016,1.5019704077501663,-0.8494657745175019,-0.8039159889812612,-1.4738480418218494,1.6222615227505652,0.317103132250396,-1.391193083234642,-0.04099898839816026,-0.19706462444544565,-0.06190136407134148,0,2.131164568916202
St. Bonaventure,2016,0.5648929106336449,0.7752306103415478,-1.0820977247203627,0.1684999394260069,0.5622920986327986,-0.7435743762360986,0.5759278218445105,0.37576148981836704,0.8266313776283231,-0.962809565485674,0,1.541551917124779
St. Francis (PA),2016,1.1313102582364893,-0.04412165907974241,-1.0298362714384952,-0.6834714129017578,-0.6624872114485021,-0.6792908908732803,0.43493963410846215,-0.49285508583291876,0.367012764452345,-0.9302466184466018,0,1.4977328235987524
St. John's,2016,-0.3042771126824678,-0.4875323773216763,0.6326967524943256,0.8048696248196306,1.2261906643316556,2.7920173187188833,0.09253974960662995,2.109704426819231,1.536951052536652,2.391173979538771,4,2.661375039551682
Stanford,2016,-0.42990489851515573,0.46509311236056183,0.07201015364545275,0.7447889846014396,1.8131161399544073,0.07068310502626107,-0.14915428651231036,0.20796056043118735,-0.802925523631962,-0.05104704839165041,1,1.872365461348264
Stephen F. Austin,2016,1.0961261428880493,-0.7532039601319076,-0.4917656182877426,1.6949188725347333,0.1708595353013524,2.5348833772676116,-0.04844843812941845,-0.298732442032063,-0.802925523631962,1.6422261976401082,1,2.1447169497331355
Stetson,2016,1.683623897183053,-0.31889505718950356,-1.352236912213841,-0.12276122308382532,-0.9534892192918923,-1.1704826508250685,-0.2529587763839064,0.5392598312725443,0.07774230860732398,-0.5219573594182341,0,1.6883139762944475
Stony Brook,2016,1.133264624536396,-0.8636248108685257,-0.44795406193040027,0.1279814908874575,-1.2284811417665333,-0.4745360856435641,0.09701556509031416,-0.9092499846825877,-0.28527425727719863,-0.6118533585090059,0,1.268656353581541
Syracuse,2016,-0.304641857167102,1.5970617103866425,-0.8517754148597979,2.157863269306532,-1.1351091549928978,0.15231292770920402,1.050683964221001,-0.7613992436010122,-0.1781625602672129,1.4111843353152622,1,2.444861382735679
TCU,2016,0.19277765606743472,-0.6285942488922113,0.26689351024788094,1.2842980461170335,1.2395018227702834,1.3145685467967863,-0.23676837460542516,0.5445494834960594,1.8670407838175813,1.3507878216404112,4,1.4106623290662597
Temple,2016,-0.9643344865229888,-0.23048152053617438,1.068793398424477,-0.005859993051693006,-2.6650677995820438,-1.413194015432118,0.43292551714080507,-0.8495143161382211,0.23957305807173304,-1.0002569545806073,2,2.5637341672360594
Tennessee State,2016,-0.03532975944649302,-0.08634837414344347,0.09464646216397819,-1.3703394785662255,1.6867780800519876,1.263078735481667,-0.30317499580379165,0.2176376613185691,-1.1076993633850167,0.5082694536912381,0,2.8066121472548478
Tennessee Tech,2016,-0.0012964432513106541,0.8753257922471556,-0.6222607371274764,0.4453812575648381,1.1897373984322215,-0.9042830896431434,-0.03586020708155663,0.05928400167269252,-1.338276749206254,-0.6290393583351834,0,1.3844070215286255
Tennessee,2016,-0.899617096946713,0.5998030006854741,0.416688177367893,0.24009585750679924,-0.10227364889316558,-0.19665456426037886,1.7613795228088374,0.9473187170867472,0.5779200068621013,-0.562750501862786,1,1.6152920130755777
Texas,2016,0.17912623947024478,-0.7128697916945667,0.3397274454544845,-1.2192159164581267,0.1245410663658719,-1.6006875144070032,-0.3908483226312507,-0.5060159430397568,-0.17617286930108314,-1.6140685062671207,2,2.023912720253768
Texas Southern,2016,-0.00336518781433592,-1.1241250153166524,0.8038484042803031,-0.8024891743464837,-0.6892347647891314,-1.189273208084969,4.144943088534196,1.0009022071431561,1.4700974360746915,-0.35062616115111583,4,3.749078687575072
Texas State,2016,0.20397616623517606,-0.9145180121084954,0.46004610531331647,-0.31163685051837914,-0.17870362527236003,-0.6037833048915586,-0.297815300791817,-1.4937069410386228,-1.1232657691788557,-0.6216739298382499,2,1.5765329764909681
Texas Tech,2016,0.49164456341730395,-0.47678173433189686,-0.12160153139026417,-0.12249067057459086,0.0996859161350317,-0.37930129251346373,0.29395144637241377,-0.4369214427038589,0.7012808467621473,0.7630266275851568,1,1.5466804644546777
The Citadel,2016,0.14294143389736516,1.8585376639955202,-1.4578898657582902,-0.2671062402076974,0.17070008862272784,1.3992084691911637,1.9052450204986815,3.093478503030344,0.7848478673395973,1.4468485154056745,1,2.7018386356399993
Toledo,2016,-0.9598983891697012,0.6964600183212968,0.4043902054348843,0.6920539008717693,-1.2665898927803252,0.06264766935590861,-1.3752479905740171,-1.120669102277847,-1.2886588307383928,0.33767313188727505,3,1.166370331509531
Towson,2016,-0.31465140483077353,-0.6359320053209891,0.7481307647208422,-0.3997036543804327,1.5935826375859092,-0.529296091693372,0.49536314313819757,-0.005903369179925483,0.8684148879170481,-0.44180241286051797,2,1.3816192819591555
Troy,2016,1.067070753500133,0.17646277670878305,-1.1266921110580324,-0.6750170471705831,0.3079424653871298,-0.7221465477818267,0.5960689915210895,0.1289954171901591,-0.4268739310334347,-0.8976836714075297,0,0.6817970910947795
Tulane,2016,0.22824716868351538,-0.8442704618532848,0.387241970348519,-1.4862129972623754,-0.7169387005195768,0.3267966736939962,0.631555814284585,0.4769747488138074,0.9181571620702927,0.9987203394870137,4,1.6971982267665646
Tulsa,2016,-0.3635582619302688,0.649155503245368,-0.1213324459026723,0.44034935050459895,-0.9602118874780551,-0.12216735106219222,0.636351330874246,-0.24937922750642214,-0.34330691045598394,-0.18129883654793996,3,1.585035310207859
UAB,2016,0.5165041760879159,-0.2236614923060796,-0.3252143620651149,0.9072910684921872,-1.555561127916035,0.13615702530320561,0.7135591479677958,0.33755844598185375,1.9640713799325096,0.3505626317569082,1,2.2359166424450265
UAlbany,2016,1.2508734602185985,0.7111473663132857,-1.6799594073513113,-0.6875032385209638,-0.48939539772576707,0.1678225940189632,-0.5748043390106663,-0.5286087479114929,-1.7054493458684274,0.2680698325912576,0,1.6775832907561334
UC Davis,2016,-1.3275389611344917,-0.864304026756265,1.8609684325031002,0.41685121302778455,-1.271271353229423,1.1313606135127556,-1.0164834057099652,-1.2183473393598454,-1.2886588307383928,0.9563691256296485,2,2.1935296340241517
UC Irvine,2016,-1.103986807440146,-0.5634452543353495,1.4369622585011497,1.6823329079878702,0.0012632501422131432,-0.24569247979858802,-0.7083679387090737,-0.23834733249480758,0.7602693318756418,-0.7291225337935088,2,1.5283384632784645
UC Riverside,2016,-0.7318088490217036,0.21068121456020084,0.5364336662240998,0.26366124056989176,0.589875051117702,-0.07645465035974382,-1.1870958971786474,-0.8453467113560561,-0.8586368706835952,-0.22688696240264047,3,1.7941807644707377
UC Santa Barbara,2016,-1.2709438291920143,0.7511779733379297,0.657202236646272,1.5014873793982568,-0.8684225180318687,-0.19779498090080233,-0.14559996245173665,-0.5950452712036568,-0.8275040590959176,-0.4379714779147447,3,1.6276911794262021
UCF,2016,0.09066102471880659,0.4676736192229476,-0.41816207883011325,0.32143282153354447,-1.5742844700837224,-0.2935899786963737,0.535645482491354,-0.5751104433756548,0.5759303158959715,0.11176768680371126,1,1.987425364189258
UCLA,2016,-0.49309834131725006,-0.6943547578779105,0.957142200882695,0.7565190741729236,-0.9751683370684205,-0.46501260633055524,0.8780453669931862,0.9548392069192231,0.367012764452345,-0.2464247306260842,2,1.8418934070230208
UConn,2016,-0.9310362219759676,-0.36282594130850737,1.1318231150391238,0.3853515939216066,-1.3449702549529865,-0.7201058022147525,-0.060916781262537766,-0.6750702873990159,1.7876521142690036,-0.3859802179363942,2,2.0895293434783584
UIC,2016,0.36906836574773305,-2.022820759974636,1.0945975688924905,0.10946815480133558,1.0900320521798372,0.7468501362499753,1.5852242134152703,2.591538032336232,2.978482157497673,0.8661426265422186,4,3.017636531961643
UL Monroe,2016,-0.5598623717047897,0.3631375437541999,0.2665419818949726,-0.1611761370224261,-0.9858393187497057,-0.9227889414900158,-0.04020886871627253,-0.8972523345521134,-0.5940079721883356,-1.2336740794925025,3,1.2110405377521805
UMBC,2016,2.46604785589161,-0.17081383536809977,-2.191691014791866,0.06723573111012394,1.1290125519780287,0.664359999259343,-1.5637752626202246,0.09996411452801741,-1.8081876241077632,1.7092675591911397,0,3.353001854779382
UMass Lowell,2016,2.1120917134618464,-0.07152988366961507,-1.930368631717712,-0.6363106139473558,0.004402838146159289,2.556311205721885,0.011975070900316964,0.954016653343797,-1.139805075334809,2.735120107638972,4,3.6057278786262463
UNC Asheville,2016,0.9226467450360385,-0.627723497787935,-0.41840469821293874,-2.1896594007268897,-0.10329968780208988,2.168569547977904,0.9413461859767175,0.5900954500440101,-0.8208327423271297,3.679736312370632,4,2.0393510952462655
UNC Greensboro,2016,-1.4955210876302238,2.082328499187229,-0.08027726567978424,0.8737857557900379,-0.03257844878465608,-0.486440434784827,-0.713107037456504,-0.40401929968676376,-0.9282760544981379,-0.5394912539777343,3,1.3923299194074967
UNC Wilmington,2016,-0.7559218220016057,-1.2774628748334638,1.6190286660815032,-1.2852522532374375,1.7399973254534913,0.13496659038907932,0.6766336702274025,0.6323982053517018,0.8684148879170481,-0.0184841013525783,2,2.563689800787276
UNLV,2016,0.23750979874162745,0.4151383465805293,-0.5184986434336055,-0.3743955911723732,0.5569303512244291,1.362066899870424,0.5477301842973006,2.151161127020767,1.1525427578803793,1.422969020910355,4,1.2597280360417855
USC,2016,0.7047247012177249,-0.8477811864825092,-0.057233018557661594,-0.24727688001141626,-0.8302315012243171,-0.4971543490119636,0.9304124081522893,1.3134725658055508,2.025818122914738,-0.13408256334128424,4,2.831461594963953
UT Arlington,2016,-0.3983221013781683,2.039921466455752,-1.0793356169291244,1.5627488027467713,0.5988230966821423,0.9463020950440381,1.09044315630983,1.7624372627933542,0.27205024106887865,0.7067815372449405,1,1.9717896478577321
UT Martin,2016,-1.4615118363523687,1.6299938539759045,0.21000806970096328,0.5819215960517999,-0.7429322909276083,-0.5423908757487612,-0.03054517619468163,-0.7738028292622191,-1.8730476482487581,-0.3712493609425282,3,1.3726973033662715
UT Rio Grande Valley,2016,0.8168316211248061,-0.5197873028487924,-0.396022074421457,2.153938142132141,-2.098463869149599,-1.3986537032667192,0.36732285019423444,-1.008478669972239,-0.6507141647230339,-0.7395207857891789,3,1.873872096584289
UTEP,2016,-0.2689410319801743,0.056089263998523736,0.21233783421941968,0.9144945677598078,0.6156135760121489,0.41888531740819096,-0.31330481937642396,0.8696226565049491,0.001407049425999271,-0.2887565617768776,1,0.9873290767180127
UTSA,2016,0.1987986939018371,0.3999823676020865,-0.47138910500557607,0.3027512453404524,1.376537481629501,0.3706727033860776,-0.8339540555159735,0.9482587783158041,0.6177138261846966,0.30714536903814504,1,1.1814685335575557
Utah State,2016,0.11636803562562133,1.1171111126197393,-0.9048586251289266,0.6241085710958061,-0.3919568346210616,-0.7210751563591128,-0.0836954850634302,-0.6619721009407844,-0.9909513199312254,-0.13408256334128424,3,1.1688446761712745
Utah,2016,0.7307877575147932,-0.5477022115457308,-0.2954225380006643,-0.5957391340226772,-1.92555869885062,-0.8364282995379463,-0.17025455950681986,-0.8655893631551413,0.8425489053573609,0.2032540618182473,0,2.0568079494244116
Utah Valley,2016,0.9314809806740129,0.07697250370594727,-0.9286326970234537,0.6220420710788896,-0.047611025852059195,-0.5378672230750822,-0.47275574598266834,0.7550135249954055,-0.5410821924892837,-0.43311896031676533,0,0.7512920774910453
VCU,2016,0.7020268789222239,-1.2574997726929678,0.23713204947745778,-0.2976586432358528,-0.7862996605977289,0.09415167904760711,0.26709655347030986,0.1822655535035527,0.8047447770008954,0.9987203394870137,4,1.842350750268512
VMI,2016,-0.9898098178278414,2.0108275224144325,-0.5037478493489879,-1.1437426251736722,-0.42690653719132526,0.7349457871087124,0.13282208895978645,-0.08815872672266147,0.367012764452345,0.9258413627805184,1,1.1194690930235092
Valparaiso,2016,0.08204440914482274,-0.07205262521727893,-0.02564285671941056,-0.13230906944769188,0.31325363672844897,0.43495618874889586,1.2808687605247526,0.7837480632303356,0.9101983982057732,-0.3115506247042284,1,1.4551395089480907
Vanderbilt,2016,-0.6198856985619204,-0.10232087584424686,0.6543855065609215,0.2703341721551694,0.1676422946753288,-1.5149762005899132,0.23352793734267835,0.7442654916098215,1.9547861554239052,-1.4186908240326868,2,2.0790847746825567
Vermont,2016,1.668719335760414,-0.8924451712345755,-0.9297270130441606,-0.2270085742315404,-0.09472294711710888,-0.2257351885911766,-1.1998519713071478,-0.5480575702282654,0.5527172546244575,0.38493463140926215,0,0.879317931287131
Villanova,2016,-0.8105617448283782,1.0501534018418854,0.012371332026164751,2.003876310176272,-0.38556528858026745,0.21047417637080093,-1.1542945637053628,-0.6036256339904705,-0.8208327423271297,0.38002434574464017,3,1.8997184195204686
Virginia,2016,-0.5705449021550065,-0.8517455205295702,1.1418997909018607,0.5514263764407533,-0.9146564679801387,-1.5149762005899132,-1.7622788760637218,-2.8408716556891838,-0.9187798021597909,-0.4181202695593738,3,2.1472921930472997
Virginia Tech,2016,0.9023625208396546,-0.28460190370432903,-0.6437749982494964,-0.17184666798277698,1.503561602186115,-0.3546592897910501,-0.5046459313039183,0.2413562355935388,1.5891804403975587,-0.6909089577094205,0,1.5090298033694238
Wagner,2016,2.740952962747477,-1.4077844182283776,-1.5685056996945346,0.10941451380233409,0.30321604155302806,0.47995462850286735,1.1408876312725333,0.06631683474259711,0.9937654187832239,-0.07221296396704713,4,2.7546234501506768
Wake Forest,2016,1.1444456820077613,-0.472089894638977,-0.7373252496446007,-0.030793613749495675,0.6811567524465096,0.13496659038907932,1.0391747244058136,1.3825670661414486,1.1608994599381255,1.6422261976401082,4,1.2474122628408943
Washington,2016,0.6689029973788975,-1.147490376218165,0.18984753445265273,-0.742149150888553,1.5134662274777024,1.7624101614910845,1.8679838565970128,3.667127366533381,2.8990934879490955,1.1342442238305805,4,3.1147857974799957
Washington State,2016,0.3505087636023475,-1.6124524127037068,0.8197109236326403,-0.29064530423920304,-0.4045978583649002,-0.8292856900531885,-1.0957892613114926,0.1092541313799056,0.24166223358616923,-0.7999948302903134,2,1.2791735812099603
Weber State,2016,0.24074047942464397,-0.9049726172628476,0.4187591255124264,-1.4978859320887599,0.31635928206330227,-0.23542873003477682,-1.336524194112501,-0.4101296976756526,-1.6147194378129093,-0.41544193192412615,0,2.411265246797454
West Virginia,2016,0.7274161118089169,-0.6521067678867014,-0.2178943936084935,0.24137283280591193,3.1435430961545974,2.071634133541909,1.105352853343142,1.7570247890502808,0.27548698001037536,2.4423443248858843,4,2.7782215932736807
Western Carolina,2016,-0.01873681537889945,0.5139217247840145,-0.3484793868996161,-0.23022735524616605,0.9721212789299706,1.7827665985226437,0.4903278507190528,0.707086070000506,0.1998787232974442,1.9385490156956666,4,1.919157590514169
Western Illinois,2016,-0.4287166513707466,-1.3853670717389621,1.3889409492284461,-0.7761375729296078,0.3443469393885735,-0.31903552498582244,-1.8775184093836899,-0.6166493989347358,-1.1894229938026704,0.8790321264118518,2,2.058522372898719
Western Kentucky,2016,-0.6329966380577693,-0.7793202145288038,1.14889763540783,-0.9275126562056619,-0.25102896496033966,-0.06966917134922454,0.24158440521331073,-0.039957087202616336,-0.3558419635426017,-0.3815609608382338,2,0.5729505216115229
Western Michigan,2016,-0.21038464003384905,-0.28514909845265235,0.400464265632738,-0.5188819601440302,1.0846416822825145,-0.24835345195957612,-0.24314641166967596,0.28199038221964867,0.1116690904656912,-0.4056213605948822,2,1.3318215010211016
Wichita State,2016,-0.8088182371813667,0.6377280915654778,0.3044980076596829,0.2682489725551167,0.4258448114436131,-0.12216735106219222,-0.5318365103672991,-0.6178832292978766,-0.46865744132215975,-0.2464247306260842,3,1.497761966232741
Winthrop,2016,-0.4661663326136397,0.2198134555285045,0.28073415166974475,-2.143369037882683,-0.5955026881458518,-0.400729120967737,0.07239857993005237,0.3724712755166593,1.411600521670477,-0.0184841013525783,2,1.5714151872486273
Wisconsin,2016,-1.2162038165184421,-0.6626813054671511,1.6129149965108003,-0.8186384443804303,0.051554485035560614,-0.6578630624190085,-0.9950834129286007,-1.5819160196987365,-0.6775749927657863,-0.2789876776651563,2,1.6434101844938
Wofford,2016,-0.40819932506815354,-0.08873343550116766,0.44612799894074845,0.3848240498821522,0.574958028120407,-0.036456037245102185,-1.236777449047541,-1.035740445614972,-1.7221627499839176,0.2094565279209276,3,2.1888041089908583
Wright State,2016,-0.896875662247246,0.10034169580100435,0.7698726979964072,0.26666369462574163,0.8161475135902424,-0.25287710463325513,-2.5519958289281073,-1.0651878636152727,-1.3482003328998264,-0.876517755832133,3,2.385616122787856
Wyoming,2016,-2.637655111514627,2.926065641463984,0.3901626167530037,-0.4131469953841347,1.2887155087060147,-1.5149762005899132,-1.9618595574043614,-1.0324502313132642,-1.2207606265192144,-1.8420091355406265,3,2.6757486680872353
Xavier,2016,-0.9041204633350728,0.6225534003714128,0.40470805920472164,1.6180222069111287,0.11787395801575332,0.6428061247553402,1.1026194088870354,1.6322943316411946,-0.27645329399402335,0.9177006260207502,1,1.5948112535833157
Yale,2016,0.26826246747955257,-0.769550156967812,0.29648252128193303,-0.0367820379345558,0.5592879241163992,0.11353876193480608,-0.452710486637884,-0.40566440683761945,0.596822071040334,0.05594549187958747,2,1.538372622974358
Youngstown State,2016,-0.731586891801618,-0.5136133121082428,1.0521258361535266,-0.04295487645467253,-1.2640785230205047,-0.723336982695953,0.16079593573281273,1.0807812988013232,-0.19706462444544565,0.006842635233367532,2,0.9965038578315276
Hartford,2016,0.06732131967318175,1.82450272526366,-1.3627095003969458,0.5064730868205686,-0.3544019263631297,-0.4971543490119636,-0.28566665876467456,-0.07572902824953665,-1.6084187497534985,-0.4056213605948822,3,1.7137329682549234
St. Francis Brooklyn,2016,2.099131664411093,-0.4702921082620615,-1.634180735753389,-0.6056067806308454,-0.46684419276563566,0.3921005318403508,0.7169160095805589,-0.20002601298078126,1.2862499908043006,0.2420194749599997,0,2.4994289604971494
Savannah State,2016,1.0214779221970964,0.3831009118145533,-1.2311064145628505,-0.890110946107946,1.7349139464418242,1.6063441442491324,-0.5748043390106663,-0.3368989279318912,-0.27645329399402335,-0.06190136407134148,0,2.0510876939717173
Abilene Christian,2017,-0.987888326808165,0.03424331440740411,0.9141857631436822,1.303642177023442,1.1387835086351374,1.640627877613468,-0.7020120507498526,-0.3780019378494058,-0.5975551375209375,0.34994832754306443,1,2.4982735402280416
Air Force,2017,-2.036150460137726,2.1688810647280308,0.4105239411746225,2.8045363956851146,-0.22878512172443471,-0.27563244102734596,-0.9861156087801909,-0.3287963330800424,-1.2360943104060351,0.791929621145859,3,3.379463893449963
Akron,2017,1.8238827136864484,0.9668688522479455,-2.411281473710391,-0.6853929445635799,0.1041339970176407,-1.4431776527961613,-0.6160936360229365,-0.5038077571356175,-1.3585209939291172,-0.41895301380725053,0,2.30051651079972
Alabama,2017,-0.5782916900625791,-0.5778883031206655,0.9550991633317826,-1.5318725603341625,1.7964831824252987,0.47721091956675415,1.0578152883551197,0.9755260960799138,0.27577806706949237,0.10295366523847259,4,1.9773500073852164
Alabama State,2017,0.6970570714621492,-0.9279576313588336,-0.010282378193917427,-1.6266054509932912,-0.03410466024854248,1.179014052323965,2.6751544374494856,0.39497972572606715,-0.09344526419059794,0.3572538034703833,4,0.9198559519407725
Alcorn State,2017,0.8422224947851628,-0.719977714775377,-0.294223863747409,0.5874482522152944,0.29561379361988704,0.604811489158974,1.7037035616038145,0.3583372540893061,-0.4535237451408409,0.7882768831821995,4,1.1593765394508604
American University,2017,1.3107361522638452,-1.074477128151892,-0.490211162190586,0.18306235880088537,0.31734170514982674,0.5040741973756421,-2.425203835237769,-1.9421487471659666,-1.403625561542885,1.128558261902054,0,2.047550763010901
App State,2017,1.4536663536759824,-0.08881671778399589,-1.3182243775843958,-0.5909488905880382,1.3512862191049024,-0.12049701168101497,-0.21122194837995678,0.7056601306061717,-0.37266401608534755,-0.3421493918871481,0,1.37281010876061
Arizona State,2017,0.028377865694981144,1.5710526509844973,-1.1303616351921772,1.2694815208363717,-1.2092755940924664,-1.24875467965433,-0.3752206066657211,-0.18110605015714,0.3146436808863438,-1.1265268072413877,3,1.973480049411984
Arizona,2017,-0.045029932839017184,-0.49250426911294365,0.38867117850263433,0.5925661147231355,-0.03298107340445373,-1.3091970547243297,-0.6485517038086602,-0.6997245006102634,-0.19060929873272658,-1.4051052940437865,2,1.4240372757373325
Arkansas,2017,-0.5414551300334515,-0.6881633408024787,0.9975643986362156,-0.8968911659596225,0.8827816700433014,-0.6241834705976732,0.9982681564775511,0.7431291241595488,0.9160379157365734,-0.015325468822880725,2,1.8174697374674433
Arkansas State,2017,1.3746430011680275,-0.7362579613810152,-0.788450186408557,-0.47458468569094964,1.0429994018934239,-0.8659529708776694,0.05527587133440868,-0.06557665336755222,-0.029010167599502222,-1.7801746533699225,0,1.439614446588214
Arkansas-Pine Bluff,2017,-0.29884929781204983,-0.365873578933405,0.540795794530585,-1.24154542907983,2.1264455967078955,3.6324250040289257,0.8622238149450427,0.7913846461601144,-0.20474224921158232,4.218529898146031,4,3.9398220365456065
Army,2017,0.36593613613655057,1.0144522407080467,-1.0600322638362458,1.5246400705338305,-1.0183412106082776,0.8153524289861376,-1.2392885375088396,-0.08556011659602378,-1.3177120994214233,0.7298330757636473,3,2.4880448692388812
Auburn,2017,-0.007314250091581682,0.8391629359328393,-0.5824294373066796,-0.549580603769371,1.8055401042011623,0.7324120587511938,1.5585969056205766,2.2934087324306183,1.0401351388009072,1.1231111965176492,4,1.1408528824953894
Austin Peay,2017,-0.5061497292310253,0.24175782496659057,0.3109144546433314,-2.092799216268985,0.2022143578628283,-0.13686682159580618,0.18724354167373453,0.27632791280703267,-1.3177120994214233,-0.7915322861005146,2,1.6947107181724155
BYU,2017,-2.1827498618124457,-0.30945976943589726,2.2903882088866045,0.577346664725023,0.47864601249973304,-0.5435936371710082,-0.23172178066567783,0.9429637564442407,1.2596917642224188,0.050039315789972304,2,2.4148772495758175
Ball State,2017,0.6213759863953678,0.38097098401856666,-0.8577154756895311,0.05575920278970737,0.39553327324815474,0.44363182230564263,-0.12922261923707531,0.9335965080558939,0.013946563461228988,0.7036871619185059,1,1.3337783139112633
Baylor,2017,-0.3052145222920522,-0.6843826367015424,0.7705421299008411,1.604930894132473,-0.6755201239057821,-0.4630038037443432,1.4082648021919597,-0.608877059891554,0.9160379157365734,-1.0611620226285348,2,2.19795608059776
Belmont,2017,-0.160180816798619,1.620405941604919,-0.9859427806980985,-0.14481403196802822,-0.9614032062913181,-0.6392940643651733,-1.51680501707678,-1.4255840287503678,-1.2667009812868055,-1.878221830289202,3,1.7985302220602524
Bethune-Cookman,2017,0.8536271344009962,0.3748290004929486,-1.073979717470516,1.404272639362753,-1.0990953290395988,0.8281124859453589,2.3051324646922313,0.6570024792556027,0.24662885670685378,0.657387106151069,1,1.8024944492813797
Binghamton,2017,-0.24207618371774747,0.9212958716894618,-0.4171519420964337,0.24897021998927546,-0.903562144778234,-1.357047268321412,-0.9569033477730395,-1.5442358416694024,-1.1136676268829524,-0.7527219452366329,3,0.9566461627836333
Boise State,2017,-0.8572935007955224,-0.09844331056419514,0.8833456202894281,-0.6057540318452389,1.7483254195435565,-0.9062478875910019,-0.49821960038004326,0.6244773112405143,0.7871677225543813,-0.897750061096401,2,0.7689909768027992
Boston College,2017,-0.10060304192431674,-0.07154590348043544,0.14579605089551714,0.6666084474036087,-0.4734737246079526,-0.24138176182101245,-1.60521054380895,-0.5620408179498303,-0.8881447888141163,0.4749104157735192,3,1.2146471154546097
Boston University,2017,-0.6609666790283083,1.613359278778125,-0.5053777394642137,1.0593798840445545,0.04436353724741373,1.9446174698772865,-0.6745181580372394,0.11911426068931337,-0.4607253147598457,2.6237777099210744,1,2.7519239574708805
Bowling Green,2017,1.1733154609522092,-0.07789254822281834,-1.0596366399805968,-1.6568028911641037,-0.2339976898087868,0.7861386143689708,0.30127385876305446,0.8243119435252062,0.18577348770415164,0.76905194653136,0,1.7900179271334904
Bradley,2017,-2.3454113822689937,0.5215708860002821,1.8612097545851698,0.7745214169959481,1.6437876063252197,1.2364343086404637,-0.5187194326657644,0.20810312037858922,-0.011827475175209882,1.2887019842035439,1,3.5382625406490336
Brown,2017,0.9574914039114769,1.5576140349813146,-2.0033386164298226,0.596803281540925,0.6909131146873473,0.8992743420640978,-1.6572485796111631,-0.16861638563934656,-0.25040255075865264,0.8444728518538832,0,2.7066888986669326
Bryant,2017,0.7313900409240821,0.008645035600499448,-0.7007014387123859,-0.5313402372638439,0.007169365178584871,0.9271708228656352,0.8547693304775078,1.1178190596933424,-0.4585774782068092,1.0958758695956263,4,1.472618912178797
Bucknell,2017,0.6568896024333718,-0.3850456513909464,-0.35344150875232444,0.517848648481706,-0.08462693365091387,0.5865828363600855,-0.7412890403393015,0.054562024375027635,0.003718770351530701,1.433593923428703,1,1.1466822532320786
Buffalo,2017,1.6775656167768767,-0.24983945532416976,-1.4177778599855164,-0.9765966574065935,1.2058377969101468,0.42348436394897704,1.4902641313348426,1.870321346890376,0.5294273361899977,0.3114984542413866,4,1.7965663635674618
Butler,2017,-1.024291501756895,0.5249325711206665,0.6041295414190577,-1.5250062750080662,0.34550719691492815,-0.9868377210176683,-0.8467167492372916,-0.6588357179627246,-0.9740582509355772,-0.5055613534192807,2,1.7748147422515699
Cal Poly,2017,-0.6878911913781114,-1.0945364781190992,1.4220517680585236,-1.3956440544647837,0.5144143504006663,-1.245396769928219,-0.29151295816569617,-0.4306391391688821,0.7907474501427757,-1.619486224529991,2,1.7378805175654815
Cal State Bakersfield,2017,1.333967685611772,-0.1896351130313486,-1.133733279366762,1.30086608333095,1.7730610486092022,2.2795689650568645,1.0149242702096988,1.3256548833097437,0.9267770985017565,1.420657143140742,4,2.3957639245493083
Cal State Fullerton,2017,0.2335867448373554,-1.0648358526394208,0.5260282853361812,-1.3652300335630758,0.7838551498661936,1.4554819531071086,0.1953580586201651,0.24336907588507942,0.178614032527363,1.433593923428703,4,1.41206478656453
Cal State Northridge,2017,1.3593222067638526,-2.6386277993176996,0.5622073074994782,-1.0289017145391974,1.640630147298677,0.07845913959106549,-0.3239710259514198,1.0920591266253945,-0.9096231543444815,0.17872623549652775,4,2.8202056353303426
California,2017,-0.1513670682412757,-0.8235011501862823,0.7221354176787264,0.12786682355614792,-0.285551844654623,-0.9081666931487803,0.09334698843646187,-0.43417044312480496,1.2862840263076332,-1.3163959434977714,2,1.5365529518234469
Campbell,2017,-0.17537673361598982,0.5296703529704246,-0.20544551004335124,-1.244268368005953,0.47736569041536225,-0.7805661235565605,-1.7613997421763434,-1.631988744974106,-0.3460717540001332,0.221232799299827,0,1.8384037307634429
Canisius,2017,1.4886434357810838,0.19881399119512588,-1.553457472649983,0.6563061658794623,-0.509741969610871,0.9693845451367461,0.11189445574258985,0.09128758551663531,-1.5120401685056812,0.576070201483888,0,1.958771256960191
Central Arkansas,2017,-0.6224116199738131,0.348765239684474,0.34617753545715096,1.5624442689293132,-0.08186896284912433,-0.7249207623810051,1.1417669824775942,0.7368842919006521,-1.3177120994214233,-0.7343380995642673,1,1.6077177299150727
Central Connecticut,2017,1.9226430958770542,-1.095912442831281,-1.0563082597535456,-0.4917228465969442,0.24980830249413927,0.26454330357971984,0.9310742617632445,-0.36966529086326755,-0.18413169642991803,-0.015325468822880725,0,1.647590796028968
Central Michigan,2017,-0.6880977172406263,2.366812507359723,-1.008789209366545,-1.6481875700290831,-0.1362565632764096,-0.7732746624370052,1.7663285394492114,2.319116625229743,-0.44712234992394767,-0.5948932257235141,1,1.1038888100372666
Charleston,2017,-0.10227308038788811,0.2055816463487049,-0.04725507337029337,-1.4700913061521028,0.40862215680031555,-1.746684721897656,-1.3162605268292704,-1.1799818386158778,-0.11287807109902367,-1.6712333456818327,3,2.6264228568368932
Charleston Southern,2017,-1.1314630882015315,-0.1797133465742023,1.2008142299582008,-1.32255942870496,0.551353048848856,-1.18159648513211,-0.3456097378085698,-0.07962752595007071,-0.5015342092675397,-1.498742941842359,2,1.2371343297010369
Charlotte,2017,-0.7190488413810249,-1.3045797203181508,1.5991647684992003,-1.8553055969582455,-0.30693528405436543,-0.7249207623810051,-1.0517150720944966,0.4714789208975495,0.013946563461228988,-0.3748317841935746,2,1.4621649256258547
Chattanooga,2017,0.9606310615938484,-0.49397438573512065,-0.5654118456312909,-0.5521700290253135,0.2525165565580966,0.24327654198101722,-0.36724844966571846,-0.7816507523876901,1.1308215710402274,0.7436323080708053,0,1.1819715362627141
Chicago State,2017,0.18971777001017834,0.9241791901521709,-0.829268596748194,1.244075552282395,-0.6200979487048561,0.808972400506527,0.31220710264877205,0.5749349753199376,-0.5559460686111317,0.8126284696065957,1,1.2910856142703284
Cincinnati,2017,-1.6759841082682922,0.42025125210656666,1.296589149214099,1.3864438126908536,-0.6970704632466758,-0.7258801651598936,0.6312235403141747,-1.0500298530378869,1.0142247295896722,-0.7841398402216795,2,2.5674747592864424
Clemson,2017,0.05417805617518105,-0.484712476209624,0.28897700205425714,-1.0412101704223216,-1.4760305435156558,-0.9455354313865022,-0.05132325655133778,-1.005111666718541,-0.134254158698292,-0.35685646842504004,2,1.6683179809841628
Cleveland State,2017,-0.2583217627888724,0.06453838562750744,0.20001050773694978,0.1506823762413478,0.1893294911795113,0.7055487809423059,0.0962755359058494,0.003116501480308414,0.013946563461228988,0.08272170809639882,1,1.1599641887040377
Coastal Carolina,2017,-0.3688961802370358,2.3701889375102922,-1.314318777370065,-0.7093452879851511,-0.627750317377603,-1.022095773141834,0.5134471229202611,0.012327629062181678,-0.7463875763137047,-1.257256376467095,3,1.2096671601335522
Colgate,2017,0.5988978187187659,1.4072683831986836,-1.5571748033555326,0.8478922209050186,0.5330872455989429,0.4033369055923101,-2.3842041706663273,-1.5018880729137591,-0.9311015198748467,0.21345127732210598,3,2.7207038884762427
Colorado,2017,0.3674578033440023,0.26443335434789556,-0.5347106428399002,0.11321786831033309,-0.27450042621421444,-0.5053134662933415,0.4160729195630888,0.06868724019872237,1.3348660435786983,-0.6673391953360936,1,2.036528292150485
Colorado State,2017,-1.0740584575010004,0.7774713786700781,0.4740275483906929,-1.5825229787114736,-0.48465807702134367,-1.9107425970876541,0.16753685766097381,-0.34376906185316,-0.6958622783517977,-0.5771513556143112,2,1.4337764701880595
Columbia,2017,-0.2895354865253139,1.5260224833496843,-0.7968005015375471,2.630864103726511,-1.554923073267244,0.9055842603406355,0.6497710076203027,-0.21522959785753817,0.7810310466885628,0.8274133613642649,1,2.73470152994357
Coppin State,2017,0.07863358237317944,1.1159855970665726,-0.8584805423596008,0.8348747902486413,-0.8206357350772612,0.7324120587511938,1.688429176763474,1.215654765082721,0.3146436808863438,0.19166301578448866,1,1.2355652362011125
Cornell,2017,0.9617103812961632,0.6961398870399951,-1.4022994643799382,-0.12167096641906021,-0.717528062734675,0.3860676555723101,-1.5481038681558708,-0.8296764861882543,-0.7930263128939263,1.004832062456295,0,1.7327012252158993
Creighton,2017,-0.3387021073814028,0.1770649071786464,0.19731920331432626,0.040877962791550385,-1.5654777961525275,0.4516908056483102,-0.6939929987086741,-0.4385492600301506,-0.9912409433598696,0.5124951669259101,3,1.1848125301201193
Dartmouth,2017,-0.2546715730672787,0.3825767830863082,-0.02682669038481626,-1.505626286247431,-1.6902327492003986,-0.28839249798656724,-0.940674313880177,-1.1425500166830889,0.04258438416838289,-0.9467736495560414,3,1.6701530333562256
Davidson,2017,0.42436930155659425,0.6268437416363469,-0.8432963239892375,0.800563188245249,-0.9292396099936875,-0.5071363315732311,-1.3904503960537824,-0.5330469538906681,0.003718770351530701,-0.22231395343025012,3,1.2989010963775316
Dayton,2017,-0.5552639110903428,0.5494449052560688,0.14145976599343124,2.0469012554499075,1.1428460049633213,0.3428945305223107,-0.7852172523801312,0.09054415310485923,0.7442109914936509,0.14808649270925295,1,1.0792756210313486
DePaul,2017,-0.6984105852282654,0.14461622850920125,0.5617383424148961,0.65039044269078,0.26316194398466847,0.8264335310823033,-0.6212185940943669,-0.4683683340663794,-0.37266401608534755,0.8344167311442131,1,1.7671330448609368
Delaware,2017,0.6075114927715966,0.7715939469572274,-1.1188971973757316,0.6623299806477502,0.41623470357453396,-1.5580181654291585,-0.9471659274373229,-0.8478980146008182,0.4778792589171207,-0.6362909226449878,0,1.570597392440457
Delaware State,2017,-1.2181527191612629,1.495146570609007,0.10682889893796527,1.1114655580690869,-0.11309179117729437,0.9238129131395241,0.7146871431917514,-0.15378490902446723,-0.2974897367290688,-0.739785164948672,1,1.784154120105104
Denver,2017,-0.12888525174894447,-0.7240963765382676,0.6309678024314496,-0.42698967812842253,-0.2146314529140114,-1.3347171686427735,-1.0120820630087701,-0.5522572474108898,-0.8280053653290934,-0.18091625650877646,2,1.3508688142163874
Detroit Mercy,2017,0.07712104621389922,0.45173794252014116,-0.39051762021251535,0.07681266179380734,1.9084059591603306,1.8338064489156212,0.3422735233344952,1.7610367823596884,0.40055714300780554,1.3246526157406129,4,1.8563918572671683
Drake,2017,-0.9634104075451688,0.8008765980199158,0.352502395438657,-0.266887466583454,-1.1633106734629277,-0.9666902626610013,-0.04722329009419384,0.09366656923430929,0.09986002558268996,0.11540410040282643,3,1.5223238514392459
Drexel,2017,0.11761254602064855,0.4307628921140701,-0.41424240363917963,0.1696848001320997,0.10702617390589342,-0.3622665119610113,0.05527587133440868,0.5932531499460341,0.05690329452195947,0.050039315789972304,1,1.1577809874372356
Duke,2017,0.6467170526474669,-1.1999931250263862,0.2285883849475239,-1.2359324290501084,0.12803840146069964,-1.3961974430826614,0.2956829954124033,-0.07423426172647976,-0.05634626918360291,-1.1443535666812574,2,2.1191987626441646
Duquesne,2017,0.4945120667679924,-0.3618926007453834,-0.2154864867865971,0.8657076087961327,0.7025634275809342,0.009342164395278914,0.4333838890488082,0.3554291214197212,1.2215080032795473,-0.739785164948672,1,1.4233033757761278
East Carolina,2017,-1.1200422354725923,-0.21494892548166056,1.2147146878954678,0.4893368902192344,-0.6505374722315185,-0.6584341498040066,1.0782175023918612,-0.17158268096232307,1.8653816721787229,-0.8846771041738308,2,2.392624530475
East Tennessee State,2017,0.44091594743260487,0.2398326171038443,-0.5871986786735908,-0.9311716643949887,1.3544851138116571,2.09773815338795,-0.4992445919943296,0.8221262522345905,1.5389105161171692,2.841115618758813,4,1.7110852073015597
Eastern Illinois,2017,-1.6772211285559708,-0.22715778682184293,1.752464002586353,0.5329851751443165,-1.0937986546437737,0.375130463892977,0.9873349125918334,0.18338399268712258,-0.175063053205986,-1.133063285702674,2,1.771229486190993
Eastern Kentucky,2017,-0.4883218965915288,0.12108272619163257,0.3787373798297158,1.260284587966297,-0.6992319492486289,0.47721091956675415,0.156408377277297,-0.6906843624830988,0.15140810285556697,0.23306071270596232,1,1.3793435467300026
Eastern Michigan,2017,0.9255694960575792,-0.5899770619656345,-0.4646861736506002,0.29855838170696364,1.364597613017941,0.20286969494347995,1.6235130411920253,1.0001039716131421,-0.21587194771368076,1.5991847111145974,4,0.774426346140643
Elon,2017,-2.29367654577604,2.533818687465778,0.39879694653639663,-0.5054480233225146,-1.7537541755309929,-1.5912614717176583,-1.0517150720944966,-0.6994271276455549,-1.3177120994214233,-1.0938444149349613,3,2.153266427478363
Evansville,2017,-0.6112620284532456,-2.0142488802150185,1.9952230797466675,1.0271391631220717,1.639654131477153,-0.6967143206816719,-0.9276910867658881,-0.18344786225422585,1.3348660435786983,-0.6983874680271983,2,1.4831424350304891
Fairfield,2017,0.7037780937658543,0.25494491657539947,-0.8474630735380851,0.020123896912671798,-1.1381613183232897,-0.23735227014967933,-0.655043317365806,0.0627546495527693,-0.6239608927906225,-0.7604840134094087,0,1.0333394400682387
Fairleigh Dickinson,2017,1.611188415599487,-0.3920049068924925,-1.2548886312026744,-0.11199295718948957,0.9681859170924126,1.1890877815022984,0.40377302019165695,0.137380395046583,-1.6613659479072693,0.8017343388377866,0,2.404962331636228
Florida Atlantic,2017,0.24402543727491133,-1.4487678125777348,0.785764278222773,-1.792869600181041,-0.4673147343029809,-0.7652156790943375,0.17827486504873225,0.19358388537665355,-0.630404402449732,-0.04800786112930724,2,1.718727186752456
Florida,2017,-0.1409753567121433,-0.4817181252303594,0.47221877731433715,-1.42569875261017,0.5908544288172122,-0.16079192839434747,-0.0707980972227725,0.024192810354084448,0.2738347863786498,0.01572280386822507,2,1.4644620429417647
Florida Gulf Coast,2017,1.6405271278637465,-0.3135648496154216,-1.3378441901263602,-1.019954022364138,-0.656957844709839,-0.5196685303724669,1.18532912608475,-0.35030197417161807,-0.5525453274021574,-0.40342887746169764,0,1.323430677885514
Florida International,2017,0.811175326517032,-1.5166861861674203,0.2948215254003862,-0.7699542068856732,-0.6082378479750788,-0.5661113847461058,-0.4270731236237202,-1.1073616113811187,-0.885617922281132,0.45953046645284873,0,1.4443587162610085
Florida State,2017,0.6451670614390516,-0.9346038229751492,0.043667465256460064,-0.6728385807075674,0.4086651645165409,-0.02681133032251567,0.9029439363489501,0.8310251382035201,1.1308215710402274,0.264108985397067,4,1.5016541983385818
Fordham,2017,-0.036124165170913,1.3004916000357416,-0.8790762130550084,2.418900114496646,-0.6140107178937965,1.1890877815022984,-0.9697157429516151,-0.9804445792958976,0.013946563461228988,2.3051243849334138,1,2.7283126479356423
Fresno State,2017,0.2881117055180311,-0.3920049068924925,0.0016890200716084226,-0.7589503838080542,1.628112272288446,0.6854013225856389,-0.6007187618086458,0.7368842919006521,0.443513874068536,0.9324639080634937,4,1.4764660637001565
Furman,2017,-0.011679060534052004,1.5542529246935668,-1.0805189199820748,0.29471829427471774,-0.35818225667952686,0.14141994695564827,-0.39572043895144215,-0.8898945115418967,-1.1029284441177694,0.21345127732210598,3,1.7053826559247578
Gardner-Webb,2017,0.2872871384800533,-1.3403165822807948,0.6685075236911973,-0.20576520776778878,1.7900182783826821,1.2696776149289635,0.19877469733445194,1.2645726177774104,0.7871677225543813,2.010982854175574,4,1.3269083225340998
George Mason,2017,-0.16073547184079826,-1.3050560456509854,1.0692472865552731,-0.4061117143266686,-0.3167840017584647,-1.0674275544443332,0.05527587133440868,0.028095830515895325,0.013946563461228988,-0.6036085303385613,2,0.8632814276913005
George Washington,2017,-0.37261172409217863,-0.4206565361602483,0.6493270088306151,0.9085749133866483,-1.145740989589734,-1.0029556877030008,-0.36292070729428927,-1.1860556814200658,0.15140810285556697,-0.04637374151398652,3,1.542238119247125
Georgetown,2017,0.3531161452444924,-1.0163377271025402,0.3784444638277724,-0.029753483638713375,1.1676888861901777,-0.30965925958527124,-0.19413875480852394,0.5268150734138836,0.08792760028804292,-0.29131011496603954,2,1.7466833881552062
Georgia,2017,-0.7745552464952624,-1.2654466769697559,1.6243967447164762,-0.8623308013017776,1.2443799754643285,-0.39047295366034446,0.14342515016300675,0.9051825212779167,0.7635415204709797,-0.23266337766061798,2,1.9428444655576729
Georgia Southern,2017,0.15146231582870992,1.7360328438592851,-1.3631316152591302,-2.094385873813214,0.8102500215472223,-0.08020209496768248,-0.006223625522753109,0.30599086603679126,-1.059971713057039,-0.897750061096401,0,1.011143981598024
Georgia State,2017,0.49832752299738725,1.5585194044778385,-1.5678886121814801,-0.5665182651093614,0.4466785339776598,0.14544943862698137,-0.14869745990851002,0.11911426068931337,0.028981419332484874,-0.38790474111614476,0,1.1383607823734017
Georgia Tech,2017,0.92020796893332,-1.2019867847330805,-0.029756401921572615,1.3693027607320718,-1.0230451672053629,-0.20108684510767996,-0.45721993580860254,-0.17798363402768996,2.290653309679956,0.8017343388377866,1,2.104037966205061
Gonzaga,2017,-0.35402395357401517,-1.3344559102039275,1.2734695542395076,-0.6081382042583969,-0.9290665566264154,-0.9810813043443345,-1.3533554614415264,-0.3522441913473748,0.1980468394357887,0.04381409820779593,2,0.7759022890913251
Grambling,2017,1.5802045796812065,-1.758414204687802,-0.26578081943804466,-0.5064055937917411,1.9965207008543053,1.179014052323965,-0.06430648366562668,0.32576616818996257,-1.1816824510624424,1.1231111965176492,4,2.522776936870324
Grand Canyon,2017,1.0163294663047093,0.23215222925900766,-1.1282971533611952,0.9068446511739564,0.5303131535278024,1.179014052323965,0.26027419419161374,1.1450286859642507,-0.7347278921686492,0.7830586860912574,1,1.8626320066706783
Green Bay,2017,0.8276169995348346,-1.3441114756419636,0.15800043909111997,-0.3249091602400089,-0.10465229482287355,0.7749455819486003,1.6018743293348754,2.187940454280366,1.6749401644761492,1.2266054388213334,4,1.7211221627742723
Hampton,2017,0.8983208539953661,-1.183014395554029,-0.022294384581798235,-1.3634347046856428,-0.33544645315736915,0.6637040597399985,1.5785711011810222,0.5615486169393278,1.0052557417857835,-1.4960892433217516,4,2.508943162576569
Harvard,2017,0.6106709369736102,0.9560430236563958,-1.2514434512442296,0.0017961327821327511,-0.40805281825400935,-0.32484980358434434,-0.017937815400307408,-0.6050855545915076,0.13974841871051152,0.20644790754215783,0,1.3646105491358889
Hawai'i,2017,-1.3435083321732628,-0.4700636653688418,1.6061259628274271,-0.4898812406059183,1.010539681169459,0.7244370231516805,-1.102964652808798,-0.1204140866409888,-1.7258010444983651,-0.2869978548700526,2,2.6759884044292246
High Point,2017,0.14911840893721107,-0.8594815331210389,0.4620230106833752,-0.22134461944033687,-0.737159027332902,-0.20332545159175405,-0.6052742800943616,-0.7256207296203709,0.4960165453649847,-0.25681203419814486,2,1.1512736605784102
Hofstra,2017,-1.2975039521548963,0.8358996284444472,0.645206082423539,-0.3020198705160697,-0.7054049962835283,-1.9740631804943192,-0.2522216129513975,-0.6931822953866582,-1.833192872150192,-2.1069985764341888,3,2.0246274842580254
Holy Cross,2017,0.05490665792062091,2.7077302015664615,-1.9538889687745562,2.9028199098071927,-0.4486985414135408,0.604811489158974,-1.7487093698089926,-2.2387782794635527,-0.8451880577533858,1.3246526157406129,3,4.088548584791683
Houston Christian,2017,1.1125636224764814,-1.2489857279438292,-0.1794349359760666,-0.1855458273342156,0.5454119255913382,0.7659911560123053,1.0187679887632708,0.6151100628521708,-0.4585774782068092,0.9324639080634937,4,0.8922323388494728
Houston,2017,-2.2427283901798507,0.6631109708032966,1.6642787163905064,-0.8755955058821956,-0.6835645580083539,-1.0069851793743338,0.6497710076203027,-0.6682029663510713,-0.41562074714607805,-1.453350730305655,2,1.8813933702528876
Howard,2017,-0.22066514139828022,-1.8102184733430144,1.4809596337412505,-1.7355304842221941,0.33634380646216466,1.179014052323965,2.743316379799506,0.9659915753989204,0.6207103896940501,0.21753657636040943,4,2.45879034981739
IU Indianapolis,2017,0.08409304551635421,0.09472897667372378,-0.14639821676825104,-0.9544949923080309,0.09442717462608816,0.34961034997453305,-0.5446858868943435,0.25062002000790834,-0.22947491254957877,0.8126284696065957,0,1.2859834104551278
Idaho State,2017,-1.015567243057639,0.8591805282108103,0.3610887110922035,-0.9265228895329226,0.2416587255153971,-0.11575643324415225,-0.7478352052708761,-0.17908566324985017,-1.0296493146612293,0.8248042628187939,3,2.0836041482520997
Idaho,2017,0.19721546999912629,0.9217629362637865,-0.8346924283404721,-1.0250439993619742,1.7580870150053707,-0.437259829177491,-0.2806936022371212,0.5169274223372963,-0.9549663704641416,-1.360750618770779,0,1.067889134731806
Illinois,2017,-2.3637701460639082,-0.3189638355247562,2.468985313590589,-0.3627645903839236,-1.4466173034511718,-0.8659529708776694,-0.7442175878086891,-1.2427275341695534,-1.532495754725077,-0.9957972380156817,2,2.9831225622446613
Illinois State,2017,-1.987030774989193,0.9829260367018063,1.196814407593826,0.2390909370218309,-1.149564605140749,-0.3977644147798998,0.0006096519058205764,-1.041554723543672,0.8976278881391179,0.36908171687651864,2,2.35313917178101
Incarnate Word,2017,0.8944348561631844,-1.1804501712398474,-0.020404652917830193,-1.222263734533284,1.2656009531865533,0.22200978038231325,-0.4754420089514657,0.7377516297143886,0.9947919226812465,0.19166301578448866,4,1.7875044621162266
Indiana,2017,0.8533932274901223,-0.055058840135879174,-0.7718309759678955,-1.0086360911642773,0.18961302625935475,0.12630935318814807,0.6108213262774332,0.43057526960177883,1.457292727101781,0.20201244001485655,4,1.9852935048446962
Indiana State,2017,-0.8078792423042516,-0.3389974795774551,1.0053653159301708,0.4363091027556271,0.46668535655714155,-0.24138176182101245,-0.8262169169515718,0.45898925637975607,1.6892590748297265,-0.27678460727429394,2,1.2931885914889294
Iona,2017,1.207978748638864,0.059100135353265,-1.1887728940643956,0.522383541722254,-0.8197389691477718,0.03060892599398289,0.5789534051787223,0.6241934552287479,-0.42733621925355036,-0.24113108839455583,0,1.4650330840892176
Iowa,2017,-0.5363730527442032,0.033078376166759293,0.48618224470059246,2.6280263594827606,-1.5644145946806345,1.1890877815022984,1.7157622864777673,1.1771449661528595,1.0878648399794968,2.3378067772398405,1,3.040146879605643
Iowa State,2017,-0.9920271183573895,0.15366503507096066,0.8342421158777326,0.25714694814544165,-1.6774042800480953,-0.470679025975454,0.05625205382420453,-0.17144142880408483,0.7032998190548598,0.36908171687651864,2,1.89039336992788
Jackson State,2017,-0.1943349571224096,-0.23206077823497093,0.34755261871787646,0.2249092974353958,0.9675607648317178,-0.4670332954156763,2.2856576240207964,0.28226050345298576,1.2940571490710036,-0.6362909226449878,1,2.189449242774634
Jacksonville,2017,0.5900146266473822,2.384874727500245,-2.235348229677015,-0.35672727277557886,0.13861418260128547,1.523535590222959,-0.7264510664943992,0.14383338838077664,-1.4809476774522001,1.5991847111145974,0,3.6002088490585806
Jacksonville State,2017,-0.19574898319563533,0.31601367344038195,-0.03603797127187017,0.03412495870963023,0.09389332346109,-0.44285634538767626,0.05527587133440868,-0.9023841760596901,0.6582975293721899,-1.257256376467095,2,1.5163290515062515
James Madison,2017,-0.5818402026044978,0.8811613660069508,-0.06627678619202308,-0.4868063653818153,0.23239475507941743,-0.16079192839434747,-1.336662740866012,-1.2987749036931504,-1.1136676268829524,-0.23266337766061798,3,1.543325410497809
Kansas City,2017,0.6562873137636177,0.3445776525989436,-0.8653117057656041,-0.35587878977463,2.196681475591695,1.418265120309378,-0.15356617007636836,1.0216096127047178,-1.0626565087483346,0.3727779398159362,4,2.663096791409916
Kansas,2017,-0.2118646471548344,-0.1936935646793383,0.3372544960769138,0.598050936779816,-0.6809061807016507,0.3831894472356446,1.5107639636205623,0.9835551661270677,1.5174321505868031,1.390017400353467,1,1.8947850042964336
Kansas State,2017,0.5548303061473827,-0.4388854759414903,-0.21869804926902936,1.4705957776090997,0.7016576391790199,0.9493330270579681,-0.10974777856564058,-0.10929047917982931,0.0697903138401789,1.3197502568946498,1,0.9773660519335056
Kennesaw State,2017,1.1406975652634734,-1.9532425611138002,0.28847153546893656,-0.5815699650081804,-0.6207157160221208,-0.2154778867910131,0.037704586518076545,-0.0881026554442889,-0.7930263128939263,-0.1927441699149118,0,1.69477957735619
Kent State,2017,0.48431042897562165,-0.24298530074565658,-0.28931071485765986,-0.9775941026821452,-0.01806046180430437,0.3860676555723101,1.336027297947041,0.9133751464556583,-0.5015342092675397,-0.044895252338219054,4,1.567543474211947
Kentucky,2017,0.6128074694277472,-1.3749877489687605,0.3836990254293549,-1.3851247755847977,1.2412389462084163,-0.05142001160101622,-0.11067515193094732,1.3597319664844068,0.8198966605054142,-1.1981168094364183,4,2.4775387803209665
LSU,2017,-0.6794064063399776,-0.06720689860940995,0.6924607747827952,-0.22797279917143778,0.11999338766864269,0.3831894472356446,0.608771343048862,0.8961275145025169,-0.11492362972096319,0.9324639080634937,1,1.4235826747163811
La Salle,2017,-0.5658229012740532,1.448565062207837,-0.47999825300734617,1.538858892422731,-0.15313020101171476,0.5197444427641608,-1.6006550255232341,-1.1837485628355287,-1.952517125096666,0.536643823463437,3,2.5107701919136054
Lafayette,2017,-1.2449229762176175,1.6753067488460132,0.005720308483764936,0.8085447970462984,-1.1517627088441513,0.6451064058723065,-1.2362135626659805,-1.0616273986615516,-1.188841906239231,0.5402752003863733,3,1.8736158079444563
Lamar,2017,1.8418544815933586,-0.6198476538338885,-1.3139385751154866,0.07340631151101037,1.4789165409065863,1.3704149067122953,0.424272852477378,0.41839784669692903,0.6153407983114587,0.76905194653136,4,1.8179246684490802
Lehigh,2017,0.011927240104543163,0.7056093144190434,-0.5069040412959755,0.405676481878567,-1.0056671060004645,0.641268794756751,-2.0952541536866485,-0.8748771768240767,-1.0067871888866102,0.9309076036679491,3,1.7235950348689757
Liberty,2017,-0.16887008406687246,2.350561442866529,-1.4905062405327898,-0.007791719227310127,0.3896465718355939,-0.5886291323212034,-2.8098771587168763,-2.1752279276524287,-1.9898585971952094,-0.7458730615547711,3,3.307928724234759
Lipscomb,2017,1.243278657333389,0.8952925176132196,-1.8095883302376128,0.8588801309748064,0.6740450459931513,1.7021763876520681,0.31220710264877205,1.1761041607763785,-0.44712234992394767,0.7298330757636473,1,2.583185995688415
Little Rock,2017,0.2229370074583594,0.060832378157050046,-0.2544568816423887,-0.2706080656153531,0.5797116538914231,-0.011924597203423702,-1.0596872290944992,-1.6517640471272772,-0.22947491254957877,-1.2227582956992002,0,1.4397926502621217
Long Beach State,2017,-1.6651511204819702,-1.5576862690720916,2.675481434071987,-0.5302316849180851,0.5398555277368947,0.5597759940087788,0.9017983574859255,0.7526800440849194,0.07459136025284879,-0.23448974664244826,2,2.740527849753625
Long Island University,2017,1.805585984567385,-1.229726717396392,-0.8511516894169516,-1.2282437883843946,0.6618133608557357,0.8174791051460083,1.147461380334739,0.24336907588507942,-0.5468774253871997,-0.360306276501829,4,2.249398788273648
Longwood,2017,0.8584542505838472,-0.6777589529733549,-0.3392916396492005,-1.7634275266977895,-0.9646696415674899,0.7749455819486003,-0.5403581445229143,-0.5410512428574266,-0.18413169642991803,0.9851188734460693,0,0.8805491708980769
Louisiana,2017,1.4435864184303107,-0.8515629012441694,-0.772945396277811,-1.1698910523846136,1.0163117681840077,0.12127248859898133,0.36277335562021623,0.39966334992023883,-1.3177120994214233,-0.3748317841935746,0,1.7924011339250447
Louisiana Tech,2017,-0.7390547786790004,-0.22506594868988064,0.8599815833820149,1.36989335332944,-0.9696274550378849,-0.17993201383318078,0.1823748315058762,-0.16565009031637,1.457292727101781,-0.1705668322784075,1,2.2822852751171623
Louisville,2017,0.2774770904895268,-0.48705625546416714,0.07854730904294303,-1.0548222267021972,0.5386087413933865,-0.825658054164337,0.5267720139059806,0.2341752950594806,1.1737783021009578,-0.47287896111285416,2,1.997008877051762
Loyola Chicago,2017,-0.5302783084204545,-0.019311036871127226,0.5171889064533264,0.5638468023186194,-0.5600496803638673,0.040682655172316354,-2.240705344666284,-1.567458811632173,-0.5444909403282702,0.21345127732210598,3,1.114565079773449
Loyola Maryland,2017,1.710769860291271,-0.9686003999420708,-0.9445000618037704,0.3954079878769979,0.6335512178043875,1.504395504784127,-0.9082162460944534,-0.9606172368739029,-0.2566808422213748,1.5060398930412813,0,2.0437428212835425
Loyola Marymount,2017,0.6741832324942958,-0.5904460137627734,-0.22560545343937338,0.9097049669936312,0.7577299369112266,0.7536788203498977,-0.7351065512372589,0.009361333739205143,0.9947919226812465,0.778130388838701,1,0.9796345444264816
Maine,2017,0.3913820642646893,-1.163423659537196,0.4454058733645667,0.41653918452074906,-1.3407807025616427,0.009342164395278914,-0.5619968563800629,-0.9398531696130705,-1.2270256671821032,0.6056399849992263,0,1.4769688714808344
Manhattan,2017,0.6922247785671237,-0.997194604550733,0.042934800457211195,0.2679656851633903,2.4995223416272125,1.148792864788966,0.1577750327630112,1.1771449661528595,0.40055714300780554,0.4749104157735192,4,1.074505451526951
Marist,2017,0.7087574010783131,0.37546187591280905,-0.9368357633888397,-0.5741542494482744,0.6938989907309189,-0.7541345769981719,-0.2850213446085504,0.14581091859609543,-0.5423431037752338,-1.1020150130115682,0,0.39681659735031677
Marquette,2017,-0.7642091683740607,0.6312762655139311,0.2824299628351297,1.3758396617029216,-0.5294389222411134,-0.5032987204576757,-0.35472077438,-0.2060853791927269,0.7012542604329204,0.6056399849992263,1,1.7021835808607828
Marshall,2017,0.9051483853931234,-0.789912804620828,-0.30486896575062294,-0.5390280673501249,-0.4909845793965956,-0.02407703240268273,0.45502260090595825,1.8527019987313467,1.1308215710402274,0.11773855699614175,4,1.8238669100163478
Maryland Eastern Shore,2017,-0.2789724371723013,0.18363576319253633,0.1359766393083625,-0.38829699875522544,-0.9935979775500509,0.7962123435473043,2.6621712103351967,-0.040076921643724756,-0.5015342092675397,-1.0502678918597255,1,1.4201604507301577
Maryland,2017,-0.428783187417377,-0.09682786742674428,0.47523804428052047,0.4117704396021038,-0.5122670029089462,-0.5234461788143412,0.97776832419183,-0.003128330778588314,1.7751725369511875,-0.24410221496786744,1,2.3030129317989574
Massachusetts,2017,1.8465092619603287,-0.3907299321824704,-1.4792774975016534,1.6998814986578858,1.0382542882544958,0.7005119163531391,0.29922387553448315,1.0090028575820718,1.7021460941479452,0.6987848030725426,4,2.3709668882253414
McNeese,2017,0.10757105094059234,-0.8737213205552874,0.5114833046981662,-1.6981583806780316,0.45662520391296485,0.5622779659615673,0.4333838890488082,0.4641932832621717,-0.5015342092675397,-0.22231395343025012,2,2.104593009820615
Memphis,2017,-0.3271542516680091,-0.2809562263078328,0.5080374267352523,0.8004235004626983,-0.4026314525889352,-0.20108684510767996,0.5472718461917002,0.07180965632816905,1.560388881647535,0.2461336696285325,1,1.7480452009362253
Mercer,2017,-1.3137814127734015,1.4706887689188453,0.21482885091987225,1.2121864232797783,-0.07711948107968238,-1.4300818048643271,-0.39572043895144215,-1.3613793470885878,-0.8451880577533858,-0.7997028841771215,3,1.1452843447341474
Miami (OH),2017,1.342088414869253,0.1743514630373588,-1.39708747808848,-0.8175861177595225,0.45983017245096086,1.731949853890252,0.022248363762970583,0.1807472857333675,0.6773894098436256,2.7445209926087055,4,2.2899944766943796
Miami,2017,-0.02410198256262065,-0.2380123011051443,0.19005569187459065,0.04421401171584542,-0.6615230812463824,-0.849835004192337,-0.46029491065146155,-1.7021910676178682,-0.134254158698292,-0.38790474111614476,3,1.2901471119707226
Michigan State,2017,0.09701382162924617,-0.486242735435661,0.24936896107163875,1.4524113604146687,-0.14328250765082992,-0.3713328682215111,-0.5576691140086338,-0.41778519276931825,0.4778792589171207,-1.257256376467095,2,1.5438364750138518
Michigan,2017,-0.9457610965230953,-1.2494766025842074e-05,0.8982350448809914,-0.8659207503405923,-1.5215224812148254,-1.1699964333509985,-1.4216438637959063,-2.072438656567489,-1.1322171243864496,-0.8338708397702038,3,2.236100543323934
Middle Tennessee,2017,-0.8711801049421777,-1.5738434359873112,1.9327639291312946,0.1442057250794429,-0.9585556287433843,-0.7158544061205052,-0.8108420427372811,-1.6161685032515656,-1.2769032049137292,-0.45000128649835525,2,1.680953379815896
Milwaukee,2017,0.12503470671801364,1.1021568005819034,-0.8928370132290518,0.3993619028850269,-0.7980529975704854,-0.5071363315732311,-1.3719029287476543,-1.2195324429222236,-1.395443327055126,-1.1389772424057416,3,1.3696471861624362
Minnesota,2017,-0.36846210829208365,-1.7069561270236047,1.5488031126849384,0.7234891951774866,-0.7234816429768972,-0.9072552605088355,1.4482394751491154,1.1662165096997912,3.660973030517266,-0.6673391953360936,2,4.475555202295536
Mississippi State,2017,0.004583992008745767,-0.17582392900857355,0.11913424044606873,-0.681619499629741,1.034344410880232,1.1024537105686332,0.5329219635916957,1.1276546705011063,0.9267770985017565,0.4814468942348054,4,0.698266403580104
Mississippi Valley State,2017,0.6800246228873532,-1.5376208389711084,0.43408367678604814,-1.1711365565695941,1.7934469726924933,2.136018324265617,1.5400494383144487,2.060342671339657,-2.0172931481247516,2.4685363464655476,4,3.1008373585556774
Missouri State,2017,-3.2139848677060523,0.058535239198187324,3.011335490304215,-0.6313108141463648,-0.20872620399925548,-1.3091970547243297,-0.6355684766943713,-0.5186392337504968,-0.2974897367290688,-0.9157253768649356,2,3.1862627418624285
Missouri,2017,-1.4718462686800298,1.346152714052363,0.45241563189188555,-0.3005065231067067,1.5476475675759462,-0.12049701168101497,0.5677716784774213,0.9710655016092743,-0.20083709184242488,-0.5709261380321348,1,1.7878660532425967
Monmouth,2017,0.5032053290027816,0.09726316572573222,-0.5462253867785637,-1.3930053261848219,0.584300076038768,0.5318968779634198,0.8723406152938399,1.8795399087963671,2.024730688827814,0.28037236633050366,4,1.3302581772595374
Montana,2017,0.47189221404737275,-1.0910948157474083,0.31814293849704167,-1.4605216695485719,0.8100050960759579,-1.646963268350795,-0.5187194326657644,0.14895170187924686,0.6507169297732373,-1.257256376467095,2,2.271060693663768
Montana State,2017,-1.0279407259631077,0.9523805140582077,0.3073823942783339,-0.8060026664642487,1.7491486392313689,0.26704527553250845,-0.4270731236237202,1.237756573371561,-1.125670242914627,0.2768935682698756,1,2.5912589310284044
Morehead State,2017,-0.19772890223885903,-0.6185501240853246,0.6222221574588894,-0.14878765265662627,0.009616529391493121,0.7962123435473043,0.4793661517452513,0.05014789443012324,0.11059920834787294,-0.7527219452366329,2,1.2430590997905628
Morgan State,2017,0.5361885886583043,-0.7673634489102269,0.02970929975871384,-0.7737004872460446,0.8543570168307048,1.9658842314759903,2.077925990192163,1.5716102038398243,0.3146436808863438,1.157609277285544,4,0.963822785514326
Mount St. Mary's,2017,2.9192542933156163,-1.524927549486341,-1.7015152202252473,-2.3090906699412708,-0.3861609796963052,0.9511558923378576,-0.07358021731869135,-0.6601738963039174,-0.6181310507180948,0.664779552029903,0,2.9813491322582806
Murray State,2017,-0.8997332502779821,0.15837022774261353,0.7432823870642178,-0.5797069482314884,0.3409593065227435,-0.16079192839434747,0.7363258550489,0.5861409798734009,-0.8189367221051614,-0.7052870841807772,2,0.9102216716016686
NC State,2017,0.27995382019057247,-0.24331778843613266,-0.0949917394260148,-0.29176735530053044,-0.9575380889420438,-0.30182413689101184,0.6292711753345817,0.14987005956437646,0.4864706051292665,0.11540410040282643,1,1.7625862559073588
NJIT,2017,0.6751716430579631,0.49384170204411276,-0.9880807137640983,-0.43965668706190003,-0.16372370637061145,-0.4342217203776769,-0.18486502115545925,-0.43134539996006666,-0.6181310507180948,-0.1040348193688957,0,0.5360714059405466
Navy,2017,-0.12996747916570278,0.6428432840135928,-0.3280581099389087,1.3701748444419817,0.6495795867959139,1.7149364446112894,0.5134471229202611,-0.6936506578060754,-1.2360943104060351,2.0028122560989674,1,2.3688906604324456
Nebraska,2017,-0.7943975327045399,-1.4186703791155963,1.750856576616127,-0.8933965814279157,-0.9403193753320171,0.3025996138089782,1.4492644667634018,0.7150273789945152,1.560388881647535,1.0631934772891998,2,2.874165690290699
Nevada,2017,-1.2309629225327634,0.8256298290851317,0.5892223374100242,0.8144461022060443,0.04348707089554024,-1.254511096327664,-0.16631755384933128,0.6139205709933339,-0.11287807109902367,-0.7545700567063411,2,1.667024759698158
New Hampshire,2017,0.28978775377443805,0.3256304769462326,-0.5039254299937732,-0.9034781483640639,-0.499008196339626,-1.9396939868270653,-1.0227741323970085,-0.9921995576655853,-1.2216911711680256,-1.5860027931964455,3,2.2951377406453104
New Mexico,2017,-0.24796025321058143,-1.0866189758045168,0.998671402420724,0.30125377347291765,1.1830804724149064,-0.4797933523748976,-0.9082162460944534,0.7278639786378012,0.7227326259632856,0.43314958115975166,2,1.47962004962383
New Mexico State,2017,0.5541555622341537,0.14259870037993838,-0.6264556855264312,-0.20439414694852326,0.8791439257563647,-0.07072093809395703,0.764328893922858,0.10009507303022991,-1.5577644200549183,-1.0746194782841219,0,0.8517141779982967
New Orleans,2017,1.6702458210329607,-1.3755520759158393,-0.6201951485914525,0.8004235004626983,1.056106281357665,2.962064116888936,1.1007673179061535,0.2685218724834109,-0.37266401608534755,2.5012187387719753,4,2.4100402252600035
Niagara,2017,1.3633891468031798,-0.33548840556082665,-1.0592376725462318,0.4227521963531334,-1.0125514573943228,-0.08423158663901559,1.1950665464204668,0.9585758370914809,1.457292727101781,-0.2016151049695133,1,2.647167072844023
Nicholls,2017,0.5456586186701194,1.2481313897744952,-1.394843487875513,1.2349849395644605,-0.08551531694891155,1.4154504018624905,0.6955941621413249,0.7177824520499106,3.1952715284882856,0.5325852257260375,1,2.6830926792972183
Norfolk State,2017,-0.054819961126649296,0.8152139016362828,-0.5204910890044835,0.13515525476799184,0.38808516908518137,1.3157289483156298,1.8460826488655624,1.8950776462024308,2.471685247721607,0.11773855699614175,4,2.3354405858096903
North Carolina Central,2017,0.30320377892116784,-0.22664347889282155,-0.1287841359094899,-0.794339329297974,-1.1624117147651198,0.12630935318814807,0.4874806686916819,-0.6580551139303636,-0.6375638576265206,-0.5845438014931452,0,1.1190823468454592
North Carolina,2017,-0.044031477416072606,-0.24220753975037415,0.2119299876504909,0.7454489894670256,-1.0326970989680375,-0.67757423524284,1.6040382005205907,0.6026203983343774,1.579719410624864,0.5124951669259101,1,2.330196959858324
North Dakota,2017,0.025299572981595145,-1.394240777730647,0.9552003665951531,-0.803247547448594,0.10068947533753136,1.3301199899989629,-0.4162202712371618,0.7899653661012725,-1.1029284441177694,1.94561806956272,4,2.1817692895178475
North Dakota State,2017,-0.2574009931520165,0.7456698441982005,-0.2792485287434468,-0.5568228579237422,-0.42607790778771065,-1.5118567829002094,-1.160243595960076,-0.2070037368778565,-0.11745049625394738,-0.7458730615547711,3,1.2251755951617445
North Florida,2017,1.4624221628285183,0.08093879692272053,-1.445765870137553,-0.4034135699905601,0.12591237656324347,0.365560421173561,1.477451736156267,1.1180142107014335,0.5696992715594325,1.0713640753658067,4,2.004463361901087
North Texas,2017,-1.368944089423059,-0.3355669430436575,1.5358211286888788,-1.1871734868784782,-0.23439298330419198,-0.07072093809395703,0.3748320804941689,0.7561698032884206,0.07459136025284879,0.9709137813651715,2,1.4518171553541743
Northeastern,2017,1.1508730752371248,1.2697565697434208,-1.9848274931495127,-0.06187462391455228,-0.644386602337103,-1.0875750128010002,-1.19521389809454,-1.23023786965176,0.14281675664342117,-0.9304324534028275,0,2.4512114977526935
Northern Arizona,2017,0.39125350210486454,0.6494987945711302,-0.8277564611107086,-0.10144635214296263,-0.10482658777270133,0.6948824794593644,0.14571630788905854,0.1280131466582396,-1.365722563548122,-0.08838022809606953,0,1.336060442029375
Northern Colorado,2017,-0.24291761460764702,1.5186734064925833,-0.8359137797433712,0.009237825733955063,0.014516377112094045,0.7483621299502217,-0.2022532717549545,0.183631183964037,-0.8586120362098638,-0.32580819573393427,0,1.8573662991064634
Northern Illinois,2017,1.2922267435747419,-0.509390015961847,-0.8695142382420082,-0.45397483580054526,0.6816270754538221,1.0088799595343387,0.45502260090595825,0.5597739103358368,-1.0003095865838016,0.9161227119102799,4,2.025658937764729
Northern Iowa,2017,-1.4738330212431225,1.1686303623079335,0.5789832321373654,-0.68637721433007,-1.0145842995290846,-0.437259829177491,-2.379648652380612,-1.8890676729653462,-1.2270256671821032,-0.18781587266235542,3,1.9954176034395956
Northern Kentucky,2017,0.6650718053259466,0.8156259176574193,-1.2044898041725083,-0.3679767565330981,-0.935364497734959,-0.1033716720778489,-0.4408200699800268,-0.3940548301855127,-0.134254158698292,0.10886762194154025,0,1.1593740977300995
Northwestern State,2017,1.4520458644297742,-0.8301389814371893,-0.7960264969226968,1.210704653515385,1.3269835653358033,1.4830036445877834,0.6039478530992807,1.0772276500105153,-1.0776597787879283,1.007441161001766,4,1.9880444558277224
Northwestern,2017,-0.9498702859655485,-0.6305757132432936,1.345006248716415,0.7816654934571993,-0.6750409734889831,-1.4732549299143265,0.33446406341612567,-0.7731756228934753,0.7032998190548598,-0.9319887577983722,2,1.7143443667485767
Notre Dame,2017,-0.15703313822456635,-0.14817253179692805,0.2532077156702434,0.008761613733871555,-1.7184487855931583,-1.2727397491265524,-0.14777008654320328,-0.7194998027634346,1.091955957223376,0.36908171687651864,2,2.218142825774467
Oakland,2017,0.23243766303657487,-0.7955084345831891,0.33796071756948765,0.14118854351985366,-0.3076078422816906,0.8812793899421175,0.6714097194774528,1.4694378093817666,1.2668512193992074,1.7785747311076512,4,1.2587443315968045
Ohio,2017,1.4449889014087873,0.898824457335968,-2.003641046622529,-1.5895178201439832,-0.23597418805821552,0.12127248859898133,-0.10872278695135425,0.3590719402374118,-0.9740582509355772,-0.14605503804858788,0,1.5323303626826923
Ohio State,2017,-1.4206160475960052,0.1955673404520095,1.2118601854760431,-0.048538879284316064,0.01811133451189686,-0.6241834705976732,0.3422735233344952,-0.10304564692093258,0.40055714300780554,-1.3553035533863744,2,0.9559575970939292
Oklahoma,2017,0.005713923666430992,-0.800329289838582,0.556674982278964,-1.266974417532239,-0.13713951406397717,0.20186232202564633,0.9572684919061103,0.9304740919264473,2.247696578619226,0.5729575926927999,4,2.077675818201729
Oklahoma State,2017,0.08263483500015785,0.19464462339868996,-0.2151878585046963,0.5653551538892994,0.5610502816336795,-0.2615292201776794,0.6497710076203027,0.12176831439934287,-0.20083709184242488,0.21345127732210598,1,0.8723352835911194
Old Dominion,2017,-1.8941984722686604,-1.1695338845271075,2.6204024623627182,0.21632744338938303,-0.13459416532536686,-1.369639429794329,-0.3137211098085593,-1.139687801897759,0.05690329452195947,-0.9957972380156817,2,2.274558858574626
Ole Miss,2017,-0.2912001414161644,0.502406848979807,-0.07629529737728875,0.2679656851633903,1.363931044100406,0.5091110619648088,0.8834690956775167,0.8695869774022049,0.3962614699017319,0.13991589463264606,1,0.9393284719766742
Omaha,2017,-0.17410044350712425,0.8150970829173387,-0.40712370772679596,-1.0783926034901195,0.2823792724498281,1.0279081146489673,0.5677716784774213,1.5174883242627228,0.18577348770415164,1.880253284949867,4,1.4538195630906712
Oral Roberts,2017,-1.2743943431073903,-0.3416970486342014,1.4503289465000082,-0.14164793634286038,-0.5636562694387687,-1.6625524782104781,-0.6385646060284375,0.03217899006978714,-0.8154487824036492,-0.8273572161287135,2,1.3135341210517084
Oregon,2017,0.5074266433043733,0.7105644482421252,-0.9809793654010057,0.7607741229631457,-1.437815954323843,-0.8717093875510032,-0.2219599557677152,-0.7081996301044782,2.1413275302783683,-0.9911283248290489,3,3.0720667569394067
Oregon State,2017,0.2296121768968988,-0.2997424198002056,-0.007551147679205776,0.6354442239495902,-0.02458386207159976,-0.2212343034643469,-0.6007187618086458,-0.9648324986486575,0.14281675664342117,0.4749104157735192,0,1.3842252056185063
Pacific,2017,-1.1067630675927227,-0.4231305557293632,1.3483168250859376,0.8250077013943093,-0.09263751305987607,-1.2900569692854962,-0.8692665647515839,-0.8775609678305768,-0.3791075257444569,-1.4435460126137274,2,1.5807424014956162
Penn State,2017,-0.5834901777759328,-0.521745629898658,0.9206052341872502,0.18017400811287457,-0.458325211106141,0.5473912328424754,0.10447546882013867,0.7954295943278085,2.2326617227479697,0.6056399849992263,1,2.0698331402950365
Pennsylvania,2017,-0.3470559859742328,1.4850140527659412,-0.713369254095146,0.6621359582358279,-1.542336300906721,0.22200978038231325,-0.6485517038086602,-1.1534264328673338,0.6411148369478975,-0.5948932257235141,3,1.4210758765426794
Pepperdine,2017,-0.8578826622817912,-0.8517280462563208,1.4129657080538154,1.250331163062617,-1.0083640153517068,-1.3091970547243297,-0.5392192649514854,-0.5339390727847934,-0.5015342092675397,-0.5709261380321348,2,1.4523650469777263
Pittsburgh,2017,-0.4043017447875941,0.7579139061105521,-0.14833061537469258,1.424075040902867,-1.1668570440660566,-1.3666173110408282,0.08500062814870393,-1.2928423130471973,-0.09344526419059794,-1.754028739524781,3,1.5543361769547588
Portland,2017,-0.5897852169027805,0.027078560855929596,0.5411237627333018,-0.7928198673391735,0.11560464622146063,-0.8115548333146704,-0.7524175207229783,-1.200887158034945,0.2738347863786498,-1.1641115583937787,2,1.2789324414439824
Portland State,2017,-0.6950903334122884,0.2027634053370223,0.5177459942975319,0.4112533382767843,0.903981543549301,1.8136589905589555,-0.08822295466563457,1.5237331565216194,-0.9740582509355772,2.3378067772398405,1,2.824931309579562
Presbyterian,2017,0.14500986209126304,0.5515263304646396,-0.5250794639908463,0.57454977295926,-0.763787555459622,0.30707682677712644,-0.12922261923707531,-1.341950980060909,-0.13878848031025798,0.8471265503744905,3,1.6371364463197466
Princeton,2017,0.4702670056683151,1.6599035194605165,-1.6124443647865527,-0.2949302652995047,-2.585998514630094,-0.7896804499560042,-1.9097794806253678,-2.723867928145695,-0.5598326299928169,-0.5475815720989728,3,2.8568375795275363
Providence,2017,0.15511188562677541,-0.6044877661533913,0.2772389446840417,-0.005097651853861304,0.19910411863031727,0.10112503024231577,-0.7237177555229694,-0.49959249536086303,-1.059971713057039,0.6383223773056529,0,1.6390057839771348
Purdue,2017,-0.8233556655128554,-0.47845071573261716,1.1180071948043568,1.1297561745889906,-1.5065086887476649,-0.6040360122410076,-0.7852172523801312,-0.36220618566513835,-0.37266401608534755,-0.11337264574216027,2,1.6194668413424056
Purdue Fort Wayne,2017,-0.21808433502154786,1.6231494536203146,-0.9328764197403445,1.1248765770076374,-0.9985006664179424,-0.10189935781332295,-1.2078291795011376,0.310554397302909,-0.43875129464031815,0.7489397051120198,3,2.020000784740507
Quinnipiac,2017,1.0819615866855241,-0.8140312173763665,-0.45585609289209206,0.4164047106108459,-0.13885720855588282,0.08802918231048146,2.402506668049403,2.4150268406726294,1.2532482545633101,0.8229778938369636,4,2.169558412124647
Radford,2017,0.300034614620023,0.1047662600404632,-0.3585359290456691,-1.1326946460144522,-1.3308248134017318,-1.1077224711576659,0.13727520047729153,-1.1365653857683125,0.8301244536151126,-0.7997028841771215,0,2.289849487673829
Rhode Island,2017,1.1293127153540388,-1.481983284932714,-0.031699152359769237,0.14513090460268638,2.1379302176154806,-0.4342217203776769,0.6868659422325587,0.8738245421493124,2.257924371728924,-0.3701628710069418,4,1.7474063336300134
Rice,2017,-1.4447296839877852,-0.25074019280378235,1.5482206142017756,-1.2801459191357134,0.4837560353547282,0.604811489158974,-0.21122194837995678,0.9304740919264473,0.09986002558268996,0.01735692348354579,2,1.6347728506973598
Richmond,2017,-0.2999363180645526,0.4017440292330611,0.0027011202475984417,1.5222662434499463,-0.8965584715483695,-0.12251175751668085,-1.9403828016804794,-1.0110442573644904,-1.440138782944506,0.3262055307792786,3,1.222182953268548
Rider,2017,1.9802630248853124,-1.1372160411413195,-1.0820230688440402,0.1850736631201264,0.8610089410576535,1.0787564619300773,0.9836254191306079,1.7863134843599837,0.4701061361537504,1.197035655305995,4,1.6471397252138549
Robert Morris,2017,2.6539947378830036,-1.336090933365504,-1.5822149974844533,-1.1828463024744127,1.8387106682677932,2.3173454494756136,0.4652725170488188,0.7743532854540324,-0.5015342092675397,1.3573350080470405,4,3.3088504325621115
Rutgers,2017,1.3557280077963185,-1.5588091630744019,-0.1927768648263973,-0.37390673105482,-1.032158339498491,0.18372960950464662,1.8961608105921073,0.26149643619215335,2.3550884062710526,0.6987848030725426,4,2.8376940505637873
SE Louisiana,2017,-0.9543398641931319,-0.5232470753335131,1.2738701947360918,0.40526138510398035,0.5474006665348388,2.0755759491956174,0.97776832419183,0.12489073052879292,0.7442109914936509,0.5402752003863733,1,2.2550705760694045
SIU Edwardsville,2017,-1.7064671565346095,-0.8911131366322909,2.246561208870199,0.28594283674054227,2.683357735265077,1.0833136251298,0.2846177450309068,0.847339762479886,-1.4197343356906587,-0.5198599000533427,2,3.634475330470374
SMU,2017,-1.6371731337139526,1.6239674608336627,0.4143131461981739,1.8678843321458187,-1.4522665990639403,-1.7284560690987674,0.2788216614977417,-1.6771894356099284,-0.07401245728217222,-1.3163959434977714,3,2.5946740646447566
Sacramento State,2017,0.6122431586054539,-1.526370250193634,0.49055666533152864,0.46823216085620106,0.2874745643351636,-0.9051285843489649,0.1953580586201651,-0.22464640840666913,0.5413597614846447,-0.9812717303239361,2,1.4965611922914108
Sacred Heart,2017,2.642715998293852,-0.8127755646516244,-1.9390474373459066,-0.7077642511036313,-0.05117953955352402,2.0957234075522844,0.8342694981917868,1.0897173145283088,0.5294273361899977,2.3378067772398405,4,2.986374165690446
Saint Joseph's,2017,-1.0432218586206528,-0.06760703252164035,1.0382715553112873,0.6946719092075815,0.7825655809008433,-0.24585897478916066,-0.12922261923707531,0.42464267895582575,0.178614032527363,-0.7742832457165667,2,1.106415197836292
Saint Louis,2017,-0.03733237259422326,0.9035683155043379,-0.5991544025834012,2.0591992848269682,0.5771521478270448,-0.9263953459476689,-1.3561375815374452,-1.257246769171489,-0.052636369682903916,-0.6673391953360936,3,0.782797432346863
Saint Mary's,2017,-0.1251490162082194,-0.7104154988600915,0.6178107524890084,0.06322994675639194,-2.150258711570973,-2.439373528255423,-1.6872098729518314,-2.9738842482250893,-0.6181310507180948,-1.612093778651156,3,3.3056852851911422
Saint Peter's,2017,0.5572885546074814,1.0558852201595557,-1.2708670911325355,-0.08615972047510916,-2.199659152816753,-0.3521927827826778,-1.0380485172373493,-2.373562575718071,-1.3177120994214233,-0.22231395343025012,3,1.9758409889497823
Sam Houston,2017,0.24980708125536008,-0.6044254234528732,0.18725943149472907,0.6901448974647174,1.5202711287177664,1.6957963591724574,0.22132451284874427,0.8814521586941078,-0.4607253147598457,0.6056399849992263,4,1.757925964255194
Samford,2017,0.1869552309111801,0.4364453916069243,-0.484090896726753,1.7928730441373362,0.8755550147122929,0.2584670859800903,0.7425083441509427,1.1365535564700324,-0.03514684346532076,0.664779552029903,1,0.7804846365048045
San Diego State,2017,-1.301544906759667,0.144415840805312,1.134699315179818,-0.6773965460589709,0.02823808538193378,-0.6584341498040066,0.39659807889165544,-0.05886345868923833,1.579719410624864,-0.32580819573393427,2,1.2991705895722399
San Diego,2017,-1.3048106030823743,1.1474478120806877,0.43333334817827185,0.9111364000706097,-0.15989056335378368,-1.4099343465076615,-2.240705344666284,-2.082657472991138,-1.188841906239231,-2.5318696764177355,3,2.5171425552474527
San Francisco,2017,-0.4097358887984446,0.5666010239366757,-0.008803278408217137,-0.5560496609488065,-0.7528049306777606,0.24327654198101722,-0.6918291275229589,-0.4158076625540028,0.22395724864702377,-0.3948043572697237,3,1.3541698767837131
San José State,2017,0.8559668086642653,-1.3871121643508406,0.1612765377645417,-0.028013961764321204,0.9741401782742843,0.26230469709564574,-1.6462102083803907,0.24042012731837734,0.5723840672507282,-0.4401965688064276,0,1.538914593780528
Santa Clara,2017,-0.783242561084979,1.090310177968741,-0.02189026681251786,1.5430540327207787,-1.066867020914093,-1.5106716382909935,-3.081198468380824,-2.510428482725552,-2.0050197963931145,-1.943586614902055,3,3.170464892033431
Seattle U,2017,-2.1056569142668664,3.1012690483901535,-0.17831462871534068,3.381017835193659,0.23795805913343923,0.834492514424971,-1.5833440560375147,-0.46129085750629845,-1.698595114826569,0.8954238634495431,3,4.6664609674244595
Seton Hall,2017,0.3198749316525858,-0.7341836492171142,0.21184739628516244,-0.3933118449422134,-0.2517401456196521,-0.25649235558851263,0.49397228224882767,0.012327629062181678,-0.41991642025215165,1.1955571661302276,1,1.5702006438925553
Siena,2017,1.9881668787218874,-1.431787607383072,-0.8826408460227808,-0.6253821179311924,-0.20482302209068717,0.5004110231289753,1.2517206283737317,0.864193713178614,1.056623581026238,0.4362857703204695,4,2.0749719637730464
South Alabama,2017,0.5738375475087959,0.7871948337306517,-1.0978728322509803,-0.05925838119603073,1.4945403435791833,1.2898250732856305,-0.08822295466563457,0.9616982532209275,1.0878648399794968,0.8017343388377866,4,1.7547589602195495
South Carolina,2017,-0.680496374356516,-0.6845114860398126,1.1270524648770641,-1.074991259024954,2.023809921124804,2.2508588368986153,1.1950665464204668,1.712014849127349,0.8043504149786737,0.7608813484547531,4,2.1585831274934697
South Carolina State,2017,0.8684300749636554,-1.046094596858003,-0.09006992920413612,-2.2075014885078956,0.3794426294231423,-0.09699164359823689,1.7533453123349212,0.45430563218558434,-0.3655045609085589,-1.257256376467095,0,2.5759906315711887
South Carolina Upstate,2017,1.2199882884476991,0.42867558856836013,-1.4597457292425493,-0.20996021861734063,-1.631862755158572,-1.261346841127247,-0.12922261923707531,-0.7396282353121999,-0.9096231543444815,-2.111083875472492,0,2.560628711433671
South Dakota,2017,0.1919416844369644,-0.6113393641834397,0.24707238366786752,-1.2761209066402155,0.30050115548119766,0.12630935318814807,-1.0705065850230742,0.6075642238726694,-0.161460088370088,0.7091342273029105,0,1.6562988191689392
South Dakota State,2017,-0.03064298054763244,1.6440070179330808,-1.1255458596297234,-0.9329770356548424,-0.284403188503378,-1.3992680450247201,-0.6561888962288306,-0.23841156970936742,-1.7017958124350157,-0.9285099597377442,3,1.6148980739544945
South Florida,2017,-0.0009353830974380707,0.2013895192943994,-0.1405551539223934,1.718909852068797,-0.3749819265786909,1.7330691571322892,1.1007673179061535,0.1904614692472035,1.646302343768996,1.5861117541920273,1,1.8651042396747892
Southeast Missouri State,2017,-2.14906744213459,0.7923286484466067,1.484570761473409,0.37521434115555585,0.37622573186510455,0.9200599552103418,-0.7707467825313872,-0.7444266542170128,-1.6537853483083167,-0.6728183022815822,2,3.0549423080454856
Southern Illinois,2017,0.5074184070741831,-1.2931111081607567,0.4262860551957841,-1.314814360765516,-0.4297022914978394,-0.14064447003768055,0.40377302019165695,-0.24355437274610392,0.8301244536151126,0.01735692348354579,2,1.9827101899187312
Southern,2017,-0.7986445476505428,-1.3716408168826557,1.7218594812759678,-1.3183582021810958,1.3138606455371218,-0.3795357619810113,1.7347978450287933,0.41616754946160756,0.6061357845127305,-0.2370988451879193,2,2.4896581367702164
Southern Miss,2017,-3.0018814828323737,1.2475410928583943,1.9748085559473894,0.8299585912815403,-0.8573145841098812,-1.4502292632209939,-1.2977130595231423,-1.0616273986615516,-0.8022313266926545,-1.257256376467095,3,3.394982270266958
Southern Utah,2017,0.13555906123458059,1.0039552613477662,-0.8338617256382878,-0.6069854359828424,2.5246958095241414,0.11567597238879608,0.30355161790591234,1.7858426438325274,1.1308215710402274,-0.49829859957340894,4,1.0550364948239332
St. Bonaventure,2017,0.05951691345979241,-0.4602685394864063,0.26673857363517606,1.0500037211141677,1.9015652028870982,0.7387920872308057,0.1823748315058762,0.7598340504520967,1.457292727101781,0.5745917123081206,4,1.1521738660569931
St. Francis (PA),2017,1.307332627215951,-0.1487247204266124,-1.1371698493108373,-0.9551791208149861,-2.1793519346944557,0.7324120587511938,1.63278677484509,0.19298913944723337,0.7421654328717113,0.9309076036679491,1,2.4067256935423886
St. John's,2017,0.5553814934263539,-0.31542925530925103,-0.3059295355621227,-0.5150117766025243,1.0739930931092483,1.0450334542521331,0.3186987162059165,1.4213179074757158,1.2532482545633101,0.9782192572924904,4,0.3879344399119318
Stanford,2017,0.3367869761774743,-0.14551262136068746,-0.21766069950944497,1.3680385997178768,0.49100442660989646,0.7256962392989714,-0.21122194837995678,0.028095830515895325,-0.24379382290315538,0.6383223773056529,1,0.8720959417162484
Stephen F. Austin,2017,0.8088241486829366,-0.680751609425202,-0.29005413603995867,0.047272917049581926,1.7522837233715791,2.7867812291859413,0.33817355687735123,0.36828306781928505,-0.6239608927906225,1.1955571661302276,4,2.311091822483815
Stetson,2017,1.0275682257843994,0.06896744624610719,-1.0243601588679876,-0.8749006064861845,-0.42522225207490005,-1.8833996178893206,-0.12922261923707531,0.5644823156104006,-0.5015342092675397,-1.878221830289202,0,1.8902500772679438
Stony Brook,2017,1.2318217502261755,0.6705315042234625,-1.6408490443086134,-0.6892730616664126,0.2874623149741196,-0.6787001226215938,-0.3583383918421871,-0.7060393029785028,-0.9816388505345298,-1.0380920986475273,0,1.3195276308252977
Syracuse,2017,-0.15760405674142414,1.1798762305058021,-0.6789892488076595,2.189519423595515,-0.5733973683167624,-0.34211905360434436,0.5267720139059806,-0.6650805502216213,0.6582975293721899,0.6710047696120794,1,2.0368210701044935
TCU,2017,0.3386294855110412,-0.6689952461617062,0.148251167265271,1.5664833296917875,-1.5784795149409898,-0.6165082483665624,-0.07358021731869135,-0.7901258818819084,1.5972089368424462,-0.45887222155295676,1,2.726688449273381
Temple,2017,-1.6587780363298015,0.6858729471286052,1.0936916450246286,0.5903458655469394,-1.6636816978313196,-0.6241834705976732,0.5472718461917002,-0.7930996115290024,0.3146436808863438,-0.30946699958072044,3,2.410312837156332
Tennessee State,2017,0.3940845008032324,0.4226396434094596,-0.6711133556231694,0.41877149658851637,1.603552788346449,1.3704149067122953,-0.17504577375809738,0.009361333739205143,-0.5495446733942386,-0.23448974664244826,1,1.998744580141563
Tennessee Tech,2017,-0.28116989471519344,1.200458249805423,-0.5760894795595273,1.2277574015632835,0.8568399454349763,0.6526617027560565,0.23593064335232067,0.5099236694913818,-0.450523091132922,-0.05413580968676242,1,1.1964258912035646
Tennessee,2017,-0.4824478772917158,-1.4275056958080194,1.4607911784868077,-0.16199110638936395,1.844909860833869,-0.4831512621010087,0.7522701690489053,1.4238158403792753,1.560388881647535,-1.257256376467095,2,2.584512871337446
Texas,2017,-0.20754084414523494,-0.9334730779650251,0.8527233178113995,-0.5571813817496656,-0.6041516760014454,0.22200978038231325,-0.09027293789420585,-0.21607711080696101,0.5186881534248147,0.29515725808817284,2,1.0158520976421868
Texas Southern,2017,0.9560393918393055,-2.4961508610929077,0.8451537792135461,-1.5052667172676117,1.1314440673877397,0.19949203280721564,1.3600299026961478,0.979514392312488,0.2186227526329461,1.2266054388213334,4,2.0921855618929848
Texas State,2017,0.7546948901002324,-0.5575981122671977,-0.3251408520227688,0.0978860313889845,-0.24203252515382329,-0.7924147478758371,-0.26554650393711704,-1.3907300587054028,0.8859682039940624,-0.41895301380725053,0,1.5107574944608513
Texas Tech,2017,-1.1197660130454408,0.24845583101208227,0.8889855521085297,0.08491656717061984,0.651924190444973,-0.4831512621010087,-0.6007187618086458,-0.6931822953866582,-0.8022313266926545,-1.387985945692802,2,1.4456488214023437
The Citadel,2017,0.07350216552371633,2.0460168802981333,-1.5068034002296498,1.157245693237723,0.22791388814189356,1.8106368718054546,1.6624627225348947,2.4535886798713142,-0.052636369682903916,2.2201501649367046,1,3.304608984674664
Toledo,2017,1.4186634139762586,-0.6143578902690249,-0.9158731517314194,0.39528957458759906,-1.3743615738620247,-1.1077224711576659,-0.35472077438,-0.711916792163345,0.3146436808863438,-0.9631148457092552,0,2.0272927952436857
Towson,2017,-0.308308861986933,-0.9562396563227135,0.9644164763248232,-1.8688669832188063,2.3953520450496524,-0.04595141576134898,0.45502260090595825,0.8784858633711312,1.0083948875171445,-0.015325468822880725,4,2.3374092177230317
Troy,2017,1.3920727972966174,1.0695808212001854,-2.073313247748681,-0.9205834059250363,0.6751302486898548,-1.1269105267354442,-0.12922261923707531,-0.4906713064195839,-0.6569966645349463,-1.0206981083443871,0,1.571789870482393
Tulane,2017,-0.6072631115509883,-0.01750981343938463,0.5890393144296031,-0.6936709990314653,0.1895950813228806,0.9674657395789678,0.7522701690489053,0.6432118080172045,0.6582975293721899,0.14808649270925295,1,1.5738243839298656
Tulsa,2017,-1.3925298890746804,1.2844868801860247,0.4203960288413609,-0.2875760255216976,1.13229295428257,0.22200978038231325,-0.538194273337199,-0.4949088711666913,-0.175063053205986,-0.605242649953882,2,1.8682320098757954
UAB,2017,0.24372349772037818,-0.23174314257863868,-0.06871170075173139,0.5361467556988176,-0.6192428932789734,-0.9868377210176683,-0.6007187618086458,-1.3020534406290707,-0.029010167599502222,-0.7016557072578409,3,1.2769925518395682
UAlbany,2017,0.34168007381832965,-0.6319437316157261,0.11933121558993921,-0.19399449764910418,-0.6643903538970181,-1.032729153941186,-0.6269129919515116,-1.8528129523511983,-0.6829070737461805,-1.119264053395516,3,1.8798806200918747
UC Davis,2017,0.3666891424369637,-1.394301091187467,0.6310117129962916,-0.9620246053340754,0.695821169312689,0.8868759061523027,0.3217736910487755,0.7556187886773422,1.0019513778580351,0.3114984542413866,4,1.3488009232369276
UC Irvine,2017,-0.12872566765389468,-1.5879671843204104,1.2375455843281018,-1.7373208448453907,-0.2090880476042607,-1.0069851793743338,0.588271510763141,-0.19047329854548342,0.5294273361899977,-1.3226211610799479,2,2.1092792711661135
UC Riverside,2017,-0.692244356288478,-0.14886860098988083,0.7620075989260081,0.5071264327097628,-0.2659378127810782,0.4851859551662675,-0.6160936360229365,-0.13895343240958793,-0.7055786818060106,-0.015325468822880725,2,1.615513945194535
UC Santa Barbara,2017,-1.6169297813302557,-0.575010442595318,1.939513112803399,1.4449983461592737,-1.0597728446744925,-0.7222344346001158,0.026576106134399754,-1.2206624601881197,-1.644183255482977,-0.8018817103308835,2,2.38925932661559
UCF,2017,-1.3216629381562144,0.5667962527856193,0.8571523576017499,0.5133870952129546,-0.9234940200330025,-0.21821218471084602,0.4160729195630888,-0.6639877045763167,0.5186881534248147,-0.8846771041738308,2,1.8371121333478122
UCLA,2017,-0.4513322461556388,0.2441763572462595,0.2571535216897653,1.0429806642672783,-1.9918151599868212,-1.2134966275301644,0.35764839754878597,0.41871008830987266,0.028981419332484874,0.046771076559329765,3,2.1634253918433854
UConn,2017,-1.408810593348944,0.09444701570752778,1.2716687367391735,0.9570898289542189,-1.0197765356079027,-1.3091970547243297,0.4828438018651509,-1.0161293350610208,1.0142247295896722,-1.1981168094364183,2,2.438443608527264
UIC,2017,0.8453671312439406,-0.8768499586438416,-0.18703310082157304,0.1334094294192518,-0.775611495763049,0.8919127707414695,1.1561168650775988,1.3115649805256075,2.4775150897941356,0.3262055307792786,4,2.37477555609405
UL Monroe,2017,0.020910852076816176,-0.018412907657937256,-0.006927767517517119,0.33393323424129007,-1.474989472508053,-1.0875750128010002,0.014276206762967949,-1.0023014922020343,0.27168694982561337,-1.257256376467095,3,1.86441155946198
UMBC,2017,1.0511190611009509,0.5171313523106312,-1.361489874693566,-0.11400598310924105,0.6904538500520837,-0.4957434235739256,-0.9082162460944534,0.4098112023409464,-1.7768121626329827,0.13991589463264606,0,1.495602175074335
UMass Lowell,2017,1.5097958101756004,0.23492908944392932,-1.5989117171030596,0.6839328904579867,-0.42922191981861163,-0.18631204231279141,-0.7783839749515574,-0.44942567621439566,-1.5897713961393842,0.7298330757636473,0,1.7477581862800633
UNC Asheville,2017,0.21895518756155227,0.2490356805920462,-0.38285753355977353,0.319985173060441,-0.5459751892173275,0.18372960950464662,-0.9471659274373229,-0.750010268942616,-1.562565466467588,0.17096416732375183,3,1.5607483451865825
UNC Greensboro,2017,-0.04008995298436789,0.4574959992916955,-0.2832418566193758,-0.018123828607381463,-0.48762953298754524,-0.06509150120018228,0.6108213262774332,-0.31099856114218655,0.3962614699017319,-0.5741943772627773,1,1.6395966213632587
UNC Wilmington,2017,-0.6376557095774712,0.5444386938833455,0.22322652927795067,-0.20538207106145365,-0.2526690515483463,-0.962852651545446,0.13044192304871785,0.0008862042449869498,-0.11287807109902367,-1.1094074588904033,2,1.2741436210601087
UNLV,2017,-0.28479525224378033,-0.5011628021631815,0.6224668885436285,-0.1673722267391071,-0.6329416870130081,-0.825658054164337,0.3832731879059359,0.5432944918748602,0.22873021876488214,-0.1787374303550144,2,1.1567098948795664
USC,2017,0.5630699452775548,-0.29961787116861816,-0.3243364955394601,1.1143636228689513,-1.1978802763593241,-0.447893209976843,0.3771232382202207,0.033091696323010684,1.1716304655479222,0.3883020761614891,1,1.8222715511952594
UT Arlington,2017,-0.332056891065984,1.955684943930467,-1.0581845600899236,0.7001855773559419,0.23433927921047779,0.17096955254542534,1.1691000921918877,0.9941713809671925,-0.6103579279547245,0.6884353788421737,1,1.3230140190781166
UT Martin,2017,-1.6998391503898385,1.9151789592099144,0.269300592815128,1.0922400909052372,-0.9736880573575714,0.6273292367340716,1.566234098040747,-0.398940493070413,-0.5495446733942386,-0.015325468822880725,1,2.4266666576057414
UT Rio Grande Valley,2017,0.5302805981925348,0.3825181689952813,-0.7722852728187233,1.3432623191596738,2.2076267219694756,1.829776957244288,0.5459051907059861,2.208374933171977,-1.4809476774522001,1.1438100449783861,4,3.084540137449537
UTEP,2017,-2.0424400918886745,-0.5071313370120384,2.295962802546495,1.0421118133938418,0.37311071471300755,-0.745068220737672,-1.851208531237595,-0.8617927663768631,-1.618409216846538,-0.6036085303385613,2,3.002589326051006
UTSA,2017,-1.381019591473522,-1.1288754338558307,2.1044604493485943,-0.45649540532593885,0.09903984452267926,-1.0472800960876663,-0.006223625522753109,-0.5027149114903131,-0.8881447888141163,-1.1918915918542419,2,1.6199603812892869
Utah State,2017,0.44870133795811173,0.029793856416345948,-0.4470745530725278,1.2344070367336288,-0.311388631005256,-1.1752164566524979,-0.6939929987086741,-0.8834935584765299,-0.2974897367290688,-0.9778219222471471,3,1.0452353087700386
Utah,2017,0.5933312282378974,-0.9874806981041534,0.13003542332147885,-0.5473604757395258,-1.331885763493818,-0.7249207623810051,-0.9287160783801744,-0.6900598792572081,-0.11492362972096319,0.2461336696285325,0,1.3903537734498532
Utah Valley,2017,0.5261206648308699,1.106923134149916,-1.277111597690412,1.038474763225976,0.9265683035384058,1.7532166154889561,-0.2752839242728337,1.4035201355378601,-0.19546750045983338,1.0713640753658067,1,2.293179939767959
VCU,2017,0.9988913259867654,-1.8420702559454543,0.3450699211711911,-0.080124853445592,0.6882258694494888,0.03972325239342784,0.6126760730080468,0.5687198803575114,0.9753591157728208,0.014244314692457603,4,1.6016633975413295
VMI,2017,-0.9687132624335107,1.3097562042546238,0.00013320974641953975,-0.23987307745994677,-0.6909255079359014,-0.3734595443813818,0.4333838890488082,-0.1422493161017826,-0.7282502898658406,0.6401380657671211,3,1.4464123165886222
Valparaiso,2017,-0.2773098590085771,0.31410850511469235,0.04276165173020276,0.41328099374536886,-0.29472750030066586,-0.825658054164337,-0.23172178066567783,-0.26541128565224414,-0.7163178645711936,-0.08069025343573376,3,1.1524053370113319
Vanderbilt,2017,-0.8435925587743665,1.1995898713148154,-0.041324803367366,-0.8227675473802294,-0.778508236059445,-1.18159648513211,-0.8896687787883254,-0.9285529969541141,0.15918122561893727,-1.3755355105284481,3,1.2545683063893764
Vermont,2017,1.3557762566542024,-1.4692738811782566,-0.2557067246248986,-1.6108718809216058,-1.1882773855463091,-0.8625950611515583,-1.189519500237395,-1.918730626195105,1.0854783549205673,-1.0847659726276202,0,2.8689569113786977
Villanova,2017,-0.8703261628049004,1.8120572350623863,-0.44609399358666557,0.749582136463663,-1.3352951924154453,-0.06964866439990476,-0.5929093018902762,-1.4794364140782021,-1.1622496441540167,0.576070201483888,3,1.494318898969164
Virginia,2017,-0.5688467709085786,-0.007154289184529041,0.5452807357983459,0.03819500686803308,-1.010449447167441,-1.270916883846663,-1.5314111475803565,-2.2776523602751846,0.35545257539403785,-1.257256376467095,3,1.8775951866373546
Virginia Tech,2017,0.9414767346100903,0.14923643126989564,-0.9989716686694405,0.2524867358562186,-0.0857672357214374,-1.0412358585806674,-1.083489812137363,-0.7856058128183244,0.23302589187095576,-1.4124977399226217,0,1.4897729609231023
Wagner,2017,1.931327392187609,-1.046770143003369,-1.0990705827084615,-1.3204005754866919,-0.1550704938471634,-0.17993201383318078,1.9740601732778449,-0.21607711080696101,-0.052636369682903916,-1.3193529218493054,0,2.329781096917297
Wake Forest,2017,0.09119315813691807,0.13380343219184854,-0.18058494835355413,0.4913648116537174,1.4097299704707946,-1.4431776527961613,-0.26554650393711704,0.747968869160194,0.7227326259632856,-0.8846771041738308,0,1.555265359259583
Washington,2017,0.013026760283641105,-1.329872103717722,0.9216477669031146,-0.6447916316720892,-1.4740989340397659,-0.28839249798656724,1.3854872107633822,0.6125080494109648,1.5389105161171692,0.6401380657671211,2,2.7623429585199526
Washington State,2017,-0.004347256796429712,-0.5194793846626968,0.36897890163294655,0.6399509614203692,-2.370055616939726,-1.369639429794329,-1.60521054380895,-1.6267847180916903,-0.630404402449732,-1.0611620226285348,3,1.79388863888689
Weber State,2017,0.4582160373613805,-1.1318399741249594,0.3597486132885113,-1.8679663156304098,0.3378458940515847,-1.1390629619347032,-0.9514936698087519,-0.22794229209886377,-0.7282502898658406,-1.3952486995386737,2,2.592352627711709
West Virginia,2017,1.1097323561922219,-0.6303129864592745,-0.6112633832920714,0.9832796049128665,1.0874870086392638,1.8261312266845102,1.1876475594980156,1.3908074412965343,1.5194777092087435,1.433593923428703,4,1.7775753162357704
Western Carolina,2017,-1.0807734698431386,-0.3816764450475494,1.2945186889746105,0.49017570347017375,-0.013240613265458839,1.4711521984956273,-0.04722329009419384,-0.28102336629948427,-0.630404402449732,1.520746969579173,1,2.3111122548707472
Western Illinois,2017,-2.7650306452848152,-0.008176882620624262,2.6318005842751293,-0.1996014202006303,-0.31260426653649825,-1.5388780799903266,-2.206538957523417,0.19524917397902536,0.6411148369478975,-1.257256376467095,2,2.7329314199251873
Western Kentucky,2017,-1.2447514641153756,-0.3866067431034741,1.4537177335954408,0.5730475484846719,-0.8573092210377543,-1.5431314323100664,-0.5187194326657644,-1.4606027929799437,-0.5922206415068598,-1.878221830289202,2,2.352490008594233
Western Michigan,2017,0.30521532337406193,-0.5811397067854995,0.11828161384333809,-0.5557282387551173,-0.005924297991702109,-0.5032987204576757,-0.39572043895144215,-0.2529216211344507,-0.5874476713890014,-0.8650676687899745,0,1.3833197292784176
Wichita State,2017,-0.8967339357319014,0.05967827919305598,0.8097489322846808,0.35998001183306116,0.3874185105416158,-0.7441088179587835,-0.03648528270643539,-0.1177656086740475,0.15918122561893727,-0.6954304896756645,2,0.7852513738117219
Winthrop,2017,-1.2213948212758035,0.7594563097816526,0.6266113187807938,-1.9509760109614338,-0.015620079615862523,-0.12251175751668085,0.22132451284874427,0.5462607871978368,1.8653816721787229,0.07781934925043556,2,1.3596074117671486
Wisconsin,2017,-0.28614597115940343,-0.7694320959109491,0.8121654537598277,-0.5951191779295772,-1.257698931844109,-0.6711942067632279,0.5941286057019188,-0.7844757955524317,0.4701061361537504,0.19166301578448866,2,1.1248217840480645
Wofford,2017,0.013367022741716798,0.3613422396754322,-0.2664795905584747,0.21899495846177117,-0.07764401672298882,-0.14165184295551417,-0.7329426800515436,-0.2843019032354045,-1.6033743609752822,-0.015325468822880725,3,1.6294267872010844
Wright State,2017,-1.0566880779894126,1.4347756154603146,-0.004119560699219377,0.7047994844851836,0.45304433480148054,0.9070233645089697,-0.8262169169515718,-0.08118873401479573,-1.3606688304821537,-0.27678460727429394,3,2.26325888006874
Wyoming,2017,-1.3160689269268668,1.0092971346007373,0.5410542967327264,-0.10460619365080819,0.8007309675359848,-0.22459221319045802,-0.5619968563800629,1.828689131831068,0.6773894098436256,-0.015325468822880725,1,1.3547168164290957
Xavier,2017,0.24768339836651154,0.38592068203064545,-0.5062813839504318,1.1825973332970225,0.5911922127612316,-0.5253649843721196,-0.07358021731869135,-0.2081669899456925,-1.0456528027034624,-0.015325468822880725,0,1.5723078122527798
Yale,2017,0.9292887010120074,0.5665110834111622,-1.2804640855764153,0.6702532800727239,-1.2960349592776006,0.08529488439064851,-0.2126862221146519,-0.7745881444758445,0.7810310466885628,0.6499946602722338,0,2.145307211230249
Youngstown State,2017,-0.6146426531882292,-0.4819892992482758,0.9222695733348162,-0.1481058555722241,-1.8522437446274616,-0.6846258456676726,1.0392678210489918,0.802455030619066,-0.5874476713890014,-0.1787374303550144,2,1.2181766147179682
Hartford,2017,0.07331175275462154,0.6963573832159761,-0.5587053281920752,0.24028657876682297,-1.3153768946589677,-0.18471703519288876,0.4063354992273721,-0.33547049755673874,0.2636325627517261,0.4503986215436996,1,1.6080024365554086
St. Francis Brooklyn,2017,1.8172532400444903,-0.5803869061220103,-1.3182885996130085,-1.6267223767324144,0.9085841699409996,-0.0544581204008303,1.1691000921918877,0.5927327472577901,-0.13878848031025798,-0.4293024380376184,0,2.2489377826264763
Savannah State,2017,0.49832752299738725,3.8069542507895653,-3.1470499747606246,1.4411459761693812,0.06820360457932446,2.104118181867562,3.1490422271210576,4.473635794817877,1.0628067468607374,0.8643755907584373,1,5.370025362234129
Abilene Christian,2018,0.07495241016477511,-0.4708206417287921,0.28872254516483115,-0.03525637530862308,1.643095598203664,2.3666558909857054,0.02582886563601376,0.4674104068657318,0.41228153096304215,1.3165410490082785,4,1.7350892865305825
Air Force,2018,-0.45425055835493694,1.0357692653300379,-0.3721918826818151,1.4044100100683239,0.6646474791795748,-0.5800602711548852,-0.33298469314727625,-1.6284019175212425,-0.008565328330606602,-0.3146625304535365,3,0.9064912717986792
Akron,2018,1.347009998600909,1.8334614550214368,-2.6137841419696826,-0.4289452620427399,0.8152102071182026,0.5522653858112182,-0.311635286399671,0.08923758612287579,-0.5162967005106854,0.24493674378599947,0,2.5317214419958884
Alabama,2018,-0.5438399153030881,0.2786708811696941,0.2830418514002723,-0.6765507897151093,1.3460487718868202,0.9420259390111384,0.5539112969119918,0.6374230812476196,2.072913500476905,0.8802355255508086,4,1.1356195983679882
Alabama State,2018,-0.09260205646236132,-1.6170720597700248,1.3097556971213629,-2.329964152536467,2.1906836234607137,-0.6765217017580002,2.4505712913738935,1.2624421279766307,1.5884806241630978,0.10949233346050621,4,3.175625392704319
Alcorn State,2018,2.599072621587161,-0.40827711754122115,-2.0526375597951865,1.8660246353631564,1.0472734669122803,0.785147992546216,0.6910474573439438,-0.0625113926226199,-1.1541080110178927,0.3495983335829708,0,2.7307111111235844
American University,2018,1.537402225522526,-0.22714679433758658,-1.2250566212432141,0.1184666898998658,0.6215272883159904,0.713399821023238,-1.2886248047067717,-1.3497310049669067,0.4068512489076402,1.1823546363019077,0,1.2932177704736996
App State,2018,0.8003848825618262,0.007585581008767823,-0.733150775904405,-1.1231304252806384,0.6676800717371536,0.46895778665398197,0.17126796146284012,0.5629781374652468,-0.03395189693961035,-0.43228530784146324,0,1.1932287870168923
Arizona State,2018,0.15853056513264382,0.44082858607425274,-0.4781839886900045,0.2121181290687011,0.14409024374333337,0.09955435354887458,0.07367067347378493,1.4428448766302282,0.5914808387913059,0.006126862422630759,1,0.796710346924869
Arizona,2018,-0.16657689374793513,-0.9830938175843369,0.8964856902421551,-0.18115455140089703,-0.3510624265338454,-0.06956633646957248,-0.38430072750660066,0.3693682034572592,0.3606938514367241,-0.732197930705054,2,0.7735633864332282
Arkansas,2018,-1.0706829820379156,-0.18872091579386496,1.1160862335493664,-0.027442944824633435,1.2862362570458263,0.009774234156365394,0.7930633815677121,1.3009252539960396,1.5717760422212423,-1.1514306293315795,2,2.048271530747066
Arkansas State,2018,1.0596976440168189,-0.18976266781702233,-0.8192455187738958,-1.008036258633674,0.14299054065749084,0.7791689782526344,0.8259831017227505,0.32229447035910885,-0.2393523156851876,-0.3146625304535365,0,1.3261857509959152
Arkansas-Pine Bluff,2018,-0.6060876278213543,-0.8401038144319287,1.187545748163818,0.61742883502288,1.0435689436239066,0.9420259390111384,1.41853806451344,0.9320180459479172,-1.0174341587663478,1.6864522536787412,4,2.377363959304103
Army,2018,-0.5966283095677368,1.2684446937516312,-0.4191442776578355,1.4973148276193162,-0.7021604940306393,0.4503231921056534,-0.5566451447888612,0.4630966156497184,-0.05472272580152265,-0.10080293520275872,1,1.7326152848820384
Auburn,2018,-1.1165527658611523,1.1763884783889123,0.1231411987390085,0.040145182695206665,1.2890540221683602,0.20916961559786826,0.6836537234053788,1.8124505080180822,1.3761565957968818,0.8259219775506111,1,1.2849478312753244
Austin Peay,2018,0.11343080701237869,-0.6674900505595518,0.40281082659946865,-0.3330294325989154,1.1158226262567412,0.7813612834936134,0.9052808982138578,0.4403629359413397,0.8430386550077992,-1.109507359468926,4,1.6433029920110211
BYU,2018,-1.5350988171840692,-0.1271559756053366,1.4914934096403558,0.5728202870750914,-0.4183059202968496,-0.32742319100387207,-2.6102547462252237,-1.246923089357889,-0.26572797138285426,0.42875415779916726,3,2.073310266431339
Ball State,2018,0.8501090791334267,-0.43192054871650076,-0.4452340886200597,-0.8617536083342741,-0.440618728978913,0.2213490891588679,0.6949497058115197,0.6679441811940463,0.11708536478466598,0.004146680985123502,0,1.5347810132846973
Baylor,2018,-0.4213245639272862,-1.4160256537449942,1.456128164013287,0.3691300284137009,-0.05469511199778907,0.5380154017448477,1.7002921399580337,1.043905464973493,2.2531471477442913,-0.10080293520275872,4,2.991467666911083
Belmont,2018,-0.4116290924163678,1.8212308766845515,-1.0062373226022399,0.2937898319586671,-1.5981274760357032,-0.2808106057611324,-0.9876998334071866,-1.3849315412895606,-1.1740396144712426,-1.0756462568875536,3,1.4145875594819277
Bethune-Cookman,2018,-0.10168024107228638,-0.6913854796069491,0.6164175387260795,1.7679445399602836,1.0854170432346704,1.592008306062094,2.441656154490277,3.506814785241167,0.22577222806019925,0.14595813624044637,4,2.502033901577308
Binghamton,2018,-0.06399748129095707,-0.4313987163915541,0.38512392186575917,0.026674065051954444,-0.18767234373699682,-2.24151445735463,-0.45788598432374494,-0.6603871686482872,0.17276730459085052,-0.9256899454557581,2,1.7143772743272423
Boise State,2018,-1.4225948974772045,0.08556105638358283,1.2280274950418164,-0.7905703558481799,-0.1421129721547095,-0.9746752145312613,-1.512285256348356,-0.6750540587827247,-1.9933334195800068,-0.3503057963286659,2,2.5553758654935224
Boston College,2018,-0.7422037988562639,0.8823075404741574,0.005814678846252442,0.16300410910454913,-1.0006557506314258,0.049444519469334335,-0.3107154706894564,0.5365707509898607,-0.22396651652821586,-0.34521390120364687,3,1.4205402011981179
Boston University,2018,0.4857932267103856,-0.15223068292281075,-0.3261186514079687,-0.13296528250963535,-0.40849430088023087,0.5730922856005258,-0.09915785734016583,-0.9028308625705607,-0.25319953492646274,1.7009641547850434,1,1.3023749129373647
Bowling Green,2018,1.027772113291769,-0.6398419581143969,-0.4491108355898192,-0.5310359302919625,-0.2315174976159138,0.40647708728605625,0.15839054151984056,0.900169941655994,-0.9547919764843903,0.1922639175483069,0,1.197056981957976
Bradley,2018,-1.9762708875385002,0.1951586331786651,1.6481511255084376,1.6088679289273324,1.600221397994265,-0.5581372187450859,-0.17032254649885234,-1.1883952134880806,0.26837905649489124,-0.0651596693276281,2,2.2997034826388107
Brown,2018,1.4520469231029585,-0.6538604508983493,-0.824073257723023,-1.2068319180580709,2.267626296100466,0.257713517362422,0.31475921225627285,1.258461114940141,0.9244734919743449,0.8641111909882501,4,1.5818690401543842
Bryant,2018,0.21920120003536314,1.261569456406295,-1.155371337039807,0.12014114046971527,-0.691567304664319,-0.19518890662730745,0.6949497058115197,0.11060235608537444,-1.6856174364405647,0.4556280487367649,0,1.7834936749627621
Bucknell,2018,0.3701036150657589,-0.4447363299966756,0.0007151795202440575,-0.3676891077455998,0.8577194488383488,0.14862023275175668,0.07560712760055253,1.1310686977724451,1.4047302228026872,0.9769815329261613,4,0.8875498235835684
Buffalo,2018,1.0183547947214502,-0.008680587459602727,-0.918916727401841,-1.0604803063385733,-0.13942331694544782,-0.2950605898275029,0.48032604009484753,1.4897789250604303,1.0530548135004687,-0.13644620107788816,0,2.1250509715358534
Butler,2018,-0.5109657607545177,-0.0661381478911633,0.5145000793012354,-0.42150744653513117,-0.32819792340780946,-0.44742580407560345,-1.0456482231506874,-0.12812572566950498,-0.6916948109001675,-0.6015908207483289,2,1.30629716411482
Cal Poly,2018,-0.621303573333426,-0.18517862924676934,0.7049988645795298,-0.29883188395957433,-1.1721361338618779,-0.8084254004236223,-0.3567062562001722,0.36140617738427677,0.9453542194016641,-0.6918870942986581,2,1.405427126610383
Cal State Bakersfield,2018,0.5050765457008931,0.8108207228328161,-1.073551394937976,2.1615842731089194,0.33801553358801184,1.6040238251713104,0.23887441616359195,0.20349266027015414,-0.18742524353040688,-0.5507991668762696,1,1.448993048007123
Cal State Fullerton,2018,0.598086779140942,-2.0731569450377125,1.0277195048394958,-0.5873559552379154,0.6799103835737639,0.18724656318806893,-0.7193072914372851,-0.32304869555619786,-0.008565328330606602,-0.029516403452498667,2,1.9478745436450478
Cal State Northridge,2018,-0.5710288118326501,-1.578568135715287,1.7153744143619833,0.5327200827720141,-1.3179037312408832,-0.45436810400537264,-0.6013772351171777,-0.5860749253004653,-1.3348212156616013,-0.5903037865545385,2,0.9885601450546668
California,2018,-0.2226550170056426,-1.041862348426367,0.9919916630979275,-0.14100818093640177,0.5090105588044564,1.9191677035621668,1.2936367733369714,1.1407069398607896,1.3761565957968818,0.576419116424704,4,1.520230693637401
Campbell,2018,-0.43320812733854225,1.4746189631244306,-0.7239248066612542,-0.1876214659120773,-0.0796582299075981,-0.5654449028816857,-1.9234590159318743,-1.357064450034127,-0.5162967005106854,0.15464047023567024,3,1.1844383064467994
Canisius,2018,1.0818954942642707,0.8063006776847828,-1.594347161524895,0.7024990492388641,0.7399171079401641,0.3601950877542592,0.351551840664845,-0.19903199119722031,-0.9060702791539788,0.4556280487367649,0,1.9221513079026817
Central Arkansas,2018,-0.06183709750650123,-1.2137371926989706,0.9761038967018785,0.4640421405631529,1.2510815201454082,0.42961808705195553,1.038347570958193,1.8940961964331242,1.72490137668825,1.2457204423021389,4,1.7606894231667964
Central Connecticut,2018,1.5260084293514222,0.6954050365213161,-1.9139144550377365,-0.34173065489752535,0.08432557546778793,0.38333608752015697,-0.07769549076849806,-1.3168119848873892,-0.3214099111890388,-0.07110021364014986,0,1.4415075919966798
Central Michigan,2018,1.2320142840079735,1.3193142571171839,-2.119596244634944,-0.060634145396275825,-0.024648778545862015,0.8646688826508497,1.2529712366748653,1.5912738047907458,0.44839290663146475,0.3126589489487455,1,2.491154174874911
Charleston,2018,0.7882302319071968,-0.009341896454144353,-0.7092749196669018,-1.7018918683853743,0.42815410817059524,-1.8547291755531807,-0.9545864678394717,-1.5919442191870676,-0.22396651652821586,-2.183388041335332,0,2.890778963680003
Charleston Southern,2018,-1.238210459590367,0.508252037221078,0.7400938261977619,-0.35646036909585743,-0.5551329430639428,1.3272452884976014,-0.49564683979570157,-0.47851773098124806,0.3606938514367241,0.43384605292418627,1,1.74278939744239
Charlotte,2018,-0.6692284208635553,-0.6235962589826417,1.080835455480821,-1.1111191030233636,0.50012765959627,0.7740106129797406,-0.019620851809869482,0.16579012504221402,-1.0837611753001861,0.8385019537418335,2,2.183958455166633
Chattanooga,2018,-0.02495829942382913,0.872947616251799,-0.6389346063975483,-0.6369431850004986,-0.8596453992892695,0.6695537162036408,-0.4143157664714882,-0.9097243009337448,-1.1625002651035132,0.3625595211739262,0,1.5226498587254758
Chicago State,2018,2.2868651347432403,-1.3872010824124565,-1.026961019913992,0.6912697178132037,0.7128339628291661,2.3404034962932987,1.0598099375298609,1.0474674240061443,-0.07780142453698068,1.6380792499910655,4,2.105920590978995
Cincinnati,2018,-1.1434282020300857,-0.28557767520492633,1.2556070177082377,0.7970318814174557,-0.6304494665704098,-0.5059394749122322,1.6576901491691602,0.01903905624609446,1.1959229485294953,-0.4097112394538812,2,2.429279656720613
Clemson,2018,-1.0553293773319472,0.490555409922623,0.587301281678115,-0.17505957040985035,-1.127121823936528,-1.280501795647954,-0.13779011716916728,0.11431796825276538,2.246223538123655,-0.29684089751597115,2,2.4382216446676686
Cleveland State,2018,0.3022574333315271,0.8329062463576948,-0.9059652699490771,0.9300397200162785,-0.58389632967559,0.40647708728605625,-0.5030405737342666,-0.45011729826638036,-0.9149287695776894,-0.23527525645892855,3,1.6505382063793597
Coastal Carolina,2018,-0.4660972896379039,1.3233158098056033,-0.5793602445513203,0.9443745014158365,1.5584806057507106,1.1957069740388098,0.9886452483711744,0.32816122641288453,-1.20865766257443,0.14869992592314846,1,1.9096367209918692
Colgate,2018,-0.44167265033290654,1.2536227778205438,-0.5487365631333787,-0.17839482513543545,-1.0415439737883982,-0.5456097602252012,-0.9729827820437577,-1.2867332197227948,0.026602212599615333,-0.4097112394538812,3,0.5800731677223296
Colorado,2018,1.1673193108325313,0.2664535012074008,-1.2628251772039139,-0.23637345690027603,-0.0217098927471208,-0.33890669464710005,-0.14998977816779865,-0.2027801964537984,1.7915731730351294,-0.3859490622037953,0,1.8857637352647711
Colorado State,2018,-0.8261726053791533,0.763885707543615,0.17188004203910315,0.27919748294916913,0.25857589784508794,0.1653235107782711,0.968312480040122,0.8004350887418109,-1.1625002651035132,0.14869992592314846,1,1.2959179117082071
Columbia,2018,0.0914333736880051,1.821377622758923,-1.463539125933537,0.21243621494180093,-0.8314776642628828,-0.1290717644390259,0.4251370974819893,-0.3140390344736121,-0.7042232473565591,0.38038115411149154,3,2.093140502075401
Coppin State,2018,-0.5884306449676283,2.1377542103563933,-1.0854541550520291,1.5985994537518495,0.41876669189498433,1.2395530788584068,0.09400344180483862,-1.3756425108710817,-0.22396651652821586,-0.9740629491434338,3,2.1439922525374824
Cornell,2018,0.9162018161493308,0.13828387376726486,-0.937464656954838,0.861948328745163,0.40237839819230414,-0.2877529056909031,-0.7816611143191812,-0.25538544240265315,0.12682970425074827,-0.048526145252567855,0,0.9275875939073904
Creighton,2018,-0.7653526324661225,1.1338563790872755,-0.16379908899609785,0.14571377607318622,-2.166344838405744,-0.10806984868510115,-1.4740118100781385,0.13300531180052874,-1.2385242138791401,-0.117576236791054,3,0.5427584050829003
Dartmouth,2018,-1.009829772798606,0.9264264603102479,0.21559886924175548,0.8279212362527885,-0.8521177735529818,-0.396846190301567,-1.3409090661294805,-1.4167796455814838,-0.07780142453698068,-0.6838249270173782,3,0.6901045847730782
Davidson,2018,-1.1130019279336254,2.2506112857389082,-0.6942517229183918,0.8655127665120372,-1.15714850237766,-2.092750887430996,-2.2607247763437868,-3.120653225199424,-1.852663255859119,-1.7964040118339237,3,3.629197185446063
Dayton,2018,-1.1164313903032446,0.7291563742896467,0.46199326592950263,1.4609317753254443,-0.8623485378683706,-0.31698364223730074,-1.2072937313825598,-1.3291973587786934,-1.7625464322254258,-0.7423817209550908,3,1.4895341885281588
DePaul,2018,-1.117910869049586,-0.14438152005840624,1.1254022933235752,1.6815908588970887,-0.8898915310998542,1.0081430811994199,0.8237239052415223,1.1292993586451132,-0.6137400951715084,1.9605659412422383,1,2.1646696692768588
Delaware,2018,1.137940467000769,-0.7715614153843192,-0.449401761588936,-1.2539812316638965,-0.9040845114018239,-2.0302701880630702,-0.8331707940911822,-0.9334846629515351,-1.042491031679131,-1.7867294110963885,0,2.8973954248254046
Delaware State,2018,0.14263114228426238,0.3705720281880172,-0.4104861025480394,0.1394582274850746,0.7463582210113213,0.9618610816676229,0.06180989194733833,-1.4685328150558614,-1.2471221604668599,0.09820529926671581,0,1.8295675197568764
Denver,2018,0.1526127634505178,-0.5342006436566278,0.2661801068209373,-1.0750090883354337,-0.39749061555318144,-0.20444530653366688,-0.6271320750031781,-0.6418091078113325,-0.5747627373071792,-0.6354519233297025,0,1.5831873769469558
Detroit Mercy,2018,-0.4216158139875867,0.8818437093866243,-0.2851888633458377,0.4753145853562487,-0.2787613988169973,0.3187848776468619,0.3583294301085296,0.721233882015841,0.453008646378557,0.96849504105113,1,0.37243444118233715
Drake,2018,-0.9537386598965542,0.36731472832754547,0.5883796759591712,1.2967909563364768,-1.4974553432920223,-0.9089060573018662,-1.0446315847341343,-0.3289154516099703,-0.5624540979816015,-0.17208946695301758,3,1.1358522740098373
Drexel,2018,0.9749522948433528,-1.353127152013986,0.13949967730274832,-1.4566255113275226,-1.1513467023820134,-0.8847906996510879,1.3688680161618683,0.833288922642954,0.7553395998130585,0.0756312308791338,4,2.9102294821547665
Duke,2018,-0.8922109077531357,0.047817030548184175,0.7746133418972149,1.0715028567698404,-1.6634639684377426,-0.367093476316841,1.7312754059863045,0.8046256287802211,0.9453542194016641,1.3639655624275684,1,2.3410864127775075
Duquesne,2018,0.8592854407289771,-0.31681235423984216,-0.5408155308117594,0.08138791678888478,0.11576347401674035,0.38333608752015697,0.28716474094984307,0.4140440164223187,0.458137246097547,-0.5978284760170658,0,1.3917587703491752
East Carolina,2018,-0.049138916955233314,-0.3939457377877857,0.34323419474159966,0.7273134237944762,-2.001564793918864,-0.31698364223730074,0.17533451512905057,-0.2995816713410952,-0.37782450809793655,-0.3859490622037953,3,1.6282154664005526
East Tennessee State,2018,0.6241380780585692,0.1818212424891864,-0.7050303020602989,-0.15737266883918033,-0.32350673973647354,0.6980536843363787,-0.00257720776766361,-0.3510624557129737,0.974587237799911,1.091464308320328,1,1.1370868133863787
Eastern Illinois,2018,-0.7526859968096279,-0.06916418969538869,0.7364724640597826,0.7425225625810769,0.31671681498602366,0.23986188897158672,-0.021893337682164327,-1.1592081021205478,0.8868881826051696,-0.6354519233297025,2,1.1687605730071167
Eastern Kentucky,2018,-0.7628989768098057,-0.31885913030659635,0.935000849062042,0.16704163552052032,0.3980399334280599,0.6378870849450432,-0.2708567899135025,-0.09065996964831119,0.11708536478466598,0.8694859691757696,1,1.767350287887612
Eastern Michigan,2018,1.430573946726895,-0.09840325090550506,-1.2255457250925308,0.6249313888916469,-1.2015152623043461,1.4587836029563943,0.6429881867432728,-0.056111295109410084,2.1608323528024593,1.8239334220542411,1,2.443283990131905
Eastern Washington,2018,-0.3986724834053958,0.16813792386848142,0.23488575443571702,-1.01691843155006,-1.103831707928176,-0.46626918959926333,-1.7272316644194887,-1.8440750448314667,-1.1844799781849022,-0.24846789382829543,3,1.7245172311124883
Elon,2018,-0.8656763947383922,2.3775919473708433,-1.0152649217724703,0.18031193338190188,-1.385205173331562,-1.3473671054978393,-0.5769779131199135,-1.2734631762678261,-1.3009724575162622,-0.6354519233297025,3,1.5807772754775173
Evansville,2018,-1.739992358646355,-0.6031135002168341,2.038437382554658,0.7801405602423911,0.034533158412358454,1.1957069740388098,-1.5936163296725685,-0.1617129040773688,0.3606938514367241,1.1467113704267784,2,2.504406932010109
Fairfield,2018,0.5494439954487292,0.44923547910478334,-0.8398235563086808,0.1845891887478839,0.18719909171310256,0.46598251525550966,-0.4210933559151728,0.5100306640799237,-0.808626884493155,0.36425681954893296,0,1.4062417876230502
Fairleigh Dickinson,2018,1.7184294542008616,-0.5392993986815036,-1.1529927717497963,-0.0861872411311223,-0.12998620212799034,0.4284001396958556,1.4562989199853966,0.5921652488327798,-0.3316671106270205,0.07741339417288962,0,1.9591490545669241
Florida Atlantic,2018,-0.5367490501239628,-1.9640960875359534,1.97641654742976,-1.1594172619947236,-0.681727190673628,0.42961808705195553,0.6520249726681842,0.08273526482994085,0.16580706211507745,0.004146680985123502,2,1.7676746918671435
Florida,2018,-1.1275799284454269,-0.03868089886341923,1.054077955854933,-0.7624601770428822,-0.9124965871631481,-1.5446745771860289,0.7039864917364311,-0.020910758786759295,1.4223139932677995,-1.7403931654587206,2,2.220673620362258
Florida Gulf Coast,2018,1.1621393488619878,-0.12243528596818601,-0.9633742498245834,0.129912198188698,-0.6907484619933377,0.7250061428872495,-0.31504401520811187,0.2018534196080713,-1.290111893405459,1.9539265093635376,0,1.9030273916904996
Florida International,2018,1.003568306283171,-0.47017446735001217,-0.5557070091882722,-0.26284447552003953,0.5958853111187488,0.3407079300566598,0.3379966617774759,0.36629514076242475,0.31453645396580804,-0.029516403452498667,0,1.521484680228889
Florida State,2018,0.4002553230279474,-0.05770297475163273,-0.3200241853414202,-0.455228735972489,0.4025052550945909,-0.3608297470568979,0.7649847967295907,1.783116727749207,1.4223139932677995,-0.6710951892048319,4,1.9688775535071241
Fordham,2018,0.5511746833816666,0.5607860886552001,-0.9259419258608251,2.34068811203946,-1.4491411241607506,-0.42659890428629443,-1.2072937313825598,-2.188677120656804,-0.9778706752198483,1.3605709656775562,3,1.9431713070836691
Fresno State,2018,0.63866328373155,-1.225423770545518,0.3483362192880951,-0.8159246866359069,1.7555854819928232,-0.5142911139254888,-1.512285256348356,-0.8891906547455316,-0.6086114954525184,-1.134457645581517,0,2.428801045554746
Furman,2018,-0.06517407474793803,1.5258761161760543,-1.097247965416754,0.14985676728387362,-0.9565030102252637,-0.44742580407560345,-0.8911191838346844,-0.6910409690292648,-0.9547919764843903,0.7528532825065964,3,1.5158473462677577
Gardner-Webb,2018,-0.7689238396804524,0.44905016392520897,0.3584690134530432,0.036807531221557555,-0.6282347307328744,-0.07948390779781546,-0.9147277870635178,-0.45293215596894787,-0.029079727206569202,-0.3344643448286078,3,1.14200501201584
George Mason,2018,-0.8081962818027472,0.125861338702398,0.6391089295284726,-0.7675188563219649,-0.16365569908565508,-1.01852131935086,0.012672368480626648,-0.26731451304533066,0.7761104286749708,0.43384605292418627,2,0.8444723509180231
George Washington,2018,-0.7391338332482337,-1.4433762941680073,1.7656872776476988,0.6979317732665661,-1.2431423329145865,-0.7554446904332754,-0.10932424150569267,-0.3641159879326243,0.453008646378557,0.5051325846744451,2,1.2675411503349134
Georgetown,2018,-0.9965109109887186,0.2194404281314923,0.739327367441715,2.061039918634509,-0.33925090279887404,1.7218602318739789,-0.088991473174639,1.395910828200023,0.03759206914031022,0.5407758505495746,1,1.8491010417692302
Georgia,2018,-1.8998764733885376,-0.0019424737892086953,1.7281079606555168,-1.227784402544997,-0.43189320603103126,-1.577037178362398,1.584104892352016,0.47022053371501804,1.279445858238772,-1.828652680959042,2,2.4424973031117863
Georgia Southern,2018,0.6381632704475454,0.8035827375227294,-1.189016819045652,-1.8364258585532944,0.4418849908695909,0.5939191853898349,0.8666486383848564,1.3265364378641267,0.7991891274104289,-0.9063407439806879,0,1.726123255226085
Georgia State,2018,0.3099918745142146,1.6244228325129728,-1.5128940029515043,0.13658333707011366,-0.09163307646253382,0.3856501874967472,0.8087002486413556,0.6716597933614372,1.3253834585788744,-0.36456310267871717,1,1.6898128950193145
Georgia Tech,2018,-0.28933812392800473,-2.222817410438007,1.9476537292476266,0.9125084900942426,-0.8072376709336542,-0.09775311813931342,0.45999327176379384,0.4073624331388512,1.8377305705060454,1.0754248386765195,2,2.8420386500399863
Gonzaga,2018,-0.526619541947173,-0.15494349955768583,0.5960330676423083,-1.0301846880804137,-1.685676645341046,-1.3985208944540364,-0.6418491263666071,-0.3737542300209689,0.026602212599615333,-1.119181960206461,2,1.929030517292334
Grambling,2018,0.2471868716618034,-1.6450462113500517,1.022152444249647,-2.0036367552746337,1.9973423838215263,3.155627859474814,1.7165583546228758,2.393846032947235,1.763878734552579,1.667103052203671,4,3.2608944846332903
Grand Canyon,2018,1.9389728846884537,-0.9811787202866973,-1.0185204520730067,-0.7981780500552603,1.2812501955920759,1.8903936972743058,0.9632292879573586,1.6525814055527008,-0.8451681574909641,-0.8047574362365681,4,2.0946448210733317
Green Bay,2018,0.1946296573275932,0.8781668014300388,-0.8424550582467297,0.6130157428517942,-0.1283030194069443,0.8887842403016281,0.5006588084259012,1.0967062694574738,0.453008646378557,0.6833489140500935,1,0.862611797458715
Hampton,2018,0.6700110335029733,-1.4432333455781623,0.4849273139014515,0.1718007446533962,0.8598096709771642,0.05402186008236921,1.1341027448933245,0.9902020826350886,0.09085060468367519,-0.7396399312723887,4,1.572227706293357
Harvard,2018,-0.16095292449295562,1.1759884157728415,-0.7450188076199505,0.1488328701425592,-1.1378028899517956,-0.19229628165657078,-1.5961579257139502,-0.6673539414621456,-0.4066728815172593,0.04177012829776018,3,0.9484566438050973
Hawai'i,2018,-1.2347157181808506,-0.44837075855551206,1.4619532150349808,-0.9131906446639342,1.7500087949534708,0.7969814583355956,-1.5237224385345736,-1.2943634947094014,-2.051030166418652,0.2957283976580587,2,3.616606460761446
High Point,2018,0.5359348908948407,-0.86168284922897,0.16601385286646592,-1.0731580349080252,0.11512023129351982,0.013080091265780212,-0.22793205677016834,-0.3879089430396018,0.16580706211507745,0.38038115411149154,0,1.4670096855933934
Hofstra,2018,-0.3857422392258423,-0.4402352570925899,0.68422761562101,-1.0885387629530916,0.46253589840913745,-1.413136262727236,-0.49564683979570157,-0.0883784534051778,-1.393287252458095,-0.920598050330739,2,1.6339633512145364
Holy Cross,2018,-0.40026215856459313,1.3788456429228462,-0.6812788835010969,1.618564419187482,-0.34371863405236475,-0.32246440533975057,-1.6830805103292021,-1.6719625812205252,-0.121650952134351,0.7528532825065964,3,1.5423949999969326
Houston Christian,2018,0.3908350505486166,-1.1684360979182795,0.5303745548108227,-0.46329969547211064,0.5248410484254667,1.1469890797948128,2.19731536582822,1.9250596311613863,1.2376844033841337,1.0576032057389542,4,1.5407140350063544
Houston,2018,-1.2641086230593208,0.03610546066251807,1.1214758002235115,0.39669356177296894,-0.09417428737530231,-0.42659890428629443,0.5539112969119918,0.2499378123625424,-0.8503883393477942,-0.6354519233297025,2,1.1543344102748987
Howard,2018,0.1218334922528206,-0.494627552614959,0.26415985949688253,-0.5619529045032294,0.7614353146391486,1.1007070802630157,2.9699605624082377,2.4235709302863624,-0.22396651652821586,-0.6354519233297025,4,0.8845056830746489
IU Indianapolis,2018,0.7120440216201872,-0.48006263311995223,-0.28327108811828516,0.19953907618048694,0.7535978543001761,2.006859913201361,0.2973311251153699,0.13749165466518035,1.2376844033841337,2.0734362831801483,4,1.2239319293427162
Idaho State,2018,0.2510403172093697,-0.27650614555430786,-0.018581939803482973,-2.911240410590095,0.28163281830823517,-0.16352227536870992,-1.6139490980036215,-1.1414611650578785,-1.1625002651035132,-1.2770307090820359,0,2.9934000530240032
Idaho,2018,-0.37915823871350895,1.0535388232201308,-0.4539046424797163,-0.41180200958387436,-0.43848355706150105,-0.8431369000724698,-0.3781686227718386,-1.734818353718893,-2.1728344097446817,-1.7641553427088066,3,1.6893489166381654
Illinois,2018,-1.6658445317311181,0.03938267730134246,1.484095474047937,0.3299563123135596,1.6390230275020568,1.2614761312682063,-0.10932424150569267,1.0703058672154817,0.5914808387913059,1.2892844339272973,1,2.879719720005335
Illinois State,2018,-1.6091480863423695,1.5127659175383554,0.3158747406503474,0.7021314416102886,-0.09887005434886252,0.22796080337769603,0.5539112969119918,1.030216367514683,0.3606938514367241,1.5252089080531541,1,1.665337923345548
Incarnate Word,2018,1.34984077612646,-1.093587207894504,-0.39791281928094835,-0.9681311323844681,0.6292829483279088,0.6024949676560204,0.9802729319995644,0.9559041241668611,1.7019735191209975,0.08160671956996372,4,1.649705205201784
Indiana,2018,0.3115468577004741,-0.9346636963662043,0.4252540308468055,0.3621549626142141,-0.3904279296835102,-0.5362141663352881,-0.027993168181479334,0.30762758022466813,1.5146287882096314,0.4694893187993157,1,1.9789845256498724
Indiana State,2018,-1.131292306356747,0.718204986292529,0.4837992688421758,-1.036952871537491,1.1147878911383462,0.7791689782526344,-0.6176434497820195,0.22549299547181206,0.17606426155305915,1.7882901561791116,1,2.0398709870168084
Iona,2018,1.861658515462069,-0.1424495370911173,-1.5839385451943744,0.12865782247786897,-0.5645032372980106,1.218726179069098,-0.13779011716916728,0.8082085405130643,-0.6039957557054261,0.0756312308791338,0,1.8472674804625242
Iowa,2018,-0.5282633324398459,-0.7661419846539662,1.0607613569369234,1.804566672068616,-0.8490186458161798,-0.8639637998617788,0.7121195990688534,0.6159256108505701,0.18529574104724203,-0.36456310267871717,2,2.0065408044625763
Iowa State,2018,-0.9907830401601334,-0.4915025522494911,1.2729536868395879,0.22116112705143923,-1.1091092494577683,-0.733521638023476,1.2936367733369714,0.521764176187475,1.6531009806223798,-1.0275278479561285,2,2.564533562981841
Jackson State,2018,-1.0454321951944863,-0.8829887316868096,1.6193315394814929,-1.3920613643666722,-0.05509787433878103,2.727188778094748,1.1425933514491489,0.43837242942309484,-0.8921497942024327,0.8157381873005743,4,2.696396072587681
Jacksonville,2018,2.111765818497646,-1.4646376673170807,-0.8091380991642672,-1.3003583997544235,-1.0918193122475963,0.4342462870051345,-0.5498675553451766,0.19048801768428428,0.8868881826051696,0.6286959063748948,0,2.137698629096562
Jacksonville State,2018,0.32147479813430535,-0.5830996320090709,0.14977690901539556,0.24025511880672382,0.4114678188030481,0.6476306637938415,0.7853175650606444,-0.5694524498147661,0.03759206914031022,0.2556297235485379,1,1.2865367686742735
James Madison,2018,1.7140564865185692,-0.20277237582230725,-1.4040762701768073,0.05311652967008467,1.052409799815178,-0.6458294283842817,0.5006588084259012,0.7271006380696168,0.2222216590239752,-0.3503057963286659,0,1.623828108900123
Kansas City,2018,0.7681201240354913,0.47415159362239023,-1.0574438554358079,-0.7052963020298042,1.6082449991492775,1.3288112208125877,0.0388144991919804,0.16368252990524856,-0.8295076119204743,-1.0224359528311096,0,1.6481769055994377
Kansas,2018,-0.1797816776244699,0.7334842199440356,-0.3925279204728515,0.0042144602915637555,-1.5152575767287266,-0.14890690709551035,0.8850449525891425,0.42510238596812633,0.6112625805645553,-0.3129652320785297,1,1.7820312719303326
Kansas State,2018,-0.24804705405477925,-0.31576418251178584,0.4647501376648085,0.34893904846782225,0.07193237857396644,0.4273039870753653,-0.6593256248606785,0.0446502401141814,-0.4724471729133151,1.430075334134059,1,1.483281457343515
Kennesaw State,2018,0.29381098776477615,-2.1277525311313514,1.3456284531483336,0.12326543593342494,0.5073860283980164,-0.03981362248484652,0.3423536835627013,0.47818255978800045,-0.3910123359467695,1.0092302020512784,4,1.9830734929572207
Kent State,2018,1.3875029413773328,0.10410315335018958,-1.3398841024615877,-1.191555782447972,-0.8787251839389238,-0.07254160786804478,0.48032604009484753,0.0864508769973318,0.18529574104724203,-0.3307020000973448,0,1.3736755532144602
Kentucky,2018,-0.53212952055875,-0.5752370961846958,0.9195859866668503,-0.45018411508362827,1.6373005322352512,-0.8629720427289542,1.3633491219005818,0.9293640372569241,1.4464916776573258,-1.0224359528311096,2,2.1279418515947945
LSU,2018,-1.0132635725677668,0.6842174868292391,0.40229253443077084,-0.5893610605283945,-0.40092958283529256,0.3187848776468619,-0.14998977816779865,0.43082945735395384,0.5914808387913059,0.1843431917982791,1,1.3978179710280625
La Salle,2018,-0.10498085651560585,-0.3196995809071668,0.33771215286487033,-0.6921996547231608,0.17893320811765429,-0.12576590732961254,-0.6142546550601772,0.36759886432993044,-0.3214099111890388,0.7942390745504962,0,1.6482054407386524
Lafayette,2018,0.023696025433858677,0.333611110253318,-0.27438300919267244,-0.7039543907648017,-1.3192520188435453,-1.5008284723664302,-1.0446315847341343,-1.4523992359079791,0.08374946661122627,-1.1701009114566463,3,1.9538736718594032
Lamar,2018,0.38523228932697307,-0.8329560454563854,0.2812022218273534,0.14125888154583927,0.6157264161166724,1.0544250807312185,1.274433603246533,1.5534984144222708,0.458137246097547,0.9823563111136808,4,0.6778277018394474
Lehigh,2018,-0.27250549713795685,0.9657956098865383,-0.48433063135705556,0.747419311502904,-0.9276241895219601,-0.33890669464710005,-0.5769779131199135,-0.334782207663746,-1.3009724575162622,1.1823546363019077,3,1.5535632629611387
Liberty,2018,-0.1433017968066649,1.8204754693197354,-1.2495245912072797,0.8967356896282525,-0.31418732420913903,0.010765991289189987,-2.803416045370228,-1.8447385470042148,-1.2178891420686129,-0.5677297181669565,3,2.4336119048235125
Lipscomb,2018,1.1258496189480178,0.30955843242220227,-1.2578066351069672,0.19312616447026287,1.2515665369549696,1.083351330438591,-0.5096256180233003,1.5550465861586833,0.5799414894235765,1.734825257366417,4,2.1149480766932447
Little Rock,2018,1.5161607307251699,0.15006670519334603,-1.4916465040414122,0.0698994883917053,0.9102303723346449,0.9326303451212252,0.03300513681167895,-0.47851773098124806,0.17606426155305915,-1.7047498995835912,0,0.891441753969091
Long Beach State,2018,-0.10000692747273623,-2.4473563267625735,1.9457673847819994,-1.8429625729018981,0.09440732185147085,1.812292823064398,0.6734873392398519,1.2241248775004094,-0.4614847910139724,1.1845823404191034,4,2.7052609893513115
Long Island University,2018,1.6162095943598094,0.18310486146620383,-1.6076123857964522,-1.0372819894880105,0.06997504632621573,0.1519260898611715,1.2315088701031975,1.0116383066777284,-0.5162967005106854,-0.37208779214124454,0,1.7204786851663934
Longwood,2018,0.035380172794014314,0.7291563742896467,-0.5847900567689369,-1.293472260391165,0.2487029488528769,1.0775660804971163,-0.700104121346847,0.1632401951234164,-0.37013160851945026,1.5843314681158702,0,1.8728212489106217
Louisiana,2018,1.475246770758408,-0.12851736248911222,-1.2433212130692204,0.49564309748135144,0.3721130841586914,0.8438419828615407,0.6348550794108505,0.28709393403645495,0.6237910170209469,-0.1613964871904791,1,1.9058489776824805
Louisiana Tech,2018,0.8530864475741081,0.3518672017685208,-1.0419817500244162,0.9210633062038339,-0.19031298070991504,-0.25998370597182485,-0.17642237699816735,-0.5154782941200312,0.3606938514367241,-0.6015908207483289,0,1.4165135624608811
Louisville,2018,-0.48409186596142234,-0.657715488983707,0.9384399843745819,-0.6420608956219194,-0.7625671069835122,0.05241979086780663,0.22921635120634226,0.8500091773962147,1.5884806241630978,0.8205754876693425,2,2.1043951105891914
Loyola Chicago,2018,-0.5551116884005476,-0.33719227243602107,0.7600555992908202,0.9783142470309719,-1.7645727396869546,-0.3869286189733255,-1.9847800632794952,-1.6131762887150154,-1.2680028878941791,0.8802355255508086,3,0.9782500983955447
Loyola Maryland,2018,1.0429046104539035,-1.7816599276648735,0.40253354963548243,-0.8905011449211425,1.0809990620440908,0.18724656318806893,-0.4143157664714882,0.1726921909878343,0.683795633733138,0.7189921799252229,4,1.83289924869144
Loyola Marymount,2018,1.4899823001824812,-1.0222003476485044,-0.5793804271544529,1.6456546369385223,0.3017083850206751,-0.5099065034435292,-0.3695836761431718,-1.0449530279732695,0.1414462134498717,0.007909025716386568,0,0.8986472568020905
Maine,2018,1.7257733472452985,-0.15319388973832346,-1.4523008328728821,-1.0087011319903447,1.736017399247157,0.2213490891588679,0.780799172098188,-0.648001794756983,0.458137246097547,2.0734362831801483,4,2.1374965980917646
Manhattan,2018,0.24263277196442645,0.15405201647389546,-0.33726604066992083,1.6094733959963035,0.9101779980855123,1.4478220767514947,0.5661755063815158,0.760834485378826,-0.27268821385862735,0.8694859691757696,1,1.429329740385277
Marist,2018,0.13165792966778708,1.4276324233147295,-1.2016717626635585,-0.6975597884559623,-0.5561199052702354,0.3370540879883599,-0.3996309893435064,0.9930602458407737,-0.6624617925019206,-0.7483222652676126,0,1.040103360138867
Marquette,2018,-0.6282208994047858,0.05516143777678079,0.5291289208791287,0.731717955106726,-0.43064773815371543,0.3626309824664591,-0.5973106814509672,0.5540313344832395,-0.42398190556885257,0.2556297235485379,1,1.454282284853618
Marshall,2018,1.1478036658014608,-0.000326432537223401,-1.0428934795832603,0.6402763388978735,-0.7746708131891501,0.7635096551027782,0.22277764123484112,1.1257606803904558,1.613537497075881,0.8479868564256915,1,1.9626949250787162
Maryland Eastern Shore,2018,1.1944730380194855,-0.12058580412276727,-0.9941613266732324,0.9253496863251274,1.7745411837861989,-2.7473105950949854,1.3081601792877235,-2.1015138878578514,-1.7691403461498423,-0.6354519233297025,0,1.133991117924923
Maryland,2018,-1.0997582701233393,-0.06272287813801666,1.04701491642821,0.8536128112061208,-0.517028158248629,-1.259674895858645,-0.5973106814509672,-1.117994140842776,0.9145826210877198,-1.5978201019582017,2,1.9591151811075722
Massachusetts,2018,0.28475616368811846,-0.465654757663037,0.09413451892687967,1.367339054717498,-1.222040539378099,-1.238847996069336,-0.060525597511164396,-0.6380934956439416,-0.6478452833027972,-0.9063407439806879,3,1.2801991361167844
McNeese,2018,0.33310328404309997,-1.5634396969224051,0.8822198230849592,-1.7780042245498593,-0.06153808028490241,-0.4728809038180915,1.4032078026765356,0.921844345965777,0.8966325220712519,-0.6730753706423391,2,2.73739561000661
Memphis,2018,0.5001802505449652,0.08942520594025659,-0.5223475788270143,0.7726394402720271,0.9374654798108688,0.48581765791199416,1.013819152019145,0.3985622990581893,-0.3910123359467695,0.8479868564256915,1,1.019961142203601
Mercer,2018,-0.9484923951727071,2.2383632217999385,-0.8344774615896126,1.249591373902418,-0.36063124660226625,-0.9089060573018662,-0.9836332797409761,-0.9947922637134903,-1.8548612271672578,-0.207732732828147,3,1.922577569433147
Miami (OH),2018,0.7319402778428261,0.7605566743621894,-1.241632795336416,-1.138077143794313,-0.99221360822944,-0.07583006572951558,-0.5973106814509672,-0.469717596900583,-0.4701393030397694,1.3249276998024266,0,0.9465467426002144
Miami,2018,0.36030686037568577,-0.22442472123235233,-0.15735809727009753,-0.031964917630441354,-0.4297902263623221,-0.16352227536870992,-0.04832593651253301,-0.18517992829247143,1.1453696084423008,0.4694893187993157,1,1.5285405910403547
Michigan State,2018,-1.1963218514504563,-0.6879331294649877,1.608627389853646,1.9869210710159821,-0.39421548019141467,-1.5720783926982766,0.20990022129184155,0.3233211526685173,2.509320703707877,-2.633256975630717,2,3.3340415886970516
Michigan,2018,-1.752835751736169,-0.17978834682522832,1.729266626332671,-0.29177533475921424,0.2565563664174671,-2.05488379690498,-1.433726833251105,-0.4602507859956292,-0.35684387288388386,-1.7128506418279392,2,2.2343478101223857
Middle Tennessee,2018,-0.7999682238622693,-0.3973293908128453,1.028163443463341,-0.6405775222415561,-0.19312216897897616,0.20916961559786826,-0.7599728280993912,-0.7806556677506835,-1.254815060045346,0.006126862422630759,2,1.5941171368718328
Milwaukee,2018,1.078293223021532,-0.13256416201748675,-0.8794968629292872,0.13314749242784263,-1.2236888452441186,0.8230150830722316,-0.6176434497820195,-0.4961179991425719,1.5607861856805476,-0.207732732828147,0,1.7416299869295262
Minnesota,2018,-1.9235492314832165,-0.8045648202940692,2.3579388549365787,0.7870446120722054,0.03870847255915422,-1.1500596338096514,0.5413243450880072,1.1729740981565542,1.8377305705060454,-0.17208946695301758,2,2.986981928026615
Mississippi State,2018,-0.9433331416686692,-0.1692090915472916,0.9855605850126771,-1.076816433299386,-0.07437597677989649,-0.2391568061825158,0.44169378026584605,0.0028496032310310173,1.8077282621499502,-0.1613964871904791,2,1.4701598881086593
Mississippi Valley State,2018,-0.6739458364356741,-0.4797551785032705,0.9761038967018785,-0.13152337872520803,0.41430626944991245,1.3783990774537982,2.025616433254883,1.2717311583951096,-0.22396651652821586,-2.6671180782120905,2,1.6399153779589968
Missouri State,2018,-2.7516341575690664,0.15862129923650312,2.3805047590052535,-0.3186045238108946,-0.9731190061646733,-1.884481889537908,-0.04120946759666505,-0.8331631344319768,0.3168443238393538,-1.109507359468926,2,2.955542852245228
Missouri,2018,-2.2527081117973697,0.8987580423007452,1.366115233370485,-0.20081200522330864,-0.17095087946714688,-0.5800602711548852,-0.12965700983674497,0.3017608241708925,0.9145826210877198,-0.6710951892048319,2,1.703321298100335
Monmouth,2018,0.0560476213821523,1.105303776938836,-0.8886593977896595,0.34299647596102456,2.2588773768122623,0.9387200819017251,-0.5498675553451766,1.0642761457157703,-0.37013160851945026,1.0952266530515908,1,2.355452369805723
Montana,2018,1.357288817893381,-2.339051304813679,0.5392699088019667,-1.850017895519452,1.7580372786623166,0.267631088690665,0.31475921225627285,0.22605173414360158,-0.7251039747838782,0.2997594812986986,4,3.072397700909604
Montana State,2018,0.13048781722571368,0.034165371472573376,-0.14448358076885762,-0.5590180074833712,1.1430253302337792,-0.16352227536870992,0.012672368480626648,0.002556265428343343,-1.716389034754509,-0.6354519233297025,0,1.6540742607944234
Morehead State,2018,0.5286067757875907,0.46900621870981507,-0.8358708558082143,0.332829304844549,1.7299040896048599,1.3130597839971434,0.3667017464801394,-0.6112099487857577,-0.7742350981422763,0.12144331084216728,1,2.1498039258427735
Morgan State,2018,1.0536374444675893,-1.6081738766504277,0.26129231091786065,0.413951466752842,1.513542639054023,2.136711839013246,1.758162326746415,2.7436852093231403,-0.5837575121989474,1.6566842514094022,4,2.2132864988962027
Mount St. Mary's,2018,1.1234714090454903,1.6936747075952958,-2.3046829877693704,0.41832259773638175,-0.7776234535641335,-0.05390701331971624,-0.17032254649885234,-1.1678615672998676,0.08374946661122627,0.6833489140500935,0,2.6890833540669634
Murray State,2018,-0.3244354713067457,0.2601820650165315,0.09765674657028714,-1.2210978156701289,0.45891049390063166,-0.4890796036542201,-0.07984172742566512,-1.075606828354247,-0.6478452833027972,0.17721453862325223,0,1.5398572028091908
NC State,2018,1.1443113869970023,-1.3161629202597234,-0.042431979484440274,0.5271948914394691,-0.8562070618001412,-0.3608297470568979,0.7243192600674848,0.21669286139115018,1.5146287882096314,0.5407758505495746,1,2.3746260917358812
NJIT,2018,1.475085007728123,-0.9466534068411679,-0.6230994468750316,0.10840941100348658,0.5169548303098531,0.6841690844768403,-0.4210933559151728,-0.8424521648504525,0.24376177784373582,1.3510660947775215,0,1.481140140976181
Navy,2018,-0.7299637559463005,0.7786962899419452,0.07321891046133723,1.5485015633315684,0.9502322459378784,0.6037845589742442,-1.2276264997136133,-1.6694692098976722,-1.531759444870844,0.3982027870490568,3,2.4619341509037103
Nebraska,2018,-1.0990277201393914,-1.339963398961926,2.014386318581577,-0.4697818214494347,-0.13838836906237822,-1.0404443717606577,1.09030909002644,0.6537661873974225,2.1608323528024593,-1.0988143797063874,2,2.9093985623272682
Nevada,2018,-1.6084754886510693,1.1530604252689816,0.5878884194235455,0.373203298485004,-0.3001723076607023,-1.1555403969121012,0.6155389494963511,1.0367186888076179,0.3606938514367241,-1.0079240517248074,2,1.903308794484883
New Hampshire,2018,-0.4073023504529173,0.23862745368237565,0.1893038763236654,-1.485628370084547,1.4137146112347039,-2.535322507953807,-0.9925288658858114,-1.0156925821550655,-1.6673467999416605,-2.2438542959449266,2,3.2476573807218334
New Mexico,2018,0.607500103072586,0.28806702394628514,-0.7704343695969098,-0.028947500964380375,0.6899251382907196,0.7238393697898092,-0.9913790962480438,0.7011192898314692,-0.7668654296385167,0.36425681954893296,0,1.5971423996784069
New Mexico State,2018,1.1085739821084344,-0.11203321069549291,-0.9225771080737295,-1.412982596594366,0.025393679464925645,-0.3484980300763865,0.939084125564233,0.03977349914448179,-1.0096038859811034,-1.0163893273701503,0,0.9246099582225428
New Orleans,2018,1.7228461422738741,-2.5882558445247206,0.39592102298188236,0.13003126124066477,2.663238701684916,1.5311296759087294,0.8473325084703557,-0.06960483403309378,0.7114900722156883,1.2946309238085658,4,1.761764185850089
Niagara,2018,1.133877380169488,-0.9969099142922634,-0.2749149393807884,-1.1993039438418585,0.2209558527594072,-1.4216618942199357,1.6822185681082082,1.1323957021179416,1.2376844033841337,-1.3879208695824385,4,3.3442181907246247
Nicholls,2018,0.7522722838238887,-1.2439790015243442,0.25914990954027806,-0.7774456254975682,2.111349639014155,2.3357056993483423,0.9479797117090684,1.33430988963538,0.5914808387913059,2.394225676056314,4,2.1862903195536476
Norfolk State,2018,0.3094985253167644,0.27291019711445036,-0.48811861006218143,0.960128868248437,0.8157858543049423,0.8507842827913098,1.8710873939388801,1.4129244207559715,-0.39936462691769714,-0.36456310267871717,1,0.9198690697345989
North Carolina Central,2018,0.7387604016206685,-0.6957016181692796,-0.14411605161324723,0.7784195019748519,-0.20884843223080216,0.40647708728605625,1.207521519228982,-0.03091875440790396,0.7218076081209519,-1.1134910185961462,1,1.724443364454885
North Carolina,2018,-0.7776970260842926,0.39110405968860984,0.41036023594757315,1.5820730914485972,-2.004396253307978,-0.8620704453354783,2.2363378505039795,0.8748362223328734,1.83563250698464,0.1341185898833235,1,3.509020407214685
North Dakota,2018,-0.8398961089875268,-0.27219453161285795,0.9696093393831217,-0.8370588259654793,-0.28282845080857805,0.6037845589742442,-1.6139490980036215,0.621499029101658,-2.316435201876421,1.7526468903039822,2,3.0499754369802297
North Dakota State,2018,0.21780648880631756,0.32529093485724014,-0.4444875019051923,-2.1270862628260443,0.13979783430243894,-1.0375212981060176,-1.8633643895312064,-1.2548851154308716,-1.627151399644071,-0.6354519233297025,0,2.7811656443619617
North Florida,2018,1.0980033956881823,-0.3713950543420632,-0.7163970676699455,0.06035325230123213,-1.4181389082422515,-0.42659890428629443,0.6734873392398519,0.5518313009630741,0.3606938514367241,0.2534020194313423,0,1.9566267410659588
North Texas,2018,-1.055137004353201,-0.18516914568337992,1.0992658923569836,-1.706594696263655,0.5573095802248357,-0.010060908500119075,-0.14998977816779865,-0.10011196551272912,0.26837905649489124,-0.9918845820809992,2,0.8535806958645126
Northeastern,2018,1.5205935483508017,-0.38210611449262866,-1.0923351899377232,-0.2561768594867,-0.13736878324244384,0.28746623134714944,-1.2857201235166222,-0.6816192381762382,-1.0591956136209864,0.49325149604940155,0,1.1391623882490547
Northern Arizona,2018,1.3307737506414006,0.14030720185178494,-1.315767244249958,-0.8816608738430878,1.306594511624651,0.3187848776468619,-0.4753140714646479,0.2753604219289036,0.3606938514367241,-0.3146625304535365,0,1.3338142297568412
Northern Colorado,2018,1.7421114559314004,-2.039235361039777,-0.0376965409725076,-3.2781279814520676,0.9082705038676191,-0.1885771924084793,-0.6602454405708931,0.12254539519484645,-0.3492508810921311,-1.5061659897078694,0,3.9199312759918246
Northern Illinois,2018,2.0422057429303178,-0.604311584636354,-1.397971948097971,-2.628868512039576,0.24172963700676858,-0.6580089019452814,-0.33524388962850443,-0.5334370862624234,-1.636895739110153,-0.3344643448286078,0,2.6255864561965936
Northern Iowa,2018,-1.3859601375441506,0.22670981741077162,1.0877550097562496,-0.6975047901619674,-1.118577864990537,-1.405463194383807,-2.03077084879021,-1.490826488060207,-0.5162967005106854,-1.109507359468926,3,2.3567467011725487
Northern Kentucky,2018,0.7777963879841328,0.12133911480908238,-0.7988371357232503,0.3446193456711344,-0.764968088580948,0.1519260898611715,-0.5069428222018425,-0.23928445634395806,0.2632504567759012,0.2298873648609448,0,1.179261292795953
Northwestern State,2018,1.9272380984884205,-2.884279623738843,0.43452644098968196,-1.2213343785830084,1.0117131482350785,3.00371400218809,1.7529181285795823,1.3952206216054608,0.7218076081209519,1.7149069617303152,4,2.762998347355227
Northwestern,2018,-1.445603772249535,0.45477683660434814,0.9691053970111526,1.7650750796927646,-1.1315783754753987,-0.9308291097116641,-0.027993168181479334,-0.7278548632667057,1.2376844033841337,-0.920598050330739,3,2.7963047113312336
Notre Dame,2018,-0.8628268480992627,0.5623090171245221,0.3579692589080318,1.0894629413160384,-2.048602924034048,-1.6365426063318516,0.5171186685034197,-0.41356436038587446,0.5277396708552785,-1.1514306293315795,3,2.591500964595735
Oakland,2018,-1.3409578920578806,-0.18401177591636192,1.358146943314246,1.520138601560134,-0.8167740783747518,-0.3016375055504415,0.07468731189033789,0.627072447352746,1.3692329861762453,0.7867143850879689,1,2.473707361719518
Ohio,2018,0.936191262493473,-0.0376665122558604,-0.8222765314238702,-0.8336817617099175,-0.2739274235641668,0.6024949676560204,-0.8149909071128288,0.11005594253134683,0.2575184923840881,0.8783385450140371,0,0.9432433105627256
Ohio State,2018,-1.0306532720329833,-0.7384417607746365,1.496346418236763,0.2986275256161611,-0.9901975980847747,-1.983135625382002,-0.6379762181130731,-0.5078515112501232,0.31453645396580804,-0.7780249868302214,2,1.731803291150452
Oklahoma,2018,0.18992467664940868,0.03406877652298171,-0.198427464101889,-1.0241368934755246,-1.1042545299452335,0.4941692969252506,1.09030909002644,2.217256675728593,1.8838879679769613,1.1467113704267784,4,1.9701078194163801
Oklahoma State,2018,-0.9672108811115304,-0.466368594017489,1.2324816441942723,-0.47832804262047035,-0.11664357369652213,0.34399638791813053,1.542713185392372,1.1537604720804402,0.5360919618262062,0.5835477695997308,4,2.3071705735066685
Old Dominion,2018,-0.3187119987070511,-0.14548421405505535,0.3999143267368121,1.0318026260813633,0.34477341223997565,0.28151568855020337,0.26784861103534235,-0.9557783359558839,0.05374715825513107,0.24493674378599947,1,1.2820029284335854
Ole Miss,2018,-1.3355491080455502,0.24154198156058745,1.0306992547949543,1.5867655185901794,0.6066193317014027,-0.9089060573018662,1.7816232132822458,1.1935077443447675,1.0530548135004687,-0.3503057963286659,1,2.5330643818937544
Omaha,2018,0.5234821933777829,0.018931166069883494,-0.49009648118598215,-1.881179035602451,-1.329697564839029,-0.8751782843637139,-1.2729842136828857,-1.0719626702669973,-0.8536007589519972,-1.4168619828998514,0,2.473211253703719
Oral Roberts,2018,-0.48915653259253344,-0.7083835291609983,0.9814447206701531,0.4009117445491414,-1.7641825415209234,-2.3010198853240835,0.14229376659108972,-0.3190153007692257,-0.6259205195041116,-1.1433684620502995,2,2.113029518942878
Oregon,2018,-0.23487420635703063,1.1911607893697425,-0.68933737440717,0.9077370290750679,-0.6838667827272269,0.08911480478230327,-0.3475080990980285,0.008423021482119002,0.11012512230889292,0.009521459172643028,1,1.6785955017740948
Oregon State,2018,1.6525971414173881,-0.6410438769432232,-1.016050080990489,0.6227553539515401,1.1572724958741887,0.30234258833951244,-0.07984172742566512,-0.5517055127520968,0.44839290663146475,0.17721453862325223,0,1.3694513904541785
Pacific,2018,0.6200959720708917,-0.9178469797447403,0.13209446496318017,0.23198239052356542,1.2997205854501093,-1.4448028939858335,-0.6786417547751792,-1.530459684512379,0.2632504567759012,-1.5007912115203499,2,1.7812482676108798
Penn State,2018,-1.0905535696502768,-1.148784152629556,1.8617879277339828,-0.22563397694782342,-0.9405895595983036,-1.1009937546067694,-0.05316707182944996,-0.0021930132818564533,1.530014587366604,-0.4097112394538812,2,1.8997190742040144
Pennsylvania,2018,0.28174095573456104,-0.08494856928483872,-0.19166683115548083,-1.0599557990282777,-0.7011174270491645,-0.8952041495457417,-1.5237224385345736,0.09202429524841978,-0.6807324290008248,-0.46614641042283683,0,1.3624125256859396
Pepperdine,2018,-0.5456841568336817,-0.49795448865143693,0.8733312593735749,1.7486573382136037,0.19799559517883206,-1.1500596338096514,-0.9429677430788701,-0.657453790621401,0.1299068640821423,-1.063171113831258,2,1.3348939210280018
Pittsburgh,2018,-0.13449224165587423,1.4163823727191778,-0.9512640215000632,1.5694287198871375,-0.9322251559305618,-0.4046758518764951,-0.4346485348025419,-0.6457202785138496,1.2838418008550496,-1.0988143797063874,3,2.1813343444147266
Portland,2018,0.015257937863834874,0.2172488507385787,-0.17852205094444917,0.15501004910635544,0.9530143237968307,-0.7115985856136783,-1.5732835613415157,-1.065193336358795,-0.42398190556885257,-0.9562413162058685,3,1.546036837384102
Portland State,2018,-0.47271654038353195,-0.7307993114421224,0.9834929936615704,-0.504435568441878,1.2240887701229728,1.0312840809653192,1.5233970554778713,1.1370402173271794,0.2729947962419835,1.4639364367154315,4,1.5878596375976208
Presbyterian,2018,-1.1859117853562144,0.9983280872161946,0.3211297240092312,-0.6043174793383991,-1.5449342895479377,-0.8199959003065704,-0.5713299219168431,-1.601675584387379,-1.490730647118918,-1.5760381061456232,3,1.6138461957293975
Princeton,2018,1.3601555866123525,1.2594190228973703,-2.1906576593316514,-1.0291015300113062,-0.48946871304867134,-1.7059656056295478,-1.3409090661294805,-1.794975884048082,0.047482940026935316,-1.4094199823325166,0,3.1060249658528454
Providence,2018,0.1538816975390206,-0.7584792917951289,0.43501025758980116,-0.0015979415391060036,0.1852675358503003,-0.26791776303441867,0.20438132703055506,0.597612950882714,0.4859782160006401,0.6544948416749885,1,1.590128650281913
Purdue,2018,-1.3034186067685107,-0.057198181816989636,1.2279172005720729,0.6111322656031417,-1.3634755947817792,-1.8150588902402116,-0.8810012110223273,-0.7692015249790285,0.026602212599615333,-1.2159279675818138,3,2.339756496124797
Purdue Fort Wayne,2018,0.25980813094847083,0.9012687820849151,-0.9191994734589721,-1.3508342302709242,-0.9739144392240159,-1.0514058979655574,-1.1753422382909045,-0.3339440996560665,-0.7668654296385167,-0.538705915954351,0,1.6282960533701751
Quinnipiac,2018,-0.05451071270676387,1.0735321783574998,-0.7641022931056207,0.4914780709995109,-0.13355928838928585,0.1653235107782711,0.2566655884532639,0.08469085018119941,-0.7470836878652672,0.576419116424704,1,1.3913874913705406
Radford,2018,0.11173440670716091,0.49200147637333286,-0.47443947464118164,-0.5269505084965942,-0.20626867723813516,0.38455403487625694,-0.31265192481622395,-1.5286670646070595,-1.0240280726907642,0.4694893187993157,0,1.3756573768162283
Rhode Island,2018,0.35901688647841473,-1.15570270952918,0.5496405891498186,0.6090384049566251,-0.19590269206161745,0.4503231921056534,0.2566655884532639,0.30762758022466813,0.03759206914031022,0.3982027870490568,1,1.3736151547027973
Rice,2018,-1.291228347064984,1.8194843442264184,-0.20552084027901996,0.8300153919203019,-0.6319111207257849,-0.19518890662730745,0.2442400078065089,-1.025755698441749,-1.3445655551276836,-0.8611926072055238,3,1.161589907311919
Richmond,2018,0.25299331846289796,-0.6215750987056282,0.241174887363641,0.4933727996517565,-0.8242280704347785,-0.1975030066038977,-1.122912742808689,-0.9028308625705607,-1.4371367800554653,1.3962142315526855,3,1.64619998587877
Rider,2018,1.5159787176353803,0.3106869906305601,-1.6132170565911852,-0.09654915019047414,0.964631923184907,2.0726290704307577,1.4574949651813411,2.3951574254769015,0.41228153096304215,1.7547435530025186,4,2.672785273472571
Robert Morris,2018,2.345037544682926,-0.09143147662930859,-2.0619077075070265,-1.1098359425831044,-0.3123757847067375,1.4894758763301128,0.7700679888123542,0.20070595114461015,-0.6916948109001675,1.3962142315526855,0,2.8534514699251625
Rutgers,2018,-0.8102420915124655,-1.835428700930774,2.127452556088587,-0.9394080655918327,-0.2314846406369019,0.1287850900952722,0.5723076111162778,-0.1534715086684964,0.9453542194016641,-0.3129652320785297,2,1.9507737093037885
SE Louisiana,2018,-0.31403286119514395,-1.0528997281993704,1.0834025520842356,-0.10047480736714459,0.22727659737470493,0.9063226822294663,0.44169378026584605,-0.7718555336700216,-0.4285976453159448,-0.3984242052600908,2,1.1452294139591856
SIU Edwardsville,2018,-1.3464204788558098,-0.14494035098557073,1.3334987386549877,-0.10918920946854795,2.0184929582891677,0.38455403487625694,-0.21098808316095832,-0.5459854255996666,-1.3009724575162622,-0.17208946695301758,2,2.53145750057491
SMU,2018,-2.1071913066017505,1.248800485533585,0.9685662072987572,1.7429515410302108,-1.3975385290150144,-0.739002401125926,0.8087002486413556,-0.6492403321461144,-0.6478452833027972,0.007909025716386568,3,2.7698843748615096
Sacramento State,2018,0.13743387169155627,-0.9993419691342353,0.6325108880762271,-0.6619462245897114,-1.8961789516652112e-05,-0.5800602711548852,-0.7599728280993912,-1.2822633103484882,0.17606426155305915,-0.920598050330739,2,1.344699395740537
Sacred Heart,2018,1.6562902540652695,-0.2824441974259019,-1.2911932734054385,-0.9224116868838463,-0.5527376585125314,-0.3803169047544973,0.05107870866150444,-0.3910052865124302,-1.0035136738148016,-0.7483222652676126,0,1.108211891732761
Saint Joseph's,2018,0.24357730794335608,1.121006564226733,-1.0709904643241015,1.3582232460246717,-0.8671493156629069,-1.084290476580255,-1.0039660480720285,-0.3054484273948709,-0.6547688929234343,-0.3859490622037953,3,1.3487731616320426
Saint Louis,2018,0.7753116189701608,-0.9283747000475178,-0.0009887215773169314,0.8780839187137555,1.1948801973375016,-0.1415992229589106,0.43966050343274155,-0.4081166583359402,0.9145826210877198,-0.3503057963286659,1,1.6494242243002324
Saint Mary's,2018,0.3202593957969216,-1.2278348363633749,0.6395337395555463,0.27791433082136996,-1.320298913744662,-1.9173664681526057,-2.1832666112731087,-2.1300095601190474,-0.7470836878652672,-0.7067384550799614,3,2.3423713247453786
Saint Peter's,2018,-0.0648221524776555,1.5549935219971138,-1.1196362156006383,-0.02081431848261335,-0.28704832067151803,1.7201738432270706,-0.9460958612836473,-0.2102264637528205,-0.24645345375763653,0.9794621997819396,1,2.145886438256313
Sam Houston,2018,0.5270626991599414,-0.7564939676968296,0.09435316372279756,0.35346520006038,2.3787193062831617,0.5522653858112182,1.1177583272733616,-0.058457997530920985,-0.8232433936922785,-0.7370352310738222,4,1.8643202679868218
Samford,2018,0.3203345937428216,1.7097864359967825,-1.586991679227563,2.298026379072178,-0.7343165848066215,1.765706336693576,-0.3939829981404359,-0.20864695250757406,-1.1625002651035132,1.6457170926785927,1,3.3665110884270137
San Diego State,2018,-1.2930644530843636,-0.017281972028197107,1.1882542368755544,0.2036237033129895,-0.14895530948156688,-0.981982898667861,-0.25552652807659815,-0.8965939421467245,-0.43277379080140865,-0.732197930705054,2,1.2592550016844088
San Diego,2018,-1.1249627609539001,-0.5738101665458429,1.457280085626915,-1.0810775323202533,1.671880095022946,-0.5581372187450859,-1.8376095496452058,-0.6633205466751735,0.9607400185586359,-0.920598050330739,2,1.3509899362141922
San Francisco,2018,0.23729296495662275,-0.22547690718264582,-0.044763792387796965,-0.5306621068204509,-0.18493433057456046,-0.5515603030221473,-0.9297514436636845,-0.9111909899471895,0.7114900722156883,-0.5677297181669565,0,1.4120753749973638
San José State,2018,-1.066666764695294,1.4065334144083512,-0.09662543836774237,2.0742312915543044,-0.9965357230017964,-0.0319839609099184,-0.8413039014236044,-0.6310533883794089,-0.7009262903943504,-0.13644620107788816,3,1.832525399910967
Santa Clara,2018,2.155626098661269,-1.1164199660753837,-1.1129171841606513,1.2564146785899322,-0.33094079576880364,-0.4728809038180915,-1.7517600833585376,-2.391243169957995,0.019641970123842264,-0.4473346867665179,0,1.5046059150934463
Seattle U,2018,-1.2254983632247956,-0.03033838371499528,1.1367447838515337,-0.966125654472046,2.1668467974136325,0.378707887566978,0.7378744389548539,0.4022779112255802,-0.2824325533247096,-0.6354519233297025,2,2.03523307069837
Seton Hall,2018,-0.5878910132208661,-0.41403652296897553,0.8480870774159137,0.37742924604683986,-0.7710390152504817,-0.7115985856136783,0.7446520283985385,0.98230452640885,-0.05472272580152265,-0.17208946695301758,2,1.3937285164110196
Siena,2018,-0.3003996566644693,-0.7996017328296487,0.8790350198255737,-0.6800356220652388,0.7898218343996002,-0.3803169047544973,0.2657023743781753,0.7484491114875218,0.11708536478466598,-0.37208779214124454,2,1.3289239876072825
South Alabama,2018,0.4147422540341315,0.9520437091368985,-1.09848879119109,-0.665998358266122,1.5469557577704407,1.1238480800289135,0.8237239052415223,1.0549871152972914,1.286406100714545,-0.4473346867665179,4,1.3063626522773866
South Carolina,2018,-1.1638070520777593,-0.048349241317088176,1.0943294480569417,0.2444439121106648,2.049986345436293,0.9479764818080845,1.1177583272733616,1.8030636983320416,2.4654711761105075,0.17721453862325223,4,2.368587843217119
South Carolina State,2018,0.12740262712427305,-2.385405832333327,1.6921412352881597,-0.08437939412132542,0.8609613964304742,-1.7456358909425167,2.798261629834901,0.417140359895144,0.7991891274104289,0.04177012829776018,2,3.1842091035286715
South Carolina Upstate,2018,-0.1729300034957997,0.43429989799869134,-0.17199957114480965,-0.02134662911651605,-1.7256085962711865,-1.4976966077364602,0.8666486383848564,0.8961889286195043,-0.5162967005106854,-1.5061659897078694,3,2.0581779601114776
South Dakota,2018,1.015367538382324,-0.7632609851316988,-0.3442966696316526,-1.8218738456886694,-1.1145133917897458,0.7397074839149969,0.11975828169083912,0.413424747727753,-1.5102193260510832,0.1320664018480882,0,1.1658135436724795
South Dakota State,2018,-0.19415775869880933,0.7119590023584511,-0.3631485152120136,-2.864750549487999,-0.8317825374969612,-2.509288883217171,-1.0891095154583137,-0.24238079981678332,-0.9547919764843903,-2.413159808851792,3,3.5611335156807193
South Florida,2018,0.34000719706236215,-0.2759620706245841,-0.09984871198243138,0.4270280243300019,-0.07655344679621144,-0.1415992229589106,-0.23132085149201062,-0.6691873027289491,-0.7932410853361833,-0.24337599870327642,0,1.146126494622835
Southeast Missouri State,2018,-0.10615569264714517,1.64873597722102,-1.1531201742562056,-0.19652810530021136,1.2463263389304433,0.614746085179144,-0.44255572248684055,-0.8461677770178434,-1.393287252458095,-0.5225815813917924,0,2.176759148598139
Southern Illinois,2018,-0.027116643827746492,0.021388003458078356,0.008433790776575668,0.21171380658111916,-0.2751475999169219,0.2968618252370626,-0.8616366697546568,-0.7601220215624702,-0.7932410853361833,2.1090795490552776,1,1.7636797469486234
Southern,2018,-1.4971667055457163,-2.076601035550632,2.9345270652696454,-1.9534619946072083,1.0067657641689693,0.2502753388662405,1.4702776982129953,1.251991968755843,0.6895653084170027,-0.7624310580098518,2,3.7537917025086958
Southern Miss,2018,-1.7403800367803295,1.2199561069777929,0.6570642071383558,1.1772009288858494,-0.32051396379901365,-0.644785473507625,-1.3409090661294805,-1.1726108460100673,-2.019709075277673,-0.3129652320785297,3,2.185103646843981
Southern Utah,2018,1.034406597315746,-0.462054768967186,-0.5898873156881084,-2.5002773161559375,1.3055797725651965,0.267631088690665,-1.3041164377209085,0.3852922556032208,-0.8503883393477942,-1.248176636706931,0,2.528123906038769
St. Bonaventure,2018,-0.1658257199672528,0.5551659056040992,-0.2700617912986179,0.7924573383740027,0.2192460043146769,-0.11419540744666291,0.3257970007788445,0.9363971602880563,0.7114900722156883,-0.3307020000973448,1,0.7559026731162477
St. Francis (PA),2018,2.184983513315554,0.001826635395100953,-1.9871296448847524,-0.5804340318846208,-0.6284039365664477,-0.07583006572951558,-0.007660399850427029,-1.018259287928593,-0.4701393030397694,-0.24337599870327642,0,1.7532654872546647
St. John's,2018,-1.2870234583720597,0.6066008852080106,0.7099160714962744,0.7060365364092395,-1.1196436161720869,0.614746085179144,-0.7559062744331807,0.8054218313875203,0.05374715825513107,1.362353128971312,1,1.5939060702431818
Stanford,2018,0.9067111008064227,-1.193133184697765,0.08025700511536307,-0.6625735303783492,0.043304073136281755,0.8854957824401573,0.6348550794108505,1.4825921488945553,1.7200292069552097,-0.26297979493459755,4,1.547728397681158
Stephen F. Austin,2018,0.8886589924544267,-0.5038985035470184,-0.42571589498641327,0.5643202445912785,2.916530280209798,2.86405126242449,0.3644292606078446,1.4770187306434706,-0.16550047973172133,2.682936129644865,4,3.411453207743185
Stetson,2018,0.22533736081797293,0.18391398935218442,-0.34418045014617876,0.3405598030237224,-0.8515141369156568,-0.5099065034435292,-0.6528869148891787,0.29824077053862774,0.06836366745425451,0.3578070857239095,0,1.434900044250572
Stony Brook,2018,0.7093367774499313,0.127285122859073,-0.7411265809349279,-0.3265844192180086,0.14720062990381347,-0.10806984868510115,0.23035259414248832,0.6083851038049827,0.2575184923840881,1.8344167355469259,1,1.3174385993428923
Syracuse,2018,-1.112916011226451,0.39041396428308067,0.7155352210155114,1.8094101972760834,0.41384198755971824,-0.48610433225574784,0.8850449525891425,-0.5011466471886681,1.1959229485294953,0.5899975034247542,1,1.9319323362667997
TCU,2018,1.2661620362585362,-1.0629970179648975,-0.34504900543989747,1.8566534893033098,0.2301828695577379,0.20916961559786826,0.6023226500811655,0.5628314685639045,1.976202762918795,0.5407758505495746,1,2.0132070035026133
Temple,2018,-0.7494093059996655,0.29912706290517044,0.4543623668168587,0.1388171468672676,-1.3465198943040588,-0.17667610681458862,0.8859647682993571,0.22857304240004375,-0.7793938660949081,-0.22911869235322513,2,1.5629441408667115
Tennessee State,2018,-0.29071183700323155,1.80253972609681,-1.1019624674459583,0.8887265418845279,1.6715053383402778,1.8031044849220554,-0.5422926024375294,-1.2144505124327902,-0.7226474186159584,0.5994824061086123,1,2.9286937406035416
Tennessee Tech,2018,0.773740702783403,-0.2930603888406533,-0.48107310109832113,0.008686532932338804,0.8375892393204788,1.1770723794904812,0.3451131306933439,0.7106737211190468,0.49224243422883585,0.6512699747624768,4,1.1011461847737865
Tennessee,2018,-0.9570757718551296,-0.42068868636293677,1.1886493781461578,0.384367965723813,0.7412131841994932,-0.1885771924084793,0.7010818105462817,0.5073766553889306,1.0706385839655792,-0.538705915954351,2,1.6521555934968688
Texas,2018,-0.569744138425479,-0.26512408098733886,0.7187324711692391,-0.8982924153581756,-1.6667802147279809,-0.5723872028114564,0.7121195990688534,0.3846287534304725,0.974587237799911,-0.09367428202773187,2,1.746368152722234
Texas Southern,2018,1.6415424248529598,-1.7318421438959346,-0.17927479164371768,-0.7129555992333915,1.681752462688046,0.4527590868178534,1.2529712366748653,2.107743896058117,0.458137246097547,-0.3344643448286078,4,1.6685003723243312
Texas State,2018,-0.2262141245846685,0.4926302009171194,-0.1677833866729605,0.7051412921887001,-0.8978336550438598,0.4722462445154528,-0.007660399850427029,-1.326263980751807,0.26837905649489124,-0.5285221257043142,3,1.2368463298108843
Texas Tech,2018,0.47540841107635373,-0.45173772397548695,-0.08968093363349336,-0.5876783225484112,1.02280287195885,0.17738118960365953,0.46100991018034676,0.766407903629914,1.8077282621499502,0.3126589489487455,4,1.2299310976032265
The Citadel,2018,-0.4109561892253372,3.6854400846554527,-2.419754548350154,2.0669803288270425,0.18823036656395817,1.4061682771728765,1.310919626418366,1.8894516812238864,0.22914526864461238,2.7845194373889846,1,4.634315846943167
Toledo,2018,0.7284259892921687,-0.5438560978231411,-0.24980945835072993,-1.5130204500193456,-0.5321242255516714,-1.7178666912234386,0.11331957171933933,-0.3315554918341721,0.9307377102025406,-1.8544516162591358,0,2.89700929717789
Towson,2018,0.1531441973850187,-0.6302500850525938,0.33849411237471483,-1.2852937503859696,0.48931526701733513,0.07763130113907526,0.5819898817501131,0.9911046604895151,0.31453645396580804,0.11305666004801904,4,1.6774731331343316
Troy,2018,1.3870896139402764,1.1127186792721062,-2.10394981617176,-0.7442976424813855,-0.3230764178598259,-0.4960219035839908,0.351551840664845,-0.1278160913222237,-0.37013160851945026,-0.4097112394538812,0,1.598860306705104
Tulane,2018,-0.5836628841828877,-0.5842324744235118,0.9732379679923041,0.3131051577962008,0.2865786209718469,-0.8650599524822691,0.3583294301085296,0.3310946044397708,-0.37782450809793655,-0.42159232807892477,2,0.5712415706821825
Tulsa,2018,-1.3557169272353267,1.533588862858447,0.06977081779556338,0.7547300501517302,-0.7691855285238931,-0.9308291097116641,1.1716401633506532,-0.08544507537828838,-0.42398190556885257,-0.9562413162058685,3,1.678183001088804
UAB,2018,0.5488423063288812,0.36761525201147877,-0.7774158199326895,1.2457607176543077,-1.8346936371053533,0.40647708728605625,-0.4854804556301747,-0.7021878055314376,0.18529574104724203,0.5835477695997308,1,1.969927830690007
UAlbany,2018,1.898499258632513,-1.4992801711529458,-0.5890623530542096,0.7231552404244773,-0.5935158397741785,-0.7650360258625619,-0.5337707804164258,-1.0122091957481363,1.1828724938874207,-0.9740629491434338,0,2.0641188745186096
UC Davis,2018,0.7843132180720603,-0.7244158499018372,-0.1637522747705202,-0.0009717137257718987,0.9108999683345874,1.0775660804971163,-1.12935145278019,0.11369869955820287,-0.5162967005106854,-0.10872366095278654,0,1.598826350888006
UC Irvine,2018,0.2896407258876704,-1.4887313591035132,0.8650969246843605,-1.5897291365254524,-0.22456346845193023,0.3601950877542592,-0.013308391053497496,-0.18045393036026564,-0.6624617925019206,-0.7859457125802493,2,1.8002253052188857
UC Riverside,2018,-1.1303319965511944,-0.04263461704142534,1.0595756445600875,0.403840673122694,0.42100950318092345,-0.19229628165657078,0.09400344180483862,-0.7126379647522252,-0.4614847910139724,0.3380547758847751,2,1.4349112706613067
UC Santa Barbara,2018,-0.4477960726975396,-0.6840005093404309,0.9253755529626271,0.4783969896914478,-1.2415084517348307,-1.5142258932835297,-0.3781686227718386,-1.2734631762678261,-0.7111834898323321,-2.9304822094005485,2,2.627071157477233
UCF,2018,-0.11306015764629426,-1.0291770450609012,0.8827759019462017,-0.3276222934073136,0.28477126982352846,-0.40577200449698536,-0.27300302657066955,-1.0867536648564198,-0.4285976453159448,-0.7370352310738222,2,0.8914781880933065
UCLA,2018,-0.48822863391227217,1.186346609238071,-0.4554364142783388,0.05502723529829873,-0.2480020942191907,-1.4262900941731147,0.44169378026584605,0.5434711735864453,-0.20935000732909242,-0.9063407439806879,3,1.3855466848898095
UConn,2018,-0.9669816065476761,0.5317026958204452,0.4758235225791874,-0.28148137230564185,-0.5892742516279355,-0.1415992229589106,1.09030909002644,0.05535706991232428,0.17606426155305915,-0.8136682527053508,2,1.2921716131489116
UIC,2018,1.1520016546267782,-1.1282461013103504,-0.19184533465845818,0.8538668859220299,0.9090513878813931,0.9155790821358258,1.145659403816529,1.5318240101124876,2.942943809948541,2.0734362831801483,4,2.3537821203687157
UL Monroe,2018,-0.9885484870617773,2.023486908844652,-0.6352166565960113,0.9285684884084041,-1.1907398446336008,-0.44852195669609374,-0.9836332797409761,-1.613735027386805,-1.6240742398126768,-0.7780249868302214,3,1.7280909573061576
UMBC,2018,-0.009825681585841012,0.9481811550731294,-0.7097077201567298,0.9412530368886632,-1.1028100820579185,-0.0345631435463646,-1.1331389292340128,-0.663665649972456,-1.4964626115107311,1.1173580926472595,3,1.7379211755972979
UMass Lowell,2018,1.5276725752004696,-0.43032447431631077,-1.0622234622602107,0.2333949760233366,1.1127917659771658,-0.6209833023198422,-0.18929979694116827,-0.40400992909829686,-0.5747627373071792,1.3510660947775215,0,1.24024010305767
UNC Asheville,2018,-0.5330972857824221,0.44915112492952214,0.14406984640250775,-0.04235916632603131,-0.5811550691737901,0.02780618202589646,-1.7673690772288406,-0.36144928063545356,-0.5162967005106854,-0.6970175643867451,3,0.951041394008048
UNC Greensboro,2018,-0.7410205207151772,1.6366196465065135,-0.5669625556212311,0.07920786453321413,-0.9322810762073783,0.6444987991638713,0.07560712760055253,-0.03404111757377965,0.3606938514367241,0.9447328638010442,1,1.278435670591723
UNC Wilmington,2018,-0.8875879923532639,-0.26644898070311923,1.0085978064493137,0.02717003195699825,0.14057225312730037,-0.7181755013366169,1.1177583272733616,0.3121743161663445,-1.4371367800554653,-0.7031741284924485,2,0.711980657549763
UNLV,2018,0.581099035607259,-1.3077767900052684,0.4630677605348108,-0.19725838960978023,0.8240541176232333,-0.8431369000724698,0.8666486383848564,0.14218505950819899,0.7553395998130585,-0.36456310267871717,2,2.0013299806947935
USC,2018,-0.5199923657799673,0.02821095548689292,0.45119531624211123,1.022010772471628,-1.475053357164755,-0.4464340469427789,-0.10835601444230955,-0.9125179942926861,0.15188657716353132,0.20301347392334596,3,1.5761011648815986
UT Arlington,2018,0.5483261504483713,1.024587036258513,-1.2748732300211896,-0.1047792779592702,1.2590559627306952,1.6560910746445823,1.2302463779519237,0.6772332116125253,0.20593081285776926,0.6791555886530193,1,1.9192290702468562
UT Martin,2018,-0.9893424060492586,0.9644040278061055,0.1681960115550769,1.4580313532273883,-0.8187473775007319,0.7767330835404345,0.33008947409317724,-0.9421544246754484,-0.27268821385862735,0.7942390745504962,1,1.938749997011396
UT Rio Grande Valley,2018,1.9965783651726958,-1.4980499719346496,-0.6791304726524002,1.0938405255568355,3.5980114485220476,0.9717786529958659,0.7562707531591399,1.1032016065170114,-0.015159242255023068,0.5255001651745187,4,1.8422119639043357
UTEP,2018,-1.4472311367988597,0.7532988387315164,0.7443310979839841,-0.8460682306195563,-0.18687421844268412,-0.8869830048920669,-1.369955878030985,-0.7513218874818084,-1.7625464322254258,-0.9918845820809992,3,2.136994721647098
UTSA,2018,-1.2234405110236928,1.3366677635263449,0.09880483607498586,-0.3436469793467019,0.229264332427148,-0.4682527038649125,-0.07984172742566512,-0.0278041971499434,-0.8232433936922785,-0.7031741284924485,3,1.2091910865340587
Utah State,2018,-0.786201072294657,1.3691683728270727,-0.32319739642033246,0.3421144370643591,-1.1468415863252672,-0.049731193813088014,-1.451286951355197,-0.5276867340986019,-1.3097643427488181,-0.5709545850794682,3,0.902961287470609
Utah,2018,-0.23567364696423848,1.6872310158249235,-1.0645881828682855,0.9763084958678581,-0.2799304936203136,-0.8212138476626705,-0.5973106814509672,-0.9742586175252771,-0.1008801232724387,-0.3859490622037953,3,1.228915509134848
Utah Valley,2018,1.200117853509807,-0.3805347591634676,-0.8022731039869317,1.250998727432079,0.8171167271817936,0.267631088690665,-0.6271320750031781,-1.1211230774047884,0.5360919618262062,0.9447328638010442,0,1.3908182002231104
VCU,2018,0.08328433497107893,0.18514617553283363,-0.2160144549645109,0.46888425008243945,-1.039326012257968,0.09407359044642476,-0.4854804556301747,0.08366416787179097,-1.568685362847577,0.8882976928320886,3,1.7253744461984737
VMI,2018,-1.6388348027629582,1.5934473866275218,0.28170504911683175,0.45746203578531347,-0.8872858588536376,0.8449381354820309,0.3786621984395819,-0.050244539055634425,-0.2855097131561037,1.7526468903039822,1,2.0050831435021754
Valparaiso,2018,-0.5361700657257703,-0.8634123422782244,1.1416694397183849,-0.12646076893029087,1.2759304642539122,0.713399821023238,-1.064964353065188,-0.21744708658823597,-0.42398190556885257,1.3605709656775562,2,2.4939832448657895
Vanderbilt,2018,-0.8797003489230196,0.15119413359041156,0.684892861759033,-0.6641643986931823,0.5378593336716231,-1.6104437344154239,-0.7599728280993912,-0.0590446731362995,1.4684713907387155,-1.455247038457684,2,1.224533602327445
Vermont,2018,0.7201768244710259,-0.29715916271683995,-0.4292869510794307,-1.2527388654313527,0.6042459252358927,-1.6762128916448205,-1.7088353502152027,-1.9051172447243199,-0.27268821385862735,-1.4255443168950752,0,2.6563085252104455
Villanova,2018,-1.4156426447657864,1.1411252626685913,0.42168488666708964,0.5040593621702188,-1.6662945893653343,-1.4976966077364602,-0.3107154706894564,0.1411234560318043,-0.5162967005106854,-0.9256899454557581,3,1.4950698740035022
Virginia,2018,-1.375443507234673,-0.04123387051262322,1.2812749556920313,-0.02513870564786126,-2.492376464182752,-1.0018180413243456,-1.1385496098823324,-2.136016000840771,-0.14044360681893828,-1.0546846219562267,3,2.4634445725076914
Virginia Tech,2018,-0.5732687336311886,2.081583963377812,-1.0566614448320022,1.0171271106426953,-1.1719594959600856,-0.6458294283842817,-0.9633005114099225,-0.39931652425527825,-0.9317132777489322,-0.5285221257043142,3,1.5175657413787214
Wagner,2018,1.531791525944973,0.08022281909984674,-1.4529165134542341,0.0985708971389499,0.8422948114097766,0.8438419828615407,1.214338976845864,0.6410059929804628,0.2729947962419835,-0.29684089751597115,4,1.997394224593564
Wake Forest,2018,-1.1665788054669073,-0.32502606827738323,1.306545019829898,1.352236072907904,0.5096184543288176,-0.7554446904332754,-0.10932424150569267,0.278293799955793,1.1453696084423008,0.04177012829776018,2,1.8301554857398907
Washington,2018,0.6065834352928662,-1.1213130997424792,0.29858417892597855,-0.5042513396476724,0.3077808863499582,1.7255140739422787,0.30862710752151085,0.4512001380962312,1.530014587366604,0.6813687326125862,4,0.5517032556537781
Washington State,2018,0.18654513559175934,1.8384799410000519,-1.562940141251,0.5230863894170276,-1.1704600982980262,0.3407079300566598,-0.23132085149201062,-0.7014544610247169,-1.1625002651035132,-0.10080293520275872,3,2.060374696513572
Weber State,2018,1.137537978361126,-0.5776837679753223,-0.5959780813115764,-1.1978536362439902,0.9459369755212034,-0.6896755332038789,-1.6546146346657282,-0.5577189377072147,-0.05472272580152265,-1.0275278479561285,0,1.6359829186344113
West Virginia,2018,-0.02620026821745612,-0.009257133867903613,0.030827278501354576,0.37266048372155325,0.3590807458044753,0.5849933711944165,1.3081601792877235,1.0859505500255502,2.1564364101861817,0.26751081217358147,1,1.9873064694238565
Western Carolina,2018,-0.024445839698610736,1.5521461621525168,-1.1541727567771591,0.8822644940431112,0.3403318787454883,1.4587836029563943,0.8259831017227505,-0.3934497682015026,-0.4701393030397694,2.8219448665578697,1,2.4720648517179225
Western Illinois,2018,-0.23804877223334298,-0.9338986762865518,0.9241548211271786,-3.1749073891592428,-0.07946367835547846,-1.884481889537908,-2.0859597914030683,-0.8315707292173784,-0.9547919764843903,-1.7964040118339237,2,3.8763936585228125
Western Kentucky,2018,0.8836908721570317,-1.6765776157682595,0.4675862439359144,-0.3793829420790599,0.23196419989537123,-0.644785473507625,0.0388144991919804,-0.5621888470815214,0.4442167611460009,-0.11947321732782559,2,1.8162914745805212
Western Michigan,2018,0.23491592233109668,0.07316022139924089,-0.26894402860055683,-0.8864843119232515,0.04864164757046287,-0.6811499017111792,-0.31378152305683804,-0.3693308822026471,-0.467575003180274,-0.8611926072055238,0,1.113366238068794
Wichita State,2018,-1.8353954070429355,0.3744178491457789,1.384258783396185,1.0101605742817978,-0.040656819947426294,-1.259674895858645,0.20990022129184155,0.5378977553353572,0.009897630657759973,-0.9402018465620602,2,1.8481745252765864
Winthrop,2018,-1.5646464390948243,1.1696919401379129,0.5354507161480773,-0.7631598055560473,-0.5139152014076015,0.8010920306624323,-1.2072937313825598,0.09642436228875073,1.0992122109713847,1.3605709656775562,1,1.4464621715599832
Wisconsin,2018,-0.6635590460474885,-0.9762209996121303,1.342941406149275,-0.3316275816973883,-0.54386217249294,-0.9889251985976317,-0.7752224043476814,-0.883323898691756,1.413082513773615,-0.8724796413993142,2,1.3339053497342763
Wofford,2018,-0.08609290346970366,2.349785559208893,-1.7026871046789473,1.2161189200190836,-0.3189658132267644,-0.44742580407560345,-1.064964353065188,-1.7165499272292197,-1.5248358352502067,0.5158255644369836,3,2.6300199304556644
Wright State,2018,-0.4833356162813858,0.1870236913180163,0.29751511607710235,0.02693738768710758,-0.2487842106544922,0.9420259390111384,-0.45788598432374494,-0.0021930132818564533,-0.9756727039117095,0.04177012829776018,1,1.9303955471018783
Wyoming,2018,-1.4372798700021678,0.6318845986724232,0.8273084943620307,0.7610150638352582,1.442389875265329,0.7188805841256878,-1.3547063017826948,1.4575117667646658,-0.4724471729133151,0.44810335927423756,1,2.460556193794826
Xavier,2018,-1.8306292221776403,0.5444065932061131,1.2510907726723264,1.0029873167707366,-1.0566987117724873,-0.614041002390073,-0.8524869240056829,0.8388623408940388,-0.7355443384975379,0.5158255644369836,3,2.327215451331149
Yale,2018,0.2256032694448981,0.36001776903775434,-0.4778931996041403,0.37082632390758574,-1.0653997614397437,-0.2877529056909031,-1.064964353065188,0.1459006716755899,-1.1009570684756254,1.5316586418781777,0,1.6796783089125846
Youngstown State,2018,0.21286400985546858,-0.7271170808439748,0.3576364811757066,-0.21755505631716923,0.4371710811221883,0.18432348953342872,1.7938228742808773,0.3168188313755856,1.4715485505701102,1.5768067786533428,4,1.3690623324263695
Hartford,2018,-0.3722859484224085,1.5216121756283107,-0.8149084789688388,1.2243748322883083,0.1482965088280629,-1.1815740216487371,-0.9200933787064347,-1.7402369547963388,-0.6807324290008248,0.5073602887916407,3,1.1827332496924345
St. Francis Brooklyn,2018,1.0575349218576426,0.20296866254358675,-1.1149356144504858,-2.0620406203135855,0.46759474852067817,0.8230150830722316,0.571225474986614,0.6969040995575383,-0.9289981367212312,0.5596458148364087,0,1.8664916169265204
Savannah State,2018,1.243418201730423,1.6580233456183013,-2.3866718217629157,0.403840673122694,-0.7875744108535906,1.3585639347973137,3.3777455272699144,3.2688726983678493,-1.142718523330264,2.0734362831801483,1,3.813180020246674
Abilene Christian,2019,-0.8666023788896404,-1.4268635614683256,1.965023474126112,0.408565543779427,0.33823406620405266,1.5768053576251777,-0.5618201741970342,-0.19103461208854555,-0.20699177436962843,1.7171043420796006,2,2.7964602425954075
Air Force,2019,-2.146030254536986,1.5459309114553332,0.7855038668926079,0.9080674219616373,-1.5274236853476557,-0.6035090975985495,-1.1640614731305012,-1.0515934751663811,-1.6496924516274816,-0.33330339704378964,3,2.237157653899211
Akron,2019,0.7564807899178428,0.8283258491559181,-1.3801380622757866,-1.371047933819266,-1.5310001025174498,-0.5891813334662626,0.22146157632567592,-0.04631684834382399,-0.27999370617268243,-0.32402553397083256,0,1.3399626901794293
Alabama,2019,-0.5249137140068942,-1.1395715119743344,1.4114111053031793,-1.313798179597454,-0.02396031855213119,-0.11636511710080098,0.3962909831971172,0.5886549208745224,1.9714640869890026,-0.5541165381801545,2,2.1995765886374086
Alabama State,2019,0.3007083111481483,-1.2186372342280813,0.6949243976334826,-1.4264651094808427,1.735853322013946,1.6386022998205743,1.4860609526957715,0.9884519607527411,-0.14789497243382344,1.0441500071878214,4,1.73135052791803
Alcorn State,2019,0.8040299071777299,-1.3183963232467577,0.29955526356861806,1.650956773002407,1.2401044007303146,1.3584499007797437,0.5024374087976351,0.09778442403563103,-0.36845267965852624,2.2128073119775635,4,1.7574152504426293
American University,2019,2.546326175603334,-2.1003272184629234,-0.7182969990726813,-0.22640496054741843,0.6098506700732417,0.3145699425702835,-1.111612651069069,0.14436536463465788,1.4042651489977747,1.420212723744992,4,2.2013786167803318
App State,2019,0.5725856793347667,0.1895745584701346,-0.6932487244607531,-1.0944537161319599,0.24719703290794814,0.21595780076911975,-0.38584057385933307,0.7404981778410732,-0.3399595787251909,0.42210998052798593,0,0.9829822781125059
Arizona State,2019,0.5327111721533904,0.4246690471650227,-0.844445512891123,0.38531317452390484,1.8204193917619735,0.925965221737498,1.3152955627384462,1.7539239602919716,-0.07402397001406592,0.6213398823051575,4,1.4321044548359458
Arizona,2019,-0.18690400008970046,-0.5157895416729059,0.59094802452215,-0.046951712728850965,0.3750071268085862,-0.19821319479576724,0.2203113828594161,-0.2456299404360667,0.10326643579335049,-1.0057043155417436,2,0.7434881525682765
Arkansas,2019,-0.7682313055763667,0.03270145880667857,0.6995145899382261,1.0038355724323975,1.3717454382963954,1.5373605009047124,0.9046764952838099,1.3273979575769468,0.9897184648304334,1.1858246040071427,4,2.277543050885432
Arkansas State,2019,0.8359864769429154,-0.15959932518329217,-0.6615801184833638,-0.8852048516928109,1.6211027928150494,0.20435637232192455,1.8386335898865127,1.0748945639696517,0.908894897477052,-1.0662545798073546,4,1.3695753754085955
Arkansas-Pine Bluff,2019,0.5209291297414187,-1.7231757169115518,0.8922027442078879,-0.12498292185395729,3.565399722367861,1.3706163338591077,-0.31296013331543715,-0.25710736741821866,0.10729576319806462,1.2009177783842016,4,2.6180662444496305
Army,2019,1.1199310222673828,0.6999354280857913,-1.620362224712807,0.5553391011975348,-1.469555428420921,-0.22670114687165843,-1.8947027026807355,-0.6179397490282043,-0.5689596862264379,0.10481791473471269,0,2.17316097437718
Auburn,2019,-1.1175032849568758,2.3680810229552547,-0.8466882290468778,-0.34491531540353215,0.4450380091129092,0.7707582855113181,0.7193453219813034,0.776103826763368,1.4387256882339994,1.7445345459474717,1,1.226069782955282
Austin Peay,2019,0.18276795833854256,-0.8469888077122352,0.5077767281150758,-0.15717743559039682,-0.05811046885474292,-0.09960105299460349,0.8460166285045758,0.6347197291677455,-0.11834657146592059,-0.0759647739149436,2,1.6365805711931471
BYU,2019,-1.2583592484261321,-0.5234324882964237,1.6093447740092126,0.3063583458146186,2.118489651385356,-0.6690861718963236,-1.1129785058102521,0.22397518855317544,-0.6391371385252067,-0.13614880674346364,2,1.9456752163787707
Ball State,2019,0.7697790384360603,-1.4861697154828044,0.46669810354268,-1.7457419308590674,0.09103329516585157,1.3638031313346646,0.2476859873563921,1.006821013936333,0.49773758871485196,1.4647464664951833,4,1.1201944587004804
Baylor,2019,-1.4852902839653788,0.14729723755304894,1.2848925989853346,0.9932616820473386,0.7137406246451856,-0.6715514754413527,1.6085948966346155,0.4368116639079717,1.5215896822526833,-0.4744245774692856,2,2.5966442597201382
Belmont,2019,-0.3823369132369215,0.44383492420397397,0.004648230969575829,0.8142408495143595,-1.7955558380879675,-1.6167109268586592,-0.6610907179772767,-0.665594004647787,-0.3638255948915744,-0.07851900342490716,3,1.1062233028658883
Bethune-Cookman,2019,0.884072158512166,-1.7500857147986377,0.5707423365766704,2.108117194130142,1.1443298750826412,2.562926775636814,2.5015284242740634,2.9334105331332583,1.6065413350354032,1.7696788994930213,4,3.619977321657962
Binghamton,2019,-0.6536458013703574,1.5697635578993503,-0.643571808145258,-0.00032231909977829647,-2.0253063251945007,-0.4765185727679401,-0.9865610614318567,-1.601224360620578,-0.33503484523054106,0.49036466909979437,3,1.0112160394531724
Boise State,2019,-1.6130137960566604,0.81896840397206,0.8659578565103511,0.18999258306085087,0.01652880271535367,-0.5847727906563281,-2.037115823694765,-1.7712281469471705,-1.7760118657652655,-0.9957428204528854,3,2.481144262465313
Boston College,2019,-0.5188494548984354,0.02241721011141425,0.4721733263248984,-0.4035659109867909,-0.9111586770303326,-0.572939333640189,1.5694883187817932,0.23207918260476093,-0.02970136856221201,-0.7732694301350436,2,1.3508332842131288
Boston University,2019,1.2416931896767436,-0.6749768714313829,-0.6308316511825657,-0.24388349300457357,-0.7036200109978582,-0.06015619627413825,-1.2266319976950175,-0.8837128404977467,-0.6502177888881706,0.4885199477870427,0,0.44462994373095305
Bowling Green,2019,0.8549939237003108,0.2344483715564868,-0.9961040638036321,-1.8904863901964313,0.05336333364689207,-0.14937670552280977,0.27245348666317964,1.0471094415070719,-1.0301258013326344,0.8158262149923959,0,1.2341229755693903
Bradley,2019,-2.376714385276031,-0.6068949510745906,2.732961396851346,-0.1296990432312651,-0.38977483452984146,-1.015707850327414,-0.9411539793694137,-1.2039485633361862,-0.21807242473259228,-1.1850112271411977,2,2.714744376736646
Brown,2019,0.5303459266489825,0.5192952600566951,-0.9182309474443124,-1.0319884049679076,-0.2098131544602685,1.8670068034971734,-1.0632223688100086,0.6534868732872063,-0.18799637374740563,1.4917848103077993,0,2.1454903058007604
Bryant,2019,1.7948831742118574,-0.24362947398060644,-1.499989704288764,-1.1860871894103318,1.083146880786893,0.13706808732818926,-0.24896755137445434,-0.21833227626230797,-0.1626691729177745,-1.0057043155417436,0,1.5834137301464213
Bucknell,2019,0.5303946628677726,0.7059202359507079,-1.068206170006099,1.1452871913009424,0.10976066096423563,-0.3813500295693571,-0.29366078320625183,0.5161048788889018,0.17291623807483553,0.27505933874007293,1,1.373600995669483
Buffalo,2019,1.1455187217008171,0.3570420819113537,-1.3690654589400144,-0.8875689028485261,0.1700796072477271,0.7249842851141739,0.9624052530665487,1.9825418977472264,-0.5088075842560639,0.4553149641575143,4,1.8645796909854884
Butler,2019,-0.27884041668126436,0.6440218954892378,-0.2539545135211223,-0.5568302898006336,-0.6384875354710554,-0.6123841903606543,-0.3662872849329226,-0.5288432062388463,-0.7388629917918784,-0.5076295610988152,3,1.0359062214089658
Cal Poly,2019,0.9943998245183677,-1.9292104366075566,0.6104140374050968,-2.1521958700440993,0.5501681402597437,-2.2772858511036342,0.24149411252969424,0.026777999964594,0.8345893597489439,-2.4362856935806003,2,3.7961425992205924
Cal State Bakersfield,2019,-1.161916229914825,-0.9690474188806761,1.8762246138727425,-1.117734828465112,1.260217657996201,-0.1703697665224972,1.7512188864507923,0.5409843676299011,-0.2304566810206103,-0.6209171523054412,2,2.137548761578756
Cal State Fullerton,2019,1.71976133558433,-2.4141528301587556,0.314718116240128,-1.8622121818386692,1.0913309580098873,-0.19821319479576724,-0.6204800409762683,0.24231580666992,-0.20699177436962843,-0.806474413764572,0,3.299063934441432
Cal State Northridge,2019,0.2920402609672695,-1.724796727999496,1.1097476228825673,-0.6411855782949224,-0.3826084893801885,-1.3248569148740617,0.6981448809985911,0.6859028494935483,0.6240570028526367,-1.003629004064898,2,2.0795475084894917
California Baptist,2019,1.2327018517188595,0.3011539777312057,-1.406532754551871,-1.8908848605212447,0.5527365325129547,-1.2342980979866596,0.8421059707192937,-0.07479205881527722,-0.9900244000190523,-1.353249810864143,0,1.4986010475726605
California,2019,-0.1507866665220592,0.14348272377889987,0.027185676599014864,0.16597173893333586,0.08459422225964273,0.29484751421005023,-0.4053938627857449,-0.10572941154553982,0.2805568416007669,0.6545448659346859,1,1.057117053881293
Campbell,2019,-0.44134005203639143,1.8533434707103567,-1.0719675299736087,0.2540659313305673,-0.2261954662001176,-1.6423332269505853,-0.9246423131648887,-1.4067285033825263,-0.9900244000190523,-1.7878661521484167,3,1.5101217609464155
Canisius,2019,0.15618907488098077,0.37659194116171263,-0.4501027402916362,0.7634267990798874,0.19217096258846073,0.052261645379188544,-0.04952400432505933,-0.60425300351886,-0.30228536749111484,-0.8695638826606761,0,1.3447668773198604
Central Arkansas,2019,-1.3354851104012557,0.9487077504526916,0.49953392964466237,1.163938929739954,1.103256261931583,0.7309323190640853,0.3962909831971172,1.2477797704034768,-0.10111000423464349,0.5254143740420745,1,1.7602694850617588
Central Connecticut,2019,0.6238259708234942,0.5205669742166974,-1.0075678150849299,0.5199506797649435,0.67019243248869,0.46029677434311433,0.04541807635096012,0.6210708970808644,0.600664518753047,-0.6312258890531707,1,1.2560185686337002
Central Michigan,2019,1.4502846426727036,-0.6001984841656549,-0.8879731079600992,-1.7842256694050163,-0.14612083216624305,-0.35993710734967593,1.5294040764826502,1.4768526689282913,0.9188023025074664,-0.20712445925158143,4,2.4942788047428786
Charleston,2019,0.04699066391904335,0.32734187091934874,-0.30737151431787835,-0.42707484860229616,-0.802516313283577,-1.1843346128074035,-1.2657385755478399,-1.9995048636002544,-1.0491212019548573,-0.8396793973941004,3,1.6310764903049955
Charleston Southern,2019,-1.221329951737824,1.3875367832731864,0.039143200301989284,0.5337433397120276,-1.085060619412646,-0.22878295875412777,-0.17955337568569477,-0.21201969142212532,-0.30228536749111484,0.3922254952614102,3,1.483652739601774
Charlotte,2019,-0.13569778741427688,1.4468472286342615,-1.034155374827718,-0.15737603381420098,-0.05139817891124234,0.20435637232192455,-1.373856761376232,-1.2743102999252485,-0.032308580412321104,-0.5095827954299634,3,1.2556499527393898
Chattanooga,2019,-0.33267600228822286,0.5436975464245042,-0.12249566165566304,-0.3288183042463654,-1.6715386590998298,-1.3165908971054343,-0.4778560511600917,-1.2476147901082595,-1.4688823098224175,-1.3260347458501374,3,1.3900797635362419
Chicago State,2019,0.33812028146386486,-0.7286300628602133,0.26592168799949945,0.5669766232786556,0.1279919332003599,0.6357637758655024,-0.6651732728080658,-0.3838243653157362,-1.8722552289178633,-0.08545191209480871,0,1.9028399681460813
Cincinnati,2019,-1.4386717870182855,0.04736785727070703,1.3211302173602861,-0.1831134975182451,-0.12461502158378587,-0.6715514754413527,1.6477014744874379,-0.05113408319801497,2.053460899674933,-1.7694189390209014,2,2.451875749150349
Clemson,2019,-1.2058991513517001,-0.40795901262126233,1.4670150380705338,-0.3410528413506685,-0.4019594964245867,-0.07987862463437154,-0.8355662191667917,-0.9451325848887084,1.078363667734142,-0.5076295610988152,2,0.6940822255663979
Cleveland State,2019,-0.23077254084121535,1.1541694374332807,-0.7092045816050305,0.9193574433779231,-0.31045405945076915,-0.06015619627413825,0.8503618038215562,0.4121679393066603,-0.007540067836285049,0.5955137839266346,1,0.9581812437851778
Coastal Carolina,2019,-0.20117837688368095,0.6592152156403306,-0.339531553086902,-0.050376979195674444,1.7007835433434688,0.9456876500977313,1.2175291181063899,1.143138724404054,-0.7388629917918784,0.4553149641575143,1,1.7666868603244523
Colgate,2019,0.6138517063621225,0.7403933188506531,-1.1747468465283868,0.8829943740156405,-1.3343925293032879,0.10638875432338193,-0.5118506580517609,-0.812435606266256,-0.054325036035464264,0.875911423464876,3,2.1401567713949468
Colorado,2019,0.58600179032405,-0.7536007705238958,0.05179655326783114,-0.1470889795996805,0.23831644077614447,-0.3278177240201542,0.6793481181318329,-0.30201261584258765,0.05261203413408823,-0.11549451633104875,0,1.5348341877897802
Colorado State,2019,-0.06140964916998171,0.27710003907145025,-0.16459753780469713,0.8696894224733632,-0.4322138358549775,-0.6518290470811194,-1.383058309106308,-0.8564151763239843,-1.2264116077622744,0.3557000132689291,3,0.9309888069176865
Columbia,2019,0.6898043471619797,-0.6560040060588512,-0.12467729740097681,-1.382008730665194,-0.09266414246843557,0.42163455366868935,-1.0366857624098798,0.23671003634852303,-0.18799637374740563,0.8158262149923959,0,1.2531748202868231
Coppin State,2019,-0.0936243058570171,1.500036922171852,-1.116635349862696,0.31077463828297963,0.8194453372438832,2.0008375673701813,0.48916910559757065,1.3504303617235585,-1.4812665661104356,0.21872945579712313,1,2.3810564310039704
Cornell,2019,1.7964989328440795,-0.19133390250012902,-1.5435289606949187,-0.18524813760255163,-0.5548720753923162,1.090788373033729,-1.6204911032127303,-0.3838243653157362,0.23306834004520882,0.9960818404098374,0,1.5898023682279945
Creighton,2019,-0.9380684180586204,1.8805870729765752,-0.624570473171488,0.983012382529737,-1.4096347032939545,0.3145699425702835,-0.7838075131851152,0.07953341222197396,-0.3790677564768274,0.49242641644934027,3,1.9693420465916516
Dartmouth,2019,2.345574572920566,-0.8068824070660536,-1.5677537020817056,-1.0008409566828038,-1.8199420343885913,-0.08692234904874037,-1.2755152200110458,-1.7591879272133881,-0.9098215973918872,0.8158262149923959,0,1.9512377832994294
Davidson,2019,-0.8420874384237301,1.4422582842174627,-0.3631076007745563,0.8182574498021292,-0.6385825482131253,-1.7089512071895934,-1.2755152200110458,-1.5540411063646815,-1.397053623351913,-1.4058243682775626,3,1.5550736942683214
Dayton,2019,-0.46012255145493364,-0.3426268719854946,0.7099571204481964,1.0469642306086473,-1.2624096766570354,-0.6112240475159343,0.04663216945423336,-1.3582104736357778,-0.7753639576934058,-0.8806973183482238,3,1.2319089933657892
DePaul,2019,-0.2576565488937937,-0.7164149408368391,0.818968166869708,0.02274847700305435,0.3936739774328053,-0.08097431509882894,0.4169305659527741,0.21767208206860855,0.08602986856207338,0.03471850485015259,2,1.2754926523065966
Delaware,2019,-1.1670088346425112,0.6394615106695724,0.5888056842286191,0.09628882940716475,-0.442842063633721,-1.8351747486950833,-1.1093122641365505,-1.729940429884356,-2.0242184338956486,-2.101468775316187,3,2.4576422401608067
Delaware State,2019,-0.4574416701227027,-0.18436310433017594,0.580279765786867,-0.3550663800237111,-0.7176163694556755,0.15397302592267476,1.988487367204891,0.7507348019062322,-0.36845267965852624,0.18493152603135282,1,1.493964505402778
Denver,2019,0.37136993636607696,-0.0011810446668498373,-0.3499026797124567,-1.4452145872463424,-1.2277203378377113,-0.8845537017318659,-0.9659214786762012,-1.284988503852041,-1.7760118657652655,-1.6056076864485604,3,2.5448622543473993
Detroit Mercy,2019,-1.0545188227205664,1.3073097270475216,-0.05399937434024645,0.38939435035709324,0.07135815836432381,0.15679051568842123,0.9633363620630441,0.1979571023875579,-1.093443803406712,0.7209548331937428,1,1.4984990243224008
Drake,2019,-0.15927652100024997,-1.0781499441117737,1.016631278893511,-0.8061262965468804,-0.7587099520165188,-0.1538377309852437,-1.1269102241703206,-0.588045015415689,0.4556311173355907,-0.23866919369963294,2,0.7568013958944145
Drexel,2019,0.13480309773909593,-0.9048806578264655,0.5996001579191582,-0.38922691922379293,-0.35565002536795365,-1.8548971770553164,0.3962909831971172,-0.7472245196289383,-0.9604759990511494,-1.1717292336893868,2,1.5155927974550298
Duke,2019,0.7111020907499257,-0.7753047724527233,-0.04895549563078276,-0.5210577324748157,-0.846261302947829,0.3145699425702835,1.5783761773847078,1.387266698321674,2.3657337735402693,1.286948872333435,4,2.3699184817052816
Duquesne,2019,0.1861730462854381,0.20082892654367446,-0.33722708770289755,-0.4599807956678809,-0.007146310492800865,0.7287409381351705,2.0192139640892517,1.4604740704240367,1.876170493867516,1.0197996858595006,4,1.8410433283686378
East Carolina,2019,0.19660908986481476,-1.2752498830224281,0.8387530530610008,0.5664247082748088,1.0953249426568048,0.03845594552702551,0.8264633395781653,1.1192532682520138,1.2113314720897044,0.4885199477870427,4,1.4432719679452473
East Tennessee State,2019,0.7676375548847247,-0.2638753627635958,-0.5132351280136009,0.3557253840713896,-0.3199873616660204,0.6104063679737748,0.12254493822735965,0.05805657349703103,1.078363667734142,1.119414636748086,1,1.0811113989493568
Eastern Illinois,2019,-0.9077554194388544,0.2746976115295352,0.6369171004171287,1.090542300678323,-0.6442528229209037,0.4811148931678037,1.2837930416903396,0.7687436775764218,1.1620841371431998,0.7707623086380359,1,1.7968863521358587
Eastern Kentucky,2019,-0.6021109871288568,-0.7702791507915904,1.1876642343302974,-0.4476563936804998,0.2575904846875024,2.352143322536827,1.2786331460014253,2.6511214070030293,0.4135246459563294,2.978893720001687,4,2.6550123293487387
Eastern Michigan,2019,0.6808967278271223,-0.22696436694108113,-0.46094003060887345,0.7400358611470738,0.9758177939795223,0.7287409381351705,1.5303817409289708,0.22866697458304247,0.768105457571163,0.5881348986756291,4,1.256664356970671
Eastern Washington,2019,-0.16467592202461387,0.08951373976006252,0.08366468277942632,0.009836785573821505,-0.3761021778530686,-0.5326369800344959,-1.1382171260277665,-0.3034891199348008,-0.24553316693645838,-0.20300992867139983,3,1.273465902153208
Elon,2019,-1.4776051852312035,1.82655244607174,-0.07143359870844868,0.629152153032197,-1.6098764810002093,-1.5590607516518253,-1.0484798096988261,-1.2842681488252365,-2.67428325518951,-1.367269692841055,3,2.3718270346007353
Evansville,2019,-0.6251599215575958,-0.4912773944995415,0.9852976517702853,-0.7432908608152364,1.1831408977260431,0.04393439784931253,-2.0598193647259864,-0.03805395244808991,-0.9900244000190523,-0.806474413764572,2,2.241330003847962
Fairfield,2019,1.9284362341460468,-0.20593325235345383,-1.6564479362660487,0.3414694369992462,-0.7448237139243634,1.6885657849998303,-0.5118506580517609,-1.1365953683296754,-1.13037930461659,1.0862096531185574,0,2.106654640943575
Fairleigh Dickinson,2019,2.0371348340722344,-0.5694574278353474,-1.467095918336037,0.2700023097752901,-0.32758961609927345,0.8953954577791374,0.45201785663738875,-0.3287172057649534,-0.17596595335333098,0.6761281052938792,0,1.8519338576247735
Florida Atlantic,2019,-1.2849053664517245,1.3022397179370675,0.16773125831273514,-0.4109212900901972,-0.6190762247141175,0.37702429904435425,-0.6976069028526678,-0.4270456669241934,-1.364304145612487,0.20996702956155286,3,1.5386122274633625
Florida,2019,-0.7210038732283605,0.33716162522858195,0.41030189711859355,-0.7499067239759327,0.003918670821184126,0.2431935351713463,0.6085838343981543,-0.5582531896641485,-0.5489089855696468,0.42527235992127427,2,1.437443248476154
Florida Gulf Coast,2019,-0.09188219806701535,1.2546292760278186,-0.9211277064466643,1.2296764083696026,-0.6032228794399339,1.0351971326557101,-0.832558020870421,-0.37135668215945167,0.9317581398549315,0.552375685536136,1,1.6120090408114507
Florida International,2019,2.6495424165487496,-0.1861147781248068,-2.353634113017584,-0.44607322190810045,0.26949818676031384,2.168478208432159,0.5722705835348183,2.293052827723765,2.45236431274162,2.2483840801520585,4,3.8539391520121336
Florida State,2019,-0.7474635063794748,0.02509264880645698,0.6860069264190206,-0.5352710592902009,0.5327658606599357,-0.1850649092222784,0.21938027386292067,0.4204005681844632,0.7744372577785705,-0.7163466010558519,2,0.9295687729662668
Fordham,2019,-0.7941408507955421,0.903726389241981,0.024236046696804663,1.1479566290001786,-1.3716280414685085,-1.2051527316320942,-0.44993190978479275,-0.9889225878341181,0.08602986856207338,-0.3508282495149302,3,1.3149361824823484
Fresno State,2019,-1.123958228234933,2.5473581026001653,-0.9846160146582346,0.1758068643018942,-0.012353565231978276,-0.3307917409951092,-0.7182464856083247,-0.2649657858924836,-0.10111000423464349,-0.2106294297458089,3,1.3350566329868485
Furman,2019,0.45362305485246784,1.3447777360973345,-1.5089161266164839,-0.4381456369906787,-1.3902733983966895,0.19623537240888778,0.10299164930094783,-0.2763398126315513,0.8124280590230168,1.982744211115829,1,1.9174426307104526
Gardner-Webb,2019,-0.14669740701482262,0.9667443461304905,-0.6380625387337782,0.5276447189419831,-0.19148796343426921,-1.2040570411676368,-1.0506523973573165,-0.7131024394117352,-1.2264116077622744,-0.5408345447283436,3,0.7781115161812929
George Mason,2019,-0.49220146024810213,-0.017243620302941038,0.4788600304947267,-0.146935942513274,-0.7707166642496595,0.04393439784931253,0.5820472279980242,-0.04885927785020144,0.46030961415550864,0.5604640789843545,1,1.379157215470866
George Washington,2019,0.05424590739929323,0.07082491187747185,-0.10814749722826981,0.5753588323995873,-0.5004045898333132,-0.6715514754413527,-0.7769063523875589,-0.28657643669671035,-0.11834657146592059,-0.341604642951172,3,1.2296730259340065
Georgetown,2019,-0.6273014772061271,0.11702990643040391,0.4986241615429208,1.4450069896405757,0.35323160332904324,-0.5137720485594904,1.6868080523402602,1.747099544248531,0.8567506604748708,0.3224950296393996,1,1.8461861166588662
Georgia,2019,-0.02179006386229227,-0.7671328228564248,0.6368787628200306,-0.6585527154064174,0.7092510398096264,-0.17849076643553397,1.080656095621511,0.4811703681903375,1.38862187789712,0.3557000132689291,4,1.800647727919579
Georgia Southern,2019,1.5650322651538349,-1.3156546719654891,-0.4216037660329321,-2.5500523157310138,-0.03281405696667845,1.3006913605819197,0.6895903170932866,0.9111085789270809,0.6794602546674544,1.0862096531185574,4,1.9367443825569715
Georgia State,2019,0.5658725611567326,1.6996127895121933,-1.9000281264469066,0.21656741061543897,0.45394227452150254,0.3145699425702835,0.16165151608018197,0.8735742906881594,1.1670088706378496,-0.20878470843305724,1,1.9237484522184345
Georgia Tech,2019,0.13082645963258108,-0.4982943567678581,0.27671725445829665,2.0289488499797557,-0.1324358246722752,-0.0009889111934397276,0.5722705835348183,-0.28316422867499186,2.142106102578641,0.5549299150460996,1,1.7909656257158955
Gonzaga,2019,0.786126379356461,-1.6943138759441236,0.6184710419576154,-0.7092386025074668,-0.8780725538013454,-0.9345171869111218,-0.47057149254044833,-0.4270456669241934,0.46030961415550864,0.10481791473471269,2,1.7652287532534718
Grambling,2019,-0.08334691247975012,-1.7998261662897512,1.5246709114580999,-0.4177546035557777,2.881583401574834,0.7725685567134654,0.18989515564055326,0.8803987067316,0.6942344551514055,-1.367269692841055,4,2.755033426129598
Grand Canyon,2019,0.9064397625700784,-0.5701205868159175,-0.39833974798505767,-1.4707666891537163,-0.5690351966215699,0.27293370492090346,-0.07841942018297876,-0.3586119393774686,-1.7385838912059222,-0.42092765939949034,0,1.2066762772106483
Green Bay,2019,-0.01862630571111669,-0.08262563492997117,0.08397626660928927,-0.48156426221364024,-0.1474151016586534,0.8766591508369161,0.4148666076772081,1.3796047403092653,0.24509876043928347,1.1492991220146616,1,1.182064021212641
Hampton,2019,-0.7998688313662938,0.6888279253453685,0.2022908448253178,0.015684562581568525,0.6877315195555594,-0.9082206157641455,-0.3662872849329226,1.1636119725343759,-0.8718307961474409,-0.806474413764572,2,1.4053412855705754
Harvard,2019,0.03130815960739398,0.5159371938653081,-0.4440675785670917,-1.6018830374776016,-0.11759724760856871,1.2513852896813378,-0.9272222610093451,-0.023196630020181953,-0.16543933550851547,0.7313313905779707,0,1.2769359031133203
Hawai'i,2019,-0.7048486298114814,-0.5018781980566731,1.0690998882416605,0.2378180702648355,-0.15129922708619065,-0.6690861718963236,-1.4844909954120662,-0.9024799846172075,-2.270762904471588,-0.806474413764572,3,2.339189232613778
High Point,2019,0.006669154427902308,1.0256405262008494,-0.8302710044500411,0.2621950073492764,-0.7700683489102341,-0.8536939020623253,0.7022424452221407,-0.5344633135687364,0.3144505956521852,-1.1775889366828325,3,1.7797784610340859
Hofstra,2019,-1.3113708722965787,-0.15901892958256017,1.3666680178479018,-0.057955807989381686,-0.2834784579525016,-1.5590607516518253,-0.3662872849329226,-0.5356676222822869,-0.6502177888881706,-1.1717292336893868,2,1.462356521234126
Holy Cross,2019,0.8247434241227224,0.6022448022968794,-1.2630020796459391,1.2834785357783893,-1.8597190099688305,0.15679051568842123,-1.539484620517598,-1.7879479662535993,-0.47292738308075344,1.0862096531185574,3,2.0234037147045814
Houston Christian,2019,2.1394061130682345,-2.096270346775485,-0.33711871895023227,0.40939109180516087,1.310146692881541,2.562926775636814,0.9828896509894546,2.6820445421998684,-0.295636977273337,2.580433916447344,4,2.904145691583156
Houston,2019,-2.0006964714483844,0.5653788249531064,1.4359474329315878,0.4354168289050266,1.2131246096045347,-0.827452575812716,1.192389175201004,0.7877816318563362,-0.18799637374740563,-0.8966022264732921,2,1.768438472765982
Howard,2019,0.8684191013397636,-1.3155663782688463,0.23645011872187602,-0.11454829790068141,1.2205893000061903,0.9034253036115183,1.9354141544046322,1.3944234722893092,0.17291623807483553,-0.6712826947014918,4,0.8268791779970449
IU Indianapolis,2019,0.7426228301716703,-0.0628995571638462,-0.6510607097280958,0.9170832315312945,-0.00730333149825989,0.9851325068181965,1.158869251327157,0.3071477590826039,0.8567506604748708,1.4846694566729006,1,1.3319451098562018
Idaho State,2019,-0.8486270904290987,0.5849272496045754,0.33182601463477834,-0.9543232964997334,-1.0702133393575572,-0.8631407795121847,-0.7005554146749051,-1.0985194597698464,-0.9499229987054694,-1.2270708730719337,3,1.4651505886360472
Idaho,2019,0.07230502973212442,0.9294414788851212,-0.8149968845066331,1.0680745738212325,-0.4648949552176491,-0.880984881361919,-0.5944089890743872,-1.0954322239406717,-1.9524580315450277,-1.3772838942531351,3,1.0800726544864117
Illinois,2019,-0.3196356980257176,-1.035270710405645,1.1336825508808623,0.4291935832890296,0.7245737469213845,0.450833993059164,0.0247784935953032,0.28807041423389773,-0.3520475609393333,0.6273771520559811,2,1.9259641018997555
Illinois State,2019,-1.8341066764209601,-0.00546596517733368,1.7371622478155782,-0.44483537041348215,-0.6710755614810151,-0.22878295875412777,-1.498422713772134,-1.7647449517059042,-0.5970306671459454,-1.2481006960373018,2,2.428173961190746
Incarnate Word,2019,1.6737379150923173,-0.4965246579782214,-1.1823690295364022,0.31455782588699654,0.93251374892249,1.8134744979479704,-1.352003085517302,-0.7251455265472183,-1.5679563601265618,1.2346554622858612,0,2.8321804996872304
Indiana,2019,0.5885250853710418,-0.9334615187980103,0.19390766361563025,-0.10382753067426713,-0.09227379277855154,-0.9345171869111218,1.0508606077336469,0.3493941441134262,1.7769722906181282,-0.1455371205672888,2,2.7563708936864932
Indiana State,2019,0.4828079346404198,-1.2933697795013352,0.582923894854902,-0.9150055350114884,1.3881307773835265,0.3145699425702835,-2.1260832883099354,-0.7676977677592601,-1.5809924193771072,0.6877498495642144,0,2.9848786285529445
Iona,2019,0.2386965406964624,1.507252585024641,-1.4363921034372145,-0.2642348885090402,-0.6104223584002689,-0.6035090975985495,-0.1609777512056038,-0.17636211759514842,0.3714181745770681,-0.5856612726282071,0,1.7269449812270292
Iowa,2019,0.078719173765674,0.26139021420617686,-0.2843633239929775,2.130287135247593,0.2247451543413388,-0.45191534142967055,0.3456301891605061,0.6475930594315095,-0.007540067836285049,0.31192980757545946,1,0.7215115303771895
Iowa State,2019,-0.8135955060054054,-0.14009255820279062,0.8811901691859818,-0.39792232920199666,-1.2305126217509497,-0.8096084739629817,0.5201284797310547,-0.3081870875009371,1.0551470669736467,0.09480371332263268,2,1.5684295986122336
Jackson State,2019,-0.17787323766010132,-2.391196343208022,2.0890645149813327,-0.23952337978813856,3.427495777903895,-0.13510142404302233,-0.04952400432505933,0.14131444922700495,0.7503764169904212,1.5909254042873924,4,3.0640513962309073
Jacksonville,2019,1.6582048128021638,-1.0477245029365596,-0.72487591831178,-1.6712776561347187,-0.9201044963585335,1.3316837480051429,-0.32019738960638067,0.8155667543189161,1.736870889304546,1.311529184890359,4,1.9174090732561841
Jacksonville State,2019,-1.5546145642557916,-0.4828444782638614,1.8566245353188802,-0.48101707035684,-1.0987790188564233,0.5643873684665651,0.5820472279980242,0.25368983340898765,-0.5689596862264379,0.9284859808782967,2,1.7192350948902222
James Madison,2019,1.128893308576942,-0.769268732582979,-0.44851264947114416,-0.46407817264062323,-0.22706205372850657,-1.401281324769963,-0.3662872849329226,-1.1430406501484824,-0.8718307961474409,-1.0721142828008003,0,1.6741624360427905
Kansas City,2019,0.9853081849203102,-0.7156642376416613,-0.3559250218676835,-1.203875345743211,0.4374223553570845,0.3395516851599115,-0.6191764883811747,-0.7317558432638069,-0.4847467434679146,0.16089744264236078,0,1.2051592769912112
Kansas,2019,-0.7901998759093001,-0.039671031161222815,0.7784113747771423,-0.5518539017607347,-0.7353939369301974,0.457322757368158,0.44936419599737615,0.5438900013514779,0.6140316525242411,0.9660392361735973,1,1.4150520541894114
Kansas State,2019,-1.4681702696470156,0.6756636771597194,0.8442439598476236,1.2049569090301084,-0.28641001202455885,-0.06015619627413825,-0.17955337568569477,-1.2460893324044329,-0.5128177243874221,0.5814939019497225,3,2.034769210328683
Kennesaw State,2019,-0.021025490625634323,-2.1704580422557265,1.7635478608432937,0.23889206681061256,-1.5743638555461583,-0.649011557315373,1.616974877603077,0.130200400241973,0.5338288498970767,-0.5360909756384105,2,2.2790762476476196
Kent State,2019,0.9212163478776562,-0.313011856907164,-0.6188537323093372,-0.836821940327964,-0.1526849899896592,-0.0009889111934397276,1.4130620073705027,0.6108342730157054,0.32487944305262084,0.1896750951212859,4,1.8181965955978927
Kentucky,2019,-0.3653498789719984,-1.286464560136017,1.378672961935412,-0.3550663800237111,0.4245035585579123,-0.7382320665640445,0.30783562853001895,-0.1229529377504132,1.2957554748551405,-0.4159205586934503,2,1.4758446682892479
LSU,2019,0.2737691319201201,-0.8577599796692764,0.43045668278059107,-1.9837569629988503,0.9121497262527837,0.5709615112533095,2.1756402755005424,2.217984251245922,0.32487944305262084,1.4846694566729006,4,1.2474530957631258
La Salle,2019,-0.34241652438941117,0.33314008409380547,0.05586254562276292,0.47990289693997745,-0.883635277361254,0.21047934844683272,0.23117432115186712,-0.20373560861383685,0.22638477315961178,1.0161102432339975,1,0.8611562505532183
Lafayette,2019,0.7809410030241587,-0.5199100607347826,-0.3201125829823663,-0.610065325040319,-0.8252469566017365,-0.23765805151623248,-1.5981444872968316,-0.40259150943519695,0.45784724740818333,-0.10916975754447202,0,0.8485010984676893
Lamar,2019,1.0583375987071098,-1.2451685734464166,0.0004691591054551899,0.8305861374841804,1.4494703654261072,1.0442997918988937,0.6895903170932866,1.1056044361651327,-0.47292738308075344,0.8537747677118575,4,0.9631786134843597
Lehigh,2019,1.1370929210368148,0.022143083078645355,-1.0920568923386287,0.5285714158158189,0.20365751345637081,0.09762323060772403,-1.4612714648119527,0.9111085789270809,-0.295636977273337,0.4553149641575143,0,1.1887291263985944
Liberty,2019,1.3970362289811327,0.16069754764717215,-1.4489488597283136,-0.6648536697981726,-1.3921709050817037,-0.7263359986642216,-0.8420839821422623,-2.476455718191811,-1.3175191774133077,-1.0167726434182534,0,2.635277686914317
Lipscomb,2019,0.34143266267715616,-0.08299325792249983,-0.255893863480091,0.5594657711820102,-1.0620478078695892,1.5540487095172166,-0.9182916723169945,0.5712001644557226,-0.3638255948915744,1.0376792924292466,1,1.0554289410092157
Little Rock,2019,1.125249222858118,0.13686126480638708,-1.1730288794162136,0.45331749888076794,2.0378008433372505,1.747346355798955,-1.26458838208158,-0.14547159909263294,-1.5679563601265618,-1.511592007309267,0,2.4170695318507467
Long Beach State,2019,-0.5267782385361734,-1.5759204391695323,1.763722887594794,-1.2973510099865877,0.6266331560747408,0.3145699425702835,0.512388636197684,1.0951545490986154,-0.8496694954215139,-0.21501064286359403,2,2.2673386089588434
Long Island University,2019,2.2422543911873034,-0.4441852155460611,-1.761522601665955,0.1516922251991208,0.08360885396102512,1.2305671708566472,0.8710013865772132,0.9020093575358268,1.536363882736635,1.0862096531185574,4,2.633275116038934
Longwood,2019,-0.7994469568941659,2.961126276297673,-1.6236073608503538,-0.6031797700032567,1.2015259913934888,-0.1538377309852437,-1.2522956894109323,0.18750721532104075,-0.7970364061974371,-0.609319823464246,3,2.1499064530676284
Louisiana,2019,0.8698256435019012,0.18968792676380286,-0.9741570572876969,-0.3786843880878964,1.0539568019200112,0.43947865551842363,0.4994888969753991,1.4134614265692236,-0.7560995590231555,-0.03538090503440863,0,1.7843165776561636
Louisiana Tech,2019,-0.442728940187681,0.25141191140759833,0.21629071417511472,0.40891719857962067,-0.5383183683844135,-0.5098275628874441,0.32198848527675467,-0.24443566762846727,0.4556311173355907,-0.8380191482126246,2,1.6080200988336355
Louisville,2019,-0.9005499334087363,0.7050572441768845,0.2843710766398824,-0.2130737773245741,-0.6987354218369524,-0.43488233511856,0.7863790972790221,0.5238229684618385,-0.5549241957666842,-1.2796454304853544,2,1.2694952179366454
Loyola Chicago,2019,-0.17223500805200062,-0.8112216431921784,0.8144312224194494,0.18887451339298691,-0.8869932143593333,-0.7159269392518763,-2.9473214232192086,-3.518449264469005,-0.681243609904468,-0.8380191482126246,3,2.5208475355387687
Loyola Maryland,2019,1.4451005837643371,-1.2146532187139079,-0.3894400756022582,0.6996568828270823,-0.1309133664791854,1.9909763531900648,-0.6595866188290906,0.22525476656132032,-0.6502177888881706,3.8422232943694303,4,2.47714601656608
Loyola Marymount,2019,1.0126347459728275,-1.3431630522273788,0.12237286577862537,2.5305307134884076,0.6809191857637774,0.005971945874877119,-1.26458838208158,-1.5603336193929693,0.4135246459563294,0.2697577026983835,1,1.355327499591091
Maine,2019,-0.4808473555438195,1.259025086867487,-0.5571846048276285,3.0348549365572977,-0.5038338442969004,0.5349970830670028,-1.1553200027869293,-1.2781239441848182,-1.4688823098224175,1.1975440099940353,3,3.0056072415550164
Manhattan,2019,-0.15896908101821497,1.1756317920191355,-0.7942830950216033,0.820458057155597,0.8348771938506363,0.9851325068181965,-0.6009267520498578,-1.767474718123281,-0.783185593243733,-0.0759647739149436,3,2.063977503307276
Marist,2019,-0.17063982144083728,1.512196315310186,-1.0536435027781323,0.05424642799643874,0.9356642159745109,-0.16424679039758902,-0.7801652338752942,-1.1546042439998687,-1.13037930461659,-1.1569714631873735,3,1.5925715565122094
Marquette,2019,-1.0541720461961093,0.21400225024336028,0.8240050308568301,-0.3312093232949077,1.154747208078716,-0.2100466518119064,0.061929742555485126,0.6048629089776935,0.49773758871485196,-0.9957428204528854,2,0.8403611334946474
Marshall,2019,0.4173380205963681,0.7203679527366885,-0.9730028666607735,-0.9597376861936118,-0.23733212578446522,0.8350229131875361,-0.2022569167169163,1.2441779952694358,-0.007540067836285049,2.0325516865601223,1,1.6418573156323997
Maryland Eastern Shore,2019,-0.2039197319113897,-0.4588505081398046,0.5612804312941616,0.6401439953386919,0.3801999692077064,0.16467948703251534,-0.27243149808614825,-1.0688819958097626,-1.0461663618580674,-0.7644147678338359,2,1.473213316377766
Maryland,2019,-0.5147011149782063,-0.02938095414205236,0.509867351735997,0.30786158382788775,-0.5988580697967644,-1.327087427605278,0.14861599012924076,-0.8268427068024083,0.8145386590921527,-1.0167726434182534,2,1.704044182742241
Massachusetts,2019,1.0757404026488104,-0.41854203371206145,-0.6800602969510923,1.7732200351507252,0.612782794897506,0.08557063549869258,-0.037140254671666234,0.019574449696519648,0.4135246459563294,-0.2106294297458089,1,1.051573865424435
McNeese,2019,1.7203393409124146,-0.22194237113805593,-1.4469872674178355,0.7529613658251181,0.6715002443521271,0.736136848770258,0.0247784935953032,-0.3108884188514668,-0.3759716924048227,-0.21501064286359403,0,1.429762076619388
Memphis,2019,0.5803658748006421,-0.013397519141822089,-0.5375370848885519,1.2731068035337414,0.8400068903891735,1.3495278498548773,2.306926644006446,2.4116676780026087,1.8571750932452926,1.5368487166621592,4,2.8558134780192463
Mercer,2019,1.2154702805829292,0.8649655986736564,-1.8432034034870015,0.14616595905710475,0.6466473554250867,0.16884311079745268,0.5407680624867116,0.38695551336839634,-0.007540067836285049,0.7006628987534758,0,2.0816714319473597
Miami (OH),2019,0.18914558239628795,1.1023087695839502,-1.0642585653846295,-1.1425383793642296,0.5843335554039565,-0.09960105299460349,-0.22941426244804383,0.27985009490884516,-0.295636977273337,0.3889049968984575,0,0.8198626517055956
Miami,2019,-1.2402272851560898,1.0601795360017563,0.3199859124706512,0.4275112846045397,-1.3369987862011,-0.5473001767718868,-0.06809962880515029,-0.9705535346505263,-1.354947151972651,-0.08094552145937214,3,0.9575197430045187
Michigan State,2019,-0.6959712720364876,-0.4833386100845602,1.0458188346353439,2.3152169950968737,-0.5287337194937873,-1.0125851325037107,0.7832831598656739,-0.1839258453766287,1.1503878950934048,-0.5173143479907601,2,2.6344494895832105
Michigan,2019,0.24539915841630844,-1.0750199110408487,0.6317996240539804,-0.42932173751083896,-1.757657008636542,-2.145588621147442,-0.9605372396964638,-1.462007921744066,1.1824254276645816,-1.4922295104613583,2,3.134697011294965
Middle Tennessee,2019,-1.4805552283895345,0.2063303267751386,1.232993659438469,-0.8444707379238825,-0.5010453369774174,0.08557063549869258,0.4375701487084297,-0.17852318267556924,-1.364304145612487,-0.17557972480352885,2,1.2960286010912767
Milwaukee,2019,-0.4309069066409259,0.9456945759085003,-0.35264502075668325,0.17885718570575315,-0.3133765454176165,-0.8512447116123618,-0.11969858569429127,-0.34420483884131986,-0.054325036035464264,-0.6312258890531707,3,1.0213591061129355
Minnesota,2019,0.5678567598298518,-2.2084920369487357,1.2377571770826485,0.8907042903014436,0.22501176373925044,-1.278016147518509,0.5201284797310547,-0.29738176209882555,0.7644119074501751,-0.9641980860048328,2,1.7125387033846313
Mississippi State,2019,-0.29510129889718156,-0.571012536474562,0.7375319275760897,-0.3212973656282142,0.31743137372221314,0.6330871605880425,1.0092865910401096,0.7085940328379892,2.2662093866438324,1.4962912009432359,4,1.7656030859828091
Mississippi Valley State,2019,-1.91064517990282,-1.2778572327263042,2.8316747756622593,0.8333759081136118,0.0844859682187138,-0.5098275628874441,0.6935009748785687,0.3747094779126648,-0.2601788961118536,-1.6897269783100326,2,2.397696713752418
Missouri State,2019,-2.6745330506814993,-1.5511879966514135,3.7729434615840822,-2.0103967099292666,0.9754182839236157,0.03845594552702551,-1.7936773765609444,-1.6036887330807104,-0.02970136856221201,-0.17557972480352885,2,3.954760040105454
Missouri,2019,-1.1072850367834604,0.575407874472746,0.5838405295465245,-0.8970680902196719,0.580971535830888,0.14594318009029397,-0.19812900016578572,-0.468105903452226,-0.6391371385252067,-1.0272875549009368,2,1.29435538969047
Monmouth,2019,0.31079921153266776,0.2702465651383708,-0.5107357229470714,-0.4626253137501769,2.374385419026113,1.4387483591035488,0.2433152521846061,0.8765850624720302,0.5621357214125465,0.9748752962430797,4,1.450269834172415
Montana,2019,0.7878181840469818,-0.3109275877426358,-0.4945003492234493,-0.44658361403255975,-0.26970505924607274,-0.2645522720074597,-1.495045327503027,-0.6961964996677583,-0.6582764436975981,-0.20425675611993957,0,0.9089321454922197
Montana State,2019,-0.6014063119795341,1.2694003669001122,-0.45162181577422505,0.31128034032220003,-0.32049599580883725,-0.9345171869111218,-0.9128482658759423,-0.24026789925907843,-2.393573445994434,-0.836517018000812,3,1.312989329450711
Morehead State,2019,-0.2159393304656061,-0.5017167700389575,0.6070734702705711,-0.03654243342834844,-0.4217960680322485,-0.7679722363136017,0.4994888969753991,0.5166194181937642,2.7527730559152994,-1.2270708730719337,2,2.8147820293807437
Morgan State,2019,1.5736166043356612,-2.0691593499654224,0.1756303373580951,0.17717685977112183,1.032843956078883,2.3131093497405324,1.6965846968034661,1.5665368697658368,0.20299228906002217,0.2450167345038329,4,1.2282962974859477
Mount St. Mary's,2019,1.0539999192200276,0.5044296104061566,-1.4010100656402789,-0.25309147005066035,0.4379034212122489,-0.1483270524728254,-0.15005091327613806,-0.1492852433522028,0.017228444739751006,-1.622926364184746,0,0.707610422659886
Murray State,2019,1.0981256368961376,-0.9682679610530568,-0.25957461198053183,0.13372843203276727,-0.9219462858393298,-0.13904590971506872,1.080656095621511,0.5323534885161402,0.502169848860038,0.7873648004528007,1,1.8413648440580506
NC State,2019,0.2825108356411512,-0.8995712105424851,0.45578791359988224,-0.037156159722365564,0.121400730430247,0.14594318009029397,1.6780090723233752,1.3115311902759466,1.4240799590586035,0.36068076081335765,4,1.7797751652899674
NJIT,2019,0.2243382234909916,-0.308442922733891,0.03585085509386245,-1.0817791911568326,-0.5083795667781337,0.6643143388250772,-1.8823189530273416,-0.24335513508825315,-0.3163208579508686,1.1282692990492935,0,1.2204536492345675
Navy,2019,-0.3704293251657132,0.2601702534531843,0.1409494995500494,1.4151665001287084,-0.94442621630579,0.3145699425702835,0.2398646717858266,0.01028566119294679,0.14758903724520442,0.6877498495642144,1,1.0858383418249682
Nebraska,2019,0.5364923239738943,-1.0080254221891756,0.3029680917139631,-0.4799998007731288,-0.20512053323422147,-1.3146741393619856,0.8970252083126061,0.15879088857303178,1.2922683964800459,-0.47731196735011433,2,2.3547161753118875
Nevada,2019,-0.34976505420594445,0.5128456009887317,-0.08156521896650529,0.06455570628452567,-0.09586942572492,-0.0009889111934397276,-0.581373463123446,0.5425901125812993,-0.20699177436962843,-0.20878470843305724,1,1.5266754263207882
New Hampshire,2019,-0.5673368079207332,1.2228935019903646,-0.4464466689035519,-1.4015125917642282,-1.1058263442455831,-0.5988250208629945,-1.5309300566122928,-1.3765636366349585,-1.9549643691271268,-1.5162309388457456,3,2.217899825776441
New Mexico,2019,-0.573500642533597,-0.13407404610579574,0.6495256077683643,1.2109839451866646,0.8237078849067331,0.6518234675302625,0.35913973423693524,1.434711899860048,0.03456640354297625,0.3922254952614102,1,1.3819616735886893
New Mexico State,2019,0.07067699217953122,1.1692242861184947,-1.0060934606638954,-0.9368937038276416,0.46713425078401083,-0.018519958624758203,0.08669724186227264,-0.28657643669671035,-1.5982289866083843,-1.0167726434182534,0,1.2569011275394446
New Orleans,2019,1.5393621367462818,-2.2858910455169306,0.38210828087488385,0.27269790065318167,1.507323390119962,2.562926775636814,1.2693453337613805,1.3309807759997525,1.339867016300081,2.2218200932484358,4,2.264598414807409
Niagara,2019,0.004817357099571973,0.35498171998249134,-0.28973337695203794,-1.04136395973621,-0.48430267496862134,-0.7701636172425165,-0.6791399077555025,-0.907598296649787,-0.20699177436962843,-1.33775415183703,0,1.7857412362261293
Nicholls,2019,0.33062887789552803,0.27111296248466793,-0.530165825789042,0.7349856461377889,-0.9943944703615042,0.07210008802389249,0.7240961210810708,0.5524253004086106,0.7602838220208357,-0.36113698626265966,1,1.4890510813370292
Norfolk State,2019,-0.2362150029344633,0.040582249420622975,0.19056134404631253,1.1201332460926428,1.294265730941555,1.7385292701790864,0.3715234838903297,1.1656592973474078,0.35738268411731433,-1.4794287486563513,1,1.1239605656990035
North Alabama,2019,-0.0005343201747350624,0.6932556875759001,-0.5564370341246532,-1.5535802129757557,-0.023854556654956487,0.3978424178690436,-0.6356881545856997,1.0388768126292727,0.5070945823546879,1.1563090630031176,0,1.3862604031307164
North Carolina Central,2019,1.267048420546322,-0.947034009705875,-0.43622304853647437,1.320446331826115,-0.22656699091009913,0.5790825111663463,0.37443730733818703,-0.17598075316919182,-0.13138263071646608,-0.6951400568890942,0,1.3059291665369568
North Carolina,2019,-1.0077620808540093,0.289222326217505,0.7197295852199942,1.7123610881273148,-1.073013271621255,0.08973425926362992,1.2136184603211078,1.6810733190282479,1.6346123159549106,0.549949167501671,1,2.6096110937602104
North Dakota,2019,-0.17133422792160313,-1.1302798326435315,1.069902453961725,-2.395094611305371,-1.483530424016909,-0.7159269392518763,-1.6238081790127463,-0.3919283593673217,-1.5338996553345123,-0.21501064286359403,2,2.4281430729489335
North Dakota State,2019,0.052689556717514525,0.46274037004892127,-0.4215308291580004,-2.138463418580396,-0.9447731320294598,-2.391785504639429,-2.224936026771237,-1.8101273183947821,-1.1771642728157699,-1.857965562032977,3,3.710921185647094
North Florida,2019,-0.1540364242617622,-0.3856780358391492,0.45536853420068557,1.1694773688663562,-1.6119991918619407,0.5956145467035998,1.743023758003693,1.070842566943859,1.624085698110096,0.8496241447581663,1,2.4265589739702285
North Texas,2019,0.3146597811485999,0.213462378794957,-0.4687641988969254,0.34317013486486725,-0.2053423713079299,0.40825147728138894,-0.09905900293863436,-0.44865631772842013,1.6767187873341727,-0.7013252989377319,1,1.6506141011864344
Northeastern,2019,-0.2263695776303826,0.18243926207422287,0.06729600998524081,-0.6097603805429893,-0.792267183944737,-1.4998934665711268,-1.383058309106308,-1.2556435148652505,-1.8026054266363785,-1.0721142828008003,3,1.9745775208866807
Northern Arizona,2019,0.717031284660215,0.9357197678882756,-1.4291453778621561,-0.005005409012964985,-0.4443951919427386,-0.7203879647143102,-0.6297911309412265,-0.18161041850474766,-1.5113426170956223,-0.295750141748489,0,1.5418813729207643
Northern Colorado,2019,1.3437316114408582,0.28997031684912233,-1.5024434113253262,-0.6158599590591134,-0.47229575612208585,-0.21793562315600054,-0.8942260859460258,-0.7745221838027008,-0.07402397001406592,-0.2751946756921141,0,1.1110186210123312
Northern Illinois,2019,0.6680002445012921,-0.28152087689281763,-0.4049269437083153,-2.093061950843837,0.3820159226244945,-0.3757150500378615,-0.7573530634611471,-0.5356676222822869,-0.6945403903400245,-0.9724993319122152,0,1.7833162415023325
Northern Iowa,2019,-2.1280837028597395,-0.03537001888607255,2.038920908808725,-1.6558816144639368,-0.8277558868220128,-0.9220263156163085,-2.315750190896125,-2.416306073453378,-1.523373037489697,-0.6172060070762586,2,3.7740115846122033
Northern Kentucky,2019,0.6092311132027451,0.30479773723931647,-0.8204364865948806,1.2472401277153975,-0.15354177391043503,0.02906431297453328,-0.02829471920495575,-0.036510334533502546,1.0551470669736467,-0.1455371205672888,1,1.3649059917335773
Northwestern State,2019,0.7463990821577217,-1.0458173482483715,0.13501977803077225,0.038231887751691174,0.5355967948765238,1.3971121214541686,1.407630538224277,0.8587880559273733,1.442793946338275,0.7357126036957559,4,0.8610308922451347
Northwestern,2019,0.18044412470357665,-0.5332620662619424,0.257933058568734,1.3829291907964136,-0.4820479820630499,-1.666125362750231,-1.1074500461435584,-0.8947618950442706,0.7343358564649883,-0.8966022264732921,3,1.7297509250252872
Notre Dame,2019,-1.833924321034775,0.39597207835672216,1.4144861012088485,-0.03387137307954067,-1.681984896621949,-2.271040415456226,0.9349840931197472,-0.9802783275124274,0.3714181745770681,-1.4689138371736679,2,2.9891011009377406
Oakland,2019,0.08164851857662922,0.5010386619191652,-0.47965754346527084,2.0331126917633906,-0.38825851382473103,0.4644603981080517,0.17338348943602827,0.3001527326380798,-0.3443918388703769,0.013688681884784561,1,1.1310900262311947
Ohio,2019,1.3727089016534386,-0.5705214173944055,-0.8385251872863679,0.5416477739784518,-0.4966373120707322,0.06475251667400189,1.1186763796450883,0.18165433072822942,-0.5221747180272579,0.13986761967699274,0,1.4551480979020037
Ohio State,2019,-0.7819705382605958,0.06438603681699398,0.6870402351202599,0.9467406783489309,-0.12260821568029498,-0.19642024676301875,-0.5493771721529552,-0.6136831056879801,-0.8113908850767305,0.5413460581067477,3,1.7667365196764062
Oklahoma,2019,-0.5518932101703539,-0.18337118116038886,0.6687159118765453,-0.6903724102120861,-0.9515099101704607,-0.7701636172425165,0.08343836037453733,-0.05113408319801497,-0.02970136856221201,0.4885199477870427,2,0.8429895203846922
Oklahoma State,2019,-0.4734922139349191,1.1411951806132963,-0.469472186282619,0.7022658453267616,-0.6540808679775467,-1.7562850352541528,-0.1316478178159874,-0.7404001035854977,1.1226862691859958,-1.33775415183703,3,1.9870813649057997
Old Dominion,2019,-0.516007804006951,-0.45383830988704965,0.8520987702159082,0.12648702740970816,-0.717810423832819,-0.47235494900300273,0.7863790972790221,-0.5070050748998342,0.8766958311282051,-1.2165559615892503,2,1.4181151121669604
Ole Miss,2019,-1.3940351018010892,-0.1470292794701573,1.4351328503072955,0.19451120658901352,0.038472060958763266,0.5709615112533095,0.3962909831971172,0.4777581601686154,0.8567506604748708,1.1858246040071427,1,2.151251222320422
Omaha,2019,-0.1264700550580923,0.26503435860510616,-0.09343853984331336,-2.022597098528691,-2.058063194595638,-2.1419680787431488,-1.1516777234771083,-1.1221882677935269,-1.0835943364174108,-1.6827170373215767,3,3.087460588769793
Oral Roberts,2019,-1.273363863902808,0.6473625304026889,0.6829370727536463,1.049656398597862,-0.9963559976246296,-0.8096084739629817,-0.47057149254044833,-1.1510024688658278,-1.1771642728157699,0.31511614438839414,3,1.344747027067726
Oregon,2019,0.047057063013375415,0.7308802576019742,-0.631625467034309,0.2687990976678801,-0.2743686059880369,0.43380098674805345,0.5820472279980242,-0.5282228047803517,0.5283604769906791,0.6847312146888025,1,0.7809057501836417
Oregon State,2019,0.44682080762109194,-0.34821939052390766,-0.14238413749860546,0.8286186791581837,1.1843377935173105,-0.4557004539432507,0.3343722349301477,0.0051673491603672584,1.536363882736635,-0.2106294297458089,1,1.4585379405374392
Pacific,2019,-0.2530518350930407,-0.5693252880490768,0.6964502377364359,-1.082559344469912,1.8165894816542463,0.11471600185325795,-1.8575514537205542,-1.1293918180616012,-0.5970306671459454,-0.4279376003879463,2,2.556421093987916
Penn State,2019,-0.0422218666407307,-1.3199152593081551,1.1002713268680575,-0.3550663800237111,0.058102665557654046,-0.220753112921747,0.21938027386292067,0.40496438903858595,0.7744372577785705,1.2364226742997577,2,1.89834572176336
Pennsylvania,2019,1.5719456957934916,0.5875538874062054,-1.957118660895311,-0.8009999052572191,-2.0284002086380073,0.014789031494745834,-1.1145264745169263,-0.9392180909843948,-1.1023083236970825,0.5394342560189864,0,2.1278936557322377
Pepperdine,2019,0.46253374115338614,0.5538834008055787,-0.8819525559400271,1.0153273437005261,0.6734803450449637,0.6301287963340068,-1.1679721309157833,-0.2968130607618694,-0.561572585984462,0.42210998052798593,0,1.8919358312978862
Pittsburgh,2019,0.26391860779713716,0.2651819940759212,-0.4623765722984515,0.8685529339464538,1.5001884102987726,0.2770973286858408,1.5665553254428306,1.03599539252204,2.1819964438853097,0.36068076081335765,4,1.845335359229371
Portland,2019,0.3770056302192151,0.74479856632976,-0.9545257256842398,2.3486398254886973,1.2113349131547166,-0.06015619627413825,-0.7182464856083247,-0.36005264943108495,0.35738268411731433,0.6235535478804597,1,1.4442801377692371
Portland State,2019,-0.5491677441954558,-0.08548458457884245,0.5875017318817629,-0.2050705578997131,1.0551406268161374,0.2788817388708149,1.0154784658668077,0.8773114709024253,0.5338288498970767,0.004675900613912548,1,1.7161054906882676
Presbyterian,2019,-0.2521268625109219,2.2532868178593914,-1.5720296334190647,0.46074841397186767,0.38826430266841766,-1.0177896622098832,-0.8420839821422623,-0.4054350161199629,-2.393573445994434,-1.1569714631873735,3,2.1299431622926654
Princeton,2019,1.5071601569499145,-1.1080058555040582,-0.5337482632893524,-3.1430071599014076,-1.194935698347506,-0.1850649092222784,-1.1145264745169263,-0.13530188106711577,-0.14789497243382344,0.07677815078088865,0,2.335258514679206
Providence,2019,0.046764189549544304,-0.661260795982934,0.4870576134461798,1.1697971625589152,0.5247036531822732,0.925965221737498,0.7286968949461089,0.737085969819351,0.8124280590230168,1.584284407561486,1,1.5317136299228886
Purdue,2019,-0.5245214318840768,0.883371013081644,-0.2141337895174673,1.0827507149077602,-0.04133335778904083,-0.7739202702635132,1.2100802461344238,-0.20013383347979968,1.8170736919317103,-0.4159205586934503,1,2.0878819812286817
Purdue Fort Wayne,2019,0.9758488789922471,1.018649128993,-1.7402862075831294,-1.1018631181799683,-2.118239147833383,-0.7214376177642946,-1.1553200027869293,-0.13403066631392335,1.6519502747581367,0.2697577026983835,0,2.5656887689122003
Quinnipiac,2019,0.21017521305257478,2.230402305953396,-1.9904044442739706,-0.24583005230357177,-0.08297733034262911,-0.6321066187208875,0.2203113828594161,-0.0784317473717774,-1.3150568106659823,-0.7732694301350436,0,2.0588216450120047
Radford,2019,-0.2935797495988789,1.2968004214344364,-0.7644531750532135,0.10346073132124384,-0.5630661199724091,-1.125167327726705,-0.95288595272526,-1.303414427169331,-0.3399595787251909,-1.4041641190960867,3,1.0168997233001429
Rhode Island,2019,0.987077013453589,-1.4035165721118468,0.1950048116519805,0.006278002788481948,0.9598704116811997,0.5570397971166745,0.6803887693632106,0.853703196914611,1.3547281238457025,0.3439806072820365,4,0.9344111145585509
Rice,2019,-1.5819671843424143,0.44865567957918023,1.1341252644489626,-0.2039716874079624,-0.08796088836003438,-0.24751926569634913,-0.24353608222822884,0.9632395348144734,1.0217292325456615,-0.4559773643417704,2,1.332629551003308
Richmond,2019,-0.45154914821076925,0.005869767395892317,0.42188515009064576,0.6841259748004411,-0.8580810156767114,-1.3223916113290326,-0.20986097352163202,-1.0031401212579518,0.32487944305262084,0.2892900460098711,3,1.5287454363150368
Rider,2019,2.1777082505580223,-0.1577304837392588,-1.9306722344220872,0.5934556339826031,1.4451418981166457,1.7740296412275052,0.6309304503140524,1.8426413688566996,0.8124280590230168,1.816719292968186,4,2.97040835716323
Robert Morris,2019,1.1339622929911142,-0.24623784566314363,-0.8734896554792164,-0.23786364608309732,1.3398002961422935,1.8509471118324132,-0.27243149808614825,-0.30926762004115116,-1.0602018523178212,0.7076728397419318,0,2.5480227809599727
Rutgers,2019,0.44899456031787577,-1.2314415634435734,0.5651176962265992,-0.5505313189588171,0.30838723607221313,-0.8096084739629817,0.41398205413053685,0.3833537382343555,0.45362604726991157,0.2450167345038329,2,1.7917945585636514
SE Louisiana,2019,-1.85057938468936,0.16749463241678433,1.6137732203294501,0.42184733552676834,1.3823522242846562,1.9318090681093663,0.06388507144812551,-0.37870605328315665,-0.827508194695587,0.7873648004528007,1,3.453422855827213
SIU Edwardsville,2019,0.5301341140636884,-0.7735032811361369,0.12056661176738322,0.5770389068171079,0.5454677062651572,0.5349970830670028,0.09033952117209366,1.0977764295270709,-1.0725861086058393,0.4553149641575143,1,1.6375000802408985
SMU,2019,-1.3484443752210273,0.4155927965651882,0.9400665243384426,1.2186498546388413,-1.0446426045461636,-1.5590607516518253,1.6037065744030126,-0.4129987439014432,0.16088581768076088,-1.5635480405178233,2,2.5738083219222365
Sacramento State,2019,1.0201802136981435,-1.007062434454885,-0.15476935323184016,0.4905698560328263,0.3982286390986486,0.5530320309258248,-0.8533419363726207,-0.15396562494349225,-0.007540067836285049,0.9715015278529133,0,1.4367357814201551
Sacred Heart,2019,2.268933214845165,-0.6870386908978564,-1.5916258516871447,-0.14920810886164176,1.320668347530262,0.6684779625900146,0.16925557288489768,1.078496339103689,1.6299338191349935,0.2450167345038329,4,2.3173446441260976
Saint Joseph's,2019,-1.1638180666722995,1.5073802951353208,-0.11146997128387978,1.101554364519131,-0.7510579756171616,-1.9712595043806898,-0.3095827470463289,-0.5977698082775939,-0.3864983102496382,-1.090377023797041,3,1.309090025206746
Saint Louis,2019,0.5494582214015731,-0.5229836431590191,-0.09895015253813381,1.0033737535870428,0.4481749952183554,-0.6668556591651073,1.2808445298681024,-0.021074155387625252,1.2556540735415582,-0.44596316292969035,1,1.8547709728007673
Saint Mary's,2019,0.7324091908778151,-1.7597323087352301,0.7217756213534126,-3.1054648112661414,-0.43548896789328706,-1.581103465701497,-0.9367832441976276,-1.7738976979288703,-0.08184560556439321,-0.9549202229318757,2,3.638912344842138
Saint Peter's,2019,1.9576649778684538,-0.5480863246736847,-1.409185759519108,-1.3883822162536925,0.8980870331021497,0.44572409116583167,-0.9968808528096853,-1.6966714016725852,1.7609317300926954,-0.11249025590742474,0,1.7949722506581287
Sam Houston,2019,-0.8831209152896057,0.3747969673869607,0.5332267037149299,1.458069931365279,-0.05839981398059214,1.3554758838047887,0.25181390390752273,0.7435312516381578,-0.6157446544256171,1.1563090630031176,1,1.7498675814140134
Samford,2019,-1.1290269618745261,1.019252481817048,0.24780910914350981,0.20719244806370846,-0.6299142577657332,0.5906839396135415,0.787356761725343,1.2284439249470598,0.9897184648304334,1.1526196203776142,1,1.1994445290580986
San Diego State,2019,-2.153937762079462,-0.16812357013666523,2.169996927917312,0.5798636844522892,-0.43056435594971154,-0.09960105299460349,0.2203113828594161,-0.04772187517629651,0.01462123288964191,-0.341604642951172,2,2.139331729260064
San Diego,2019,-1.2576778632661079,-0.5295858352471494,1.6136444591517975,-0.7491839277528173,1.289584950280976,-0.0788925032163596,-1.9813889502544924,-0.3222340105236872,0.03456640354297625,0.36068076081335765,2,1.79468210296875
San Francisco,2019,0.026675531582627088,-1.2275094544404315,0.9609443700760906,-1.1322991056998801,-0.18844833261378718,-1.5590607516518253,-0.29366078320625183,-0.2773147292091825,0.7142851558081965,-1.1669856645994536,2,1.8313996528558771
San José State,2019,-1.3292051354944983,1.262686730925804,0.24135917614100097,2.7336010774554786,-0.9532998540232825,0.0022981601999324864,1.2218742934233702,0.5922566960085596,-1.8321538276042812,-0.24567913468808894,1,2.7727516113622985
Santa Clara,2019,0.9637061463145375,0.054742196470363345,-0.9544390509512487,0.6370707087337848,0.5618642034435983,0.09414280207356428,-1.26458838208158,-0.9539641821213987,-0.87443800799755,-0.2498026293871807,0,1.1745131357930956
Seattle U,2019,0.5349699646001127,-1.634511902251154,0.807707696842494,-1.874213832239046,0.8922779883875012,-0.7861880902852054,0.0247784935953032,0.0051673491603672584,-0.6917702277492835,-1.3585072666054847,2,2.5698921926069613
Seton Hall,2019,0.9965085294278494,-0.10009965879827877,-0.8610335532237159,0.4394540260905652,0.14950033352342615,0.7606724888136425,1.3869909554686215,1.0471094415070719,1.1754512709143938,0.8158262149923959,4,1.7536147717242767
Siena,2019,0.4966027040997287,0.5902917221825492,-0.9433885919817544,-1.089951882676755,-1.2295919435969103,-1.3618364680494977,-1.324398442327074,-2.190588512816584,-0.827508194695587,-0.9724993319122152,3,2.401689106693505
South Alabama,2019,0.3929528972622457,0.0947437443229063,-0.44735640510878466,0.17914630746694,0.7369802605574272,0.457322757368158,-0.6828643437414854,0.019059910391657192,1.1754512709143938,-0.7764318095283319,0,1.1799662105355522
South Carolina,2019,-1.4843011601535065,-0.6769129364753401,1.9461050544412812,-0.7970183559247774,1.3954750779612577,1.1823567904205228,1.6085948966346155,1.989366313790667,1.9648156967712254,0.8205697840823291,4,3.0466567426429245
South Carolina State,2019,-0.22144578960238975,-1.0717063632528303,1.0701890645867465,1.3201630548132486,1.8247497059476632,0.7829776161258107,0.6284862891982509,0.4184710457912272,-1.376000387662282,-0.33330339704378964,1,2.5550952978111425
South Carolina Upstate,2019,0.08622379354376382,0.7272643098870983,-0.66572326013762,0.22205303867871318,-0.37361616448908797,0.1396977444428873,-1.1145264745169263,-0.5070050748998342,-0.3163208579508686,-0.5961761841108906,3,1.206418913679711
South Dakota,2019,0.5327349484213706,-0.050469566656739295,-0.46275517439124536,-0.6390515854219865,0.3512781117655259,-1.5122199842962725,-2.0881987910150137,-0.7079841273791557,-0.7970364061974371,-1.7528164472061367,0,2.3578827652985397
South Dakota State,2019,-0.1609976436500564,1.5265829706382663,-1.0743107720245657,-0.38008843103014095,-1.8844880435014746,-0.3177804167296782,-1.670247240212973,-0.055612606226523906,-1.5865327445585893,0.21872945579712313,3,1.5215698517592706
South Florida,2019,1.6322656957585373,-0.25600701468846654,-1.3364131881025738,1.5449140771210617,3.95209254763766,1.9318090681093663,1.3739554295176803,1.8699390330304584,0.5908150517637458,1.1526196203776142,4,2.982903086100974
Southeast Missouri State,2019,-0.10780503313147584,-0.1753572976183793,0.24272578037462028,-0.1370559747914111,-0.16052241573703277,0.6231679392656899,-0.1281972374172079,0.24733375964304039,-0.87443800799755,0.047088988947427905,0,1.7088320773062642
Southern Illinois,2019,0.1331597904911081,-1.1452962426879663,0.7942956903596666,-0.649032924840747,-0.6289968642766085,0.04393439784931253,-0.6356881545856997,-1.226639746680627,0.36673967775715016,0.7707623086380359,2,0.9457122328230245
Southern,2019,-1.6887086048041031,-1.4588981189209471,2.7674434265637533,-0.4303723610079181,1.9576490645511504,2.643225233960619,-0.24058757040599288,-0.5505351000912081,-0.9098215973918872,1.0411457467641974,2,4.404223007550392
Southern Miss,2019,-2.6739286697440745,0.7067166783959355,1.9584363014512713,1.4275970521822707,-1.3890817126851318,-0.572939333640189,-0.6204800409762683,-1.1293918180616012,-0.6502177888881706,0.3889049968984575,3,3.219902095548996
Southern Utah,2019,0.9505037527091066,0.30849948482278333,-1.1458274612986998,-0.4763568022264047,1.2053800433089894,-0.01127887381617031,-1.9781584068666507,0.6238896776205461,0.08399573950993551,-0.5047421712179865,0,0.8642325964124296
St. Bonaventure,2019,0.016796562544767427,-0.18166223347404412,0.13007371228367196,0.025985362092681808,-1.0196314396850181,-0.7307187605220513,0.31807782749147256,-0.8291175121502219,1.0340410662822872,-0.8728843810236289,2,1.9893457424194587
St. Francis (PA),2019,2.0003149530921047,-0.2987317506465603,-1.6498036426766816,-0.874345840852551,0.7077960741385565,-0.35993710734967593,0.5820472279980242,0.245045573087297,0.7082699456111592,-0.36484813149184225,0,2.094337964134495
St. John's,2019,0.1305318138098527,0.16248794702906386,-0.2538580221643444,-0.25658126004575643,0.21377754064549653,-0.09762881015858095,0.4148666076772081,1.2985647997934104,-0.17596595335333098,0.6445833708458277,1,1.0261991157974482
Stanford,2019,1.6935019332183807,-2.0097024195424957,0.01460275272698728,-1.4005441724778476,0.17839272729408534,0.531516654532843,0.6113771613876405,0.8258033783840751,0.9897184648304334,-0.37480962658070044,4,2.374028600616861
Stephen F. Austin,2019,0.4668554945117731,0.2449306751076966,-0.6378317277042073,0.9574278155339908,1.7716345813523289,1.6261114285257596,0.6026868107536811,1.1541336169184881,-0.14789497243382344,0.9460108333494373,4,2.0360942497379884
Stetson,2019,-0.2947186329378764,0.17345033600484033,0.1390901806039715,0.3561207076331771,-1.6321114723865504,-0.7807833863595648,0.16766791267292347,-0.01228740725843254,-0.2990464081542486,0.16413280002164815,3,1.5550924889482052
Stony Brook,2019,0.3616549346241802,0.6619395962893833,-0.8734566347582798,-0.5061610726394599,-0.2987646675703381,1.1962785045571578,0.745949796940001,0.693530138012688,0.9584319226291249,0.49242641644934027,1,1.1465247542149088
Syracuse,2019,-1.7887470348160133,1.7719165120436182,0.2664104041529113,1.4521958396437162,0.2683601403416395,1.138967448028011,1.2321940848011987,0.5594805422888154,1.5925058445756501,1.8432832798718088,1,2.6738883119652375
TCU,2019,0.24223997142078146,-0.681900037193124,0.31896297747392827,1.2549590330949278,-0.6325992003741188,0.42163455366868935,0.5024374087976351,0.41731333235528484,1.9774792971860407,0.9960818404098374,1,1.7227939426910308
Temple,2019,0.04313050122245395,-0.11549085841354378,0.052034547367501065,0.3265279746782503,0.6973534471609493,0.7725685567134654,1.2837930416903396,1.622364384343428,-0.5221747180272579,1.7171043420796006,4,1.4862695117862594
Tennessee State,2019,-0.6214770736842229,-0.13104692675618657,0.6924194075024305,-1.8962322447043534,2.9317949065587956,1.8134744979479704,0.0015589629951898271,1.467938275471548,-0.7444033169733604,0.8101932266981011,4,3.1019773161934245
Tennessee Tech,2019,-0.3786471024142897,-0.7575789394094615,0.966343892394648,0.8016784786647125,0.9683469620431067,2.08827366643388,0.6191984769582061,1.329900243459542,0.4135246459563294,1.8012236339410728,4,2.177793221624463
Tennessee,2019,-0.4234186230540375,-0.755678773009742,1.0071152169167203,0.6876085229064199,-0.09134648579052412,-0.9523612887608562,0.6970391890652525,0.3648303232593035,1.2155526722279761,-0.32579274598472907,2,1.8307420273273471
Texas,2019,-0.6767992394787337,-0.2602978232588542,0.8485214675997357,-0.28031763145693367,-0.8042197318984614,-1.5403244447096038,-0.030948379844968368,-1.35306205388536,0.8345893597489439,-1.090377023797041,2,1.8034305280909995
Texas Southern,2019,1.697133847815629,-1.408136333184403,-0.472109520245267,-0.6685074976840415,2.298729586246061,3.2588467477764533,1.7761945160038553,2.834618986599645,-0.9098215973918872,2.888765907292967,4,4.036581443582104
Texas State,2019,0.026453396606316227,0.0777982695707922,-0.08749273791281963,-0.6820748712564646,0.45952041554289363,0.5906839396135415,0.4940574278291736,0.04440774141014982,0.058943834341495825,-0.10916975754447202,0,1.5608989527048913
Texas Tech,2019,-0.9461361621838409,0.18753735532886875,0.7431993434142498,-0.34171939698404236,0.618747427000785,0.41318208437144727,0.06388507144812551,0.133125149974874,0.7237828561193083,0.7541598168232712,1,1.5534961461788581
The Citadel,2019,-0.6092322540082783,3.5957212091352964,-2.313128029971664,0.6597222404405775,-1.2957482665619187,0.08557063549869258,0.4788493142197422,0.8912040321337152,0.31995470955797095,0.13986761967699274,1,3.3517064615480474
Toledo,2019,-0.12536501670205577,0.08147112026588027,0.05298694240136517,-0.7267316564681485,-1.3482077538618726,-0.829330902323215,0.16165151608018197,-0.2729276046098291,0.8124280590230168,-0.37480962658070044,2,1.9100654603438716
Towson,2019,-0.8246247057318431,-0.4995004785501798,1.180348063318668,-0.786991522265591,-0.8256035558208623,-1.8154523203348514,0.415844272123529,-1.1089185699312794,-0.7388629917918784,-1.6698039881323152,2,1.9034599106739785
Troy,2019,1.332375096930454,0.09186521228028605,-1.332562365121827,-0.8477030948544824,0.16522469702879206,0.35620618021966355,0.04541807635096012,0.03758332536670921,0.273169741358791,-0.49102706928405043,0,1.0604920913815605
Tulane,2019,-0.036956161719310265,-0.20084942337428918,0.19627100306541734,1.5272384071303748,-0.43460619701375186,0.05817837388725746,0.6700370281668747,0.8701620826664409,0.6794602546674544,-0.10916975754447202,1,1.121492413021682
Tulsa,2019,-1.5876556544377949,0.7055347931740841,0.9331300946276965,1.0407311408447462,0.5360895456865846,0.13706808732818926,0.4940574278291736,1.1601997645126574,-0.7388629917918784,0.22288007875081434,1,2.078409189850427
UAB,2019,-1.867489285109789,0.24118545167909522,1.5705477364248435,-0.46275011019249845,-0.3757448510811823,-1.6527422863629306,-0.6067927387277803,-0.8765472036521353,-0.7233500812837294,-1.1219217582450935,2,2.099799282997835
UAlbany,2019,0.6170656417050989,1.090351795208873,-1.4589298612995114,0.8980989200223249,-1.005655552568493,0.46886894091798603,-0.7401001614672549,-0.8243002772960308,-0.08184560556439321,0.2697577026983835,3,2.2228023461100435
UC Davis,2019,0.4932691536182299,-0.793765854167177,0.17167313116836683,-0.41269662952996294,0.6691377455020462,0.6452106533153616,-1.5923935199655344,-0.60692255450056,-0.27999370617268243,-0.02713391563622509,0,1.494960610920382
UC Irvine,2019,0.6552366159050522,-1.6259899723154898,0.6872395837332279,-1.396565610054131,-0.5409180676740489,-1.6006969893012053,0.9535597175998382,-0.6791699263068509,-0.10111000423464349,-1.928064971917538,2,2.599560226045952
UC Riverside,2019,0.07239278990748142,-0.44381520622027787,0.2881554299538169,0.8176088462477756,-1.7703970209445146,-1.2311753801629561,-1.2522956894109323,-2.5637987651922325,-1.4812665661104356,-1.4373691027256152,3,1.8918274039247782
UC Santa Barbara,2019,-0.358921738873205,-1.6863557573159267,1.6938611551730347,-1.2535038796133233,-0.15764490495589184,-1.1426983751580235,-0.037140254671666234,-0.8376480322045236,-0.4286047816288995,-1.6476673323792965,2,2.0027384762326634
UCF,2019,-0.6881917908702981,-0.3604807566426268,0.9397686821509162,0.61706150670406,1.3249062421756779,-0.06015619627413825,1.5499350298553813,0.2218425585396019,0.19191163869705832,-0.14237474117400042,1,1.9291011208152176
UCLA,2019,0.29692903572261997,-0.06504103744369343,-0.2282713934320375,0.8255434677260632,0.2296792695041716,0.4269877842236103,1.863765317124282,2.0279242644361046,0.20299228906002217,0.8653965119821926,1,1.5682985489142731
UConn,2019,0.16603429903117412,-0.8908078914477172,0.558788842681637,-0.2604046448909514,0.8602941991361186,-0.1913103448696864,1.1764672113609271,0.5983797137364235,0.7924828883696825,-0.4594823348359978,4,1.8836530919660566
UIC,2019,0.17928571085155587,0.7208491211826241,-0.7484896643379141,0.9711023233170688,0.5522675686805584,0.49207179781237775,1.0024429399158663,1.0953678120999735,0.5464924503118919,0.5217249314165712,1,0.8218130141380211
UL Monroe,2019,-0.20229461792942957,1.1703302562583424,-0.7490922206858646,0.0608884208243527,-0.03718261835060492,-0.9594989295007499,-0.7553977345685067,-0.5361794534855449,-0.9338824381800366,-0.8380191482126246,3,0.8475281947405976
UMBC,2019,-0.07381470774615065,1.643754913064285,-1.2508093862744898,0.32834653734598435,-0.30166126507347,0.7287409381351705,-1.6176977762232427,-1.2761167629955685,-1.3593794121178369,0.7873648004528007,3,2.4961703806413116
UMass Lowell,2019,1.079800537840035,0.21183918440035274,-1.190326385461669,-0.03654243342834844,-0.2641832545419183,-0.1703697665224972,-0.5871244304547438,-0.38954483170508913,-0.3790677564768274,-0.17557972480352885,0,0.6777730521792372
UNC Asheville,2019,-0.404643845124685,1.9868261254062456,-1.2138724017108828,1.6811521476880082,-0.9976252211478285,-0.4114619514407836,0.5588276973979108,-1.52648752658929,-0.7970364061974371,-0.09671788868339844,3,2.038354703776413
UNC Greensboro,2019,0.4457537890299637,-0.09184701602844486,-0.34733832078694427,-1.0295681816070241,0.17188772962339452,1.0837446486193603,0.47450413890276183,0.6893150575152668,0.9010732619267248,2.115564145633944,4,0.8207442858589095
UNC Wilmington,2019,-1.2443571595581582,0.28845846680213,0.9438662893471865,0.5649823430417054,0.0074054476933840315,-1.596533365536268,0.5820472279980242,-0.32547560814432214,-2.2391830509371418,-1.878995384998345,3,1.873808278322298
UNLV,2019,-0.6771031320397414,0.24247816621260262,0.44489268999789183,0.12893304601441727,-0.09435638493047017,-1.0265551859255413,0.8069100506517535,0.027346701301550147,-1.0047986005030034,-0.341604642951172,2,1.0991702378698334
USC,2019,-0.6816928354353782,0.07948916001701302,0.5801695247953954,1.3567774000027661,-1.2772129637612717,-0.5847727906563281,0.6006228524781151,0.17048882781271196,0.5819505314733753,-0.49102706928405043,1,2.3023307170613343
UT Arlington,2019,-0.47058159766352126,0.13609922384692713,0.3352434155424754,0.8565153607642585,0.6072958674098439,-0.003947275447475519,0.8606815951993847,0.6340372875634004,0.539844060094114,-0.5541165381801545,1,1.1507303000909213
UT Martin,2019,-0.3842802179706645,0.6033086594251729,-0.1216324804279876,0.7978518179790712,-1.1332508204839462,0.8579228438946948,1.0835890889604736,-0.10180537232055972,-0.4286047816288995,0.9915754497744008,1,0.8225593384077501
UT Rio Grande Valley,2019,1.2343614099645297,-1.758658443915904,0.24669388805672932,0.5025556076403311,3.182945317455052,1.7718382602985905,0.04541807635096012,1.3558330244246142,-0.9900244000190523,1.0161102432339975,4,2.6720361842892824
UTEP,2019,-2.550767817491538,-0.15400259869875577,2.5335574701115355,-1.125539558350026,-0.604745901225047,1.3138396461554087,0.16925557288489768,0.5346282938639537,0.4135246459563294,-0.6662755939954518,2,2.255054883858316
UTSA,2019,-1.7023953571497787,1.026638020771691,0.783565183253444,-0.7505491325078865,-0.6913786564274224,-0.3757150500378615,0.005225204668891383,0.989589363426646,-0.3842821801770456,-0.40801461021022883,2,1.2394194328113775
Utah State,2019,-0.04366487685553446,0.6063393805918277,-0.44586338944826054,1.788740879766571,0.15539407122951282,-0.6311674554656387,-0.20520542853915358,0.003623731245779897,0.6541330538378233,-0.5661335798746505,1,1.549932565412676
Utah,2019,0.2307558903391378,0.5196076431844514,-0.6354444220834942,-0.43682822558188705,0.2195566666149586,-0.7898860456027484,0.2985245385650607,0.05464436547530888,0.7237828561193083,-0.3083996593216436,0,1.3196305207456207
Utah Valley,2019,1.3120588436945484,-0.1299274998537914,-1.1351866639562573,-0.4117268897546169,1.0812658107847324,0.2704845144709399,-0.08448988569934758,-0.38573118744551926,-1.1716601589099842,0.30686915499021056,0,1.4031022685510721
VCU,2019,0.8235439050969104,-1.0547867617455404,0.06934302931281768,0.14741131867517687,0.2921717506815468,1.3706163338591077,0.5989341593435616,-0.04493006861306897,0.3369674252667632,0.7994393399544466,4,0.9251408439125912
VMI,2019,-0.18948099217654402,1.2435582509650758,-0.8200271658877054,0.19055334331093882,-0.6310436035650682,-0.19821319479576724,-0.6204800409762683,0.19454489436583944,-0.6058951874363159,0.09006014423269956,3,1.4249297641150942
Valparaiso,2019,0.19116956674889074,-1.2799642686163888,0.8476794416915427,-0.22144522328869373,0.21627698045517615,0.16467948703251534,-1.38696896689159,-1.3854780300917018,-0.09175301059480764,0.2660465574692009,2,1.3387551399230748
Vanderbilt,2019,-0.43169318279254637,0.10578015828876611,0.3228610836957064,-0.5829976228092445,1.171535912374315,0.19623537240888778,0.31807782749147256,0.4129262077559315,1.1226862691859958,-0.7068594628759868,2,1.5604441090217358
Vermont,2019,0.2094980350127917,0.3451867450147504,-0.4752363062471958,-0.9368937038276416,-0.30380408742579307,-0.3954374783980948,-1.6959109319288879,-1.3545975474951337,0.14758903724520442,-0.4744245774692856,0,1.4327035498669336
Villanova,2019,-1.3003474020184356,2.6178390331110983,-0.8745948294443805,1.905616236075222,-0.5175396895859017,-1.2378669183566064,0.3255266994634386,-0.6632192078561112,-1.190531406586964,-1.0768578518907335,3,2.041103412394445
Virginia,2019,-1.3548097181170824,0.5550278770668324,0.8340620137825588,-0.20100904637628103,-1.0950058152553044,-2.383458257109553,-0.6253683632078713,-2.121320689975666,0.5819505314733753,-1.1850112271411977,3,2.6182335744678467
Virginia Tech,2019,-1.429004803467665,2.658333897969426,-0.7855782547050937,1.6499163045620413,-0.17609665897610888,-0.6311674554656387,-0.7713196984085837,-1.6048261357546152,-1.2306328079005462,-0.746389205292092,3,2.203030482293116
Wagner,2019,0.6768951340769921,1.3393326639068242,-1.7154778575183267,0.6508200704347672,1.4345434699942898,0.373737227650982,0.8069100506517535,-0.22856890032746702,0.19191163869705832,-0.8728843810236289,0,1.6666694132360496
Wake Forest,2019,-0.7940532580480378,-0.20868060533222965,0.9178293230376686,-0.0948212627738707,-0.014439141329829193,-0.06015619627413825,1.823681074825139,0.7985057142103165,1.0340410662822872,0.09006014423269956,1,2.2122492599596737
Washington,2019,-1.3237220557363443,-0.08769321502005659,1.3210357467576868,0.37479001334251766,0.08406895355361128,2.063291923844252,0.8208766855991901,-0.3267105024759891,1.1754512709143938,2.347999031040644,1,2.4169192888587925
Washington State,2019,-0.026036706824472036,0.7754419108566474,-0.5983697375663072,1.0517996619835974,-0.8693034538272065,0.3342923709305168,0.25941796071223844,-0.3172863088921912,-0.6945403903400245,1.0197996858595006,1,1.4206572073724804
Weber State,2019,0.8005922575186938,-1.009796417387712,0.054882624346689696,-2.111589359458425,0.06552089902867898,-1.0821365749407428,-1.4443845334664152,0.4177343190592655,0.6814749183698114,-1.0358906642958603,0,2.4532547625509027
West Virginia,2019,0.1531658511433715,-0.5808593924504628,0.32194252249913013,-0.43152393532324745,1.2729068712674212,1.2959955443056743,1.3516088136017823,1.7016034372922642,-0.14789497243382344,1.6570191336071205,4,1.21540384082695
Western Carolina,2019,1.3908266443791435,1.3045036832615242,-2.361983562116335,-0.6987225762646772,1.1683974761720544,0.2021521009169567,-0.49533899184723584,1.5870669880298531,0.3293117031978068,0.13986761967699274,0,2.3095438246779936
Western Illinois,2019,0.17630387035464726,-0.9876587575704577,0.6268938936509103,-2.9553546246227413,-1.836522731148592,-1.9558296045459187,-1.745369250978046,-1.1446463950998806,-0.2304566810206103,-1.4744805550174411,2,3.764520632598463
Western Kentucky,2019,-1.125281194520852,-0.09878911176159394,1.1424730035082424,0.16469936257446607,-0.368986276128104,0.40825147728138894,0.3034128607966637,0.16076403495080716,1.5925058445756501,-0.049400787011320654,2,1.882774648595403
Western Michigan,2019,0.8974422242109441,-0.19361261675741095,-0.6923150866726671,-0.5915207986684212,0.15110810634249777,0.710114200239396,0.5201284797310547,0.8443809553912209,-0.6625296226247963,0.4202652592152343,0,1.5950634525175929
Wichita State,2019,-0.26883656986816656,-0.2838795589302407,0.48204390359809024,0.14256577959025898,0.3712283065091263,-0.9220263156163085,1.2693453337613805,0.5983797137364235,1.5082929018171276,-1.7843611816541893,2,2.085202976306816
Winthrop,2019,-2.961577700268631,2.6033028768091135,0.706529309186614,-0.2411367621759606,-0.6464850992448973,-0.39079690701921643,0.35258363147925686,1.2998995752842624,-0.5276788319330438,-0.7322515091809201,3,2.453355818660792
Wisconsin,2019,-0.4872463584373117,-1.2801457952449498,1.4887582634554586,-1.1097955342718384,-1.3392241529103728,-1.7975228400073664,-0.3467339960065108,-0.7669222659361428,1.561882956299823,-1.2653069148271485,2,2.614438353078318
Wofford,2019,0.12124115787378699,1.1302323920547157,-1.0225389473533788,-0.25565825048645163,-0.6874951623873743,-0.22878295875412777,-0.6067927387277803,-0.8959967893759376,-0.8917759668007752,-0.2702139281476855,3,1.2994962055315231
Wright State,2019,-0.574202266078324,-0.1114674049690781,0.6320269358809378,-0.07419445380758963,-0.31356874004972296,0.04690841482426759,-0.18751435760573393,-0.45328717147218217,-0.589010386883229,-0.295750141748489,2,1.0941141968116335
Wyoming,2019,-2.1025240278376676,1.6016377065872083,0.6996481392708673,0.8464220004327977,0.7613200512236596,0.27512508584981826,-1.5981444872968316,-0.6994536073248541,-1.2264116077622744,0.22288007875081434,3,2.7481187143516066
Xavier,2019,-0.047114590461184866,0.1313844597837173,-0.061039047453705066,1.1771490072644455,-1.128726453018713,-0.8283447809052031,0.09908099151566574,-0.8214400441013526,0.4556311173355907,-0.3963928659398937,3,1.740519990958105
Yale,2019,0.6007916776601969,-0.7584124192482585,0.04168935841985871,-0.4626954761335599,-1.3211948879909656,-1.090653078096298,-1.159417567010479,-0.42434433557366363,0.9924886274211743,0.02157486549679715,0,1.9259738108535251
Youngstown State,2019,-0.6074811518195563,0.6056342136735504,0.08736816760671484,0.28355059664778137,-0.33640088998069345,-0.5926617620004223,0.5527172946084078,0.133125149974874,0.45784724740818333,-0.17557972480352885,1,1.5605683256893643
Hartford,2019,0.11514316478326432,1.1708550356853478,-1.0494129449440137,0.1850971460775932,-0.632323239006745,-0.8304265927876724,-0.5531298235630747,-0.4090367912540038,-0.7093145908239755,-0.24567913468808894,3,1.2102922300537162
St. Francis Brooklyn,2019,1.6305474697277835,-0.6830753934737658,-0.9916953489294362,-1.1476888138337829,0.17563262102877766,0.5906839396135415,0.10299164930094783,-0.013599794959093485,0.5908150517637458,-0.4744245774692856,0,1.652638349850199
Savannah State,2019,0.4269888924215862,2.046420727657072,-2.0474334729794283,1.4713238517701699,0.12917806250060257,1.6981741475343026,1.825185173973325,1.962593604697169,-0.4286047816288995,1.959756145526156,1,3.4189069863695383
Abilene Christian,2021,1.6562237859381472,-0.5016728208400362,-1.0666498772667574,2.256114350763703,1.2023862153083518,2.1613759346221015,1.3178205953925837,1.0804874450582718,0.7489764551323792,2.4168580076316952,4,3.052858997918701
Air Force,2021,-0.23028609945351147,1.4806057283107297,-0.9759204246329606,1.6062346015024187,0.2915687296658672,1.0618455151785813,-1.312053461329764,-1.8633460807772861,-1.1595366011916206,0.2431532380746561,3,2.4877216364705785
Akron,2021,1.1996085991356682,0.7689046778192226,-1.6748205882776812,-0.9579078216638728,-0.6785558033335539,-0.8503360388879138,0.8849361720974482,0.4021254492140024,0.013119053854569027,-1.389938936243067,0,1.7305348071662772
Alabama,2021,0.45275679147459635,0.4428767410450194,-0.7537709747770928,-0.8776791290473125,-0.3040468481487676,1.4663616658845828,1.2481675244557704,2.6740230561849754,3.3362678271004804,2.51171642582982,4,2.9206204807146743
Alabama State,2021,0.7885125847969223,-1.7035705202005595,0.6593402053260077,-1.0096682685132679,2.12401623373629,2.352926229515237,2.105841554693925,2.1476435331531487,0.7212082513105752,1.1068471746175859,4,2.4902383522849934
Alcorn State,2021,1.0154814729129067,-0.7818556261329688,-0.2760801209087313,0.27356827909171766,2.6252493475588046,2.4355149436177124,1.5121903136149044,1.7604025464641266,0.5638550963203516,1.5277613082492674,4,2.309471525478956
American University,2021,0.41970294619090925,-0.30239885065397104,-0.13063608465243293,-0.8200859751275756,0.277272837675688,1.0787003547913312,-0.4853154346698522,0.31965746130800665,0.3015998380033125,2.0379602581058496,4,1.4779341891093103
App State,2021,0.04094241493961992,0.8556827741751589,-0.7180967970239382,-0.4807088171690476,-0.49215987004642425,-0.31847713942347644,1.190899423457936,-0.021400079688702733,1.2263946962791874,0.3999531033031361,1,1.5285919442494496
Arizona State,2021,0.15444153364261354,-0.7933516579435997,0.495437371355751,0.6638368615383472,0.33902688483031956,-0.132186806861503,-0.7368459174838696,0.8123723796895718,0.23258529634093322,-0.2646481603258334,2,1.445001277163648
Arizona,2021,-0.7433402868096115,-1.0510481306298816,1.4956694433095554,0.324785780363502,1.066722208785337,-1.1754126692085594,0.6780130483449794,0.3337252270835236,0.356811471333215,-0.8688311272612614,2,1.1263786978742858
Arkansas,2021,0.36064992308587757,-0.45926317828845287,0.04664551965891855,-0.5828251417040766,0.057831939395940245,1.2360121911769981,0.3174205202483209,1.7212872952834164,1.744003758747028,1.3364367020530485,4,0.8275684717841257
Arkansas State,2021,-0.1888219857073258,-2.05155956783085,1.8019567684619615,0.5781829779127673,-0.6790775003129944,-0.5966707027160257,1.2321661432946107,0.015862343804497206,-0.06555752364054246,-0.19416014751670024,2,1.519206803717712
Arkansas-Pine Bluff,2021,-0.4940506994369595,-1.9992485486231273,2.030519709311668,0.12527574496833788,1.703411467198531,1.306240689563457,1.1921626903917124,0.48636293657817065,0.5076575409667005,1.2544404422546693,4,2.6492629904297504
Army,2021,0.884083199495046,1.0824267931835316,-1.6452858768508853,-0.05178686030607704,-1.3678840933350198,0.1495773211384838,-0.6229939850773293,-0.6231830723603378,-1.7472693675985567,0.0808689738903637,0,2.0887565244410005
Auburn,2021,0.9701622570223907,0.5174020324606695,-1.2712621944290214,-0.4936443515813583,0.6142080398543426,1.3146681093698327,2.165580044362254,2.3503909184398224,3.8420458252833414,1.687198480079449,4,3.5287248212007096
Austin Peay,2021,-0.37354335675484335,0.11107168321243942,0.24222494862245872,-0.6985365718970524,-0.3399826151914563,1.0787003547913312,0.5321057174938789,-0.4310294009351054,-1.4423976298049983,0.5902707378877954,1,2.002761957590693
BYU,2021,-1.9095371118107207,0.1120912148463495,1.6013674456070093,-0.39559583546463106,-0.8432280444585344,-1.2337836400779787,-1.1872426882727196,-0.11712951020991304,-1.0096764535818838,-0.959458572301575,2,2.0345133939370115
Ball State,2021,0.7062804520908097,0.9166098507554059,-1.355730497698916,-0.019232919295413056,0.08526992232380701,0.3707970910558284,1.120156475166494,0.9031266247535856,-0.9659672438623774,0.15660163050970036,1,1.5817211217008147
Baylor,2021,-0.04512412590812946,0.008224506747447777,0.03339883167928053,-0.10975455733634051,-0.4765749354847961,1.1450662857665346,0.44809846639779105,0.4916015862898732,0.9080651228614655,1.4440567930384214,1,0.7540822073961575
Bellarmine,2021,-1.4090341942760924,0.7462410200541106,0.6529074520634158,0.5120888688589249,-0.6862973545534747,0.3202325722175784,-0.7040009772056992,-1.8563612144950181,-0.9534788982282327,-0.3034884939145401,3,1.4418577235997818
Belmont,2021,0.591554678863359,0.5227311496583916,-0.9402929686468782,1.501055787961129,-1.349399739018041,0.2169050772002843,0.009799765026897658,0.0486851415343981,0.49544068110721057,0.812373650298189,1,1.6683552756905504
Binghamton,2021,-1.5029148613799896,1.0396082471620698,0.5022602594246391,-0.9191709711185195,-0.9139776840681674,-0.38429972359537445,0.8289313380333893,-0.6608315016217695,-0.5900680402746211,-0.3854847537129192,2,1.3831605820075283
Boise State,2021,-1.1102198156705607,-0.1133656465448563,1.073313408094631,-0.5021271857015968,-0.1494597702141741,-0.2840134278995122,-1.0640320533317906,-0.5777115928627647,-0.5769552773587692,-0.6150742811483818,2,1.2253299463422325
Boston College,2021,0.939171995602206,1.1574191394987794,-1.7538182911053009,-0.6640794102013727,-0.7359791357350375,0.11797449686457706,0.040063246788221055,0.16785303410668082,0.6200526516740026,0.8444591432627717,0,1.864533326002413
Boston University,2021,1.1595734651762777,-0.3328855077738111,-0.761417567529392,-2.0512679245201917,-0.5149087071123696,-1.1433293341562196,0.2800839642056153,-0.694079465125372,-0.7911304049843512,-0.5768093599091382,0,1.6691304177446855
Bowling Green,2021,0.7933694619888197,0.5303221703312246,-1.125026811560178,-1.385084630734801,-0.47018946940550316,-1.1195255694399666,1.2616423717493792,1.0594160713572056,-0.3057281286256209,-0.5667396437935475,0,1.3354890767014054
Bradley,2021,-2.601606303453184,1.0937935246408523,1.4318543922185347,0.34281732446582697,-1.0053207829980286,-0.6910578045474258,-1.2143608184511052,-1.5221905065695989,-1.0924939035767385,-1.231340907422517,3,2.7448499661112646
Bryant,2021,1.7985291965721892,0.5128003465098614,-2.001023919842045,0.400070884463474,-0.3576412163676544,0.7689926769070488,0.7631256580081206,1.3680276830576379,0.41633651351701695,0.5830960651554377,1,2.6768657969728533
Bucknell,2021,0.14796687666772176,-0.43860289984227,0.2184901105393759,-0.06599788555982194,0.3805502728015761,-0.6320658659028002,-0.784007883011498,0.4060369743320731,0.3015998380033125,0.14065791332668168,0,1.4490983449423636
Buffalo,2021,3.087668496433021,-1.4911182068356033,-1.545603152586671,-0.22816855923743762,-0.46325126440789854,0.3707970910558284,1.859420284812067,1.7721371218183386,0.40650194133012785,0.7624628834643926,4,2.925710451251896
Butler,2021,-0.37071775684907965,0.4921974826185179,-0.06397509518333393,0.6857341823564398,-0.7586751369078245,-0.8090416818366759,-0.3519705916601882,-0.9469316245435302,-0.7099561583624101,-1.150783178497794,3,0.5132126959880068
Cal Poly,2021,-0.7088692322560608,-0.25238120087465193,0.8287351348007679,0.8599842816986343,0.13209065625225508,-0.1705406988595567,-0.3425580145065649,-0.3311129431396737,-0.7782747550668493,0.3573048938724006,2,1.6104337062465606
Cal State Bakersfield,2021,0.12914544442580084,-1.0993739652565468,0.7616867210850301,0.8561794241774613,-0.05019744346976932,-0.19945831584221538,0.3547570762910265,-0.8342424485229146,-0.4414567272282987,-1.0870083097657204,2,0.6246903219785067
Cal State Fullerton,2021,1.894633979547687,-0.555383001127969,-1.2349373930340364,0.8057186702769318,0.2581924205420139,0.1820228873930271,-0.6944001485090034,0.5087145086814346,-0.7474211952648449,0.53287335602893,0,1.4571331727770658
Cal State Northridge,2021,0.900896876145374,0.20419365068754716,-0.9603566443117613,0.3626305785812999,-0.33333369587534795,-0.5494771518003257,-0.08954794061717179,-0.14842171115448194,-1.1145785569087,-0.15589522627745664,0,0.7795852724926532
California Baptist,2021,1.4290384344248905,-0.6070108521950996,-0.7815639224906055,1.0650713515101247,1.1842392022005996,-0.6910578045474258,-1.0920344703638194,0.15178784165746131,-1.2719317118989228,-1.0072897238506302,0,0.7185462443908867
California,2021,-0.7851054272108046,-0.30420263703685513,0.9375276340091917,-0.22867196949999324,0.9940477144351284,-0.7554126467051994,-1.1709503729086292,-1.1732412920890603,-0.7593418888247099,-1.6377912669972592,2,1.7809634433467658
Campbell,2021,-0.2898233911381111,-0.007064552680901314,0.26223635078021734,-0.19306373487237818,-0.054837686131496546,-0.30171100949289875,-2.2569350188962387,-1.6572925254503361,-1.1276913198245517,-0.8159651176544112,3,1.910901307144732
Canisius,2021,0.9310547750433708,0.06192026481169615,-0.873688301912405,-0.6384579695046866,0.29795423811085586,0.1802077508193463,-0.8701691661869725,0.3612801003849131,0.5033346520933427,-0.959458572301575,0,0.5633096992143598
Central Arkansas,2021,1.1146758403707184,-0.3033905824865605,-0.7451685098699736,0.4655575845988781,-0.04109307647123319,0.5698948839814386,0.9521419729743182,0.5136039150790221,-0.6162935661063249,0.6548427924790196,1,1.3485245252010924
Central Connecticut,2021,1.2217897941113738,0.007830772695120865,-1.088001489589414,0.8521861300951925,-0.3353132455431498,0.8704935125161829,0.19113511010387493,0.4661479118083086,-0.5468730565518148,1.133857707257052,1,1.6077831037911563
Central Michigan,2021,-0.5119736278674308,-0.19967677652109528,0.6124082865321749,-1.5659246209858713,-0.03541921426002909,0.04044223464592703,1.0081468070383772,0.9389822716692342,0.3540508896667202,0.5711382772681736,2,1.8101342497865807
Charleston,2021,-1.8118734798758602,0.4275251240905821,1.2635449411950272,-1.6234862735037325,-1.2108435897297531,-2.028208413825598,-0.7093347709260858,-1.8316813536309982,-0.39774751750879234,-1.4696575221581583,2,3.005569322691374
Charleston Southern,2021,-0.6919930120485783,1.2591238585975992,-0.39064254583236646,-0.6486342190405036,0.17214843116530848,0.4592849990227663,1.4981891050988894,0.6859554905940218,1.0064108447303552,0.7983362471261836,1,0.6158996193666163
Charlotte,2021,0.989329168741886,-0.6133219729991203,-0.3872203497195327,0.04427240677403792,-0.47344013649760436,-0.08725796194949656,-1.5680755599083178,-1.5701460467168435,-0.40803203744279387,-0.08161626151892497,0,0.9913572660892153
Chattanooga,2021,0.2212494957473165,0.958396516268712,-0.9595860046851463,-0.3392650327076896,-1.380102774667538,-1.294857647145355,-1.5285427358631,-1.1974007119359702,-0.5468730565518148,-0.6555900801075809,3,1.6144908336116484
Cincinnati,2021,1.0793317624908996,0.1806118283030863,-1.0995502072248824,1.7615323598029549,0.8868265791966387,0.3499764068283137,0.1318358740360484,1.008009185517545,1.4431815506774828,0.5598838886683961,1,1.584413899059104
Clemson,2021,-1.9613389053985792,1.8010693943780398,0.30137804106600136,0.854308907125116,-1.2171369820650544,-0.5036716464997921,-1.647141207998753,-1.656429689027233,-0.40803203744279387,-0.7906427433049111,3,1.8646770679257627
Cleveland State,2021,-0.5462362718141893,0.28949164740225375,0.2529525843721626,0.2886970003964758,0.6736496747825215,0.35540788967027365,1.1347664318788575,0.35225350395859684,-0.9070548307621731,0.5877751995461057,1,1.2849518871409404
Coastal Carolina,2021,0.051363609825161735,2.095813108315518,-1.7155155957675707,0.5521666235916706,-0.5887615885743889,0.8132366308905177,1.3511764156807355,1.2286796007263614,0.21964506977923756,1.9462838843034953,1,2.3055069271225426
Colgate,2021,2.195230965067317,-0.33808165062126555,-1.6742387802889727,-0.6597435731849198,-0.7946178238377747,-1.3517675173672286,0.7617255371565191,0.5087145086814346,-0.06555752364054246,-0.3472198324736756,0,2.210869180770404
Colorado,2021,-0.7061534043395603,-0.7109605876710205,1.1917473720884624,-0.7575746508411896,-0.3988229698258381,-1.0289207258757336,-0.5141664097937608,-0.9865548659993117,-0.33019692066955514,-1.6117015479705024,2,1.4966069094786372
Colorado State,2021,-0.21857092414790885,1.9211836782174176,-1.3373653814720838,0.6907200440727851,0.4505438844945688,0.7247487229235798,-0.2062738052980508,-0.28697204823141315,-0.42995430361790266,-0.6875762371806332,3,2.088556618074267
Coppin State,2021,0.18856417495825797,2.0836964865661693,-1.8273366562487718,-0.4857508206637046,1.502771946495648,2.2494634448154316,0.5514920062083604,3.4709425692512914,0.5033346520933427,1.9987141850399588,4,3.387910428676695
Creighton,2021,-0.7991357409446276,1.3776090588312941,-0.39019371691287863,0.3124340856309135,-1.1061793280217613,-0.9065066239451879,-0.5599885467552633,0.20174482006760583,0.05074698222179635,0.06371214779124623,3,1.1511279391140534
Davidson,2021,-1.2707001644774731,1.9488617874176313,-0.4278748876086229,0.7551336506156716,-1.6443084843977822,-1.3717340196777172,-0.7150788564711174,-1.890855707981301,-0.5860333439928206,-1.0477622366998296,3,1.859114523488489
Dayton,2021,-1.026583505407725,1.2274456710495063,-0.06915655169800337,0.5026081674831446,-0.3671132629755768,-0.41576209087250776,-0.7093347709260858,-0.9548478063301005,-1.0096764535818838,-1.7885318658185225,3,0.6584262399613702
DePaul,2021,0.7582540134602629,-0.9581430308922906,0.09214051437061924,-0.39182168195725847,-0.3854864648857337,1.3701899339765387,1.5747839516864985,1.1702224330610735,1.211779852162448,0.7624628834643926,4,1.0963498558011167
Delaware,2021,1.7196606640138636,-1.5693084699035398,-0.27207591547541826,-1.4766186203194829,0.18628008255484382,-0.3371061726796744,1.204163726262582,0.00021624333221443296,0.7605465400581309,-0.31373802638933723,4,2.75909548431913
Delaware State,2021,0.39659456845175667,1.2812133669903136,-1.3720700123534122,-0.15681536734863222,1.291447072886075,2.076200408236812,0.2648099185517807,2.5711550254824616,1.1360483871938918,1.1798983878925056,4,2.3365540246414747
Denver,2021,-0.9985423143705329,-0.1776546003372274,1.0256635113117893,-1.401288674452891,1.7849507805654015,0.7500309823427055,-1.400061057716142,0.507317535424981,-0.44770090004537105,-0.26249036401535053,2,2.463293997250331
Detroit Mercy,2021,-0.7225454289823934,2.3839760726807935,-1.259924858664695,1.7077393621971073,-1.626101692899577,-0.5730739272581757,-1.1200368873958495,-1.2938466498962462,-1.18451329245991,-0.002835541320482289,3,2.4959704133499994
Drake,2021,-0.6304758328268607,-1.0532918921968308,1.397528212632756,-1.497035842766619,-1.1441782324738836,-1.7175175369639044,-1.030429152893355,-1.2553833195685482,-0.3015872561258776,-0.7011703539366804,2,2.131541315262828
Drexel,2021,0.0014437066021478662,-0.4894589698636421,0.3887448110576127,-0.6980587469188236,-1.511265468170196,-1.63492882286143,-0.756005465979468,-2.1022285076309015,-0.6162935661063249,-1.485601239341176,3,2.5277713207251002
Duke,2021,0.23381370215427225,-0.5781759222005914,0.25370021179922253,0.2042905059049247,-1.0519980924856407,-0.12473519355902306,0.061665111355787325,0.058889120103278174,1.6259888925043602,0.8772576471821233,1,1.7225141959399939
Duquesne,2021,0.6391224041025949,0.3180155560898145,-0.8192823515352194,1.185058162492746,0.4337582636535425,-0.07164244877886085,1.2461673518106258,0.23857480521466087,1.2031022884681346,0.36785588318469165,1,1.2807236793107806
East Carolina,2021,-0.9719859263110509,0.3351671786470497,0.5935111275085846,2.5947168995273766,1.3828040262213868,0.2891159452401938,0.34470492658722174,0.3342003111059611,-0.1623902344037573,0.056033568278355025,1,1.7794864316646353
East Tennessee State,2021,0.03966236543850989,2.023120603240378,-1.6472307429102275,-0.017056066611131702,-0.4788276950278414,-0.5583259425970191,-0.6649976106253732,-1.041227319354167,-0.6654664270407699,0.1526157012139457,3,1.8205433443756895
Eastern Illinois,2021,0.7974043029572141,-0.07626006167841842,-0.6452470520750582,0.6286522254361498,-1.0601614534375203,1.0079100284177813,1.0865535747280584,0.09702649000446827,-0.3015872561258776,1.566026229488511,1,0.9042927171990297
Eastern Kentucky,2021,-0.7134515573010382,0.0018808153391704266,0.6301848035724628,0.7677915200501947,-1.005681087432019,1.5843455431738327,0.28808465478619566,1.2407284950632778,0.001879542783838814,1.6370896546471063,1,1.3492761287641477
Eastern Michigan,2021,0.6973379355751309,0.8611164351357521,-1.303593210173307,0.5125864325669578,-0.883582139884214,-0.26125939442229873,-0.03194296843699627,-0.4398303324507636,-1.7402446731793504,0.31148345457330534,0,1.8010069961465842
Eastern Washington,2021,0.09866118024858124,-0.11413206615517399,0.0035918829232602597,-0.46453026795831037,-0.20516768280350495,-0.946689538674135,-0.3173009324776765,-0.048677820643670905,-1.5341869702159625,-1.1188957441317577,0,1.590969056405462
Elon,2021,-0.7041239364480933,1.757881987153198,-0.7773349818603768,-1.226428343890731,-1.042098847205682,-1.1629933137044273,-0.8288117502627448,-1.0598070636650034,-0.5376169886112134,-0.5768093599091382,3,1.0013112441604612
Evansville,2021,0.3125943417883475,0.49142597029662627,-0.6683586389154619,-1.136039778488549,-0.8908178474462619,-1.5666223675887054,-3.336649267194378,-3.1217984101175458,-1.6722160535407196,-1.4125957975031451,3,3.8896543275061664
Fairfield,2021,-0.009831247538869246,-0.5442837311035117,0.4424144035836865,-0.34916227768666636,0.40961374836011827,-0.9484771731785175,-0.2850557249862491,-0.7998684399095632,-0.6878177274655174,-1.2203557625691461,2,1.3284521221189098
Fairleigh Dickinson,2021,1.1559894627926348,0.3578719161748442,-1.3086710973578735,0.4993268801418092,0.5489865323324153,0.7050847433753709,1.4561854795508455,0.899867020488524,0.1704722088447927,0.8900126209285378,1,1.8227025821693112
Florida Atlantic,2021,-0.17085073653753496,0.26401506395265106,-0.059109461130732434,-0.6313423473931092,0.7084109738366103,0.6236196852470798,0.4000943229143124,0.377399022574768,-0.5600960107526739,-0.3854847537129192,0,1.6559762901538668
Florida,2021,0.6958085509422758,-1.0602596475476032,0.22880030019131453,-1.1377921798054043,0.0040246028158655136,0.8623965797610389,0.7654591927607891,0.5804258025127351,2.268514275381106,1.1132246614907932,4,1.423459014972231
Florida Gulf Coast,2021,0.7868685350832214,0.8237754155666998,-1.3531077748761875,-0.7812918214909306,-0.9103884801987068,0.016845459188077012,0.24648106376717968,0.8216365181271068,1.5866506037568051,-0.04110046255972588,0,2.2477791504067204
Florida International,2021,-0.34287599476402714,0.7124280395779069,-0.26411561167053393,-0.3140288232183369,-0.7963280542700554,1.5783967762516857,0.6457625866238806,0.017472971794292982,0.42501407721133055,0.9650418782603891,1,0.2153913054482053
Florida State,2021,0.4098677014453203,-0.10562053363021712,-0.27872991581898376,-0.41285234798754117,0.3958686495589496,0.5998246175584916,0.7050618226917071,0.8803093948981705,1.211779852162448,1.2689103704543834,4,0.9963823112990742
Fordham,2021,-1.2251268698622466,2.248976243462462,-0.707369847415938,2.6212192437074764,-0.7997521936894466,-0.08428357848842304,-0.7040009772056992,-1.4288873980201224,-1.2906642303501399,0.1884890648757367,3,2.832800545012845
Fresno State,2021,-0.9868228888750763,0.19339612859410937,0.7196172272514825,-1.3720981190298513,1.0390127834702803,0.38765193066857845,-0.3039664481767096,-0.42166968011686373,-0.26037571553320016,0.07916071847789785,2,1.5863756878891797
Furman,2021,0.8875565866781426,1.7018441110157942,-2.141940930464307,-0.07239868395100885,-1.7927107813420808,-0.1601303567457987,-0.9380211766876588,-0.912880401417465,-0.17373781769632127,0.9059563381115565,0,2.746822949358672
Gardner-Webb,2021,-0.7607101124947343,1.2604345798634842,-0.3308454918691711,0.19019359142344922,0.43650788801220436,-0.8933158799004272,-1.0400299815900507,-0.5501912197106231,1.0883656129544301,-0.7681339661053561,3,0.997055333530483
George Mason,2021,-0.7479305424735937,-0.6274968742073673,1.1622288066520021,-0.8914767737885119,-0.9101490339481461,0.10533336715501487,0.490102091945835,0.3889240519405117,0.6130279572547964,0.29610915586110964,2,1.2075884832035597
George Washington,2021,1.27544532679462,-0.88749440426387,-0.42207199493262754,0.0887360592304911,0.17500640820168364,-1.292775578722603,-0.6944001485090034,-0.6745218395350185,0.09179563134968122,0.24588644673460205,0,0.8055477871650248
Georgetown,2021,-0.8447278448614243,0.2797330693149596,0.525010385957671,0.6198249845765881,-0.6062192245073539,0.21151885671534054,0.7841274707821425,0.45199739446940457,0.32782536383501637,0.53287335602893,1,1.2151082568861868
Georgia,2021,1.2234593265296219,-0.8751362991961746,-0.38589156027546456,-0.07192955803014052,0.7024536597152422,2.0846681506259928,0.9786705785836087,2.0753832533403624,0.9365336212971969,2.756266674351302,4,2.0268670714988106
Georgia Southern,2021,0.5112060686622187,0.827591513735058,-1.112079573051962,-1.2689800615634195,-0.7121298477261875,1.0565783777995967,1.2251655390366039,0.1872360380399801,0.46550937445146184,1.1570698837440936,1,1.4383923879405558
Georgia State,2021,-0.7717090151070394,0.13645882032559176,0.5745275828747273,0.4802751307953965,-0.2121459113108303,0.06403901010377704,1.5905970813045855,0.5556528100982829,0.45895299299353554,0.3798136710719556,1,1.4143761483168582
Georgia Tech,2021,0.5656790804705737,-0.717113505941163,0.07058137686661121,0.969925934647808,-1.0206964810086667,0.15449331602553604,-1.0453637753104372,-1.1862797091492971,0.3453090477228189,1.0813372271247568,1,1.480929510034263
Gonzaga,2021,0.7655184818764749,-1.3492104419838453,0.39732882948017395,-0.8514291881451198,-0.2448342870471429,0.474900512193402,-1.4692434997952737,0.6766799990456536,-0.4543123771458006,0.6949365518657274,0,1.6523288687139648
Grambling,2021,0.9234209656861369,-1.493430720206245,0.3724446497355415,2.3884283826660697,2.164162403380513,1.9130149156224598,1.8882227709021542,1.3580742486054052,0.28286731955209554,3.058358157819016,4,3.095864170506351
Grand Canyon,2021,-0.12640740156421712,-0.03968632589187904,0.1435438244078638,-0.050805990628238415,0.17590584012876728,-0.5730739272581757,0.7001202196860546,-0.351821017294168,-1.5341869702159625,-1.485601239341176,2,1.3573797467505904
Green Bay,2021,0.1853490124662874,-0.9244830857773929,0.5725636261498019,-0.35772169038202234,-0.11738396264194442,-1.310473160315991,-0.7448044991666569,-0.557176085992891,-0.14423410113565466,-0.959458572301575,2,1.3899696466646732
Hampton,2021,0.4281662401925118,0.5541041011692482,-0.8206297179523511,-0.7228339720399942,0.08349821753702862,-0.6517298454510092,-0.4666471566484988,0.016514264657509544,1.438039290710482,-0.3854847537129192,0,1.3453065627979175
Hawai'i,2021,0.7592711171828972,-0.5560228390674665,-0.22918758525612046,-1.6353315328955356,-0.5504762081698645,-0.29777821358325773,-0.7466713269687925,-0.63866619261937,-1.4904777604964554,-0.22604758188273658,0,1.5398319651322363
High Point,2021,0.11927655736035482,-0.3164171843324698,0.14652915125066837,0.7797960007262095,0.987864361314493,0.0913615922128664,0.7664417337092814,0.29049258104168924,1.5162557712611786,0.2489073615692791,1,1.3163927648443363
Hofstra,2021,0.10002327264301071,-0.08980878725083692,-0.016995990585788306,0.2438269667394787,-1.095916938745111,-0.9361012419943311,1.120156475166494,-0.5233263493941994,0.01917109827726991,-0.6503957469076835,2,1.9451712412124658
Holy Cross,2021,2.5707659216997194,-1.3693681829623239,-1.1849582407912143,-1.1606834395190329,-0.19214650576906278,0.03896743617981148,1.120156475166494,0.1835689832417886,0.5638550963203516,0.6548427924790196,4,2.7655448375246534
Houston Christian,2021,1.262349042851137,0.3039134665475922,-1.359844368208161,0.4388607486090898,-0.39727306075501345,2.0572725134845267,0.9620251789856232,1.1046468649051784,0.2861730581023103,2.281805344434365,1,2.6109087177687726
Houston,2021,-1.1986214291861421,0.9872517320549408,0.27456166153480044,0.19384935744332377,0.6899558414177469,-0.9919166916350151,1.0025463236319705,-0.28434720900744603,0.48517851882524005,-0.4428821355717846,2,1.5113924831700443
IU Indianapolis,2021,-1.5354676799803664,-0.039543308481014845,1.390999021413416,-0.472018277626029,0.5829729695943825,0.4814069760145008,-0.6229939850773293,0.23857480521466087,-1.7472693675985567,0.6548427924790196,2,2.5835486925902114
Idaho State,2021,0.011290676350169414,-1.0420108260075773,0.8203247161382058,-1.6771723622207215,1.6959347582169886,0.09269223744545267,1.1441585469082338,-0.3141027393699113,-0.8410837875209299,-1.0004567022007647,2,2.283381837589332
Idaho,2021,-0.4498985564983334,-0.9074463250425187,1.1214303863418333,-0.16187850175915744,0.34647998894321996,0.5198293571054085,-1.143617870159663,-0.898405185108815,-1.2581288035664473,0.3999531033031361,2,1.9939215831952326
Illinois,2021,-0.1266982047316826,-1.6040910122469283,1.3903897440514263,-0.16429838217595413,0.8419310372867504,-0.6141117976196544,-0.6476482870294418,1.0945929448446654,0.529647888713781,-0.28566322004532646,2,1.514425703058225
Illinois State,2021,-0.916904392851876,0.8354444923825933,0.14609883687206193,0.6493304036180941,-1.8748073725513745,-0.43025133896066176,-0.8075888657753117,-0.898405185108815,-0.5541804786101844,0.09786161983542307,3,0.7982725737930553
Incarnate Word,2021,-0.9827051923312827,-0.17608013663404448,1.0103868635197149,0.7385672322162756,0.2290601966349113,0.2764099892244284,0.17927526289030962,-0.9463728352409467,-1.901344331859817,-0.27068998999518845,2,2.0761917739374987
Indiana,2021,0.20381848510257441,-0.7962009346069494,0.4539899000320811,0.4148433078838197,1.3450505904277543,-1.0077513699027825,0.21818388445060263,0.512831903542562,0.5638550963203516,-0.17402071528551977,2,1.5643718744514623
Indiana State,2021,0.12047646545740749,-0.24325046815501944,0.0871642132041826,-0.2905962145901441,0.017237580632807878,-0.19552551993257433,-0.8456132004819626,-1.495942114329911,-0.9309998760867723,-0.7298690448661126,0,1.7247625324279854
Iona,2021,0.29434508481762905,-0.26723885870423725,-0.04766244652395223,0.8220045443696754,2.558533647424691,1.214835597817389,0.4997952363030757,0.9480088680955504,0.1402119867312883,0.8066147156635198,4,1.5518337984162833
Iowa,2021,-0.9776911723172361,0.9556253412347224,0.10415336007102415,2.381296140731806,-1.1354174315434966,-2.299928858491751,0.15789159897494215,0.2802458824668356,0.8499517417571213,-1.3247146386761746,3,2.886718747206019
Iowa State,2021,-1.030307726092352,-0.324325734686824,1.1706625149324563,-0.8935587229264168,-0.6970307869808566,0.5384583903616051,-0.7722173916295907,0.24108384270816047,-0.01586705364362961,1.2458092570127348,2,1.3325325599309865
Jackson State,2021,-0.37865721341437486,-3.2356549370521885,2.9135759249936206,-2.080998866509116,2.9739803413037493,1.1494906811648813,1.6578028821814568,1.3320905460353607,0.32782536383501637,0.9346550290409897,4,4.755928757920005
Jacksonville,2021,-1.7674434793045724,0.9641936186875644,0.7965652812845062,-0.788555078199747,-0.045899135590188364,0.21910353454107837,-0.6319947619804819,-0.766722074460975,-1.1220715642891865,0.22948719477492624,3,2.1207573121745886
Jacksonville State,2021,-0.2412405358779077,0.8871497356786671,-0.4933288767355226,0.3435957457447645,-0.7888048010008789,-0.7247674837729259,0.8961371389102593,-0.20932974513586938,0.039344579686272856,-1.2327794382961732,3,1.6639029255850402
James Madison,2021,0.031114460508796578,2.1183593934481966,-1.7155530833006714,0.0937592465182321,0.5018263653550219,-0.04750938296969654,0.8757717447051476,0.6616195814787499,-0.5090073240675359,-0.43766419176643384,1,1.7888104604155604
Kansas City,2021,-1.2156451776939776,-1.0073095017086826,1.8789909808954837,-0.3264303701012623,2.2712439345817277,0.1802077508193463,-1.671469099718887,-1.633597709831254,-1.1912377862629109,-0.9153067401024478,2,3.0338463718185014
Kansas,2021,-0.8352761691868821,-0.03768663447712694,0.7695763418281639,-0.06618417489068175,-1.0168208809637465,0.18450675849385373,-0.11784511993374885,-0.018312033542858853,0.23258529634093322,-0.355275605366148,2,1.072816763830535
Kansas State,2021,-0.4530993283476633,0.579859248856464,-0.060888062899498545,0.8067576568542159,-0.14836615814788356,0.7955390492971299,-0.6439957978513513,-0.5601097298314449,-1.2850444748147747,0.6189694288172286,3,2.1113270677562883
Kennesaw State,2021,1.3422102829621416,-0.3789865616617287,-0.8863871396545084,-1.9368200029773628,0.6829904214267174,-0.030348091727623008,-2.0161142324207866,-0.598247099732635,-1.7439911768695937,-0.4620145961914064,0,2.6639211019256366
Kent State,2021,1.191059280581754,0.6157464734112753,-1.5452077115042966,-0.19439473921597988,-0.6331000059571594,0.07273255895666968,0.8371846820007246,0.5468004111468614,-0.3057281286256209,0.06765247148865085,0,1.5889922599969022
Kentucky,2021,-0.4721058489512514,-1.1949487455677308,1.3701874596605677,-0.18072585231816432,0.10832495379971152,0.0561734182844937,1.1388247531878475,1.392067264512449,3.0552800503322235,-0.22604758188273658,4,3.2540291924159197
LSU,2021,-0.4212454686006563,0.6341257340507546,-0.132333171736053,-1.319846861488136,-0.30164719871690837,-0.5317795702069379,1.5233912804277154,1.7486679711099145,0.6425316738154631,1.0494497927587205,1,1.4191350055791772
La Salle,2021,-0.00033785182027789776,0.2501560213696193,-0.19903650673920287,0.3371637008580796,-0.15229083256925716,0.6657567842789542,0.50410330046185,-0.09105267608943952,-0.35403830778928597,0.8900126209285378,1,0.7190070856298187
Lafayette,2021,-1.3061840562769462,-0.9471317978218309,1.9112009632741598,0.381840762605177,0.1234100228130522,-1.2337836400779787,0.17927526289030962,0.6495294129319863,0.09179563134968122,-0.6533392023876253,2,1.279033845655149
Lamar,2021,0.793732804778321,-1.831038296641772,0.756290362344085,0.4145557417203124,-0.9963526076426299,0.7433777561797779,0.005955039576276509,-0.12021755635575693,1.1435772462843325,1.3062275537062773,4,1.6316288753755173
Lehigh,2021,0.12015438583437087,-2.190846210902251,1.6393817982976349,-0.18757677842719492,-0.2454614581905998,-0.17192874447472434,-0.6271943476321334,0.058889120103278174,-0.6949701436014365,0.3032838285934675,2,1.2487223288450593
Liberty,2021,0.1417832081305226,1.0015238441546328,-0.9235930825329256,-0.6430745658405079,-1.4039252721532383,-2.1953522399853695,-2.114122692032889,-2.306361224730229,-1.2063678973196632,-1.999786118493514,3,3.244648096096453
Lipscomb,2021,-0.4013337500526496,1.1763421987009905,-0.5820254412464608,-1.050292376798095,-0.6940375687742398,-0.6910578045474258,-0.6649976106253732,-0.898212182224699,-0.8621578707785492,-0.5648515720218742,3,1.0247909481693345
Little Rock,2021,-0.40880017197476803,-0.2762139066461694,0.5820476953824283,0.906706388559891,-0.17414359298072057,0.7061196896673819,0.6603273112721183,-0.5957766628159579,0.3982201963306427,-0.02297497355166275,1,1.219592124959853
Long Beach State,2021,0.7173849316547638,-0.4648476993148065,-0.2647544145390826,-1.1536795308661394,1.1417174276623965,1.356805208401707,1.1681606186499727,1.9489939360854034,-0.5038984553990221,0.8444591432627717,4,1.0843907410436737
Long Island University,2021,1.7701682946477608,0.09515064432555449,-1.6431112533068835,1.150891885324474,-0.4010265727057287,1.6825001973892606,0.9422587669630133,1.4670381626088078,0.2861730581023103,1.5727788626483776,1,2.7728702254229503
Longwood,2021,-0.6190456694059242,1.377706222545138,-0.5497212533715219,-0.9425966475659091,0.2120961566439262,0.08120030134585057,-0.5294404554475954,-1.0478946917145158,-0.9739143729022872,-0.1506772824721059,3,1.4761703361006053
Louisiana,2021,-0.06179156070083521,-1.726913086631701,1.430792178245616,-0.5604801225029374,-0.14692441265361877,-0.6285957518648817,2.068944252251722,0.5903963567352675,1.0266584933504206,-0.6893532459069135,2,2.6572763641286863
Louisiana Tech,2021,-0.04663880977335745,0.37471516632428886,-0.25729642266374536,0.15818392347768323,-0.2076458984724011,-0.29984810616727975,0.07669798786771855,-0.265355725210496,-0.22291067863076613,-0.4156939020596904,0,1.3954604905604389
Louisville,2021,-0.6334176340945388,-0.625746584837341,1.0594454089180894,-1.1720507528549713,-0.5306609255665162,-1.5253723653785545,0.08806739027169966,-0.12132042997927378,-0.5600960107526739,-1.0004567022007647,2,1.1423923033833177
Loyola Chicago,2021,0.2277769996171876,-0.5228303076910396,0.21494316324899443,0.262172000847292,-1.3252076605265164,-0.15170293693942308,-2.0961211382265845,-2.260086485610193,-0.7848862321672788,-0.22149223411615995,3,1.2391006780563176
Loyola Maryland,2021,0.7513753270765948,-1.1943692146155243,0.2864665534474693,-0.778737044108277,0.8208313997620952,0.7011519474657298,-0.0447440733659239,1.2753734318233338,0.09179563134968122,1.2599068595745613,4,0.9930709792037008
Loyola Marymount,2021,2.834496100028758,-0.13298087487876378,-2.403671897927132,0.5909276251190919,1.6236270039191363,0.3707970910558284,-1.808096277325712,-1.0014135815452299,-0.3353057893380689,-0.590475403208868,0,2.575405562331475
Maine,2021,-1.1586410339338848,1.1757775014068388,0.08893751904524348,1.2679506557734659,0.029643189206517505,1.255676170725207,0.7001202196860546,-1.0999001961252306,-0.12456495676187643,0.40372924684648265,1,1.7943790205412118
Manhattan,2021,-0.5720253879217386,-0.5362514798106678,0.9337755228772175,0.8690488661672795,2.431876182026459,1.6934584522458467,1.7037857985708937,1.3743967782334447,0.9779423462946238,0.8530903285047061,4,2.2656950138010385
Marist,2021,-1.083857810344378,1.5574744197174002,-0.2814282439395643,0.17832752965656726,0.29215481217174377,0.2403938582624464,-0.43618838724523923,-0.48460700156552156,0.43962892132806974,-0.20422986363229098,3,1.4686431720617217
Marquette,2021,0.06016482930183309,0.05702928257077253,-0.09871290585470908,0.04968818610926172,-0.23638937723896694,-0.6351707047788332,-0.5423028096824023,-0.3981417094818495,0.1911765713435062,-0.3250664570193768,0,1.3775665941813817
Marshall,2021,-0.08460929296055045,0.3226617148400482,-0.18219915644622078,-0.7128196871195212,-1.6470672108554945,-0.6202674781738758,-0.291165343247782,-0.042810532966566534,0.5638550963203516,0.4946084347896864,0,1.7902451414275118
Maryland,2021,-1.4125574072089242,1.4093325156680585,0.12764556341940184,0.6714681466385872,-0.4582198909704936,-1.4166586498763165,-1.8032958629773637,-1.2289805250215702,-0.14423410113565466,-1.0742533360193058,3,1.2218395046919288
Massachusetts,2021,0.8518622301408783,-0.007398717871146428,-0.7483354404871573,1.3290770848804851,-0.05726463925719998,0.016845459188077012,5.9793885322806434e-05,0.8949776140909365,1.2850570566922097,0.8581251865625016,1,1.2878631404504886
McNeese,2021,1.1439950934734582,-0.011620050753253784,-1.0036234726356716,1.5788072760256373,-0.3954144848585215,1.0787003547913312,0.17507490033550546,-0.2858140309267213,-0.6162935661063249,0.8700829744497656,1,1.5069678642546982
Memphis,2021,0.08449928635602068,-0.009869362657273558,-0.06695054513199374,1.2485660840303077,1.0747401380251624,2.327941408442219,1.258521359324756,1.152965704598995,1.1654995124594414,1.6403051942470428,4,2.3218096359641134
Mercer,2021,1.223400183475329,0.5646651998846971,-1.5331381826611634,-0.14284182636813408,-1.6955343785739996,-0.6067836064836758,-1.2960520801686044,-0.7290037965367215,-1.0096764535818838,0.2158211514751964,0,1.9512041196714536
Merrimack,2021,1.8705192515744016,-0.21384310168945458,-1.4857408790684703,0.3685927870371441,0.21801460118923593,0.8496728282886682,-0.9553167872074414,-0.2310239180596248,-0.08406965952174517,1.2013840388557182,0,1.9016474529122713
Miami (OH),2021,-0.7525186963721606,0.9847427116822269,-0.11841434129557382,-0.2677244319813418,-0.9806534835793496,-0.8680336204813015,-0.39197404456308765,-0.5995509414386597,-0.2666198883502725,-1.4696575221581583,3,0.9296267236407834
Miami,2021,0.2341459024605401,-0.4555511660853553,0.1556931300872777,-0.21901254284871075,-1.348113872569279,-0.5945255413107662,-0.5447145011014288,-0.6985243800322735,1.3148587905918725,0.5015656931968214,2,1.9799132239773873
Michigan State,2021,-0.626931321055561,-1.3356433616800047,1.619380361742523,1.2867092877630608,1.0922058510278363,-1.0450094364151772,0.4000943229143124,0.46959925750072434,0.9759705022471273,-1.0414548320999542,2,1.5756465458913789
Michigan,2021,-0.23417388324707827,-1.6005654565913576,1.4827384103901415,-0.6368311311344912,-1.2631386042669526,-1.883315932944062,-0.9667604994310569,-0.898405185108815,0.6880812713126333,-2.1678245061724293,2,2.7861504135420154
Middle Tennessee,2021,0.3651599014445793,0.03034338902068816,-0.3474882422574114,-0.8489410420880398,-1.2646749126724859,0.22505230146322544,-0.9750831992300503,-0.8798769082337417,-0.31547135803677967,0.6274102202670623,0,0.7695092268771525
Milwaukee,2021,-0.14448743333968078,-0.04809035770125877,0.16624843300118144,0.10592159769956193,0.5838177135588624,-0.4116223057044638,-0.5953600209009844,0.8710452564606356,-1.0924939035767385,-0.6875762371806332,0,1.5681919994328752
Minnesota,2021,-1.2005589552230693,-0.13043409273525094,1.1668997712086113,1.0922245242451891,0.5986269351061992,-0.8841223310207452,1.349267159974007,1.0669958209879191,0.8141896610775254,-0.7246511010607618,2,2.168868432828978
Mississippi State,2021,-0.6565573204483658,-1.2904468228135408,1.6095963048909627,0.5626805314246236,-1.2127739325916556,0.3707970910558284,1.052950674289624,0.0911592023273639,2.2947398012128097,0.9059563381115565,1,3.0779648735275953
Mississippi Valley State,2021,-0.8972359432760622,-0.15174287987796783,0.9153201399958237,0.7605390137360198,0.9405400239473554,0.7689926769070488,2.800301497088251,1.8117413136388074,-0.9113307317129941,1.4799301567002123,4,2.508491830336509
Missouri State,2021,-1.3835030181715526,-0.43021834737868514,1.5677584409451646,-1.053966803228028,-0.668105292652331,-1.3458683235027664,-1.5680755599083178,-1.24658238805289,-0.4589404111161013,-1.3612402453136339,2,2.355646005738067
Missouri,2021,0.4099291394230715,-0.9143557783712265,0.36565252674506843,-0.5441128068511536,1.1387569909087352,0.5581832491034622,0.05277022594561304,0.8975661233602491,1.4894618903804895,0.5598838886683961,4,0.9040005501806603
Monmouth,2021,0.9235538712697131,-0.01603351565447617,-0.8049299701353354,0.8212799797548667,1.7425716279583354,1.2091035875847134,0.5011556776163731,2.3502193603206076,1.2678034212766145,1.0947635152788777,4,1.6301947612630687
Montana,2021,-0.5256261942436093,-1.9000290801394815,1.979413803057866,-0.46121001776533316,1.3171858787593582,-0.2746441199971303,-0.5204557227100457,-0.507131573452865,-0.40803203744279387,-1.364616561893567,2,1.9168968024715698
Montana State,2021,-0.3220466950959223,-0.7481292123783787,0.8812804259977595,-2.1970940286185425,1.78422013662492,-0.10807864617701128,-0.5006893106874368,-0.006686448052616987,-1.0096764535818838,-0.41924791951225177,2,2.6999593324219173
Morehead State,2021,0.475557510503843,0.08553098653307739,-0.4892092566149239,-0.21667948596720754,-0.44476523385302763,0.5092999035258178,-0.4284989363439957,-0.2166183012565004,1.6242785321240316,-0.036109385876346545,1,1.6244445646280126
Morgan State,2021,1.4959900904618342,0.5430678786575116,-1.7572770851432287,-0.49652115126273594,2.1691984335505103,2.342813325747586,1.5521937665178027,2.9883420388871045,1.069633094503213,1.09044792265791,4,2.9322322020555016
Mount St. Mary's,2021,-0.05467521467135148,-0.9293725833336827,0.7889750675362898,-1.336043481724064,-0.8395185242918728,-1.0450094364151772,0.16807429607749855,-0.8668384911735049,0.5201458866008452,-0.959458572301575,2,1.6474599001473955
Murray State,2021,0.6987078583031399,0.51034567578622,-1.025296113479835,0.048710562262780234,-0.5769345157653141,-0.20226745577767435,-0.3039664481767096,-0.9804589826984228,0.7886453177349565,-0.686137706306977,0,1.4320306850854563
NC State,2021,0.5486912748405756,-0.9872492066568097,0.3008785757984576,-0.7769132268743786,-0.1638010432982271,0.2528132137665784,0.13073774003479297,-0.20839842963156702,1.7877129684665345,0.6986880147323199,4,1.9237991691074934
NJIT,2021,-0.7513443618999734,-0.17528541130105202,0.8049088146125516,-1.4449061128903486,0.11811069686523838,-0.10807864617701128,-0.44139007461961033,-0.3932371656031532,-0.3617516977397871,-0.7231164117062461,2,0.9971343303153679
Navy,2021,-0.4656230204296987,-1.1150142895638244,1.300752230559405,-0.14165424978415148,1.0754594837007252,1.0143455126335577,-0.4988923641399262,0.5122704406069537,-0.22291067863076613,1.4929750162135913,4,2.3327214124171047
Nebraska,2021,-1.2187974025309218,1.8240246656629313,-0.37435325351692694,0.7114857032281212,-0.6015535571523508,0.4453132240806178,-0.06478790871516672,0.7475234106268169,0.6466725463152063,0.4301622516499073,1,1.4948462376628762
Nevada,2021,-1.193721495456979,1.11860608262846,0.16555421429035638,2.0816563137156905,2.5995980670127574,-0.13800837975406424,-1.358057432168098,0.3889240519405117,-0.7638121489096595,-0.06262448075680027,1,2.689088858119549
New Hampshire,2021,0.7167766912865505,-0.1532690980161991,-0.5124958128446245,-1.2506797862982317,1.30681889699663,-0.9034287836680772,-0.7616059493858748,-0.30879424099538705,0.039344579686272856,-1.1125182572585506,0,1.3444288987604098
New Mexico,2021,-0.13966317617230822,-0.5204488778304821,0.5383737231603013,0.9965666513692583,0.542694476699768,1.7866036185268341,1.1921626903917124,0.5282721342717881,0.6200526516740026,1.0494497927587205,1,1.7451905293109373
New Mexico State,2021,-0.987456671256297,1.5768136261182815,-0.3821912908186064,-0.4668759137817845,0.0105988355384727,-0.9185981393195516,0.3040860359473552,-1.6007151085639528,-1.6278495624720475,-1.9434136898821277,3,1.1079030795611757
New Orleans,2021,1.2473428841658953,-2.4710577919854666,0.8646646176364273,0.02482783189930373,1.33772876616487,2.1405552503945855,1.396886243483019,1.7051810153854785,0.3787337375083238,2.248042178635032,4,2.1937734467547925
Niagara,2021,0.480885168182883,0.47697872883891407,-0.8058495908072845,1.0672148027035182,0.8101907161153538,-1.1826572932526362,-0.7280030489474392,-0.6973390693904337,-0.9659672438623774,-1.4058826534260858,3,1.1942953019605258
Nicholls,2021,0.8578193351882494,-0.16403716426608464,-0.6287932049821309,-1.232749869721199,-0.3683681495520861,0.8496728282886682,1.1794557112343205,1.5257110393798716,-0.40803203744279387,1.370199867852381,4,1.0902736004364368
Norfolk State,2021,0.16879584151949106,1.1500781508204874,-1.0658846163458053,0.06675704712131172,1.9125785478272126,1.0787003547913312,0.9041378294908397,1.8693664604675293,0.5076575409667005,-0.6724716630072471,4,1.4683275130794124
North Alabama,2021,-0.12869241859471586,1.0169854325765837,-0.696436915023737,-1.2873227022090556,0.2027505649272363,0.5084449478932874,-1.1387051654172018,-0.05193742490873259,-0.35403830778928597,-1.0232334410336477,0,0.9860488796300894
North Carolina Central,2021,-0.31868914229561257,-0.07714345557193467,0.34363586538911084,0.2695142341647362,1.0282667050437801,0.5477729069897042,0.19607671310952743,0.014884462524980368,-0.9113307317129941,-0.31373802638933723,1,1.9584304142963807
North Carolina,2021,0.7833642718191833,-1.5006305134947706,0.5021866942223494,0.6487235218948714,-0.4069358256843736,0.6460928047307465,1.6055317037216679,1.6104607502714088,3.1426984697712377,1.974185389373777,4,3.0034272132685147
North Dakota,2021,-0.5461980156136995,-0.259255563587517,0.6901853218264973,-0.9570963231327594,0.05752913098141255,-0.9073615795777182,-0.8026761610328503,-0.21491763816168705,-0.48516593694780513,-1.2783329159619394,2,1.248022660096029
North Dakota State,2021,-1.009682732481206,-0.4295912294419517,1.2362816427086583,-1.621686473452757,-0.10891825060624483,-1.7046465685323502,-1.2167725098701316,-1.3839302586760605,-1.1169626956206729,-2.368303399746458,2,3.09034118157849
North Florida,2021,-0.6500980198272018,0.751290537209142,-0.0230714205358027,-0.29250736955073725,-0.4274035913847362,-0.5276955129161566,-0.3790498520867659,-1.2544806599259162,-1.1307173420359022,-1.136065901098085,3,0.8931063770609358
North Texas,2021,-1.4648970619761956,-0.22625501121359268,1.4772967714920229,-0.7187301003941567,-0.08753701548893737,0.03650943873628598,-0.39197404456308765,-1.4535672588841422,-0.48516593694780513,0.029051893045554035,2,1.306105548662895
Northeastern,2021,0.9613338443730683,0.4022288350412887,-1.1716703827138744,-1.5845996845235808,-0.9657173206285892,-1.141541699651837,-1.1404022816009611,-1.631956510481013,-1.0096764535818838,-1.0638174484086034,0,2.489341063688017
Northern Arizona,2021,-0.21999184822655893,0.4434517893521032,-0.15858367013007765,0.26570384666942964,0.11200243193550166,-0.6910578045474258,-1.3160538066200542,-1.3712622511914005,-1.8456150894674463,-0.959458572301575,3,1.583524214402276
Northern Colorado,2021,-0.2563332834318418,-1.2326986140391847,1.2092251953122006,-2.7551632199303198,0.3860683189173391,-0.38429972359537445,-0.5151846795040167,-0.49263592154471963,-0.7998722469282524,-1.342107784694012,2,2.637315266801317
Northern Illinois,2021,0.6009867037052153,-0.9410233075107977,0.21774179032270294,-0.5741826213129706,-0.41150886844050255,-0.2865416538414244,1.2641689056169298,0.17623487364540566,0.058077098137489874,-0.6314735331080575,2,1.8723349421809525
Northern Iowa,2021,-0.7657336020298731,0.9151920588429551,-0.0512928765444875,0.3032411094840486,-1.0873223810331716,-0.3929932724482671,-0.9667604994310569,-0.8582605852128244,-0.844041553592175,0.5509988450369931,3,0.6849007204557898
Northern Kentucky,2021,-1.425558613979771,0.4601192125666657,0.8955328265741846,-0.5974474590619551,-0.308925163122791,-0.6556626413606502,0.48170136683622666,-0.5630433736699988,-1.7571039397854458,-0.4428821355717846,2,1.5609955604330257
Northwestern State,2021,0.4171657780986459,-1.436240423582928,0.7751065738281862,0.23193480777854883,0.5676815426588818,0.9213885184056645,1.2134978652732586,0.7792616626813381,-0.35403830778928597,1.0813372271247568,4,1.0361805474999728
Northwestern,2021,-1.9565333670966147,1.2515234205567496,0.7350263606594815,1.4249913487497317,-0.6008486706496989,-0.39019891745983665,-1.5848770101275356,-0.4691667708362955,-0.5769552773587692,0.10239299208743809,3,2.01660569827991
Notre Dame,2021,0.07943768758756309,0.6196191609483569,-0.5640739922751107,-0.049524016770223465,-2.2055132581084274,-2.513908708666345,-0.879216100920397,-1.1849758674432724,1.114591138786134,-1.1890480997370376,3,3.0218204374194646
Oakland,2021,-0.6333058011111089,0.9417174273811254,-0.18967986143758755,2.406545057981224,-0.9015870243227672,-0.21399256159523858,1.573065133249751,0.8599014377604104,-0.5649827546964695,0.6376859663799022,1,1.887540768019273
Ohio,2021,1.408224335118796,0.7241624466908121,-1.8238744298450469,1.2419761407075824,-0.8993221354369545,-0.3579268569071891,-0.3227916024839561,-0.3932371656031532,-1.565040530017967,-0.5205374169102496,0,2.147782862272986
Ohio State,2021,-1.5953716285251431,0.4646629901423522,1.0422630381795743,0.161400390027986,0.8507946673550675,-1.959384485406868,-0.9940260107517178,0.25202067280803075,-0.15734686405150655,-1.892166027508141,2,1.4742357969150273
Oklahoma,2021,-1.1242401176726344,0.084620702342215,0.927962374120175,-0.6530128830621492,-1.0698532885087069,-0.7842029708284132,-0.6837887062652875,0.17623487364540566,0.31540274633578796,0.007234174795108451,2,0.8410689960925609
Oklahoma State,2021,1.0042485235266978,-1.1785683694748814,0.049984095944768304,-0.9553059596297322,0.7508491555735861,1.5169261847228328,0.3840929417531529,1.9448030163160426,2.137386646222587,1.8010821742438656,4,1.306974742441089
Old Dominion,2021,-0.3260656624729274,-0.44198131015422404,0.6408862811442595,-0.43399110355415016,-0.2212220437590762,0.24587298569074015,0.013237401900395367,-0.21031584390513056,0.795256794835386,0.9988050440597216,1,1.5163736388232694
Ole Miss,2021,-0.5980999571345973,-1.2398520930681853,1.517522516760369,0.4443835724927894,0.6777900342514075,0.5477729069897042,0.515304267274661,-0.052589345761741596,1.0359145612910219,1.0494497927587205,4,2.2891475617313244
Omaha,2021,0.815052355603035,-1.9125864568766637,0.8023954900962589,-2.184267515872697,-0.2483307982820136,-0.9978158854994772,-0.9184194847652382,0.039331494512924704,-0.17045962696735847,-0.7681339661053561,2,2.755491329127133
Oral Roberts,2021,0.5926936314572736,0.33145854750905307,-0.7888867222250877,-1.776197748369161,-0.12480807915626206,-0.6517298454510092,-0.784007883011498,0.2609845845369429,0.4764366768813388,-0.7681339661053561,0,1.0729874424992012
Oregon,2021,0.24453238110665726,0.31376455123055214,-0.46652853963581475,-0.018470169572742612,-1.0038671347847243,-0.5730739272581757,-0.8320120264949767,-1.0391318594694865,-0.3353057893380689,-0.5768093599091382,3,1.1098762325453033
Oregon State,2021,-0.14202952667624366,-0.30073527251870713,0.3653911253816268,0.9973396557639221,0.8674355598472662,-0.8090416818366759,0.16807429607749855,-0.5742890083844524,-0.3868202150789154,-1.031205299625157,2,1.030304503944741
Pacific,2021,0.5882115093928475,-0.9160166203681803,0.2091263713225699,-0.5714298185217291,-0.5330237299082152,-0.3371061726796744,-0.607992690238742,-0.30572089983118983,0.001879542783838814,-0.590475403208868,0,1.424467629454643
Penn State,2021,-0.6407643764141977,0.7544227708408558,-0.033831249049800824,0.7938662530179657,-0.19547038923929946,-0.4550900499689245,-0.04794434959815581,0.2879927341617188,0.3390648749057466,0.2431532380746561,1,1.2597955038339894
Pepperdine,2021,0.2203777827336224,-0.04234846541557343,-0.16137531166378868,0.4158996294769583,0.43360501642491533,0.1820228873930271,-0.8064098166371214,0.845105668835531,-1.2719317118989228,0.22675398611498027,0,1.6428545864137076
Pittsburgh,2021,0.5867817214620651,-0.214591717067451,-0.34853481066018926,1.9682414972818145,0.9628009146059835,-1.065830120642692,0.07253663796822189,0.0347297002563682,1.2580601918654557,-0.7568795775055785,1,1.5272365527661995
Portland,2021,0.25215703138297374,1.2229546352236924,-1.1977631364711736,1.5867270874173813,-1.4365834157122581,-0.1306343874234865,-1.456065891780201,-0.7576417482940266,0.49829128174109194,-0.5289782083600831,3,1.9012015650382526
Portland State,2021,-0.4564963346496436,-0.5109074938361369,0.8112919145976618,-0.7817390795552269,1.8658446229009924,1.5978294148640328,1.0753526079152473,0.8099019427728947,-0.6425190919380288,0.9537874896606116,4,2.149939536130548
Presbyterian,2021,1.130669723657898,-0.3491342930081989,-0.7228786902226851,-0.19500682492207144,1.7197518824157854,1.411831302431568,0.329499994262138,-0.23447526375204053,-0.8245550947698561,1.133857707257052,4,2.3021629873847007
Providence,2021,0.7774247500994834,-0.8165800452615312,-0.03763687439032172,0.13477377084961556,-0.5114622223398122,-0.9565215284482395,0.11206946201343956,0.18796944899961773,0.28848707508746063,-0.4715808265012178,0,1.6825447974831365
Purdue,2021,-1.5281405176153433,0.927265974107565,0.6141142328955184,0.9316062167050757,0.03160499315115442,-1.0981021811953395,0.1456723624518752,-0.034987482730425144,0.9572379837959103,-1.1890480997370376,2,2.0480332123929803
Purdue Fort Wayne,2021,-1.4426278420649237,0.7091254542634403,0.7122263247353248,-0.06712438454675464,-0.34090933932071377,0.9982568020941153,-0.2086854967170773,-0.2851472936906871,-0.8308660501839024,1.101629230812235,1,2.207304594345568
Quinnipiac,2021,0.6839886131577154,0.6379027584796214,-1.113907083242964,0.29117848974294197,0.8657841761492197,0.17415729557374376,-0.784007883011498,1.489855392464223,1.3506208712714691,0.3479262367059193,1,1.4281477075867457
Radford,2021,0.33882594975836056,0.42132639836962577,-0.6357253551260168,-0.830228385716143,0.2798778567419413,0.3884946726492163,-0.40877549478230546,-0.9444170726819131,-1.599750784795222,-0.06979915348915806,0,1.4873259997126893
Rhode Island,2021,1.5572119544478176,-0.6395921072472879,-0.8690853734390608,0.8905341032003997,-0.17028307316920654,0.31180515241120277,1.474853757572199,0.8574921650427554,1.8314221781860407,0.507363408536101,4,2.442701243145156
Rice,2021,-1.113329979041488,1.0501379009343519,0.14893484198823506,0.7425926883837307,-1.766255453936652,-0.09492874034910705,-0.06478790871516672,-0.7563550623999231,-0.8026328285947473,0.21869821322250788,3,1.2426308313929515
Richmond,2021,-0.09853257904663867,-0.6894634051758847,0.6366354898991338,-0.07542392995069606,-0.23321321615733748,-0.4336384359163341,-0.8349213685242777,-0.7998684399095632,-0.07986235591238122,0.7624628834643926,2,1.0681699801222464
Rider,2021,-1.0323345807813051,-0.5734486046069649,1.3709694494895077,-0.12678293225359832,0.38352557115882435,-0.5494771518003257,-0.15675374149404186,-0.4016929625495735,-0.9309998760867723,-0.8446638085838444,2,0.9670672383147605
Robert Morris,2021,0.19653560248382854,-0.19659809491399524,-0.01735257728274397,1.1827889699366463,0.0766993950152019,0.016845459188077012,0.9311401602002963,0.3045817915821076,-0.8129850098441044,-0.27786466272754623,1,0.8473179458763951
Rutgers,2021,-0.17301208091410106,-0.9427527677417857,0.9044113894286229,0.32682704706360965,-0.20420109897636193,-0.8358561994024154,0.2953580098594499,0.322917065573065,1.8870520814654128,0.6841937263841211,2,2.22719934589086
SE Louisiana,2021,0.8952485740106324,0.5302981682223098,-1.2152105251230214,-0.21654689655719975,1.6956158894368305,1.8849235162678766,0.7654591927607891,1.02699158682583,-0.048073839752739905,1.1132246614907932,4,2.119974716114646
SIU Edwardsville,2021,1.6014040968475791,-0.29692181657774536,-1.1812678883602834,1.2864417502619296,0.39027891158159506,0.9548172836376178,0.6497158690284024,-0.07899214030872295,0.48517851882524005,0.15979037394630347,1,1.6760044577203081
SMU,2021,0.14621732264743328,-0.04180801161000879,-0.0961449725968705,1.068410510420805,0.3435078616982347,0.3707970910558284,0.22407913014155634,0.7189589837777453,1.744003758747028,-0.19416014751670024,1,1.1615452784236033
Sacramento State,2021,0.6569638082726666,-1.487954560071599,0.6039997421620339,-1.1364845862361792,-0.0972499046973499,-1.1629933137044273,-0.35837114412465204,-0.7273274286289746,-1.1670296085721075,-0.9211936510623315,2,2.1341949003636174
Sacred Heart,2021,0.9742719793773389,0.11911830459344067,-0.9575304080855176,-0.34103298623228406,-0.33593395934717,-0.7618481309209759,0.3584907318952976,-0.17580238698097678,-0.17045962696735847,-1.2655779422155249,0,1.1126571024846552
Saint Joseph's,2021,-0.5928644276439445,1.5571636473580905,-0.715901683537168,0.5282188685747828,-1.2566426985205383,0.04212771860720266,0.47210053813953096,0.7210544436624255,-0.5600960107526739,0.6394684937668239,1,1.5354992766824105
Saint Louis,2021,-0.356912232016262,-0.41931387881508236,0.6501351183521911,1.5428560789199437,0.04644904506113904,-1.2219852523490529,1.0361492240704062,-0.2931481405231043,0.8916741692166508,-0.14632899596764626,2,2.0547929894376566
Saint Mary's,2021,0.7176184374319434,-1.7741977546061622,0.7783882151906779,-2.1571458057154493,-0.5320625065457047,-0.42559408064661225,-1.8480997302286104,-1.1879095112818263,-0.15734686405150655,-0.8637962692034661,2,2.8591471886313573
Saint Peter's,2021,0.3649628210733041,-0.3394846248252719,-0.052618052521564915,0.06780425405251038,1.4078552101633488,1.3795592418789204,0.515304267274661,0.43146188759953424,2.2554015124652547,0.8772576471821233,4,0.757459182324767
Sam Houston,2021,0.8204243786538985,0.24534497741333838,-0.9218982659439887,0.38883647595849,0.23353173380250583,1.3910106182040534,1.5352511276412808,1.0701334079810245,0.1473320389932893,1.0325682098590543,1,1.7061412099380902
Samford,2021,0.24356107055178897,1.8061004407860057,-1.6548293167801873,1.0239154270068909,-0.42204034131152784,1.5211398946260206,0.50410330046185,1.2519042811149064,-0.8129850098441044,1.7669170659945403,1,2.6377501671961134
San Diego State,2021,-2.1449070945537168,1.2102389552342525,0.9347080764493203,0.9845802683887769,0.48859601431017996,0.0913615922128664,-0.15321659407946986,-0.2900600943772604,-0.6784066536024655,0.2489073615692791,3,2.719743293417815
San Diego,2021,0.4964562501145948,-1.4859457249447114,0.7445109441367704,-0.3880224102069667,-0.06747851962123244,0.2646116014955028,-0.8960175511396149,0.5693431480115321,-0.3802638336209898,0.53287335602893,2,1.8067235181485761
San Francisco,2021,0.4745257118759523,0.7183726931439469,-0.9925726201186322,-1.368738276497255,-1.0424726024588835,-0.14833196901687307,-1.523271692657071,-0.8368501319349607,-0.11800857530395012,-0.002835541320482289,0,1.1835320298984169
San José State,2021,-0.22267334179462267,1.0410126579199452,-0.6323730404819263,-0.7555904777371127,-1.0351590080708928,-1.0955739552534274,1.000146116457797,0.6120905296590229,0.39526243025939767,-0.6724716630072471,0,2.0936015883268144
Santa Clara,2021,1.0085130874815393,-0.972547617877792,-0.11795836775246986,-0.5223507690804726,1.2152441974365136,-0.6910578045474258,-0.5599885467552633,0.34736409756100933,-0.6162935661063249,-1.437770087792122,0,1.5834973374479044
Seattle U,2021,-1.1837815733572963,0.5972790302717209,0.5721704835886816,-1.5617869969148204,1.9435251974047298,0.7601438861103555,1.792214483935197,1.6782605189846387,-0.4589404111161013,0.5902707378877954,4,1.887961022121097
Seton Hall,2021,0.5161058565817188,-0.6963197498105586,0.0979036527669435,-0.2931892389085348,-0.7691401346857392,0.016845459188077012,-0.022342139740300547,-0.11126222253280534,1.0359145612910219,-0.012401771630292676,0,1.87342456419498
Siena,2021,1.0214620029382935,-1.018753017589669,-0.09260466643333096,-0.9963022797065885,0.00754806356705093,-0.441209593817248,-0.6192877828230899,-0.7590798089991985,-0.22291067863076613,-0.48677425111091693,0,1.3693269564306652
South Alabama,2021,-0.736014943164067,2.632917347487494,-1.446366745908324,0.03648027710498971,-1.1129233352255086,-0.7893777022884682,1.4561854795508455,0.11430239260928356,1.2632024518324565,-0.2898224506148102,1,2.6961671666252287
South Carolina,2021,-0.92203413377149,-0.5374395708835408,1.2446168090058833,0.3151091338445704,0.15787243567196843,1.8282449869818636,1.2782877713473648,2.088280387243599,1.859704608004545,2.2142790128356995,4,2.803206984007399
South Carolina State,2021,0.11250836538797301,0.5814382894890157,-0.5629302236244992,1.5817384108658334,1.0323234064472382,2.317531066328461,-1.400061057716142,0.00021624333221443296,0.9572379837959103,0.7624628834643926,1,1.6284206834827122
South Carolina Upstate,2021,0.8787019147477859,0.5854852492961204,-1.244535826926263,-0.22016554909961333,0.15086197387011363,-0.08725796194949656,-0.5995213708004811,-0.7176636606902133,-1.0559567932848906,-0.0478530957195924,0,1.0919079258583364
South Dakota,2021,-3.0203327647307896,-0.12352915042585857,2.7726087868127816,-1.054395238374515,0.6663113243725136,-1.7175175369639044,-1.1312378542086607,-0.4955695653832735,-1.5604124960476662,-2.3082970459849164,2,3.7881084313227453
South Dakota State,2021,-0.02653157565269159,-0.006326304660607174,0.028531901691639945,-0.5169267014865062,0.8220438991315249,-0.9409060152776036,-1.2320465555239664,-0.12058085590232875,-0.2691910183337729,-0.5543005827095832,0,1.3839789064287837
South Florida,2021,-0.7226316156697609,0.09337041500943265,0.5654096907649864,1.081013269760992,0.6885569147697019,-0.04952047178712638,0.9731437857483403,0.3669217231513628,0.7113736791236861,-0.34961139005112823,1,1.4010070286023508
Southeast Missouri State,2021,0.8173137483362264,0.21396572024020896,-0.8941397300793503,1.4708816868997754,1.6056690236696434,1.3652326282080827,-0.752005120689179,0.4668053109878172,-0.5600960107526739,0.7624628834643926,1,2.2232489969582514
Southern Illinois,2021,0.5069471616594351,1.430379026159696,-1.588637142226706,0.9037740866327496,-1.2936431107663235,-0.673360222954038,-2.794581425911201,-2.123741895780292,-1.245706186067219,-0.12719653534802447,3,2.6883513654262523
Southern,2021,-0.08928528950024273,-2.3380868204973946,1.9421457632042485,0.21185955726016065,2.7591243576451197,2.288035097006148,1.2881709773586698,1.2030102171390211,-0.22291067863076613,2.2452285814850863,4,3.5435661666059435
Southern Miss,2021,-1.7710503820236911,-0.39709887723109344,1.8844982609268488,0.011451956608008589,-0.55075040535256,0.07583739783270267,-0.6533299368620279,-0.6712622352699602,-1.577896179935469,0.1884890648757367,2,2.149282982350088
Southern Utah,2021,0.030397715932959223,0.7996620840291357,-0.6641207954850057,-1.1790284506044861,0.4845871446532012,-0.8427513610621759,0.42409639465605115,0.4444537388845532,-0.22291067863076613,-1.0824529619991439,0,0.8038799692972189
St. Bonaventure,2021,1.0377891832173947,0.08392449277033522,-0.9857239410655627,1.5134062521135785,-0.9563840205797411,-0.75351985722997,0.9422587669630133,-0.9281957479275582,0.7489764551323792,-0.8919322407029099,0,2.586428930230883
St. Francis (PA),2021,2.221581326005779,-0.6637762780982773,-1.4380409330715334,-0.2664468272344441,0.07893736805534891,0.5674368865379131,0.46676674441914445,0.3392150868983601,-0.13549225919175337,0.12471419614366402,0,1.9540933341647728
St. John's,2021,0.8494349621334777,-0.5459025226881166,-0.31708215987913385,0.7424182109790501,-0.267312399475411,0.42388983583599066,0.6497158690284024,1.4993082448328936,1.507974026261692,1.2216419383353176,4,1.781192704590691
Stanford,2021,1.033547657364596,-0.5044370410814936,-0.5131354384425132,-0.3592102764806106,-0.3649600369609643,0.7601438861103555,-0.5263856463168277,-0.17580238698097678,0.20981049759234843,0.47547597417006465,0,0.9240797560067029
Stephen F. Austin,2021,3.0193863205551623,-2.6225796099045398,-0.5835470889966922,0.11045675820096937,2.49698337873564,2.7599706061631504,1.4561854795508455,1.2213454911299786,0.5146822353859066,2.48438433923036,4,3.545525989148806
Stetson,2021,0.25208278691415836,0.9833698847867457,-1.0067854304653439,0.5455340806693035,-0.6271488485622594,-0.19945831584221538,-1.026695497289085,-0.935290180739747,-0.8348396147038576,-0.002835541320482289,3,1.3673905528830816
Stony Brook,2021,-0.8153662411504792,0.47924304625498393,0.34003531130188747,0.007659786835737237,-0.013813846419693111,-0.23300275154210084,1.120156475166494,-0.2551833379065348,0.9340978139444069,-0.959458572301575,2,1.5428856108477542
Syracuse,2021,-1.755523109391109,1.0117052113937899,0.7481517071181657,2.135230754504378,-1.3799246482621537,-0.5730739272581757,1.2881709773586698,0.09474476701892676,1.7877129684665345,0.8262377521964652,1,3.4280662394548824
TCU,2021,0.2583988755575795,-0.6881786257543908,0.31958785472704787,1.0416322433414884,0.06758064352318885,-0.08725796194949656,-0.20419313034830308,-0.2275725723672091,0.7026961154293725,0.05343640167840636,1,1.2906817801138093
Tarleton State,2021,0.2723772836796904,0.296952301776487,-0.47778540207812253,2.4998334748415334,1.400963544904138,0.15842611193517708,-1.2992523564008365,-1.1908431551203802,0.1704722088447927,-1.6482271546079617,3,1.1164106698795164
Temple,2021,-1.6987117674722136,0.470821609059057,1.128851991428043,1.5192321413329195,0.9713320277077414,-0.6674610290895758,0.08966752838781622,0.03541996939485401,-0.27536173029417377,-1.6482271546079617,2,1.7764313613303482
Tennessee State,2021,0.40781610235471083,-0.3037361793669479,-0.11904593715739953,-0.5937024956508626,1.7117846069843896,1.9635794344607098,0.9185390725358826,1.2616830939100847,0.7605465400581309,0.53287335602893,4,0.7824714286469968
Tennessee Tech,2021,0.011882244756938226,1.3878364567545496,-1.1164113213838487,2.587979813602218,-1.2455841060645978,1.1317930995714935,-0.4927827458783933,-0.7097255655976581,-1.245706186067219,0.819860265323258,3,3.0842968727894964
Tennessee,2021,-0.5256058235449308,-0.38101128603604295,0.7689736514175872,-0.12955581333481667,0.6861195588169839,1.0414422882789367,-0.011730697496584598,0.7907560566686513,1.5162557712611786,0.7624628834643926,4,1.5465247582931312
Texas,2021,-0.4370378109148778,0.3589506138916873,0.10092121229672965,-1.3144118525300275,0.5456844739623649,0.35216805779963045,-0.2239595423709119,1.1057367635448905,0.770898721307488,0.1884890648757367,1,1.6574753498036787
Texas Southern,2021,1.917626630583341,-1.5101542053970514,-0.4944899771839082,-1.0493795621616548,2.1347849624767505,2.5534988209069613,0.8961371389102593,2.0537669303194455,1.4817485004299884,1.3364367020530485,4,2.6081806890239814
Texas State,2021,-0.25087936395448424,-0.8981673450953126,0.9378266915809276,0.11765794708820067,-0.36170377798794595,0.15298070221413476,-0.9477143210448995,-1.9314753918997292,-1.0701968978088927,-0.25302925711553753,2,1.6138041562306744
Texas Tech,2021,-1.133769484511225,-0.8465038026783851,1.6783617289146051,-0.8947280597363655,1.1556248964395208,-0.3764341317760911,0.22407913014155634,0.43374361058507577,0.5201458866008452,-0.002835541320482289,2,1.6044034263994515
The Citadel,2021,1.1232493615893728,0.9695395346763617,-1.7670877464869759,-0.5183545028097521,-0.7780101449831134,-1.5562729046685955,-0.5039837126912045,0.5217529257416713,0.913528774076404,-0.3854847537129192,0,2.1543490159996384
Toledo,2021,0.39018708951023456,1.8155761219840798,-1.7922013124494647,-0.5993257953220792,-1.4544540355262747,-0.9607352383514273,1.0081468070383772,0.4165142737554749,-1.1595366011916206,-0.6314735331080575,0,1.967883869302521
Towson,2021,0.5398001549995035,-0.9187521579847032,0.2541691445197221,-1.7659432582860315,0.15965697867232556,-0.9633282905995426,1.8956080237457662,-0.04943003701253309,-0.10186979017674776,-1.4451287264919765,2,2.2448053468190055
Troy,2021,0.14942355710750355,0.7756565680984149,-0.7503765117429418,0.6392608864465609,-0.5804910151333367,0.5165418806484314,-0.006529010122213474,0.1589781451833271,0.2861730581023103,1.0325682098590543,1,0.931998709780687
Tulane,2021,-1.0369842380833374,1.2077798085444236,-0.04427718840090888,2.2394845692384053,0.3650618811205798,-0.3764341317760911,0.11206946201343956,-0.7657907589566725,-0.13549225919175337,-0.034722975686518616,3,2.066555329267242
Tulsa,2021,-0.33250583439472925,1.1289485642022814,-0.6051996594229755,0.9663532806549535,0.9910706875233788,0.18341093300819475,0.46786487842039987,-0.3863344742183218,-1.1485174726909047,-0.014089929920259816,1,1.7806571618456586
UAB,2021,-1.223569163291745,-1.7517252231258242,2.479190938176809,-1.003301895133873,-0.9233838236649761,-0.3548037542730622,-0.40877549478230546,-1.1703076482505064,0.8785614063007988,-0.6724716630072471,2,1.8928045404035554
UAlbany,2021,1.0959663246451854,-0.6057088762178676,-0.4877023780593342,-1.0614287153626618,0.42652810905992994,0.3960793504749541,-1.2080444837822264,-0.14227502882608417,-0.11051556792346331,-0.26249036401535053,0,1.0610754466173833
UC Davis,2021,1.9628507207859238,-1.584430124756041,-0.4753445618709073,-1.0843974136520804,1.4761974390191441,1.922738861552892,-0.32735308218148124,0.3251737146796449,-0.40447201131179333,0.6741592190661382,4,2.500446883170026
UC Irvine,2021,-0.9074084434996591,-1.3674087092363212,1.8930243222901117,-1.0742952071834302,-0.33892557696610004,-0.2840134278995122,-0.10634939083638842,-0.2080724692050625,0.013119053854569027,0.9059563381115565,2,1.1700150825266178
UC Riverside,2021,-0.16578567076705591,0.5325584454528541,-0.27758154258388157,0.05924427427595075,-1.4133204465391593,-1.1907542260077804,-1.0343824352978768,-1.0351874643924386,-1.1485174726909047,-1.128274401298239,3,1.101963045538858
UC San Diego,2021,0.6836664769989942,1.076437654052446,-1.463066315807519,1.9824649553272182,-2.2885897307330643,0.21910353454107837,-1.7840942055839721,-1.2444869281682096,-1.5154544517647455,0.065494675178168,3,2.471790644380053
UC Santa Barbara,2021,0.9651220435756228,-1.4913193393451014,0.33384045069353807,-0.22905571199499347,-0.04298287487918813,-0.3371061726796744,-0.9120189323007744,-1.0922168432147326,-1.1970016380940547,-0.3034884939145401,0,1.5845997060920143
UCF,2021,0.25222483730706863,0.41784682712799964,-0.5562768376935023,0.8729393146349123,0.16961770944741875,0.7247487229235798,0.5321057174938789,-0.13473137324123283,-0.22291067863076613,0.6763668106760939,1,0.7380746358373772
UCLA,2021,-1.2352288283145072,-0.8695757237804582,1.7865776602442394,-0.34911550421426896,-0.6994349175873041,-1.1195255694399666,-0.7014744433381487,-1.0404553078177068,-0.7198153785998932,-1.3219683524628316,2,1.797247486401052
UConn,2021,0.9868620961842406,-1.2108110708480937,0.09107032411427493,-0.4414069362777265,0.08184066935053179,-0.43542607042071674,1.1574930312091996,0.3000998357176498,1.175784032393443,-0.6405842286412108,4,2.4858619506349924
UIC,2021,-2.3732432853302425,-1.0471710399154457,2.9356812982795875,-0.8639142967787424,-1.00030148792184,-0.9565215284482395,0.9101383474262743,0.040553846112320754,-0.3704292614341007,-1.389938936243067,2,2.690533388676931
UL Monroe,2021,-1.4200655828008621,0.03362729094450732,1.230517409098077,1.5042850655129247,-0.8560755807569279,0.2042316172357107,-0.10536107023525887,-1.0006740074682847,-0.40803203744279387,0.72869971766506,3,2.438434580905033
UMBC,2021,0.5398001549995035,0.976249161340822,-1.2558536576643935,-1.6637794302662345,-0.012632536453116192,-0.9978158854994772,-0.9184194847652382,-0.8016464058723244,-1.3768338152257389,-1.916081603282668,0,2.3039072724515974
UMass Lowell,2021,1.5869302567215084,-0.6194408541277044,-0.91145511843477,-1.344903827738306,1.549031927442446,0.07583739783270267,-0.5226519907125577,0.14363883099481542,0.1704722088447927,-0.8637962692034661,0,1.8452395858716442
UNC Asheville,2021,1.5227799323163613,-0.7384964261538673,-0.7597881372529678,-1.6090388686391006,-0.10746084346087653,0.8191358247549799,0.7393236035308958,0.3600765541947383,1.403071922934877,0.6476681197466618,4,1.9064512455761589
UNC Greensboro,2021,-0.2617947816753861,1.3509870042439946,-0.8447368591316048,-1.1613314030680948,-1.295833454065086,-0.673360222954038,0.7673260205629246,0.01781810636353422,-0.1835723898832104,-0.5289782083600831,0,1.6198874170981457
UNC Wilmington,2021,1.268711100911239,-1.14938312445045,-0.20742478955664523,-2.437595829894645,0.3960456037261577,-1.5316929302333355,-0.05594504017873617,-0.3371527981014021,-0.5179478442374352,-2.035659482155305,0,3.142948807193668
UNLV,2021,-1.537757661849066,0.9236193253311228,0.6255349797238609,0.7589298806733423,-1.1595394264122043,-0.40789649905322445,-0.15675374149404186,-1.1996440866360383,-0.1835723898832104,-0.5863755902189486,3,1.5114196858716724
USC,2021,-0.9769234890269504,-1.3441534093647753,1.9360414363235574,0.1595451995832412,-0.27330559945081845,-0.6448902003907627,0.3166088559865234,0.015522211185534538,1.0769632104189066,-1.2339677898874537,2,1.6792409474222192
UT Arlington,2021,-1.0377311468575232,-0.4075324035743674,1.2435379831515352,1.3515847200238196,-1.1877627796704724,-0.20437431072926762,1.813216296709219,0.4402628191151925,2.186559507157032,0.7265895198026016,1,3.2649125219990283
UT Martin,2021,-0.9012126333190864,0.587938340295421,0.32942959756197066,1.3930611715653143,0.14446870767347347,0.8132366308905177,0.16247381267109182,-0.2520771267833603,-0.8523232985916601,0.963353719970422,1,1.8250624505631743
UT Rio Grande Valley,2021,1.548238235161836,-0.6016473642550896,-0.8913762122282266,2.481172004655015,0.7837182450460928,1.887732656203334,2.032235201352591,1.4083652858377442,0.9010404284422593,0.5164741040692542,4,2.4896709519985833
UTEP,2021,-1.833713137873161,-0.7904537024711958,2.253422219745223,-0.9525400716202325,1.136971772073955,-0.8159819099125142,0.03300381392300421,-0.49332619068320543,-1.1022371329878973,-1.4321428934922333,2,2.2510036774628763
UTSA,2021,-1.0979141666046426,-0.2347208104844694,1.1591193843760212,-0.6584389684280632,-0.4381963044950169,-0.7303857636438426,0.5227715784832022,0.23490775041646939,-0.35403830778928597,-0.959458572301575,2,0.37663823181390804
Utah State,2021,0.3488953341145339,-0.3406689702327603,-0.0374483056354579,1.4727116894570014,-0.9467225565454422,0.5638616175291479,0.24953587289794732,0.15756623103643114,1.994338323504202,0.6059245693038496,1,1.6189711153719364
Utah Tech,2021,0.7120335724162993,-0.26661179956703984,-0.4179797050392359,1.7765995773229732,1.0710112957657616,1.837168137365084,0.7841274707821425,1.437701724223276,0.11427465349114163,1.5824254814481868,4,2.247268353833667
Utah,2021,0.7648780589786275,-0.66413475268907,-0.14800345558576747,0.4531133294184041,-0.6642694435119971,-0.18541261616492433,-1.2960520801686044,-0.748561422127075,0.6762502070276544,-0.8227981393042766,0,1.2975226660703258
Utah Valley,2021,1.687534249967019,-1.9798508238424921,0.08350724456059308,0.9264077184124859,2.31690371266983,-0.5549225615213681,0.16376623191872422,0.4831391521402003,0.926977761682406,-0.5620920825094291,4,1.5689725968244541
VCU,2021,1.709664126912138,-0.8543047822188753,-0.8329723654809914,-0.10537823618805942,0.6344346568134481,1.5159347235691416,1.120156475166494,0.5041127144248781,1.9985456271135666,1.2689103704543834,4,1.6187451664344874
VMI,2021,-0.31572916279255303,2.2093085323463666,-1.4809332820544328,-0.28996407954253894,-1.630844374223124,-1.9962544470597592,-1.0220284277837466,0.0038832981304059164,-0.6162935661063249,-1.1029520269487392,3,1.9372452263464583
Valparaiso,2021,-0.16510094196358865,0.027441185164052292,0.12431249488233984,-0.014854984610017377,-1.570220688275208,-1.1567836359523613,-1.2143608184511052,-1.460429583652688,-0.4713630286153297,-0.8386219789144893,3,1.3255780458080502
Vanderbilt,2021,-0.2370782190444892,1.155613734517361,-0.7109384167904808,0.2563877010311247,0.9921053289813914,0.4101250501522451,-0.14928643028550073,0.322917065573065,0.8698195643568976,0.5711382772681736,1,0.60655756384248
Vermont,2021,-0.05475663721337783,0.8662987676804915,-0.641825030325881,-0.2799114874897819,0.46126919969768526,-0.28991262176397437,-0.8064098166371214,-0.7820887802819676,-1.1145785569087,-1.4569025484117437,3,1.4855169697251687
Villanova,2021,-1.2638534261100027,1.456845797871256,-0.041876322762035005,1.1656715338128585,-0.5312220647774215,-1.4210830452746632,-0.5809903595292853,-1.0008897165740607,-1.943960811336336,-1.676925845537395,3,1.4427002827595306
Virginia,2021,-0.6498916297906706,0.4902213698568846,0.18477756982264096,0.5115724938547281,-2.0714190831723704,-2.7557756571093086,-2.6881722411894895,-3.08336939141369,0.5638550963203516,-1.62909469398834,3,3.5262019254422414
Virginia Tech,2021,-0.8029883892564019,0.8139600203706019,0.0623584424749804,0.4173835475170949,0.165810175641092,-1.0955739552534274,-1.4960693446830993,-0.5739397650703374,1.294423315917818,-0.7134697929064368,3,1.1627568174061491
Wagner,2021,1.02191724732027,-0.8629569897211833,-0.21715306062165235,0.5331439658824096,0.6349768816367365,0.29214117286299507,1.1388247531878475,-0.10735069741473464,-0.4414567272282987,0.8262377521964652,4,1.3637566735770663
Wake Forest,2021,-1.1293574546192102,1.1960982386842138,0.046817621158797645,0.24112037843026793,-0.5428177462246401,-0.5979126382664385,-1.0728749218682212,-0.9632541541715698,0.812307446304915,0.15827991652896548,3,0.963117003059237
Washington,2021,-1.4633467040818529,-0.2828198319396406,1.520997507484174,-0.3170474125021813,0.0658600180931672,-0.22448519890357227,0.6161129685899668,0.562942470545597,0.20623428952438927,-0.3854847537129192,2,1.2288201034596735
Washington State,2021,-0.04560978939363734,-0.6396405036663031,0.5500769906334394,0.7976402197166351,0.6095661746403043,0.8840269572640678,0.7673260205629246,0.6573524631681277,0.6425316738154631,0.3032838285934675,1,1.3717759926568143
Weber State,2021,0.40415796362835454,-0.7258359256037948,0.2205411239029833,-0.024914996599260743,0.6130907859991283,0.03896743617981148,-1.2530483682979883,-0.4141609488634232,-0.8621578707785492,-0.20611793540396425,0,1.5048289844131648
West Virginia,2021,-0.8748376048207732,-0.22210039862498257,0.9515529094612256,-0.0396204018671062,0.752779587224541,0.7050847433753709,0.9148054169316127,1.581124311885877,-0.7911304049843512,0.7624628834643926,1,2.1505718985851106
Western Carolina,2021,-0.07869433821751626,1.0785149412448547,-0.7897342576084417,-0.5528893197223423,-0.8012575920123868,-0.3162854884521597,-1.3506450276596194,-0.1481916214416511,-0.9171157741758703,0.25601539647440186,3,1.3500769300157296
Western Illinois,2021,-0.9439345904008554,-0.7511500818873453,1.4343014800023723,-1.9830328581256602,2.1363126436380617,-0.6438642536317258,-0.11194987424279515,1.0563280252113618,-0.06555752364054246,-1.4186376271725003,2,2.262341829031531
Western Kentucky,2021,-0.4371079044963826,-0.11164080170158001,0.4759718072531952,0.10344251531538123,-0.8245764940310225,0.7640766820199966,-0.05594504017873617,-0.32574418317369447,2.049968226783574,0.31603880233988196,1,1.5651805212202488
Western Michigan,2021,0.07055884084240671,0.5297353682005417,-0.4845892686864092,-1.3600217931251055,-1.4931593137410246,-0.5022836008846245,-0.44797887862714664,-0.6569199765036987,-1.8488932801964095,-0.07936538379896947,3,1.5380203320939232
Wichita State,2021,-0.7812244010622386,0.6586279195087068,0.16686445211901044,0.31491167631796574,0.6153404087560768,-0.8326384572945259,1.7250086830583269,0.8842209200162412,0.24914878633990417,-0.8063988873445997,1,1.4835729580139325
Winthrop,2021,-1.1695315348645157,0.11091974672074033,0.9471067145034832,-0.7836874051717188,0.6408354641952928,1.4157971470463326,0.44809846639779105,0.9417762181821414,-0.3353057893380689,0.40714575767141536,1,2.2673910578514174
Wisconsin,2021,-1.4756833208750484,0.3177046986852514,1.0533951154182266,0.7989924269908628,-1.494336078391458,-1.9459772266239996,-1.43060914902381,-0.8932116529544392,0.8499517417571213,-1.376894076729688,3,2.5759130073566574
Wofford,2021,0.2012157827847972,2.761828254112761,-2.3789043534016336,-0.06422824240325349,-2.0207576304859023,-0.2121820673145861,-0.994849611252659,-1.2388168602449554,-1.1022371329878973,0.3573048938724006,3,3.0108955931442862
Wright State,2021,0.25224314361009326,-1.398219504076809,0.8908307858245833,-0.6479133513047899,-0.8319136533115751,-0.40452553113067446,1.1841619998111321,0.38857480862639665,-0.5226309738502398,-0.030167627919941997,2,1.352841424684603
Wyoming,2021,-0.4420106302396766,1.2235715137288516,-0.5836449567449699,-0.3147883688563626,0.6213894809932221,-0.7303857636438426,-0.8400127170755559,-0.3453018087640513,-1.1408040827404036,-0.7362465317393198,3,1.3103503721351777
Xavier,2021,-2.4238822603104544,0.5473467367118547,1.709932668189288,1.7052723728977273,-1.4746934128821783,-1.3483965494446786,0.040063246788221055,-0.15065686836480566,0.22666976419844376,-0.6314735331080575,2,3.316758949500704
Youngstown State,2021,0.08792655762997256,0.009171190209974513,-0.0851573940893146,0.1070301924887948,-0.4404815279844209,-0.5301706991529939,0.43282442074395644,-0.029120195053317435,-1.61763182513502,-0.698561382034004,0,1.336713456590251
Hartford,2021,-1.0339317207732022,1.308093262384493,-0.12691415879133366,-0.44497849030471376,-0.7995122943433567,0.44945300924866183,-0.18662298632820631,-1.0395975172216378,-0.7911304049843512,-0.22604758188273658,3,0.8813494075227326
St. Francis Brooklyn,2021,2.6417738689499224,-1.5643635069152328,-1.0924469338194187,-0.07461862321428779,0.9492392266588957,0.15449331602553604,0.39209363233373207,1.5583070820304619,0.913528774076404,0.6986880147323199,4,2.205711384204856
Abilene Christian,2022,0.4782612569701847,0.19602450864352874,-0.5604896523210438,0.857364297362532,2.8958749791299283,2.626975315820355,0.32033538015222307,1.2623055363214064,-0.384179639962351,1.4650321277396332,4,3.0545875049353266
Air Force,2022,1.1141646047525353,0.2687185809255611,-1.144045390974409,0.6596247325549107,0.9315825537704443,-0.009083736206407024,-1.0628006532164866,-1.5759982770259389,0.24495956115435819,-1.8723974093362823,0,1.009564117115683
Akron,2022,-0.3052332289826307,0.3801206425034307,-0.07691293459127006,-1.1000720579429097,0.3828510238757398,-0.6791014808964393,-0.4397601043127861,-1.2145944510718445,-0.6520412030300884,-1.0388924732973437,0,1.8148196527107552
Alabama,2022,0.6174599831149563,1.2231514366579377,-1.5581357545259915,0.12347454537698302,1.455715125817063,1.222028756843685,1.7771145193367694,2.7930520928177733,1.9493207733156113,1.5076844497058366,4,2.787068592135344
Alabama State,2022,-1.7477871840357526,-1.166744148641464,2.4357313057749326,0.7576966655399092,1.824893630300369,1.195626344320109,1.9447160705038466,0.8143911319368257,0.1404987126670553,1.0415358470558487,4,3.775713851829769
Alcorn State,2022,-0.3957685886960253,-1.895971079025372,1.9552946853778381,-2.176743376435069,1.6225733888711358,0.9505039462319067,0.49992862479505945,0.9786957403835116,0.7672638035908707,1.0990476876425352,4,2.9624948804563265
American University,2022,1.301750082800346,-1.9673041807782072,0.625817472934113,0.2021055925750517,-0.4031077267241422,0.07262372982299452,-0.33745838455452365,-1.7229711757208652,-0.27734468128215495,0.265125999135577,0,1.4191026653104568
App State,2022,-0.6135629369074698,0.13872745326944957,0.38337410006588185,0.8665614864233521,-1.4092543675868905,-0.9534700296159938,0.1755885859624741,-1.0771916703702795,-0.7865913176577553,-1.172670015531593,3,1.1606603333046184
Arizona State,2022,-0.5694951346583637,0.2987684747550117,0.20959092050480066,1.1700030485976476,-0.8739180487933217,0.3193748481642751,-0.1782369109458004,0.5107395770859869,0.7672638035908707,0.18159689733110312,1,1.1914676182248884
Arizona,2022,0.5746101870270948,-1.0489916325741653,0.43160439016438384,1.3315454174645596,-0.5651577044207026,0.18341211399430535,1.05246046960472,1.3951089059844968,1.4939479669808013,0.43641126349157844,1,2.1394864925815607
Arkansas,2022,-0.2894549581835632,-0.712164666897449,0.8498076575248285,0.41476808135267074,1.3152622560914566,1.252631553177831,1.0955348779239882,1.9926007608614817,1.5637777733065528,1.55914241233603,4,1.8885313754960236
Arkansas State,2022,0.2573332267567405,-1.4010124368379264,0.9943906600839217,0.38577990125180567,-0.1847484210633006,0.6671545257332319,0.07152226334239373,0.13270440202994713,-0.13908767593131308,1.0483019459484,1,1.7117614476257048
Arkansas-Pine Bluff,2022,0.4382892903447461,-1.8679234514786047,1.2477908472409958,0.4525062160568098,1.6027492400807495,0.6255742557428927,1.921127704043295,0.5440164598093681,-0.590727226744063,1.846701615269464,4,1.6515549467685389
Army,2022,1.1142526044575427,0.08085007108630231,-0.9825019046453889,0.12694826128714473,-0.8192579040550197,0.42995638113639634,-0.34583846211287755,-0.27411321609372047,-0.6896901358372965,1.2352599416636354,0,1.2904713065578994
Auburn,2022,0.6829759335488005,-0.15365056013892883,-0.42740909279795564,-0.020252385755138172,0.9264778616109547,0.8979991485997945,1.2184426821131773,2.68468329710677,4.71203531883506,2.02226407600777,4,3.6275766137392953
Austin Peay,2022,-1.1572144088875986,0.7394606220019231,0.31202245235723386,1.218184102001839,0.252936621236405,1.0600139527217398,0.4735468991483891,-0.2215707696883864,-0.7309246812928105,0.3271782481896329,1,1.818436225633936
BYU,2022,-1.1995273297736686,-0.28641546279019237,1.2292102488322654,-0.13265600704503733,-0.8670759334356293,-0.25834180630977754,-0.9275144338103816,0.11068293552182706,-0.36951601818271573,-0.5755617882639336,2,0.8809223051958193
Ball State,2022,-0.56912295504323,1.2730255677586981,-0.6288275125138298,-0.3147181321505212,1.013834083128867,0.8799975036973555,0.9763515526496218,1.3317153021693622,-0.8133937722038391,0.6298721460143007,1,1.4360884709913406
Baylor,2022,-0.5987710280448716,-0.39523839023640395,0.8306034768907309,0.8900730975562762,-0.37141736522380997,0.7359843444778492,0.4363021100001499,0.3892351697736455,-0.029937408549069813,0.8720272642740343,1,1.2486359707341792
Bellarmine,2022,-2.84074225426096,2.2227028765439703,0.41542880233690477,0.518021092664609,-1.374912071218043,-1.7482426520586491,-1.1838462179482645,-2.4152179071111672,-2.0091955904137504,-1.4284463591934375,3,3.4759092155505145
Belmont,2022,0.8028367248833918,1.0260416141302606,-1.5404565187463128,2.0149236463975733,-1.1953802089011791,0.7179826995754103,-0.4389504349834762,-0.40546933210706093,0.588580773283643,1.74983956796557,1,2.478901923300402
Bethune-Cookman,2022,-0.2372869363518646,-2.5287784407772738,2.3698228555084273,-0.39311829465975623,0.5120819419147232,0.979006550660767,0.8832395797790231,0.32745674646112305,0.7509417960147299,1.4225517909426484,4,2.726554346145525
Binghamton,2022,-1.8284642766369674,-0.10561784390305277,1.588989623788811,-1.0332789175130026,-1.2160508596986168,-0.7311497150708802,-0.302075834863697,-0.7465026483066948,0.46693886418987607,-0.5400397690780384,2,1.4050058489508677
Boise State,2022,-1.0036599376853874,0.05108032720603331,0.7783947701867017,-1.0607283275711272,-0.10280429042557383,-0.2669644429437186,-0.6500042401568327,-1.2154987141893276,-0.5384968025004112,-1.0234130959137628,2,1.3983106862544783
Boston College,2022,1.3119261589080315,-0.7617956118167786,-0.41956984608915376,-0.14893539600507075,-0.11734043249981178,-0.06939359485298184,-0.024399738376985353,-0.15118102491167262,0.26766844126029365,1.0115296693584463,0,1.2852151670639023
Boston University,2022,-0.530236069379868,-1.1659031105070503,1.4374214650426087,-1.6056810685976564,-0.6355359366467723,-1.056079405559893,-0.14285436125497245,-1.005438391997994,-0.0031349540029859484,-0.19496872555791778,2,1.2541898939962497
Bowling Green,2022,1.1506280363049957,0.573020577917394,-1.4356998292672005,-0.6157556434331458,0.334101889733751,-0.3207122112952851,0.31711878472578336,1.4840883967448397,-0.551554408561324,0.17885823825554661,0,1.3720962756686916
Bradley,2022,-1.5257917597262105,0.7219517614931725,0.6290741693847499,-0.4909651328461639,-0.9992952494546519,-0.07408967613187842,-0.3644608566869978,-0.8455123207517528,-0.23611013582664098,0.29690885840716635,3,1.4331357333478751
Brown,2022,0.11270348649417643,0.529575353022806,-0.5479142853834131,-0.972598925980028,0.9294834415284403,0.19722082918344297,-0.4309694087374254,0.6355278872986602,-0.725034031942023,0.11313042044219052,0,1.308452985900747
Bryant,2022,0.6139146743336606,0.15214503538900404,-0.6338879859901616,0.44393488373771217,-0.2589925030679628,0.3633502949973738,2.033172444730915,2.095551116786936,1.8771603187684607,0.3226378397222636,4,2.537256546126229
Bucknell,2022,-0.28719739084099094,-0.04759649693037277,0.27625715615153307,1.4802933468623451,-0.8402905165952692,-0.7824544030428291,-1.1335657525981413,-0.9929595609767272,0.3494204096416604,0.12134639766886002,3,1.0884815018312033
Buffalo,2022,2.4726441745804055,-0.6374030510736011,-1.4776004656898027,-0.48433943540042046,-0.569007292219128,0.07262372982299452,1.9093335208130187,1.3780183330640647,0.9370126823827374,0.4376615208956368,4,2.8834361273485363
Butler,2022,0.8174432142461678,0.12787096665077982,-0.7797647379409364,-0.7112316035574555,-0.0031019861282040157,-0.9798997173591195,-0.3229837051355494,-0.19261271683998835,0.3636650707990201,-1.2275676815461578,0,1.2477440570204954
Cal Poly,2022,-0.7619891060212156,-0.28445213731628904,0.8690294308538627,-0.4869776441426419,1.3636895463665117,0.3854817290244898,-0.9691409628584137,-0.5536313041397558,-1.1068867133872047,-1.04918871074253,2,2.0491411701992024
Cal State Bakersfield,2022,-1.1667877490587037,-2.028028227514144,2.700623616133615,-0.8434466080949237,2.041934849472358,-0.6406120304144985,-0.24067670451784862,-0.883953301761539,-2.120771419293377,-1.3198326664445856,2,3.480497149004931
Cal State Fullerton,2022,0.28726805413486617,-0.9440206402450114,0.5767325739833287,0.23371165046136458,0.1700638216611291,0.23193828720957324,-0.7182863535952723,-0.48756690461539914,-1.1020355903924381,0.47852519710196684,0,1.8015952687081385
Cal State Northridge,2022,-0.22350720668208632,-0.9253275403258713,0.979149428482491,-0.2768599682155296,1.3990934167280502,0.3219465117217653,0.6225260557413472,-0.21500296388771922,-1.390677408581038,0.05475374014743274,2,2.1211034110941456
California Baptist,2022,0.899621724852484,0.2986578434891739,-0.9940177021134149,0.8757248545177345,2.058562183971441,0.671178422829071,0.10482348658081944,0.9942942791600958,-1.3350107722160933,-0.5112838487846956,0,2.163822019765008
California,2022,-0.6040396530111416,-1.035957588479752,1.3861047592502949,-1.4396208925276393,-0.15565676483209456,-1.5210790378135937,-0.7342484060873752,-1.07585465276086,-0.1654223436171876,-1.1603460496915892,2,1.9060395821230367
Campbell,2022,-0.28392701109784524,-0.0962568243025158,0.31543809611777734,0.3514259408635054,-0.4290454092485183,-0.8831636053581372,-0.5320624078540749,-1.6141280384798098,-0.9302249843277959,-0.4985034397654319,3,0.9942917074852863
Canisius,2022,0.7380097681345499,-0.8576890926987986,0.13315510250000423,0.12083451592479401,0.46094284807865876,-0.218102835351386,-0.6382100569265575,0.22996587910747207,0.6628029551035685,-1.2014259358249368,0,1.5022922484500412
Central Arkansas,2022,1.9003620247468431,-0.6591937379933559,-0.9899621133378388,0.20782533254885302,-1.387537317515139,-0.09738592247621132,0.2588416440585384,0.5878147098644035,0.13742633477036992,0.5746750234698025,0,1.8538443208144668
Central Connecticut,2022,0.18039293989093894,0.6178072240632098,-0.6792771174575329,0.6279831389642537,-0.5204864533093951,0.6279744750632181,0.11972140224011463,-0.6911688844360753,-0.48351740855972614,0.08502312992989931,1,1.5357440976095196
Central Michigan,2022,-0.1524431214937684,1.0341593738949018,-0.7647424751673985,0.5491547361289019,0.7073289305777221,-0.14609625574163282,0.0824766130918754,0.5567142176906573,0.29993895509504326,-0.18740137811230087,1,0.8820576494226645
Charleston,2022,0.16209701948684985,-0.26184915331141817,0.09244580109806527,-1.4940273424837338,0.42594526884471307,1.868287808841224,1.8031858717405373,2.0861919935209867,0.2319019550934454,2.278040419669615,4,1.2821423771834137
Charleston Southern,2022,-0.6450332422294179,1.1969721532185083,-0.5012056635411933,0.03972737127913358,-0.10845283141306257,0.5866765838164476,0.38372123120263607,-0.17926637350173602,0.04525499786980915,0.5408445290070456,1,0.9545140739901881
Charlotte,2022,0.8909743486041379,0.08215667541812376,-0.8006854835175318,0.3878034878429043,-0.6674092853795562,-0.6501423130099075,-1.5004269257082996,-1.5055768037187869,-0.23611013582664098,-1.4587157489759042,3,1.7525246684586158
Chattanooga,2022,-0.04171426317392365,1.2766374543376378,-1.0640608418256767,-1.1400134541047717,-0.834703937917742,-0.5943372138123488,-0.5851362323903155,-0.9586427756682414,-1.139146681302401,0.2938819194289198,3,1.460107935595833
Chicago State,2022,0.9738098531359829,0.2819881253019452,-1.0404626051483608,-0.45489672940927817,0.8531879706160997,0.015918548380313674,0.5480364774448688,-0.49085080751573096,-1.0195664994814104,-1.0046749022389025,0,0.4572421856585323
Cincinnati,2022,-0.9221649204325874,-0.08204194268688542,0.8261424155271092,0.1115298573774276,0.47979159492412726,-0.7995559657001459,1.5024341993685035,1.0442096032451658,0.42776604600713775,-0.3962601676113214,2,1.709658229662708
Clemson,2022,-0.9225063741221844,0.8959301888547848,-0.014887205916203095,0.7122380443749875,-0.26634844368124366,-0.9643528422161054,-1.8508665326940068,-0.873276227090935,-0.0636747639217635,-0.46945705563074075,3,0.35922288319009565
Cleveland State,2022,0.8683723252470129,0.25483037381898505,-0.9307108924742449,1.1935455539769015,1.2726052036599722,1.7002463670780272,0.8678558625221412,0.9773393457072852,0.4379850420548081,1.961725296442837,4,2.3877291262665987
Coastal Carolina,2022,-0.16253996694426145,0.7106390667335848,-0.47815846675556306,0.5376031256963489,-0.6065857651463814,0.546437612858056,1.0081191669231195,0.23914149015252034,-0.0930020074810327,1.0483019459484,1,0.4687781571971909
Colgate,2022,0.6427125751914466,-0.056773663499598864,-0.4777590070411434,1.843472143892967,-1.208278772677575,-0.8858781391132674,-0.6163065737846162,-0.8916433376850081,-0.016192560063898725,0.15421030657553808,3,1.5204256483701324
Colorado,2022,0.8629263203137848,-0.7334209759906647,-0.07609659353583904,-0.10151943083669082,-0.13617281542282425,0.2793971692250928,-0.0013241624916631581,0.14771903828548322,0.29244176501222297,0.2363700788422332,0,1.420800752209055
Colorado State,2022,-0.8080582402915915,1.0802741002328327,-0.26724247197066736,0.2869380138364957,-0.413998917880081,-0.7482512777281969,-1.204330851979796,-1.3049303365084104,-0.39486313583037064,-0.597551609664725,3,0.28400020043257834
Columbia,2022,0.3021352131537093,0.9375076065616058,-1.0540503824754268,-0.2743695670879777,-1.6920735851662423,1.1744529810300988,-0.35514965939993764,0.3191003864022397,-1.3965680579318256,1.5098465489760118,1,2.0719227498607147
Coppin State,2022,-1.4248468839951032,1.9854336167420303,-0.5405555536283262,-0.13506132420401204,1.0288714863929747,2.9884401628954524,0.44095770864367995,2.0004000302497738,-0.27734468128215495,1.6741660935094032,1,3.1304715060355264
Cornell,2022,1.1625675086988299,1.58791772679165,-2.3185567652496184,-0.039058630312231134,0.6759420413834372,1.35524092912173,-0.8387111718412463,1.0390100903196353,-1.2174923176678782,1.4249481176337602,0,3.442030028972015
Creighton,2022,-0.16260572803816678,-0.43607680683197464,0.5083681344398503,-0.797687993414405,-1.7777518877739218,-0.218102835351386,0.6259119456639146,-0.05648001478979901,1.0046748228801952,-0.3910318184670778,2,1.8416612910284595
Dartmouth,2022,0.8111476677673852,0.9568756254728127,-1.4877653245809703,-2.257170787114304,-0.16688865451197357,0.29494404436810817,-0.8858879047623494,-0.6970329967580992,-1.004839876104441,0.4417695095089721,0,1.5056788066881328
Davidson,2022,-2.5714742402807924,1.0888193148426606,1.1702407981772784,0.3369970215530025,0.37223605047930863,-1.7490998732444791,-1.3913529003455982,-1.2065852634598495,-0.948878707271957,-2.201036498403064,3,2.8465228898143384
Dayton,2022,-0.28409345894823973,-0.773762390079459,0.8984047750526714,1.0935581218740449,-1.2389974278762392,-0.850860653672096,-0.7089751563082122,-1.657457312859211,1.6421234096720294,-0.9713785734781893,2,2.1595926898066624
DePaul,2022,1.571123072940308,-0.9035644624996314,-0.5099818814515359,-0.7512523101607138,0.1770292466799204,-0.4298364682514952,1.0517279116401055,0.7840853994566062,1.886487180240542,0.099437125064408,4,2.4473971530397143
Delaware,2022,1.4938524483989277,-0.5318238037502442,-0.7664643649073144,-0.8466891091343933,0.15537058420710267,-0.34247783649550567,0.23992049449125183,-0.5669776474780082,0.29244176501222297,0.3409370617271182,0,1.1358110707690416
Delaware State,2022,-0.8776538706453618,0.17099082535200966,0.5719990736871083,0.09352821129545034,1.6235107851940613,3.254829888903651,0.47497939103870657,1.6482330201784314,0.6869093047544843,1.8732455416940885,4,2.8944271491741347
Denver,2022,0.3165101357858069,0.37647911045319365,-0.5831984607219048,-1.089800489928561,0.3682333058228396,-0.8661620518391683,-1.0907342450776658,-0.11648587687771121,0.1350007732729867,-1.5192545285408374,0,1.2842502420609747
Detroit Mercy,2022,-2.4682580699496115,2.179469733046719,0.1474299261185676,0.6619951691692281,-0.681718288787336,0.14193006269738237,-0.9603774830588279,-1.5942421820277923,-2.0504301358692647,-0.5809034452843684,3,2.6626718513501424
Drake,2022,-1.1773896182811139,-0.7920840540059071,1.6460779601146311,-1.7712785644189022,-0.0856101276632152,-0.42332158723918417,-0.5851362323903155,-0.2723070694985385,-0.04230777218572428,-0.3675042473179786,2,1.1766094004216252
Drexel,2022,0.16960432471987183,-1.1518713922372203,0.8519444734746849,-1.7046891641474269,-1.2886263894055685,-1.06418014576599,-0.811398326465871,-0.8816352526554205,-0.7309246812928105,-0.8533279533265696,2,2.120753039328096
Duke,2022,0.672260764997849,-0.8878803453333517,0.21299808135713258,0.45461256485645735,-1.4508624149552327,-1.8142486833675906,0.42621497960583477,0.11817635120861777,1.8771603187684607,-0.6023442630469497,2,3.1953503737340725
Duquesne,2022,0.7626252742258219,-1.2777800993268635,0.4743737690678078,-0.12092618115938582,-2.3943112832518376,-0.066088945064129,0.2345595021138536,-0.6400859504308894,2.290651177364034,0.42807621413118957,2,3.023644377624625
East Carolina,2022,-0.09952284485438044,0.7165253244133408,-0.5348545185467654,2.495568431009665,0.8130698324510888,0.37095098951173666,0.29353041826523185,0.8365757204190786,1.0719412783455036,0.5558803043238264,1,1.2721721617567388
East Tennessee State,2022,-0.2744534773727024,2.2961123991639623,-1.7503812351471075,0.32455507727161936,-1.3932760704935752,-1.5102209027930753,0.7063268313248858,-0.7440762089414482,-1.0608010449369243,-0.6902095750543872,3,1.8957637983202955
Eastern Illinois,2022,-0.3579190576826834,0.972839229701842,-0.5436369495088309,2.216781537314913,-0.41242962932107075,1.3020360675211888,0.0969606977606356,-1.076845036175246,0.11438350054522974,1.0031946199980575,1,1.9116564969576093
Eastern Kentucky,2022,-0.2685239176096344,1.7578005009964934,-1.2921518628681663,1.6707181102354556,-1.6266365010503065,0.48607915642046867,0.5502273473947646,0.5951551987004436,0.32176900857149215,1.0821324404111567,1,2.4435336198530444
Eastern Michigan,2022,0.8934174853142001,-0.25034977421252863,-0.5166455530055689,-1.1599804348141798,-0.3143966435120239,0.23193828720957324,-1.1652238233741454,0.011586336235293876,-0.7309246812928105,-0.3690177168071013,0,0.7972442897778759
Eastern Washington,2022,0.9322618811919389,1.1396481606120195,-1.7442305746910578,0.2682180424894803,0.03367176605083736,-0.6534153393558055,-0.8858879047623494,0.2498185648231243,-0.9895777391501271,-1.2014259358249368,0,1.5658820328503784
Elon,2022,0.2570636247080217,0.9291433732850639,-1.0099260937788213,-0.6834156332971291,0.21801763690860432,-0.6321406681074686,-0.19685930551992065,-0.5926517974260708,-1.1020355903924381,-1.03494429202137,0,1.1440774852477695
Evansville,2022,0.16172914581305278,0.49506192319140613,-0.5583923978109824,-0.2399339437884718,-0.8052816144228346,-0.884163696741606,-4.03307258778858,-2.385662781008167,-1.3494428631255233,-0.823058563544103,3,3.041856697420007
Fairfield,2022,1.436530605459727,-0.6485967936830646,-0.619043357615485,-1.393030645493761,-0.4241543094305847,-0.8370165315209348,-0.5994577405985079,-0.7757684782018095,0.20765211526603528,-1.0507996866693279,0,1.8379570294347236
Fairleigh Dickinson,2022,0.2855971809268075,-0.6182445963408109,0.2978497908726079,0.16003621908207888,0.09276477675202721,0.5942213908711464,2.121628818957984,0.9708964709952196,0.45714565964419135,0.5239292817756672,4,1.2721695583840562
Florida Atlantic,2022,0.030162566893003548,0.08206568312938528,-0.09531109551412122,-1.4144105524573638,0.23762446957025776,0.6819794097705336,0.4735468991483891,0.008302433334962049,0.0525316823619588,0.3877170277545671,0,1.559419173127282
Florida,2022,-0.411278451883205,1.068066318225602,-0.5818375168784929,0.45600275506422516,0.1742284628624586,-0.03808638632700182,0.13834379681423487,0.050993171039297076,0.8359880460167282,0.9325660438389686,1,0.6362417434913185
Florida Gulf Coast,2022,0.6078180335718971,1.0895054029066273,-1.4352655239283174,-0.1953090109748018,-1.1009769098404014,-0.7691531876426945,0.6473559151735063,0.6008644677951406,0.4625863288362385,-0.24289525938015713,0,2.084241192490864
Florida International,2022,-0.5925403164237395,1.3938252961976971,-0.7135598310650269,0.09712177138523521,-1.1404074234808594,0.37095098951173666,0.45078619466891007,-0.6123552148280724,0.11438350054522974,0.17246803374591477,3,1.6946204858743303
Florida State,2022,0.5907035618989276,-0.012887540662628611,-0.47289946235380453,1.09756468506128,0.024815907309647667,0.042492405141055775,0.5125652496846403,0.9504698130735015,1.5507201672456408,0.6471689401757099,1,1.3904557734605791
Fordham,2022,0.36256482210055435,0.48992807800535165,-0.7185283340431639,0.4615588456034449,-0.5208455544988623,0.7737877987729689,0.05174966204457751,0.020945459501242953,0.7019757732863068,0.2076141585488894,1,0.9623546990955809
Fresno State,2022,-1.3031993465754472,0.6852154878359246,0.4782983795550118,-0.22036873316420502,-0.5639324541430144,-0.614139023205031,-1.239713401670624,-1.748585618343466,-1.0608010449369243,-0.9744055124564359,3,1.5124209049826982
Furman,2022,0.01668655683671288,2.57379890810374,-2.2278057679120127,1.513818266588451,-1.7423916161009592,-0.9534700296159938,-0.24900201032745506,-1.3579653683487944,-0.12065340855120094,0.40890560060229403,3,3.187276200783418
Gardner-Webb,2022,0.24475855651237208,0.970803023450057,-1.0356821709503468,0.32194518429570423,0.7422795518155675,0.3139457806540159,-0.5713763519549941,-0.15479807738160498,0.7237384500544947,0.33222314648671086,1,1.3046317976713935
George Mason,2022,-0.8693769715926709,1.655909341197441,-0.7121971152639132,0.6409512657196413,-0.3376395668501491,-0.6406120304144985,-0.1990501754698165,-0.29304395046034926,-0.36951601818271573,-0.677053271652204,3,0.8983040743147039
George Washington,2022,1.3060513084503618,-0.4398138981556105,-0.6917440424146512,0.21938433096258733,-1.0017537045760574,0.06692320893722148,-0.2372078270971799,0.29582637616415997,1.6812962278547685,0.6836843945164643,1,2.1302160776142642
Georgetown,2022,0.9701052870024821,0.36754501073770507,-1.1110283979441684,0.8572229755029525,-0.43018237977242535,0.27784248171079146,1.6616556729772267,0.8071118138410859,1.2895680460273837,0.840244405002445,1,2.0388554631663443
Georgia,2022,0.040640334558852964,0.39246064472302894,-0.37091601065496377,1.2903820605159453,0.08327268042972792,0.4659596709412729,-0.4575728295575964,0.11010342324529833,1.1246298642053272,0.5087945868844334,1,0.5363917944510588
Georgia Southern,2022,0.00571575817211483,-0.260812148768204,0.21968287428177302,-0.38918772262364987,0.9332379852594015,0.5229648797989949,0.6473559151735063,0.65285959705042,0.02733279347247789,0.42807621413118957,4,1.420950732656219
Georgia State,2022,-0.9814844920580909,-0.39459616200802616,1.1436228151107093,0.4377839465518998,-0.2061876437149722,0.7073934966916234,2.4858609481282667,0.80802937494559,1.1513110406765419,0.9468104625601285,1,2.6130676827792003
Georgia Tech,2022,0.32434936024818667,-0.023082624583216808,-0.2458948350269285,1.3955727369141047,-0.7061548475605279,0.3682364557566077,-0.6500042401568327,-0.02703861692576997,-0.5384968025004112,1.0579678015091876,1,1.1532650916086695
Gonzaga,2022,0.7888064300698172,-1.205395462960094,0.39065300453916063,-0.42422596477408414,-1.5182301995548586,-0.4104954152461963,-1.3281697758976925,1.1853763791732517,1.7792282733116147,0.3801496803089502,2,2.4440169880369806
Grambling,2022,1.1093431591780565,-1.4579887036481756,0.34532059154313677,-0.7399721757941372,0.6680519592078148,0.29494404436810817,1.4139778251414348,0.9911745714047783,0.7411485914690451,-0.2237246458512616,4,1.55356281868324
Grand Canyon,2022,0.26266349733334304,-0.2193054534669344,-0.026550774926370046,-0.8791756401961311,0.7331533780342957,-0.0020830965221252285,0.8832395797790231,0.17906538415230216,-0.8546283176593531,-0.5506340555019018,0,1.4689635253246789
Green Bay,2022,0.10598401377856055,-0.9402654202305737,0.7220350797471765,-0.45638007027452104,0.47083123009425726,0.4333852658797178,-1.189166902112299,-1.2541236673503915,-0.5384968025004112,0.01727735279771183,2,1.7431581818472361
Hampton,2022,-0.06391136068694508,-1.3012735131893038,1.1717973598093145,-1.3698076431022612,1.1735876915265624,-0.8380344816791081,0.7505550184384201,0.9669968363010735,1.0447379323852684,-1.5968198398584086,2,2.3594934610782414
Harvard,2022,1.1486089224096108,1.3358608092457194,-2.0902857128884067,-1.2936563344472076,-0.8465699530287077,0.29494404436810817,-2.02318414482466,-0.5989850387338569,-1.1167622137694075,-0.010109237957853213,0,2.4317289586308073
Hawai'i,2022,0.39426301800041036,-0.7039932680026917,0.28258177420833147,-1.2747840536066077,0.28751016547947017,-0.6321406681074686,-0.8300207210399899,-1.1870382223864364,-1.0608010449369243,-1.7311402570181045,0,2.453995824141695
High Point,2022,2.028276300858597,-0.3594667781374113,-1.3526100192234587,-0.007861764782307908,1.02744168099341,0.04345047587816034,-0.2614899690418647,0.0703102469236105,0.5521973508228948,-0.30491783256187793,0,1.5714119321046167
Hofstra,2022,-0.5156247833667167,1.2563598380853567,-0.6583237716476353,0.294979305700322,-1.4656424328956017,0.5199646056485884,-0.401705645835237,0.13965854934829897,-0.6484555903817827,0.6904109255792339,3,1.76708737957183
Holy Cross,2022,1.6525601867883963,-1.971738986060891,0.34220038008090803,-0.15498658466691845,0.06733480556406453,-0.5781357334001543,0.11972140224011463,-0.33322346829972527,0.4648771369171005,-1.2468300204986371,0,2.3435944602483816
Houston Christian,2022,2.177429173758717,-0.8062288508109835,-1.0904855679517471,-0.7417152119497038,2.1072851875215286,1.4380484956729458,0.5480364774448688,1.4466519036810364,-0.9783319540258957,2.1736110249201044,4,2.9059134087554477
Houston,2022,-0.8894016974595758,0.5169966603057017,0.28396986413722936,2.083092808096872,0.34915051879772113,-0.1692412277590534,1.2876115762456224,0.5018261263565087,1.3641829378040282,0.2911432603533633,1,1.8743355311900733
Howard,2022,-0.2598864264623117,0.23340926250788285,0.012142484719286549,-0.5173553589130369,1.921760292545038,2.141912811358287,1.4139778251414348,2.033156961680599,0.3494204096416604,1.0990476876425352,4,1.7464133886088338
IU Indianapolis,2022,-2.145098315728326,-0.20033361487290105,1.9299001373979228,0.8244739077159454,-0.45350342498332374,1.6630690569534259,0.39181527851753056,-1.3056236048984777,-0.5820221560367878,0.9712435974498983,2,3.0118560246547608
Idaho State,2022,0.3846003177183638,0.7310083427738271,-0.9439743430136185,-1.185702017253539,1.3598523465810546,-0.05523081004361065,-0.6500042401568327,-0.3152401905121839,-0.799648923718668,-0.8043203698692426,0,1.1628397020018482
Idaho,2022,2.7064180044853297,-0.5409365363997869,-1.7521265247638707,-2.034290500669788,0.24640955933941175,-0.5601340884977154,-1.0206785702512153,0.04129783866688309,-0.501189356612089,-1.5437583202695009,0,2.9248527676755485
Illinois,2022,-0.9270424882145666,-0.6713634217968288,1.3371079361373208,0.03751400431097939,-0.23190939099061278,-1.3419198099750396,-0.32987640962077464,0.21065340252694015,-0.5384968025004112,-0.9960265051581979,2,0.686387307879484
Illinois State,2022,-0.3297525267919251,0.18003242400128738,0.11530436955742149,-0.02716815187711989,-0.4565889205318769,0.3291471696827416,-0.284384560018283,-0.3253421013389225,-0.04230777218572428,0.696464803535728,1,1.3013576368003386
Incarnate Word,2022,-1.1087546692604098,0.3635254084862384,0.5957192026718123,-0.6217721989811256,-0.40395156423416784,-0.037027466038622774,-0.3863695561859624,-0.8252293910732224,-2.3972854299950606,-0.6093922827266903,3,2.0615804193967593
Indiana,2022,-0.3796567095560123,-0.4855119634420746,0.7287333704645076,0.5661293906569533,0.04543595476078133,-1.050874582142449,-0.4089926697990224,-0.16474497167391897,0.7104916033260327,-0.763835844404494,2,0.9453202972907659
Indiana State,2022,-1.1758537463175154,1.3803483943637138,-0.22403513678211726,-0.24449275966907805,-1.1381042397185541,0.17793335250225895,-2.4687914435625244,-0.7272918163397466,-0.8133937722038391,0.2666394686246998,3,1.2239787203028107
Iona,2022,2.0465756663243537,-0.732005150353298,-1.0471238809985985,1.1167094287565154,0.8488310478616252,0.5962572911874932,1.7593789054566547,1.2564982881188682,2.147639301458798,0.6197823494201449,4,2.4792992343175424
Iowa,2022,0.13989571964309067,-0.12082374377713609,-0.010682208741661646,0.6015942457761521,-0.4046499931523013,-0.8309088305718934,1.015924141119626,1.0436896519526135,0.8978398641999991,-0.0032625902689614418,1,1.6951046129822798
Iowa State,2022,-1.0275370158538082,-0.006861013253106928,0.8478027393228366,1.5366424037116397,-0.08519969534075758,1.5640600099900144,-0.997622272207067,-0.283964924794723,0.629815318739157,1.4168762803584358,1,1.7356501061999832
Jackson State,2022,-0.6753358855777091,-2.6901432852977023,2.867548731551527,-1.6828066129906878,0.08954520057124526,-0.6204925449353028,1.2786916057353297,-0.682089858770449,-0.0930020074810327,-0.4064093159501484,2,2.9540411182459363
Jacksonville,2022,-1.5775551525755709,0.2405192512252248,1.0856425818538504,-0.480304831015343,0.22874371930949688,-2.1898124123125795,0.3212814376305866,-1.849227583700745,-1.014715376486644,-2.267086511401781,2,2.559944276283779
Jacksonville State,2022,-0.3195532238814935,2.0413998230570507,-1.49431048139116,1.1049414946297509,-1.7538320754307863,-0.6670188551059434,-0.2224650980593347,-1.3025905556919213,-1.0118350222085013,-0.5544177292247102,3,2.0083034151218415
James Madison,2022,1.3546275274883628,1.1730973029448448,-2.119065877227922,0.5751716828743486,-0.06508851154036688,0.27594230808220044,0.0969606977606356,0.48300884148316986,-0.9302249843277959,0.42807621413118957,0,2.325421072856533
Kansas City,2022,0.861297293567384,-0.7817014948439441,-0.033228115625117335,-1.5497076979650002,2.173582734640678,-0.02808547249231354,-1.6328528426798177,0.11211025279550131,-0.3643953883549068,-0.9777687779878212,0,2.475783823157128
Kansas,2022,-0.06166814679483251,-1.216927355999651,1.0973998626425974,0.13275286579776097,0.0017127746464853158,-0.08780521510516572,0.5294140828707485,1.1673637808241006,1.1403382624740943,0.12682371581997304,4,2.1615876405499637
Kansas State,2022,-0.962659817661199,0.9070229830174723,0.00846937385781846,0.18496314169642009,0.29377012947786657,-0.0020830965221252285,-0.5879295915764343,-0.017968789867706753,-0.8133937722038391,0.05475374014743274,3,1.6785796049177175
Kennesaw State,2022,-0.652653888385563,0.52215271151201,0.085557763417048,0.6065001291360298,0.13020481986442686,-0.7009704868520859,1.2578783412113137,-0.021445863526882672,-0.5077730235335576,-0.8123752495032323,2,1.5726552556588236
Kent State,2022,0.3954410787711355,0.8017938457236397,-1.0137504646639781,-0.10123139001557507,1.1446097383089329,0.3172504304428687,-0.6089809941384818,0.36153616270127026,-0.6179778828711853,0.43641126349157844,0,1.5925070906779193
Kentucky,2022,-0.27619697302151497,-1.484395142675594,1.5032631456987353,-0.1405845004677462,-0.38264297754141335,-0.5088294005257665,0.06944093688999149,0.5232184081072535,0.31024759145892206,0.006322716495485813,2,1.12218695454011
LSU,2022,0.5555367226116995,0.6339181346184459,-1.0005063648815458,-0.006288034004802752,2.2511421256494355,2.7233659417070477,0.7594006558611265,1.8927701126913419,1.172049591479168,2.9106706661231687,4,3.1816632375175327
La Salle,2022,-2.152572988794404,0.03340868545008399,1.734945491960237,1.1184460310732645,-0.6718679339165502,-0.525930963183082,0.7594006558611265,-0.17247642132839847,0.5452845005553527,-0.19496872555791778,2,2.53613923895654
Lafayette,2022,-0.8523123011249261,0.30446650270962183,0.436412092880203,1.5905511692378393,-1.4755661060035954,-0.7401505375220996,-0.28997127839051806,-1.554835347223789,-0.7309246812928105,-0.036054429199966986,3,1.179171796072139
Lamar,2022,-0.42757844131546896,-0.48983135903528396,0.771713282634228,1.5611558411511588,0.7198633051585566,0.9576295973391215,0.8832395797790231,0.5575351934157394,-0.27734468128215495,0.919323185809139,1,1.595504578539821
Lehigh,2022,-0.9255106686835886,-1.2692658547216236,1.8502038431471595,-0.3242881050389733,-0.7695105826490399,-1.1928919068184254,-0.93896172929859,-1.1021493324128164,0.3494204096416604,-1.0576463343582199,2,1.613021493651503
Liberty,2022,0.421671359422305,2.0795040374728617,-2.1344037094845625,0.7495925599670821,-0.5001488316813603,-0.8831636053581372,-1.9473643954871729,-1.316022630749535,-2.061884176273574,-0.9138667328915028,3,3.017522041283684
Lipscomb,2022,0.3086277200040751,1.3607456035007768,-1.4234642641917121,0.7572140300391909,-0.9743834400375829,-1.4342139576494468,0.0969606977606356,-0.30038443929638925,0.33201026822711005,-1.6167892289510075,3,2.1802021475178037
Little Rock,2022,-0.036929879099924325,0.16925342917740316,-0.11534372958010851,0.6061623412046174,0.26705554609434157,0.7167825899152481,-0.2725903767880066,-0.6206744355089169,-1.6353357116170886,-0.49211323525580003,0,1.9421160657470455
Long Beach State,2022,-0.848367399141814,-0.5941010289878187,1.2061807444187538,0.14741285894461886,0.20468186733438995,0.72248311080102,-0.12516308640955973,0.2985994497244438,-0.9041097722059703,0.3513937600156064,2,1.8303339029939407
Long Island University,2022,-1.5968742883239504,0.6224444388244139,0.7729168875497816,1.6914749648308833,-0.15568096656248706,0.39755342031200724,2.068554994421743,1.7367847249255002,0.7019757732863068,1.1853154485225657,1,2.7058500451302248
Longwood,2022,0.3168872773786987,0.5815114779677698,-0.7598884192444292,-0.3277214881694068,0.547615566353524,0.033920193282751365,-0.6065519861505534,-0.48428300171506733,-0.23611013582664098,0.2363700788422332,0,0.8461215634964533
Louisiana,2022,-0.7483867696537293,-0.43460244758157357,0.9870526798360518,0.672555070923512,1.3666280930013328,0.7102677089029371,1.1528209107567564,0.9564121135598215,0.39418934470764705,1.0853543922647526,4,2.051027438240061
Louisiana Tech,2022,-0.6502163463765357,0.7090409715043692,-0.0772117272980963,-0.4933995996335766,-0.37383163171694206,0.12392841779494346,-0.2793299100624499,-0.1191442744636958,-0.9115712613836348,-0.010109237957853213,3,1.5004165975247183
Louisville,2022,-0.7796629611966236,0.5559832191481148,0.16051816774851405,-0.11142260691899747,-0.9983667319354519,-1.3374778456484644,-0.7733070648369899,-0.7172908393250934,-0.9539660862567282,-0.7831580042853967,3,0.8971518839215473
Loyola Chicago,2022,0.4171063243653845,0.7836985242048132,-1.0159349670989393,-0.4711279931681095,0.34201044495833816,0.2868004431027188,-1.8631202295566316,-0.8262780323355133,-0.5758042483887341,0.12682371581997304,0,1.493764962972723
Loyola Maryland,2022,0.23541381603286446,-0.08372426084925211,-0.12085901526449835,1.261665547680243,-1.1236151050833447,0.015918548380313674,-1.109356639651786,-1.6861914632371295,-0.7721592267483252,0.5996027562318341,3,0.7938127471133675
Loyola Marymount,2022,1.2000280410597977,-0.33869408109875054,-0.6918643515569215,-0.015357748188524502,-0.20054750814966874,-0.5802535739769112,-1.739231750247011,-0.9463474568678756,-1.014715376486644,-1.4889851387583708,0,1.7214113327757476
Maine,2022,-0.1811320102447782,-0.1638248481636903,0.28934021375255425,0.13347559812527382,-1.1828686457699207,-0.19910109906547827,-0.6303472681063736,-1.1600372429836936,-0.4949714489640352,-0.27484628192831634,3,0.9898370616798836
Manhattan,2022,0.46281295787370413,-1.0706035212313032,0.5417959712777164,-0.12092618115938582,1.747909227497793,1.1337349747031542,0.6979024147318311,0.7127777936207914,-0.6877265860537007,1.0305812107536225,4,1.6234281258812002
Marist,2022,-0.19789672669654218,0.35825884362279237,-0.14605103746259543,-1.0784827239972552,-1.1474907011417348,-0.31582605053605123,-0.41412057555131715,-0.6093840645849142,0.28226700704268043,-0.2292019640023746,0,1.4915606311544005
Marquette,2022,0.9848431728066745,0.1678888813284219,-0.9513477186818834,1.0785644885032633,-1.0193944782964233,0.12392841779494346,-0.08978053671873178,0.7166402889368985,1.446259318758337,1.4728746514559996,1,1.7528470947049504
Marshall,2022,-0.3089135140628845,-0.02230749634704447,0.27229491698129654,-0.7307928914797839,-1.1151496331521469,0.3291471696827416,0.3878838841074393,0.5637746089263744,-0.19899904491667827,0.7827325644157573,1,1.1970376684670445
Maryland Eastern Shore,2022,0.9059975563245748,1.019314744761209,-1.6191932945771732,0.05029143862310498,1.5072818269674049,4.694709709841347,0.8189076712502453,1.543079234299921,-1.2744709622973158,3.477946548273671,4,5.236249852596431
Maryland,2022,-0.5758287998336273,0.4237433799157796,0.10726954076424024,-0.2603416539278685,-0.43018237977242535,-1.1627605821364866,-0.6500042401568327,-0.41625929877958434,-0.6504191401653785,-0.5852276438247213,3,1.0420042435824897
Massachusetts,2022,-0.3817195382043821,0.5024497938046627,-0.11947952847662573,1.298471111274749,-0.10524975092290997,-0.09839189675017021,0.405575158952852,0.19876880155430376,-0.39486313583037064,0.12134639766886002,1,1.0559701025132564
McNeese,2022,2.286015126288066,-1.8307154241025496,-0.29813034637888103,-1.082329268843712,2.332742225629973,1.420046850770508,1.888848886781487,2.2840471432660814,-0.19487559037112634,0.6601415357967673,4,2.6030301333668566
Memphis,2022,0.5226938318289286,-0.21681186341725237,-0.24174873544180098,2.0663870031318687,0.4985142882162558,1.5083406329110387,1.456099908106706,1.482305706598942,1.625335059022285,2.6463900653319654,4,3.0577808701811007
Mercer,2022,-0.15326934205506831,1.0287138944362362,-0.759380997924323,0.2792988474883747,-0.1768773151569328,-1.0265403427881645,-0.9180538590267376,-1.463184602641753,-0.41979129285574923,-0.4433153099095198,3,0.7210928782649464
Merrimack,2022,1.252770685572975,-0.22556917160591775,-0.8323951516795051,1.3768041859478484,-0.05974610734309763,0.6269155547748392,0.3212814376305866,-0.9316664791957956,-0.13908767593131308,1.3189459016504554,1,1.2718571211226308
Miami (OH),2022,-0.9748879933011074,0.9250705078685625,0.002962840416366455,0.13705608303133476,-0.5825427817664731,-0.2506772404129411,-0.26248107687634165,0.19876880155430376,-0.31465212717047714,-0.20181537324680954,3,1.2935345901059356
Miami,2022,0.9064490123951534,-0.20813842623362727,-0.5636354775707271,0.8759157765198937,-1.2979722018073248,-0.48239971278264077,-0.8858879047623494,-0.8023737781064622,0.11438350054522974,1.3343233991335262,0,1.5175625674565345
Michigan State,2022,-1.3712736615209404,-0.4966996462649435,1.5508274803523419,1.4060857276806449,-0.2183659433032866,-0.946778113793566,-0.4859112560834305,-0.09963802721513305,0.7104916033260327,-0.53878951167398,2,1.673103576946073
Michigan,2022,-0.8387195950745907,-1.5463869115089943,2.017488487569816,-0.656872211550283,-0.5282031918052283,-1.4233558226289285,-0.8521902383901329,-0.8114222811197187,0.09572977760106863,-1.571144911025066,2,2.022761502119337
Middle Tennessee,2022,0.7633370179531839,0.7444781904138125,-1.2658754072675888,-1.2091251955928746,0.661027492609834,0.6882799854863866,0.31711878472578336,0.43586659095838365,0.8194942278345224,0.696464803535728,0,1.7849063807161205
Milwaukee,2022,-0.5845708184782687,0.152619103405468,0.3476693274796007,0.49519659526057697,-0.2764660378949073,-0.497946587925655,-0.017407139623857912,-0.19544881479936826,0.2212184592254258,-0.6001657842368477,2,1.3609251504798086
Minnesota,2022,-1.1933892880850028,-0.3503649829027006,1.2791942699611667,0.41281366151452453,-1.755900030110175,-2.2377159491678076,-1.307108734415057,-1.6611712506631586,0.13303722348939084,-1.8723974093362823,3,3.1102667484705884
Mississippi State,2022,0.09817642783757952,-1.3746645657870538,1.102127935434148,0.7889731696847081,1.425189787431647,0.7908893614302857,0.3701926092620253,0.9319001240537591,0.42776604600713775,1.8754575355628067,4,1.5252593902926137
Mississippi Valley State,2022,0.2294205991551701,-0.8317032104694227,0.5275071260421782,-0.07613507387451532,0.5961179599377847,1.3868130447967757,0.80158754203096,1.2834671903260004,-0.8800034225550544,0.5460492204628543,4,1.3962787831043957
Missouri State,2022,-2.451482337788374,0.08988086324320924,1.931272684268642,-1.1951129147947752,-0.2961811339294924,-1.569126285279387,-1.4696999746610018,-0.8744106662746856,-0.4732087721958473,-1.5752528996384012,2,2.7856967962463393
Missouri,2022,1.4818507070298228,-1.3881627639285559,-0.01995752808386486,-0.04439842937194984,0.5743696584466953,0.22653779373884253,0.5117228080253347,0.22372646359683698,1.7204690460375074,0.7252207238290708,4,1.4504882408923514
Monmouth,2022,0.17367854343399722,-0.16365859370643482,-0.0015127043096129394,0.209868200403387,1.4808120175519235,-0.5601340884977154,0.560181517384511,0.8091464058554237,0.1995418009424873,-0.5137843635928122,1,1.604901766371129
Montana,2022,1.6367735109438697,-1.326004353083348,-0.200364059877413,-1.4015588667109782,2.741070141904132,-0.4949852783746053,-2.2337945596510145,-0.5410476089922576,-1.0981084908252465,-1.8723974093362823,0,3.4479055054428613
Montana State,2022,0.8109842346169679,-0.7640617686658265,-0.007179430838324035,-1.935620634939091,1.8731740432912563,0.0347028734959012,-0.5628298423678374,0.2611629566606404,0.36985840173700246,-0.9388718809726705,0,2.411259321455164
Morehead State,2022,0.789279829954123,-0.5839041679647283,-0.1443783879866738,0.9779860783141591,-0.8096686148457832,-0.3207122112952851,0.5471053577161625,-0.0008924947859727406,1.8379875005857218,-0.33874832702463475,1,2.3168357466337484
Morgan State,2022,1.7496913691168847,-1.4187300096878555,-0.21311390600870417,-0.6233387998188482,2.5116509709872394,3.3863803708830096,1.0737610011911713,2.737730959342924,1.2895680460273837,1.209647381078471,4,3.1656821737187975
Mount St. Mary's,2022,0.17484843148619164,-1.0429445769753207,0.7539424958387659,-0.5169313137971091,-1.1398172474285153,0.028919736365407223,0.39181527851753056,-1.1669699268843996,0.2014342076179816,-0.33874832702463475,2,0.9988426082296172
Murray State,2022,0.4617799777068769,0.5921944527433137,-0.8877946921466306,-0.19621336148927557,-0.49156723246368383,-0.16679814737943707,0.12251476142623342,-0.34718005562614174,0.584457318738091,-0.022433203797856974,0,1.3118383642820093
NC State,2022,1.4244423311620469,0.18486992732931357,-1.3261362695907501,-0.3656095172315272,-0.6053773800722326,-0.7230061138054908,0.2092862523346906,0.2344226044722094,0.9164935871441602,0.15421030657553808,0,1.8669588822747918
NJIT,2022,0.5415838271978168,0.37743744479022046,-0.7684343850832099,-0.461091131843274,-0.5959179520771603,-0.704147247717223,-1.2210910070965038,-1.134495775981099,-0.23611013582664098,-0.8835973431090361,0,1.553492811646366
Navy,2022,-0.3120211869696909,-1.0535877751167433,1.1620093568209593,0.6170492281704956,0.07521540055385526,0.2868004431027188,0.748448914290157,-0.4370573504816989,0.43149679059596996,0.42807621413118957,2,1.5760987888279236
Nebraska,2022,-0.2781839244511993,-0.2303179615339638,0.42605987296876163,-0.42048152300106306,0.11347925432472512,-0.18552843028983093,-0.5489112410401832,0.5374799292744179,-0.016192560063898725,0.6197823494201449,2,1.4775905270225616
Nevada,2022,-0.6858475398015409,0.7507783621769302,-0.0839226923210272,1.0848904027854602,0.5568607929654689,0.3291471696827416,-0.8858879047623494,-0.04456840336040767,-0.551554408561324,0.006322716495485813,1,1.885319659758604
New Hampshire,2022,-0.831803729132097,0.6227060425767702,0.14584018546158903,-1.1787419563689132,-1.1191906516977672,-1.947260837368941,-1.5935388985788983,-2.1860744602878968,-0.799648923718668,-1.8723974093362823,3,2.7953449619348376
New Mexico,2022,0.385137969704103,-0.16993651063615461,-0.16936888831565525,-0.8182942967698237,0.6839407832184322,-0.04708720877822127,-0.1192659947944209,0.7429844877595736,-0.14676862067302648,-0.4026503721209532,0,1.2718399279779091
New Mexico State,2022,-0.9982429214325931,1.6495377423323616,-0.6011310739698672,0.6433892735496545,0.2657715841621009,0.5379662505510261,0.4363021100001499,0.22504002475697257,-0.3185792267376689,-0.5506340555019018,1,1.4512328197157727
New Orleans,2022,2.079484316184564,-2.0525736720564547,0.06194383633331809,-0.8880613760442183,2.592082746597722,1.6540682345022066,0.6970156340378257,2.7175223261101022,-0.27734468128215495,1.2655293314461018,4,2.8740451213992224
Niagara,2022,1.1177235375031622,-0.7759459254182298,-0.24827925381714633,0.14579473407967042,-0.6201938613620942,-0.9998885568287101,-1.239713401670624,-0.8767875864692135,-0.8742638154953125,-1.4342119572472407,0,1.742612833305611
Nicholls,2022,0.8449995664511906,-0.048545488978766135,-0.650578859824315,-1.0010233014742984,-0.6719538912956322,1.0550134958043955,1.178094160535918,1.17974357350393,-0.27734468128215495,0.46002723667934875,4,1.449318041171856
Norfolk State,2022,-0.6787340041277405,1.08697044204095,-0.37896336788771495,0.28106301311255033,1.552706973777959,1.1728242607770203,1.213476710226746,1.080606193723861,0.40165083388531153,-0.6071369164291732,1,0.8723777922780602
North Alabama,2022,1.1389762720820968,-0.06162056346443066,-0.8801972995638028,-2.4827462664843685,0.6086563783519978,-0.5601340884977154,0.3420947021546027,0.5474420212661835,-0.13908767593131308,-0.7447142605777176,0,1.7906980531409171
North Carolina Central,2022,0.6533830243805655,0.32323025504207764,-0.8134035294848968,-0.00816677753935397,1.9903597658265746,3.2022096961119084,0.7821465806623735,1.4243682768573462,-0.10946117478470427,1.797405751909446,4,2.9150665386520074
North Carolina,2022,-0.1846092856202068,0.06526116316302381,0.09511596185764529,-0.12956368516794145,-1.1793859009089116,-1.2590675188402152,-0.8243530357348231,0.07940607004652904,0.5742383226904207,-0.53878951167398,3,1.831105470526044
North Dakota,2022,-0.19515118377276633,0.43702915125772895,-0.21606343697075017,-1.7307481095758612,0.21778480630888084,-1.6063473334158995,-0.344743027137929,0.308876134094897,-1.3834007240888884,-1.624307116609398,0,2.044279996518251
North Dakota State,2022,0.3540775527097794,-1.1332080287700828,0.6847431543799556,-3.1443862882618805,0.11121082696955165,-1.504791835282816,-1.0375274034373236,-0.009211715466817151,-0.725034031942023,-1.8723974093362823,2,3.4372564912062145
North Florida,2022,1.3387994946986026,0.864828310771826,-1.8409061691074806,0.10607177009941345,0.0415090209222606,-0.3589392337057564,1.611703838119588,0.6538791093887603,1.750424730530189,-0.23725684363636432,1,2.8215050317965042
North Texas,2022,-1.2037392575198118,-0.6521540620856671,1.5472911867877923,-1.5589855000221793,1.7000469151783275,-0.5430325258403987,-0.6205187820811435,-1.7136120524549125,-0.7865913176577553,-0.30999240673129097,2,2.2856877408280396
Northeastern,2022,1.6063548214416556,0.06055458627620994,-1.3682407519655038,-0.7878108753070489,-0.5791792335469808,-0.02998564612090456,-1.0451093783710728,-1.2300573503808037,-0.4732087721958473,-0.16621280526457397,0,1.2711496222690906
Northern Arizona,2022,-0.23479492651872066,1.4126995504136406,-1.0229110993246706,-0.20434851849938157,-0.2213532608450658,-0.6904317087439358,-0.9869809038789988,-0.7549704264996985,-1.2846457202668582,-1.4068253664916757,3,1.2651510088284907
Northern Colorado,2022,0.9812980103824253,0.37136881730033683,-1.1234884897735373,-2.244024666462273,0.4928032587271512,-0.9021653416440449,-1.6704574848633054,0.25573737795574186,-1.299244286049245,-1.5139902868395385,0,2.3201553967543838
Northern Illinois,2022,1.4691949248270468,-0.8660716353534355,-0.4587217843011247,-0.03514442417745041,1.3939983947941028,0.24363935639615925,-0.8328140802261087,0.2549235411500053,-0.23817186309941663,-0.2812364864379482,0,1.4023866929535724
Northern Iowa,2022,-1.3457513596647512,2.0409822791779195,-0.6531477907789156,-1.0064186799363504,-0.33988707561453224,-0.20100127269406928,-1.8589080212601043,-1.0023186842426763,-1.8442574085916936,0.006322716495485813,3,2.0978406945968784
Northern Kentucky,2022,-1.5861930229582637,1.158755039144587,0.3027992637054195,1.2516816767806216,-0.8457565522720755,0.5551852152403152,0.6524838209258012,-0.8375167310813756,-1.299244286049245,1.0615399655207831,3,2.5739101722045774
Northwestern State,2022,0.6876545590859873,-1.0741837163621621,0.3606545184176636,-0.8753805978586097,0.6449257643165177,0.6749787700862518,0.9815244400313218,1.3807914066243485,0.11438350054522974,0.204419056294074,4,0.9830256588560559
Northwestern,2022,-1.0459584053580668,0.7431464961504343,0.21769533456578785,1.6961400900457886,-0.1502964510778886,-0.38911846192455074,0.2720864487556401,0.507903479126607,0.2212184592254258,-0.6524492756792898,1,1.7994885142709678
Notre Dame,2022,-0.6746665989067018,0.3264831650631812,0.2719201217835711,-0.28543244483372093,-1.8032811573840313,-1.9608335061445883,-1.425050566717816,-1.4858733863167852,-1.5457978414851146,-1.0234130959137628,3,2.0286053736169736
Oakland,2022,-0.7685336552767249,1.1632096849678044,-0.37097256877095325,2.0101389025874163,-0.4340607695817113,0.5148212785336055,1.0854255780123234,-0.05675011935735918,-0.799648923718668,1.5783130258649256,1,1.9937501741931705
Ohio,2022,0.27227142693956724,1.4215766459886903,-1.4460066142486496,-1.1000720579429097,0.07343239728885445,-0.3580247116385211,-0.40339859079652063,0.06547219746349434,-0.27734468128215495,0.10566135023612722,0,0.8544930803108528
Ohio State,2022,-1.513728721968504,-0.0749014998322628,1.3046906981755584,-0.5640776676552448,-0.08337085465023278,-1.6676638605905916,-0.8353414052040247,-0.5945283133691196,0.5807265741492589,-1.4615985480028058,2,1.6068779288269777
Oklahoma,2022,1.2650400989890072,-0.49842862878166005,-0.6077181323007126,-0.3083232437250617,-0.5747744196684017,1.3381393664644132,-1.699686547651381,-1.2113391038489054,-1.3741835903988324,1.5878983326293727,0,1.8484485332394605
Oklahoma State,2022,-0.09020726903063027,-0.45976343203639314,0.46942593393097265,0.27318192090282784,-0.6971473450930044,1.3210378038070965,0.8242686636276436,0.680590332653237,1.5942455207820165,1.0351456425462167,1,1.578506844883453
Old Dominion,2022,-0.8108019707534575,-0.425618102359095,1.0304629837830956,-0.09843573110321004,-0.34128543192019395,-0.8661620518391683,1.0880859200943394,-0.37919810890439215,-0.7721592267483252,-0.6414422248493026,2,0.40643055562666225
Ole Miss,2022,-0.24843340266550104,-0.3579204605662026,0.5114553353204865,1.0102328478954314,-0.6504830246755913,0.15993170759982003,-0.997622272207067,-0.8389445149510855,-0.44228286310421144,1.2049905518811688,1,1.7222769277021355
Omaha,2022,0.43991063411073095,-0.5154746294312551,0.08300606442021297,-1.679983534726052,0.48637047457847293,-0.5961373783025921,-0.3085936729646383,0.628960081497993,-1.0608010449369243,-1.03494429202137,0,1.8161060604269594
Oral Roberts,2022,0.2952351000567628,0.7335947792844095,-0.8729789978302241,-2.7971007424655467,-1.2888226065838548,-2.5610169194037433,-0.6559013317719715,0.5388169468838376,0.42776604600713775,-2.0928594649185825,0,3.31970544656327
Oregon,2022,0.07618220191523006,-0.3422836214961201,0.23203358665533672,-0.8994566869865884,-0.2522902224166612,0.2172096686530335,1.5104756879346009,1.032581601611712,0.1856068063320269,0.4455040446120032,4,1.432908419750833
Oregon State,2022,0.04516865428214082,-0.8690403823803785,0.7105914523083254,0.024242946040811116,-0.6310077354246899,-0.218102835351386,0.9337860793373478,0.20471110204062018,0.09572977760106863,0.2363700788422332,2,1.487754189715668
Pacific,2022,0.12114320993217925,0.07096447148738821,-0.16030510821347427,-0.6020816452506921,0.4985082850193983,-0.1448104239628865,-0.8606146549831863,-0.050807818871042756,-1.2846457202668582,-0.4209080992913299,0,1.4216852722618263
Penn State,2022,-2.2511177526932205,0.4279660198098221,1.4762654749605215,0.5035145498120519,-1.5462163138653433,-1.5862278479367038,-0.6397484286522456,-1.5672570668902668,-0.20921804096434862,-0.7138255482421575,3,2.723220409407412
Pennsylvania,2022,0.5264734863248193,-0.15546572185009142,-0.2976191254866937,-2.3742761072784018,-0.389922740703607,-1.0161757593594876,-0.2254136438669035,0.2570033463202182,-0.6951880752313652,-0.6838193705447554,0,1.6697574894518292
Pepperdine,2022,-0.3925006096775995,-0.5662795917868623,0.8087379546076053,1.0001064242268376,-0.6598049467804925,0.48607915642046867,0.48778755382271644,0.8630830412158866,-0.5077730235335576,0.06721760652844809,1,1.2722722200780103
Pittsburgh,2022,-0.8290286612092675,0.44070853638842644,0.3001314696436383,1.1201334762201722,0.6560331752303723,-0.2669644429437186,-0.5657600742262914,-1.1560757093261493,0.24495956115435819,-0.4209080992913299,3,1.3786418104358515
Portland,2022,-1.8173153603656695,0.47910851460683895,1.076838740942606,0.7397894209904342,-0.07646569551887453,-0.15397197538644922,-0.7753174369785136,0.43664651789721215,-0.7670049085663858,-1.2014259358249368,2,1.8611331533251145
Portland State,2022,1.7342282729583296,-0.35135952538180865,-1.1186595287563241,-1.4501079739886045,1.3988152957430287,1.3136023417821767,0.021751413393659037,1.2920229105914212,-0.07296476032873664,0.9115090770337744,4,2.252321205283545
Presbyterian,2022,0.23732839980759027,-0.21009284004941015,-0.013717991908563248,-0.12092618115938582,2.1302234745382527,0.928707836962777,0.5710406119187807,0.5033990882499468,-0.6921156973346798,0.6423360123953161,4,1.875948022025464
Princeton,2022,1.3456894677741862,0.2614332662201989,-1.3274753338999157,-1.2075513901726753,-2.254656431463045,-1.2228196414687287,-1.6598811792491999,-1.1388058985377878,-1.3056311585790397,-0.8419769321581443,0,2.883461855839775
Providence,2022,1.517804730483334,-0.29863623442802373,-0.9866911077791363,-0.48307517652021925,0.3994790570549013,-1.082181790668429,0.49216929372250934,0.704489848205664,0.7535189551056996,-0.7019810044142357,0,1.8637983347118956
Purdue,2022,-1.2865751026106145,0.07906004895692563,0.9861282074759116,0.9748100313214596,-0.23659058913845207,-1.4523895314881403,-0.8858879047623494,-0.2732565457718966,-0.7201678433478941,-1.238933657946689,3,1.691890635922286
Purdue Fort Wayne,2022,-2.3827921496004567,1.4085437228885604,0.7406005049320674,0.47687458688664974,-1.101845834368401,1.4028278860812189,-1.0089576428174019,-0.7886865227372852,-1.0608010449369243,1.411612038657137,3,3.0080175084376632
Quinnipiac,2022,0.942862821295173,0.31429380539313406,-1.0428977689402157,0.5470554851348891,-0.8686759603611318,-0.12887729105234375,-0.009016021120103471,0.030575861702438728,-0.004838120010931002,0.21136493076106544,0,1.498174548788766
Radford,2022,0.6539865298096932,0.3023195019436255,-0.7959093398068041,-1.1797604641109545,0.4417307716825599,0.1842868742325308,-0.4279960852339945,-1.0050713675561922,-1.613829066340291,-0.23725684363636432,0,1.4674938225413046
Rhode Island,2022,1.0026040906755997,-0.924231711946244,-0.026393283898923977,1.1238107626575728,0.6179846773611547,0.7539859893802868,0.9204843689272623,0.747180585909999,1.9493207733156113,1.3563375007935026,4,1.5229810673781645
Rice,2022,-0.682596339902896,0.2569997971467358,0.33819095958199635,0.7002722895709774,-1.2503508600343622,-1.2783997201050077,-0.4082234839361783,-0.8463332964768348,-0.9041097722059703,-0.9138667328915028,3,0.9507003817412236
Richmond,2022,-0.18378413445528377,0.07389445403447911,0.08701301715947926,0.25924296910146216,-0.7400193792760682,-0.6378684642127901,-0.7733070648369899,-0.7059464474875774,-0.4910145986425464,0.1579448416785692,3,0.9721439971695219
Rider,2022,0.11210721695268105,-0.5427413763540812,0.37504444381416757,0.9021407282040755,-0.08288913631384513,-0.2627156075009071,-0.08593460740451163,0.3398338478816726,0.13141516062468098,-0.13870714237528953,1,1.3598082956202204
Robert Morris,2022,0.4698443030990182,-0.9962242502988099,0.4720494786630408,0.3906638152991406,-0.18060456726619523,0.3916050506920714,-0.13208575917515603,-0.7642714185652383,0.6083016428493232,0.13634948651756007,2,1.5176687475522144
Rutgers,2022,-0.7394316243863015,-0.44072958311521954,0.9849863096850864,0.9991983827225828,-1.0470713410523573,-0.41354926572071765,-0.22878341050412515,-0.5826437123964832,0.6926489118142262,0.01727735279771183,2,1.5994375251576014
SE Louisiana,2022,1.177538391427693,0.26927857377896147,-1.1964517041629017,-0.002096042056612498,0.855568499535218,1.5280567201851378,0.32456774255543225,1.3054440789666968,-0.029937408549069813,1.7195701781831036,4,2.1509731217936263
SIU Edwardsville,2022,0.8928932002021102,0.01889876622564718,-0.7478394826717523,0.9119998111040347,1.1114281841108422,1.0930169683762099,1.6498614897469515,1.3287962773690656,0.2014342076179816,1.642215070961244,4,1.7872901884817765
SMU,2022,0.4044349896408955,-0.27781437729565006,-0.0923767646555698,0.9357084816649675,0.2252025561256541,-0.25610630792320027,0.45078619466891007,0.7117874102064053,1.5071948137092648,0.3641741690348701,1,1.3650819958059461
Sacramento State,2022,0.9001950478735036,-0.357430543333181,-0.43008146808538805,-0.3764843321680662,-0.28565477238667175,-0.9021653416440449,-1.3040453101994016,-1.270329941403987,-1.1320243507237215,-1.0445754614976088,0,1.8067803735649932
Sacred Heart,2022,0.22577399663406322,-0.3825130120753682,0.14407498908747338,0.5628594978452409,-1.1093707990975195,-0.016907980559426997,1.9447160705038466,0.22813075689846385,-0.18517334438159416,0.06721760652844809,1,1.2905935635941612
Saint Joseph's,2022,-2.7203226398346416,0.36187232268900915,1.9175607381907143,0.0026403973503064068,-1.3813990077712381,-0.704147247717223,0.0824766130918754,-0.43830836111039695,0.011297136906444145,-0.4295564963720345,2,2.4897342967174754
Saint Louis,2022,0.5848257031879316,-1.3287562011868526,0.6639044310267858,0.3406169678195025,-0.08693819597784266,-0.36468765812838383,0.6642047483596146,0.19282650106798735,0.43149679059596996,-0.4209080992913299,2,1.6733677745844677
Saint Mary's,2022,1.2412956071565158,-1.4593684562266656,0.2383938342490433,-1.7293341245706642,-1.7225943007195406,-0.6670188551059434,-1.239713401670624,-1.4156799618221565,0.16334952327365282,0.020700676642157717,0,2.204763355280045
Saint Peter's,2022,0.945963764512304,-1.3496844712213347,0.38601389907643563,-0.2063627399240901,1.695842051366731,0.7038944557387193,1.113995338632245,0.5378674706104796,2.515847571747892,0.6364524481409237,4,1.4051383273393412
Sam Houston,2022,-0.4683304454508241,1.213006884996937,-0.6597790660645153,1.118327339997585,-0.48142885502495025,0.1581315431095769,0.03405838719916479,-0.5374822287004691,-1.4917020449470473,-0.16621280526457397,3,1.5050442387033036
Samford,2022,-0.3271134492900496,2.190672808681404,-1.6165295371685142,0.5009915569596411,-0.3769375067705658,-0.03808638632700182,0.6783932394637068,0.13965854934829897,-1.0195664994814104,0.8114884847091012,1,2.2492724300667946
San Diego State,2022,-0.42015059397207644,-0.6268804597948644,0.8835250931226739,0.1887439596374181,0.22020094851234162,0.9106003000315014,-0.24900201032745506,-0.422053041753745,1.0545311369309531,0.3513937600156064,2,1.5788771899471803
San Diego,2022,-1.5492138229581371,-2.3352278496733962,3.2782312257558828,-1.1933198542124905,-1.3116848945097719,-0.6406120304144985,-0.032544059277687894,-0.24166052860807266,0.2295976716709314,-1.1845106885935583,2,2.934939696376516
San Francisco,2022,0.7327298833947108,-0.3326450407994809,-0.3141927884732449,-0.6595558180226979,0.33354388164594867,-0.066088945064129,0.4704431667193691,1.2248060188585068,1.3330933995637597,0.17246803374591477,4,1.6034115488665726
San José State,2022,0.871213964360484,0.9137692565072701,-1.4998973008643175,0.4377839465518998,-1.2257897308424177,-0.38011763947333127,-0.6437967752987925,-1.6008099878284594,-0.44228286310421144,-0.8533279533265696,3,1.9237668530375542
Santa Clara,2022,1.3880289498647402,-1.5142644542113892,0.1653943579700622,-0.9196646889796466,-1.2647577707676627,-0.8044421264593797,-0.9111611545415124,0.18539862546008826,0.5061116823726144,-0.9960265051581979,0,2.279833400842549
Seattle U,2022,-0.37915907261476534,0.8088922032721291,-0.3851972755605275,0.010129280896348574,1.2921863483995764,0.5019629607461495,0.5294140828707485,1.9950636880367316,1.454506227849441,-0.24794015767723504,1,1.1319539753353454
Seton Hall,2022,0.9935741504700254,-0.6861257106281912,-0.22382755263400037,-1.1319254598750466,-0.534864781951118,0.02620520261027824,1.5571929072233555,0.7781430989702862,3.3041701239967907,0.6471689401757099,4,3.0280217431798904
Siena,2022,1.0712813398987122,-1.8132534174412842,0.6821257891108462,-1.6854250649879234,-0.06646565450557743,-0.1692412277590534,-0.8858879047623494,-0.1310288754363322,0.7672638035908707,0.5650091679090148,0,2.452305626583272
South Alabama,2022,0.12168953594051632,-0.005274080705692451,-0.09516782874723945,0.43361446798689124,-0.12683204416538865,0.2647648161493139,0.9664926378750873,-0.13155319606747942,0.6443686877234562,-0.4402398104129052,1,1.1928308125880351
South Carolina,2022,-0.2747607438431839,-0.6855711015776605,0.8148907685570164,1.4475298732934971,1.0531812069759436,2.0321027774534124,1.1439531038166988,1.8341524459203906,1.6194444096714968,1.901186516877904,4,2.6676179691599566
South Carolina State,2022,0.1798279721218354,-0.1869736142495399,0.01350579057097034,-1.2939087697245177,1.5105436157698475,2.3043776566027936,2.3427697545256554,2.343567883334625,1.6812962278547685,-0.05118912409120078,4,1.5429074125686493
South Carolina Upstate,2022,-0.7557341998751557,0.4735955386968737,0.2117871643798137,0.4293369251826162,0.9658085922635007,-0.02808547249231354,-0.6893181842577519,0.5973981258447894,0.7237384500544947,-0.05118912409120078,1,1.180300864688914
South Dakota,2022,-0.16205210367193384,-0.8739702083368691,0.8846162951507482,-2.049170503375202,0.5569925325351394,-2.0821731649988813,-1.6112301734243124,-0.961762483423559,-1.6483933176780012,-3.013048914305571,2,3.9616057718831543
South Dakota State,2022,0.15339077468475099,0.08425269977542199,-0.19815809372988452,-1.4301702470961661,-0.7906954854827486,-1.325632607444262,-1.5429923990205736,-0.8114222811197187,-1.3592606120435033,-1.5163717295139358,3,2.536995376103532
South Florida,2022,-1.0318548680462076,-0.6828468061106736,1.4328634246467378,1.5750400644967664,0.017787245878824937,0.21393664230713555,0.5480364774448688,0.011586336235293876,0.588580773283643,-0.21767076789476744,2,2.0228406156509084
Southeast Missouri State,2022,0.20534765128087007,0.923094396482113,-0.9623495259669861,0.4592727976177193,1.9725741328315192,0.7179826995754103,1.2370650766872975,1.5911436312957112,-0.48351740855972614,0.44825580731950027,1,1.7614849667036598
Southern Illinois,2022,0.8140831970788859,-0.21009284004941015,-0.48627531999659324,-0.39854179878927765,-0.5632977411382458,-1.0161757593594876,-2.458445668799125,-2.4044540031600747,-1.0172756914005483,-1.2972790034694144,3,2.6851879172111013
Southern,2022,-0.9399254608958567,-0.7513554063486894,1.4164772793263334,0.1901009854773429,2.183093359396747,3.161970725153517,1.3827579283554101,1.4136197039188598,-0.0008306705804719289,2.5368437023097052,4,3.7107643768004492
Southern Miss,2022,-0.26570281128032597,-0.3064115565367196,0.4812938227916004,0.5035145498120519,-0.5585279691730263,-0.6969465897562468,-0.19592818579121438,-0.5811581372749041,-1.0608010449369243,-0.9713785734781893,3,1.2953508874456174
Southern Utah,2022,1.1543266619024555,0.5541403929326989,-1.4224884048818878,-1.4062100175535108,0.4847400190636255,-0.2669644429437186,-1.2734110680428403,-0.0032694149805007284,-0.6504191401653785,-0.8317069606248076,0,1.321952210505975
St. Bonaventure,2022,-0.8242994668895606,-0.19503489163942062,0.8431607037608572,1.270882825872508,-1.47225048780683,-0.10409241763594325,-0.29617874324855814,-1.004051855217852,0.7237384500544947,-0.14704219173567845,3,2.066164044692467
St. Francis (PA),2022,1.2528813823456728,-0.6277099788997952,-0.48654057652547905,0.287786846708496,-0.7897881197000811,0.3759514464290808,1.9633384650779668,0.38266736397298184,-0.35981377219318356,0.750949705144168,1,1.4440331748576036
St. John's,2022,2.2305457176632726,-0.908362403167282,-1.0461446759282522,1.1348639867431736,-0.29976164735943545,0.30308764563349755,1.658285906340005,2.168641412768645,2.5953286521186656,0.674555530931276,4,3.384239114895388
St. Thomas-Minnesota,2022,-0.5080048246817656,1.5047413909375602,-0.8782395775006338,-1.1681450602028667,-0.26531047415487674,-1.9092573647971256,-1.279027345771543,-1.4754743604657279,-1.8442574085916936,-3.022634221070019,3,2.9642278211081283
Stanford,2022,-0.06485804392315629,0.30126969260356357,-0.2060292997045612,0.3779221471542633,-0.48861220979982767,0.23275654379604774,0.07909072316930808,-0.39113957399651433,0.14999515343862865,0.0010943673512422273,1,1.2814118227046503
Stephen F. Austin,2022,0.11031642736625985,-0.4176264900645265,0.26888049181739593,0.9302270406173424,1.9251332726792605,3.2922179206241005,1.9633384650779668,1.771758290814054,0.9184571369277561,1.689300788400637,4,2.980418518421552
Stetson,2022,1.0291163982302851,1.0399446552875116,-1.737816351698804,0.419677599820515,-0.5572164601928227,-0.037027466038622774,0.2380283795345223,0.004245847399253855,0.41394034547205366,0.06721760652844809,0,2.049475789064892
Stony Brook,2022,-0.21240452316707775,0.9661192517545008,-0.6570816672448594,-0.9760947439827833,-0.42065632263742947,-1.0731809682172095,-0.15857993889534014,-0.3731776202537832,-0.7561235701822915,-0.9777687779878212,3,1.3097088710514124
Syracuse,2022,-1.719695072078145,1.5995785524421953,0.032960191701564015,2.0992487801861404,-1.2039476698166955,-1.3374778456484644,1.3335629394804636,0.13637464644796712,0.39927672369241834,-0.05118912409120078,3,3.2314375046480635
TCU,2022,1.0640819938456119,-1.3128375973111794,0.25753724595213634,0.6752357508291966,-0.028453487511188397,0.7566862361156534,0.03405838719916479,-0.09136401969016014,0.584457318738091,0.696464803535728,4,1.3869678027758603
Tarleton State,2022,1.9124176416327963,-0.12848422750078292,-1.4563874078234185,1.1867794076141331,1.3758994995609424,1.1500221772339319,0.6276989431230473,-0.1374663676298452,0.7237384500544947,-0.17899321428383766,1,2.187620334335284
Temple,2022,-0.13774065352732878,-0.02504153533620151,0.13439840845096113,0.7951315409256157,1.8306389972668158,0.12392841779494346,1.3746638810405156,1.5125124007377242,1.5071948137092648,0.7156354170646235,4,1.4511584868774905
Tennessee State,2022,-0.6708325737213037,-1.008288453821672,1.4170281373765643,0.5882279891627497,0.5674841187153343,0.38045185765469053,0.9716959540060917,0.1114169844054339,1.446259318758337,0.2938819194289198,2,2.377391953717242
Tennessee Tech,2022,0.7554774903086965,-0.328697647264855,-0.33622655640720406,2.3943913014283735,-1.5831247299310534,0.1429301540808512,1.3550069089900554,0.27849466641240017,0.15790885408160565,0.39612519158303033,1,1.615614408104348
Tennessee,2022,-0.9570143885648825,0.5371232914397135,0.3220534185913993,1.4456531965408874,0.9469670117358913,1.1500221772339319,-0.06029507864304266,1.1227965271767169,0.43149679059596996,2.0164984779539674,1,2.020945808613082
Texas,2022,-0.9366916782795007,-1.165379536273972,1.7699957264241675,-0.7004013774964108,1.8099744809375626,0.24993993211201213,0.007987034795396962,0.5665659263916564,0.629815318739157,0.20610068905976664,2,2.3571044957185703
Texas Southern,2022,1.0523536698017824,-1.3024193140626454,0.258184289142155,-1.532838966951946,0.8936689154972763,1.0197245569877116,1.3044604094317305,1.3307770441978413,0.7299563577025484,0.9484214384869264,4,1.1773193333937952
Texas State,2022,-0.41542124558744026,-0.8633914342527026,1.0831108653861794,0.48272872797666383,1.0187593513845377,0.252190137724817,-0.4214919400702391,-0.6318533882988026,0.261281568730499,-0.23091362592459702,2,1.0742329936885764
Texas Tech,2022,-0.36257342366241735,0.08591545285666348,0.22316076649975755,0.2021055925750517,0.8598578406774501,1.5083406329110387,-0.5152135746679667,0.41566276930490287,0.24495956115435819,1.6330862073760557,1,1.6704944730144813
The Citadel,2022,-0.8857551279154368,2.1431407388301293,-1.1179230881782312,0.28501999193868177,-0.7858218226134831,-0.8301587620342917,0.15696619138835385,0.3202732088666452,0.0525316823619588,-0.611172835066835,3,1.5371358672744837
Toledo,2022,0.8250522966013908,-0.3329655051193178,-0.38956040050541046,-0.260145753966132,-1.156014475533847,-1.4307590965065544,0.4489991972097773,0.2753434464575364,1.1471214344537894,-1.3059929187098218,0,2.742262144460126
Towson,2022,0.4354468799442236,0.38301005163668683,-0.6862661986180453,-0.2806377021199842,-0.2771587303276607,-0.23439003788216353,0.8326930802206983,-0.9480951923050284,-0.8742638154953125,-0.010109237957853213,0,0.7821680428288659
Troy,2022,-0.09910903737315266,0.14151368448404208,-0.04053459346826786,0.8725022544769914,1.2178063078221906,0.9488273224419728,0.633480405490829,0.23547124573450032,-0.0930020074810327,0.9468104625601285,1,1.2060975688584374
Tulane,2022,-1.436580574391257,1.5577150857741806,-0.16299294919977436,2.3322338333712627,0.0362439010446128,-0.39811928437577015,0.3431901371295512,0.44834542197965027,1.1658644096608413,0.08502312992989931,1,2.340361604994028
Tulsa,2022,-0.48935174968353434,0.7652674512019187,-0.25738360030691265,0.4154355414434497,0.6023077230710537,0.3633502949973738,-0.21361946063662834,0.3329162350329261,-0.12065340855120094,0.8690003252957877,1,1.037615873877469
UAB,2022,-0.304252740602654,-0.36078222225154216,0.5596521163845979,-1.2961787180282216,-0.07031008591734353,0.042492405141055775,0.3440769178235566,0.41566276930490287,0.9911084789208047,0.48284939564231966,2,1.6580588198401485
UAlbany,2022,-0.5030924224722639,-0.6088975255455411,0.9360125324959039,-0.6541244308929883,-0.6570698032721709,0.033920193282751365,-1.3700701636894619,-1.173902610785102,0.29993895509504326,-0.6717116146317691,2,0.9726901486765941
UC Davis,2022,1.1061124622968477,-1.597724223505236,0.4681763725166338,-1.7156663180712672,0.18800703005174993,-0.5357032847015485,0.2766815850791236,-0.2201633827310998,-0.5571505254445722,-1.078186277424894,0,2.555004524177939
UC Irvine,2022,-2.183045395000188,-1.9536513964856936,3.4692991434045344,-1.0459275959179055,0.24111560271370205,0.03842060450836109,0.08713221173540546,-0.8229354883119585,-0.13044661309688568,-0.6981973306914273,2,3.1375899340674853
UC Riverside,2022,-0.9727585585376047,-0.7190932764985102,1.4156249060787782,0.2528587634361925,-0.11915122984860878,-0.5601340884977154,-1.6721667867807368,-1.2154987141893276,-1.9748334692008218,-1.105572868180459,2,2.5521977966677025
UC San Diego,2022,0.7024190246500859,0.7244142827371289,-1.1987028003347286,0.8686536213122988,-1.1614581129933856,-0.427121934496365,-1.5542249544779791,-1.0733786942248946,-1.7136813479825652,-0.4985034397654319,3,1.7963715151534614
UC Santa Barbara,2022,0.9240852419349322,-1.5265718410048086,0.5561087744521893,0.4283712608864868,0.8407795499894152,0.5061986418996645,-0.9899542273824298,-0.6013444815740124,-1.291229387188327,-0.10193486578533602,0,1.9263976415698023
UCF,2022,-0.43409527367723605,1.088154373328609,-0.5804237510137613,1.4018783457210633,-0.3119277109495173,0.6027721721998042,1.5378167490593313,0.7946329828198193,0.9761855005654757,0.5526852020690111,1,1.4992224669111502
UCLA,2022,-1.5848902108768557,-1.110465700349336,2.253849522317019,-0.2888337942325491,-0.10164191012578955,-0.6791014808964393,-0.2705392144870892,0.017011914940192406,0.16547848078358413,-0.6388101039986531,2,1.4821459835969029
UConn,2022,0.7372989542990999,-1.2024861730476735,0.4303523121110904,-0.6370273382158554,-0.5469165452063425,-1.0324629618902652,1.725681239084438,0.43051852052069745,2.8564807733369224,-0.503067871558026,4,3.7976321953841334
UIC,2022,-2.252841203136547,-0.0435809619449737,1.8833301277495684,-0.29817930145368954,-0.5324240352508001,-0.18389971003675257,0.016367112353750816,-0.05392752662636029,-0.39486313583037064,0.2363700788422332,2,1.799689289830135
UL Monroe,2022,-0.10525827236486915,0.083177671746544,0.014687794166818292,1.3040462673529583,-0.3037752319724025,0.21393664230713555,0.8459947906307839,0.1265229377469681,0.011297136906444145,0.6298721460143007,1,0.5167399035768224
UMBC,2022,-0.5011937073787611,0.6778984005913268,-0.17252101270587517,-0.8764083064040271,-1.3192290083391567,-0.8533037340517123,-1.5766900653927902,-1.1620180098124657,-1.47118294970847,-1.2972790034694144,3,1.729266102114795
UMass Lowell,2022,1.0191249233437338,-1.5071749456898338,0.4615527630707761,-1.9783559270500357,-0.3776485109498932,-0.14609625574163282,0.13834379681423487,-0.031104401469041153,1.74314804603804,-0.24794015767723504,2,2.93781388794889
UNC Asheville,2022,2.0793038720063426,-1.12112479882179,-0.7391956518734409,-0.6369570630038383,1.2712252266514976,0.4458401854620771,0.7999865216829588,0.7493054642572734,1.197396709126823,0.03338711206569127,4,1.8599053683993458
UNC Greensboro,2022,-0.646988042707888,1.9442912970912618,-1.1424920854917804,0.36743787720326426,-0.5791792335469808,-0.08509068135003552,0.11661766981109459,-1.5863973028769927,-1.9748334692008218,0.39612519158303033,3,1.8189197339423424
UNC Wilmington,2022,0.5221193303277427,-1.0855520958924552,0.5060636323023713,-2.0837908185148852,0.47454780328953405,-0.4786980758438278,1.2202162435011894,0.31464366103749886,0.09572977760106863,-0.6126142345802863,2,2.3862248986634604
UNLV,2022,-1.5208226566666874,1.228318865792188,0.18939590298996212,-0.18009837974642318,0.4916018723307643,-0.7221488926196608,0.32456774255543225,0.1068195203449665,-0.6896901358372965,-0.9441361226739693,3,1.4525818230811938
USC,2022,0.08747967645467822,-1.3036234030241811,1.0497783901697146,0.11110644018519233,-0.02846988207722883,-0.7933372156429406,1.4461437794058232,0.7773327852676057,1.432014657600978,-0.49559880135196277,2,2.5484798862818043
UT Arlington,2022,-1.6744565271022647,-0.07554838832120452,1.4369376456699676,2.152094976226394,-0.029106752752994992,0.5419666160849014,1.7481463499992491,0.7603161975113334,0.5061116823726144,0.779537462160942,1,2.8855395015983882
UT Martin,2022,-0.13445850733378653,-0.09409384740527697,0.19111209732004888,0.35982439384800025,0.7826735493147072,0.12392841779494346,1.0081191669231195,0.9401581739943032,1.9808530727815923,0.10104810099120592,1,1.8117756481079115
UT Rio Grande Valley,2022,0.4837791760509686,0.7955226863081283,-1.0807344344549759,1.4420911086341515,2.2001996993330417,1.2580320466485615,1.1998202875390584,2.0049153967377342,-0.07117195400458377,0.024484350364966167,1,2.0807290303820465
UTEP,2022,-1.0239176397513554,-0.733496602712616,1.4699320955189341,-0.0356122351368822,0.10163801220883163,0.44695793465536515,-0.21755085504671964,-0.34891322660131735,-0.7125982166459155,0.012712921005117657,2,1.317173714224171
UTSA,2022,-0.24030820578879641,-0.48360691727331934,0.6129209630850682,0.2150858886130513,0.15060799617978263,-0.23822232083058179,0.30046817310657054,0.32722735618499704,-0.0930020074810327,-0.0681043713225792,2,1.2173410246914673
Utah State,2022,0.867465857265859,-0.003800919918151876,-0.7074782745963915,1.5380833604715736,-0.27618019560882673,-0.16679814737943707,-1.1512570274435552,-1.0428748850617937,-0.864936954023232,-0.597551609664725,3,1.3107565000189492
Utah Tech,2022,0.40245455709848726,-0.05517906972245739,-0.2822781609445415,1.475024844239141,0.6610517656322772,1.2830343312352823,1.2174081046368372,1.9215407508792635,0.4190609752998626,1.5783130258649256,4,2.1151659817733908
Utah,2022,0.12995522347215807,0.137427477998013,-0.22470053248170122,0.43673570991454264,-0.5010535424292358,-0.3484004555976063,0.5462629160568568,-0.053778969114200964,-0.20272978950551052,-0.9686399144026329,0,1.6137878358328344
Utah Valley,2022,0.3490205768639462,-0.6724517347776406,0.29251675184941467,1.6712998129274668,1.1830066208285586,0.27784248171079146,0.08713221173540546,0.3984300978945803,0.8586670460172607,0.2076141585488894,1,0.8731267228546473
VCU,2022,1.5832314194475876,-1.4604833510893445,-0.040808194044546255,1.3955727369141047,1.1280015859124473,2.2481225162826735,0.19421098053659433,0.34654443206931046,0.9184571369277561,2.4157661431798387,4,1.6381306394518862
VMI,2022,-0.8479040320078195,3.9176319400521806,-2.6754580774037446,0.48198211081303605,-1.6390719139971515,-1.111184440789024,-0.5713763519549941,-0.5776917953245528,-0.5384968025004112,-0.7541116201507057,3,3.32749842685364
Valparaiso,2022,-0.1703823259494661,-0.39286062621169576,0.4775626884371807,-0.39678594585225396,-1.3785082006749207,-1.0731809682172095,-1.7527603721876217,-1.3829230303913311,-0.12065340855120094,-0.6263075299580688,3,1.693489624489211
Vanderbilt,2022,-0.8472935321063407,1.0810975676629377,-0.23580388775013245,0.6940218914643554,2.3784880093074063,1.036011759518489,-0.6331554069707244,1.2030175837420063,0.43149679059596996,1.3592202998204042,1,2.0936470705989243
Vermont,2022,-0.12798478582738682,0.3217194900541969,-0.17189926225124463,-0.07236491662821301,-1.6813050381960677,-1.1627605821364866,-1.7957248968121986,-2.097930336407515,-0.799648923718668,-1.2698924127138493,3,1.8610903333246414
Villanova,2022,-0.1273992332879006,1.6001684981218944,-1.2721763711030203,-0.5148220040356171,-0.24956405125654316,-0.9021653416440449,-0.19362062820268228,-0.8375167310813756,-0.1070280804876398,-0.8138461405668296,3,1.289412176728234
Virginia,2022,-0.3026558213469481,-1.4091955409489751,1.4602507562506901,1.3393513136099164,-1.2848170516170092,-1.6017747230797192,-0.9663027904233207,-2.1863895822833843,1.503237963387776,-0.7570162585641748,2,2.37686660632762
Virginia Tech,2022,-0.29446320534618,0.46405057274517203,-0.15793871104247545,0.7585162876480875,-1.4371513136582061,-1.115934874860501,-1.2986843178220033,-1.9876263836302435,-0.1141246055207449,-0.5783809961358294,3,1.013488617816425
Wagner,2022,1.4511076655568405,-0.9084818943308488,-0.407418389440917,0.10865707420292446,1.2342790132443853,0.934002438404671,1.12533070924258,1.1740879629533565,0.0525316823619588,0.7812190949266347,4,0.7710092374915357
Wake Forest,2022,0.691149380444747,0.23898611365443334,-0.7718751676554161,0.21967785391594277,0.0528733329614036,0.042492405141055775,-0.38042290917910065,0.531537628788098,0.058422331712746405,0.4006896233756245,0,1.2105639136878186
Washington,2022,-0.9544898964223065,-1.0677634953973325,1.7006034055764054,0.241282221845044,-0.1631077854783841,0.5281471715133333,1.2531480538194923,0.8198742546582901,1.0046748228801952,0.7853467389878802,4,2.7320995929020215
Washington State,2022,-0.45688493891534937,0.4532653080283112,-0.015582232992898926,-0.32507026628466396,-0.7411815971445973,0.23275654379604774,1.590890573595572,0.07965268726038677,0.8978398641999991,-0.5478822927944048,1,1.6284687375472562
Weber State,2022,0.3689927643252281,0.09120374681127275,-0.3807887749211061,-1.2688033783070596,1.0707337595998003,0.6214284223714223,-1.3040453101994016,-0.13305465969303162,-1.7730341028048966,0.21022833312101222,0,2.3285402730798808
West Virginia,2022,0.24928657789835143,-0.6152708856432942,0.3250422991336296,-0.3203821975239573,1.3929787098611945,0.6882799854863866,0.49403153317992066,1.0473293110004833,0.8194942278345224,1.0990476876425352,4,0.6065552237685429
Western Carolina,2022,-1.9679181685601999,3.38250819968371,-1.2974424883506104,0.4003703219283761,-0.6283598671713938,-0.9021653416440449,1.296035992838677,0.15370635619972692,-0.45144609542765934,-0.7860626426988658,3,2.128794285547251
Western Illinois,2022,-1.313637680409659,0.15681916174007576,0.9414086341648864,-1.3979779016423257,0.12328095711999543,-0.43412257418064676,-0.47619522413171544,0.901524022225673,-0.8133937722038391,-0.611172835066835,2,0.9365745655471985
Western Kentucky,2022,-0.19604697760842046,0.5896452748695813,-0.34661888191040446,0.3783710086357729,-1.7164229667419748,-0.18009936277957175,0.11661766981109459,0.028918045987053657,1.8989229955366493,0.8114884847091012,1,2.030855705032671
Western Michigan,2022,0.24118847836153898,1.8910759549695948,-1.8244301969011025,-1.2881898712118038,-0.342380254158359,-0.4917278378684498,-0.12516308640955973,-0.48756690461539914,-0.23817186309941663,-0.42501608790466516,0,1.4277651611021822
Wichita State,2022,-0.39261034424950825,0.3806099307517529,-0.005742427163025946,0.0576008583550873,-0.13967669321764117,0.03842060450836109,1.590890573595572,0.7642158322054795,1.1916360005705375,1.0271578869091766,1,1.3034632912817914
Winthrop,2022,-0.1499844058607102,0.6848920724889049,-0.46629663445506325,-1.0901172190259023,1.3197580751912898,1.330038626258316,0.11972140224011463,0.10353561744463113,-1.1845046813034668,0.6904109255792339,0,2.4838079614444113
Wisconsin,2022,-1.0654540490135587,-1.0566556471015993,1.7819649649212022,-0.7406630271517547,-0.26950623240644855,-1.9119718985522558,-1.2902599012289486,-0.22313453297425803,-0.6131116942770563,-1.625918092536196,2,2.104434715441332
Wofford,2022,-0.40063617873151264,3.5690715114981124,-2.7420695185594943,0.34263244008578725,-1.300347573113164,-0.45212421908308564,-1.9846091846354121,-2.10653103447982,-1.9679610449582363,-0.036054429199966986,3,4.080225626640514
Wright State,2022,-0.425057878879301,-1.3001600426004603,1.466740681560672,-1.0831030578568313,-0.5498000077660944,0.0007971666622650449,0.7700154207683751,-0.5150203328621872,-0.8414332631135887,0.19036060637288374,2,0.9087731984850647
Wyoming,2022,-0.716369231835246,0.5799103438098064,0.08807566172068733,-1.3052993031258724,0.027509137711640808,-0.7311497150708802,-0.6382100569265575,-0.6716296621790915,-1.0608010449369243,-1.6327647402250878,3,1.892883518267211
Xavier,2022,0.7368320378678029,-0.665540490161456,-0.03117751430617551,0.1315831534389603,0.3177172172490826,-0.9705715922733106,-0.23131073548204106,0.6667249648518285,1.172049591479168,0.12134639766886002,0,1.9579513521916498
Yale,2022,0.5973035152839203,-0.37450540214065364,-0.1672220153676156,-1.1344656590677993,0.5077942060307176,0.4445827176196273,-1.1291429338867882,0.19876880155430376,-0.13044661309688568,0.8114884847091012,0,1.3777891322539808
Youngstown State,2022,-1.1458281389357883,-0.07798703838262637,1.0059100013664328,-0.36735725534632846,-0.2678245333852406,-0.4513059624966112,0.09517370030150284,-0.4109922597121666,-0.5622379044293435,-0.8615832414490597,2,0.7033741657609511
Hartford,2022,-2.939760151580606,0.7828213808746298,1.7352290670500374,-0.8568741855185799,-0.6143117640913168,-0.5961373783025921,-0.08512493807520172,-1.1115084556787656,0.011297136906444145,-0.2782095474597016,2,2.2623539959013517
St. Francis Brooklyn,2022,-0.1453703730452018,-1.0662286552745348,1.0363403844130425,-0.09867148005558275,-0.6703829070910883,-0.34411434966845467,0.41767971542603094,-0.3824820118047275,-0.029937408549069813,-0.4598258861545021,2,0.6231901105688242
Abilene Christian,2023,1.7471959881654,-1.3394277818068485,-0.36799221034495544,0.9448044267919772,1.9022053438049078,1.1231527813481552,-0.8070524139608575,0.8941342863966345,-0.7122593475670445,0.25159378678542427,4,2.038940187285929
Air Force,2023,0.494848354154915,0.09289512507412218,-0.5377806003802957,0.4916701501952018,-0.316035679599141,-0.6329409649574811,-1.451257904427506,-1.7687713015192676,0.604129891289395,-0.9851380886564832,3,1.3622093659362637
Akron,2023,0.7568851609360304,1.0927859311917298,-1.6953492388118752,-0.7596742633990075,0.40956842395295295,-0.5714244688747745,-0.11555012722832535,-0.17927091906880263,-0.5895520834439968,-1.0063748986388192,0,0.9195878947087421
Alabama,2023,-0.6865831134184951,0.9816647851139318,-0.2734024292991501,-0.30365770708400763,0.580012189974829,-0.04103854466589372,1.0421345958735653,2.5091090258063207,1.9233981999594199,0.4292045625480558,1,1.7265390788206652
Alabama State,2023,-0.5902519462406176,-0.6766438609219383,1.1609344801006622,-2.509932645451466,0.4814536039436123,0.7348964185285807,2.73589424927794,0.8246147588301501,1.052636621521903,0.39626583686116773,4,2.1952422509156104
Alcorn State,2023,-1.014833203491788,-0.3869040924449917,1.2831806209596732,-0.501958079125202,0.5691940685610157,1.066164394760054,1.3993639045915789,0.33503354042032546,-0.6742841787862178,1.3150566548848202,4,2.4421536227074263
American University,2023,1.241493642750548,-0.8367945758959097,-0.36701616016081906,1.083570267485482,-0.47825520957310247,0.8593079316146154,-1.4307544980968214,-1.7820665745771636,0.570758854813762,2.10358978496487,1,1.4204738161018642
App State,2023,-0.6714444718293484,0.16706923957300748,0.46060060071341546,-0.08530698555594933,-1.2211598390391165,-1.0490819678699084,0.5518357488354569,-0.8004041980363826,0.8844465976847122,-0.9244614887069517,2,1.9475646301353406
Arizona State,2023,-0.6976656495171953,0.7515516858521806,-0.05201117726013845,0.9917026868311108,-0.4937211488366244,0.7169606626374602,0.6893907376210894,1.1177371146860633,0.967729097410857,0.7955882142101811,1,1.1064787544631955
Arizona,2023,-1.151354114756982,0.36900153584191503,0.7140522903750068,1.6620865683984944,-0.5839336692891886,0.07426274320560285,0.28730692424770315,1.0418289348827365,0.6975687934211677,0.3695329580428242,1,1.7847348822633688
Arkansas,2023,1.1908389856002461,-2.501360769703972,1.2074717978784704,-0.8097912793243662,1.9699229079378169,0.25362030211681835,0.4001996872333077,1.543114876122377,2.1622235843367,1.0687648196351347,4,2.3839685950952556
Arkansas State,2023,0.5890838113782341,-1.3381526475920753,0.6898339711250885,-0.40633665364479216,0.756839201593324,-0.9323815561835969,0.3646307345118153,-0.5553083636329607,0.29811748680784067,-0.22819750428608596,2,1.5057148864843628
Arkansas-Pine Bluff,2023,-0.45256272334575637,0.6313424813712222,-0.16577828965506217,1.1398272639414841,2.4421285490477063,2.37689728628636,1.2433930958663195,1.7078287567770576,-0.5033959192724944,2.35385951444858,4,3.571003671514598
Army,2023,2.1209422099846056,-0.4543168719610795,-1.5223351603508086,-0.42961644928745296,-0.37714641288847783,-0.3072653974608,-2.012872947398431,-0.9417716583988477,-0.2835396789624424,-0.3783720891611755,0,1.7491835624981384
Auburn,2023,0.7399171700976218,-0.441193678576822,-0.2715509961893505,0.5935330941310824,1.502034846236819,-0.0720552653798627,0.9075252760503756,1.2776974692918526,1.1647633040800294,1.1688812095518597,4,0.8312915793290493
Austin Peay,2023,0.20132706653640192,0.18332087645115933,-0.35239600076917243,0.11034840349208445,0.2620197707735815,-0.2620326797529275,0.10774385374548548,-0.572841855591802,-0.5353056097063847,0.4795276156808024,0,1.1698626985862288
BYU,2023,-0.7769055723546929,0.09908990820999747,0.6194449431484786,-0.12590988776138673,0.7383299850696216,0.5612027825303512,-0.8334813571594895,0.39768502853550863,-0.470417483225987,0.4104237101827247,2,2.0415105314246715
Ball State,2023,0.45212653403194075,-0.501165823627572,0.046667411006662066,-1.9920618640868863,0.7848656548383863,-0.6439978515082947,-0.3269877906283037,0.3001022121464184,-0.7325655142067923,-0.9935653942050294,0,2.0033105554712733
Baylor,2023,-1.6634951469499655,1.3438360288345215,0.2874077570468016,1.369843074940701,0.3680125039337222,-0.48819626829229,0.2897487287823592,0.03719800461122066,-0.8908925428189627,-0.954799788681718,3,1.8007696944104765
Bellarmine,2023,-2.0209679044716045,2.849847755127749,-0.768319562179694,1.052017486614439,-1.4254641907075452,-0.8120625270806568,-2.178549385074853,-2.57315215098169,-2.8087260090735904,-1.0351962836148456,3,3.964861288517672
Belmont,2023,-0.29838789985571873,-0.12723560869017433,0.38966048835814737,0.3874662141705186,-1.888999459170562,-0.6794660460284364,-0.6346874609967659,-0.6373267348325381,0.3171389775989514,-0.2844678273345202,3,1.5440446976226365
Bethune-Cookman,2023,-0.9130943441734056,-0.9707316986120506,1.7261366070830275,-0.77526001444655,1.180615361061309,0.48279940517003916,2.241881017034997,0.9641365884601054,-0.19010077683066978,0.6396464211031747,4,2.492753213474588
Binghamton,2023,-1.7524912657414904,-1.77048045580327,3.2279108010945534,-1.5233347369167631,-0.14624957733762417,-1.0405675739484264,0.552936954802067,-0.16050854657216848,-0.45118006219885715,-0.5282789831541336,2,2.7988655250050605
Boise State,2023,-0.702744053261958,0.31529356129898045,0.35314291119298374,-1.2247812337877395,-0.9053490554236608,-0.5026707379588087,-0.8624981343796537,-0.7970467208527733,0.16496705127006553,-1.6692667530874423,2,1.7409946762848958
Boston College,2023,0.7091177648641833,-0.4133028350412436,-0.2689929286117082,0.43646664315099293,-1.4264281639599439,-0.35578776736560874,-0.443754554613,-1.053741112799571,0.4958257092730226,-0.1784151120547666,0,1.6896091374715465
Boston University,2023,-0.26904119432341483,0.6281314089696912,-0.33064544417530806,-1.0310200082473915,0.09237456946644765,0.03650325711903058,-0.3654688213503866,-0.6767076702192243,-0.6572952874895315,-0.10532738938828631,0,1.2058277845153187
Bowling Green,2023,0.9367388319392743,-0.5021359404429309,-0.39557942387232525,0.1818583839999166,0.9286748074225469,-0.013755318111939006,0.12750438303520248,0.7067300043834519,-0.2887307290808736,-0.41713769468448686,0,1.278924510158362
Bradley,2023,-2.0225064489453852,0.34170785342109705,1.5357055044599888,-0.36932451242430203,-0.8380408057421591,-0.3741311540724372,-0.23849498554826393,-1.0981978264955732,-0.42166675167897544,-0.10664644590892886,2,1.7676674628879268
Brown,2023,0.9702232821593768,0.16740837461299463,-1.040878749446199,-0.9700819025408396,-0.6416285273750119,0.7938281878851241,-0.14349716150949648,0.715256930564043,-0.12669580752696732,0.4429290315842591,0,1.1618100847030137
Bryant,2023,0.9976593802149131,0.04924259491693985,-0.9574837156670167,-0.523927430269835,0.058531930030945756,-0.4945820637334009,-0.3885941466491887,0.2858384201899105,0.17541022268479298,0.014241204629906567,0,0.6616859495585405
Bucknell,2023,1.5824212482342161,-0.5124486573011577,-0.9765343752727862,0.6587389753284314,-1.023128273917471,-0.2891723103776505,-2.050313950263159,-1.2951903093050083,0.557410440223509,0.7138067099303791,0,1.2000369939991542
Buffalo,2023,2.0649461365373782,-0.6157539970078081,-1.3229227663975918,0.34398568228594906,-0.06489845153013658,0.7240405662786917,1.0198482846445598,1.609911001143643,0.2770937338281919,0.5014386101070214,4,2.0603479250052175
Butler,2023,0.19234841571016423,-0.7708427755168853,0.5317919112592777,0.7039305231590174,-1.4732502174365434,-0.319327455516233,-1.244440936222341,-1.1105711378554555,1.0357286297075823,0.40175562447564905,2,1.7136596727997389
Cal Poly,2023,-0.5096192617970838,-0.7649771448139502,1.1682977151129443,-0.1735386972181866,1.654711201591655,0.23552721503366889,-1.0206863714831311,-0.6979127892735946,-0.6572952874895315,-0.6817550889088289,2,1.845442170220899
Cal State Bakersfield,2023,-1.1946939491744824,-1.311737721051755,2.2966992660056618,-0.07867715988011043,1.4178600860699024,0.6286406525675423,-0.42758684883050324,-1.0567933647846708,-1.3602106648899102,-0.09981133484741972,2,2.6614926863865223
Cal State Fullerton,2023,0.07005931982994686,0.4335220382993182,-0.46206182105233395,-1.0919069066807694,0.9058437039861147,0.5646490848319033,-0.5499994783265474,-0.12890876131467455,-1.1623103061541105,-0.06487632275526566,0,1.6152099822629629
Cal State Northridge,2023,-0.5295069027706794,-0.5513156488054043,0.9903296304491742,0.08883709375988273,1.2346975898402677,0.3191000458463097,0.33075554144372793,-0.28878862720079734,0.02124912084833918,-0.06487632275526566,2,1.4952602302591356
California Baptist,2023,0.4125100298009097,0.32014921681334574,-0.671121545511292,-0.03580203584174283,-0.25329392832517583,-0.8862441841215666,-0.27186631418856577,-0.4363829876030348,-0.9843314449507345,-1.713257288050853,0,1.434376968404358
California,2023,-0.1646273944151076,-0.7928628817940648,0.8784322026470566,-0.5354835240472686,-0.22800645985450985,-0.8431654053521647,-0.05880917883927805,-0.6117459562907608,1.077998609243384,-1.3275274740859784,2,1.3487639549222539
Campbell,2023,0.9761425007950941,0.7188569773471584,-1.5525532464071419,-0.7289405632996383,0.9004877071195385,-0.5120462467200768,-0.10423273318057685,-0.6630528587069413,0.29408262512487826,-0.9906541431973498,0,0.7285523731606003
Canisius,2023,-0.19439788129597876,-0.14722798440259174,0.3129244672554527,0.6428740167709424,-1.4279961802733532,-0.15890208337897807,-0.471239654443244,-0.7869742893019492,-1.0777703470825073,-0.9487321286867642,3,0.716827874107301
Central Arkansas,2023,0.152430430170235,1.3571672032481945,-1.3853432608432719,-1.0492582282227543,-1.2170389120167908,0.33001333646789155,0.4436728516706858,1.0499387831523233,0.35236396054545277,0.8638127486944971,1,1.5197241565665445
Central Connecticut,2023,-0.2645333931601447,-1.1936374365843903,1.3377222249056682,0.4083181167685949,-1.1321208208929632,-1.0001242028213877,0.4692453013397322,-0.4844063454614623,0.958648078789355,-0.9690766357286655,2,1.7504986104451363
Central Michigan,2023,-0.7855227163934679,0.88552843493868,-0.09467167184036009,-0.6134011598751405,2.6746646885583645,1.4466997503644652,1.2852389225974876,1.2575318168577918,-0.03345320560975705,1.0992815801979867,4,2.0692062631306367
Charleston,2023,-0.5769681064202187,0.7965947228936081,-0.20373112228244758,-0.2561988411667642,-0.8940465811452234,0.38457978957580097,1.618012878031053,1.2140821121287415,0.7398387729569693,0.23706199604120895,1,1.117321349503033
Charleston Southern,2023,-0.9175803897482315,0.601043559658689,0.2872576864297459,-0.7122723664025481,0.122905819323076,-0.23489304912820447,1.0760097889416527,-0.25967366214995635,-0.5171369342918729,-0.5300635890350016,2,1.0151927460915668
Charlotte,2023,0.3871387833134042,0.4840319202708881,-0.7983755064975101,-1.5668587402997651,-1.4151361265778932,-1.0396046365406397,-2.0066327802543094,-2.7349505752584453,-0.8664204494034983,-1.1353849075791307,3,2.911172210961417
Chattanooga,2023,-0.8820526162515127,3.1359132239655825,-2.072387165981239,0.022247117987927553,-0.033216617314899013,-0.9339441409771413,-0.2659097910055407,0.0023380740445673566,-0.9970731134232493,-0.3618239255385757,3,2.0340464569047545
Chicago State,2023,-0.5544126067409896,0.4755132505543814,0.07041520972479821,1.8543901676535754,-1.8151576408020158,2.1443479023058867,2.3209231341938676,-0.9347032853807242,-0.19010077683066978,1.7604780590597853,1,2.060436262686014
Cincinnati,2023,-0.42308282329414215,-0.5732594057143047,0.9131593453442519,0.4897912281956571,-0.9873929954620998,-0.9667584216415804,0.578044450840767,0.3612829074921731,0.47565140085820834,-0.6605182789264928,2,1.5217041173297856
Clemson,2023,-1.1298372491600241,0.9765936275167237,0.13657206264640834,-0.005478294052018937,-0.2337861691141722,-0.8089373574935667,-1.8341772519076822,-0.40361143997355337,-0.27079801048992763,-1.0430566613355803,3,0.7704026376857291
Cleveland State,2023,1.4085764145778223,-1.7722317171851119,0.33898626512921565,-0.45221377535101226,-0.27316118543945034,0.6272818831818512,1.3079812197339902,0.9746793912105657,1.392266717966084,0.7204019925335887,4,1.6181568787772898
Coastal Carolina,2023,0.20512837650937918,1.5700023344995147,-1.6289261499177365,0.25495134846854883,-0.5461166138203692,-0.8500580099552688,0.49567424453836423,0.26338594119116704,-0.003222972567125257,-0.5604018890097678,0,2.0415830377970607
Colgate,2023,0.5278736541831132,-0.6073320837861288,0.07486979500805413,2.282156412587461,-1.9774379160538214,-1.2196739317967409,-1.854194411447915,-1.6317795006442135,-0.14783079729486814,-0.17467207504489343,3,1.1610668650332545
Colorado,2023,0.5263780163605383,-0.7646023762427231,0.2206206994514326,0.11329360112561922,-0.39395118677973096,1.0974160906309476,0.07361203042688247,0.1457939173442043,1.4238438963544893,1.1840503595392429,1,1.2883757074572657
Colorado State,2023,-0.853879702582519,0.8624802922366448,-0.011005384498855823,1.7072416707512938,-0.5874116580094564,-0.6917434979777157,-1.1826187088730813,-1.260378572190754,0.0762000942448813,-1.1216604385429272,3,0.9230285043115907
Columbia,2023,1.3028307538946866,0.014778762586247484,-1.204897639694598,-0.557357669792334,-0.37826776780979837,-0.0901483524630122,0.16137957610328985,0.734442514470377,-0.06329083822326409,-0.3805391105879436,0,1.1088812382901452
Coppin State,2023,-0.03074578246407343,1.4659015871535892,-1.3176684020075056,0.8662101676145112,1.3772165211731784,1.9037098441000053,0.29349282906883184,1.7020354628131817,-0.6635245476316497,1.3954071826967753,1,2.787096594238764
Cornell,2023,1.25073930553175,2.418460646857129,-3.363984027682951,1.520585045094237,1.0832741549204175,1.559941189520175,-0.9632768337572146,0.8425213038093946,-1.3144822324829972,1.7028352891077312,1,4.868801567355998
Creighton,2023,-0.29391810772744426,-0.45984542001834594,0.6909283741013554,0.3431592060701333,-1.6267677836100365,-0.9495699889125886,-0.8802826107403999,-0.5989555670198702,0.8993118775693127,-0.5452327390223848,2,1.8288683950561817
Dartmouth,2023,-0.023017760572976553,0.612802701011683,-0.5415406750321139,-0.812336289652792,0.07356263552073619,0.3272850138124967,-0.8802826107403999,0.3938984001329405,0.3171389775989514,0.4841024386928702,0,1.0183822321751486
Davidson,2023,-1.1563247827208543,0.09285445834755582,0.9721166170246667,0.33900601980465256,-0.638053327545975,-0.9667584216415804,-1.2004031852338262,-1.5222617925122188,-1.0333868685699155,-1.1793032084949813,3,1.7666725986457323
Dayton,2023,-0.938771652866274,0.10202520703343095,0.7647631754269492,1.2807529190245122,-0.6811165923000927,-1.1541941880672495,-0.27899793378184723,-1.5422467757479832,-0.14783079729486814,-1.4098742883031985,3,1.6031788694632345
DePaul,2023,0.25828805493852414,-0.6879780011010432,0.3954209414525174,0.5122395334407117,-0.32200217558845784,0.0661101268914558,1.0760097889416527,0.924118173544368,1.9080272983100366,0.502817623742238,1,2.1912576058658404
Delaware,2023,1.199966167885088,-0.5633296661656821,-0.5800994340888859,-0.20856561594358175,0.2542350838844532,0.21924343665883483,-0.4356707017217516,-0.03489940017363694,0.9638696644967187,0.5788012750426728,0,1.408104473640332
Delaware State,2023,-1.2432472113740913,-0.06507704689663374,1.196590216291122,1.6064022586351667,1.0642147663501957,2.2474784986798357,1.0760097889416527,1.3483811994730832,0.40167893667055543,1.3185501560940356,1,3.07166684378192
Denver,2023,1.8413669270625561,-0.8849808493853369,-0.87131236148297,-0.8160214738811983,-0.034654775414042695,0.08173597482690309,-0.1096219684414091,0.3411380443905211,1.1907185546721883,-0.22499512817763903,0,2.0741118681648
Detroit Mercy,2023,-1.608792515735967,0.9688567362494754,0.5816395544494979,-0.14494947449913045,-0.6721911861335196,-0.21515513594658683,0.46163696920679337,0.46322812379446765,-1.158467580741765,0.319408810258429,2,1.9740803577273678
Drake,2023,-1.7481347243527214,0.13273742192796878,1.47666248619753,-0.5119692342223097,-1.1625671116976457,-0.8374715145930789,-1.599394046196648,-1.057324191216863,-1.3865249802135808,-1.059005253812434,3,2.513556057229491
Drexel,2023,-0.454644282885009,-1.0631546926344626,1.3917720080904084,-0.3685318573020104,-0.39141640715634735,-0.21046738156595338,-0.06219669814608679,-0.813834106770816,-0.4120181693936291,-0.6028755089744388,2,0.4085971375269905
Duke,2023,0.5526327885308334,-0.497329045048549,-0.048759547447983734,0.37959606292810166,-0.8658194121580055,-0.980821684783482,-0.4599222603954955,-0.46770873166062826,1.8273300646507795,-0.4928302208841531,2,2.509326413717261
Duquesne,2023,-0.19662730531782305,0.23081570926249437,-0.032102992427882886,1.1754336934446945,0.028656795730356607,0.9773437854427773,1.2819353046976576,0.9172104453675646,0.32381318489407784,1.2598961094761563,1,1.1486547135849632
East Carolina,2023,1.3121489817808656,0.2955068039021616,-1.471143037689045,0.8417529137941814,0.4920372135171706,0.2364318693878266,1.3961303634350788,0.6836007171185937,0.03181661573228959,0.4058729651865106,1,1.7558922139662223
East Tennessee State,2023,-0.1547251332962718,0.49469889063643585,-0.31267912463522046,-0.9115689949474816,-0.8182930928266412,-0.7585874030349045,0.7203202617267339,-0.9272422249727069,-1.2750302515829157,-0.8974941109516049,3,1.3167905700211586
Eastern Illinois,2023,0.524358976998904,-0.6941991716966697,0.1578327088405073,1.865177023317787,-0.5729796693875111,0.7883715425743332,-0.3072272613385867,0.3672517558185892,0.894828697921576,1.3121454038771407,1,0.5603823306690715
Eastern Kentucky,2023,-0.6979446902312958,0.4265700579145562,0.2465960036838539,0.23081745470936807,-1.9492342069580897,-0.15890208337897807,1.5561906506817933,0.7238904433218939,1.1414035785470864,0.34823019523445653,1,2.1941731463525067
Eastern Michigan,2023,0.043710293392354105,0.23012710393885524,-0.2512394672378584,-1.5537152062085988,0.1832736464127692,0.0435394576513665,-0.1886640856002809,0.34486857459452974,-1.176400299332711,-0.289042650346588,0,1.2141400577026502
Eastern Washington,2023,0.33418123894923757,2.3313954072589045,-2.445937301585186,0.4230669442516713,-0.021711833028966517,-0.6439978515082947,-0.6036352006843518,-0.5952250368158616,-1.8668099650841408,-1.3458267661342496,3,2.646863750992268
Elon,2023,-1.256614161302825,1.7733041543124357,-0.478927609357492,0.8958769151165314,-1.2869448221421074,-0.397730832876545,0.25230772591763106,-1.0690023727250657,-0.79745364068719,-0.4087103891359407,3,1.3225959295647591
Evansville,2023,0.7180878666742931,-0.029597106823852738,-0.6294594957623084,0.2869313890715012,-1.0817511371926247,0.5319092129671577,-1.8033816218457839,-0.49663245285275315,-1.62728008104793,0.6487960671273103,0,1.6975663646925103
Fairfield,2023,1.5058431670663384,-1.3402746706452764,-0.14651772659954934,-1.7735254592985181,-0.3879198442027338,-0.319327455516233,0.16137957610328985,-0.5477940099363117,1.077998609243384,-0.7236508364930293,0,2.521004506567028
Fairleigh Dickinson,2023,-0.5001759068422826,-0.2325412921602363,0.6708554994643479,1.06148195744658,-0.05041311352826653,0.4707373471146062,0.15870521875581026,-0.08649852320593387,-0.14338132576478385,0.28907051028366376,1,1.2926250194071671
Florida Atlantic,2023,-0.010691827360849702,0.9065805152391286,-0.8225168182134128,-2.1158020277160436,-0.6555650482350217,-0.015416036250006133,-0.439536892234957,-0.10263285292121789,-1.1163646762238917,-0.3322051109387058,0,0.9796038855240562
Florida,2023,0.9643575434546376,-0.9146984975221055,-0.0420780236414377,-0.8842239052744869,0.34486428783098905,-0.6872202262069284,0.32718973164708726,0.8394583421682105,1.4450800104753465,0.25873221030889854,4,2.11346162819478
Florida Gulf Coast,2023,-0.29751800568299214,1.997199470271215,-1.5614898262500114,0.2515706145173543,-1.601305811306235,-0.5967547907911833,-0.5152328328092989,-0.8746221147266768,-0.470417483225987,-0.22668058928734827,3,1.7314697161283543
Florida International,2023,0.7373921095560017,-0.048141866979350495,-0.6300864454691779,-0.4368604854200255,-0.14733989964060087,2.0052034468807167,0.6525698755905592,0.6736881654336534,1.1625385683149871,2.4055281037613456,4,1.5108400818463275
Florida State,2023,-0.58463533333396,0.6955754058239214,-0.10397847979729957,0.645755768216882,-0.7135920070801943,-0.6139863022989451,-1.51544248076704,-0.627733942879373,0.570758854813762,-0.9432423410722828,3,0.7301702797362909
Fordham,2023,1.7081652961774454,-0.5430678675687927,-1.063406587035794,-0.11187869794843772,1.8713040807093109,0.648954254883623,0.987087407137923,1.4491055149813394,1.3633209711100458,0.6652654299707543,4,1.4809609048609256
Fresno State,2023,-0.5472833356237924,0.45838733009074484,0.07961867721693083,0.9671712892721803,-0.8981220856575012,-0.27107922329450224,-1.3389348958333216,-1.8960020158454858,0.04349647849876146,-0.317695489211644,3,0.33129821142436294
Furman,2023,1.3428318577501652,0.8831018651605942,-2.0386463800127608,-0.43255549705705265,0.969902541496154,-0.8595353412845375,-0.05880917883927805,0.45305395051080705,-0.781880490331895,-1.0255891552895038,0,1.216540000192875
Gardner-Webb,2023,-0.09476112293143357,-0.2150733821479249,0.2841009942170704,-0.5546222116359031,1.5127335553703831,0.5973889566966489,-0.38418932278275003,0.015992885556850328,0.4639715380917364,0.5014386101070214,4,1.8925812243145248
George Mason,2023,-0.36122164321782585,-0.5351377679564933,0.8215945854941633,0.2633289571823784,1.2585080487887237,0.2879971675748019,-0.2756104144750385,-0.03489940017363694,-0.7670859974943645,-0.4011258141422491,2,1.6704294380851887
George Washington,2023,-0.08414597645993713,-0.05824628142724452,0.13041793679323543,-0.8684416880511182,0.022436044020060726,-0.2891723103776505,-0.06594079843255947,0.9490181239491181,-0.003222972567125257,0.19805561035936706,0,1.5769119986405429
Georgetown,2023,0.046736314397296724,-0.8665447563573255,0.7528019928035818,1.058307908034799,-1.221971314728127,-0.8595353412845375,0.7033826651926902,0.21323415168162288,1.1625385683149871,0.7860407574893448,1,2.1549010344825255
Georgia,2023,0.1019288650728539,0.30740193172925884,-0.37541826996956795,0.7473789452659625,1.4846190605473961,-0.43391700704284275,1.3942583132918431,1.1893428065653113,-0.33025913002832835,0.19805561035936706,1,0.782615993607676
Georgia Southern,2023,0.2877000067366638,-0.820117006236885,0.4898374551017154,-1.6051990041494146,-0.24538243307067797,-0.5198591706878004,0.7558892144482263,0.1866940939445275,-0.4120181693936291,-0.11291196438197787,2,1.6063068548465576
Georgia State,2023,1.1168976726444595,-1.3362830332719728,0.20547587769860426,-0.36094997648823524,1.0001838236123697,0.10887560545162611,1.2632148032652943,0.3694115364630149,0.5106909891576231,0.34974711023319427,4,1.1682288261115927
Georgia Tech,2023,-0.7705829071995389,0.6965423369791508,0.0651673421308258,1.4908424218602843,-1.3918315998809667,-1.1527060120733972,-0.6701024355679484,-0.6416870948112509,0.8993118775693127,-0.7548428115753091,3,1.9109111326156851
Gonzaga,2023,0.6371251625294913,-0.44362933323913656,-0.17532022070604325,-0.5333173571502129,-0.3825552650397584,-0.6439978515082947,-0.40602990778717546,0.46424554112283295,-0.4366756574561801,-0.289042650346588,0,0.8693836133518139
Grambling,2023,0.040739396451740184,-2.1084963143226423,1.8984693824091827,-0.4611126433922287,2.714220204696836,1.1703367143297003,2.126140774052365,1.0478070516071754,0.6975687934211677,0.4292045625480558,4,2.847975471138725
Grand Canyon,2023,0.7490456570677231,-0.16872034799040808,-0.5300445877765911,-1.2261712647893337,1.6728018837143048,-0.6958359819608092,0.2968803483756406,0.43706596392219477,-0.4437206540454804,-1.3000785360135718,0,1.4487463397059615
Green Bay,2023,-1.4114891356312864,0.8536586748731526,0.5069806128158421,0.243794224668533,-0.4158368968107684,-0.416728574313851,-0.9158515634618922,-0.7634719490166879,-0.6783190404691802,0.031194960498157755,3,1.245304097549374
Hampton,2023,-0.09165137183605991,-0.45724742755257886,0.5035872348508322,-0.745136293934492,-0.09073400007772917,-1.0259630232636618,0.22630702948379128,0.5425866754070335,0.45099391279565737,-1.6340406158945209,2,1.3602871297643382
Harvard,2023,2.1149860612853857,0.7089385382193812,-2.5848248318739504,0.43574260120396807,-0.6167134162458386,0.42550462940673367,-0.981908189944662,-0.311171808424853,0.5073538855100596,0.9781833239961916,0,2.7898603723149673
Hawai'i,2023,0.24588840009618732,-1.5245811476599063,1.1748096995658905,-2.1579114592024946,0.07781502051437127,-0.6467261741636907,-0.736313040201028,-0.758835432905993,0.2748689980631498,-1.0530380933619106,2,2.3121778137809352
High Point,2023,1.368655375084496,0.5929152866528277,-1.7958516851850161,-0.18509604257269838,1.2318335387129296,0.5250166083640534,1.6376248319125764,1.3377786399459,1.8655550700683223,0.5317769100817866,4,2.315612982282774
Hofstra,2023,-1.0146385278835253,0.35312308446875157,0.6036146495410428,-0.029145028042190144,-2.065081376140532,-0.5198591706878004,0.008941207296896684,-0.7769018577511213,0.8751027074715353,-0.1417333493580054,3,2.10748098143155
Holy Cross,2023,1.4227285934531815,-1.0983916955812139,-0.292579021720821,0.030159514655092305,-1.5585171013276973,-0.43391700704284275,-0.45907132851220617,-0.2738104081861994,-0.2835396789624424,-0.2570188892621135,0,1.1578421544514872
Houston Christian,2023,2.151965940379961,-0.2208465561580489,-1.765043088443138,0.8414063584598951,1.6212910330202683,0.5612027825303512,0.8326432703209182,1.3660521320183898,-1.0777703470825073,-0.07498908941352107,4,2.551468188933924
Houston,2023,-1.768568730645873,0.9217667904964493,0.7709728610941935,0.9117521806167764,0.595608105174785,-0.4993967507723341,0.19525476917137846,0.17486298386895494,0.359408957134753,0.4292045625480558,1,2.062057653180708
Howard,2023,0.28460491095480506,-0.4193794185704581,0.12476726631592289,-0.05802376187738943,0.9058795711963662,2.6370829738703105,2.617331073539633,1.5901195566928996,0.2833229939703101,1.3185501560940356,4,1.8342488219581143
IU Indianapolis,2023,-0.9788705026838678,-0.7703021173825277,1.6022774046265136,0.3469373422450976,0.5743086587899368,0.42550462940673367,0.32906178179032297,-0.08526155792776505,-0.5451686049314051,0.8381937398269175,2,1.9928292563685468
Idaho State,2023,0.1484016703524166,-0.16643598598016762,0.017096978939674472,-0.3947970997701969,0.646474032314656,-0.7595925745395239,-1.7320654259129684,-1.104344237815683,-1.7318426620049134,-1.3795359883284333,3,2.4898540092760335
Idaho,2023,1.1118699865435597,-0.9086376991370715,-0.18252999376818854,-1.6563449232599112,0.058667082135700835,-1.1033612291193544,-2.1813574602897075,-1.1078784243247428,-1.0310508960166214,-1.3188593883789028,0,2.855543937625511
Illinois,2023,-0.10136587019684609,-0.6631242282933213,0.7014772000818803,-1.927659366098992,-0.17440816698702286,-0.8431654053521647,-0.27899793378184723,0.4754371317348627,1.8811282204236182,-0.42171251769655466,2,2.046006402031406
Illinois State,2023,-0.9823361045007362,0.8976986649656555,0.07412474993427037,-0.40724513347474955,-0.09287522927648481,0.5810190207642761,-0.7193754436669842,-0.6948834865515439,-0.3591806949738771,0.07236836760676779,3,1.5439716266956967
Incarnate Word,2023,1.550679427649022,-1.6696544843980385,0.1148730707492941,-1.3202841862825763,0.783253901122274,0.9793541284520161,0.4239123223809688,0.32248539337047405,-0.4366756574561801,1.3761929260460906,4,1.7674014938618154
Indiana,2023,0.32702723946688367,-1.7769958425480117,1.3323463694593962,-0.102561186947676,-0.2668806966925805,-1.137080164137951,0.025108913079393443,0.051174105806147514,1.464192513184118,-0.6238365162297317,2,1.9960025681583846
Indiana State,2023,-0.8999804416741212,0.8946654785132683,0.001602018298200806,0.2396923846612203,-0.3194153923206444,-0.43391700704284275,-1.614858808249471,-0.622311930036276,-1.1163646762238917,-0.43245340650749625,3,0.9896314962783853
Iona,2023,-0.025404476326474214,-1.1683002669221219,1.0957978147032865,0.0435514386190798,-0.42547657949805395,-0.12004127894821437,1.679135509001732,0.47835667711191343,1.7010213510971575,0.3695329580428242,4,2.6663539558007
Iowa,2023,-0.5728948526744033,-0.5356988577208801,1.0156671638774073,1.1046762282209326,-0.8515086248796649,-0.6630961100960635,-0.1943099511116288,-0.03298084178300087,0.570758854813762,-0.09232526082767234,2,1.5132848898985969
Iowa State,2023,-1.5047587221908174,0.7170867307486054,0.7176488392317929,0.974659538636449,0.9697185361359407,1.095853505837403,-0.7913602289366702,-0.03489940017363694,0.7863357504463511,1.0687648196351347,1,1.9013874668871702
Jackson State,2023,-0.38422128019313784,-0.49926016974773696,0.8096881116884261,-0.8787048706849577,0.7071080203809674,0.9613792968399989,1.5990826230812383,0.41223756121987865,-0.08566906268339515,1.370541674090007,4,1.4329110260664326
Jacksonville,2023,-2.7140510335956907,2.204829611997584,0.4576111964869587,0.7665298033335294,-1.4497829474505843,-1.7707951081866284,-1.6707037823291078,-3.008878078810002,-1.2257152754578138,-1.441898049387673,3,3.6273644094570914
Jacksonville State,2023,-1.599200299484927,3.0887128988603747,-1.3732828836504565,0.6809765126378533,-0.2849910712760291,-0.1665413868140854,-0.6036352006843518,-1.1809182788453518,-1.6202350844586297,-1.1216604385429272,3,2.250024875582704
James Madison,2023,1.7135884584213346,-0.1707308653830289,-1.4101926230720294,-0.682577636422812,0.7996925219488512,0.8380270149025301,1.1115787416631449,1.1939372490270896,-0.32325121236844573,0.9534792797310255,4,1.948826320768677
Kansas City,2023,-1.2416421901431693,0.3524747033939654,0.8117857846942848,-1.860504170196897,1.067316906185068,-0.4701031812091405,0.8888047746180109,-0.18192155895059844,0.5106909891576231,-1.227844488454606,2,0.6790740987286394
Kansas,2023,0.6580386063173742,-0.8358474289847972,0.16563518878538178,0.38186316886326377,0.02683292087117258,0.5155392770347849,-0.8210010228712463,0.593748232490592,0.02124912084833918,1.1428769524306328,1,1.3280084533602965
Kansas State,2023,0.7906556113967343,0.24593024833592061,-0.9487667604498385,2.037683738132368,1.6128296772507,1.4477640496046507,0.23358722448526642,2.242530386265674,0.604129891289395,1.9880153088705261,4,2.840213999817018
Kennesaw State,2023,0.3961407659665443,0.6402910342083117,-0.9500620155076507,-0.09027519455465507,0.6832487156341338,0.4336895973729207,0.7033826651926902,0.8687416018147186,-0.9086904289392999,0.8134896955617514,1,1.5302939870963308
Kent State,2023,0.20018652934191625,0.8439953466917418,-0.957890635136304,-0.8192235952316012,1.008320308921609,0.4664294692376663,0.16137957610328985,0.9806575079350046,0.7821087524927709,0.26451093411361565,1,1.4158226088940769
Kentucky,2023,-0.38773376530834924,-1.3865768977321504,1.6275083106719714,-0.044046335490694276,0.2750422178560291,-1.0671750549530568,0.6454382559972778,-0.04762247160625685,-0.6105758364236455,-0.5907401889845331,2,0.7743259936347394
LSU,2023,0.30027393126751095,1.1215649696186607,-1.3042372476507147,0.5789715556498044,0.19715384140924702,-0.8808162579966228,0.6669668326444966,0.015462757580491164,0.4312679223456166,-0.3434830441901951,1,1.7813415774122787
La Salle,2023,-1.206093248097103,-0.7459277527423561,1.7876765381974775,-0.5783402392848317,-0.5352967597348707,-0.02466860873352089,2.007577598314059,0.7824064742362139,1.6697783227446084,-0.09232526082767234,2,2.890550910133258
Lafayette,2023,-1.7340080647694573,1.783220499505301,-0.05149455070059062,2.523145288602546,-0.9443228383307744,-0.0901483524630122,-0.5423775598862275,-1.0455000324398045,0.03181661573228959,0.031194960498157755,3,2.6725969093108626
Lamar,2023,0.9899503310482426,-0.12996297909399585,-0.785913302374066,1.4107807284628766,0.517375092369123,0.4164580858651589,0.8513637717532828,0.4436294531533091,0.4639715380917364,0.9261748097537368,1,1.1295203312393305
Lehigh,2023,-0.8455136819191222,-1.2210647952932427,1.8941600690724927,-0.9631675483563522,-0.26759953189501706,-0.8138718357889712,-1.5635809130216913,-0.768596519454829,-1.0310508960166214,-0.8031082888078908,2,1.9894546953395875
Liberty,2023,0.8148190710508105,1.4011064855948347,-2.031381147124626,-0.5730091205027503,-1.4188667211143557,-0.7285758538255549,-1.6678808495734343,-2.028281568041791,-1.7540900196553357,-0.833446588782656,3,3.0477546163484193
Lipscomb,2023,0.1584277330531847,0.46052224959351584,-0.5676551151718343,-1.0927921661847824,-1.9910749139741408,-0.5886129016037663,-0.773575752575924,-0.645960247590389,-0.5895520834439968,-0.4875899690703307,3,1.4894797849783794
Little Rock,2023,0.7615577844556352,-1.4068501155984665,0.5951892005877931,0.9242156830863506,0.5609858356778112,0.7996058123318439,1.034163962210486,1.4431805552455612,0.12319436561115488,-0.12138884231610397,4,0.8629561823423285
Long Beach State,2023,1.2632469638607813,-1.9976872114033106,0.6788591525318873,0.3836204221472869,0.3419590080094536,0.8920478034793611,2.3124543359268452,2.489923441899987,0.06351910038414081,1.0056322620685982,4,1.4082671446555395
Long Island University,2023,-1.5858787141539592,-2.449987416151206,3.699384423415418,2.3185529399341904,-0.12490948586796208,1.1433744669116745,0.3855536478773987,0.8348846890388372,0.8542163646420804,1.6757092797185293,2,4.464466385432768
Longwood,2023,-0.1532473040184989,0.3054910293783629,-0.1403266631433951,-0.5118275425593392,0.37836059211248424,0.7119785082232587,-0.1886640856002809,-0.6959493523241177,-0.5353056097063847,-0.2570188892621135,0,1.3912215523477978
Louisiana,2023,1.1879396958726192,-2.030484221426919,0.7778309186826843,-1.0724096058972743,1.4421804488507957,-0.36843726331335147,0.7541954547948213,0.4306707692867476,-0.23237075636647142,1.033081200141005,4,2.0066580341716738
Louisiana Tech,2023,0.7306888121597535,1.1420478939253065,-1.716620211249392,-0.08825196925628906,0.3053403572034066,0.7067698922447763,0.07361203042688247,-0.08007272955309439,-0.14975216000104044,0.8696352507098563,0,1.9868263447685537
Louisville,2023,-0.04486012497768734,0.44780065932474583,-0.3700861938964919,0.30356433895649143,-0.2750889117246907,-0.4011771351780971,-0.14349716150949648,-0.6309315401970947,0.5284888752779604,-0.8883444649274694,3,1.5500915201732453
Loyola Chicago,2023,-0.11650671160146198,0.4085461860394551,-0.26853348844920205,1.0778731023071093,0.7247052553578995,0.4345511729483084,-0.5339533342416636,-0.3727676304399276,0.18365483169642005,0.4104237101827247,1,1.0644619931570092
Loyola Maryland,2023,0.22614676452151244,0.46906509668574403,-0.6374213418410632,0.9614390782847901,-0.4551967342925642,0.3223740330327842,-1.2359721379553186,-1.317455684312097,-1.1665373041076907,0.5788012750426728,3,1.6237194700680275
Loyola Marymount,2023,0.7944076614707539,0.19658861430349642,-0.9068992091219928,-1.862047264791497,0.8694087411183217,-0.13059172359005095,-0.7233607604985239,0.2068389570461795,0.01876265146388026,-1.2064292178841831,0,1.2141969556197423
Maine,2023,1.3139950735902302,-0.6441615708031921,-0.610160955379794,0.6262210719078996,-0.6907784403391963,0.5329323339629307,-0.9914355879950619,-1.0312307544094697,-1.799001872912125,1.5803444029596156,0,1.5930957758328894
Manhattan,2023,-0.02278424542869409,-0.3996566018581499,0.38774227638352676,0.6517519768531395,-0.5858339779196503,0.6464987644937674,0.771133051328865,-0.3783213520970238,-0.021020858687462455,0.9232854478513782,1,0.7047704548509351
Marist,2023,-1.412365802042739,0.2917468781235238,1.0236499372576904,-0.6306353080112991,-0.5666910746257198,-0.8636278252676309,0.29052874967537434,-0.7472441426292461,-0.2270870089244966,-0.9055000512227238,2,1.0789778489360426
Marquette,2023,1.3757383049634686,0.7031722636679563,-1.9035507455465868,1.7900533531855658,-0.9207663195208626,0.7020141993948584,-0.5013959404462475,-0.06467876301955447,0.5045971477142465,1.472264209299514,1,2.5854880687976456
Marshall,2023,0.330352375227867,-0.8053256164255335,0.4372560721136667,-0.012875318839262035,-0.12185540834094515,0.6516682179460962,2.086916866289316,1.5675007630349023,0.37053263595996455,1.5329408092490444,4,1.1638036062480188
Maryland Eastern Shore,2023,0.046056330270807265,0.18047157347180706,-0.20779805914113847,0.4805747216084577,0.974976263616038,4.080911323105599,1.2419982349752807,1.3886709256763872,-0.9002364330321396,3.662689467477576,4,4.238419188518438
Maryland,2023,-0.0532527691922561,-0.9433363481102812,0.9147328001052333,-0.22864545985057166,-0.5278612622254175,-1.0276992285898225,-0.9611211396528812,-1.6306167379832224,1.0607063448878284,-1.540880583648776,2,1.8011298172866956
Massachusetts,2023,0.34186721581144963,-0.30609697616521886,-0.03159419318292099,1.1990998757370257,0.0351817184918967,0.9592506983596291,0.6454382559972778,0.9843599890397353,0.8844465976847122,1.077866309627564,1,1.1049363459381105
McNeese,2023,1.7526950825016467,-0.18203095953058981,-1.4355782203902057,0.14442924326693274,0.09710134975864404,0.5973889566966489,1.0921774947241494,0.2861975086587453,-2.0461371509936024,0.3718113283966606,0,1.7522127855922098
Memphis,2023,0.08748563283597326,-0.3296010127969145,0.2225945832315626,0.8364095666828825,0.8605341841459808,1.4568105931462254,0.844811596251956,1.9829443871750965,1.851539234748557,2.106334678772112,4,2.0840504289412456
Mercer,2023,0.16414233192466918,-1.3672687952145082,1.1051377671388953,-1.7368243318088383,-0.3062623769789023,-0.34797484339788515,0.6847513090052416,-0.8876986048102053,-2.0098233958469365,-0.775803818830602,2,1.973006081553083
Merrimack,2023,2.148834050256986,-0.8263966733263978,-1.206249036045685,1.822373330128804,0.1662034086477992,2.0629290104317164,-0.5339533342416636,-0.05469084462438029,1.304921657277688,2.867826008138723,4,2.7758714446737582
Miami (OH),2023,-0.5090957712056078,-0.22180853209685972,0.6691586726980723,-0.49072890973353084,1.0081916197993215,0.16315486670107335,0.4207922388089081,0.0442663776293441,-1.0310508960166214,-0.07498908941352107,2,1.698531316280773
Miami,2023,0.40908078122617336,-0.4734993526047069,0.06062972729928618,0.373186641554613,-1.1235979041903026,-0.44954285497829005,-0.8317794933929109,-0.23878983277822607,0.5361743261026519,0.21460377398196684,0,1.6005811119697881
Michigan State,2023,-1.5429634445411906,-0.7185695559939381,2.070599773724466,0.40491464278706946,-0.8629154987342229,-1.3964692398663685,-1.1114808034300965,-1.072359849908675,-0.05695034129289384,-1.381052903327171,2,2.2190105476167648
Michigan,2023,-0.4368127413774201,-0.7954965675536512,1.1297408387446075,-1.0624036217561343,-0.872104944269306,-1.3833732911204704,-0.8718138124733774,-0.09693278813744999,0.866648711564375,-1.382425350230792,2,1.7347707427281698
Middle Tennessee,2023,1.8431802878643193,-0.7528975506877668,-0.9942306729733926,-1.950312777558019,-0.4608901056649272,0.7692732839865642,-0.08806502739808135,-0.5195970154073043,1.3431466626952315,0.6862264372260471,0,2.125674118809318
Milwaukee,2023,0.5777863239685451,0.5592653904284653,-1.0417754523582203,-0.40108709001331655,-0.39099361437022756,1.28492626585631,1.3978241230884838,2.1893492940340793,2.219288056710031,0.9232854478513782,4,2.3373872576867765
Minnesota,2023,-0.3381386375808821,-1.7295276162683728,1.8970064009028387,1.549080435235037,-0.8464292640932329,-0.9741248928111484,-0.8040634263372027,-0.7940090034009392,0.9511886706359782,-0.7236508364930293,2,1.4690132921149959
Mississippi State,2023,0.20437068093021166,0.39575730779900814,-0.5502081220710613,1.6064702926898555,0.7041246439075847,0.8552154476315219,0.8625960726127009,0.3747128162266065,-0.2344842553432615,1.3858000543714324,1,1.2360814314848085
Mississippi Valley State,2023,-1.1054072729540276,-1.5491238401468443,2.4329883138287247,-0.6388071867852836,2.4100017510705096,2.705836704786276,1.4079866810089101,1.1021662060084556,-1.4920161465333648,2.9709762280529253,4,4.633812324438732
Missouri State,2023,-1.2647128087687949,1.0922658415931787,0.1537106783631441,-0.16209727308087182,-0.8913852480645421,-0.12140004833390555,0.12211514777437021,-1.041532104859176,1.38349527952486,0.4766163646731228,3,1.9850180985815182
Missouri,2023,-0.4515159810793617,2.0634373609080066,-1.481481777006991,1.4785240418368268,0.7187421871708354,0.5973889566966489,0.32906178179032297,0.3881427249610399,-1.4328381751832426,1.2993358994433508,1,2.756623647827115
Monmouth,2023,0.3391192971113775,-0.9165765162937407,0.5313742461905125,0.6869106460396331,0.5940067259701486,0.9583460440054713,1.2005011234668745,0.5325142438562094,-0.10133381980548635,1.3858000543714324,4,1.1964043384679808
Montana,2023,-0.9776934377977529,0.20427974303116408,0.7064782891349544,-0.6586825300766848,-0.4359705214837425,-1.1576404903688016,-1.8069474316424246,-2.037369476207951,-1.2646481513460517,-1.8952870878994452,3,2.625942197327118
Montana State,2023,0.4353386873079869,-1.6710199348882377,1.1360125572407727,-1.8316198797670245,2.5626585132516535,0.01298224391093722,-1.004773945265622,-0.35050225543283897,-1.3440712181580583,-0.9487321286867642,2,3.6689220823029207
Morehead State,2023,0.7618614182126893,-1.085347115569987,0.2997531139499937,-0.23614627057111512,-0.18681700102405768,-0.7234064003732261,-0.34674831991802196,-0.9912502695257117,0.5106909891576231,-0.7424316888583603,2,1.6844488876981079
Morgan State,2023,0.9160180627498221,-2.118216003479886,1.1070234085813198,0.7923850816647849,1.0777041846951514,4.0006986370369715,1.78738884337149,3.201708604824999,0.8751027074715353,3.605046697525521,4,4.4569178776440435
Mount St. Mary's,2023,-0.5483408745618921,-0.5646821051987653,1.019822907921367,-0.4836346158757619,-1.1361339631956011,-0.10577420039845949,-0.8641149049579031,-1.1269951604419413,-1.1181189639121365,-0.3094214074003451,2,1.4105416061667324
Murray State,2023,0.07181246371496816,-0.0972989603206701,0.023659601987946657,-0.11360647375984807,-0.9805125205811642,-1.1683318600088446,-0.16890355631056264,-0.9011285135446387,-0.4321924778084434,-0.9382516250591182,3,1.5235540565888746
NC State,2023,0.06464358779694795,-0.42654855475449405,0.33248520288683886,-1.631889468037744,-0.3517418223233456,-1.2933386434924192,-0.3305806141355252,0.014547081984962395,1.101054961717457,-0.7286415525061938,2,1.8765392744295846
NJIT,2023,0.6668963243616965,-0.5668730193828304,-0.0893985944293801,-1.393482122681974,-1.4633035871087783,-1.4247795996552957,-0.9744357208855258,-0.6661051106920409,-0.13788491975703246,-1.2064292178841831,0,2.483866296670346
Navy,2023,1.0296233537347634,-0.43006671714722716,-0.5466782942832776,1.2829610595435226,-0.7681180628100198,-0.19870687496190548,-0.45907132851220617,-1.0089212020710185,0.0902159295646474,0.25873221030889854,0,1.3654346824268246
Nebraska,2023,-1.06431562527435,1.1433338664941488,-0.07641921814229784,0.9001957728240024,-1.5077671317721446,-0.28658758365148734,-1.0411897778138155,-0.47105167431097195,0.6975687934211677,-0.6413040222758082,3,1.3834291470233615
Nevada,2023,-0.6084377273710604,0.6826341387394851,-0.07033234377486691,1.3565303141047693,0.583623473425833,-0.3253584845439495,-1.9005499388042455,-0.5459427693839463,-0.3769785810942143,-0.5604018890097678,3,1.01108047174942
New Hampshire,2023,0.42977967580401505,-0.2769003974802582,-0.1387869490783437,-1.5255885085934182,-0.4214573543693139,-1.3697316778434925,-0.40602990778717546,-0.7183325335481734,-0.781880490331895,-0.9295178720360794,0,1.928885256279407
New Mexico,2023,-0.12409896348766361,-1.2385635421876071,1.250551447786869,-0.7857265253883295,0.35112714731785016,-0.5026707379588087,0.044510160018389054,0.7440353064235459,0.03181661573228959,-0.08409057940595034,2,1.3651776100265485
New Mexico State,2023,-0.6940624468602298,1.2296250520307543,-0.49420513957113243,-0.9517268743580375,1.2628541199370968,1.1130419385663948,0.3349899405772392,0.7776100782596314,-1.6695500605837326,-0.5932683806490969,0,2.344019201696215
New Orleans,2023,1.93582627454539,-1.538639054989057,-0.3575913213143477,0.04971302427573455,1.6629664338487236,2.5224934223437008,1.378345887074334,1.5397573989387714,-1.4328381751832426,2.019870523844029,4,2.741549140992961
Niagara,2023,-0.4510254322880723,-1.1936374365843903,1.5082536138237268,-1.2789689934047266,0.16082494078944254,-0.5812464304341982,-1.2783161292904284,-1.6125939167378756,-0.9509604084751015,-1.190282783723944,2,2.2905747429540604
Nicholls,2023,1.3751355084035315,-0.13382854344586875,-1.1345841532390204,0.000526916183191532,0.6592273117686352,1.5925087462698428,0.589276751700185,0.9172104453675646,0.04349647849876146,1.472264209299514,4,1.870986905358521
Norfolk State,2023,-0.8689085881477324,0.8803614524484735,-0.013678668549351215,-0.07335086904462983,2.6720835900573285,1.4669214359279856,1.4526222295221547,1.3602311189446434,-0.08566906268339515,0.9297440215154739,4,2.2314338752058873
North Alabama,2023,1.5430707888878668,0.11123808204183075,-1.5131323415656788,-1.1493672992305939,-0.546071251289881,-1.3747575353665895,-0.34674831991802196,-0.29501552724056973,0.32381318489407784,-1.1671678885050756,0,2.042929082002681
North Carolina Central,2023,1.0665424945650281,-0.617538071766771,-0.40832816520365034,-0.01727705523320434,1.1261761164881348,2.8809950192626674,0.7965394461299312,1.2236749040819104,0.570758854813762,1.7604780590597853,4,1.8376665104232146
North Carolina,2023,-1.0549918820692998,-0.7925136479275143,1.6922755222718957,-1.938800305271151,-0.15965736349973172,-1.5589780583950157,-1.1551336090428372,0.11832364947831832,1.0607063448878284,-1.3312705110958516,2,1.9736224037988228
North Dakota,2023,0.8574714458955219,0.4503832205102208,-1.1975639695562927,-2.239889504538997,-1.3470927756558468,-1.4136576725953605,-0.8447136580189075,-0.874268696075772,-0.6783190404691802,-1.9863019878237411,0,2.9147818361467244
North Dakota State,2023,-1.5597883929868779,-0.03193867011531889,1.455617724985563,-2.2268166729008456,-0.9313718921733071,-1.808991625362165,-1.1597529535521214,-0.8931345202503346,-0.6973405312602909,-1.5745679167376396,2,2.767165571215237
North Florida,2023,0.14444775289292672,0.779271891284595,-0.8475022872647423,-0.09925990740020875,-1.875507573319854,-1.121454316202504,-0.1969843084591084,-0.8322118766179362,0.23037428276230598,-0.8031082888078908,3,1.8445597466717965
North Texas,2023,-1.081384830982027,0.011943785365983782,0.9778709922858329,-1.2881617609405809,0.9770505325229762,-0.1050948157056139,-0.671508323027296,-2.08500416393878,-1.0777703470825073,-0.43245340650749625,2,2.201711777991682
Northeastern,2023,1.2110804120810936,-0.8472914564958927,-0.3295690552082072,-0.005215997736067724,-0.08745886343253631,-0.3957204898673062,-0.36650884920774024,-0.6399913992639729,0.05647410379484054,-0.5452327390223848,0,0.8614369315086825
Northern Arizona,2023,-0.6229679827995258,0.2580178579878149,0.33277678416529577,-0.4208739067781102,-0.10538390094122153,-1.0276992285898225,-1.5269908420402514,-0.8797627496489484,-2.1268343846528603,-2.038704505961973,3,2.325765691998735
Northern Colorado,2023,0.08897628171633028,-0.6252822636806534,0.4926840818975165,-1.136339786732991,0.05808690319204608,-1.1042658834735122,-0.5601620362469736,0.07589734688544718,-0.9002364330321396,-1.5539812131833342,2,1.7501281853180435
Northern Illinois,2023,1.3097773642690191,-0.020377085167594657,-1.1789746231095373,-0.1849572156014733,1.1162193648479475,0.778319827528139,0.19614622162053832,0.79351391755041,-1.6384037598731416,0.319408810258429,0,2.116356318748382
Northern Iowa,2023,-0.999295458131533,1.730576500038827,-0.6749975953405456,-0.09072853485953891,-0.7841632466209649,-0.2464068318174802,-2.4162146600775487,-1.0690023727250657,-1.9654399173343446,0.21460377398196684,3,2.199328693783292
Northern Kentucky,2023,-0.15964825422515175,0.9005716424840402,-0.6807921163107684,1.5878517230978184,-0.6233754437811764,0.6422283464244528,-0.0838473650200384,-0.7011396552166537,-1.2707419927894286,1.4221400615151187,1,2.1761516549011954
Northwestern State,2023,0.762408278309749,-0.6133601015872714,-0.13405845339987438,-0.44282811801383537,0.2111887000722643,0.6145773894256408,0.3646307345118153,0.25048616043308897,-0.6783190404691802,0.5211585050906187,0,1.5613014891005925
Northwestern,2023,-1.3968753677217598,0.8046159459488443,0.5386416183870429,1.1453349179937977,-0.1363421820112429,-0.810425533487419,-0.5499994783265474,-0.6501171241034287,0.655298813885366,-0.20212101311730013,3,1.740262425937534
Notre Dame,2023,-0.9719811645264536,1.0329284264612522,-0.05949275779819072,-0.12097141673475856,-1.3111803847798544,-2.414679254859962,-1.3121913223585158,-1.235277433246632,-0.19010077683066978,-1.711812607099673,3,2.186021326138635
Oakland,2023,-0.9351885355416494,0.4560521999495147,0.43646935937814507,0.5361906902284799,-0.7484225489599214,-0.04103854466589372,-0.1096219684414091,-0.12890876131467455,-0.6550705517244894,0.4292045625480558,3,1.6912927480544153
Ohio,2023,0.3414243878196264,0.46393654339263785,-0.7381247872578215,-2.0538298837407676,0.3968843721286288,-0.2792211124819193,1.0760097889416527,0.6836007171185937,-1.0777703470825073,-0.19937611931005944,0,1.0126339810164848
Ohio State,2023,-1.4302767031831842,-0.7894315237976001,2.0326125681551366,-1.0510079175953906,-1.020937612743262,-1.3506334192557248,-0.49495228959090515,-0.8731495370145663,0.47565140085820834,-1.4098742883031985,2,2.10127415815306
Oklahoma,2023,1.3432590524494183,-0.8432977869084567,-0.4541017994690578,-0.580494692398533,0.00311087271693184,-0.0720552653798627,-0.9083633628889456,0.15382615941025557,0.4639715380917364,0.47110031013225623,0,1.068185095973494
Oklahoma State,2023,0.03311199901678808,0.3763803218453235,-0.37581716637829626,0.7487374620718965,0.22371528397315701,0.8724038803605136,-0.32896384355727576,0.6500259452825083,0.919486185984127,0.031194960498157755,1,0.32465610851252424
Old Dominion,2023,-0.0651498801693895,0.018344938808913035,0.04273240234680217,-0.05485210902843697,0.9725000966986639,-0.5424755295417361,2.1056373677216804,0.8783343937678876,1.9122745211342083,0.19805561035936706,4,2.07342482318024
Ole Miss,2023,1.1813926990249537,-0.1828617795675915,-0.9124071802649641,1.2711294720958535,-0.1793333372985501,-0.554236036145784,0.6136134035622581,-0.17255596470158405,-0.5895520834439968,0.4923371201145922,0,1.460577852416179
Omaha,2023,0.5811886273004736,-0.4126406775808656,-0.15262031944645973,-0.3874921991265479,0.039886171333149804,-0.9495699889125886,-1.271541090676811,-0.41765179910500977,-0.5007851264188126,-0.6605182789264928,0,1.2349284617951284
Oral Roberts,2023,-0.7733537813427633,1.6269628941348542,-0.786479070027564,-0.7686917336479431,-2.1633607460752478,-1.0887144443377583,-1.007314584745728,-0.41349492259197,1.1202685887791857,-0.47661039384136805,3,1.8294995947837653
Oregon,2023,-0.5692357741279485,-0.3582850210005077,0.8494450293172389,-0.30749741288552845,-1.13387404842406,-0.74643396575178,-0.15273585052806588,-0.8095609539916779,0.6168715597619098,-0.5452327390223848,2,1.2000841135230564
Oregon State,2023,-0.0994571357760429,0.2339422667068647,-0.12382735563159677,0.7247550354009795,0.04297132976972651,0.2045104943196999,-0.1943099511116288,-0.9986552317351733,0.14805905945574488,-0.20212101311730013,1,1.5611311791127818
Pacific,2023,0.3648209562416937,1.1450077569342183,-1.3847819504632572,-0.27630536266776934,0.33802109591158447,-0.5413447115990399,-0.03551998360496814,0.6097362190792043,-0.5229768656751088,-1.0856337073228934,0,0.7615743040900814
Penn State,2023,-2.2139650691870716,1.202421528920557,0.9205932403403216,0.42193796783388166,-1.6013137171374,-2.582471098166784,-2.4660650862402456,-2.0426707559715425,-1.15174281127016,-2.1304089127038766,3,3.7360261576455907
Pennsylvania,2023,-0.27630651487959873,0.6538413154196341,-0.34760510383613324,-0.23233818105789597,0.050768307972404454,-0.06723044215769024,0.7677455320220563,0.4754371317348627,-0.1309228054805475,-0.3338759158648522,1,1.137866720519309
Pepperdine,2023,0.7942472679053643,-0.7508408298463078,-0.036957250770569404,-0.09197618541601657,-0.507850846052303,0.4899612521404519,0.5202449026683422,1.130145182538528,-0.9113323026602878,-0.2930456204821474,0,1.4359500801489593
Pittsburgh,2023,-0.8598140315443414,1.4401893246013282,-0.5359494030989844,0.6852775016452419,-0.043914875353655965,-1.1527060120733972,-0.13656814474557039,-0.2479465887335214,0.9800091112285706,-1.9863019878237411,3,1.5349656159324108
Portland,2023,-1.2136897589318163,2.6696238437257227,-1.3410519557411835,0.2342738617926686,0.9149044047606661,-0.20473790398962197,0.4239123223809688,0.7776100782596314,-1.7681800128339362,-0.8014228276981815,3,2.068304661536709
Portland State,2023,1.76418547406226,-1.1506813527242015,-0.5568078671195452,0.31414753266820616,1.1444875939549395,0.5400941809333435,-0.44555096636661073,0.7253826554034989,-0.33804570520597627,-0.6413040222758082,0,1.6063571708648998
Presbyterian,2023,1.2760360648986528,-0.6657133914620669,-0.5556647893955386,-0.9530671617901911,2.1255592466334607,0.6154820437797984,1.0011277832121965,0.015992885556850328,1.0713244019482575,-0.014312489463990606,4,1.3449486793220145
Princeton,2023,1.6401488230815395,0.47595907071654453,-1.9367371574776917,-1.3467596250831226,0.5378403022110844,-0.8851133661788704,-0.3689789153689544,0.937090244481037,0.7530481415619075,-1.0496069761028595,0,1.8968932704335923
Providence,2023,1.778215484228666,-1.0960751886721367,-0.6197687714167976,0.1610695654856552,0.10598746334558351,-0.6139863022989451,0.17831717263733352,0.7664184876476016,2.134748097638428,-0.14722313697248673,4,2.732096173659381
Purdue,2023,-1.4937012574060087,-0.5267393309924155,1.8494423240815971,1.4417146697558596,-1.1460293825719692,-1.2260795589007134,-0.25395974760108686,-1.1565887340365917,0.002870868876251477,-0.6830741454294713,2,2.269175281092696
Purdue Fort Wayne,2023,-0.32443414919949226,1.3834972057329804,-0.973462916162074,-0.7108296328839385,-1.1390861895202455,0.10629087872546295,-0.7193754436669842,0.005390326029667071,-0.48599063358128197,0.5390003148376835,3,1.4924471088891471
Quinnipiac,2023,-0.6349603379826793,-0.07515173833037717,0.6496118434146136,-0.45176064514266634,-0.5450694359853451,-0.36843726331335147,0.5509442963862972,0.4850299236880316,0.1903290389915465,-0.20212101311730013,2,1.052980804282442
Radford,2023,1.4241163361564184,-0.4841550416037036,-0.8577529426508168,-1.2582263541734982,-0.4168711271989725,0.01298224391093722,-0.9514205161833834,-1.4651846803908721,-0.722702518981772,-0.31466165921416756,0,1.312997634275138
Rhode Island,2023,0.9632507055974683,-1.145086287102036,0.17044346747247288,-0.45964916275012146,0.5705088310677319,0.3259926504494139,1.5065813218860273,1.182274433547188,2.4729079339248425,0.44076201015749095,4,2.02502818861531
Rice,2023,-0.01125764068932772,0.7786418968799319,-0.704544342086911,-0.38478128730899475,-0.8569762339975905,-0.027644960721224264,-1.0257919627828669,-0.11364750138917978,-0.5128897114677012,0.10979873770550465,0,1.2453587863978426
Richmond,2023,-1.2465513311970542,1.0785579685756517,0.1496881485577291,-0.25628449934702147,-0.04285303119888048,-0.6058013343327581,-1.6450150942524744,-0.9347032853807242,-1.3884546966706501,-0.8046252038066285,3,1.528839833280882
Rider,2023,0.14688571700191314,-1.1213561659259066,0.8951554142640525,-1.0905800589065204,0.23516201900759787,-0.4993967507723341,0.2799427518415969,-0.6916858892338221,-1.0355003675467056,-0.7785487126378426,2,1.4380977495693983
Robert Morris,2023,1.397019804793994,-0.5164120374937471,-0.8033616316370281,-0.1396897361947337,-0.3109939863183203,0.48279940517003916,-0.8718138124733774,-0.6565123187388721,0.6975687934211677,0.7860407574893448,0,0.9203577965894636
Rutgers,2023,-0.7619755280788211,-0.12725455650254341,0.8135900381706543,1.9330769949251214,-1.0477851356107823,-0.18390344007569348,0.21912138246934826,-0.33035739233118694,1.464192513184118,0.502817623742238,1,2.23209362147352
SE Louisiana,2023,0.043710293392354105,-0.8308071181929821,0.7227598073850195,0.013462939911381791,0.20521720564493154,0.8647645769254063,0.24606755877350953,0.6843468231593924,-1.9161249412092427,0.5115513767652768,1,2.366260371597686
SIU Edwardsville,2023,0.5896302519464267,0.034492154672502696,-0.5708334061046056,-0.5557054947225728,1.5687274158602544,0.44269306213572546,1.0582253125809065,1.3920284028599927,0.3425009653204324,-0.055269194429923826,4,0.8166439546312878
SMU,2023,0.37992623387741736,-0.11081023446446937,-0.24568056391754883,1.8849708496886552,1.015997278709513,1.10399539502482,0.9636867803474684,1.7230049694336143,1.678677265804777,1.836323808996699,4,2.47293652372071
Sacramento State,2023,1.2212127609826813,-0.8725431401577585,-0.3156517285875769,0.2062895474778535,-1.237279162134105,-0.9948027066204611,-0.6275558414034844,-1.8465234047186216,-1.451525955609597,-1.3795359883284333,3,2.1355337142592776
Sacred Heart,2023,-0.1279677559813922,-0.8085697168584018,0.8593298135339889,0.009462904892568022,-0.9152887017005789,0.9602558698642484,1.3526571989977008,0.47916766193887134,0.05647410379484054,1.6964305368908363,1,1.4500384276962255
Saint Joseph's,2023,-0.8464285562602188,1.5061236556840902,-0.6087208497928387,0.4936690307290097,0.24481101904209437,0.3191000458463097,0.6864450686586466,0.6608977761627628,0.9089186911001766,0.4292045625480558,1,0.7153793482880065
Saint Louis,2023,0.9309538745272801,-0.5740284693889366,-0.3242880438582504,1.3395385191048774,-0.3148261494047349,-0.22765581429494394,-0.4356707017217516,-0.0046821055211570236,0.3868844438330249,-0.31466165921416756,0,1.451903545639771
Saint Mary's,2023,1.0801008175852191,-0.8081737603342618,-0.2457114774977355,-1.6441404219618645,-0.013626079807957396,-0.9686682475003575,-0.44555096636661073,-0.9235116947686944,1.1907185546721883,-1.2177317217963506,0,2.3808332386913786
Saint Peter's,2023,-1.663025578427848,-0.6683192048520915,2.134253821557253,-0.5114405318271811,1.3886229843863738,-0.07520188922041049,1.78738884337149,-0.40334602675745923,0.9291347682694734,-1.059005253812434,2,2.1769374513669617
Sam Houston,2023,-0.42501229617178743,1.4713037089111258,-0.9621040767664236,0.7995788268020306,1.1666291807498794,1.0497161337753729,-0.5713943371063916,-0.432848801093975,-1.1712092492142798,0.01602581051077463,1,2.6080955374301387
Samford,2023,-1.229132038940132,2.513820856282943,-1.1838950834986988,-0.1735386972181866,1.5366669451478685,-0.03586909121356494,-0.2531458127562011,0.31286455231802734,-1.6384037598731416,1.0475280096527988,1,2.9695634522086474
San Diego State,2023,-1.2406762553893713,0.19913025857908487,0.9516816303787294,0.17353330678496653,-0.29544692765533487,-0.4993967507723341,0.8388834374650398,-0.646919526785707,0.8243787320285734,-0.31191676540692687,2,1.4492117385533185
San Diego,2023,-0.2740784832423697,0.5661831644236476,-0.26916717554741454,0.060693332861970345,-0.21607204079871833,-0.4945820637334009,0.050787034028063435,0.12388952074526172,-1.4954972036716072,-0.49437147141763116,3,1.2800225561234246
San Francisco,2023,-0.17213880197014378,1.6725809150680462,-1.3781199333267191,-0.6705536753914597,0.9158708234043712,0.42550462940673367,0.2855886173529448,0.7253826554034989,-0.4366756574561801,0.4795276156808024,1,1.6845048754505352
San José State,2023,0.005105905820998535,0.4896730779427164,-0.45421726835226006,-0.1852143367933183,-1.2484160146530787,-1.3792808071373768,0.8092426435304636,-1.0287126465217618,1.2301705355722699,-1.6980881380634698,3,2.7820237244341173
Santa Clara,2023,0.18328421047840093,-0.3887604125940751,0.18930655487101133,-1.0042095591752735,-0.48710364294031716,-0.4945820637334009,0.929549395382569,1.0797830247844,0.2276260797584303,-0.05357381884309819,2,1.9101529007665854
Seattle U,2023,0.44323978208730824,0.5738689685757626,-0.932150814238654,-0.04790984408048139,-0.31437031695256357,-0.03586909121356494,0.10254371445871752,0.7192960008601158,0.13693538063053334,-0.07498908941352107,0,1.311405669084742
Seton Hall,2023,2.120735718249153,-0.6827344906438938,-1.3124456919286245,0.7489289447168229,0.2926964511008152,1.0230072909383436,-0.27899793378184723,0.3315452524373522,2.6419878520680493,1.4173663331547006,4,2.4715510409067303
Siena,2023,0.9076431316205108,-1.42154487761114,0.47509700115755354,-0.5213161321237862,0.1582625545181128,0.02444119906359759,-0.1773723545775851,-0.03617843910072256,1.2048085478507888,0.09981730567917448,4,2.1464828459634395
South Alabama,2023,1.395625378112444,-1.2053967510066643,-0.1695585359532161,-2.6089961501264503,-1.3587295895819433,-1.3714678831696532,-1.3814814899977856,-1.157517680292927,1.1817521953767158,-0.3094214074003451,0,3.0523052058320057
South Carolina,2023,-0.5491061716669512,0.43967575510917184,0.09846382178637594,0.2730884932595229,-0.23163045337866794,-0.1806137878787572,1.1696122961034734,-0.16071643989622814,-0.14338132576478385,0.28907051028366376,1,1.0791892186489382
South Carolina State,2023,0.2951239206510471,-0.3822447414474873,0.08105671901257647,1.1333567611371131,0.9354500934263336,4.114406730474917,1.4590600490192571,1.9423963934961341,-0.7363589739087232,2.137373093361678,4,3.5642424128466375
South Carolina Upstate,2023,-0.7999674127537639,-0.25344618362311755,0.9641816902171072,-0.7178859866356463,1.706345807918028,1.28492626585631,-0.06219669814608679,0.5190843351217722,1.2745540140848624,0.924657894754999,4,1.7372286319097947
South Dakota,2023,-0.5817566313797218,1.0484326880396586,-0.4305543044383027,-0.5979291093284691,-0.3535543758218046,-1.6562055566600187,-1.5719011358805188,-0.9943917686448778,-0.3873606813310782,-1.505945571556622,3,1.5097136339297004
South Dakota State,2023,-1.0463705541519273,0.560915590676476,0.4418653393930229,-1.3520499893037503,-1.9191870718470654,-1.362092374408385,-1.3604634724805407,-1.5021169294105667,-0.14571729831807806,-1.381052903327171,3,2.2637233724074517
South Florida,2023,0.2670979842277834,0.16076704410629933,-0.391832281168146,0.8295396140105606,0.8619679486180335,0.8145060016944368,1.356817310427115,1.1610693144928177,-0.003222972567125257,0.8654982098042063,1,1.223035743405606
Southeast Missouri State,2023,0.09416460852266473,-0.25445192058568405,0.14749598385752344,-0.10683051087372139,2.2992561717534694,0.8786542195346916,1.3185253756790978,2.7524171126184744,-0.39184386097881485,0.7910314735025094,4,1.405498207209225
Southern Illinois,2023,0.6141655671600187,0.5423326365332722,-1.0594959787145588,0.9899854890019877,-0.7922199137165608,-0.07452250452756491,-1.3168106668678,-1.6306167379832224,-0.7953300292751042,0.21460377398196684,3,1.5166876897505577
Southern,2023,-1.8105646598833731,0.8119796193250806,0.9101656334216967,0.8804506470243728,1.341165770036058,2.10615138513035,0.6412781445678635,1.1618546892726092,0.15510405604504515,1.344169164961616,1,2.9566316170124574
Southern Miss,2023,-0.56710804675183,-0.3491266722582254,0.8390915039926279,0.947671973263798,0.23898748835936293,-0.03586909121356494,0.9636867803474684,0.07960824271996132,-1.2646481513460517,0.9868514097032672,1,1.6358245439215038
Southern Utah,2023,2.0851644452416367,0.05045358159593979,-1.953027995917107,-0.6668186913761827,0.9168682882699103,0.6464987644937674,-0.7193754436669842,1.051004648924897,0.06351910038414081,-0.31191676540692687,0,2.1730166147275614
St. Bonaventure,2023,-0.6416852540244704,0.5943511424703346,0.041118662966628666,0.9412460623064884,0.9540184513088286,0.3078995633662656,-0.10338180129728755,-0.1218403882965511,-0.470417483225987,0.5621152100565519,1,1.4745660073913944
St. Francis (PA),2023,-1.4109632773897856,-0.1769336223769067,1.4526433835764636,0.1221096794099852,-0.030742664767740405,-0.4148187484550739,0.10774385374548548,-0.22590254661892212,-1.2257152754578138,-0.5772565001068592,2,1.3306352081809845
St. John's,2023,1.3030408076154325,-1.3514507161511593,0.04918834687107746,0.8952696376535357,-0.7919905981571063,1.3995158173829199,1.10988498200974,1.9591222871580638,0.7398387729569693,2.542772794123379,4,1.716562065645343
St. Thomas-Minnesota,2023,-1.3749638412304324,0.8625626852532264,0.4654068836612157,-0.8445445716242843,-0.09592747835173171,-1.1902080471184697,-0.6668688944114483,-0.6123854757543036,-0.5895520834439968,-1.381052903327171,3,1.5761723979422912
Stanford,2023,-0.7618094137342186,1.049021541413245,-0.2664516794780391,1.2244895277877679,-0.940208854910869,-0.21515513594658683,-0.08806502739808135,-0.9285987814105285,-0.6742841787862178,-0.6238365162297317,3,0.9345473902248563
Stephen F. Austin,2023,0.09607070472620008,-1.7454964406696167,1.514618543150024,1.2876506288566636,1.6153207042678341,1.876972282077129,1.27361508183883,1.6505541459978519,0.25373400829524895,0.5755988989342258,4,2.1363587297850892
Stetson,2023,-0.49987666466282277,1.136140234327891,-0.5859473179936078,-0.27253956393384066,-0.9638098139005488,-1.447129883699185,-1.1517298815096801,-1.1396861029062963,-0.7507341896213041,-1.3795359883284333,3,1.3020668761181529
Stonehill,2023,0.3474488100800137,1.044622435814107,-1.276737015271375,0.9324128132295362,-0.9318136647829185,0.4899612521404519,-1.0358967788969269,-1.0941834516021298,-1.1332496952232471,0.3914622726984968,3,1.986635927951458
Stony Brook,2023,-2.7548175685840612,1.267719948574093,1.355209920180083,0.055810400594692076,-1.2308706487848873,-1.0870774507445204,-0.6312999416899571,-1.1529393023152794,-1.3440712181580583,-0.8910893587347101,3,2.692937450255906
Syracuse,2023,-1.0146984797740017,0.5083398807347773,0.46117143077201705,2.9939863970784355,-1.4257158907263028,-0.22110783992199481,0.6356322790565155,-0.1672799291273425,1.2048085478507888,0.7036939432721236,1,2.9202320164674633
TCU,2023,1.8306770347970078,-1.6664558700204197,-0.14409786190008442,1.4931533134034094,-0.11716074351291902,1.1302303712953865,-0.2756104144750385,0.8414021447481929,2.2066070628492906,1.2128717445152704,4,1.6585066154093493
Tarleton State,2023,1.003355065886171,-0.6029163949366027,-0.36397208990518043,0.8337708373914438,3.302288921206857,1.3030193529394596,-1.0955683772125873,0.3658773499539512,-0.19010077683066978,-0.04465078943875584,4,2.433077104600996
Temple,2023,-0.9059849440891485,0.7375370592211526,0.15134565489863963,1.1354727626887895,0.5718608816716145,0.03650325711903058,0.7203202617267339,0.6238729651154512,0.557410440223509,-0.014312489463990606,1,0.9925583201429438
Tennessee State,2023,-0.43098271972341873,0.25445717513302923,0.16049121468763655,-0.8093442634587181,1.9915659021747707,0.23452204352904946,1.2538545525491118,2.0795651194589446,0.894828697921576,-0.2570188892621135,4,0.8636248951848816
Tennessee Tech,2023,-0.6242375268006105,0.950075700819326,-0.30141164421286704,0.8575502534629239,-0.5544171830684533,0.15048970574286896,0.13343254182211872,0.5392291982234242,-0.012566862780302128,-0.45876858409430316,1,1.3116254446044469
Tennessee,2023,-0.7387401836442642,1.0046879275708012,-0.24684572896823379,1.684010898268858,-0.23511822015366152,-0.12452521792099575,-0.04441222178534061,-0.39414945881974844,0.03181661573228959,0.4923371201145922,1,1.7212121035799886
Texas,2023,-0.6614094571037478,-0.807421289421104,1.3460633585854036,0.16420733507600108,0.6842877080882245,1.0230072909383436,-0.6177498644627222,0.9582743267109489,0.570758854813762,1.0605301382134127,4,2.127366872191292
Texas Southern,2023,0.34992179480786917,-1.8148423848722828,1.3461565367683563,-1.2646525973394063,2.0099202417744775,1.7915327041844813,1.1508917946711088,1.942124532995437,0.2770937338281919,1.2598961094761563,4,2.467769335685111
Texas State,2023,1.258482967861769,-2.680837624537668,1.3103872110171482,-1.9758380870606687,1.0990878044976229,-0.6214271822682054,-0.49225767196048903,-0.8431357258277633,0.5361743261026519,-0.3094214074003451,2,3.3093720221408303
Texas Tech,2023,-0.38443157962752716,0.9519638803296641,-0.5224276063436462,0.06510355936975605,-0.517579805352923,0.4526442600314567,0.8326432703209182,0.3906166555173852,0.13693538063053334,0.44076201015749095,1,0.5362842132002262
The Citadel,2023,-0.012861039564449075,1.0003419974683945,-0.9066117447416983,-0.46332645360142016,-0.1641958054979362,-0.3957204898673062,-0.6233957299740701,-0.8936674531366215,-0.09147082458046596,-0.03285256167079118,0,1.1872193505556907
Toledo,2023,-0.2669779843596443,0.2125139816868438,0.04902887552508874,-0.6144854146850505,0.13878290253267286,-1.0068647646758941,-0.21124754764567247,-0.05216642568933484,-0.23237075636647142,-0.6962018984206225,2,1.2975904387482629
Towson,2023,-0.020329147975473572,-0.11740785395806888,0.12637654075181487,-0.23051721802190178,-0.8298158733262835,-0.296409545210911,0.8625960726127009,-0.32364243796396835,0.20935052978265722,-0.5164113540463572,2,1.558035031475967
Troy,2023,0.5327162014791903,0.15689730036738972,-0.6311652995677234,-0.4249018631814362,0.24836514212719488,1.044288207650429,1.0048718834986692,0.6500259452825083,-0.32325121236844573,1.8469422139878668,4,1.560534825968745
Tulane,2023,-0.6279066706890922,1.0118519433498345,-0.354770699588788,2.156293370679909,0.3603246251219513,0.6317658221546325,0.29349282906883184,2.264972470598213,2.0734566273115163,1.6163711341796496,1,2.5012470521611525
Tulsa,2023,-0.004394369803450552,1.5275011058683636,-1.3983165054843214,1.246622330139297,-0.7729191944208433,-0.1625207007956077,-0.6088353399711197,-0.36569925742180415,-1.2646481513460517,-0.3783720891611755,3,1.778886774745494
UAB,2023,0.21616402334774254,-0.3486030204263507,0.12237389316224281,-0.5835978426885794,0.5781112165883848,0.5687415688149968,1.2983157434509767,1.5302445469185444,1.4003072032038726,1.4002107468594462,4,0.9184815720937008
UAlbany,2023,-0.37326776639538956,0.8164475695065534,-0.4082241316534101,0.6970031345770915,-0.08075607642481245,-0.4568349173481647,-1.2478284555291497,-0.8272640155052494,-1.3736602038331194,-0.29544740256348284,3,1.0805456639827815
UC Davis,2023,1.3720503296673145,-1.5051771284530884,0.1272146851661888,-1.0632924866806714,1.3934673658779246,1.611506487707149,1.0937942653023989,0.8749769165842782,-0.6339355619565885,0.8381937398269175,4,1.6738234260517444
UC Irvine,2023,-0.4521537988646298,-1.0474880018416772,1.3751117358717995,0.2176222805403251,0.6416180707397294,-0.012019112785778196,-0.42758684883050324,0.22210021697167423,-1.158467580741765,-0.07361007577830443,2,1.4815046976462136
UC Riverside,2023,-0.49678980882145896,-1.310695378003883,1.6575673060063876,-0.5099993021772854,0.18613318708557366,0.15540068652258143,-0.16043475804354015,-0.18966311035140196,-0.9509604084751015,-0.6138550842034015,2,1.2294958739039155
UC San Diego,2023,1.3527239355600729,-0.15124189456104495,-1.0981041739531547,0.25601736464011066,-1.1944980935626506,-0.2811309383406964,-0.9988457864787057,-0.4497343588594902,-0.5846205858314866,-0.833446588782656,0,1.2319052283037506
UC Santa Barbara,2023,0.8176110802037001,-2.009212568294162,1.0969368840107938,0.04246589896123297,-0.16028255929764915,-0.9964475327189293,-1.2359721379553186,-1.984677968254667,-1.9654399173343446,-1.174062956681159,2,2.6031209173451346
UCF,2023,-0.12642340134937705,1.1096210278594412,-0.9030929536013027,1.2539278418007649,0.2745728482347334,0.8325990887775863,0.9449662789151037,-0.01228060651563963,0.23037428276230598,1.320572709425687,1,1.2491325053815021
UCLA,2023,-0.7780705538069598,-0.9007753856834133,1.5384446706903387,-0.07839143235800855,-0.6495530000703924,0.35824554481502785,0.6275316894097989,-0.3712310276099011,0.5817858059970152,-0.05652229812453363,2,1.1877602938375489
UConn,2023,0.3131337411206557,0.11295088346157314,-0.39003012027251505,0.47297320674849486,0.04452416584197707,-0.04103854466589372,1.2792609473501781,0.3251500578019088,0.9089186911001766,-0.09232526082767234,1,1.2353955577660662
UIC,2023,-1.0550540604290555,0.6041608975838215,0.4101039753574974,1.5003894656588332,0.042058601257575025,0.30273010991393684,0.22912996223946586,0.3123596685310182,1.8388582408878165,-0.47661039384136805,1,1.7790953611944362
UL Monroe,2023,-1.4543782430649757,0.1316372988058847,1.209056703517076,-0.1991151543143832,-0.636765289337298,-0.8138718357889712,0.25230772591763106,-0.3869043764761745,0.9778854998164849,-0.46938698908547116,2,1.3879747226523098
UMBC,2023,-1.0833302938824985,-0.06923859971971262,1.054180103185892,0.1919926796682278,-1.3277244529998873,-1.3236711718376988,-0.1584420996277703,-0.760904466464519,-1.02555449000887,-1.104706682674676,3,1.8304808500242673
UMass Lowell,2023,2.6258280057153716,-1.6430947184878268,-0.8926438870624926,-0.9950376586824413,0.6983684662691959,0.1269686925347756,-0.1595433055943803,0.058403123665590986,0.9778854998164849,0.3800854102079595,0,2.746207197755216
UNC Asheville,2023,-1.251567468146003,-0.2356500664445205,1.3607943411760235,-0.5833746205081378,0.9002892362906789,0.38457978957580097,-0.22818514417971617,0.17486298386895494,0.655298813885366,-0.4491614557689613,2,1.17018189578007
UNC Greensboro,2023,-1.0823088108796737,0.9194363056444793,0.145585020012935,-0.26080612787865237,0.1023729830024689,-0.19870687496190548,0.6267177545649131,-0.13597713433279798,-1.498245406675483,0.4104237101827247,3,1.9185823915537992
UNC Wilmington,2023,-0.7519846686052185,-0.5989612953901609,1.2375084325426493,-2.112388830668965,1.1339378435760616,0.8756778675469882,-1.125877760484034,-0.26001025134129446,-0.6550705517244894,0.4292045625480558,2,2.5934809821346274
UNLV,2023,-0.5171890836024103,1.1094860475817871,-0.5456464647711889,0.5472710234326966,0.6246529430776967,1.044288207650429,0.6669668326444966,0.834687190380978,0.7419522719337593,0.4923371201145922,1,0.6309600725205968
USC,2023,-1.0850819991940988,-0.7008405670481817,1.6356292043957321,0.26859695646025056,-0.25815015634523975,-0.48302681483996124,1.5333248953608334,0.5745626485842581,1.6697783227446084,0.40175562447564905,2,2.756607920565201
UT Arlington,2023,0.3883941187469461,-0.12972350266829513,-0.23606025776321585,1.622257512112545,0.7167162192590174,1.2668331787731606,0.2897487287823592,0.23864663562773308,-0.2368202278965557,-0.2570188892621135,1,0.7443062433730098
UT Martin,2023,-0.03575366706892731,0.4811560858726322,-0.4090355089367252,-0.49099045598173974,0.7076712997468885,-0.22765581429494394,0.6491823562837504,1.8687901629324069,0.653185314908576,0.14648050040226585,1,1.2324038798470263
UT Rio Grande Valley,2023,2.0907597307370853,-0.42894929658219705,-1.518024713231376,1.5755499487337077,2.214444418168361,1.3804175587951522,0.20654650019407425,2.0646429986429062,0.40167893667055543,-0.12892384492421563,4,2.1573801552949745
UTEP,2023,0.8876479438802249,-1.0128496742727195,0.11817498085190993,-1.306397189209602,1.1839562129358647,2.6600008841756324,1.0251969993395216,0.8719391991324441,0.23259901852734813,2.4604259799061587,4,1.8711056519973521
UTSA,2023,-0.4393265821476111,0.3564661976103771,0.07447076863903375,-0.9973847985723393,0.34931562718251813,0.07355100686071607,1.160697771611871,0.7280473198349336,0.6975687934211677,-0.7785487126378426,2,1.6945318317794344
Utah State,2023,0.13471998708184257,-0.10811164351441671,-0.023937400814909606,0.6690311791667439,0.039542868339111685,-0.5485065585694525,-0.32981072338397827,-0.46145888235780685,-0.40145067450967875,-1.0255891552895038,3,1.393373732629259
Utah Tech,2023,-0.11903369342806748,0.47132705412060866,-0.32385926024809814,0.1871601127392418,2.1242680139801355,2.1443479023058867,0.09786358910062634,1.2610867926992604,-0.9446199115447313,0.867015124802944,4,2.7851550613399665
Utah,2023,-0.1092041420873479,-0.07611489676213631,0.16973596307739577,1.4850603929310104,-1.556711276512104,-1.023234700608267,1.1268225785437835,-0.35593817087296814,0.8243787320285734,-0.7236508364930293,1,2.7738605491029764
Utah Valley,2023,1.907315032284018,-1.6146844567635388,-0.2617060739095621,0.22593172606637846,0.3505875829698492,0.975534476734463,1.2894235052706042,1.9560845697062297,3.183043590126313,0.34823019523445653,4,2.8476965007769888
VCU,2023,2.8724365618387138,-1.266748792506619,-1.4636542404995514,0.32922280515269003,0.32358060906505764,1.1539667783973275,0.12750438303520248,-0.09693278813744999,1.6275083432088067,1.0605301382134127,4,2.589368532750754
VMI,2023,-1.740490110626344,2.975469744932053,-1.1401213590117367,0.583779136136413,-1.8643855197143804,-0.8862441841215666,0.21486672305290175,-1.0972758647975596,-1.1712092492142798,-0.8637848887574212,3,2.2049043481312434
Valparaiso,2023,-1.0176202063421242,0.2968812090125682,0.6579744556795319,1.119831361813642,-0.5928265559793631,-0.5321366226370797,-1.0411897778138155,-0.46145888235780685,-0.7396105107960926,-0.4491614557689613,3,1.1637600150453995
Vanderbilt,2023,-0.44201692026659994,0.7027234359846827,-0.24095341030839315,-0.8153174554977024,0.38775088627883086,-1.7107720097679282,1.889014422575752,0.5393890780893118,0.1903290389915465,-1.4922211025204186,2,1.6565674303225126
Vermont,2023,-1.400724288427463,1.1818857552019635,0.1958055239831982,-0.48051124471290335,-1.0885274582416515,-1.7707951081866284,-1.9275906630954376,-1.8710663665871068,-0.7325655142067923,-1.313803005049775,3,2.1682125897093476
Villanova,2023,-0.8041743358153238,1.743218225913636,-0.8650253989565485,0.35930009532736196,-0.6519410614582007,-0.9339441409771413,-1.7856741345601932,-1.4688473827729909,-0.8760272629343622,-0.4404277027459226,3,1.3281961642994764
Virginia,2023,-0.8356758339432245,0.07167882425969331,0.6983504054141864,2.3853820102626946,-0.9131516707478884,-1.4495971228468871,-1.6239970767352294,-1.7069230376106885,1.7062842141618924,-0.3356226664694604,3,2.2137602694562046
Virginia Tech,2023,0.7139772634329253,0.1398438286228922,-0.7812573187284655,0.7367052648369438,-0.9006785926593167,-1.2620869476215257,-0.9126180223053921,-0.6844186226026316,0.2133853914656196,-0.650037775298847,3,1.7034939963438334
Wagner,2023,-1.6210484545482824,-0.8746761702202285,2.2853169359672054,0.6412541502749315,0.449749167433223,0.658054013387207,0.5947827815332337,-1.1835515942834738,-1.1299862041561446,0.1837787633124195,2,2.344443193375298
Wake Forest,2023,-0.36692994736831086,1.5702088619685552,-1.106016210750849,-0.15390513462799,-0.4768473618272014,-0.5745496384618647,-1.365313784215289,-0.10143849344878475,0.4151284756137647,-0.15221385298565132,3,1.223031967111359
Washington,2023,-1.4060567104602868,-0.18929939189524722,1.4595092331325825,1.1834397253725826,-1.0263002622860697,1.0230072909383436,1.78738884337149,1.294022045071803,2.092478118102626,1.2252237666478527,1,3.333849274267688
Washington State,2023,0.1892648550988141,0.1085012018762788,-0.27267730658959516,-0.592838315249518,-1.1212224802301347,-0.8089373574935667,0.5748109096842668,-0.7851429381108879,-0.6339355619565885,-1.0692579204046957,0,1.6896180771127982
Weber State,2023,-1.0178562401966356,0.4189095600599286,0.5461611706913407,-0.3368861893170453,-0.06531619100857756,0.3109150778801239,-1.82878801664685,-1.0391581310929892,-2.3599597263351617,-0.32106641143106246,3,2.576335708441729
West Virginia,2023,-0.01914005697437429,-0.4693474762038323,0.4483902434029469,-0.38010589799108996,1.8607341259342032,0.8895923130895054,0.578044450840767,1.2678017470664789,-0.6783190404691802,0.4346943501625371,4,1.7284187371860051
Western Carolina,2023,-0.09954966094861102,-0.00509870157064686,0.09571075221946611,-1.3245048174532215,0.41732239090767825,-1.6027304326142662,-0.4534551780824978,0.0020328488460577667,0.03181661573228959,-1.381052903327171,2,1.7193459573120662
Western Illinois,2023,1.558046060537172,-0.4162995443455689,-1.0425157762262043,-1.6732769264684684,-0.980495809726527,-1.302385187033994,-0.2344253113238377,-0.8216093170907529,-0.09666187469889713,-1.4098742883031985,0,2.409555478084181
Western Kentucky,2023,-1.258178570966994,0.7333416519436835,0.47724892963772303,-0.14256919532252066,-0.6715818115599316,-0.027644960721224264,0.4454692634242966,0.2434659808673646,0.8589632607396834,0.2408050330510821,1,1.632317304003664
Western Michigan,2023,0.32169377822060374,1.0293774402730531,-1.2391903984878103,0.07020275288659157,0.1858570873709881,-0.8158821787982099,1.095770318231371,0.11357570194594056,-1.176400299332711,-0.9615416331205539,0,0.9984921081255738
Wichita State,2023,0.08697958287593212,0.47811427868280354,-0.5184722562251324,1.5955928707925626,-0.4454750723343626,0.06454754209791132,0.6136134035622581,0.4317899283479532,1.4077044496226374,0.80937235485089,1,1.4045439996877067
Winthrop,2023,-0.12849800707558073,1.2053330854961877,-0.9890651314354524,-0.7713950842676449,1.503580941609769,0.25362030211681835,-0.27186631418856577,-0.25967366214995635,-0.09666187469889713,-0.4997252890602364,0,1.0369066071687656
Wisconsin,2023,-1.284817615251718,0.18934508393126664,1.0010285751066348,-1.036652592926643,-1.318117840451406,-1.4815929067147073,-1.8711320079819587,-1.551839567701152,-1.0777703470825073,-1.4098742883031985,3,2.671797805960035
Wofford,2023,0.6161870386212002,1.224547363114027,-1.687657213004029,-0.9354428274234171,-0.5359281894725408,-0.9839468543705722,-0.22225698539279992,-0.8205490611380346,-1.4328381751832426,-0.6893396639025203,0,1.7883025815299585
Wright State,2023,-0.2620558194643355,-1.1047339272560224,1.2538381023533731,-1.883246765788204,-0.9906266280256949,-0.07452250452756491,-0.49225767196048903,0.756244314363941,-0.23044939366029912,0.764830214433394,2,1.2541291290310528
Wyoming,2023,-0.2733571741605868,1.174624801252334,-0.8284115360753993,-0.6396352508379063,0.03813631412190043,-0.7053133132900778,-1.0955683772125873,-1.065468186216006,-0.33025913002832835,-0.7727699888331255,3,1.137919541724711
Xavier,2023,0.4237313728441922,-1.1279422893929079,0.6480496357520142,1.552195019106118,-1.0129931998530812,-0.6132745659540583,0.2718421621948802,0.4754371317348627,0.466002818572862,0.018663923552058693,1,1.7789176360545718
Yale,2023,1.059240114366089,0.5032853573059857,-1.4306317958020196,0.10046243733702073,0.8796938980846014,-0.6058013343327581,-1.2804333288571834,0.11031148801743396,0.6420894452804279,-0.43715254536228304,0,0.7596572337303747
Youngstown State,2023,-0.012571227078341638,-0.6595092166999833,0.6169631267450916,0.07788309572254759,-0.7030998561717082,-0.5745496384618647,-0.6862701413504438,-0.08007272955309439,-1.2795134312306524,-0.4666289618150379,2,1.26805961151989
Queens University,2023,0.6559840075135519,0.9135920975648378,-1.4385732104596112,-0.1309748917521274,-0.15791405192225244,-0.6058013343327581,-0.32896384355727576,0.3747128162266065,-0.012566862780302128,-0.31466165921416756,0,1.1063624814765063
Hartford,2023,-0.5544126067409896,0.4755132505543814,0.07041520972479821,1.8543901676535754,-1.8151576408020158,2.1443479023058867,2.3209231341938676,-0.9347032853807242,-0.19010077683066978,1.7604780590597853,1,2.060436262686014
St. Francis Brooklyn,2023,-0.4651526503901622,-2.007189239478442,2.2680596110375397,0.8115550332928922,-0.20995283293036818,1.1635961524751939,1.159701442403986,-0.030159432385009795,1.5852383636730052,0.8619289980424691,4,2.9618967874751827
Southern Indiana,2023,-0.5728429222217395,1.0745249600959148,-0.4626593689107982,-0.6745655554315236,1.4877103714151845,-0.12633452662930997,1.1321712932387453,1.800757072632972,0.37053263595996455,-0.4087103891359407,1,1.0734892378348242
Lindenwood,2023,1.0176510517285289,0.13833415597960852,-1.057555659843208,-0.40922257872446105,-0.20917385238569133,0.2174341279505206,-0.3654688213503866,0.13262104035588523,0.4172520870258505,-0.13566568936305154,0,0.870740177344622
Abilene Christian,2024,2.416817521043364,-2.488241157372376,-0.3160084326676816,-0.33246422581072715,1.2060759368468241,1.7065150977974226,0.10213106154289893,0.8878499416416471,-0.6384295954125115,1.1620392466766374,4,2.2157717259466385
Air Force,2024,1.170062156407535,1.3945082848030337,-2.276819267775128,0.9409410990830324,0.44769765599906614,-0.6076470860421002,-0.6737838787540051,-2.2127886084098027,-0.06820949086491945,-0.7302187879757106,0,2.461471140141203
Akron,2024,0.018734235112780172,0.7785235827816701,-0.6543610809942418,-1.3576860067264618,-0.31681661876096295,-0.650481338002591,-0.548370130178401,-0.6114078968068504,-0.727036288238123,-1.5414725167034269,0,1.6162340641805442
Alabama,2024,1.0610351367168205,1.2540070317922556,-2.056035007054665,-0.4074088492241777,0.9661626706521272,0.3074482967502116,0.9537227821507819,3.0224230849826483,1.8459494474491196,1.3874492946916508,4,2.749259433089777
Alabama State,2024,-0.7344913963846127,0.5236026925111203,0.28609674696226584,-0.8022227093558577,0.5788680794761986,1.145744894461844,1.935545427912298,1.5496330341228317,2.0264838176001843,1.124470905340802,4,1.8033574540391226
Alcorn State,2024,-0.10453485949593812,-0.9087661555307438,0.8441860365298992,0.034219774473544205,0.5771264376734685,0.4070894710968082,1.4278960030787518,-0.30806265187765575,-1.1051546886383243,0.06482268942708837,2,1.662501998744149
American University,2024,-1.1968169476381079,1.7015617445621976,-0.22704984335943712,0.7370614753289991,-0.9472928823462697,-0.549236742459612,-2.511909048717058,-2.691754784613792,-2.338491022353662,-1.2907779863288358,3,3.089737141874981
App State,2024,1.969814214193029,-2.270602084479381,-0.059347422420930836,-1.4263819127146506,-1.8730034018607704,-0.7799575996104384,0.5793962501426815,0.48204589305419693,2.02178497782913,0.3223868178207129,4,3.8708428286111767
Arizona State,2024,-0.02381003368989533,0.4304617128162814,-0.32859692954291614,0.4658230970295576,-0.0632684271915775,0.17393893999023827,-1.1105209603077264,0.36715766075543216,-0.07456882288589618,0.5421616146353511,1,1.3417056622878651
Arizona,2024,0.16630892964877583,-0.4869827791712975,0.23626891726449628,1.0958616066888442,-0.25079066701151437,0.5030344472309657,0.26355551899704155,1.494051805312693,0.8261438397215556,0.8764344699303426,1,1.0295989931550882
Arkansas,2024,1.5763309269199863,-1.2753170098433615,-0.4901431219096402,-0.9942672617254561,1.9388109738481525,-0.11407968277007714,0.25198020424301176,1.5860814937848695,2.402390999284595,0.026536129801008005,4,2.077125651652982
Arkansas State,2024,1.7801103666034537,-0.8012919282545945,-1.0755598733632912,-1.2406153180117399,0.19428352831618537,-1.2000948566644767,1.1068998796477034,0.6526985889833546,1.2545315694982695,-0.4440073454303315,0,2.858025891192888
Arkansas-Pine Bluff,2024,-1.033723928283365,2.0392691370847853,-0.6615297360083745,0.6959315418115088,0.6973473102085496,-0.14644874817203868,0.8113159493216134,1.0631636733109961,-1.9322886895137643,-0.8684122014585988,3,2.026992425444709
Army,2024,-0.7419302574693358,1.3538831401313551,-0.38511519363036806,1.2304457299424407,-1.1733127139923791,-0.6660574296245871,-1.4013750918643806,-1.9454586495982737,0.15436712986927134,-0.6367922549168559,3,1.1911574952254853
Auburn,2024,1.2893557670227642,-0.8710660467008945,-0.5415189889936792,0.34460660248905306,1.6446709062772202,0.08585985046109013,1.2628122824570691,1.875485622806464,2.946113887078117,0.8802766866578707,4,2.182374552075086
Austin Peay,2024,0.40938885708329403,-0.8558013442259256,0.30135944584605434,-2.346594779123999,0.7668986268912225,-1.9900252174943143,0.7431042730925157,-0.07786185401217362,-0.4243320840396238,-1.4776310524465441,2,2.610426561757619
BYU,2024,-1.6661561990677647,1.6217585244089443,0.29436977161609346,0.6546825390075736,0.11773776637629509,-0.650481338002591,-0.23914386460649092,0.4503004604453286,-0.896194519996108,-0.742675659050224,3,1.494130549419981
Ball State,2024,-0.1066994743425849,-0.011666759803474758,0.11324796898078762,-0.5569083319775437,0.0672365711640786,0.07705194150817597,-0.3887042806347349,0.03682599868783761,-0.22895927250627854,-0.5520163267708593,0,1.3320254149769046
Baylor,2024,-1.0215432617302866,0.2949291527968224,0.751973724404512,0.8126886746339831,0.7732098910108846,0.033893187638893055,-0.4938007891951221,-0.08584462361557359,-0.8116154041171151,0.5886524370384478,1,2.191923110778527
Bellarmine,2024,-2.3284937276720314,1.3169220019991041,1.1872692081063805,-0.3970031244654681,-0.9703837436449597,-2.3660418043065796,-1.0303993088640244,-1.6263799227181925,-2.302322321484356,-2.606534993574365,3,3.636867555616602
Belmont,2024,-0.4869226093720946,1.3434838568901815,-0.6244920025715437,1.0555422836911736,-1.1249699066598187,0.14991737011865278,-1.4065970383699578,-0.39784771380172856,-0.7885483725137535,0.4192106793544347,3,1.4966216636538292
Bethune-Cookman,2024,-1.767074994426416,-1.3650443329140918,2.8330561448036127,1.2769466248033137,2.605927735616609,1.8066471153674009,0.9920170565250133,1.574385808086863,0.2879131023097857,2.6019942244567558,4,4.645062173050827
Binghamton,2024,0.3022545611227488,-0.8907781015272558,0.43407724937689907,-0.7299617274666695,0.19240441697903954,-0.7244677732070754,-0.7575526039476337,-0.4094716727115432,0.5522228394316369,-0.6835055214462832,2,1.4128655301977895
Boise State,2024,-0.19580502893490012,0.9747208764763432,-0.6061407896213682,-0.3904422772785419,0.462593749666844,-0.549236742459612,0.26442584341463776,-0.4268759669050015,-0.33530143574594734,-0.8236453210345642,0,1.1108908966091906
Boston College,2024,-0.5672848562226276,0.5019964431463149,0.14122247567429216,0.3159668188552718,-1.2722414221728822,-0.7566357885133725,-0.7278953534132439,-0.8356195995805995,-0.33723688462189694,-0.23329795272064577,3,0.6271569847688042
Boston University,2024,0.5045081715399616,0.834353285080678,-1.1721662985210548,0.5586733450559367,-0.07944938789700423,-0.22505933557680313,-0.9485452973891068,-0.6572624105752152,0.16104442849129677,-0.09180414540687351,0,1.4149406237663251
Bowling Green,2024,1.784694192586933,-0.7750644628365552,-1.1014465874910222,-0.923120794030806,0.05556152418077907,-0.20656272677568302,-0.07543584165665669,0.45382773073520377,-0.5155884985406421,-0.23972948941672595,0,1.3548021651316735
Bradley,2024,-1.2473980676821694,0.9740893571741154,0.4165520738929123,0.0818681575851681,-0.611560660192586,0.4694042494107457,-0.9270482842744822,-1.154607521447499,-0.7885483725137535,0.3923151622617345,3,1.4564088586156283
Brown,2024,-0.5818961388118987,1.20637713250981,-0.4201418673143767,0.5750222228379812,-0.43625313366946905,0.10787962284337749,0.35657144112762873,-0.12288096165925261,-0.5050161090557679,0.24102787861529446,1,1.4759181195969489
Bryant,2024,1.24620980262017,-0.4319555679180909,-0.8583879925346962,-0.936083127888894,-0.7210159220651378,0.5158930522798736,-0.8190768609385842,1.8000000625413646,2.3775147887319505,1.1090015883201638,4,2.1100001287637724
Bucknell,2024,-1.0588944164356056,1.587876087974015,-0.2682189032240611,1.038140014250667,-0.4481848623760647,-0.33603898838353047,-0.8575963957503099,-0.699589654053709,0.034175754672808666,-0.2693145582186969,3,1.1313771678833175
Buffalo,2024,1.0551373513517448,0.03897752927986139,-1.0574715054222095,0.7291701297891124,-1.4668011021527871,0.2825698170761883,-0.22701734438798535,-0.30806265187765575,-0.04100568166407393,-0.09180414540687351,0,1.5641627344981874
Butler,2024,-0.25967527966698006,0.10194598067494065,0.1691087993862943,-0.03633717421336764,-1.900801925539044,-0.5659254120546088,-0.38292974719735096,-0.38868597278907113,0.4087404107083465,0.31675156662033754,3,1.6630283104855557
Cal Poly,2024,-0.04079375177097834,-1.4975446810863937,1.2633334718942095,-0.7877904122081315,0.9629732793040706,0.422321972462438,0.3065495452262907,-0.08937189390544471,-0.21956159296416833,-0.38765483342657836,2,1.8256790885046463
Cal State Bakersfield,2024,-0.47766434224390053,-2.0583795392457955,2.1462555350354053,-0.9265802240463084,1.9520747758096875,1.0194981994700645,0.25804346435226583,0.5048891673124312,0.6906707969716542,0.45763284662972137,4,3.0059426519443457
Cal State Fullerton,2024,0.28788132614303424,0.07920708210846823,-0.3445504919042307,-1.4780640681596324,1.3066171725791433,0.2743491020534678,-1.1304431006667006,-0.09995370477507017,-1.1076423096935888,-0.032634007802932755,0,1.9282138806202886
Cal State Northridge,2024,0.008252643530646843,-0.5869374498755635,0.4715793325776224,1.1435538436859778,1.3283384518525405,1.3269742938263644,1.5864486337431776,2.03596878621157,-0.058092371740637784,1.1453896408573472,4,1.794109292972366
California Baptist,2024,1.7297175933936575,-1.7124749308660305,-0.28202654128948074,-0.4792447818163047,-0.07228927179964367,-0.4049808939149825,0.4950618140776144,-0.6575830715106581,0.1725779442929776,-1.597953102598098,0,2.118789793481035
California,2024,-0.9206317051087606,0.36421363070891444,0.5972709034723421,-0.4465119763443483,-0.5512439509155171,-0.6716203194895866,-0.4868713490702614,0.8273824509580845,-0.2759476702168305,-0.38765483342657836,2,0.9192064631644221
Campbell,2024,0.4841815907995537,1.288863138873143,-1.5237995699161888,0.31319255796883794,-1.590458855127019,-0.15983445190969187,-0.2716939978245873,-0.7536125832302054,-0.9585159738016811,-0.20080176730886998,3,1.8396680027835919
Canisius,2024,0.5613335315938267,-1.1726102671108658,0.41253753494745765,-0.016992837015612664,-1.476932214969855,0.5534797439612963,0.5777426337492491,-0.5742112282954459,-0.7501033198414847,-0.06490862831417336,2,1.3972457679367776
Central Arkansas,2024,-0.5033595593115613,0.80862079449052,-0.17146498991743808,-0.2359320212791638,-0.47304864614686054,-0.5395016851958636,-0.8712387309961299,0.27393694595161133,-0.39929221420702743,0.20404654261283134,3,1.2004518980222596
Central Connecticut,2024,-0.01922647956491972,-0.1476853300922751,0.13936599781142367,0.7439488685795276,-0.764445915687623,-0.19012129673024203,-0.4695477487581097,-0.40604238215194494,1.2746694542313628,0.4998972306325362,1,1.4787107079927795
Central Michigan,2024,0.45506883086412997,0.3739588717426519,-0.7479102480522739,-0.6004079469410634,-0.6687614503139208,-0.8607585748995472,0.1495430202919462,0.4196689026648415,0.5104897230439764,-1.0727827425248417,0,1.5767470228487017
Charleston,2024,-0.5553968065902349,1.3108327822376844,-0.5312532319747973,-0.28968347714961923,-1.5496500372546893,-1.147247402946988,0.7604278734046674,-0.23079863600421924,-0.5578780564801381,-0.6975936494472215,3,1.193881274576264
Charleston Southern,2024,-1.2802868831171068,-0.8367587043648693,1.9282096848644086,-1.8547885400809052,-0.23895796290998805,-0.46333917836771726,0.7859037562166553,-0.0507794072044696,-0.5081256353748487,-1.7450874019875775,2,1.6554651155297027
Charlotte,2024,0.45763456182056894,0.09416163807426654,-0.5217749594224659,-0.4325342286942107,0.6341455195340799,-1.5032723543069142,0.4367500780986738,-1.128617108785268,-0.4243320840396238,-1.1039249202111274,0,1.3031646305389066
Chattanooga,2024,-1.6075512303001387,2.476332909415924,-0.46088973304569164,-0.6173017215450222,-1.020335277295591,-0.5210050763947423,0.5066371288316442,-0.410353490284011,-0.6424571723591302,0.3815569554246547,3,1.1536831327224244
Cincinnati,2024,-0.09705395692005378,-0.568605851547567,0.5589609892230496,0.4222045713470823,-0.8725315076172281,0.9666507457525755,0.4832502684102384,0.3033308650338989,0.8517738748364018,1.0493342226691311,1,1.0312876347282856
Clemson,2024,-1.0587336193047385,0.8710848815738438,0.31733264268590344,-0.8504690034552299,-0.3887708773402389,-1.5171795789694114,-1.5609345684236728,-0.8858631184094543,-0.7592569038110724,-1.4583525614978916,3,1.7606086948894162
Cleveland State,2024,-0.34689445748544484,-0.6763193220585392,0.88982804720211,0.00814663754134384,0.1103716967833518,-0.1527544102633295,0.8919297485014566,0.4807632493124256,0.1725779442929776,-0.33386379924117704,2,1.3027916135873767
Coastal Carolina,2024,0.07284743412556945,0.21748641823768824,-0.24852321140405784,0.048363920181217525,-0.2940284015783297,-0.0955830739689557,0.5066371288316442,0.9547001118973585,-0.4732989406011461,0.9436732626620935,1,0.6699053478206336
Colgate,2024,-0.18965094979208624,0.29268797051357076,-0.05481674371151177,0.916393369865233,-1.3185386480663837,-0.8477784985478828,-1.9247301749788606,-1.6719404972957348,-0.235671900750643,-0.5848886254397153,3,0.7465169361936004
Colorado,2024,1.7677068760926964,-1.2824804299313304,-0.6703123049441135,-0.26750376037849166,-0.5488972144660555,-0.5797117043287361,-0.7753469542682682,-0.3755408661187304,-0.33723688462189694,-0.36192868664225664,0,1.0873881825296128
Colorado State,2024,-0.07373984490011316,-0.51116739320871,0.48936465601798473,1.7423107739596844,-0.08082623968543724,-0.8125468627362236,-0.7986961546889939,-0.8623479831436227,-0.31622343968301714,-0.6130648814415919,3,1.1288173543532514
Columbia,2024,0.9295313154789782,0.7435138479915713,-1.511073119239793,2.082879154524781,-1.1435768676580602,0.20036266684898338,-1.075873759683423,-0.7968415349031021,-0.13498247708517624,0.3308396946212758,3,2.4787597933934844
Coppin State,2024,-1.2473863082819494,-0.4395664473920093,1.5716738085234976,-0.298651477255925,1.2346764531333168,2.678908246199221,1.6404667692619783,0.5478882717985183,-0.4451059019748146,1.7819168787179236,4,3.1225134876050666
Cornell,2024,0.37581779866200826,2.497426982344935,-2.406014482301966,1.3731851537627604,-0.7540728015940142,0.0400587239059331,-0.906102476624336,-0.07761432627253291,-0.9525805972487693,0.6379608850417313,3,3.3983003240280762
Creighton,2024,-0.8779099131200433,0.17717528667178703,0.7085778305466572,0.1304573064169636,-2.7644954726382953,-1.5524112147810707,-1.1971389618684851,-1.0504690652702557,0.4087404107083465,-1.2892950254866313,3,2.4814874076397024
Dartmouth,2024,-0.2780385464891936,1.7069449515398194,-1.1245260139450248,1.9175671760105413,-1.1072825300925173,-0.5537298458121113,-1.8874178050757646,-1.7623833252412342,-0.23257376463785942,-0.023530909710018793,3,2.001709771868908
Davidson,2024,0.2417629823331844,0.7570148864852208,-0.8535757581303782,0.17459968583892335,0.3886796620844868,-0.12089422285470014,-0.769519564689581,0.16719060823173126,0.7775816679250044,0.26633089798540044,0,1.2919544997751438
Dayton,2024,-1.5366102962261103,1.8767185153962804,-0.03988646687761241,0.6001402208831849,-0.7993844238302588,-0.8996988039545389,-1.209903719993229,-1.2474304238126137,-0.11272481501175731,-0.917071854093419,3,1.1882941350139993
DePaul,2024,-0.04999718896657452,0.6952632072890118,-0.5195181659578043,1.3056655128119314,-0.9049300381513334,-0.07268251069137653,-1.2664333631170934,-1.0538283703082307,-0.03429305341970948,0.4294565906278448,3,1.1908100901096463
Delaware,2024,0.9803406623872186,-0.294478554964412,-0.7122918797545187,-0.6929824590612591,-1.332325592452875,-1.038910122826136,-0.47561100886736374,-0.8300986547790574,0.034175754672808666,-0.742675659050224,0,1.7439245639104437
Delaware State,2024,-0.5655757310250321,-1.1655916862953,1.502188715838423,-0.15240235544489625,1.579758252618764,2.6266825272313494,2.348084890247755,0.8787600574212411,-1.5529264785859311,1.4222552579880865,4,3.1033270707018343
Denver,2024,-1.9199933447739579,0.665483922762042,1.3225019902671744,-1.5150427317938937,0.24531173774254073,-0.8218183458445554,0.39845580372444367,0.809525092598323,0.4214590747503,-1.0416405648385572,2,0.7525457135405608
Detroit Mercy,2024,-2.295816381078309,-0.04402786881150328,2.267571786144365,-0.6532679303215099,-0.30336468906565456,0.9587236276949518,0.10646196162093718,-0.37508078738526757,-0.684746730298627,0.3223868178207129,2,2.325424477499504
Drake,2024,-0.8079161735585135,0.5506917900754444,0.3353324408748732,-0.33548147549120777,-0.29073300376834166,-0.9818118956574569,-1.4871209670936352,-0.44301908035980503,-2.175913316773905,-0.6449163012698,3,1.7950761224971818
Drexel,2024,-0.1680993586097466,-0.5403626853785789,0.6049408478707919,-1.2637594574002167,-0.6835460968996334,-1.8537344158018425,-0.3865768209472776,-0.9466842201496407,0.02082115742875701,-1.85133718468196,2,2.3503731539437465
Duke,2024,0.03972551975298813,-0.34603461701144067,0.24413917656985246,0.16258406362528033,-0.5784035480955627,-1.0271395535890577,-0.7782228088655427,-0.3850212763840033,1.0952592084274397,-0.5759234530754815,2,1.6678428233524136
Duquesne,2024,0.27012393166111986,0.20399216434662265,-0.4292548057254535,1.0964701385661342,0.046692105253352795,0.6711854363320681,-0.08370392362382029,-0.4844261663713731,1.2874844717887863,0.9571210212084441,1,0.4967280510784166
East Carolina,2024,0.037065099373482686,0.6263305905019113,-0.5478185132724984,0.6631456243005551,-0.45990556372803815,-0.07708646516783427,0.03370284030989989,-0.699589654053709,-0.13498247708517624,0.6774076434443596,1,1.412440785201993
East Tennessee State,2024,0.3521339185458421,0.7972031413231543,-0.9936981070889066,-0.6770352385017888,0.26207675966195954,0.8393364254331692,1.9006357484953864,0.8238704502365672,1.1721493137719783,1.1453896408573472,4,1.6437363908071305
Eastern Illinois,2024,0.08887920869425983,-1.361891840679137,1.0264425571697853,0.08716547564779661,0.02393029930556034,-0.023543650217220127,-0.5014596440699691,-0.13355559543124182,0.7330663437781665,-0.23194394499515456,2,1.009875748233612
Eastern Kentucky,2024,-0.9986840142290441,-1.4619510561707607,2.1653442438717896,-0.8349839227023602,-0.2626070909698109,-1.4643321252519224,1.6418934186994496,0.3392951895581073,1.4322187877314476,-1.0837740993552953,2,2.8380696137209958
Eastern Michigan,2024,0.15831740752467702,-0.4679173619034179,0.22845806801422636,-1.0583359588124537,-1.2736810550368112,-0.2517766594006451,0.1367782621672024,-0.206163732392396,-0.3229360679273816,-0.09180414540687351,2,1.3956525763874055
Eastern Washington,2024,0.18574423238798698,1.380825819745477,-1.3088553816732182,1.4679786519476279,0.8532460639222408,0.7747310454101152,-0.5397539184441992,0.22659726574540215,-0.5133627323333003,0.1729043649265468,1,2.050630624510459
Elon,2024,-0.24863540382753363,1.8665290628560816,-1.2835067919164922,1.4844328579499178,-0.8658764508818116,-0.19877468096468362,0.9345756449636674,-0.7721771637032268,-1.2701232428295477,-0.20080176730886998,3,2.0230433210707495
Evansville,2024,-0.11887473248346803,0.7861361840005987,-0.526821893132655,0.4519586342058302,-0.8233501188089838,0.03221167774788225,-1.3735247105013033,-0.9942770537259391,-0.9807736358751,0.12335999133472983,3,1.0471438429455782
Fairfield,2024,-0.39696407537995404,0.6734340831966181,-0.16441986415816778,-0.17097537317836314,-1.0806989739234434,0.32099272424759945,-0.22174494429298164,-0.749738236001051,-1.6610839157713426,0.5384864508090194,3,1.339564360433811
Fairleigh Dickinson,2024,-2.0785417776076804,0.36537903154435625,1.7218384870958787,1.2291509756370909,0.07031013782028575,1.7344931615302108,1.4064962615166818,1.6713584402047716,-0.3091159509536901,1.631091037766702,1,3.41538469493174
Florida Atlantic,2024,0.3175650643681281,0.1981696280179475,-0.47061112931210475,-1.3263323365482051,-0.3367239777264737,-0.6874745556048325,0.28835976489853105,0.6513548669681679,-0.684746730298627,-0.09180414540687351,0,0.7046688389603217
Florida,2024,1.0045630623522719,-0.9770613095638108,-0.17808143470781493,-1.4830197888914536,0.9030634384762342,-0.8253583666677367,1.3384061747282776,2.818381468692787,2.594616262645941,0.2847330938909329,4,2.689572076801288
Florida Gulf Coast,2024,-0.34398648490271244,1.2822816795170169,-0.7134199610361805,-0.7380220418258975,-1.5103797319924523,-0.61566419202401,-0.733477894690305,-1.6774734702994623,-0.7071353197960073,-0.4572667600194499,3,0.9803459352648273
Florida International,2024,1.6908529619774768,0.08397373493465263,-1.7121717612777396,0.3755019620744497,-0.6562368871100005,1.9883681842906966,0.7026825390308283,0.24454302686932375,0.8047854771258498,1.7819168787179236,1,2.5996364073405958
Florida State,2024,0.4737230256969884,-0.9326672688684091,0.30163394701685076,-1.1764478960341593,1.0497650152189981,1.1251931069050423,-0.29867405477006725,1.176597479224002,0.48013836567113216,1.0109120553938444,4,1.148652356172894
Fordham,2024,0.5492375523651429,0.22718336722421628,-0.719510889085319,0.18160456251981907,1.1477444152059306,0.477811798865801,0.870432735386832,1.1028454640720826,1.7680476301921524,0.4703121618305653,4,1.3722539405704663
Fresno State,2024,-0.3981708257020594,0.678048234809471,-0.16701720780080334,0.49543592341550174,-0.906335158867418,-0.7244677732070754,-0.3300927662452879,-1.4332618743475714,-0.0926929191456802,-0.9497711406640172,3,0.7352348756853624
Furman,2024,0.7234209640807316,1.4039868647771632,-1.8504171490623005,0.5389669265994873,-0.9733299985193358,-0.3915288147868948,-0.20276430395097292,0.04466437710977882,-0.1772720350246723,0.056121198602978914,0,2.252734913380082
Gardner-Webb,2024,-0.17106769404394231,-0.8016232336722432,0.8213086138334494,-0.6123740564487996,1.1370115722608438,0.03594836639457351,-0.06533040814123453,0.750118435084648,-1.0747504312962024,-0.6177609241085713,2,1.7991589905443979
George Mason,2024,-0.4389879057537658,0.8549077753459553,-0.271858213913436,-0.5297280416556429,0.2307363781411225,-0.023543650217220127,-0.25254686063747167,-1.232578759434195,-0.06820949086491945,-0.2942283003677247,3,1.2746157790325345
George Washington,2024,0.13806064344230734,0.6458398850727426,-0.6619304373519216,-0.6681839263432473,-0.815437072491871,-1.1138700637569954,-0.6354896043797751,-0.029593944782310772,0.6440356954844908,-0.35651265574029384,0,1.5591643662996686
Georgetown,2024,0.06736358164590445,0.9567507782527916,-0.8472639740926077,0.9342972223310229,0.0312478099082395,-0.3369197792788223,0.8297222746532744,-0.38868597278907113,0.32818887177597234,-0.07771601740593524,1,1.3024786546487053
Georgia,2024,0.7683944899719333,0.6450726135842724,-1.2740050027225656,-0.14832772722225457,0.22305385921085769,-0.13257629157119727,0.9250020763701096,0.6831002995770362,0.7108086817047475,0.20404654261283134,1,1.6405922398028592
Georgia Southern,2024,1.183633159784229,0.4093542565670319,-1.4850168971527005,-1.3468669396168986,1.254228194360299,0.6442812780758913,0.8522429550590723,1.5649178720456227,1.2605729349181982,0.6182375058404177,4,1.6959693942275145
Georgia State,2024,-0.004980474221127316,0.028676495638238694,-0.018591119270759057,-1.3235311444795765,-0.46203852019028935,-1.5032723543069142,1.2217827027703938,0.8986350788688312,0.37694375060346214,-0.8236453210345642,2,1.9484978531303125
Georgia Tech,2024,-1.5389312196019356,0.8373790580938537,0.8116395416479527,0.9251901747338813,-0.855694585991547,-1.094399949229499,-0.0537813412664667,-0.28454751661182814,-0.03429305341970948,-1.317471281488508,3,1.8859554677746988
Gonzaga,2024,-0.13869000901825496,-0.7633494829065581,0.7585622000366439,0.3255491893148822,-1.3492413205763354,-1.1560553118999033,-0.772710754220767,-0.6333553563882881,-0.5578780564801381,-0.5848886254397153,2,1.4321749836271196
Grambling,2024,-0.9114075253031639,-1.6824269279249926,2.2606654341895673,-1.0210535371012535,1.1457893396819556,1.4766286741263441,1.397936364891854,0.06935526913890085,-0.05040336120618416,1.0028434002660342,4,3.0577498518247537
Grand Canyon,2024,1.6322744684123554,-0.8043500403269843,-0.9293605286950862,-0.7810241325465684,1.8705494159675096,1.4278648872870245,1.3880146665312578,1.5325311175658647,1.1337042610997095,0.7150613673741395,4,1.6152056312748042
Green Bay,2024,-1.3502082684608063,1.5227555834085762,0.06815760519350769,0.11889601223286204,-0.021138644805800317,-0.7429643820081968,-1.3305306842720541,-1.2216256569551105,-0.684746730298627,-1.3639621038916045,3,1.049935466367961
Hampton,2024,0.37769835388530537,0.6044337067515667,-0.8610307499942695,-0.0973344324594728,-1.3748217535573992,-0.8354474260138027,0.7976736140757934,-0.2022445431814254,0.11875487055180074,-0.742675659050224,0,1.9974203241391217
Harvard,2024,0.5129035698522026,0.957031400005368,-1.280570178064325,0.8324935795900853,-0.6720671881007189,0.44224139732518314,-0.4322353788550136,-0.16697184028268194,1.3939476945735327,0.8412634091168109,1,1.706176175339487
Hawai'i,2024,0.4993450156430814,-1.132167143346154,0.43974496859658674,-1.6825061668772843,0.9383819229831278,-0.05186381680266962,-0.5632526777192944,-0.615897149903054,-1.6343395313036773,-1.140729312022191,0,2.7130081955450773
High Point,2024,0.22868639945745348,-0.9759910725218957,0.5752171181078856,-2.1293632224798396,2.204339002401335,-0.7039159856502735,1.5111172202645786,1.3771887088400891,-0.6048664541906893,-1.8997805721939587,2,2.8983741572272224
Hofstra,2024,-1.7189066937720596,2.01137216754464,0.027281721038515064,0.9271373443109402,-1.6388666525503814,-0.42852203238913633,-1.2395817826332571,-1.860061579422368,-0.8539049620566111,-0.5355801774364308,3,1.9578964603256572
Holy Cross,2024,-0.1959815331622313,0.3636203272920633,-0.10662383097174465,-0.46073306386914753,-0.7412751079337996,-1.7047880396664972,-1.5306182678774076,-1.496752739565312,-0.5578780564801381,-1.3639621038916045,3,1.8657765969746967
Houston Christian,2024,1.5791506997015825,-1.9221277370013634,0.03564104530257688,-1.2911354950414793,-0.06909366371937294,0.45061090357003436,1.0213009133994244,0.7044714078039226,-0.06035384542724206,0.6913300287629338,4,1.7237315393642498
Houston,2024,-1.6859210633790507,0.2341168285472174,1.4474581461658549,0.5321903161972713,0.032645905235283004,0.03301239674360124,0.2926906649765693,-0.046036858915560926,0.6503950275054675,1.0493342226691311,2,2.252190389536947
Howard,2024,0.18585243277323815,-0.3241709196988156,0.0842345022479784,0.2544008083696663,2.644600628889298,1.79977531024005,0.9999011718373545,0.28949843252458823,-0.6573828986907171,0.1692405793163956,4,2.0292490824363694
IU Indianapolis,2024,-1.3655667637954625,-1.6182345821188913,2.649667323841117,-0.0652305105317653,0.2815750776348719,1.7593625515149114,0.5698682699709984,-0.2778289065358745,-1.1620145984729409,1.5283305747010336,2,3.348448097474987
Idaho State,2024,0.5266635579869712,-1.1383272931981516,0.4182242186529771,-1.046967807958966,0.16336270528419602,-0.4073830509021408,-1.4050221656143074,-0.9765643544347941,-0.5981538259463248,-0.218597297415318,0,1.9055151819665013
Idaho,2024,0.3867632073561822,0.2569235124765982,-0.5858828470399556,-0.0317063416775643,-0.17471649853849336,-0.1793045664371884,-1.9374949331036044,-1.7820903414356717,-0.46884740818646164,-0.5433657218580022,3,1.532492911632117
Illinois,2024,0.5258523727810298,-1.7232767447377726,0.8969893948741219,-1.4955636145209168,0.3708656232657022,-1.6895082323960067,0.47421186824737677,0.7347824773025865,0.17759251638066542,-2.111306667976163,2,2.6768340021087598
Illinois State,2024,-0.09743706034382803,0.42050483370069497,-0.24889345873763014,0.9629325298247424,-0.6824620535301943,-0.8477784985478828,-0.9372849571862091,-1.9070918499540273,-1.2425661374053143,-1.5428813295035213,3,0.9735437578047378
Incarnate Word,2024,0.12876045861331542,-0.5144046362951893,0.29517412368094653,-0.04284289769794031,1.514893117067255,1.2122359718514943,1.0641003965235638,1.5136687095986234,0.835189734467972,0.7261359920593696,4,0.7674880525066546
Indiana,2024,-0.09226657319013028,-0.9866928480524468,0.8959367611209592,0.5851692055854631,0.21211585603706604,-0.32090539936443196,0.13126620752242665,0.2755402506288255,0.1725779442929776,-0.06490862831417336,2,1.16252909566336
Indiana State,2024,0.015730571758401438,1.387136072474985,-1.148753775846097,-0.11610439671643323,-1.3725992621363285,-0.4992916660629912,-2.056540177353929,-0.8969634307088495,-1.2933486293409417,-0.4648332737795447,3,1.7238363214635837
Iona,2024,0.08261471036876628,0.1986130485103357,-0.2425953699155077,1.3282050904483447,-0.3337563921654067,0.8609558383175964,0.5871918702831501,-0.4995430390422637,-0.4370507480815773,0.7675716626503645,1,0.7761387293412811
Iowa,2024,0.8175338282661326,-1.4978901431398608,0.42929816931881504,1.582763768611903,0.5507161319475787,-1.0591683134178396,0.5525446696588453,0.508248472350406,0.5698434885730933,-0.7539461614509746,2,1.9325947354103088
Iowa State,2024,-1.8819941932331026,0.17795579183091118,1.6839370974715786,1.4846675650925927,0.3588312684972163,1.5303569187391248,0.6391626712196053,0.09841325771738771,0.20736156337741224,1.8100931347198002,1,3.037353898974175
Jackson State,2024,0.046475890589449016,-0.6852465660113839,0.5147561174423132,-0.7175034235680848,0.0793066842507222,1.0278425342675621,2.102551013377691,0.6907117775709731,0.4659743988971378,1.0448853401425187,4,0.9774361790228668
Jacksonville,2024,-0.002690067354460447,-0.3168564504790896,0.2615260703032331,-1.377372669702817,0.8632476757901206,0.03594836639457351,1.430273752141204,-0.17481021870462315,-0.41691286334848393,0.20404654261283134,2,1.8911896032636102
Jacksonville State,2024,1.618888085728185,-1.3462459615087907,-0.4735520267284837,-0.8733361830281678,1.1428081620602915,0.9293466607755232,0.2937097002890488,-0.23751724608016886,0.03915099678333761,0.8653598452451126,4,1.7925887070356914
James Madison,2024,1.2519648000453523,-0.1004085792342282,-1.1348972601969327,-0.2844068115758052,0.2214593365811937,0.18354756793887272,0.379308666537328,0.5641350925276378,-0.2118725824297147,0.7419568844668397,0,1.5495044403555314
Kansas City,2024,-2.872571227161202,1.0717039683216805,1.9165009590033266,-0.38823555049717623,0.8032494993300415,0.38532875486019513,0.05831254310627983,-0.20846913781061377,-0.6573828986907171,-0.28323694353727114,2,2.7127248488742386
Kansas,2024,-0.8709498249436605,-0.503426714720834,1.257949186349859,1.7641314438993805,-0.15156473444256777,-0.12089422285470014,-1.7268764240453383,-0.16325892418807925,-0.5133627323333003,0.7023213855933874,2,2.0680630739659542
Kansas State,2024,0.08088096724812574,0.3033118521797931,-0.3264621099751914,1.1778237350910006,1.3655854604360844,0.7922541484848615,-0.47561100886736374,1.1486999778404474,0.7108086817047475,0.7069927122463294,1,0.9739136055252681
Kennesaw State,2024,0.11468023847853509,1.3836573902934477,-1.2420930068218259,-0.7585794981730257,0.8913219753080998,0.18948230873067617,1.4064962615166818,2.0406843882033803,0.5366752078362337,0.23885250590926707,1,1.4027130064461535
Kent State,2024,0.7214501964882534,0.49181545714813885,-1.103143663938526,-0.5469903647751523,-0.5811807717537378,-0.27665513907466843,-0.903549524999387,-0.6273734360136503,-0.2907861115991095,-0.6056500772305713,0,0.9785848304309825
Kentucky,2024,0.5503305525360739,0.22414289934133103,-0.7180888731695491,0.4055676837297526,0.13225040718234748,-0.23771491001967668,0.18783729466617627,2.246423621210292,3.1814091718542614,0.7646057409659565,4,2.7121962789647385
LSU,2024,1.7040344787452937,0.3997291620858255,-1.9829961303210064,-0.8988437219518641,0.9121267813413141,0.3463885258052034,0.379308666537328,1.2439362756670564,1.000158288659195,1.3563071170053662,4,2.492450817368761
La Salle,2024,-2.1242603045467123,-0.47877070176758735,2.4560537812315895,0.4129248388713334,-0.8145325600219222,-1.297862646041832,0.3065495452262907,-0.4279898417333827,0.45707133406777056,-0.8314308654561356,2,2.424213516897965
Lafayette,2024,-1.2265905526592287,0.19717110311659675,1.0311657520188795,0.5395209318480796,-1.0670820337772222,-0.5687068569871071,-1.1524623084318832,-1.1805979341097295,1.000158288659195,-0.6056500772305713,3,1.849982396194718
Lamar,2024,0.2064822672588665,-0.28762061906087416,0.034315590221977985,1.5978242387485637,0.5583667045998556,1.0142134540983148,1.1796590009587409,0.7360093539251514,-0.6424571723591302,0.3815569554246547,1,0.9219666146653556
Le Moyne,2024,-3.2036926400869556,2.231375122287361,1.2907638972688331,1.4813254526012636,-1.2983064092620773,-0.16956950917344013,-0.40891514766557924,-0.8685067090465806,-1.2627040221384076,-0.22329334008229743,3,3.5030207675057348
Lehigh,2024,-0.47344903837757474,0.09003333789828831,0.3866367815350723,-0.06573935405626762,-0.4584916050013755,0.33248130114270624,-1.9940245762274689,-0.2778289065358745,-0.5578780564801381,0.26039905461658447,3,1.5643935512914324
Liberty,2024,1.3184216341654948,0.6116672538869028,-1.7813498945125783,-0.4253745385673389,-0.6909981009464534,0.12420016002083696,-1.2684714337420524,-1.2542010355145408,-0.2593635298484006,-0.9793562094659881,0,1.760812195957867
Lipscomb,2024,0.020584012871951666,0.11976688596552303,-0.11787270479150051,-1.1669206561816035,-1.830267965778874,-1.5513749901983747,-2.2100600624731257,-1.6899226595578392,0.18840826009920675,-1.4318337323196548,3,2.6682185086032804
Little Rock,2024,0.3209328288931188,-1.0293742124724892,0.5291717830592529,0.3459455432301789,-0.6566970596826053,0.5148050164680439,0.3974984468650876,-0.3644989765156461,1.0068355872812205,-0.4172399022285493,2,1.7230237578345997
Long Beach State,2024,-0.7470489644779978,-0.662861066077306,1.2677919605134345,1.721682339114642,0.46548290499118217,0.46574879312593875,1.597233088482957,1.4709084508415786,-0.006275126834535469,0.6413910379463085,1,2.232550456091859
Long Island University,2024,-2.176242291519864,-1.3190925677369958,3.193229482476993,1.0364863812160399,0.513112278244616,0.6246966334629402,0.9999011718373545,1.0945460045664954,0.8849421555732614,0.9697777351344208,2,4.029306501663521
Longwood,2024,-1.1460659070765433,-0.8159535994708171,1.7807429049035934,-0.4784076215706149,1.4352300259003437,0.8720816180475939,1.0877527424605877,0.5459080498813966,-0.9140006496548433,-0.07623305656373071,2,2.5922433565110903
Louisiana,2024,1.5805900648130993,-0.9629436591585605,-0.7495311192919638,-1.784632972029447,0.47784516596358384,1.217676150910648,1.1250896599754632,1.064045490883464,0.4147817761282745,1.594544776305444,4,1.5197799845674447
Louisiana Tech,2024,1.464437859388663,-0.682027198049412,-0.8661718356297268,-1.1670785909984434,0.7689613419651449,0.6682180659361664,1.2352983290201223,0.2853487027717947,1.1337042610997095,0.9001658085415483,4,1.4545234153173736
Louisville,2024,-0.5514514543839611,-0.16112177178953468,0.6676822960861635,0.23184456780562587,0.5796025163529623,0.27963384742521735,-0.8679905559376009,-0.11322295967507305,-0.6384295954125115,0.40128033462596824,2,1.8444830490725959
Loyola Chicago,2024,1.282694431021017,0.20636334810476417,-1.4154382300023196,1.2721819388004656,0.832358214494462,1.1251931069050423,-0.6929310159411196,1.2105200308156163,2.2911026889175,0.9826009847699495,1,2.232783788363361
Loyola Maryland,2024,-1.0019700366848674,0.01811780923303143,0.9591374247220656,0.47910133957087814,-0.18960471126392678,-0.15983445190969187,-1.0184323481220772,-1.4813441377727026,-1.2701232428295477,-0.07623305656373071,3,1.7452371758579743
Loyola Marymount,2024,-0.056438924170269404,-0.19479230573283776,0.214029775276844,-0.23914361311251622,-1.4691168416420746,-2.313000058479835,-1.0544740181213532,-1.9762540125005803,-0.7568877409012967,-2.65004244769491,3,3.1177672306129764
Maine,2024,0.4559477905171332,-1.606650139233426,0.869640049259495,-0.4274498136243148,-0.8057638206446618,0.477811798865801,-0.8712387309961299,-0.2727899489789123,0.6050847868560071,1.2025426146793352,2,1.5530018392256713
Manhattan,2024,-1.1579631034534266,-0.39091923063747486,1.4450011929379312,2.10487570580029,-1.553212528240539,0.9957168452971934,-0.4210416678840848,-0.4032989497042647,0.20333398643079356,2.067905877136971,1,2.3120283155191497
Marist,2024,-0.28114597933850943,-0.17949468670276736,0.41995103810625856,-0.40382027110238894,0.03209245792414369,1.0547298352817236,-1.2664333631170934,-1.2318715373209352,-1.2022903679391277,0.5421616146353511,0,2.2973256799164186
Marquette,2024,0.7679164052358439,1.1997281493846461,-1.7267630650052062,1.4916196740763588,-1.5178081956443563,0.36924474720704586,-0.6804437525582194,-0.4062127816828534,0.17759251638066542,0.6928433315149519,1,2.7458832917163702
Marshall,2024,0.2030945248310795,0.3454488877448609,-0.4796882037236952,0.38066672121754175,-0.8626136686801105,-0.0955830739689557,0.4702575681761249,0.7360093539251514,-0.2618511509036651,1.1803538130778577,1,0.6209197056619072
Maryland Eastern Shore,2024,-0.4583748250242897,-0.7219536759559664,1.0354789357778948,-1.3738429181285572,1.0641809670293985,1.9637060392225352,1.5434546075139286,0.8018517326694728,-0.727036288238123,0.8746414354574954,4,2.042596356027066
Maryland,2024,0.32701043023130943,-0.9364633221115457,0.4473444011042127,-0.3465711240230092,0.5347572590532916,0.217177765759094,0.11473004358810078,-0.0483272941687263,1.1337042610997095,-0.5490279359827814,2,1.7400130383375707
Massachusetts,2024,0.4958558002515511,0.0311047644133462,-0.5074017024151438,1.2061605156689086,0.6374658390344182,-0.15983445190969187,1.5855783093255815,0.3342718324889359,-0.8249700013611668,0.017193476495122956,1,0.5427563303075381
McNeese,2024,0.9497052643957236,1.197731302672624,-1.9018350726822937,1.599877855727803,1.754913456919541,1.5145953974549622,0.1303958831048305,0.4976401406515378,0.02082115742875701,1.294022761632797,1,2.8210741108128223
Memphis,2024,0.35001510884127013,1.0831262606037284,-1.225273428077845,0.3980130518896158,-0.024162719747404398,1.4367149393449774,2.0451096018163453,1.8491415990876012,1.8904647715959575,1.6054445384956437,1,2.853620442601706
Mercer,2024,0.6784599638895413,-1.1489407192037862,0.2793465058497216,-0.8200379941587737,-0.2802721867865361,-0.262052553179046,1.488885266530651,0.14695521551613405,-0.05040336120618416,-0.06221907660490261,2,2.0647790845025327
Merrimack,2024,0.1528413943191787,0.12256889229574976,-0.24872004012026253,0.7988720390853151,-0.19834846708198348,2.3128700930822963,-0.06107548876631993,-0.02216811259310542,0.4214590747503,2.290572447593908,1,1.6123562676203638
Miami (OH),2024,0.27956494072748844,0.3668728394419279,-0.5715255546345669,0.47771505674624704,-0.5625933383029861,0.03486669336526814,-1.4971107777999566,-0.2894980714046344,-0.24627078745227163,0.11062000955397767,0,1.3189820094206681
Miami,2024,-0.9896532312147724,2.029154069768274,-0.69610237176241,0.6995484479340324,-2.1551633150113894,-0.3545355971846519,-0.4868713490702614,-0.34501500729538664,-0.35649920914920386,0.6266903826409806,3,1.8445792496556246
Michigan State,2024,-0.9828632084866527,-0.7313335570700715,1.5529603422086566,1.3583305240371382,-0.6514494976974841,-0.774913069937406,-0.0671677596894931,-1.148194302738638,0.1725779442929776,-0.8448786240024863,2,1.5323292784537417
Michigan,2024,0.13231180392229935,-0.9025063401327839,0.608849633123475,-0.41442191006638246,-0.10913264812928943,-0.5130779583371186,0.5525446696588453,-0.13673809494090067,0.20736156337741224,-0.5848886254397153,2,1.1450890144489394
Middle Tennessee,2024,0.7421770054854598,-0.14994307986748018,-0.5988938892089433,-1.5189095868741354,0.34592021737457807,0.6113984179850094,0.2782543313831089,0.29157329740098303,0.5228550908625422,-0.7492501187839952,0,1.380981780743794
Milwaukee,2024,0.7447307087341529,0.09968984639867746,-0.8053574035893626,0.6026675928740016,0.22993304612477627,0.4932256395334024,1.061425428828305,1.8788449278444388,1.4508759456459308,-0.11645836940851524,1,1.8975928235026114
Minnesota,2024,-0.05669182871027194,-0.7857232240684422,0.6971398922550288,2.1819846158097476,0.6361186048343519,-0.2840723255613334,0.4312794674737832,-0.11658226471304785,0.9323254137687752,0.2322227986147079,1,1.3067641556035665
Mississippi State,2024,0.6471113860697196,0.5805908602223186,-1.103424912833017,-0.16687245595000422,0.5132580120677284,0.878571656223426,1.1242234799598552,0.8072266207302317,0.6101192580392808,1.3874492946916508,1,1.6217049125829928
Mississippi Valley State,2024,-0.409048572306154,-0.8319994994351463,1.0774536535020973,-0.5411070412159393,1.5177353581452597,1.8650574589498892,1.1554059605217284,-0.07291129921936738,-0.4451059019748146,1.9791506707310604,4,2.2824082706051554
Missouri State,2024,-0.6487822222427784,0.1653605624257066,0.4955136308454753,-0.35705687731601154,-1.4589262704806745,-0.8589885644879566,-0.3648187105073747,-0.1413189654472314,1.0183691030829014,-1.0331472436513895,2,1.836690977200586
Missouri,2024,0.10228521772874778,0.39060962930822013,-0.4186007949919594,-0.09057378787694341,1.8549546070982712,0.07380692242025988,0.6282214499698254,0.5830372108274434,0.6885510196313286,0.42204178641682427,1,1.2681807596488126
Monmouth,2024,0.4703626002758509,0.6293587335821714,-0.9714697566740225,0.3562182621846017,-0.5239619106447593,-0.8354474260138027,1.3615568042363346,0.14695521551613405,0.8799669134627325,-0.7722607278521949,1,2.208321238292878
Montana,2024,-0.07946674556488888,-0.8631270859972481,0.7825263388858088,-0.7237950438339927,-0.04548677080009504,-1.3410213999111151,-1.647552569984433,-1.3628844338019848,-0.5176022870139514,-1.3738237934922608,2,2.2460513467130396
Montana State,2024,0.5379371019350558,0.12267071453501575,-0.6231266694628046,-0.6844824356756777,0.28659436786056103,0.5262552981068321,-1.0585501593712712,-0.2643916863839753,-1.4439449847362487,0.5703378706372276,0,1.5789277012788279
Morehead State,2024,-0.046243608273455056,-0.04537239417969726,0.08202494298434629,-0.7360247757144502,-0.48889144094101883,-0.38976723299631116,-0.17504654345153015,-1.2486680625108133,0.005982716046477973,-0.47218360143220806,2,1.4883983544602188
Morgan State,2024,1.7982737706396232,-2.653813292509996,0.42052588917286293,-0.7772859696887489,1.6335837392729127,2.3935319961247794,1.6785786899487134,1.8788449278444388,0.2879131023097857,1.0070698386663162,4,2.515545569669394
Mount St. Mary's,2024,0.18094020112482104,-0.7510574250945208,0.43782885886778705,-0.4573584804386794,-1.7388839088890562,1.2132721964341904,-0.9719321578105126,-0.7111792564347245,0.005982716046477973,1.6128593427066642,1,1.4004808335802492
Murray State,2024,0.7500983862336936,0.6253920623356214,-1.24013922999013,-0.2518591796987259,-1.2613505715246043,-0.7244677732070754,-1.2837569634292452,-2.081775711928757,-0.7995326732772591,-0.923003697462235,3,2.0585829517675283
NC State,2024,-0.17239773476407183,-1.1671059772246706,1.1212464497497947,-0.686994788266768,-0.10886120661300028,-0.7813804156720634,-0.6980860144145736,0.20746146741167265,0.4180348190466973,-0.2738661072651538,2,0.8541575660764137
NJIT,2024,0.45863923699507286,0.041583620316616846,-0.4797887304952292,-0.7342292213344574,-0.16300173314346506,-0.6258191929344294,-0.6150659913801856,0.021149241843951186,0.005982716046477973,0.0068127505996944185,0,0.5983156494899415
Navy,2024,-0.13747645583442358,-0.4533219822298015,0.5040514453753759,0.8076231732203755,0.38930771201146275,-0.4100254235880149,0.6157758107981995,-0.2939535707181592,0.37249221818877776,-1.5414725167034269,2,1.0274664873916266
Nebraska,2024,-1.2395090774608477,1.6355841128292095,-0.1316399834778215,1.4680528982245946,-0.5943949903024418,-0.1023091135329989,0.08165771571944769,0.1472758764515769,-0.6347681618246765,-0.038013111221472155,3,2.010530331364791
Nevada,2024,-0.6911465271396828,0.07703805512467436,0.6088633872114855,2.0796006000072387,1.750146970748626,-0.4713562843496271,0.03466019716925593,-0.4157372186211895,-0.8694853255080046,-0.6056500772305713,2,2.056269240602949
New Hampshire,2024,-1.0896142266354794,1.2216118168017096,0.06092518791146191,-1.181511986838008,-1.3108845556121635,0.7347091433258167,-1.2173498288993294,0.15832086422795041,-0.08799407937462508,1.0915986066719459,3,1.5674438598493448
New Mexico,2024,1.4334275842351416,-1.0034520991249722,-0.5733847644040687,0.08888034776658849,-0.42880530245992465,-0.2031997069936601,0.8753935845671293,1.2407296663126242,2.7868415260072883,0.795747918652241,4,2.796783085261942
New Mexico State,2024,-0.22980080177898227,0.25642973957525544,0.013837495107779178,-0.7678117247633881,0.1604522505650237,-0.8115106381535276,0.5505065990338863,-0.23336751632737526,-0.35886837205897953,-0.7009085030945011,2,1.240687588269276
New Orleans,2024,2.6760658365816075,-2.2753486136164254,-0.7419645662305454,-0.39879548983903246,1.6488306042154437,0.8136712744651069,0.7431042730925157,1.945677417547323,1.1337042610997095,0.3286152533579706,4,2.4447671483345093
Niagara,2024,1.1800884018460043,-2.1721682511097598,0.6278546720483625,-1.2570068981502949,0.41431883914052137,0.5198495461410763,-1.919218120334085,-0.7249218679537167,-1.3652241625977923,0.5536882648179375,0,2.739807024117479
Nicholls,2024,1.1593294006322252,-0.07398398560932273,-1.066445340032758,-0.2854888006360609,1.3799936668227666,0.8477439748882245,-0.6575088121449576,0.4503004604453286,0.11875487055180074,1.0324284690680052,0,2.112086829461307
Norfolk State,2024,0.24222101336827778,-0.17190097801203125,-0.09498082050615085,1.0142165952152815,2.1386426974365205,2.4728031767010132,1.0549290787112482,0.5183263874643345,-0.4370507480815773,1.0493342226691311,4,2.3687050496572577
North Alabama,2024,1.5242374042297637,-0.8337509556439574,-0.8003213686350609,-2.113611367548546,1.053529998345594,-2.1425411146263653,-0.22701734438798535,0.13480572896212278,0.05297111375702913,-2.1956312602136636,0,3.064990926803583
North Carolina Central,2024,0.17432191791014895,-0.19736063777043414,-0.008177347546709405,-0.6478759519838301,1.2164557750156693,0.6396571258756113,2.016388896035673,0.4988004269311009,-1.5093931101188023,-0.7944495294536725,4,1.8821862994586713
North Carolina,2024,-0.6039013819143958,-0.4937847018693204,0.9904921602241581,-1.0394454005671319,-0.306774257853933,-1.0622319339232018,-0.5697233505631621,1.0476360160566571,0.9866101465275489,-0.7220947416227664,2,1.0848998532732173
North Dakota,2024,-1.408108630994005,0.2408741688145241,1.1718953690925973,-2.619872375777346,-0.7607807824134333,-1.4643321252519224,-0.04868616470406913,-1.0301156288636992,-1.6026788996912205,-0.28323694353727114,2,2.07641917341436
North Dakota State,2024,-1.7120524133015989,0.08745686795496742,1.5926980096306187,-2.136024890751929,-0.9471538315595108,-0.8985535030999799,-1.760665489669659,-1.5405323884572821,-1.901193426322958,-1.9191172184697562,2,3.6606989137662707
North Florida,2024,0.8210841399531321,1.271685545756545,-1.8372417095200027,-1.8758159019960294,-0.5344648230799744,-1.5568151692575283,-1.1440854359125208,-0.947380391917381,-0.7164638987532489,-1.4970949135004716,0,2.6813254499798167
North Texas,2024,-0.5599529986415914,0.1331575507270724,0.43548310486413544,-1.127642745823957,0.7109849880640587,-0.16956950917344013,0.05189262063765954,-0.7136987352132056,0.4993608920072666,0.5294822994345071,2,1.1582391565177839
Northeastern,2024,1.1219823112789549,0.35388193490314607,-1.3797627997105544,0.6799110317743094,-1.1033474298404573,0.21009772411273164,-0.9418437993736171,-1.6224349493676764,-0.7359393530674904,0.07947783186769207,0,1.7864760102086084
Northern Arizona,2024,1.5980612008009218,-1.2936720025763109,-0.49626721588202694,-0.012398394832151443,0.2671741888957207,-0.29612525360216363,-0.5780481928184293,0.014961048352941382,-0.4243320840396238,0.04833565418140751,0,0.9426445169938131
Northern Colorado,2024,-0.7634996720324985,-0.1628143569654391,0.8751819435711357,-0.4989353719239874,-1.0718732127453705,-0.8607585748995472,-1.3439336803030348,-0.4862826244186764,-0.8249700013611668,-0.4499391887991475,2,1.5589961489008057
Northern Illinois,2024,1.0022836245114735,0.3747707834808162,-1.280481238991773,-0.9907610560986299,0.9317840023443964,0.09760372906497655,0.015513059982140243,0.48753275794955736,0.38188989773088794,-0.9464839107971321,0,0.9841701492588981
Northern Iowa,2024,0.16626710785806573,0.4183127792043212,-0.5034298499303531,-0.7800521305312391,0.11417206276666998,-0.7580979710272954,-1.9688266121370652,-0.8595994608398259,-0.9423285832028304,-0.3069682821484769,0,1.8095386495435317
Northern Kentucky,2024,-1.4912523652252345,0.47605610949037364,1.0605403365098771,0.16802244783864978,-0.1040475877485873,1.4446799861971351,0.6769596173552083,0.8591431531353108,-0.5578780564801381,1.414344811784351,1,2.160657969453121
Northwestern State,2024,2.199062613390514,-0.9238556169370752,-1.3826429465140766,-0.49294431472388606,2.208823148597046,1.553535626509954,0.5324857640342496,1.607802052938303,0.6885510196313286,0.8580322740248102,4,2.3213946867980466
Northwestern,2024,-0.12101897054461286,-0.5564899267417135,0.5723554074834871,1.93284413206377,1.0259985592323635,-1.2000948566644767,-0.5041949493824132,-0.5566512246878474,0.2879131023097857,-1.0920612334734943,2,1.0945644155642904
Notre Dame,2024,-1.015743536904563,0.7275651041246805,0.3928186858003132,-0.427716028767262,-1.2912308994645296,-0.5899469819261942,-0.18292090722978083,-1.247599192726004,-0.44254289846333006,-0.4145503505192785,3,0.9314750527850801
Oakland,2024,-0.967370483969335,0.8387521810978253,0.2549450579785077,2.0323075247339886,-0.809845166754594,0.06364860179721804,0.44257746767736095,0.17041923092269115,-0.33723688462189694,0.35840342331876396,1,1.9404050599558267
Ohio,2024,1.1562904201402189,0.8538319336797506,-1.8216327326144135,0.05328935695546952,-0.2750073722999156,-0.1510729003723187,-0.002676720345619402,-0.18813546202192882,0.2456235443702896,-0.4172399022285493,0,1.555983165771633
Ohio State,2024,-1.0953235709212161,-1.180675311790425,2.0294431267409303,-0.49036996132768357,-0.036977297103875525,-1.094399949229499,-0.3978910383760278,-0.25675690220675473,0.7108086817047475,-1.5710575855053979,2,1.6113822517604561
Oklahoma,2024,0.8649820611286054,-0.05132586040019186,-0.7988462919640931,0.16677548550798924,0.8340026566893234,-0.5687068569871071,-1.5928464637355324,-0.2300914138909595,-0.5133627323333003,-0.38765483342657836,0,0.7192681143557561
Oklahoma State,2024,0.3624903855577698,0.18131789665703382,-0.5005097877775834,-0.36555198075751466,-0.1301567202983612,-0.023543650217220127,-1.382227954677265,-0.3229143162560745,-0.46884740818646164,0.733463563279672,0,0.9165240132658249
Old Dominion,2024,0.21393692736706976,0.3204577047541492,-0.46980639731065327,-0.5141278003229781,-0.17684660036011732,0.23735588445122624,0.41568822719284726,1.6107723858139877,1.598889398434168,0.795747918652241,1,1.5287835550854507
Ole Miss,2024,0.30797401375626726,-0.26225993477943044,-0.08505997145256343,1.4549306566753564,0.4926843751611787,-0.12089422285470014,1.834491092758079,0.7761088477468788,1.7124034750086046,0.45318396410310885,1,1.988952958117599
Omaha,2024,-1.924570592051272,0.22790583670114342,1.6845070883548452,-1.7036027258562625,0.45185101723944904,-1.4643321252519224,-0.6692786700040957,-0.5030999502589422,-2.1499555318494066,-1.5710575855053979,2,2.8706816214648447
Oral Roberts,2024,-1.5500588537074167,0.7000195481630603,0.934695759593574,-1.555407908721428,-0.7822598710120482,-1.2467249628857904,-0.3696822881351173,-0.5736453560564291,-1.304164373059483,-1.675475475394705,2,2.1637669180760026
Oregon,2024,-0.5985714187338368,-0.10984045814701984,0.6715809426909991,0.3072056304200759,-0.5504143837969214,-0.5797117043287361,-0.3957341474280719,-0.5350348270521781,0.5821013314541068,-0.10466721879903491,2,1.1739886625141311
Oregon State,2024,-0.8275986703045359,-0.4501157705089068,1.1722490005947492,-0.024297899804595346,0.38097797038386305,-0.2312248718438445,0.06748386091859546,-0.7145385614726992,-0.235671900750643,-0.5848886254397153,2,0.5348825156898421
Pacific,2024,1.3250091124189505,0.026344931757718022,-1.3094717371932358,0.7096166913017057,0.9676826055915005,-1.116160665466112,0.3579089249752582,-0.06737832621563992,-0.7071353197960073,-1.397027769023218,0,0.5728500767159748
Penn State,2024,0.5338495965553631,-0.4796283343613693,-0.12700003591270917,0.9399324812364771,0.9909111731069848,0.5030344472309657,-0.28213789083574004,0.5994077954263812,0.13413289162070874,0.6074792990033379,1,1.1170846553893052
Pennsylvania,2024,-1.091682441848029,2.5616937546678282,-1.0320785876992953,0.888952366589671,-1.0604410661285435,-1.6350700526468864,-1.2157951468200332,-1.7623833252412342,-2.574764665902264,-1.4800266045762582,3,2.843432123548666
Pepperdine,2024,0.7821582612383877,-0.9262816035625892,-0.0033913169224531986,0.0010841986822795631,0.1819373188133881,-0.7861231358774797,-0.9950302915600482,-0.7430926542954931,-1.450657612980613,-1.406696092161117,0,1.7439496617716486
Pittsburgh,2024,-0.5053200584017168,1.0301751077795376,-0.3505968477214203,0.004019458556435953,-0.6716419474258613,-1.4138868285215918,-0.8278313006685217,-1.0263431472702502,0.7108086817047475,-1.0331472436513895,3,1.294386237873896
Portland,2024,-0.7023404686242289,2.331004941030943,-1.2220279581132272,1.194867562448404,-2.236046004723262,-1.9164714515015508,-0.8939759564058292,-1.5426072533336768,-1.6855996015333696,-2.3599927535579446,3,3.064474868195739
Portland State,2024,0.13918994049932507,0.3588649059232169,-0.428533782599608,-0.032500474903954114,0.7092127598155726,0.8331413889926021,1.0111641937121276,0.9320513237202713,-0.20175546330543304,0.5466104971619635,1,1.095627145887582
Presbyterian,2024,1.104729777806981,-1.2074335833163041,-0.08720329755218637,-1.1256572605634363,1.82327620713523,0.058918011310997755,-0.1556848725144181,-0.03003075844050168,0.08890341788862707,0.13443461601995985,0,2.2880885344086104
Princeton,2024,-0.21413281312149673,2.6670425650814376,-1.9711636481211323,0.49337122039173686,-0.9361077998562746,-2.0985015698617917,-3.102734996205183,-2.0414640514730475,-2.4307013366578265,-1.9937014255335472,3,4.266336926177421
Providence,2024,-0.4618375406504273,1.0301751077795376,-0.3928630292839741,-0.017654140591678996,-0.4205299971866531,-0.24194754361260978,-0.3957341474280719,0.13054574068932726,0.214366045023705,-0.15611951236767843,3,1.4561828939538284
Purdue,2024,-1.313391303445772,-0.7794008472578986,1.913519550028826,2.1864536766404137,0.2230679869179388,-1.1784754437800495,0.9911467321074171,0.30119312546427596,-0.9807736358751,-0.9524606923732879,2,1.9301834091165935
Purdue Fort Wayne,2024,-2.108150724308115,0.7588967834126615,1.4290660829624506,-0.1500471165200251,-0.2807730354664088,1.336582921774999,-0.4695477487581097,0.30669017007187366,-0.47732651754776473,1.1338629906747608,1,2.766572583448868
Quinnipiac,2024,0.027111876672029002,-0.6400412001799924,0.4966400380558742,-0.29801950801766397,-0.6721553323416448,0.8393364254331692,0.9746105681730899,0.7244655602491975,0.6723636290324779,1.0378075724865445,1,1.4613389882001537
Radford,2024,-0.0913930382693231,-0.08725688859666422,0.16013626586400848,-1.4992805850387845,-0.7157431437881581,-0.929985648775089,0.682471671999984,-0.9194561687892104,-0.9337852381645488,-2.0312697668693835,2,1.9663528475570706
Rhode Island,2024,1.9278737171295268,0.3764691623450292,-2.1815675933439573,0.5330407159996676,1.125353309428865,-0.9191689184820354,-0.32913540938593183,0.646156784435721,0.5104897230439764,-1.2284936309562655,0,1.807422350114512
Rice,2024,0.1742175479522185,0.6725683675246893,-0.7189164299093873,1.4699895934831129,-0.8904633146240724,-0.7244677732070754,0.24527870622752204,-0.5345505336485352,0.4659743988971378,0.07947783186769207,1,2.034161081244775
Richmond,2024,-1.0393798544118922,-0.009842563968948954,1.0183478912011752,-0.2456756128632093,-0.7904313557199145,-0.9386390330095307,-1.9949363446649502,-1.5036216343403308,-0.8249700013611668,-0.8236453210345642,3,1.9522009845453974
Rider,2024,0.6807531270624553,-1.821135708267896,0.8263846608320343,0.08606023817711447,0.08002020106163665,0.14487284044562038,0.870432735386832,0.3021551082706045,0.11875487055180074,0.559067368236477,4,1.5766863259927424
Robert Morris,2024,-0.0435015157886856,0.7861361840005987,-0.6000866953227468,0.5582485013576818,-0.6016056730006698,0.10347566836691975,0.44860306778593495,-0.13001948486495107,-0.9606357511420067,-0.8384749294566053,3,1.3155162810975283
Rutgers,2024,0.24988434803199594,-0.798843025663185,0.40986008370463084,0.44334997239489815,-0.009805845071314477,1.1604247427167014,1.0202818780869447,1.0558151935404234,2.3822531145515016,0.9648054546635014,4,1.8885006056414382
SE Louisiana,2024,-0.6097842969076835,1.3808770242892994,-0.5356220072997229,2.303275784356273,0.0697544382263221,0.8991234437802279,-0.3280716795422032,-0.3472545439873698,-0.9807736358751,0.6642587239768172,1,2.513531454461574
SIU Edwardsville,2024,0.25467775230127104,-0.27886678361183165,-0.01968469854972831,-0.48867311794667306,0.16294779398718454,0.40382536366131655,0.25198020424301176,0.3409550814592231,1.0068355872812205,-0.032634007802932755,1,1.617178953019242
SMU,2024,0.4251252076779892,-0.4396477272891532,-0.053986137766027426,1.2376052808742057,-0.37691864686883103,0.22956783864022684,2.140845287751921,1.2513621078562658,3.1368938477074235,1.3251649393190816,4,3.4822300792784118
Sacramento State,2024,0.09945697913054471,0.36476583735430407,-0.3947340683035578,0.5972271207622559,-0.0860191365163223,0.27963384742521735,-0.2443409447001371,-1.7088928527134657,-0.7592569038110724,0.20404654261283134,3,1.3374395103979908
Sacred Heart,2024,-1.0509837696551492,0.4011626604637219,0.6937846633547314,1.5205415279602894,-0.17706914340536978,0.7335002146460056,0.957101688713215,0.0778622151321275,1.5317236299420267,0.8305538819486769,1,1.8751193516996214
Saint Joseph's,2024,0.11900194881982747,1.3963233291167476,-1.2566434782540699,0.587294785913028,-0.6126740348886468,-0.26645650765550377,-0.5561657503188696,-0.10650434959912344,1.1337042610997095,0.3449278226222141,1,1.9827841656737593
Saint Louis,2024,0.5030874592180268,1.1615585883939425,-1.4381528838866957,0.21099581943141837,0.8104515620465108,-0.6874745556048325,-0.8575963957503099,0.39386413580733826,0.9222564714022284,0.14487640500889057,0,1.351000961876703
Saint Mary's,2024,0.6471897635209974,-1.1044710043943924,0.2734046799049904,0.958531518607913,-0.9489687391340346,-1.5876428505927298,-0.4695477487581097,-2.001152391017342,-0.6988432496117923,-0.9793562094659881,3,1.7163279986964008
Saint Peter's,2024,0.02801893847251326,-1.628064797819513,1.3030968981188589,-0.34829185556318915,1.3603057284243392,1.1895291375176378,1.4548782859178826,0.48020557812034953,1.7956277766744324,0.4355818636717313,4,1.9060038180914514
Sam Houston,2024,1.6034300691797188,-0.04703281782588896,-1.5201456500451396,-0.71189306154753,0.26639278670023836,0.7963645059962211,0.7633151401233601,0.18575518870475266,-0.5578780564801381,0.33553573728825525,0,1.732652052816964
Samford,2024,0.7725487535273088,1.2902822579233515,-1.805259837178381,0.8104963277153571,0.6734547214885068,1.8122100052324004,0.4832502684102384,1.1700315648315947,0.2879131023097857,1.9227981587273073,1,2.790897236086939
San Diego State,2024,-0.66008668620049,0.5184379573382631,0.2179935922635129,-0.3910101435046556,0.5697123743799816,0.015396578837771615,1.4533718858907394,0.48809264212255316,1.173980030565896,0.11951777460720168,1,1.3818161808300982
San Diego,2024,0.886695648353349,0.16728865007901836,-0.9985878153431818,2.1003982831869377,0.8585515371814361,1.0429859566778372,0.965423810431797,0.9147243819454495,0.09995951146758028,1.0915986066719459,1,1.7420996360234637
San Francisco,2024,-0.18513520371720116,0.6853748404124393,-0.380080336576414,0.7842690278885912,-0.12971125372620254,-0.27232844695744696,-0.8333433553132974,-0.3198202195105716,-1.2157156244278566,-0.45339943076429035,3,1.0610056463799324
San José State,2024,0.8229146712142786,0.5324821172936338,-1.234999608624006,1.1996665422126533,-1.0213405420508412,-1.0554597201745073,-0.7120781531282353,-1.8860519920845988,-0.5133627323333003,-1.8824793623682454,3,1.8775947828877948
Santa Clara,2024,0.5908720811825047,0.03301561315651977,-0.6013214953596586,0.1994305224944394,0.3073970641757991,-0.6217088354230685,1.0866890126168591,0.35036113556555415,-1.2627040221384076,-1.0451008068037,0,0.7086327973262267
Seattle U,2024,0.13366601832175476,-0.5265037357544372,0.3002922609477376,-0.004282889866688637,0.806995488672943,0.40214385377030576,0.3462363386686749,0.5962011860719489,-0.48098795113559967,-0.33386379924117704,1,1.8294713143842096
Seton Hall,2024,1.444240159738505,-0.347337244992202,-1.1200225748651027,0.44907400386773394,-1.0333864578786207,0.5086394802010026,0.2926906649765693,0.04466437710977882,2.7850108092133703,1.2747442706841445,1,2.728750859838298
Siena,2024,0.5165633582628265,-0.860775055114957,0.20124707863138752,-0.1640362306291074,-0.6779843154457559,0.7200292950709594,-0.08842854189077017,-0.563369834763797,-0.03429305341970948,0.6830428946447349,0,1.3988601721693261
South Alabama,2024,2.057526899578389,-0.6047410658808111,-1.5058228123977642,-1.6555997415962043,-0.17408238148223779,0.4826793274976751,0.07295447154348601,0.564472630354418,0.2879131023097857,1.0448853401425187,0,2.3273773440774357
South Carolina,2024,0.3577529066808725,-0.5609492601772011,0.11062004467228888,0.6215697686950149,-0.5284762026434684,-1.353352472445195,0.12465174194869683,-0.674898762024587,1.1759938190392063,-1.216036759881752,2,2.1938917802821254
South Carolina State,2024,-0.15309422375636145,-0.30105743503804794,0.3948132054507137,0.8130683833148259,2.6125418888195675,2.842735352723437,1.5486516876075747,1.0474169309454864,-0.7391190190779791,1.4297136786944655,4,3.050822856852959
South Carolina Upstate,2024,-1.1841019691830463,0.08381930039995253,1.082488266410213,-1.3966280731182599,1.1407104927490561,0.3200466061503559,0.3151094418511186,0.38909194659162627,-0.3091159509536901,-0.14401309035152712,2,1.6032379172950113
South Dakota,2024,-2.063995405773323,0.18864818206530562,1.8521101744243773,-2.0505955691771294,-1.2976892996857892,-1.290246395359018,-1.311270916866192,-0.7811318436960963,-1.8514410052176686,-1.8843112551733205,2,3.3429747835050327
South Dakota State,2024,-1.4515065319403255,1.8846903422469814,-0.1291236012443275,-1.3903899443951655,-0.9702867377021566,-0.6660574296245871,-1.4396693662386106,-1.0692104512715932,-1.0920619462421954,-0.41879701111286294,3,1.2503424012637256
South Florida,2024,0.2255499127096576,1.0644586347567726,-1.0890361167184908,0.9695119933980527,0.5631568994248489,-0.3545355971846519,0.379308666537328,0.3480096220389734,0.034175754672808666,0.17446147381086044,1,1.143756019940727
Southeast Missouri State,2024,0.5948222140953199,-1.8250237555723605,0.9130888486591505,-0.6076979434868609,0.1562011685761668,0.24146624196258584,0.29846519841395325,0.0838562692194929,-0.6518548519012405,-0.45339943076429035,2,1.7707301491062675
Southern Illinois,2024,1.3595999026834271,0.20850787096486845,-1.4919447681367564,-0.06615726215944275,0.5787570693020542,-0.5483095941487791,-1.301080563741397,-0.9060189486373071,-0.03429305341970948,-1.1484137454772485,0,1.1893746294761038
Southern,2024,-1.3412281728216653,-0.6140600276928635,1.8054736607404382,0.9170155683767626,2.294272327204367,2.625473598551538,0.965423810431797,0.42090654136304106,-0.13498247708517624,0.828620217321097,4,3.5365568462897166
Southern Miss,2024,0.8935904956185675,-1.338443974344255,0.2250816216515626,-1.4572747497021814,0.4593562138668081,0.6968505873001304,0.9920170565250133,1.0137354778015744,1.0891889369528716,1.5743023608093591,4,0.9628542614164358
Southern Utah,2024,1.679941243851094,-1.9859504282483051,-0.010178984109214556,-0.9006472302113165,0.6187573937677148,0.7737575396837401,0.36111888620956833,1.1310636263910758,0.11875487055180074,0.5294822994345071,4,1.584365129659229
St. Bonaventure,2024,-2.1587385843454565,0.2740438294177589,1.8744242045197306,0.3298349244885322,0.3894013938984422,0.015396578837771615,0.17142546279150586,-0.46930929370048247,0.4087404107083465,-0.4158310894284549,2,1.934554101992151
St. Francis (PA),2024,0.5208758719097246,-0.37700637222751965,-0.19824417172936218,-0.01640071596750399,0.4481004033775493,0.4070894710968082,0.914302205589074,-0.09227670473240143,1.2332091033102883,-0.28323694353727114,1,1.6453977933648238
St. John's,2024,0.6047251237361545,-0.7268041730365942,0.006080536310820679,0.7742326328720566,-0.37686468062737744,-0.22001480590377073,1.3880146665312578,0.5929945767175167,1.7103800511837481,0.2847330938909329,1,2.206067394592959
St. Thomas-Minnesota,2024,-2.9071843008003455,1.6679577006730668,1.4629321112772458,-0.7718058863353618,-0.9503846929305241,-0.9505374363318896,-2.2076823134106736,-2.549838880553351,-2.1084951809283314,-0.9793562094659881,3,3.8835247000297075
Stanford,2024,-0.2856753760641199,0.6608513196776826,-0.262313797739937,0.3488775502000351,-1.1007712834642631,0.40214385377030576,-0.5301803498506413,-0.1605586215738213,-0.44254289846333006,-0.17249069668497502,3,1.2243618749091751
Stephen F. Austin,2024,-0.5521162751655703,-0.5236964357011981,0.9645972563681192,0.5945702959003702,2.846993029449042,3.151012166075456,1.5919606883879533,2.0904811452368994,0.04625848551266468,1.8382693907216778,4,3.6312841441631774
Stetson,2024,-0.5537163787986743,0.30254409992507925,0.29101099798135205,-1.3158849361725862,-0.9503897409895359,-1.4253918961969307,-0.21425258626324156,-0.7684642476086241,-0.6914240289206525,-0.917071854093419,3,1.8398805921893056
Stonehill,2024,-1.4609493423967488,2.367774119581208,-0.514684651805983,1.1644260016257018,-1.346560146123447,0.7090194088798157,-0.7575526039476337,-0.8459713710834935,-0.8221877936019893,0.7587665826497779,3,2.4966903964889626
Stony Brook,2024,-1.5313149753317743,0.2917159068469454,1.2501112199849072,-0.0075802252282381926,-0.709310118107565,-1.3298113339710413,0.31316401080002054,-0.157352012219389,-1.096108793891908,-0.817983106909785,2,1.4781530828556184
Syracuse,2024,0.8677556613221982,-0.6323646239237081,-0.3267611439841948,0.00987358831817725,-0.4568041367076558,0.6143343876359816,-0.9372849571862091,-0.052755468991514544,-0.1953961312844563,1.246568014682268,0,1.1441469329041607
TCU,2024,0.3196081469129313,-1.093594593349652,0.5829354732600188,1.695717294636859,0.5701110125084775,1.254669368512891,0.3974984468650876,0.9970273553758522,0.5839400078862587,1.1211836754739168,4,1.5559366891113011
Tarleton State,2024,0.8846362273135319,-1.473969161873664,0.3445263990857066,-0.31146978152236204,0.2267039238899082,0.7888911287028386,1.173044535385011,0.3653253125529023,0.518583418343401,0.8226434357449413,4,0.8192817851180222
Temple,2024,0.1808900688587415,0.695976262069769,-0.7445294707275886,-0.08467839820451417,0.43703967850865555,-0.8370558267791175,-0.15847614315295,0.44033208788698963,0.14081898773762508,0.1783203958285096,0,1.054171978868867
Tennessee State,2024,0.8028866406318538,-0.942435626941504,-0.010340008958465523,-0.8188664743018649,2.1979968095594407,1.3977747102899856,1.2983712515188552,1.017448393896177,0.37694375060346214,0.6400370302208173,4,1.1174659474566797
Tennessee Tech,2024,0.6502296036586923,-0.4885937608629346,-0.23279867381715294,0.7912523936518446,-1.461974122736932,0.015396578837771615,-1.280508788370716,-1.5734708683700773,-0.7693258461776191,-0.017841473401947302,3,0.9312299700903358
Tennessee,2024,-0.034079863701837465,1.4168247911917151,-1.1245960746381813,1.0329295268449687,0.33778443378728407,0.11274715147525162,0.7622514102796314,1.4592854091541199,0.7775816679250044,1.2628805839465116,1,1.4152619164781715
Texas,2024,-0.2979384646451704,-0.9293911679885041,1.0490327723074364,0.33999942483323065,0.2329911444783157,0.0932770369477551,-0.8844023878122713,-0.21895266560714746,0.19888245401610918,0.39089960873053975,2,1.042690755010343
Texas Southern,2024,-1.912275637389697,0.03155086017286209,1.8330025741535705,-0.1592165926389226,0.9342472828211358,1.254669368512891,1.5434546075139286,0.630191245228921,-0.3464302667826572,0.6774076434443596,2,3.1395370197723746
Texas State,2024,2.0567682630947797,-2.121966940605009,-0.26532256307088425,-1.0214065801842365,1.0158212196008356,1.0579327112646009,-0.46403569411333395,0.31081295352756894,-0.058092371740637784,1.575717914340554,4,2.1470100416533016
Texas Tech,2024,-0.8480129281307256,0.4726833058487158,0.43805023342068844,0.23222821806826668,-0.33010617970610273,-0.4100254235880149,-0.3119029859175282,-0.4138807605738862,-1.5305378890885508,-0.44682497103051916,3,1.279099125743949
The Citadel,2024,0.81502679252738,0.0005944296480469146,-0.7927137764999106,0.12815817104341137,-1.0504461624155779,0.3074482967502116,-0.4440182325086234,-1.2511433399072165,-0.33530143574594734,0.11062000955397767,0,0.9376826406154041
Toledo,2024,0.6244466991167135,-0.921614653966264,0.14609510060319664,-1.0884148266104035,-0.3499928770759399,-0.29612525360216363,-0.7120781531282353,-0.4714309600402577,-0.7804546772143289,-0.5745078995442867,0,1.4978895906246756
Towson,2024,0.4738149099407608,-0.22446507926413806,-0.27714491369458055,-0.9667795086382194,-0.26186654847651913,-0.33603898838353047,1.1250896599754632,-0.9076986011562946,0.45707133406777056,-0.5651652462384017,0,1.5553229960925465
Troy,2024,2.683876275612806,-0.20009677830677494,-2.4452961891909606,-0.987152547389853,1.2344544578339014,1.9818781461148645,1.7196082696353887,1.6746345426411873,0.2879131023097857,3.505117377359011,4,4.003265317296195
Tulane,2024,0.5629365192895319,0.2812763352653721,-0.7770273586180471,1.0249474374396315,0.873583466653422,-0.3740057117121484,0.5133386268471339,1.5929503885598884,1.8014341233022804,0.14176218724026224,1,1.626250032994744
Tulsa,2024,0.32754868069240234,0.985811112828303,-1.1239168360603065,0.46762740745941545,1.0472824317931093,0.21009772411273164,-1.0375794853091929,0.7835346799360882,-1.1365772703890333,0.733463563279672,0,2.1698080698370648
UAB,2024,0.9680981431096011,-0.8413194323276376,-0.25355459776013006,-0.3078579427021897,0.38024930723531514,-0.03745087487971727,0.6391626712196053,1.0423779733885241,1.536461955761578,0.40128033462596824,4,1.550288765261469
UAlbany,2024,0.5611328969728298,-0.8144748846585829,0.12009126750265772,-1.3877413149522042,-0.11196330839834522,0.6682180659361664,0.1225117677924892,1.5385670881153848,1.3327139455208672,1.1786135149130352,4,0.9050815026367615
UC Davis,2024,0.15123066167491758,-0.48217428295717035,0.2469962596133987,0.11386591461626042,1.078464131882105,1.0915629090848222,0.379308666537328,0.44549054641368213,-0.2118725824297147,1.279867226320849,4,1.5215222279758471
UC Irvine,2024,0.027564113927648178,-2.5413634905240032,2.0498179782108927,-0.2493111735413718,0.47211961519008755,0.22678639370772846,-0.10575214220292191,0.629183453717527,0.32818887177597234,-0.218597297415318,2,2.2327362073759085
UC Riverside,2024,-1.325539128190133,0.05453617558685571,1.2438969711199002,-0.21273113777589508,0.14479108391120438,-0.808543267757626,0.6438872894865552,0.1729287512870274,-1.4036692152700618,-1.4096844829491948,2,0.9666119659375959
UC San Diego,2024,0.3137850676943875,0.1812837315194834,-0.45313898627685945,-0.6348244043178063,-0.2166386254665497,-0.8909372524171657,-1.0940635400111827,-0.8583168170980545,-0.727036288238123,-1.1864516910797813,0,1.6663366717480566
UC Santa Barbara,2024,0.2891838935646715,-1.226297769763967,0.7209437208189522,-0.5738408570362087,0.8469851246549206,-0.0022192390680580137,-1.0065793584348162,-0.529776784384045,-0.8398084427434458,-0.3313023214228253,2,1.9145716657942375
UCF,2024,-0.09263957559531469,0.18027576284361174,-0.057259620747815106,0.8022489274024232,1.0809131532266167,0.5887914516725283,0.36111888620956833,0.605500353199799,1.5143102825551746,0.8549180562561818,1,0.9395994502457159
UCLA,2024,-1.655635880071254,-0.21331426718184573,1.7836271584100412,-0.3255378760044659,0.12409459131495455,-0.48905638846553307,-0.10024008755814617,-1.023136537915818,-0.48098795113559967,-0.9793562094659881,2,1.418177817204606
UConn,2024,0.9238810988233145,-0.0824233199304912,-0.8306872429905376,1.3475321369145998,-0.12892127120699914,-1.094399949229499,0.47421186824737677,-0.5258332523829411,1.3175719043149103,-0.6449163012698,1,2.366745448042884
UIC,2024,0.11690312744903082,0.40682828927542425,-0.44606246670911115,0.9933222694104571,-0.26452279799247347,0.6039250406916269,-0.4805718580476611,0.07031725194522934,1.3643745771333256,0.042673440056628306,1,0.8821169500603684
UL Monroe,2024,0.18638679513040252,-0.5915159639077242,0.3021693436482398,0.2717070315465271,1.18778330689411,0.2685080676952199,1.738755406822503,0.9951708973285489,-0.8249700013611668,0.48432614178939337,4,1.190147405749345
UMBC,2024,0.12029028202882354,-0.15948206508017904,0.013391341978280735,-1.2250991166849607,-2.0133442656630955,-0.049885569872067596,0.1653112509166288,0.8082146516237542,0.7854373133626817,-0.28323694353727114,0,2.1196326340457494
UMass Lowell,2024,2.474803443338326,-1.6733891874687503,-1.038208038389761,-1.7087029341577133,0.3505738132383057,0.3074482967502116,0.07295447154348601,1.771170361100905,2.246587364770662,1.0448853401425187,4,2.9531566749210736
UNC Asheville,2024,-0.7273096525374242,-0.11079935824192069,0.7975015237236822,0.23477871411957033,0.6360413377687985,0.0932770369477551,0.03466019716925593,0.14491311166410317,0.15436712986927134,-0.23194394499515456,2,1.243063145460079
UNC Greensboro,2024,-0.8289953346169187,1.7551990028742528,-0.6284107167879891,0.2973247526883996,-0.3734603565917012,0.22956783864022684,0.379308666537328,-0.7498996671355986,-1.4481845394168997,0.7646057409659565,3,1.8983492632003898
UNC Wilmington,2024,-1.0666238160537025,0.2755793957358785,0.8116044063361562,-1.8782330317948392,-0.4341244047032843,-0.8888820736614853,0.8845803423084222,-0.8410723845697783,-1.1687272267173054,-1.3738237934922608,2,1.298124184855134
UNLV,2024,0.05312371825173254,0.08734576740693072,-0.12301007836538053,0.8852294301440194,0.9523648836069445,-0.023543650217220127,1.0494584680863577,-0.44915346347262963,0.7775816679250044,-0.8859296764071344,1,1.16513451305359
USC,2024,-0.5052797804437549,-0.02098490779355276,0.5082928802223083,2.299173599157145,-0.3481094933178562,1.024302513444381,0.4123809944059811,0.4967962960845832,1.5565998404946713,1.3067627434135494,1,1.8558882396474718
UT Arlington,2024,0.8514545119345359,0.5130950158933707,-1.2468994239156534,1.437714707340152,2.38548712000419,2.733593872219928,0.5691150699574254,2.0812795705676628,0.3614601595958663,1.49035388182894,4,3.251897585562606
UT Martin,2024,-0.9588234597741778,0.45327316534153256,0.5616215692497716,-0.7219522653265716,-0.7138070685312228,-0.8607585748995472,0.16869015747906188,0.7649700994630667,0.19888245401610918,-0.7302187879757106,2,0.9704492854154437
UT Rio Grande Valley,2024,0.3336888999500122,-1.5554281027978853,0.9466241982566374,1.3739331801208419,0.8806423891925578,1.6430981533364346,0.19741086325973412,1.2404090053771812,0.034175754672808666,0.8549180562561818,4,1.460619672357128
UTEP,2024,1.3799936053017945,-1.1494152089397036,-0.40217542222064034,-0.4967359819791956,1.4673326216677212,3.870479255281974,0.18783729466617627,1.1065583801666854,0.06533648157559487,3.9099656872807134,4,3.6080453974488402
UTSA,2024,-0.496062454371671,1.4694520943121545,-0.7185395926188435,0.5283323764755455,0.13923864314819065,-0.9775792620645237,1.8536382299451948,1.5929503885598884,1.044673612806033,-0.7613609656619952,1,1.7029601431756038
Utah State,2024,1.8785195762433788,-0.5072784600399977,-1.4114619685196497,0.7242615505089507,0.6719635016671067,-0.6134881204003481,-0.05724606132889705,0.05877345826927541,-0.3464302667826572,-0.18055935181278518,0,1.0972564785823644
Utah Tech,2024,-0.2193455365574631,-0.6391777101919919,0.7354977206016521,0.39627979701698335,2.4019642045493685,2.5124387669891304,1.1796590009587409,1.765972278568458,0.7530982396442436,2.0087357395330314,4,2.707069888799295
Utah,2024,0.3210018186067931,0.21550793581590186,-0.48811930790683344,0.9338600734488096,-1.3216616846056515,-0.774913069937406,0.6604234534208824,0.8238704502365672,0.6723636290324779,-0.2800727650557767,1,1.9939570831687499
Utah Valley,2024,0.8053858318676103,-1.6123284124168284,0.5346166936194862,2.1677150665689813,0.9144956617572427,0.6671818413534705,1.0549290787112482,1.2137025303252753,1.536461955761578,1.0211579666672546,4,1.7297319671639315
VCU,2024,-0.32805428357360095,1.323339294763301,-0.7624556851513741,0.49760702342952307,0.3900177194831663,-0.1527544102633295,-1.2081630711580367,-0.8211201485866501,0.13413289162070874,0.2847330938909329,3,1.3840689491637415
VMI,2024,0.4826330948650933,-0.3047479335534478,-0.220115319258444,-0.8410226134189954,-0.9004824025077989,1.5924758555649456,0.05380733435637033,1.7340412001548622,-0.4243320840396238,1.8234397822996367,4,1.2838442483807109
Valparaiso,2024,-0.15206712614089185,-0.29506983465926256,0.38892222228631107,0.2148796878057788,-1.4011163108205673,-0.301688143467163,-0.3656061468851992,-0.684304816130918,-1.2022903679391277,-0.47218360143220806,3,1.0235345949416963
Vanderbilt,2024,-0.35825139745108087,0.6640018614442847,-0.1943423306275276,-0.39244591792819383,-0.18962411609110352,-0.8607585748995472,0.20698443185329196,-0.07043602182296425,0.2879131023097857,-0.6056500772305713,2,1.6536519222581887
Vermont,2024,-0.3073684472329438,0.6771831858954062,-0.2545727190329953,-0.32043219995141076,-1.1867743737275025,-1.3085712090319541,-1.8226121099809143,-1.0729233673661998,1.6678881508617667,-0.41879701111286294,3,1.7546488321216256
Villanova,2024,-0.8281059828747699,2.4872086306982752,-1.2274183847712927,1.158356281913355,-2.07973386994278,-1.380256630701372,-1.704247989187838,-1.8632681887768003,-0.17342752975744585,-0.8717741410951865,3,2.731394492967341
Virginia,2024,-0.8626689924355804,-0.2571023568297269,1.0486222608111466,1.4862204022608305,-1.8862654130178282,-1.582037817622693,-1.3569885465669773,-2.38915212290352,1.479709735150132,-1.0331472436513895,3,2.7890657697443686
Virginia Tech,2024,-0.06882760809553345,0.07100180192302048,0.008884963248112474,0.28336147599323985,-0.5997340685039388,-0.4073830509021408,-1.6302289696722811,-1.2285122322829605,-1.0009115206081933,-0.6975936494472215,3,1.0488094701703943
Wagner,2024,-2.4345139289731565,0.5125109909664542,1.9476278642086886,1.4403160930761854,-1.1903281969752986,-0.8996988039545389,-0.32913540938593183,-1.7152578517327914,-0.9585159738016811,-1.5087732301328287,3,3.1722951568925652
Wake Forest,2024,-1.0212851652896036,-0.20461334738811074,1.1599113950541173,-1.2426604165671653,-0.3588696522752366,-0.5731318830160836,-1.555422513778897,-0.5998641031308964,0.3648032076543241,-0.44144586761197974,2,0.964989384780792
Washington,2024,-0.1154028337360239,-0.2593488536537108,0.3240950417376231,0.1740341047891469,-0.4291180373186153,-0.3369197792788223,-0.15772294313937713,0.8072266207302317,0.005982716046477973,-0.3031260654209487,2,1.3809414450737214
Washington State,2024,0.09512497591321101,-1.8045835478812946,1.3821058593419933,-0.9125849879993393,-0.3379402993677061,-0.6403922786565248,-0.16638474329545364,-0.6319301966752076,0.44169331299886255,-1.275206897485693,2,1.638591790503109
Weber State,2024,1.0690086010464765,-0.048453476676468044,-0.9995126946673013,-0.6267297817744405,0.33613635397145614,-0.15983445190969187,-1.554552189361301,-1.0469329547039652,-1.9378531050321193,0.07947783186769207,0,2.0117679457769824
West Virginia,2024,0.08882928126606557,1.2600821774711015,-1.115988811707383,1.570382051424809,0.5784895963698544,0.5605597856076586,-0.04192835157920553,0.3416976646781452,0.6885510196313286,0.3286152533579706,1,1.2581927462114544
Western Carolina,2024,-0.14878314066852327,-0.7450559851886771,0.7534249265826094,-2.587321333226032,-0.9438941537530582,-1.5032723543069142,-0.04192835157920553,-0.04073269306612682,-0.6469087047738146,-1.91362154005453,2,2.5440004512349845
Western Illinois,2024,0.5575708231298329,-2.157401228487758,1.2208920706795867,-0.9455471252674367,-0.8635263361369275,-0.0955830739689557,2.41656406324638,-0.17755365115230337,1.3874416087366872,-0.2693145582186969,2,3.161998843039277
Western Kentucky,2024,0.968724313510946,0.0025362382250890885,-0.9436986175942806,-0.6459229426161807,0.12781052130649637,1.8455873444223927,0.20698443185329196,1.782309109384721,0.6885510196313286,1.6054445384956437,4,1.5103845039202817
Western Michigan,2024,0.3918628635963318,-0.027894793120521788,-0.35810776000556166,-0.3329814686130952,-0.13715148494193458,0.2825698170761883,1.6930150235421726,0.9382395172112812,-1.2627040221384076,-0.6506332227774273,0,1.420817549481417
Wichita State,2024,0.29854089229240494,-1.0485762523805133,0.5666278124818298,-0.40803505588624434,-1.1006584372733557,0.12109148627274939,0.7604278734046674,0.17903657862880307,1.0128769527011485,1.4156255506935274,1,1.8262178602279453
Winthrop,2024,0.6273201127948825,1.0102904547308824,-1.4353054402898,-1.318221722695933,2.202663286469607,1.2775181205613337,0.015513059982140243,1.1650914103639824,-0.6076304775854275,-0.21362501694439862,0,2.480743084746719
Wisconsin,2024,-0.4020760603492388,-0.6610706625889156,0.9310059981807555,-0.05548070514263502,-0.11392470597410753,-1.0327445865590945,-0.8788178061326959,-0.9106379930645245,-0.6283606530459649,-0.8807393134594201,2,1.2106841519122369
Wofford,2024,-0.6370655972601008,1.9385828549434894,-0.9648190916049416,0.46760441167461503,-0.8623037362133246,-0.9581091475370271,-0.1185169003276657,-1.117478360501452,-1.6707611601510906,-1.3219201640151204,3,1.1368572071650493
Wright State,2024,-0.36452230505924244,-0.9342543073569431,1.117727854989531,-0.35705687731601154,-0.054840648492000585,0.38532875486019513,-0.6774309525039318,0.5485601328061157,-1.1217388290067543,0.7675716626503645,2,1.7573418820580726
Wyoming,2024,-0.373311201133426,0.8528477853078507,-0.33401447562597564,-0.32287010476194467,-0.16280393003672117,-1.0165194911195155,-0.3099882721988174,-0.6013830233514155,-0.46884740818646164,-0.38765483342657836,3,0.9191091364674988
Xavier,2024,0.40143583195916116,-0.7125455162972982,0.19203211652247118,1.824744202462355,-0.6781552895740881,-0.2368299048138814,1.206116863253664,0.8527299344264461,1.1721493137719783,-0.06490862831417336,1,1.9039233438746521
Yale,2024,-0.33261773413346485,0.7976904640517701,-0.32849921144497884,1.647267584881345,-1.1251478604038685,-1.5336944082561268,-2.0081000014810915,-1.5778799562324204,-0.3464302667826572,-1.0903002174733774,3,1.3914559260149202
Youngstown State,2024,-1.809969547773991,0.5136205651694571,1.339647198400222,0.5694009267187938,-0.4444998601468789,-0.03745087487971727,1.4533718858907394,1.0759710237682762,0.5295677191069066,-0.24677355341719562,2,2.5358794263331466
Queens University,2024,0.3697840830089569,0.2993095218506272,-0.604013337517356,-2.418020891288158,-0.10824052068371869,-0.29288023451424755,0.09635652810551501,1.2517746540889976,0.05297111375702913,0.23691884128168733,0,1.2734423572826183
Southern Indiana,2024,0.5184211188773578,-0.13907479142536844,-0.3902778721981756,-0.7893160574311844,3.592124339482689,0.8991234437802279,0.7431042730925157,1.526117898857004,-0.8398084427434458,0.20404654261283134,4,2.294357092653116
Lindenwood,2024,-0.11196552095311248,-1.2275163480597815,1.1118675158524107,-1.624310955946427,0.8630903063785209,0.405880542416997,-0.3887042806347349,-0.34333535477639926,-0.22895927250627854,-0.42052713209543435,2,1.956531512965775
Abilene Christian,2025,2.806611280257466,-3.065104188117223,0.1833603115867456,-0.05642503199972395,1.7809333840261925,3.9537091359034284,0.6713817236920078,2.709737164888311,1.9054120461549509,3.404132822358835,4,4.556034209097611
Air Force,2025,-0.37881210996382925,0.9628435221741009,-0.526802473719642,0.6271412858188157,0.6126432369835205,0.5048112367733473,-0.5248257456860391,-0.9599267715191881,-0.23713493891588658,0.12816711333973485,3,1.7976656297562559
Akron,2025,0.7142192770584359,0.6962766245215604,-1.3030267834422826,-0.2556570442394654,-0.5485463547329117,-0.13884535717607835,0.30555632906032,1.6066189205209973,-0.48296147713548754,0.7231608852769634,1,1.5916057102545698
Alabama,2025,0.4795512503132369,-0.03217463811073616,-0.4180649175793851,-0.4948826218147562,1.1176590376301876,-0.08325683315317318,1.4407062929423116,3.571977996337324,2.272344305409208,0.7930726534795882,4,1.9953949851797756
Alabama State,2025,-0.13732842191142383,0.3513803063697818,-0.19310552937377065,-1.0752371867302069,0.12750030255850672,-0.2753785740744425,1.3832862558587866,0.671148995384855,-0.11422166980608571,-0.02058132964457314,1,1.5407143000935122
Alcorn State,2025,-0.4479492647758144,-1.3543438326535149,1.6562027862794593,-1.3641494014466329,-0.10143857868234087,0.8836139212507609,0.8988192223281565,-0.03524499175941565,-0.38808105887529043,-0.050331018241434516,2,1.7326553360154422
American University,2025,-0.4547325166482548,0.675102491140589,-0.19289170924353358,0.10130660859350514,-0.5390513203533676,-0.5094355173287786,-2.3445992286408273,-0.32973840703353574,-2.1627761549694284,-0.704824167372387,3,1.8293807804583326
App State,2025,0.7103032603954258,0.2479758210534776,-0.8895130259714175,0.015924813567586533,-1.160534453041254,-1.6602154883292686,-0.5266855039721459,-1.3969614267662036,0.29117648094202847,-1.0696492959549517,3,2.2099662569267626
Arizona State,2025,-0.7074303260374563,0.8944910409233687,-0.15766968579224122,0.23607057876345622,0.23114172895110469,0.23174480297662187,-0.6131642642760771,0.21540723698519576,0.7461712139625181,-0.10983039543515727,1,1.1358414148276696
Arizona,2025,-0.9051505776043004,-0.2298165417784522,1.0547275244474599,0.8313011167761605,-0.2446728376456533,-0.670349665816135,0.6832034960327333,0.5054247196031596,0.6949573518334347,0.027761914325326875,2,1.8236732855456648
Arkansas,2025,0.35978446144166715,-0.32575647625833054,-0.037900089845389,0.006397554686064341,0.8278438537143582,-0.12421679822268272,0.1235789807648412,1.5113274619465225,1.541010354205895,0.5744124422926566,4,1.2123414632220844
Arkansas State,2025,0.9298563744134647,0.042950211943830516,-0.9069382878517581,0.21057512585003602,-0.17692835998804252,-1.1686959074951613,1.310848670614955,0.0528448059388098,1.239872844886884,-0.3939399215351851,0,2.4611531542743172
Arkansas-Pine Bluff,2025,1.4429440109278415,0.2342570166250072,-1.5606150195321107,1.1017950207164195,1.2948919929941611,1.2069820665363584,1.08605312272054,1.1581885272293522,-0.3720985285266475,1.162406287501213,4,2.4698773857649385
Army,2025,-0.6076846735191944,0.8672926880722558,-0.22587858390875298,-0.39486775401497926,-1.313166200307722,-0.6469952997677315,-0.6633777380009418,-0.43291439313307867,-1.4748931225830006,-0.5106683049507645,3,0.543092719143193
Auburn,2025,0.5228329489624327,-0.24821010762830553,-0.2609413684736509,-1.0718480537764978,1.6434534782386727,-0.2558738288032478,0.9592613666266033,2.2411684501587987,2.1391882638735904,0.24716586772718036,4,1.3566075040635375
Austin Peay,2025,1.764207745649522,-0.14061661556098373,-1.5176650795621824,-0.3814173514240662,-0.5170488193997059,-1.557815575655496,-0.11758517498596267,-0.0250019920270644,1.1108139123215932,-0.8312603439090483,0,2.390479706844292
BYU,2025,-2.0826037838266585,2.0952104234999407,0.02777786847537768,1.2927332212973723,-0.6360802337585075,0.15372582189184172,0.09354388444422897,0.47925772869026123,-0.8107301947616219,0.6339118194863793,1,2.8076443068718007
Ball State,2025,-0.15960478695012906,-0.3383365938031617,0.4582557041578448,-0.21024613260695607,0.37615061475169054,-0.7044829700407268,-0.46593339995934724,0.2942716401532391,-0.6195317761463766,-1.6816056096360055,2,1.0562715047589821
Baylor,2025,-2.4259535619129307,0.42675049571203694,1.873557471775119,0.9205523982717095,-0.08066139360223759,-0.3941802043626285,0.63963654481901,-0.13636037949161806,-0.3283887296186168,-0.2491130284113727,2,2.5246595811206145
Bellarmine,2025,-0.5625876010645006,1.9922851143075295,-1.2964856115352539,0.4974871441460458,-0.40644006074878997,-0.7386162742653171,-1.898489709761134,-1.1240156103688252,-2.3522674448470373,-0.36270274850848006,3,2.456977266570525
Belmont,2025,-0.4361770109407209,1.562863661493811,-1.0218431687679972,1.58974853339112,-1.4068118374216552,0.0952115860782577,-0.27747789363393166,-0.0048316031983707515,-0.032279490399552316,0.7826602624706873,1,2.3733337657968834
Bethune-Cookman,2025,-0.8736152172333576,-1.2207487610456653,1.9312622851047767,1.2737918904910364,0.6878995177371925,0.8588223634455316,0.7914181813055305,0.627537343863356,0.2504210285529894,0.6368867883460655,1,2.737732808762183
Binghamton,2025,0.7562172617168118,-0.23825570579419583,-0.487818621688708,-1.5597140352659826,-0.04556487590683054,-0.7205457014405341,-1.052778303847679,-0.9967401361858651,0.23523762472177884,-0.3810775561712474,0,1.3162917485942862
Boise State,2025,-0.15584184495056244,0.588493635308036,-0.3926114049644885,0.04550922312125864,0.6602334874122304,-0.716355423684062,-1.5556978495802243,-1.1444230190427445,-1.1972835193533136,-1.9245613998437079,3,1.7022549233662119
Boston College,2025,-0.238873454779419,-1.3286505142894034,1.4376190462821976,-1.2972000318703627,0.3803687050144475,-0.30853664103547274,0.3461920476117381,-0.0845318963539103,-0.007696836577592299,-0.48765144061529786,2,1.4413582079847918
Boston University,2025,-1.1717240332649714,0.5706199721907367,0.5716733370389235,-0.7887398959038388,-0.06917978205695781,0.02129886715583571,-1.3663663701490345,-0.8257635593385786,-1.203190106656073,-0.31338089636105154,3,1.8948644986131453
Bowling Green,2025,1.0209241744360258,0.8738323511325095,-1.7515509530084166,-0.7338350347420097,0.12415746682602066,0.5386878996127911,-1.2492015981243527,0.12382276879004904,0.9704340207593467,-0.050331018241434516,0,1.2613467135388032
Bradley,2025,-1.935118159767199,1.1583216649538657,0.7467073842681801,0.20663186174867432,0.23159416562623678,-0.5916946604290345,-0.4426325153457425,-0.10115646829802903,-0.5987493393403723,0.1398082958341587,3,1.9709375355250842
Brown,2025,-0.01295923875062366,0.35703564508949526,-0.3143277598495718,-0.019692790385855675,-0.9064460578145536,-1.1560928413199278,-0.25029681099084305,1.1805666325802044,1.3954054046450535,-1.2037035607659108,2,2.531854694992196
Bryant,2025,0.3340635113434592,-0.7316002205599926,0.35714394217757417,-1.0201992035450869,-1.413648247343665,-0.25895352542501426,0.586379830262336,0.5648742866772039,2.3289491003939844,-0.31338089636105154,2,2.9572979128816863
Bucknell,2025,0.6148400983614348,0.23900054966739379,-0.7922284351228412,-0.27089189040142375,0.7569060570649786,-0.08325683315317318,-2.0468984209923975,0.05055519423393061,-0.7390307877809051,0.07461767386538326,0,1.2610927582830789
Buffalo,2025,2.1146405111336457,0.1415198284018306,-2.1026058235929552,0.3699345830502782,-0.23068613220458978,1.2752486749855405,0.2142731931839468,0.790354176210283,-0.14153572960826352,1.1297399627674045,0,2.9589793619413847
Butler,2025,-0.2935990799556563,0.008651651925477908,0.2660544676827544,0.0018742829045721172,-1.9210685661402727,-2.0884333049650445,-0.4228349105866317,-0.7483111442500989,-0.2892799621745898,-1.2430230792610626,3,2.116648581497181
Cal Poly,2025,0.34843034153432134,1.826282446003363,-1.9948098528960942,0.17507834333795344,-1.021267511893283,2.898806710711728,0.4768562390218721,2.3477325725722,-1.4965506093597842,1.8510621225144956,1,3.4229538144545057
Cal State Bakersfield,2025,-0.5379282205446,-1.0086332378847103,1.42409789072927,-1.1150730917155067,1.9316868086721684,1.109458340180385,0.07587618072622138,0.6798713256891553,-0.8517012844648894,-0.3775775928069108,2,2.896141128340583
Cal State Fullerton,2025,0.20433605808717023,0.4402532092929007,-0.5931729189335253,-0.4205189108036351,0.7552678653295967,1.6165817172314478,-1.119343975796996,0.19480073164128828,-0.9111093645346261,0.4807009232125427,0,2.2025340126510122
Cal State Northridge,2025,0.16491523409973943,0.22171074963156345,-0.3565856687791654,1.6917418737698904,1.1305710313225183,2.377266782808043,0.34089173649633514,1.9489703849647577,-0.6878169256518218,1.764399986167116,1,2.958850751344522
California Baptist,2025,1.7116385372873455,-2.0025345540859996,0.23364954382723463,-2.201444590501118,0.364825925857611,1.0142292897386698,0.955104259869425,0.274667775229115,-0.0684304519024347,0.427413980990518,4,2.3906874238319853
California,2025,-0.26868729475307446,-1.3151268753101488,1.4530750405586839,-2.463001321624349,0.48674864990577577,-0.8410161869390894,0.9937936966208913,0.7898916283911169,0.8448742937022061,-0.36270274850848006,2,2.5588651601961456
Campbell,2025,0.550361997009475,0.0997848805934935,-0.6047842742430155,0.4871712689098959,-1.2932129724020114,-0.21583777272026825,-0.839124896037965,-1.3583995454208775,-0.025810370972720854,0.08119392081837455,3,1.2832664871074777
Canisius,2025,-0.5378969998156937,0.5015434663617722,0.04338761735886184,0.6703473131675053,-1.0743283025730852,0.3058628350071616,-1.9912451542806742,-1.5796483396396797,-0.868089720346196,-0.08156819126813951,3,0.898035866931263
Central Arkansas,2025,-1.1282018048318312,2.6973403646186203,-1.4132953449193713,1.618290412950835,-1.7789306660809463,0.06010304459010729,-0.21034061950550284,-0.5882464714272173,-0.4809129226503242,1.01173286466652,3,3.115904190380476
Central Connecticut,2025,0.12246263497204124,-0.10764331881173475,-0.01585973087314553,-0.19661551490217288,-2.578965223276927,-0.06493263825365636,-1.6397508382066277,-0.7823814428250868,-0.1616618789361839,0.04831268605342145,3,0.9679848293083115
Central Michigan,2025,1.3356144262126424,-0.5328285667605119,-0.759154187462871,-0.4431141445340953,-0.0869358483989357,0.09196079519972598,-0.13613626388987096,-0.08478629765445127,-0.42833335753113194,-0.3279947784788085,0,0.589843836622114
Charleston,2025,-0.26022527484279645,0.21623453240054333,0.04512964443168016,0.8268550864002384,-1.2286845990231743,-0.9703634450533276,-0.2923559599227812,-0.27384663258361397,-0.43336489486311147,-0.8065994178353347,3,1.0502595205285958
Charleston Southern,2025,0.9811023085273615,-1.2922302156229226,0.26593347036552023,-2.4558864677454744,1.970030455252267,0.13178298346174827,0.6059072922664502,0.2984056612870475,-0.4701580116032165,-0.8312603439090483,4,3.2256455736096283
Charlotte,2025,0.4535694529525468,0.045227330247573694,-0.4645855439724434,-0.8648918408360264,1.0834662567658933,-0.9638960821476166,-1.5645701094907898,-0.7805738546370249,-0.6529914994040451,-1.3310551123363217,0,1.7750666078036808
Chattanooga,2025,-0.8395476878524163,1.1809840507329414,-0.2963144780878972,0.7392570244539601,0.13292145499529887,-0.8205362044043347,-0.3216471529289513,0.018500630365629777,-0.2658147017081733,-0.019093845214729517,3,1.2465406093838571
Chicago State,2025,-0.46697447990604063,0.28995359372615453,0.17065446865609604,0.19136074195404953,-0.49155481973807064,0.31550047384704605,-1.0091286828973072,-0.7920219131614182,-0.827600643462967,0.537662826967122,3,1.4574958560455258
Cincinnati,2025,-0.17238288296796148,-0.5586578206156411,0.6716082344092376,-0.7620034721722504,-2.236650070144282,0.1918872800311359,-0.13613626388987096,-0.3639640726841029,0.26164354442823146,0.22129657329512692,2,1.2366678956675548
Clemson,2025,-0.5005778879902971,-0.2473727479363532,0.693261955331422,-0.9858096449264722,-1.5349676635061718,0.03403761227314747,0.42039640322736993,-0.9668649888066981,0.06269894482165726,0.3188355720741653,2,0.8747373438966103
Cleveland State,2025,-0.415386834170945,-0.3677520291031297,0.7238250904291423,1.1567382849900039,0.2131141883514368,0.7973824158412688,1.4828678586330115,-0.29871466401937885,1.001309363478316,0.4892201522198258,1,1.4652051168666553
Coastal Carolina,2025,-0.8504152320994609,0.0495308766986066,0.7482589140000976,-1.1904767690091096,0.2506013167625729,-2.026699386319612,0.4692150582376543,-0.8860164989406466,-1.1126224346804303,-1.9903238693736118,2,1.8980408478523245
Colgate,2025,-0.20339519222849733,0.3078658510679234,-0.09167391092566786,0.3407854346113047,-1.832796969670757,-0.41093655370924514,-2.232409310031478,-0.8172076419150841,-1.0401682970999162,0.07461767386538326,3,0.6460338106016108
Colorado,2025,0.4479004212227047,-0.2587996776390537,-0.18133852379447724,0.4794696606127368,1.0812950706691533,1.0704488496379956,0.018456143642696394,0.6179972950930291,0.7666567588141514,1.5115276330937932,4,1.251545893018665
Colorado State,2025,-1.10650069101995,0.4450772371066188,0.6255895114247414,1.0475011308469067,0.17113894103482308,-0.5560772994990273,-1.3943840330245023,-0.9154618485548777,-1.6835925406138286,-1.2183296618486485,3,1.6460431728306022
Columbia,2025,0.9668786561155904,0.3639211643726144,-1.234932792595127,1.7730593500369798,-1.3381405897299976,-0.5191878899643766,-1.9382420431266514,0.8466858927588854,-0.1551927595093524,-0.27345368271789594,3,2.087888393416963
Coppin State,2025,1.3497230845917794,-1.4927585605376643,0.10529801386442118,0.7779055067237195,1.2838216102402453,3.5553533971882056,0.3585594402143428,1.0854596848390896,-0.06505636216216568,2.490292387930536,4,2.702811327880007
Cornell,2025,0.5867539403196007,1.6234570476016696,-2.0317618441840497,1.3441164395007095,-1.1377632080551896,-0.6362163615915447,-1.5042790705530882,1.7408610353606084,-1.169227229665207,-0.5969815462087642,3,2.569223770441697
Creighton,2025,-0.7332473212767284,0.5349665579189429,0.19511651952095288,0.4221530545940572,-2.724986339569125,-1.5533634055392456,-0.5878149502458919,-1.4410770573270228,1.0472196556952178,-1.055353106926711,3,2.6733786919260676
Dartmouth,2025,1.3897526509556517,0.6314708827493634,-1.8741342287315437,0.47850571178977597,-1.9065684142006059,-1.0048560472171246,-1.0018537460722452,1.5006426073237547,0.39381984251442287,-1.4664161954520416,0,2.6493412556132276
Davidson,2025,-0.1839703287617706,0.9166132959780675,-0.6663479043694527,0.4688038696506721,-1.6251824232843086,-1.4758956455164784,-1.898489709761134,-0.6546452108686982,-1.470364738984218,-1.2373435932562078,3,1.5409390186805336
Dayton,2025,0.307246398009929,1.019502844495161,-1.2187807736412186,0.717408758591284,0.22442961665601105,0.32310913608905945,-0.19471864990221247,0.1816655908080355,0.9704340207593467,0.8045810856473217,1,1.2111708170444024
DePaul,2025,-0.04793366339464057,0.5876422491481389,-0.4925247029104108,1.154638055960665,-1.3150825004135185,-0.31970754059988427,-0.5577519207968717,-0.8086736346514454,0.18002524715373988,0.006463841807119727,3,1.352755375317029
Delaware,2025,1.646495731659402,-0.45665008024602094,-1.1188911803020591,-0.9184321293616003,-0.6045731928343819,-0.538268619034023,-1.4266467963356475,-0.19274093649317575,-0.29948224933390083,-0.32195860977799595,0,1.2320235595853928
Delaware State,2025,0.9370316925311034,-2.735004362157867,1.6261150644744533,-0.41130543697521205,2.0901697070390566,2.5723142355199897,1.3479508484227716,1.2838926992619069,-1.9579207064530941,1.5323524151115961,4,3.5036780848833162
Denver,2025,-1.3310102504190124,-0.5604827344310779,1.7544192912900562,-2.1890042531698506,2.0841799197845656,1.038323386838381,-0.17978588484024266,0.7487520811804611,-0.8782119895670031,-0.08708063356696916,2,3.265707647494156
Detroit Mercy,2025,-2.076562889526023,-0.1886309872936008,2.1101461355646127,0.20195047555672155,0.5650324697909399,0.28538285247240686,1.1624399593836912,0.16045655606810824,-0.6960111435924752,0.07461767386538326,2,2.413267408163864
Drake,2025,0.717384757299419,-0.13847746293002375,-0.5428054890039661,-0.43507491479145843,1.2018692015310806,0.20160110573932088,-0.6926689310071119,-1.9909458604433394,-1.5798692878274954,0.3188355720741653,0,1.913320007237
Drexel,2025,-0.12717700745563623,-0.7985719921591914,0.8487674248830518,-1.172613843360939,-1.352930678351621,-0.5133364663830176,0.3647431365156464,-0.5882464714272173,1.1108139123215932,-0.7063116518022307,2,1.6700049517853945
Duke,2025,-0.4955996640616513,0.6717248026479931,-0.15166955009238334,0.6710576746078635,-0.9025098902115584,-1.1081463939141472,-0.32971284375673693,-0.7561845125633168,0.4486854756822758,-1.3541434576169293,3,1.3996540241599686
Duquesne,2025,-0.790269957964446,0.35152164339542147,0.41604045864093153,0.6608681890009935,0.27719017375946176,0.9051717976031346,0.6254347542705645,-0.21359369298154335,0.8345825127958829,0.6730561465875126,1,0.9696521213391279
East Carolina,2025,1.0328934060758341,-1.1511354643620695,0.08860989960931343,0.2806120608096786,-0.20848620397452106,-0.30853664103547274,0.6059072922664502,0.07574092298759648,1.2828924890753133,0.6681239613727705,4,2.0065184153955777
East Tennessee State,2025,0.07113880558197291,0.9661794861745148,-0.949712235238474,0.12727809367416332,0.5297503164846289,-0.24937224704618297,1.6777479844922478,-0.4841963395055081,0.1930615029684153,0.262040712025611,1,0.8660038483056679
Eastern Illinois,2025,0.7866680531880685,-0.762743686828765,-0.03671911405309598,0.41489041057688836,0.7214079480179354,1.2310761636360694,0.38765918751459055,-0.4526206486735205,0.08340358640967206,0.7581605189203309,4,1.4347860508132222
Eastern Kentucky,2025,-1.6247675841995033,0.1860827255151794,1.3459827097784727,-0.7322805497790631,-0.9169919473291781,-1.1428264558723131,0.3715777482170856,-0.023194403839002568,-0.38808105887529043,0.08119392081837455,2,1.0136584031603508
Eastern Michigan,2025,1.1234278684889438,-0.2543670840167766,-0.8157416827013751,-1.1632059392840661,0.6532051716257283,0.8620560448983886,-0.1751911878980982,0.3889357030391577,0.3364603169298495,0.9689872594720826,4,1.8146569190835382
Eastern Washington,2025,1.3987388831674554,-0.41265040582380125,-0.9279301625633553,0.043512987783818555,0.8393915434218161,0.6249194050222832,-0.38999326994334993,-0.39194239420367105,-0.47864873085093324,0.7716998508823696,0,1.457498340418102
Elon,2025,-1.1839013749832383,0.9403280314512044,0.24503019837424855,-0.33144527757205866,-0.20117202347224605,-0.6134608254418168,1.3479508484227716,-0.713157509993375,-0.4761329621849431,-0.3974107185381517,2,1.4033371679690307
Evansville,2025,-0.21355946707138937,0.8402475478813639,-0.5689200880760622,0.6633377384657968,-0.21238548488417697,-0.2558738288032478,-0.6661673754300999,-1.5639481450919397,0.5413157654461838,-0.08008070683829589,3,0.982773379947646
Fairfield,2025,0.0999060997568137,-0.0551599599566523,-0.04279467726368338,-0.0955465652666398,-1.1261297783941053,-0.13884535717607835,-0.5248257456860391,-1.1605403685180795,0.008691599303714381,-0.050331018241434516,3,1.2903684239097808
Fairleigh Dickinson,2025,-0.3397901178168181,0.1875402891010102,0.14560723472003953,0.2538098323184932,-0.3904985480231769,0.9111600965899052,-0.23919786891158254,0.1925111199364091,-1.1931270319921126,0.8520762025300306,1,1.6320621676685276
Florida Atlantic,2025,1.740280692225058,-0.7616732217444302,-0.927536318361341,0.07833006878722801,-0.030761366877676263,-0.9434160996128619,0.902724714728979,0.5840347214706619,1.0677942681331625,-0.3314655754817751,0,2.4496855366915677
Florida,2025,0.20828555833758,0.6899647360019253,-0.8251573997885066,-0.2148320548589937,0.7579773893726977,-0.5803618637694868,0.8926059389632109,1.9263716200854375,0.7275479913701236,0.3472330020984418,1,1.2570648120946661
Florida Gulf Coast,2025,0.6561040776986591,0.1485096732193262,-0.7480014222112844,-0.21137666095473182,-1.515209313348999,-1.487752477510283,-0.35093834593512135,-1.0161628484811194,-0.705067910790039,-1.0038868264250478,3,1.8919235638022978
Florida International,2025,0.20860820075390357,-0.9379016665315985,0.6628206449379177,-0.1283129848325541,0.6791212185554604,2.1770865023931494,0.703544602287019,0.8613187495193886,0.9704340207593467,2.876098875839309,4,1.635282921197443
Florida State,2025,0.30130713850829166,-0.5087166128337655,0.18393804254036658,-0.40639543008167506,0.802772663713902,0.07570684080706302,-0.2244747824799089,0.44000724232091376,0.2954892272265828,-0.4073272814037721,0,1.6504426933504601
Fordham,2025,1.0195250208739788,-0.29030940697699814,-0.6859271572293358,-0.8035821098712925,1.0959410740818787,0.14202297472912492,0.6615605589781738,1.8547692176783228,0.6806174704372913,0.7930726534795882,4,0.9473541633416399
Fresno State,2025,0.2782140077620764,0.5474908178575357,-0.7601523147743556,0.8584329857983276,-0.34806316530104653,0.7154624857022511,0.8841736258250708,-0.3226515136612913,0.7666567588141514,0.8555469995329972,1,0.8163266576392262
Furman,2025,-0.23165606785740148,1.8825287713445185,-1.5049407715692185,0.8061052773249897,0.2131141883514368,-0.4119117909728052,0.7825843294465261,0.9349994870899204,-0.36004820802568666,0.39591431071148725,1,1.5472973478233347
Gardner-Webb,2025,1.4721492669790388,-0.842009639159476,-0.6038888567579569,-2.0659972442514984,0.9209863914389532,0.14684179414906712,1.1733523646212847,1.1231709364488556,-0.22026449021454148,-0.7118240941010603,4,2.4304504738425172
George Mason,2025,-0.8188611063956405,0.6198985329502075,0.19735559366819422,-0.040390776947719455,0.8233540156766571,1.0704488496379956,-0.3304810047879557,-0.07897141078491947,1.1149110212919198,0.8421596396644101,1,0.9450079297719252
George Washington,2025,1.0283458580569735,0.35747498110816656,-1.286395861988416,0.6939799319876423,-0.23621144234655414,0.9817022586540588,0.6986627367859904,0.993875216643943,1.7130889309596151,2.292456958761407,1,2.3810350526959905
Georgetown,2025,0.41063919041356806,0.13922736692084436,-0.5104659631688139,0.2715167518501912,-0.9116420366798047,0.29025903879020587,0.07587618072622138,-0.8007442434657186,0.9100555727755856,0.4256639993083497,1,1.4424045538236383
Georgia,2025,0.1512012348116738,0.03349415456207261,-0.17171152900359823,-1.1118183853791048,0.7752081874492789,0.5386878996127911,1.6603902404885906,0.7914253395809865,1.5591238886010228,1.4293245461814128,4,0.8127695010063278
Georgia Southern,2025,0.9630424537633523,0.4693234782942653,-1.3277173526425874,-0.3358330860228724,0.08889893796766773,0.6464772813746569,2.0509394805708654,0.7721443989083234,2.147813756442699,0.5086499727627526,4,2.450298542449803
Georgia State,2025,0.14396851845904657,-0.5450631799594379,0.363984333142253,-1.2207532346413779,-1.1857779500769365,-1.6602154883292686,1.5334617374618518,-0.17382675284417784,0.097462293660793,-1.2998179393096168,2,2.1503140595159134
Georgia Tech,2025,-0.6858295246678974,-0.06749087309514035,0.7016673904539581,0.6478504534921662,-1.227263845014485,0.07127394415451885,0.7576889287529709,-0.569305138232311,1.0404181309223437,0.09165613187994942,1,2.0202620231112602
Gonzaga,2025,0.11042205422041165,-0.7729895669216782,0.6036693476540872,1.023492943815135,-0.664064546517764,-0.5952563965220351,-0.19178953060159454,-0.3684437477588646,-0.5239325668387542,-0.42517709456188896,2,1.163541063799459
Grambling,2025,-0.42803168379381024,-0.914299741066472,1.2353063005648868,-0.469754831622747,0.005476382311834336,1.0636221887930764,-0.043380819370330816,-0.13032413045148367,-0.09373612495445237,1.3865789409869755,2,2.0440933264949943
Grand Canyon,2025,2.451875356487857,-1.6624410205530813,-0.7680139405793165,0.04092777422487651,1.166200988198813,1.9615077388694178,0.5277974442499959,1.9241806040999077,2.2836652644061637,1.8896618328907429,4,2.5796043354835123
Green Bay,2025,-0.6715291377962971,0.7298114005269736,-0.040611345496086915,2.225379630610818,1.23596990427225,-0.4314165362439999,-1.2668693018423605,-0.41914229265260544,-0.44199038743222085,-1.2998179393096168,3,1.1717831090416249
Hampton,2025,-0.0026826239863220196,-1.1750426911797534,1.0767876255543984,-1.4124724712151886,0.14644230398873248,-0.3451850308345078,0.3911052102211999,-0.04247534451166558,-0.5692164028265753,-0.18185595730124357,2,1.41863509763661
Harvard,2025,0.9345091357283931,-0.5256010551494436,-0.39148110729000424,-0.481918139881386,-2.07626235028415,-0.14784754730124514,-2.133945838156889,-0.2530825426284392,-1.384325450607358,0.23801211738968453,0,1.3627392400130005
Hawai'i,2025,0.31157266845663545,-0.7515073462073343,0.396330797299115,-1.0076722351909457,0.3090865762988521,0.10106300965961683,-0.7297711088149285,-0.44629054572473886,-1.642443315737939,-1.0186833820692762,0,2.104237489914415
High Point,2025,-0.8573237134060401,-0.3535674915690193,1.123238622174938,-2.114891015767216,0.44048028919452903,-0.8625740632914632,0.5082699822458815,0.6998408713858397,-1.1126224346804303,-1.2669367045446647,2,1.4361210449382986
Hofstra,2025,-1.224111878995082,0.9113468833891913,0.309047626344726,0.7515125316505228,-0.5931590757405008,-0.7979004342343434,-0.09708133988164375,-1.4475738960319426,-0.43336489486311147,-1.1682930002498078,3,1.0437847530289774
Holy Cross,2025,-0.9076574626952131,0.1070482778898955,0.7490876309794469,-0.32336455567347605,-2.252420642860166,-0.9547938676877258,-1.723284981224225,-1.5781219318364286,-0.906329404069245,-1.091570119131586,3,1.9097012730259562
Houston Christian,2025,0.08404752628308422,-0.3223132775560449,0.21624862320663363,-1.165391109831665,-0.45134601707922234,0.40728751041737393,-0.3304810047879557,-1.1801656117027546,-0.1551927595093524,1.615651543182808,0,1.3335402455695586
Houston,2025,-2.0208023040209304,-0.17764845668720602,2.048073819309416,-1.0736622408050327,-0.6628179250587486,-0.07524292694392189,0.4445934757107282,-0.9393534489536103,-0.037623545578239215,-0.13181929570240272,2,1.4377709914511518
Howard,2025,0.8821469307909259,-1.5636481360694743,0.6064152852493336,-0.17498280085962817,2.163582988042274,2.0807946546858824,0.7295812182925033,2.0837303881661895,-0.007696836577592299,0.11626723790099029,4,1.7146379257455906
IU Indianapolis,2025,-1.069487158233482,1.4021619235763254,-0.2839646906483772,1.3938387169914177,0.13779672737531276,-1.250615837634179,0.8179197368825426,-0.9948160927363868,-0.44199038743222085,-1.1808191849221712,3,1.140835080400562
Idaho State,2025,0.36985676656407596,-0.6236148459292301,0.2250186302213936,-0.6244837345089788,-0.10011316837813189,-0.25895352542501426,-0.018971491865189295,0.2443286479941903,0.6534471688445981,-0.8723618873652387,2,1.6212651063938914
Idaho,2025,0.5296072765028541,1.6221537385757396,-1.9772453871582325,-0.47619955887904897,0.5496395064115617,-0.9488055687009552,-0.721960124013282,-0.11959910720231505,-1.384325450607358,-0.8394806526002867,0,1.8335626476964262
Illinois,2025,-0.4696238417086655,-0.47190025815025266,0.869652588668571,-0.5026563786600897,-1.135668986036975,-1.1947613398121213,0.8757413126869305,0.21957016735770124,0.5320041541499869,-1.9529588298679843,2,1.8452226226844928
Illinois State,2025,-1.8866959952284597,1.765528664987336,0.146383676546341,0.31347020745882026,-0.5332581562597113,-0.4872710340660577,-1.5864941236499537,-1.2582701148821656,-1.9318481948237425,-0.7602667688483564,3,2.1227664223458067
Incarnate Word,2025,-0.8696273881110731,-1.8689113429304485,2.520124684295487,-1.4766077413552983,-0.5958507401428218,0.3691645992054928,0.8251474338580903,-0.9731093843654577,0.6493304564820688,0.5176175822441024,2,2.010545475158253
Indiana,2025,-0.9088003934527494,-0.706651577604871,1.4940803450350397,0.3674538531062608,-0.18237613316120518,-0.5484450078711679,0.4292302550863744,-0.6895345320858968,-0.1551927595093524,-0.9725713647441405,2,0.703575701383962
Indiana State,2025,1.2844085027249659,1.3364529552773932,-2.4203659448733754,0.765450926899141,1.0869132178645302,0.6413444536717114,-0.3128133010699468,-0.4627539441741044,-1.138498912387757,0.4851633765020725,0,2.7902163651977925
Iona,2025,0.15711378937743956,0.21443029394616392,-0.34264978933082096,2.560531003893276,-0.70921073148765,2.5248244209466457,1.2995567034560551,0.5200251420690543,0.3738687031806585,2.122689714051057,1,2.6301749863259762
Iowa,2025,-0.3504310204420842,0.39304902163512423,-0.032350130075109375,1.2825667124242213,-0.8830011153413933,-1.008579680405263,-0.2879179003763916,-0.3715659455382444,-0.563041334282782,-1.3282153693338934,3,0.8497019262797362
Iowa State,2025,-0.8539606815445432,0.13212456871220463,0.6760558596572757,0.6364057931037396,0.2646419165878311,2.1152247702515563,0.23488551418828965,1.2527008876302281,0.4486854756822758,2.6116193788168665,1,2.4687763160853633
Jackson State,2025,0.4797948621255212,-0.9290707621540631,0.4016962843666466,-0.201093383532281,0.7641442666869033,0.5438207273157366,0.9239259591905882,0.5076053021792366,0.3364603169298495,0.6636615080832408,4,0.9538886647394778
Jacksonville,2025,0.6732620169316589,-1.046012260639366,0.3280814286415334,-0.8306133211258966,-0.5719714114151262,0.3263428175419164,0.9954801592485192,0.44207879576818343,1.1538335565100233,0.6056496153193616,4,1.738492251684184
Jacksonville State,2025,-0.7249688603811671,-0.03178534474122931,0.7055454025444673,-1.1263647142047906,-0.5541369330822575,-1.2896253281765684,-0.04779774529983304,-0.2098063653494137,-0.19616384921261912,-1.091570119131586,2,1.1054710699393406
James Madison,2025,-0.5019123221007136,0.4124967436243088,0.0912205520735079,-2.5352382045238775,-0.06371149204644373,-1.0350370741104473,0.9183466843322694,-0.3557906304424292,-0.7956355827656818,-0.8394806526002867,2,1.526587331578236
Kansas City,2025,-2.380254343504542,0.6087942551322845,1.6644806903229372,-1.3287365111515261,-0.02874671953145915,-0.34039439164509144,0.5028456872447387,-0.40278792333204466,-0.38053375287732,-0.7097824488051973,2,1.4727085546883654
Kansas,2025,-1.5819858876138848,-0.3504391883662102,1.7965779976687395,1.4486810777847872,-1.532860063354624,-0.3010893746591993,0.15056238280688974,0.011423648732369668,1.7443759449148377,0.3188355720741653,2,2.993575903601215
Kansas State,2025,0.11463392822383082,-0.2650320606082429,0.1353382956074949,1.438745351051087,-1.33511983798792,0.1927353124342325,-0.6661673754300999,-0.1727364615561406,0.21354704782004863,0.1876664905334576,1,1.457099396691293
Kennesaw State,2025,0.5062626331555843,0.9275988319753837,-1.3204641637778982,-0.29783695169683344,1.5577816688900932,0.20346292233338922,0.8099692702094389,1.4357702756855248,1.7561085751480459,0.6993611343994743,4,1.6197930106326741
Kent State,2025,1.4646913990049906,-0.13026983330636188,-1.247638845489559,-0.5930664411907263,0.2697669211480567,0.7564224507717593,0.2905387809000132,0.8175751153682845,-0.007696836577592299,0.7930726534795882,0,2.0208463261297545
Kentucky,2025,-0.3864405465047066,1.2777334840891024,-0.8075727821834909,0.001180605108682637,0.6519661065632127,-0.6157363790567899,-1.0822417979891807,1.3922676532928306,-0.3518539900850333,0.19956636597220215,0,1.5018098540652574
LSU,2025,0.17400906284323858,0.5394637638229658,-0.6555774683805984,-0.4600388387291224,-0.3387712655477531,0.1722040016224476,0.8988192223281565,0.39857617337548923,0.6987310048324199,1.0018684942370346,1,0.9251027973377979
La Salle,2025,-1.8605960750787398,-0.29433205147941627,2.005259732147365,-0.21249545117559865,-0.5327787389441806,-0.39240704570161056,0.9062582554725805,-0.3122937464249351,0.7052001242592513,-0.050331018241434516,2,1.8299032250492149
Lafayette,2025,-0.7396175982536687,0.09719054053306689,0.6012981051626026,1.1566700363414775,-2.050519592150697,-0.6362163615915447,-2.0840005988002144,-1.5430145523616203,-1.126207585476777,-1.112394901149389,3,1.4682501353499198
Lamar,2025,0.3270835021279838,-0.8147146385249395,0.4396446256064796,1.118639072142858,-0.6395706547396764,0.3877827651461792,0.8757413126869305,-0.10305693651156375,1.7834847123588646,1.3695404829724094,1,1.6782065599767444
Le Moyne,2025,-0.33021808322289997,0.6184215508847749,-0.25725844690984895,0.9807998124423224,1.1784273688282112,0.7010060274424246,-0.5508076629184032,-0.4418460053564464,-1.7386048733356068,0.4641635963160527,1,2.6707035336794496
Lehigh,2025,-0.5512878140098738,-0.39441367897076246,0.8750129624195203,-0.944028918668347,0.09914697766387999,-0.3667429071868801,-1.405421294157263,-0.5534202723372199,-1.5201769585708218,-0.47778707018581257,2,2.071660205273919
Liberty,2025,0.8099818466382436,0.6379515605492672,-1.3390613338764088,-0.2716634837641577,-0.7983448065006222,-1.0253360297518794,-1.5460190205868816,-0.11658646022221113,-0.6099718552156143,-0.8624975169357534,0,1.6697975739040398
Lipscomb,2025,-1.2587671501280582,1.3828761170446735,-0.0897109737400022,-1.3311762471419035,-0.7969661708874665,-1.8747676863124114,-1.9382420431266514,-1.4898083375053934,-1.3023832712008245,-0.6155751015818028,3,2.088033066968165
Little Rock,2025,-0.6567877399346196,-1.0750315319885932,1.5957132544730879,0.4956873705504257,-0.1655322951366538,1.987171877384148,0.7825843294465261,-0.8770646336283391,0.9919977521821189,2.210645315120039,1,2.275181175374813
Long Beach State,2025,-0.6990701870788711,-0.4982973401958989,1.1078879744117767,-0.6700190783750138,0.5409722200133014,1.3298619617448855,-0.2659938862172277,-0.36386452434910627,-0.868089720346196,-0.2065168833749573,2,1.9278398917793935
Long Island University,2025,-0.8915154117545135,-0.7661338507846559,1.532333069917031,-0.23536352329013907,-0.49544716327505717,1.2752486749855405,-0.5896073259854003,-1.4992575286683854,0.097462293660793,1.164447932797076,2,1.4850963088291211
Longwood,2025,1.1511299983078451,0.0015175701698821355,-1.07553409488115,-0.3299622074949393,2.3883190600581505,0.9178529013398241,-0.7472309571950772,1.4491038967904075,-1.7386048733356068,0.6479116729437259,0,3.1957771249997324
Louisiana,2025,0.2716424663349876,-0.3779821956137042,0.09209472869099194,-1.0384725306553384,1.0609750904423256,0.01914307952059921,0.47604966993909353,-0.19672286989296453,0.46551924949514034,0.19956636597220215,0,1.8332370102943942
Louisiana Tech,2025,1.292700206289899,0.4491542390803615,-1.616889051276693,-0.3030833390547436,0.5899007078411181,-0.7547846815295973,-0.19471864990221247,-0.3967626293718368,-0.47864873085093324,-0.7737181830703815,0,0.8890862690242579
Louisville,2025,-0.9005539593347291,1.1304868761299796,-0.19322097013030506,-0.2868214857309174,-0.8215452743905886,-0.14647764880393777,-0.41036975203459863,-0.17681320289402072,-0.6735661118419896,-0.7293999970828381,3,0.6231133869556402
Loyola Chicago,2025,-0.8632526901361072,0.9937630926148111,-0.10302775934142527,1.0743868650765007,-0.5595098765956505,0.08058302712486207,-0.3958515085445831,0.5771658863560243,1.1968532006984531,-0.5501257866687078,1,1.6100701421905963
Loyola Maryland,2025,1.584472782881708,-0.25721617365053273,-1.2433488233535674,0.39000824474013834,-1.2124528835215695,-0.237395649072642,-1.7959705342395367,-0.19431275230888295,-1.1579062706682515,0.6401749118225606,0,1.3485891934061542
Loyola Marymount,2025,-0.16033095823676077,-0.35929124126652323,0.4780911272029613,-0.014290216916310444,-0.45062547651018714,-0.9229361170781071,-1.0636907090852725,-1.0736441528614935,-0.4809129226503242,-1.3622922853630257,3,1.675952787004634
Maine,2025,1.290786417484153,-1.3760189953324553,0.05356390430916694,0.4952032308856305,-0.9387320770870734,0.3650272289964514,-1.2492015981243527,-1.013351044633022,0.9100555727755856,0.33145665208495423,0,1.096925728386625
Manhattan,2025,-1.132558012575417,1.093788753059522,0.056818814384415765,1.4937894153135791,-1.236605981478148,-0.3729023004304159,1.1712738112426957,-0.36244714567465736,-0.032279490399552316,0.27691555632404175,1,2.2429441285694045
Marist,2025,-0.5564041470876486,-0.8280341437217474,1.2762252435779635,0.1583938717929658,-1.369968508618333,-0.021816885548910328,-0.931182931200215,-0.682992784357671,-0.6878169256518218,0.06866773614601099,2,0.9314059100086267
Marquette,2025,1.0448772187734443,1.1266354784106436,-2.0050277145282203,0.4983472975115819,-1.1838653323444808,-0.0031987196082239088,0.21802088791200913,-0.2279448476867648,0.3364603169298495,0.4892201522198258,0,2.49112530181442
Marshall,2025,-0.03334007260738226,-0.9145174918617636,0.8672092928667705,-1.1912624824392828,0.43645236055311215,-0.6157363790567899,1.1067866926719676,-0.08911111976366608,2.444422882162928,-1.2685807662829118,2,2.6416429515897666
Maryland Eastern Shore,2025,-0.05533706049005519,-0.9076004559378223,0.8814112933751912,1.413675041729506,2.067958963042204,0.7973824158412688,0.3090898698039215,0.5054247196031596,-1.0975278226844902,-0.09198058227704044,1,2.40254690364687
Maryland,2025,0.0688658534763858,-1.1044827412969322,0.9455145155630692,-0.5092081759575536,-0.5868099975295668,0.2707542935190112,0.12887929188024413,0.27210238396314385,0.9510266624788523,-0.5858254129849415,2,1.4446770542110405
Massachusetts,2025,0.4160678433373332,-0.658938652725378,0.21419281966324016,0.24186689969034314,0.45195496742587626,0.32310913608905945,2.7148731887107322,1.3385220311677852,1.0610016927349895,0.7388186161174176,4,1.6378766135779388
McNeese,2025,1.2711197496280955,0.5814128275195105,-1.71766941365758,0.6265643966288511,-0.27480793240466284,0.7601460839598975,1.3816801009753312,-0.5255943693209917,0.2191340145977669,1.255950762875302,1,1.9687818025730817
Memphis,2025,0.5715868995914386,-0.9099640318274264,0.2985746064167432,-0.23536352329013907,0.5361966768811202,1.8311339152145907,1.771975737654955,1.6087995030970719,1.442679738918055,1.764399986167116,4,1.5162945901587332
Mercer,2025,-1.3609068061479968,1.3903224068988858,-0.001209823364577917,-0.3350162603095985,-0.31854405423339754,-0.21583777272026825,1.5627529304680219,0.4515987602253099,-0.47864873085093324,0.9032247899421787,1,1.0894983376466885
Mercyhurst,2025,-0.32180204544706853,0.1717537956031237,0.14325496204145743,1.229143453478949,0.5342945093800034,0.15738296163019136,-2.014434015410559,-1.7736929316281473,-2.3522674448470373,-0.5188886136420029,3,2.4050471297833926
Merrimack,2025,-0.6682920554699584,0.3381961965243399,0.31440279824662165,1.097467646787596,-1.690292053722932,0.2946919354427501,0.26861476674084933,-1.208314950412084,0.2973515494858217,0.9719764626325329,1,1.8463807309829356
Miami (OH),2025,0.4533643322629807,0.5947539337131023,-0.9667995982644539,-0.05209714412770279,-0.07869535742527506,0.6218397084005167,-0.6838350791481075,1.1770441530342364,-0.07325058010281901,0.6339118194863793,1,1.4162362995459177
Miami,2025,-0.23001935853516442,-0.12530938550045814,0.3292007881317073,0.23939053722862205,-1.4681874439100069,-0.7590962568000719,-0.3958515085445831,-1.359845615971327,-0.007696836577592299,-0.1440425373215484,3,1.2224697065198091
Michigan State,2025,-0.7780871748850561,-0.3428924415461829,1.0395414529196727,1.3094830926389354,0.8858854625050404,-0.3755620384219421,0.5047195346087698,0.9688976344089022,0.6493304564820688,-1.2430230792610626,2,1.5774955561960242
Michigan,2025,-0.4550034548627245,0.43671519923923685,0.025307020950934636,0.6620085445123756,-0.12594742479538343,-0.03962556601391466,0.9607976886890383,1.0018390834435205,-0.5613409530895632,-0.7565627562364938,1,1.0192070878509272
Middle Tennessee,2025,0.7300653972790392,-0.15263084566410956,-0.5416983446411808,-0.8730258347383536,-0.7031391790819136,-0.30853664103547274,0.3090898698039215,0.8542089026463436,0.9387353355678723,-0.5813629596954117,0,1.8546960224490467
Milwaukee,2025,1.0527193027486865,-1.0472348532607558,-0.024881391354685495,-0.1129019854269888,0.6865510056951982,1.226486811807553,0.658910403420473,0.3200752006367917,0.9100555727755856,0.8124099510675487,4,0.48813596833798
Minnesota,2025,0.4313542766450906,-1.0202655794591793,0.5302723293541023,2.2619154397376855,0.22078505830155992,-0.7044829700407268,0.4999010699584048,-0.7985636608896441,1.2787953801049867,-0.9725713647441405,2,2.0607093388163324
Mississippi State,2025,-0.4422710237040644,1.6639420208998015,-1.1085677310711601,0.18262689714816302,0.035416849606316234,0.3263428175419164,0.6059072922664502,1.362502701129409,1.4979907100174643,1.2928674219068617,1,1.302743607328347
Mississippi Valley State,2025,-0.050008178142100346,-1.4754614092674068,1.395606449080742,-1.1978294498845439,0.5974979598157062,1.2980042111352668,0.544070329253423,-0.47402028748382485,-1.0497282180306784,1.1991559028267478,4,2.617185005616422
Missouri State,2025,-0.8404778974726554,0.3903657907484698,0.4273773602191085,0.6366963967141385,0.20195901127980778,1.109458340180385,-0.931182931200215,-1.3349869746040728,-0.11422166980608571,0.4554136879052111,3,2.0328700270279674
Missouri,2025,0.6996193013008061,0.4706984733407027,-1.0831680636983558,-0.5204167012760338,2.340398620013654,0.223942904868144,0.43894749213127826,2.2279759255735447,-0.6099718552156143,1.4802904600670883,4,1.9256432700085895
Monmouth,2025,0.46292469891105137,-0.3158999541498049,-0.14315402622820508,-0.22250173246811006,0.3763233564407419,-0.7547846815295973,1.2503135384022028,-0.20636334022929603,1.6949753965644874,-1.3326991740745686,2,2.46836174147105
Montana,2025,1.0498121347030178,-1.1332172139416883,0.0564408481494733,-1.0752146458374683,0.27425418453973965,-1.0458160122866342,-1.8428364430494104,-0.6592244342784566,-0.7390307877809051,-1.143632074176094,0,2.2571379097051514
Montana State,2025,1.2994932965222141,-0.6845036701478318,-0.586779533133976,-1.0576552903941014,-0.41596971964907975,-1.6386576119768947,-1.7373881482271951,-0.9510896737108829,-0.5692164028265753,-1.2998179393096168,0,2.439674895656886
Morehead State,2025,-0.42515641903606854,-1.7680089964869468,2.013128190473705,-1.3217757918390893,0.35501086350025224,-0.8605209322102841,-0.29514559735193924,-1.0558724048664838,-0.646845835948555,-0.7345738559692484,2,1.9671758593745023
Morgan State,2025,1.1439604968394028,-2.949645900940276,1.6292612218659765,-0.9980391372790643,1.1987524870320954,1.334981957378574,3.8059701281905856,2.8770808439066475,2.3798934158802836,-0.4407956810752415,4,4.4623620523455125
Mount St. Mary's,2025,-1.3297175888842245,1.6936966337197152,-0.30767352685863336,1.7183802976870903,-1.6586523736187624,0.6014869307262255,-0.3781069887234534,-0.12703903539665598,-0.7857912705944159,0.35711036906340765,3,2.4136579251039567
Murray State,2025,1.5838546454092752,-0.49949142193018753,-1.0212715438153432,-1.5194602203123095,0.8766465101306227,-0.1149077152523395,-0.35537640548151095,-1.062612387374353,-0.4848237993947264,-0.3343053184842035,0,1.5268964519334305
NC State,2025,0.2062550780209041,-1.0060097353142212,0.7272842955540824,-0.6291719298248678,-0.41393099921116505,-1.066295994821389,-0.8596287311422839,-0.9637427910273184,0.3364603169298495,-1.3935294583897306,2,1.7001676607101677
NJIT,2025,0.42492986336207184,-0.5554275779437106,0.1112883156867633,-1.3991256346480867,-0.09066737668815233,-0.8666161651075326,-0.36802487518872135,-0.6517831962375998,-0.20128523542552784,-1.5340967370099008,0,2.0715684991804424
Navy,2025,-0.5016131205985778,-0.3140811004188066,0.7552161589079932,0.0031050886435847976,-0.15979644789958705,-0.5874544984135572,-1.0371891535082605,-0.046262672143795265,-0.8107301947616219,-1.0023210533410019,2,1.153811174985746
Nebraska,2025,-1.156549438236492,0.7246454603082081,0.41669554761888355,0.6935620826047444,-0.6076730074194049,-0.3494966061049823,-0.4329536863523997,-0.4233944286759522,-0.3518539900850333,-0.36270274850848006,3,1.2375820492549592
Nevada,2025,-1.3674921557584983,0.5962539372345782,0.7309133189236927,2.604026997943998,1.222823254146658,-0.2638530427778265,-1.1648784667429528,-1.1021602259131642,-0.5239325668387542,-0.47629246860558744,3,2.164847788252332
New Hampshire,2025,-1.3946196152232162,0.44315906443047465,0.8961937927941215,-1.3522327800584002,-1.0204812254566948,0.2673122796476239,-0.027012211513941765,-0.42299037955156216,-0.16965314411050536,-0.6750744787755256,2,0.7231216341518527
New Mexico,2025,1.449535889192769,-1.0523239295951363,-0.39050764766259677,0.4592516750277114,0.5756102015184402,0.871855079604013,-0.13613626388987096,0.6317002742358615,2.17457238679914,1.0571687527053637,4,1.2840276485965931
New Mexico State,2025,-1.1707542713286772,0.5407638657331963,0.5980644158397139,-0.8868633083283565,0.323371233879929,-1.4781711991314517,0.276110156196974,0.3197117702074459,-0.7629305901078107,-0.8833222989535564,2,0.723236932928097
New Orleans,2025,1.4065520924406885,-0.9498538083878437,-0.44408189931743497,0.758470529687709,-0.6450379967110548,0.43089851785092526,1.2503135384022028,-0.8209433241704128,-0.025810370972720854,1.2320371375916996,1,1.2505084389114136
Niagara,2025,1.234279284851349,-0.10239427335361848,-1.0581211160411248,0.6753184168214229,-0.40267638552487384,0.18298293979863445,-2.121102776608031,-0.9339778388638967,-1.255266518042067,-0.019093845214729517,0,1.6861302517583439
Nicholls,2025,1.0972834648135374,-0.8129996222813658,-0.2806151499189194,-1.783529833737744,0.5050514334470175,-0.11934061190488368,0.800252033164535,-0.04408208956772084,1.1558821109951865,1.0801571484393022,4,1.7810395071605252
Norfolk State,2025,0.6211152568533223,-2.2133691185919555,1.4439984269813928,0.4253703007101673,0.6792608959924323,1.2551702607357804,0.9114546389190533,1.756181231327075,0.18462627861774272,0.6479116729437259,4,1.4967129379594601
North Alabama,2025,1.1267282414101751,-0.2454748573953354,-0.8269510692974311,-1.5515054141773903,-0.43794633830139484,-1.9059752787463229,1.2180932260954147,-0.05476694419048605,1.1538335565100233,-0.9874462090425712,0,2.8315534119437373
North Carolina Central,2025,1.8853428014027096,-2.059173201370207,0.12334394417428082,0.1027685223207154,1.8406739129927756,2.1797812369371963,2.229127571358403,2.0499586155192286,-0.20128523542552784,0.18394777945884966,4,1.9255317441849917
North Carolina,2025,0.3802485112180757,-0.6468200178049908,0.23653720774399864,-0.5958719542722994,-0.3156555264798214,-0.716355423684062,-0.9265739650129087,0.08400343479215881,1.3090783594508795,-0.7293999970828381,2,1.767268164302096
North Dakota,2025,1.5099348522164087,0.5506372711445637,-1.9123768448139624,-1.1228774297002329,0.4429375690197121,-0.6817274338909989,0.42039640322736993,0.5461289276898926,-0.9541290087230561,-0.9874462090425712,0,1.2863873507811845
North Dakota State,2025,-1.665179439227958,2.3477551082472536,-0.5926199972521209,-0.9286785634500673,-0.4278045068038393,-1.7565918767281128,0.03846221991161576,-0.2640643906246913,-1.941050257751749,-2.034810245820312,3,1.3056383147887862
North Florida,2025,2.1628677096077755,0.995385032064032,-2.9282552076824198,0.67615823133667,-1.0527193425602661,-0.4529744125963736,0.3129953622047441,0.37447499753466046,0.29117648094202847,0.08119392081837455,0,3.279876372419937
North Texas,2025,-1.0817254695341034,-0.9581258598410414,1.8853515378485148,-1.4152835295624424,0.9515592658201201,-1.1686959074951613,-1.0265885312774559,-1.2636819243664243,-0.868089720346196,-0.7063116518022307,2,2.276629381627015
Northeastern,2025,1.4966363855323175,-0.9935985192976134,-0.4881480234814472,-1.0156014827463957,-1.0870647940262108,0.5602457759651649,0.566852368258223,-1.0161628484811194,1.6496915605766664,0.8374623204122736,0,2.222148622390403
Northern Arizona,2025,0.8647897673850643,-0.35794904087623713,-0.47970040002032266,0.028491962399348786,-0.2567435905104588,-0.9229361170781071,-0.8039754644305603,-0.9065024984053517,-1.8575415366800898,-1.143632074176094,0,1.6787398191466727
Northern Colorado,2025,1.4044633262524342,-0.8857132643478939,-0.500773403236674,-1.163118969005583,0.5827694934830944,-0.4119117909728052,-2.026580561716689,-0.7963830783135671,-0.6878169256518218,-0.853572610356695,0,1.977142087723063
Northern Illinois,2025,0.11002493839921018,1.363686638643968,-1.3494192703274654,0.6740918540934282,1.102074759394987,0.0009386506008175177,-1.290426240133037,0.47744057654353256,-0.2849345435696977,-0.8486143289238848,0,1.5672207550071477
Northern Iowa,2025,0.46722872190921927,0.15303077900521397,-0.575890783345748,-0.8032686964203377,-0.1395546220992933,-0.5094355173287786,-1.3905432278684136,-1.71004717768896,-0.6878169256518218,-0.4370769700006335,0,1.6437380219986877
Northern Kentucky,2025,-1.2407106496227718,0.27716200006970776,0.9043407389011034,0.4455968463428307,-0.8026368054684505,0.6670552542564683,0.9094705652394902,-0.046857376482725366,-0.015518590066397551,-0.050331018241434516,1,1.8117924581032558
Northwestern State,2025,-0.21309327217107882,-0.35846487627755763,0.5265693861409932,0.3437208855315977,0.057084828045521466,0.6484370883157818,0.6227719185427307,-0.6525637456824441,1.3141795030305359,0.4892201522198258,1,1.2582040289377066
Northwestern,2025,-1.4091179857126988,-0.26602901575861615,1.5580987487291569,1.2283598601141827,0.35615165789570047,-0.1149077152523395,0.7239596762004099,-0.4381728314983504,0.6493304564820688,-0.9022539189697404,2,1.754093578776853
Notre Dame,2025,-1.4370084962715992,-0.28816990596430475,1.6043663839288156,-0.7606758084355721,0.1745725498280084,-0.5431255318881155,-0.9287736988750324,-0.011472468316417015,-1.4234342180513857,-0.6466770487512491,2,1.7514912131673
Oakland,2025,-0.8301443013617656,1.147038430623341,-0.2740541705110327,1.776088645471864,-0.5284173532329648,0.013800475381096891,0.6543014372331668,0.211425303585407,-0.4865241805879452,0.05832001837319051,1,1.7426159166872104
Ohio,2025,1.618980925134491,-0.8483249394165288,-0.7351271812060688,-1.018723948507014,0.4112272724336862,-0.12960626731077615,-0.6829052000050547,0.6082564031906931,-0.5692164028265753,0.4757687379978006,0,1.45651981898645
Ohio State,2025,-1.345189280568107,-0.534470124328719,1.743868015244741,-1.1816572249599335,0.8766545399661612,0.07570684080706302,-0.4011518196599861,0.15435092485509883,-0.4010192977289534,-1.775812956859401,2,1.5071325621968064
Oklahoma,2025,1.101181045085015,0.6358202991600187,-1.6088376913724214,-0.3177852394993175,1.9026024448404566,0.5106626603547064,-0.9338330867579158,1.9875666965612844,-0.3518539900850333,0.8555469995329972,0,2.664418646733093
Oklahoma State,2025,0.22178126288600286,0.24352715727094978,-0.4295943873928776,1.0149030848253047,1.3032724508833378,2.2017240753672893,0.4115625513683655,1.597896590216697,0.2545181375233161,2.83538877565413,4,2.9008289073511975
Old Dominion,2025,-0.16652404241033317,-0.6826107027543958,0.7794653055111943,-1.3755762352337164,-0.18029315410782878,-1.008579680405263,1.4154093535278922,-0.11554572762908541,0.8057655262581791,-0.5898821887026948,2,1.710055907798955
Ole Miss,2025,-1.017774933484171,0.5086851709749944,0.48464376498412864,0.4362686221012828,1.2710762696565583,-0.45189651877875464,-0.2659938862172277,1.7173925153856027,0.37947996111827953,0.5431752692659516,1,1.2797946493159833
Omaha,2025,-1.002415164931244,0.8212508293377326,0.1845476158422566,-0.938458360004869,1.3272936296784628,-1.3584052193960447,-0.2923559599227812,0.9288020418737066,-1.339041614619537,-1.5299865826642818,2,1.5237947003932681
Oral Roberts,2025,-0.21414473044549662,1.1044291627786291,-0.8099023717726918,-1.6773972472187806,0.931110531937151,-1.6120272941298464,-1.2492015981243527,-0.09705741921001027,-0.9794346817750738,-2.255307937773521,0,2.327752555410279
Oregon,2025,-0.6302554378279279,-0.5743855244383536,1.1132390303872028,-0.04646698239880157,-0.8138227857899458,-0.1335258811930259,-0.18673014271871116,-0.3299366418131791,0.6102216890380417,-0.2491130284113727,2,0.7659011309583766
Oregon State,2025,0.5485689807164942,-0.46847552342728654,-0.08357830795880418,1.1320322742241058,0.9397372654260229,-1.4230788484531647,-0.5852678899844861,-1.3101971937392225,-0.8409194187535028,-1.4313428783694258,3,1.4540289910305095
Pacific,2025,0.7190098433753839,-0.020266663300781525,-0.652396282352447,0.7701667421491987,0.6140460200343133,0.6249194050222832,-0.721960124013282,-0.9173480275337252,-0.7503517467778608,0.7059373813524656,0,1.570618955912674
Penn State,2025,1.4460339487654843,-0.4784961025770371,-0.9118627886493607,2.211477126916464,0.32812042347737824,1.0021822411888135,-1.119343975796996,-0.8721583228321717,0.46551924949514034,1.0742072107199299,1,1.5370180449471103
Pennsylvania,2025,-0.32900779854890577,1.1126471159601135,-0.7102341986215104,0.2662134241633018,-1.4583324035070886,-1.426158545074931,-1.1961984869703302,0.7943519109330888,-1.6301519888269589,-1.478316070890786,3,0.8673799225163126
Pepperdine,2025,-0.128242655399239,-0.33255397692066296,0.42370419123114933,1.2917070730628666,-1.2675837114913735,-0.97134334852389,-0.2879179003763916,-0.6983559797800175,-0.6412588691708369,-0.788664198872633,3,1.109662217809378
Pittsburgh,2025,-1.1716778505728018,1.0735788876922971,0.11179935874025235,0.9250896509956318,0.3141831661231656,-0.31438806461683183,-0.719170486584124,-1.020983083649285,0.09063377871024854,-0.10983039543515727,3,1.2294509819110766
Portland,2025,-0.005247795262419992,0.4867154150884474,-0.4400833994161671,2.0702297435669768,-1.4489537374159904,-0.8194583105867157,-0.31188342192689417,-1.6427934203426493,-0.43336489486311147,-0.8394806526002867,3,1.255834417631304
Portland State,2025,1.8140154780835727,-0.9135253471261401,-0.8575089770505958,-0.4818063237287371,0.08110833636187269,0.8404981685460148,0.586379830262336,0.18648582597620125,0.6534471688445981,0.3113625641730396,4,1.8737882261134748
Presbyterian,2025,0.510061390961282,-1.6537291967662642,1.035973845867128,-1.7728137479390291,0.6875930204867086,-0.5036988275431331,-0.6817565257695183,-0.08628277589293357,-0.7769892973589316,-0.638324863449991,2,2.4544111162294437
Princeton,2025,0.44946634349174963,2.143901606009409,-2.3794726946667732,-0.008376733412481574,-1.9366228442819289,-0.7590962568000719,-2.1396538655119377,-0.09903277048480835,-0.8107301947616219,-0.30022840245507115,3,2.874131512031936
Providence,2025,-0.40901941073172954,0.6952039636951413,-0.25392548971046425,-0.2463763594567102,-0.9973068405804646,-0.33389280988802655,0.747248922010511,-0.41041996234830774,0.09063377871024854,-0.4370769700006335,3,1.661458825485625
Purdue,2025,-2.317540650122922,0.4816186651834823,1.722231517297187,1.168142582060257,-0.02431750058097224,-0.35694387248125564,-0.49029341569175106,-1.0251460140217905,-1.6971955901595772,-0.41949760855703433,3,2.970120311356834
Purdue Fort Wayne,2025,-1.9331969349109395,0.9548236846935936,0.9309629537792642,-0.9327608673625244,-0.5320246509768684,0.6413444536717114,-0.5601611531220544,0.00825189225807841,-0.5649036565420209,0.7826602624706873,2,2.0323119338579363
Quinnipiac,2025,0.12247638579323733,-0.4988597556630869,0.3417976063893202,1.0790621596805618,-0.7817434107195499,0.7973824158412688,0.3866671506748103,0.25287361033775557,2.2527899216871936,2.0510788035550536,1,1.753928167632228
Radford,2025,0.692995095762711,-0.5925702749207811,-0.10489193698819453,-2.200487911781131,1.3335322446562923,-0.6362163615915447,-0.2598101899159241,0.1619829638713593,-1.2409266366459237,-1.5427737295173192,0,2.4870121865211567
Rhode Island,2025,1.329047537439968,0.34819322525740304,-1.5585018599646319,-0.22314289851108154,0.5745823257995626,0.5818036523175372,-0.2923559599227812,0.21058700181703002,-0.025810370972720854,0.6730561465875126,0,1.6797638044592573
Rice,2025,-0.7274589446005666,-0.45324063794366554,1.0931850438033057,-0.4175312654849461,0.9111633538127168,-1.8973521282053725,0.17630312817594815,-0.14370028304314383,0.11004113699074293,-1.628630286959139,2,0.9768879321490966
Richmond,2025,-2.223545515868744,2.235854651639719,0.03070975531806054,0.19988949647526527,-0.7587495807286591,-0.8841319396438355,-1.8350254582477639,-1.7801701226353692,-1.429609286595179,-0.6093120092456217,3,2.357602725740428
Rider,2025,0.4707539639790429,-1.1485639479826653,0.6108045091919032,-0.05209714412770279,-1.0847026686696377,-0.7106890253542889,0.08310387770176904,-1.1541968555694997,0.02359017737763024,-0.9306513489940169,2,1.4684237148585146
Robert Morris,2025,0.43695518367971187,-0.6552178455034495,0.19130059473619415,1.810997791927165,0.07524144672442376,1.1511275687143006,1.1455753331074108,0.37151712595419706,1.3141795030305359,0.3472330020984418,1,1.4074940955550028
Rutgers,2025,-0.053643769648909746,-0.48282458712111526,0.4914793180335625,-0.5729135860341931,-0.03242866024536606,0.03669735026467369,0.9769290703446109,0.3724091824625909,0.9100555727755856,-0.318078215613188,2,1.802153859602063
SE Louisiana,2025,-0.47002877004681465,-0.725622716021141,1.10199654491722,-1.300705534234555,1.0270107342197372,-0.08033112136249435,0.07587618072622138,-0.7418685139116961,-0.5239325668387542,-0.5263260357912187,2,1.4521833220411136
SIU Edwardsville,2025,0.1827979769295699,-0.9247861437469568,0.6749138909958367,-0.8421598922700133,0.35528816491883175,0.05620209553586836,0.19955010675227447,-0.1051384016978178,0.2545181375233161,-0.02058132964457314,2,1.4847080221399656
SMU,2025,-0.6666370340414091,-0.0023717855051911116,0.6242232071762537,1.7499716388792226,0.04417692727924704,0.35054643326480783,0.8757413126869305,0.22789602810271484,0.4537866192619321,0.688002162389764,1,1.3265993985558067
Sacramento State,2025,0.632169530529479,1.5774969106370396,-2.032121087829339,1.3470870512179876,0.36617902722729323,0.2799933833843134,-1.2882565221325801,-0.8040725010818314,-0.1616618789361839,0.08119392081837455,0,2.639783858967306
Sacred Heart,2025,-0.7234119961675128,1.413766720927103,-0.6175053196791175,2.15455094553051,-1.5100504237002776,0.741527918019211,0.9431998177920512,-0.011472468316417015,-0.40660626450667164,1.3695404829724094,1,2.413383963147273
Saint Joseph's,2025,-0.8371084816278765,0.18984530901185817,0.6075594062896871,-0.2571736418904839,-0.8195919217859449,-0.8410161869390894,0.30234401929341037,0.3361322177878887,1.9399197821349743,-0.41949760855703433,2,2.118689164056613
Saint Louis,2025,-0.2787606778601822,1.7401252822304356,-1.3307937579013804,0.4715572123405676,-1.7751330535230336,-0.021816885548910328,-1.416161398259525,-1.011824636829771,-0.1367557691428824,0.6993611343994743,3,1.8112529343437946
Saint Mary's,2025,0.5863155790741006,-1.8609724157778855,1.1542916572499735,0.8626850727430243,-1.590866791347639,-1.885495296211568,0.5688051144586337,-2.410777388510638,-0.2658147017081733,-1.9557985728704128,2,2.684839351314035
Saint Peter's,2025,-0.17818643307884688,-0.1419111541356031,0.2960124481879709,-0.7829399029950005,0.2775956365036061,1.043142206258323,1.5705639152696684,-0.05934616760024442,1.1538335565100233,0.6681239613727705,4,1.296830977124068
Sam Houston,2025,-0.4842858715385235,0.4030242989913772,0.08343308935721509,-0.7558427867038735,0.48378631373438113,0.3446670124414332,0.566852368258223,0.3792952327028262,-0.34279722288746944,-0.5435495397157165,2,1.5533779055411696
Samford,2025,-0.20764765640642047,2.035898099532175,-1.6675617091090364,0.7953910787682761,0.735326573428024,2.0692971206312833,1.7580275505091594,2.297748829632742,0.5628794968689561,2.613048997719691,1,3.607834323244554
San Diego State,2025,-0.5719460150128267,1.5896589139501602,-0.919651493375609,-0.2092841899850459,0.9866227008009972,0.5243159820445419,0.6942458108564882,-0.13566655776286757,0.7052001242592513,0.5744124422926566,1,0.6226567187793927
San Diego,2025,-0.07699991080827867,-0.3957943834498399,0.43370600222542094,0.406006127178124,1.6911495684117615,0.408262747680934,0.8656225369211624,0.23372413062422406,-0.17977541333131244,0.4807009232125427,4,1.6655275902738933
San Francisco,2025,0.4897573822266583,0.04682176215581132,-0.4998110690993695,-0.46168854410109633,1.004553151459463,-0.36997658863973704,0.1235789807648412,0.04139674741441646,-1.083187941288347,-0.7375488248289345,0,0.875464334061609
San José State,2025,0.0931019007197652,-0.11727242302747697,0.020340887215886352,0.26602244077382303,-1.1565771059483974,0.14574660791726307,0.4878549083324907,-0.8773619857978054,0.06269894482165726,0.2052458519770568,1,1.5590192143043464
Santa Clara,2025,0.6780054261127078,1.340598210161344,-1.8583066825937742,1.7939885716425508,-0.9339034614004692,-0.021816885548910328,0.21535805218417536,-0.8305837945067444,-0.25222955091182664,-0.4449058354208606,3,2.5770438057229117
Seattle U,2025,1.636069928792666,-0.8295419758515007,-0.768245685517032,0.8002458156472639,1.3767164569529713,1.2297376026860862,-0.5689950049810588,1.3907412454895798,1.7704484565441885,1.1297399627674045,4,1.3423393359793727
Seton Hall,2025,1.26138635933665,-0.750015781056521,-0.49132650986251714,1.1047009152453526,1.112803478573079,1.5970769719602533,-0.01246233786381787,-0.2752238426316621,1.0739399315886524,1.4371534116016398,4,1.36840297048951
Siena,2025,1.1422834843505787,-0.43228691257412205,-0.6706728549279354,-0.3715555972167325,0.1856789420209033,0.11471633134945237,-0.7015027828661163,-0.49110151766307975,1.4836508286213217,0.3066652449209031,0,1.2743858981649094
South Alabama,2025,-0.4533963190144261,3.137839926006003,-2.4456996529055695,2.192829680881516,-0.595340712463414,-0.04457242169863817,1.2861138854097443,-0.14584260978455083,-0.7151309854539996,1.3032798129157626,1,3.82253346577775
South Carolina,2025,0.18680008446794752,-0.31898985769364313,0.11732933730684895,0.4702798448156673,0.6135039881254275,0.2153197543271936,-1.1320368260996712,0.31181194034850823,0.9704340207593467,0.7059373813524656,1,1.0499584475959929
South Carolina State,2025,1.912586655078011,-2.1002445093972404,0.1354715594847018,0.9426823335577429,3.040951722265949,3.5682035823080516,1.8499214893520473,3.8707049823032573,-0.32148718242261215,2.117896285965116,4,4.573455783051272
South Carolina Upstate,2025,0.2185787457556584,0.24391588816874823,-0.4269614406003937,-1.133472246087802,0.19354336272972658,1.062417483938092,0.45313361894014936,0.778382350302422,-1.1818800661912159,1.8238993633608387,1,2.097015079026998
South Dakota,2025,0.8481128745535363,-0.08922097996675846,-0.7098237978580876,-1.976321704386329,2.1525533309146465,-0.3176388554953636,1.4304001324401403,3.2224306093925144,-0.42833335753113194,-0.5015346286271665,4,1.618361878298968
South Dakota State,2025,-0.7826696403716566,1.0162148721678332,-0.19874828137768633,-1.6526943140465549,-0.2564739562690067,-1.1301453521356237,-0.22343550579061433,0.4147381383511043,-1.3337141045033227,-1.5203156312628257,3,1.6761864447841273
South Florida,2025,0.49629661084623367,-0.6659206893470507,0.1457127939345744,0.1484763510332463,0.9369651059663824,0.2153197543271936,0.8402368363158149,0.8637288671034702,1.2874208726740952,1.0018684942370346,4,0.8845789684077212
Southeast Missouri State,2025,-0.2529122305198072,-1.7303282224273633,1.8179533605134477,-1.2511607597592096,0.7470695103981506,0.313310101383435,-0.7769920623885118,-0.8294882865139781,-0.09373612495445237,0.3472330020984418,2,1.937839517469265
Southern Illinois,2025,0.9797384895547884,-0.18177611374662547,-0.7480281163624115,0.4455968463428307,-0.03142336983247416,-0.2079985449557687,-0.15300089016615148,-0.9439688717579114,-0.6803676366148639,-0.07872844826571108,0,0.5421342021395028
Southern,2025,0.35348931210112755,-1.2939561504957429,0.853151954320791,0.24560016227702378,2.1491407617745675,2.2764922655735367,1.6159110214792205,1.3754771674570534,1.6748492472365661,1.9974392135091978,4,2.388258583501188
Southern Miss,2025,0.28936926040836436,-0.35284667649722423,0.05257325434493103,0.3288798388151429,0.5172285671205115,0.776902433306514,0.5131518477469101,0.7786517163853487,0.42249960530670955,1.1366815567733388,1,1.1791805108950555
Southern Utah,2025,1.462462854587189,-2.763531616839408,1.1619038897028524,-0.9163238929231088,0.5418123021027403,1.5397817827261187,0.3044520975779448,1.0396674507415165,1.1968532006984531,0.5353659760092759,4,1.9742623480531123
St. Bonaventure,2025,-1.3729986257641051,0.6947950611219219,0.6459601776454471,0.13757623289830176,-1.5740838292474597,-0.6976563091958076,-1.2492015981243527,-1.9230900953714798,0.0353228076108385,-0.08156819126813951,3,1.2520818159253677
St. Francis (PA),2025,-1.3651939995187368,0.875826334224999,0.4731694043053086,-0.7008301050645737,-1.5428909202414973,0.0859724962129555,-0.565740427980373,-0.7245386208071003,-1.4748931225830006,0.4757687379978006,3,1.2132330308481891
St. John's,2025,0.5531920827119967,-1.1048391774499347,0.49390411695696734,0.7251734205873722,-0.5642442487263699,1.3494515102563902,2.154519931201382,0.934146215647109,1.8327957669622044,1.7424110858998705,4,2.259976334610774
St. Thomas-Minnesota,2025,-1.0926922679723214,1.47492682027031,-0.32883686081645414,-0.09144234927769015,0.6763834993281252,-1.013479197758075,-1.0539269780832154,0.5937956976861958,-0.25222955091182664,-1.7272739912539947,3,0.7205515995697241
Stanford,2025,-0.7182371638105325,-0.30336579776039846,0.9475567018957304,-0.9826230371912869,-0.5584355695097886,-0.41279837030331346,-0.7769920623885118,-0.8523844035627648,-0.3674974970626446,-0.5330873286541417,2,1.0190335033396558
Stephen F. Austin,2025,-0.5994183282194397,-0.4575755110609664,0.9776704770583379,0.6031631290546845,-0.49687567694536505,1.6370616997662026,1.7746258932126557,-0.37302297116862304,0.8096764030025814,2.229982612707997,1,1.9361013896165082
Stetson,2025,0.18510569910762742,0.5239503215036243,-0.6517488162931713,0.12332599532581459,-0.5466758816223775,-1.0565949504628211,-0.5071580419680316,-0.9052974396133096,-0.8409194187535028,-0.7408369483054296,3,1.0327713069191211
Stonehill,2025,1.0681846544113713,-0.11152737000496593,-0.8947843378662449,-0.2504031388157751,-0.3402551198158979,-0.6241693130416884,-1.4892745133513985,-0.7839409306736107,-1.2324914122952513,-0.638324863449991,0,1.4433448971929035
Stony Brook,2025,-0.5408563738646331,0.7201016647730162,-0.15366805583667884,0.4242214087310323,-0.8090932111013948,-1.2733713737839067,-0.36287179493763566,-1.9775319736874855,-0.23713493891588658,-1.5427737295173192,3,1.2211101049980932
Syracuse,2025,-0.4039665089778822,-1.096465391534806,1.3793957140970143,-1.330695522104022,0.3849783459852309,-0.15214404713371088,0.16742700908316893,-0.15093063579539115,-0.09373612495445237,-0.30590788845992584,2,1.2732471965419443
TCU,2025,0.4044285438836257,-0.246302263686854,-0.1521996638499395,1.287872099655844,-0.540609370371133,0.3877827651461792,0.7119135145744958,0.35278393927791585,0.5822868551494504,0.4554136879052111,1,0.7361721167282784
Tarleton State,2025,1.6100532735298203,-1.7172185501202435,0.06759060721187195,0.784636353367427,3.6347206728573767,3.3272626113109394,-0.8781798200461922,-0.3152439463808004,1.146241854594418,1.8606489786863734,4,2.8472116971458274
Temple,2025,1.2763823697368455,-1.7883144070128947,0.44394631264679624,-1.0430141942501727,2.3170589104760992,-0.560763794358238,0.23488551418828965,1.1047406255117527,0.8798663487837046,-0.1489747225362905,4,2.2419199206681784
Tennessee State,2025,0.38649182677422134,-0.9853890049482171,0.5402485869563891,-0.46746723809740853,2.0475540065283173,2.007563201985851,1.6009202425669726,0.9251868654975829,0.4537866192619321,1.1991559028267478,4,1.505974281078889
Tennessee Tech,2025,-0.4633360933555208,-0.010935883788465021,0.44234802500280335,0.03452168742678095,-1.4005732590645819,-0.31438806461683183,-0.2244747824799089,-0.6720898714772988,-0.5239325668387542,0.5149130650989339,3,1.2704500137580828
Tennessee,2025,-0.31149184930767737,1.1072524285201175,-0.7216466450926619,0.7616406542586116,0.2872548888954564,-1.1389068419900634,0.16742700908316893,0.2653624014552746,1.1968532006984531,-0.6182796187269713,1,1.8006826143454564
Texas,2025,-0.6341977785748791,-0.7407156007738913,1.2689852242119133,-1.0844048426959287,1.9188169781675517,-0.9229361170781071,-0.11758517498596267,1.4495079459147975,0.8096764030025814,-0.7375488248289345,2,1.841756082421216
Texas Southern,2025,-2.9813812702313696,-0.32681138816425315,3.080785210654871,-0.47311261786027026,-0.3476461472639666,2.629801905792985,2.6562908026983907,0.9456728649622881,0.3364603169298495,2.4157615891299766,4,4.937617383697309
Texas State,2025,2.0288572501852404,-1.691177573986199,-0.34701329697542027,0.03462076422953983,1.0030770099213855,-0.06732795784836457,1.1212153173750068,0.5283208366519462,2.1528452937746794,0.817368232500359,4,2.005137789220775
Texas Tech,2025,-1.6475522562246292,0.2768177122749792,1.2842890395289872,-0.25694325331371975,0.06577689832547098,-1.250615837634179,0.5047195346087698,-0.17590821803043188,-0.7585851715029187,-0.9590487790182946,2,1.1232652404644963
The Citadel,2025,0.07532219050666086,1.6002905861858894,-1.5333528009714636,0.587095104967863,0.2974596098588702,-0.15116414366314845,0.44968759623354004,-0.2834871029199455,-1.1579062706682515,0.14695639034827854,0,2.108721514210984
Toledo,2025,1.5287840522780272,-1.7309686931050474,0.15599592884033314,-1.4317082822686094,0.01915662256900433,-1.0867759773561438,0.25343660309219795,0.2085384018705608,-0.8250700761577653,-1.4872409774698445,0,2.5779311165809604
Towson,2025,0.1567368178940129,-0.10998065992303598,-0.04570486505011273,-1.7940936179413298,-1.2497415181985498,-1.2096558725646696,0.8470714480172541,0.09405781662662739,0.12136209598769856,-1.3310551123363217,2,2.1875662227340156
Troy,2025,1.323132809523189,1.1956556799925386,-2.3277764086744437,0.4856533386741817,0.5857166791521833,0.592582590493724,2.2940563825220814,0.7030945301243511,1.1538335565100233,1.5427648061204982,1,2.998787957849868
Tulane,2025,0.19333665522582727,0.3785076995245192,-0.5264581980089622,1.1583221311773386,0.1669018742616655,-0.5133364663830176,-0.006278641562514228,0.1696150028876224,0.6375978262488605,0.012143327811974374,1,1.0999845418828353
Tulsa,2025,-0.16293483521943464,-0.206751718054872,0.3410613963896085,-0.10200036484570033,-0.149131612387748,-1.2301358550994241,-0.8967309089501005,-0.1463514123856328,-0.6099718552156143,-0.23775405640166228,2,1.3447255792535244
UAB,2025,0.42372238327514383,-2.193568098172223,1.610087280259079,-0.03276374389520668,-0.6920133989291326,-1.4651680356173218,1.2949477372687488,0.3309781135171664,1.2378242904017198,-0.6155751015818028,2,2.752588607503928
UAlbany,2025,-0.718701955863643,-0.8474870566754901,1.4454540238966986,-1.1861383790040967,-0.7095570244503214,0.29676062054727076,0.37917176121868557,-0.5198125215813982,1.6748492472365661,0.1579168019365962,2,1.4809595509919724
UC Davis,2025,-0.0924194911916963,-0.6441447524145266,0.675149046054604,0.3800650952902841,0.8211222716385944,1.928657641570564,0.25255321790629726,-0.026637428959120222,-0.5649036565420209,0.5744124422926566,1,2.0762825789717847
UC Irvine,2025,-0.4616889460687684,-0.5731544253377627,0.954820112084401,1.853425026258184,-0.36148937260814923,0.8558966516548528,-0.3481487085059633,1.1138072583280625,-0.5649036565420209,-0.4370769700006335,1,1.4461916427879389
UC Riverside,2025,-1.6205222605259018,0.4789998449544376,1.0742214161728552,-0.5925886352287455,-0.10603499697324814,-0.2558738288032478,0.30555632906032,1.026583955285067,-1.5891808991236922,-1.5080657594876474,2,1.1924199768523793
UC San Diego,2025,0.01976040577493046,2.004798996459521,-1.8513291577858066,1.1603937560817863,-0.7037031348907826,0.36730278261142446,-1.1935483314126292,-0.06850461441975858,-1.083187941288347,0.29327788505231606,3,2.6920568435806613
UC Santa Barbara,2025,-0.7143275986552154,0.9665636326412975,-0.21712614408176212,0.7005654484041169,-0.11673948143854693,0.22021927168000582,-1.0974199616378322,1.6245591680787024,-1.3061079157193032,-0.8170616288969096,3,1.6950083380944723
UCF,2025,0.05524768902402164,0.16702252840154228,-0.20425350420768576,0.2714461851962682,-0.07218038201510003,0.8508084572362804,1.8641550614010816,1.86990056459752,1.4587119044541157,1.063342107058467,4,1.993693987984672
UCLA,2025,-2.2040342056716145,0.5818678028631891,1.524663053953951,1.7589238389651234,-0.03861058056784926,-0.041321630820104996,0.3585594402143428,-1.0667753177468584,-0.5239325668387542,-0.22882914982260388,2,2.9276179242737026
UConn,2025,1.2105292496074123,-0.2434160084433611,-0.9070300795247306,0.49740904838012073,0.13722904439301536,-0.9341070166425186,-0.08554238506103076,-0.9293986154541384,2.526551293795386,-1.3282153693338934,0,2.644198041058249
UIC,2025,-0.3372766955510154,-0.3054836360426155,0.5940097063584188,1.43912918892208,-0.025075881896971654,-0.5094355173287786,0.3585594402143428,-0.9490238586388134,-0.19616384921261912,-0.704824167372387,2,1.387129595180012
UL Monroe,2025,-1.014584245326838,0.27905832037657297,0.6916031240798806,1.2901066497304432,-1.1871622461150604,-0.8637717230888173,1.3067262064140872,-0.9293986154541384,-0.18933533426207466,0.12320883190692462,3,2.254305139476912
UMBC,2025,0.47890056421722155,-0.41019047984954105,-0.07185624083829338,-1.1462022342641744,-0.6362523509363668,-0.1754167545595689,-1.1564461536048127,-0.9866389080761051,-1.4381000058428957,-0.1284239508081959,0,1.619909968003254
UMass Lowell,2025,0.8752414004962942,-0.6555479846553603,-0.2173728203608109,-0.8386017146089795,-1.88525843389204,-0.8651102840388005,-1.1182527352732379,-1.1502788034541978,0.9944078162823111,-0.4913264021478513,0,2.272217795371514
UNC Asheville,2025,-0.9842257910911593,-0.7303213801877921,1.586101719005558,-1.057423789333544,1.3159804911197022,-0.06732795784836457,0.7501935392968462,1.1872202050559197,-0.18933533426207466,-0.640366508745854,2,1.9174444435143174
UNC Greensboro,2025,-1.754332409238472,1.3451397026946896,0.40721327098289084,-2.0327385231813513,-0.007707404976264652,-1.2721737139865528,-0.2728284979186669,-0.4618358041420732,-1.5654607945586427,-1.1682930002498078,3,2.0636467054911916
UNC Wilmington,2025,-0.6424669900401013,0.01650951480401325,0.5844073119741516,0.21697558813122203,-0.6217651221365497,-0.19735959298966238,0.46456566252238957,0.38549267791904007,0.45937358603965034,-0.08008070683829589,2,1.5477640703096476
UNLV,2025,-0.16415652954636722,0.22936369345313154,-0.056517729868980036,0.8723676870361846,0.46510456288065855,-0.4899307720575839,-0.7721735977381466,-1.0297054139535855,0.008691599303714381,-0.6155751015818028,3,1.0590177646044099
USC,2025,-0.4148880176108173,-0.508606709674137,0.8521362194143597,0.9853209911630365,0.4305285595092358,0.592582590493724,0.36980252439852973,-0.323692246254417,0.06269894482165726,0.06325870185567285,1,1.4936777991135268
UT Arlington,2025,0.6640469617504826,-0.14665618502536673,-0.4855573212252073,1.1969486249715677,-0.0564960864566943,1.062417483938092,1.0205786912949826,0.6814105604487369,-0.0684304519024347,0.28041551968837836,1,0.6947662711530954
UT Martin,2025,-1.486532573799901,2.3294562998079997,-0.7425899058967903,0.9696726025151756,0.31466557570842124,1.285001047621137,1.1889415149607032,0.06058587408387506,0.45937358603965034,1.7941496747639774,1,2.283341962662438
UT Rio Grande Valley,2025,-0.8116102770617876,0.6931191140737254,0.12364765559155838,0.7670911472476157,-1.748150738311965,1.104582153862586,1.3479508484227716,-0.6866997747369991,-0.4809129226503242,0.9492585186131111,1,1.402923056134898
UTEP,2025,0.4080251421450692,-0.03781734919976828,-0.3461633562600499,0.41648383783923165,0.7965084099572188,0.732708786784149,-0.4485756559556901,0.7745545164924077,-0.25222955091182664,1.4950870157113167,1,1.5070378793828567
UTSA,2025,-0.7031416372943624,0.676036307869216,0.03805097904503143,0.6899538766040937,0.7829502417892157,0.3877827651461792,0.07866581815537943,0.12141265120596746,0.9251501847715257,1.3964433114164607,1,0.6937350589152386
Utah State,2025,0.24551610703488497,1.5493284208336386,-1.6455725436412763,2.0683109186596935,1.3718360470134332,-0.18938037901508373,0.4878549083324907,-0.3007961292056303,-1.032346543611111,0.54601501226838,1,2.2962820113704834
Utah Tech,2025,0.9795340598433778,-1.1663067326327732,0.15227112185322492,0.148599673081223,1.385119689270375,0.869664707140402,-0.7254061467198913,1.036973789912247,0.3364603169298495,0.537662826967122,4,1.1623332401698296
Utah,2025,0.06606755104865061,0.6469154395452489,-0.6530925313701968,1.631168003948244,0.797444824694616,-0.19735959298966238,2.03699129342507,0.6209955961351302,1.3197664698082534,0.1579168019365962,1,1.5303344008650561
Utah Valley,2025,2.4547487614066967,-2.208849423878177,-0.27114054426402295,1.0846519624599256,1.0784380290379938,0.4560493735953613,0.2142731931839468,1.09054771084993,2.9176389682356607,-0.050331018241434516,4,2.3801116325238114
VCU,2025,0.28936926040836436,0.8667724249806885,-1.0624651960254257,-0.04002827781773366,0.031087184031406215,0.13422107662064706,1.1182707000886716,0.6100926832547554,1.1968532006984531,1.0504074598424409,1,1.264364882316428
VMI,2025,-0.14179574197957076,2.262599725284999,-1.9362719643886062,0.5180111685769713,0.594933208792323,0.5048112367733473,-0.6484996717120922,0.32661694836501753,-0.8107301947616219,1.1694062142298862,1,2.833445119042388
Valparaiso,2025,-0.4219400437963425,-0.22508522316795232,0.5995067208294652,-0.5378837896292114,0.10502401742921891,-0.8053988260090822,-0.5232894236236042,-0.6168168435707023,0.26164354442823146,-0.6750744787755256,2,0.7978023900895075
Vanderbilt,2025,0.5380423362111334,0.09073943963859649,-0.5850187001822451,-1.0006846919361123,1.2852439630106944,0.1722040016224476,0.703544602287019,2.0037144843746386,1.4232723806375598,0.34424379893799156,4,0.8497318511469057
Vermont,2025,-1.3954517728175215,0.8650470606127896,0.5112586147274142,-0.8696154199157933,-1.1448980128881074,-1.4554156629817239,-1.6202233762025133,-1.651898308993629,0.9100555727755856,-1.5427737295173192,3,2.2152813268137415
Villanova,2025,-1.8903125799832539,1.6120952092171916,0.2900351465534328,0.828476450400613,-0.8342444778672025,-1.6602154883292686,-1.3335247295057526,-1.6953778039953664,-1.3061079157193032,-1.7541768196980463,3,2.3060418140226604
Virginia,2025,-0.2048561099004582,0.1258384447445952,0.07610811393261577,1.1024524241303861,-0.7670526372901982,-1.6407107430580739,-1.8852389319726286,-2.0545792247087973,-0.31907711832242,-1.2105688735190325,3,1.418046245235136
Virginia Tech,2025,-0.5968514714882116,0.2393814318086192,0.3380814332990959,0.16595081989860894,-0.785646846905765,-0.09983586663368901,-0.5778288568400619,-0.8508976427154408,-1.6301519888269589,-0.4965763471943563,3,1.111614792465531
Wagner,2025,-2.7716140877293234,0.33601226044863497,2.2790590489652884,0.8074460804155805,0.46438711243691344,-0.2868519536457335,-0.8781798200461922,-1.495067389600634,-1.7386048733356068,-0.7118240941010603,2,3.5695084204031904
Wake Forest,2025,-0.943100353643516,-0.005511086637559849,0.8850677863276044,-0.28371573888537976,0.8441912429345407,0.15372582189184172,-0.7545058940201391,-0.6175753070754251,0.008691599303714381,-0.2883285270163266,2,1.1513546840857738
Washington,2025,-1.0956648330120495,-0.4397978321659409,1.424476571725387,-0.06376151014263061,0.29924258903825474,-0.04337476190128407,-1.0343995160791024,-0.42568404038083135,0.3364603169298495,-0.21473719206619557,2,0.7578049151767245
Washington State,2025,1.0990630592475503,0.4058044837091726,-1.3965690712357457,0.9815151155846629,-0.07778344845610288,1.4937018220229208,0.19778333638047305,0.00018373672660147058,-0.05071648076602233,0.7305983074261794,1,1.777922654869112
Weber State,2025,-0.17390424827386997,0.7605900030742944,-0.5330962910540048,-0.4190915887585634,0.6523342891271199,-0.47453228894874594,-1.1906192121120114,-0.7197183856389345,-1.0220547627047876,-0.3791433658909566,0,1.6626850597739393
West Georgia,2025,0.842950768012194,-0.8552823536998733,-0.0046342435641743285,0.5212591096353831,0.39003485443031194,-0.6964516043408231,-1.227376787649167,-1.1772154117468894,-1.2324914122952513,0.059917827735169404,0,1.302634237220193
West Virginia,2025,-0.6888926706923024,0.5223914927661766,0.1652249156791739,0.2996295896125826,-1.1648604170892918,-0.31970754059988427,-0.35537640548151095,-1.2353739978333789,-0.4848237993947264,-0.19231816836281845,3,0.6136784075474432
Western Carolina,2025,-0.6160560519921937,1.9800560577031259,-1.2354125022024411,-0.0830990928132015,-0.118012624934299,-1.1212685795199409,0.6449622162746775,0.7215319296425844,-0.5239325668387542,-0.9710055916600946,3,1.3548924985354907
Western Illinois,2025,-1.5087589686626743,-1.2799976867808618,2.578098368798398,-1.7116555069585215,-1.1816710302060247,-0.9092827953882715,0.25549783519263247,-1.5094335806900685,0.14526189831460415,-0.7444904188348688,2,2.2709999180932443
Western Kentucky,2025,-1.0386809985074161,0.7926781811424264,0.24451070687158769,-0.35209958665579055,0.5530780277795527,-0.38830078353925385,0.2934679002006311,1.4517975576196767,0.11004113699074293,0.37712503370294354,1,1.129981634990715
Western Michigan,2025,1.5204217308033345,-0.5670163333671129,-0.9003460457573146,-0.4370807286218804,0.11606359821504576,0.23687763067956738,1.426060696439226,1.0637686265823452,-0.025810370972720854,0.11407515558332654,4,1.6786480423503334
Wichita State,2025,0.6662750096653827,-2.067754880117746,1.26873077355917,-1.6836308223942638,-0.2764234936425699,-0.08325683315317318,0.6430094700742669,0.6481438492072635,2.0142264402786263,0.6056496153193616,4,2.8059579542636373
Winthrop,2025,2.0979445576492477,-0.47270525307303995,-1.5254703038548516,-1.6148736447975203,1.740059171126891,0.9914033030126267,0.44968759623354004,2.748440817856228,-0.1616618789361839,0.6401749118225606,4,2.6419752049062506
Wisconsin,2025,-1.7002692820298346,1.495674744054541,0.2191388172810272,0.2478279859747684,-0.8744843083009863,-1.4042157066448375,-0.5380765234745445,0.5359528756682094,-0.595631973819471,-1.9245613998437079,3,1.2706860801414004
Wofford,2025,-0.04508626599766141,2.42794362616768,-2.177679756077591,-0.3532220488035372,0.5900564851926667,-1.250615837634179,0.04054077329020488,0.35932568700614176,-1.0975278226844902,-0.704824167372387,0,1.9513008955112683
Wright State,2025,-0.24672665480355194,-0.38085588891193334,0.578424506010525,0.11427383031114066,-0.34300481391600207,-0.3383257065405707,-0.16986551644243067,-0.7004374449662716,-0.7585851715029187,-0.3343053184842035,2,1.0842221336342233
Wyoming,2025,-0.6490550996915948,0.28537564294955087,0.34474360353911326,-0.29758325249518214,0.5108966188567883,-0.08033112136249435,-0.6131642642760771,-0.920676285149838,-0.2781060286191533,-1.2700682507127554,2,1.3346421455327033
Xavier,2025,0.7093432158723357,-0.20536675775125846,-0.47414810601174984,1.783613486224714,-0.24254211712232915,0.07570684080706302,-1.3728755241504058,-0.4322257881090572,-0.11422166980608571,-0.3478279042100494,0,1.4601118040823267
Yale,2025,1.0090493800914637,0.45192989399032274,-1.3547453962997704,0.5482073129998545,-1.4889808807371894,-1.3530157503079514,-0.5303469030979167,0.43292034894866926,0.06758754075216084,-1.4169573381597589,0,2.3194132402991126
Youngstown State,2025,-0.262233336170521,0.7014412047116789,-0.3965974572482882,0.6096068757948566,0.43999217209938785,0.654912972121237,-0.16839902720101485,0.10988600189078837,0.7479525656887472,0.05832001837319051,1,0.5339041341372586
Queens University,2025,0.6973141971129461,0.3008140179817399,-0.9257000181300721,0.307830297573154,-0.11298744404772984,-0.5338164489177722,-0.4329536863523997,0.37339044462182336,1.1968532006984531,-0.23775405640166228,0,1.6181786583421076
Southern Indiana,2025,0.12538841210839294,-1.0596349636135514,0.8517698351646975,-1.7595193349451241,-0.3590103632929212,-0.28051140177738804,0.000555970138924977,-0.6739261515413612,-0.8409194187535028,0.27848132940808756,2,1.5355372399869347
Lindenwood,2025,1.3168985367582107,-1.1787065171686455,-0.1511951384484101,-1.6698509242105908,0.6766945848787228,1.1874773212651637,0.7649166257285185,0.8281509408622502,1.442679738918055,1.1694062142298862,4,1.275172594021583
