teamId,team,season,playerId,dateOfBirth
96,George Washington,2024,5176,
96,George Washington,2024,5177,
96,George Washington,2024,5180,
96,George Washington,2024,5190,
96,George Washington,2024,5544,
96,George Washington,2024,16627,
96,George Washington,2024,16628,2000-01-17
96,George Washington,2024,16629,
96,George Washington,2024,16630,
96,George Washington,2024,16631,
96,George Washington,2024,5182,
96,George Washington,2024,5183,
96,George Washington,2024,5185,
96,George Washington,2024,5188,
96,George Washington,2024,5189,
251,Saint Joseph's,2024,3141,
251,Saint Joseph's,2024,3380,
251,Saint Joseph's,2024,3518,
251,Saint Joseph's,2024,3520,
251,Saint Joseph's,2024,3522,
251,Saint Joseph's,2024,3524,
251,Saint Joseph's,2024,3523,
251,Saint Joseph's,2024,3526,
251,Saint Joseph's,2024,3531,
251,Saint Joseph's,2024,4766,
251,Saint Joseph's,2024,16090,
251,Saint Joseph's,2024,16091,
251,Saint Joseph's,2024,16092,
251,Saint Joseph's,2024,16093,
251,Saint Joseph's,2024,16094,
251,Saint Joseph's,2024,1137,
240,Rhode Island,2024,76,
240,Rhode Island,2024,2225,
240,Rhode Island,2024,2597,
240,Rhode Island,2024,4160,
240,Rhode Island,2024,5146,
240,Rhode Island,2024,5150,
240,Rhode Island,2024,5153,
240,Rhode Island,2024,5159,
240,Rhode Island,2024,5862,
240,Rhode Island,2024,7784,
240,Rhode Island,2024,10473,
240,Rhode Island,2024,15911,
240,Rhode Island,2024,15912,
240,Rhode Island,2024,4622,
240,Rhode Island,2024,5155,
240,Rhode Island,2024,5160,
277,St. Bonaventure,2024,2823,
277,St. Bonaventure,2024,2829,
277,St. Bonaventure,2024,2835,
277,St. Bonaventure,2024,4036,
277,St. Bonaventure,2024,4704,
277,St. Bonaventure,2024,5738,
277,St. Bonaventure,2024,16147,
277,St. Bonaventure,2024,16149,1999-09-22
277,St. Bonaventure,2024,16150,
277,St. Bonaventure,2024,16151,
277,St. Bonaventure,2024,16152,
277,St. Bonaventure,2024,16153,
277,St. Bonaventure,2024,16148,
277,St. Bonaventure,2024,2836,
277,St. Bonaventure,2024,2837,
64,Dayton,2024,572,
64,Dayton,2024,2285,
64,Dayton,2024,2922,
64,Dayton,2024,2931,
64,Dayton,2024,2932,
64,Dayton,2024,2933,
64,Dayton,2024,2934,
64,Dayton,2024,2935,
64,Dayton,2024,2921,
64,Dayton,2024,2925,
64,Dayton,2024,2928,
64,Dayton,2024,2919,
64,Dayton,2024,6236,
64,Dayton,2024,8668,
64,Dayton,2024,16102,2002-08-15
64,Dayton,2024,16103,
64,Dayton,2024,2929,
64,Dayton,2024,2930,
242,Richmond,2024,2030,
242,Richmond,2024,3841,
242,Richmond,2024,8142,
242,Richmond,2024,8144,
242,Richmond,2024,8147,
242,Richmond,2024,8148,
242,Richmond,2024,8149,
242,Richmond,2024,8324,
242,Richmond,2024,16159,
242,Richmond,2024,16160,
242,Richmond,2024,16161,
242,Richmond,2024,16162,
242,Richmond,2024,16163,
242,Richmond,2024,8139,
242,Richmond,2024,8140,
242,Richmond,2024,8141,
137,La Salle,2024,37,
137,La Salle,2024,339,
137,La Salle,2024,3550,
137,La Salle,2024,3551,
137,La Salle,2024,3554,
137,La Salle,2024,3556,
137,La Salle,2024,3558,
137,La Salle,2024,3561,
137,La Salle,2024,3562,
137,La Salle,2024,3563,
137,La Salle,2024,3564,
137,La Salle,2024,5357,
137,La Salle,2024,6670,
137,La Salle,2024,17238,
137,La Salle,2024,17239,
252,Saint Louis,2024,735,
252,Saint Louis,2024,738,
252,Saint Louis,2024,810,
252,Saint Louis,2024,812,
252,Saint Louis,2024,809,
252,Saint Louis,2024,1281,
252,Saint Louis,2024,1287,
252,Saint Louis,2024,2591,
252,Saint Louis,2024,3956,
252,Saint Louis,2024,4836,
252,Saint Louis,2024,6229,
252,Saint Louis,2024,6754,
252,Saint Louis,2024,16358,
252,Saint Louis,2024,16359,
252,Saint Louis,2024,16360,
252,Saint Louis,2024,16361,
252,Saint Louis,2024,16362,
91,Fordham,2024,1132,
91,Fordham,2024,1407,
91,Fordham,2024,1409,
91,Fordham,2024,1410,
91,Fordham,2024,1412,
91,Fordham,2024,1413,
91,Fordham,2024,1417,
91,Fordham,2024,1422,
91,Fordham,2024,1423,
91,Fordham,2024,1421,
91,Fordham,2024,5137,
91,Fordham,2024,8660,
91,Fordham,2024,16257,
91,Fordham,2024,16258,
91,Fordham,2024,16259,
91,Fordham,2024,16260,
91,Fordham,2024,16261,
333,VCU,2024,2797,
333,VCU,2024,3481,
333,VCU,2024,3483,
333,VCU,2024,3487,
333,VCU,2024,3491,
333,VCU,2024,3486,
333,VCU,2024,3489,
333,VCU,2024,5702,
333,VCU,2024,9610,
333,VCU,2024,16111,2000-03-27
333,VCU,2024,16112,
333,VCU,2024,16113,
333,VCU,2024,3479,
63,Davidson,2024,2329,
63,Davidson,2024,2331,
63,Davidson,2024,2332,
63,Davidson,2024,2333,
63,Davidson,2024,2341,
63,Davidson,2024,2342,
63,Davidson,2024,3031,
63,Davidson,2024,4042,
63,Davidson,2024,4559,
63,Davidson,2024,5388,
63,Davidson,2024,7229,
63,Davidson,2024,15743,
63,Davidson,2024,15744,
63,Davidson,2024,2330,
63,Davidson,2024,2339,
63,Davidson,2024,2340,
95,George Mason,2024,334,
95,George Mason,2024,2241,
95,George Mason,2024,2244,
95,George Mason,2024,2952,
95,George Mason,2024,2954,
95,George Mason,2024,2955,
95,George Mason,2024,2956,
95,George Mason,2024,2966,
95,George Mason,2024,2967,
95,George Mason,2024,3282,
95,George Mason,2024,5518,
95,George Mason,2024,15955,
95,George Mason,2024,15956,
95,George Mason,2024,15957,
95,George Mason,2024,15958,
95,George Mason,2024,15959,
151,Loyola Chicago,2024,1670,
151,Loyola Chicago,2024,5335,
151,Loyola Chicago,2024,6078,
151,Loyola Chicago,2024,6084,
151,Loyola Chicago,2024,6085,
151,Loyola Chicago,2024,6088,
151,Loyola Chicago,2024,6077,
151,Loyola Chicago,2024,6081,
151,Loyola Chicago,2024,17493,2001-08-07
151,Loyola Chicago,2024,17494,
151,Loyola Chicago,2024,17495,
151,Loyola Chicago,2024,17496,
151,Loyola Chicago,2024,17497,
151,Loyola Chicago,2024,17498,
151,Loyola Chicago,2024,17499,
151,Loyola Chicago,2024,6092,
151,Loyola Chicago,2024,6093,
200,North Carolina,2024,235,
200,North Carolina,2024,236,
200,North Carolina,2024,237,
200,North Carolina,2024,238,
200,North Carolina,2024,239,
200,North Carolina,2024,4961,
200,North Carolina,2024,15376,2002-11-27
200,North Carolina,2024,15377,2000-03-06
200,North Carolina,2024,15378,
200,North Carolina,2024,15379,1998-10-26
200,North Carolina,2024,15380,
200,North Carolina,2024,15381,
200,North Carolina,2024,15382,
200,North Carolina,2024,15383,
72,Duke,2024,160,
72,Duke,2024,207,
72,Duke,2024,214,
72,Duke,2024,215,
72,Duke,2024,217,
72,Duke,2024,208,
72,Duke,2024,417,
72,Duke,2024,910,
72,Duke,2024,3455,
72,Duke,2024,5495,
72,Duke,2024,5705,
72,Duke,2024,8191,
72,Duke,2024,15223,2003-11-07
72,Duke,2024,15224,
72,Duke,2024,15225,2004-02-20
185,NC State,2024,2852,
185,NC State,2024,2854,
185,NC State,2024,2856,
185,NC State,2024,2860,
185,NC State,2024,2863,
185,NC State,2024,2864,
185,NC State,2024,2859,
185,NC State,2024,3306,
185,NC State,2024,4750,
185,NC State,2024,6202,
185,NC State,2024,15969,2001-01-01
185,NC State,2024,15970,
185,NC State,2024,15971,2000-10-31
185,NC State,2024,15972,
185,NC State,2024,15973,
185,NC State,2024,15974,
339,Virginia,2024,5326,
339,Virginia,2024,8189,
339,Virginia,2024,8192,
339,Virginia,2024,8193,
339,Virginia,2024,8197,
339,Virginia,2024,8198,
339,Virginia,2024,8200,
339,Virginia,2024,8202,
339,Virginia,2024,8201,
339,Virginia,2024,8203,
339,Virginia,2024,16137,2003-01-07
339,Virginia,2024,16138,
339,Virginia,2024,16139,2001-10-08
339,Virginia,2024,16140,
339,Virginia,2024,16141,
339,Virginia,2024,14270,
342,Wake Forest,2024,560,
342,Wake Forest,2024,794,
342,Wake Forest,2024,3179,
342,Wake Forest,2024,5231,
342,Wake Forest,2024,5769,
342,Wake Forest,2024,5770,
342,Wake Forest,2024,5771,
342,Wake Forest,2024,5779,
342,Wake Forest,2024,5782,
342,Wake Forest,2024,5783,
342,Wake Forest,2024,5767,
342,Wake Forest,2024,6149,
342,Wake Forest,2024,6597,
342,Wake Forest,2024,6860,
342,Wake Forest,2024,8351,
342,Wake Forest,2024,5777,
342,Wake Forest,2024,5778,
342,Wake Forest,2024,5781,
52,Clemson,2024,19,
52,Clemson,2024,3446,
52,Clemson,2024,3447,
52,Clemson,2024,3452,
52,Clemson,2024,3453,
52,Clemson,2024,3456,
52,Clemson,2024,3457,
52,Clemson,2024,3459,
52,Clemson,2024,3480,
52,Clemson,2024,3458,
52,Clemson,2024,3450,
52,Clemson,2024,4571,
52,Clemson,2024,5745,
52,Clemson,2024,15948,2002-02-21
52,Clemson,2024,15949,
52,Clemson,2024,15950,
101,Georgia Tech,2024,5,
101,Georgia Tech,2024,246,
101,Georgia Tech,2024,337,
101,Georgia Tech,2024,2569,
101,Georgia Tech,2024,3292,
101,Georgia Tech,2024,3634,
101,Georgia Tech,2024,6445,
101,Georgia Tech,2024,8235,
101,Georgia Tech,2024,8238,
101,Georgia Tech,2024,8244,
101,Georgia Tech,2024,8247,
101,Georgia Tech,2024,16213,
101,Georgia Tech,2024,16214,
101,Georgia Tech,2024,17722,
101,Georgia Tech,2024,8243,
101,Georgia Tech,2024,8233,
101,Georgia Tech,2024,8237,
90,Florida State,2024,485,
90,Florida State,2024,2064,
90,Florida State,2024,3043,
90,Florida State,2024,3104,
90,Florida State,2024,3106,
90,Florida State,2024,3111,
90,Florida State,2024,3114,
90,Florida State,2024,3117,
90,Florida State,2024,3118,
90,Florida State,2024,3921,
90,Florida State,2024,4076,
90,Florida State,2024,5230,
90,Florida State,2024,5716,
90,Florida State,2024,17785,
90,Florida State,2024,17786,2001-01-15
90,Florida State,2024,17787,
90,Florida State,2024,17788,
90,Florida State,2024,17789,
90,Florida State,2024,17790,
90,Florida State,2024,17791,
90,Florida State,2024,17792,
168,Miami,2024,157,
168,Miami,2024,811,
168,Miami,2024,3077,
168,Miami,2024,3082,
168,Miami,2024,3084,
168,Miami,2024,3139,
168,Miami,2024,4161,
168,Miami,2024,4715,
168,Miami,2024,4944,
168,Miami,2024,5356,
168,Miami,2024,15296,2003-12-12
168,Miami,2024,15297,
168,Miami,2024,15298,
340,Virginia Tech,2024,590,
340,Virginia Tech,2024,1320,
340,Virginia Tech,2024,3074,
340,Virginia Tech,2024,4556,
340,Virginia Tech,2024,4558,
340,Virginia Tech,2024,5703,
340,Virginia Tech,2024,5704,
340,Virginia Tech,2024,5706,
340,Virginia Tech,2024,5710,
340,Virginia Tech,2024,5712,
340,Virginia Tech,2024,16557,
340,Virginia Tech,2024,16558,
340,Virginia Tech,2024,16559,
340,Virginia Tech,2024,16560,
26,Boston College,2024,3449,
26,Boston College,2024,4094,
26,Boston College,2024,4167,
26,Boston College,2024,4555,
26,Boston College,2024,4908,
26,Boston College,2024,5737,
26,Boston College,2024,5740,
26,Boston College,2024,5750,
26,Boston College,2024,5741,
26,Boston College,2024,5742,
26,Boston College,2024,5746,
26,Boston College,2024,6595,
26,Boston College,2024,16665,2000-03-21
26,Boston College,2024,16666,
26,Boston College,2024,18805,
26,Boston College,2024,5751,
286,Syracuse,2024,45,
286,Syracuse,2024,209,
286,Syracuse,2024,340,
286,Syracuse,2024,1282,
286,Syracuse,2024,2566,
286,Syracuse,2024,2740,
286,Syracuse,2024,3350,
286,Syracuse,2024,3357,
286,Syracuse,2024,3359,
286,Syracuse,2024,3360,
286,Syracuse,2024,3363,
286,Syracuse,2024,3364,
286,Syracuse,2024,3365,
286,Syracuse,2024,3353,
286,Syracuse,2024,16173,2003-07-10
286,Syracuse,2024,16174,
286,Syracuse,2024,16175,
213,Notre Dame,2024,1408,
213,Notre Dame,2024,5646,
213,Notre Dame,2024,8156,
213,Notre Dame,2024,8166,
213,Notre Dame,2024,8167,
213,Notre Dame,2024,8168,
213,Notre Dame,2024,8170,
213,Notre Dame,2024,8171,
213,Notre Dame,2024,8155,
213,Notre Dame,2024,8157,
213,Notre Dame,2024,8158,
213,Notre Dame,2024,8165,
213,Notre Dame,2024,15989,
213,Notre Dame,2024,15990,
213,Notre Dame,2024,15991,
213,Notre Dame,2024,15992,
229,Pittsburgh,2024,3042,
229,Pittsburgh,2024,3044,
229,Pittsburgh,2024,3045,
229,Pittsburgh,2024,3049,
229,Pittsburgh,2024,3050,
229,Pittsburgh,2024,3051,
229,Pittsburgh,2024,3055,
229,Pittsburgh,2024,3631,
229,Pittsburgh,2024,7587,
229,Pittsburgh,2024,16083,1999-12-26
229,Pittsburgh,2024,16084,2005-07-21
229,Pittsburgh,2024,16085,
229,Pittsburgh,2024,16086,
229,Pittsburgh,2024,3048,
229,Pittsburgh,2024,3053,
229,Pittsburgh,2024,3054,
150,Louisville,2024,531,
150,Louisville,2024,2857,
150,Louisville,2024,2866,
150,Louisville,2024,3025,
150,Louisville,2024,3427,
150,Louisville,2024,3926,
150,Louisville,2024,4106,
150,Louisville,2024,4860,
150,Louisville,2024,5393,
150,Louisville,2024,5642,
150,Louisville,2024,5775,
150,Louisville,2024,6014,
150,Louisville,2024,6415,
150,Louisville,2024,8181,
150,Louisville,2024,15979,
283,Stetson,2024,681,
283,Stetson,2024,1105,
283,Stetson,2024,3076,
283,Stetson,2024,3175,
283,Stetson,2024,3181,
283,Stetson,2024,3186,
283,Stetson,2024,6995,
283,Stetson,2024,8367,
283,Stetson,2024,15625,
283,Stetson,2024,15626,
283,Stetson,2024,15627,
283,Stetson,2024,15628,
283,Stetson,2024,15629,
283,Stetson,2024,17991,
283,Stetson,2024,3182,
283,Stetson,2024,3183,
283,Stetson,2024,3189,
127,Jacksonville,2024,2284,
127,Jacksonville,2024,2287,
127,Jacksonville,2024,2288,
127,Jacksonville,2024,2299,
127,Jacksonville,2024,2290,
127,Jacksonville,2024,2291,
127,Jacksonville,2024,3729,
127,Jacksonville,2024,5528,
127,Jacksonville,2024,15661,
127,Jacksonville,2024,15662,
127,Jacksonville,2024,15663,
127,Jacksonville,2024,15664,
127,Jacksonville,2024,15665,
127,Jacksonville,2024,15666,
127,Jacksonville,2024,15667,
127,Jacksonville,2024,15668,
127,Jacksonville,2024,19275,
127,Jacksonville,2024,19276,
127,Jacksonville,2024,19809,
127,Jacksonville,2024,19810,
127,Jacksonville,2024,19811,
127,Jacksonville,2024,19812,
143,Lipscomb,2024,742,
143,Lipscomb,2024,1166,
143,Lipscomb,2024,4642,
143,Lipscomb,2024,4989,
143,Lipscomb,2024,5526,
143,Lipscomb,2024,5529,
143,Lipscomb,2024,5530,
143,Lipscomb,2024,5531,
143,Lipscomb,2024,5536,
143,Lipscomb,2024,5538,
143,Lipscomb,2024,5540,
143,Lipscomb,2024,5532,
143,Lipscomb,2024,5534,
143,Lipscomb,2024,5719,
143,Lipscomb,2024,16321,
143,Lipscomb,2024,16322,
143,Lipscomb,2024,16323,
143,Lipscomb,2024,18391,
143,Lipscomb,2024,18392,
143,Lipscomb,2024,18393,
143,Lipscomb,2024,18394,
143,Lipscomb,2024,18395,
143,Lipscomb,2024,18396,
143,Lipscomb,2024,18397,
143,Lipscomb,2024,18398,
143,Lipscomb,2024,18399,
88,Florida Gulf Coast,2024,2221,
88,Florida Gulf Coast,2024,2224,
88,Florida Gulf Coast,2024,2229,
88,Florida Gulf Coast,2024,2235,
88,Florida Gulf Coast,2024,2959,
88,Florida Gulf Coast,2024,7517,
88,Florida Gulf Coast,2024,8120,
88,Florida Gulf Coast,2024,17262,
88,Florida Gulf Coast,2024,17263,
88,Florida Gulf Coast,2024,17264,
88,Florida Gulf Coast,2024,17265,
88,Florida Gulf Coast,2024,17266,
88,Florida Gulf Coast,2024,17267,
88,Florida Gulf Coast,2024,19473,
88,Florida Gulf Coast,2024,19474,
88,Florida Gulf Coast,2024,19475,
88,Florida Gulf Coast,2024,19476,
88,Florida Gulf Coast,2024,19477,
88,Florida Gulf Coast,2024,19478,
88,Florida Gulf Coast,2024,19479,
88,Florida Gulf Coast,2024,19480,
88,Florida Gulf Coast,2024,19481,
88,Florida Gulf Coast,2024,19482,
88,Florida Gulf Coast,2024,19483,
88,Florida Gulf Coast,2024,19484,
88,Florida Gulf Coast,2024,19485,
88,Florida Gulf Coast,2024,19486,
88,Florida Gulf Coast,2024,2223,
88,Florida Gulf Coast,2024,2236,
203,North Florida,2024,305,
203,North Florida,2024,3191,
203,North Florida,2024,3192,
203,North Florida,2024,3193,
203,North Florida,2024,3194,
203,North Florida,2024,3197,
203,North Florida,2024,3198,
203,North Florida,2024,8667,
203,North Florida,2024,15938,
203,North Florida,2024,15939,
203,North Florida,2024,15940,
203,North Florida,2024,15941,
203,North Florida,2024,15942,
133,Kennesaw State,2024,489,
133,Kennesaw State,2024,7524,
133,Kennesaw State,2024,7529,
133,Kennesaw State,2024,7520,
133,Kennesaw State,2024,7523,
133,Kennesaw State,2024,7525,
133,Kennesaw State,2024,17347,
133,Kennesaw State,2024,17348,
133,Kennesaw State,2024,17349,
133,Kennesaw State,2024,17350,
133,Kennesaw State,2024,17351,
133,Kennesaw State,2024,17352,
133,Kennesaw State,2024,17353,
133,Kennesaw State,2024,17354,
133,Kennesaw State,2024,7526,
133,Kennesaw State,2024,7531,
133,Kennesaw State,2024,7532,
197,North Alabama,2024,6803,
197,North Alabama,2024,6804,
197,North Alabama,2024,6810,
197,North Alabama,2024,6801,
197,North Alabama,2024,6807,
197,North Alabama,2024,16849,
197,North Alabama,2024,16850,
197,North Alabama,2024,16851,
197,North Alabama,2024,16852,
197,North Alabama,2024,16853,
197,North Alabama,2024,16854,
197,North Alabama,2024,16855,
197,North Alabama,2024,16856,
197,North Alabama,2024,16857,
197,North Alabama,2024,16858,
197,North Alabama,2024,6809,
78,Eastern Kentucky,2024,1561,
78,Eastern Kentucky,2024,1566,
78,Eastern Kentucky,2024,1560,
78,Eastern Kentucky,2024,1564,
78,Eastern Kentucky,2024,1571,
78,Eastern Kentucky,2024,3923,
78,Eastern Kentucky,2024,7537,
78,Eastern Kentucky,2024,7574,
78,Eastern Kentucky,2024,17287,
78,Eastern Kentucky,2024,17288,
78,Eastern Kentucky,2024,17289,
78,Eastern Kentucky,2024,17290,
78,Eastern Kentucky,2024,17291,
78,Eastern Kentucky,2024,17292,
78,Eastern Kentucky,2024,17293,
78,Eastern Kentucky,2024,17294,
21,Bellarmine,2024,1339,
21,Bellarmine,2024,3464,
21,Bellarmine,2024,3465,
21,Bellarmine,2024,3466,
21,Bellarmine,2024,3467,
21,Bellarmine,2024,3473,
21,Bellarmine,2024,3477,
21,Bellarmine,2024,3478,
21,Bellarmine,2024,7085,
21,Bellarmine,2024,7843,
21,Bellarmine,2024,17182,
21,Bellarmine,2024,17183,
21,Bellarmine,2024,17184,
21,Bellarmine,2024,17185,
21,Bellarmine,2024,3471,
21,Bellarmine,2024,3472,
21,Bellarmine,2024,3474,
362,Queens University,2024,3012,
362,Queens University,2024,3252,
362,Queens University,2024,3256,
362,Queens University,2024,3259,
362,Queens University,2024,3262,
362,Queens University,2024,3264,
362,Queens University,2024,3255,
362,Queens University,2024,8376,
362,Queens University,2024,15998,
362,Queens University,2024,15999,
362,Queens University,2024,16000,
362,Queens University,2024,16001,
362,Queens University,2024,16002,
362,Queens University,2024,16003,
17,Austin Peay,2024,1480,
17,Austin Peay,2024,4543,
17,Austin Peay,2024,4747,
17,Austin Peay,2024,4749,
17,Austin Peay,2024,4751,
17,Austin Peay,2024,4752,
17,Austin Peay,2024,4760,
17,Austin Peay,2024,5757,
17,Austin Peay,2024,16747,
17,Austin Peay,2024,16748,
17,Austin Peay,2024,16749,
17,Austin Peay,2024,16750,
17,Austin Peay,2024,16751,
17,Austin Peay,2024,4759,
43,Central Arkansas,2024,5432,
43,Central Arkansas,2024,7656,
43,Central Arkansas,2024,7657,
43,Central Arkansas,2024,7665,
43,Central Arkansas,2024,7670,
43,Central Arkansas,2024,7767,
43,Central Arkansas,2024,8372,
43,Central Arkansas,2024,16720,
43,Central Arkansas,2024,16721,
43,Central Arkansas,2024,16722,
43,Central Arkansas,2024,16723,
43,Central Arkansas,2024,16724,
43,Central Arkansas,2024,16725,
43,Central Arkansas,2024,16726,
43,Central Arkansas,2024,16727,
43,Central Arkansas,2024,16728,
43,Central Arkansas,2024,7671,
337,Vermont,2024,3936,
337,Vermont,2024,3937,
337,Vermont,2024,3940,
337,Vermont,2024,3941,
337,Vermont,2024,3944,
337,Vermont,2024,3950,
337,Vermont,2024,8293,
337,Vermont,2024,16267,
337,Vermont,2024,16268,
337,Vermont,2024,16269,
337,Vermont,2024,16270,
337,Vermont,2024,16271,
337,Vermont,2024,16272,
337,Vermont,2024,3938,
337,Vermont,2024,3939,
337,Vermont,2024,3942,
154,Maine,2024,189,
154,Maine,2024,190,
154,Maine,2024,191,
154,Maine,2024,192,
154,Maine,2024,196,
154,Maine,2024,201,
154,Maine,2024,188,
154,Maine,2024,197,
154,Maine,2024,198,
154,Maine,2024,200,
154,Maine,2024,6388,
154,Maine,2024,16070,
154,Maine,2024,16071,
154,Maine,2024,16072,
154,Maine,2024,16073,
154,Maine,2024,16074,
154,Maine,2024,16075,
190,New Hampshire,2024,194,
190,New Hampshire,2024,2869,
190,New Hampshire,2024,2877,
190,New Hampshire,2024,2873,
190,New Hampshire,2024,8659,
190,New Hampshire,2024,16164,2000-12-06
190,New Hampshire,2024,16165,
190,New Hampshire,2024,16166,
190,New Hampshire,2024,16167,
190,New Hampshire,2024,16168,
190,New Hampshire,2024,16169,
190,New Hampshire,2024,16170,
190,New Hampshire,2024,16171,
190,New Hampshire,2024,16172,
306,UAlbany,2024,2742,
306,UAlbany,2024,3342,
306,UAlbany,2024,4764,
306,UAlbany,2024,4767,
306,UAlbany,2024,4768,
306,UAlbany,2024,4776,
306,UAlbany,2024,4763,
306,UAlbany,2024,5686,
306,UAlbany,2024,8145,
306,UAlbany,2024,17321,
306,UAlbany,2024,17322,
306,UAlbany,2024,17323,
306,UAlbany,2024,17324,
306,UAlbany,2024,19814,
306,UAlbany,2024,5149,
306,UAlbany,2024,4773,
317,UMBC,2024,877,
317,UMBC,2024,881,
317,UMBC,2024,883,
317,UMBC,2024,884,
317,UMBC,2024,885,
317,UMBC,2024,886,
317,UMBC,2024,890,
317,UMBC,2024,876,
317,UMBC,2024,887,
317,UMBC,2024,878,
317,UMBC,2024,4895,
317,UMBC,2024,5744,
317,UMBC,2024,15975,
317,UMBC,2024,15976,
317,UMBC,2024,15977,
317,UMBC,2024,15978,
317,UMBC,2024,18503,
24,Binghamton,2024,4110,
24,Binghamton,2024,4112,
24,Binghamton,2024,4115,
24,Binghamton,2024,4116,
24,Binghamton,2024,4119,
24,Binghamton,2024,4120,
24,Binghamton,2024,4123,
24,Binghamton,2024,4113,
24,Binghamton,2024,16712,
24,Binghamton,2024,16713,
24,Binghamton,2024,16714,
24,Binghamton,2024,16715,
24,Binghamton,2024,16716,
24,Binghamton,2024,4122,
318,UMass Lowell,2024,1259,
318,UMass Lowell,2024,1260,
318,UMass Lowell,2024,1261,
318,UMass Lowell,2024,1263,
318,UMass Lowell,2024,1264,
318,UMass Lowell,2024,1266,
318,UMass Lowell,2024,1270,
318,UMass Lowell,2024,1265,
318,UMass Lowell,2024,2953,
318,UMass Lowell,2024,15549,
318,UMass Lowell,2024,15550,
318,UMass Lowell,2024,15551,
318,UMass Lowell,2024,15552,
318,UMass Lowell,2024,15553,
31,Bryant,2024,2883,
31,Bryant,2024,3402,
31,Bryant,2024,4703,
31,Bryant,2024,4705,
31,Bryant,2024,4706,
31,Bryant,2024,4707,
31,Bryant,2024,4708,
31,Bryant,2024,4709,
31,Bryant,2024,16195,
31,Bryant,2024,16196,
31,Bryant,2024,16197,
31,Bryant,2024,16198,
31,Bryant,2024,16199,
31,Bryant,2024,16200,
31,Bryant,2024,16201,
31,Bryant,2024,16202,
31,Bryant,2024,16203,
31,Bryant,2024,4721,
186,NJIT,2024,1269,
186,NJIT,2024,2439,
186,NJIT,2024,2440,
186,NJIT,2024,2441,
186,NJIT,2024,2442,
186,NJIT,2024,2449,
186,NJIT,2024,2452,
186,NJIT,2024,2816,
186,NJIT,2024,15287,
186,NJIT,2024,15288,
186,NJIT,2024,15289,
186,NJIT,2024,15290,
186,NJIT,2024,15291,
186,NJIT,2024,15292,
186,NJIT,2024,15293,
186,NJIT,2024,15294,
186,NJIT,2024,15295,
163,Memphis,2024,338,
163,Memphis,2024,348,
163,Memphis,2024,3298,
163,Memphis,2024,3840,
163,Memphis,2024,5525,
163,Memphis,2024,5512,
163,Memphis,2024,6386,
163,Memphis,2024,6890,
163,Memphis,2024,16568,
163,Memphis,2024,16569,2001-11-24
163,Memphis,2024,16570,2001-07-12
163,Memphis,2024,16571,
163,Memphis,2024,16572,
163,Memphis,2024,16573,
163,Memphis,2024,16574,1999-07-16
163,Memphis,2024,16575,
163,Memphis,2024,19796,
163,Memphis,2024,19797,
163,Memphis,2024,19798,
163,Memphis,2024,19799,
163,Memphis,2024,19800,1997-12-24
163,Memphis,2024,19802,
163,Memphis,2024,19803,2000-11-27
163,Memphis,2024,19804,1998-03-27
163,Memphis,2024,15386,2000-12-19
248,SMU,2024,6,
248,SMU,2024,332,
248,SMU,2024,3035,
248,SMU,2024,5239,
248,SMU,2024,5523,
248,SMU,2024,6152,
248,SMU,2024,6156,
248,SMU,2024,6157,
248,SMU,2024,7424,
248,SMU,2024,7429,
248,SMU,2024,7435,
248,SMU,2024,7528,
248,SMU,2024,16793,
248,SMU,2024,6148,
248,SMU,2024,6154,
289,Temple,2024,1123,
289,Temple,2024,1124,
289,Temple,2024,1125,
289,Temple,2024,1127,
289,Temple,2024,1129,
289,Temple,2024,2167,
289,Temple,2024,2867,
289,Temple,2024,3046,
289,Temple,2024,3553,
289,Temple,2024,16222,
289,Temple,2024,16223,
289,Temple,2024,16224,
289,Temple,2024,16225,
289,Temple,2024,16226,
289,Temple,2024,19805,
289,Temple,2024,19806,
289,Temple,2024,19808,1998-01-26
289,Temple,2024,1136,
304,Tulsa,2024,674,
304,Tulsa,2024,1134,
304,Tulsa,2024,4400,
304,Tulsa,2024,4401,
304,Tulsa,2024,4403,
304,Tulsa,2024,4404,
304,Tulsa,2024,4407,
304,Tulsa,2024,4409,
304,Tulsa,2024,4412,
304,Tulsa,2024,4414,
304,Tulsa,2024,5514,
304,Tulsa,2024,5858,
304,Tulsa,2024,16729,
271,South Florida,2024,95,
271,South Florida,2024,481,
271,South Florida,2024,482,
271,South Florida,2024,483,
271,South Florida,2024,484,
271,South Florida,2024,492,
271,South Florida,2024,494,
271,South Florida,2024,3289,
271,South Florida,2024,3421,
271,South Florida,2024,6071,
271,South Florida,2024,6117,
271,South Florida,2024,17719,
271,South Florida,2024,17720,
271,South Florida,2024,17721,
271,South Florida,2024,486,
352,Wichita State,2024,4636,
352,Wichita State,2024,4638,
352,Wichita State,2024,4639,
352,Wichita State,2024,4640,
352,Wichita State,2024,4643,
352,Wichita State,2024,4647,
352,Wichita State,2024,4644,
352,Wichita State,2024,4646,
352,Wichita State,2024,5516,
352,Wichita State,2024,5594,
352,Wichita State,2024,6992,
352,Wichita State,2024,16324,
352,Wichita State,2024,16325,
352,Wichita State,2024,16326,
74,East Carolina,2024,365,
74,East Carolina,2024,799,
74,East Carolina,2024,2166,
74,East Carolina,2024,2170,
74,East Carolina,2024,2174,
74,East Carolina,2024,2176,
74,East Carolina,2024,2178,
74,East Carolina,2024,2165,
74,East Carolina,2024,2899,
74,East Carolina,2024,3073,
74,East Carolina,2024,5154,
74,East Carolina,2024,6585,
74,East Carolina,2024,8135,
74,East Carolina,2024,15960,
74,East Carolina,2024,15961,
74,East Carolina,2024,15962,
74,East Carolina,2024,2169,
303,Tulane,2024,213,
303,Tulane,2024,1502,
303,Tulane,2024,3176,
303,Tulane,2024,3672,
303,Tulane,2024,3897,
303,Tulane,2024,3903,
303,Tulane,2024,3892,
303,Tulane,2024,3898,
303,Tulane,2024,3902,
303,Tulane,2024,3890,
303,Tulane,2024,6772,
303,Tulane,2024,16908,2000-06-22
303,Tulane,2024,16909,
303,Tulane,2024,16910,
303,Tulane,2024,16911,
86,Florida Atlantic,2024,500,
86,Florida Atlantic,2024,3027,
86,Florida Atlantic,2024,3927,
86,Florida Atlantic,2024,3931,
86,Florida Atlantic,2024,3935,
86,Florida Atlantic,2024,3929,
86,Florida Atlantic,2024,5113,
86,Florida Atlantic,2024,5607,
86,Florida Atlantic,2024,7556,
86,Florida Atlantic,2024,7823,
86,Florida Atlantic,2024,8458,
86,Florida Atlantic,2024,17488,
86,Florida Atlantic,2024,17489,
86,Florida Atlantic,2024,17490,
86,Florida Atlantic,2024,17491,
86,Florida Atlantic,2024,17492,
305,UAB,2024,2037,
305,UAB,2024,3951,
305,UAB,2024,3952,
305,UAB,2024,3955,
305,UAB,2024,3958,
305,UAB,2024,3959,
305,UAB,2024,3961,
305,UAB,2024,3964,
305,UAB,2024,3966,
305,UAB,2024,4913,
305,UAB,2024,7599,
305,UAB,2024,16499,
305,UAB,2024,16500,
305,UAB,2024,16501,
305,UAB,2024,16502,
305,UAB,2024,19794,
305,UAB,2024,6811,
204,North Texas,2024,452,
204,North Texas,2024,1425,
204,North Texas,2024,2453,
204,North Texas,2024,2794,
204,North Texas,2024,4557,
204,North Texas,2024,5090,
204,North Texas,2024,5622,
204,North Texas,2024,6443,
204,North Texas,2024,7552,
204,North Texas,2024,7555,
204,North Texas,2024,7557,
204,North Texas,2024,7564,
204,North Texas,2024,7565,
204,North Texas,2024,17357,
48,Charlotte,2024,143,
48,Charlotte,2024,303,
48,Charlotte,2024,796,
48,Charlotte,2024,1354,
48,Charlotte,2024,3434,
48,Charlotte,2024,5112,
48,Charlotte,2024,5114,
48,Charlotte,2024,5116,
48,Charlotte,2024,5119,
48,Charlotte,2024,5120,
48,Charlotte,2024,5126,
48,Charlotte,2024,5117,
48,Charlotte,2024,5121,
48,Charlotte,2024,5663,
48,Charlotte,2024,8308,
241,Rice,2024,64,
241,Rice,2024,218,
241,Rice,2024,3917,
241,Rice,2024,5402,
241,Rice,2024,6590,
241,Rice,2024,7421,
241,Rice,2024,7432,
241,Rice,2024,7434,
241,Rice,2024,7426,
241,Rice,2024,7431,
241,Rice,2024,7433,
241,Rice,2024,7777,
241,Rice,2024,8287,
241,Rice,2024,17371,2001-02-26
241,Rice,2024,17372,
241,Rice,2024,294,
328,UTSA,2024,100,
328,UTSA,2024,1664,
328,UTSA,2024,2606,
328,UTSA,2024,3112,
328,UTSA,2024,5234,
328,UTSA,2024,5520,
328,UTSA,2024,7017,
328,UTSA,2024,7391,
328,UTSA,2024,7713,
328,UTSA,2024,8310,
328,UTSA,2024,16485,
328,UTSA,2024,16486,
328,UTSA,2024,16487,
328,UTSA,2024,16488,
328,UTSA,2024,335,
131,Kansas,2024,47,
131,Kansas,2024,48,
131,Kansas,2024,54,
131,Kansas,2024,56,
131,Kansas,2024,61,
131,Kansas,2024,52,
131,Kansas,2024,51,
131,Kansas,2024,15215,2000-01-20
131,Kansas,2024,15216,2004-12-07
131,Kansas,2024,15217,
131,Kansas,2024,15218,
131,Kansas,2024,15219,
131,Kansas,2024,15220,
131,Kansas,2024,15214,2001-03-15
131,Kansas,2024,57,
131,Kansas,2024,62,
131,Kansas,2024,63,
295,Texas,2024,439,
295,Texas,2024,441,
295,Texas,2024,443,
295,Texas,2024,465,
295,Texas,2024,3949,
295,Texas,2024,5515,
295,Texas,2024,5820,
295,Texas,2024,15360,2001-04-02
295,Texas,2024,15361,
295,Texas,2024,15362,
295,Texas,2024,15363,
295,Texas,2024,15364,2000-11-12
295,Texas,2024,15365,
295,Texas,2024,434,
295,Texas,2024,437,
295,Texas,2024,445,
217,Oklahoma,2024,114,
217,Oklahoma,2024,562,
217,Oklahoma,2024,3635,
217,Oklahoma,2024,4069,
217,Oklahoma,2024,6233,
217,Oklahoma,2024,6234,
217,Oklahoma,2024,6240,
217,Oklahoma,2024,6245,
217,Oklahoma,2024,6247,
217,Oklahoma,2024,8236,
217,Oklahoma,2024,16542,
217,Oklahoma,2024,16543,
217,Oklahoma,2024,16544,
217,Oklahoma,2024,16545,
217,Oklahoma,2024,6243,
218,Oklahoma State,2024,530,
218,Oklahoma State,2024,567,
218,Oklahoma State,2024,2509,
218,Oklahoma State,2024,3320,
218,Oklahoma State,2024,6047,
218,Oklahoma State,2024,6657,
218,Oklahoma State,2024,6671,
218,Oklahoma State,2024,6676,
218,Oklahoma State,2024,6677,
218,Oklahoma State,2024,7061,
218,Oklahoma State,2024,16874,
218,Oklahoma State,2024,16875,
218,Oklahoma State,2024,16876,
218,Oklahoma State,2024,16877,
218,Oklahoma State,2024,16878,
218,Oklahoma State,2024,16879,
20,Baylor,2024,156,
20,Baylor,2024,164,
20,Baylor,2024,167,
20,Baylor,2024,169,
20,Baylor,2024,159,
20,Baylor,2024,6143,
20,Baylor,2024,6587,
20,Baylor,2024,6598,
20,Baylor,2024,17221,2001-05-14
20,Baylor,2024,17222,
20,Baylor,2024,17223,2004-09-04
20,Baylor,2024,17224,2001-03-30
20,Baylor,2024,17225,2004-05-14
20,Baylor,2024,17226,
125,Iowa State,2024,145,
125,Iowa State,2024,146,
125,Iowa State,2024,147,
125,Iowa State,2024,148,
125,Iowa State,2024,151,
125,Iowa State,2024,153,
125,Iowa State,2024,144,
125,Iowa State,2024,149,
125,Iowa State,2024,152,
125,Iowa State,2024,2551,
125,Iowa State,2024,2668,
125,Iowa State,2024,5772,
125,Iowa State,2024,16688,2000-09-24
125,Iowa State,2024,16689,
125,Iowa State,2024,16690,
132,Kansas State,2024,426,
132,Kansas State,2024,433,
132,Kansas State,2024,5684,
132,Kansas State,2024,6153,
132,Kansas State,2024,7044,
132,Kansas State,2024,7609,
132,Kansas State,2024,7617,
132,Kansas State,2024,7615,
132,Kansas State,2024,8196,
132,Kansas State,2024,8322,
132,Kansas State,2024,15384,2001-01-17
132,Kansas State,2024,15385,
132,Kansas State,2024,15387,
298,Texas Tech,2024,753,
298,Texas Tech,2024,4269,
298,Texas Tech,2024,6668,
298,Texas Tech,2024,6922,
298,Texas Tech,2024,7582,
298,Texas Tech,2024,7584,
298,Texas Tech,2024,7585,
298,Texas Tech,2024,7588,
298,Texas Tech,2024,7591,
298,Texas Tech,2024,7590,
298,Texas Tech,2024,7819,
298,Texas Tech,2024,8119,
298,Texas Tech,2024,17596,2000-03-03
298,Texas Tech,2024,17597,
66,Delaware,2024,1324,
66,Delaware,2024,1326,
66,Delaware,2024,1334,
66,Delaware,2024,1323,
66,Delaware,2024,1327,
66,Delaware,2024,1331,
66,Delaware,2024,1333,
66,Delaware,2024,3355,
66,Delaware,2024,4121,
66,Delaware,2024,5179,
66,Delaware,2024,8340,
66,Delaware,2024,15793,
66,Delaware,2024,15794,
66,Delaware,2024,15795,2001-12-22
347,West Virginia,2024,571,
347,West Virginia,2024,821,
347,West Virginia,2024,1728,
347,West Virginia,2024,2024,
347,West Virginia,2024,3328,
347,West Virginia,2024,3331,
347,West Virginia,2024,4960,
347,West Virginia,2024,4968,
347,West Virginia,2024,5043,
347,West Virginia,2024,6674,
347,West Virginia,2024,16120,
347,West Virginia,2024,16121,2000-03-18
347,West Virginia,2024,16122,
347,West Virginia,2024,16123,2001-02-19
287,TCU,2024,667,
287,TCU,2024,3850,
287,TCU,2024,5235,
287,TCU,2024,5670,
287,TCU,2024,5676,
287,TCU,2024,5681,
287,TCU,2024,5685,
287,TCU,2024,6405,
287,TCU,2024,8176,
287,TCU,2024,8639,
287,TCU,2024,16949,2000-06-19
287,TCU,2024,16950,2001-08-07
287,TCU,2024,16951,
287,TCU,2024,16953,
287,TCU,2024,16952,
287,TCU,2024,16954,
287,TCU,2024,5682,
113,Houston,2024,113,
113,Houston,2024,116,
113,Houston,2024,118,
113,Houston,2024,124,
113,Houston,2024,3046,
113,Houston,2024,15267,2002-07-24
113,Houston,2024,15268,
113,Houston,2024,122,
113,Houston,2024,112,
113,Houston,2024,115,
113,Houston,2024,117,
113,Houston,2024,119,
113,Houston,2024,121,
113,Houston,2024,125,
18,BYU,2024,563,
18,BYU,2024,2806,
18,BYU,2024,3420,
18,BYU,2024,3428,
18,BYU,2024,6439,
18,BYU,2024,7676,
18,BYU,2024,7679,
18,BYU,2024,7684,
18,BYU,2024,7686,
18,BYU,2024,7687,
18,BYU,2024,7673,
18,BYU,2024,7681,
18,BYU,2024,7685,
18,BYU,2024,16893,
18,BYU,2024,16894,
18,BYU,2024,16895,
51,Cincinnati,2024,71,
51,Cincinnati,2024,464,
51,Cincinnati,2024,466,
51,Cincinnati,2024,468,
51,Cincinnati,2024,473,
51,Cincinnati,2024,474,
51,Cincinnati,2024,475,
51,Cincinnati,2024,479,
51,Cincinnati,2024,480,
51,Cincinnati,2024,478,
51,Cincinnati,2024,467,
51,Cincinnati,2024,3448,
51,Cincinnati,2024,16961,
51,Cincinnati,2024,16962,
51,Cincinnati,2024,16963,
51,Cincinnati,2024,16964,
312,UCF,2024,336,
312,UCF,2024,341,
312,UCF,2024,346,
312,UCF,2024,347,
312,UCF,2024,2164,
312,UCF,2024,3375,
312,UCF,2024,4771,
312,UCF,2024,5618,
312,UCF,2024,5814,
312,UCF,2024,6673,
312,UCF,2024,7140,
312,UCF,2024,7570,
312,UCF,2024,16679,
312,UCF,2024,16680,
312,UCF,2024,16681,
312,UCF,2024,16682,
312,UCF,2024,345,
338,Villanova,2024,724,
338,Villanova,2024,5360,
338,Villanova,2024,5363,
338,Villanova,2024,5365,
338,Villanova,2024,5368,
338,Villanova,2024,5358,
338,Villanova,2024,7243,
338,Villanova,2024,7427,
338,Villanova,2024,7613,
338,Villanova,2024,15398,
338,Villanova,2024,15399,2004-02-21
338,Villanova,2024,15400,2000-04-12
338,Villanova,2024,15401,
338,Villanova,2024,15402,
97,Georgetown,2024,2855,
97,Georgetown,2024,3893,
97,Georgetown,2024,7250,
97,Georgetown,2024,8172,
97,Georgetown,2024,8175,
97,Georgetown,2024,8183,
97,Georgetown,2024,8245,
97,Georgetown,2024,17341,
97,Georgetown,2024,17342,
97,Georgetown,2024,17343,
97,Georgetown,2024,17344,
97,Georgetown,2024,17345,
97,Georgetown,2024,17346,
97,Georgetown,2024,2032,
97,Georgetown,2024,8184,
97,Georgetown,2024,8188,
279,St. John's,2024,984,
279,St. John's,2024,1426,
279,St. John's,2024,1428,
279,St. John's,2024,1431,
279,St. John's,2024,1424,
279,St. John's,2024,1430,
279,St. John's,2024,5151,
279,St. John's,2024,6241,
279,St. John's,2024,17307,
279,St. John's,2024,17308,
279,St. John's,2024,17309,2001-08-17
279,St. John's,2024,17310,
279,St. John's,2024,17311,
279,St. John's,2024,17312,
235,Providence,2024,3136,
235,Providence,2024,3142,
235,Providence,2024,3145,
235,Providence,2024,3146,
235,Providence,2024,3147,
235,Providence,2024,3150,
235,Providence,2024,4096,
235,Providence,2024,5175,
235,Providence,2024,6655,
235,Providence,2024,16021,
235,Providence,2024,16022,2002-03-18
235,Providence,2024,16023,
235,Providence,2024,3138,
235,Providence,2024,3140,
263,Seton Hall,2024,592,
263,Seton Hall,2024,985,
263,Seton Hall,2024,1427,
263,Seton Hall,2024,2563,
263,Seton Hall,2024,2663,
263,Seton Hall,2024,4098,
263,Seton Hall,2024,4099,
263,Seton Hall,2024,4109,
263,Seton Hall,2024,7025,
263,Seton Hall,2024,16250,
263,Seton Hall,2024,16251,
263,Seton Hall,2024,16252,
263,Seton Hall,2024,16253,
263,Seton Hall,2024,16254,
263,Seton Hall,2024,16255,
263,Seton Hall,2024,4108,
157,Marquette,2024,401,
157,Marquette,2024,402,
157,Marquette,2024,406,
157,Marquette,2024,409,
157,Marquette,2024,415,
157,Marquette,2024,398,
157,Marquette,2024,400,
157,Marquette,2024,403,
157,Marquette,2024,405,
157,Marquette,2024,407,
157,Marquette,2024,399,
157,Marquette,2024,15250,2002-07-14
157,Marquette,2024,15251,2001-03-27
157,Marquette,2024,15252,
157,Marquette,2024,15253,
157,Marquette,2024,410,
157,Marquette,2024,411,
157,Marquette,2024,416,
61,Creighton,2024,813,
61,Creighton,2024,4227,
61,Creighton,2024,7561,
61,Creighton,2024,7805,
61,Creighton,2024,7806,
61,Creighton,2024,7812,
61,Creighton,2024,7814,
61,Creighton,2024,7816,
61,Creighton,2024,7804,
61,Creighton,2024,7809,
61,Creighton,2024,7808,
61,Creighton,2024,17212,2000-09-26
61,Creighton,2024,17213,2003-05-02
61,Creighton,2024,17214,
61,Creighton,2024,7811,
61,Creighton,2024,7813,
359,Xavier,2024,728,
359,Xavier,2024,1337,
359,Xavier,2024,2743,
359,Xavier,2024,4131,
359,Xavier,2024,4489,
359,Xavier,2024,6669,
359,Xavier,2024,7089,
359,Xavier,2024,9394,
359,Xavier,2024,16658,2001-05-27
359,Xavier,2024,4074,
359,Xavier,2024,4079,
359,Xavier,2024,4064,
359,Xavier,2024,4065,
359,Xavier,2024,4067,
359,Xavier,2024,4070,
359,Xavier,2024,4071,
359,Xavier,2024,4078,
359,Xavier,2024,4080,
65,DePaul,2024,1273,
65,DePaul,2024,2596,
65,DePaul,2024,3555,
65,DePaul,2024,4536,
65,DePaul,2024,4868,
65,DePaul,2024,4872,
65,DePaul,2024,5123,
65,DePaul,2024,5568,
65,DePaul,2024,5780,
65,DePaul,2024,6921,
65,DePaul,2024,7354,
65,DePaul,2024,17441,
65,DePaul,2024,17442,
65,DePaul,2024,19790,
65,DePaul,2024,19791,
34,Butler,2024,1495,
34,Butler,2024,1497,
34,Butler,2024,1498,
34,Butler,2024,1499,
34,Butler,2024,1500,
34,Butler,2024,2923,
34,Butler,2024,7540,
34,Butler,2024,7779,
34,Butler,2024,16615,2000-10-02
34,Butler,2024,16616,
34,Butler,2024,16617,
34,Butler,2024,1494,
34,Butler,2024,1506,
34,Butler,2024,1508,
345,Weber State,2024,874,
345,Weber State,2024,6635,
345,Weber State,2024,6636,
345,Weber State,2024,6640,
345,Weber State,2024,6644,
345,Weber State,2024,6645,
345,Weber State,2024,6637,
345,Weber State,2024,17403,2001-10-29
345,Weber State,2024,17404,
345,Weber State,2024,17405,
345,Weber State,2024,17406,
345,Weber State,2024,17407,
345,Weber State,2024,17408,
345,Weber State,2024,17409,
345,Weber State,2024,17410,
345,Weber State,2024,17411,
179,Montana,2024,6507,
179,Montana,2024,6504,
179,Montana,2024,6506,
179,Montana,2024,6509,
179,Montana,2024,6512,
179,Montana,2024,6516,
179,Montana,2024,6517,
179,Montana,2024,17394,
179,Montana,2024,17395,
179,Montana,2024,17396,
179,Montana,2024,17397,
179,Montana,2024,17398,
179,Montana,2024,17399,
179,Montana,2024,17400,
179,Montana,2024,17401,
179,Montana,2024,17402,
180,Montana State,2024,8912,
180,Montana State,2024,8915,
180,Montana State,2024,8917,
180,Montana State,2024,8918,
180,Montana State,2024,8919,
180,Montana State,2024,16933,
180,Montana State,2024,16934,
180,Montana State,2024,16935,
180,Montana State,2024,16936,
180,Montana State,2024,16937,
180,Montana State,2024,16938,
180,Montana State,2024,16939,
180,Montana State,2024,16940,
180,Montana State,2024,8914,
180,Montana State,2024,8920,
180,Montana State,2024,8924,
116,Idaho State,2024,3086,
116,Idaho State,2024,5269,
116,Idaho State,2024,6552,
116,Idaho State,2024,6638,
116,Idaho State,2024,7625,
116,Idaho State,2024,7632,
116,Idaho State,2024,7623,
116,Idaho State,2024,7631,
116,Idaho State,2024,8383,
116,Idaho State,2024,16466,
116,Idaho State,2024,16467,
116,Idaho State,2024,16468,
116,Idaho State,2024,16469,
116,Idaho State,2024,16470,
116,Idaho State,2024,16471,
116,Idaho State,2024,16472,
116,Idaho State,2024,16473,
206,Northern Arizona,2024,279,
206,Northern Arizona,2024,5034,
206,Northern Arizona,2024,5036,
206,Northern Arizona,2024,5037,
206,Northern Arizona,2024,5040,
206,Northern Arizona,2024,5045,
206,Northern Arizona,2024,5047,
206,Northern Arizona,2024,5035,
206,Northern Arizona,2024,5038,
206,Northern Arizona,2024,5041,
206,Northern Arizona,2024,15254,
206,Northern Arizona,2024,15255,
206,Northern Arizona,2024,15256,
206,Northern Arizona,2024,15257,
80,Eastern Washington,2024,2511,
80,Eastern Washington,2024,6686,
80,Eastern Washington,2024,6687,
80,Eastern Washington,2024,6688,
80,Eastern Washington,2024,6691,
80,Eastern Washington,2024,6692,
80,Eastern Washington,2024,6685,
80,Eastern Washington,2024,7322,
80,Eastern Washington,2024,7323,
80,Eastern Washington,2024,7324,
80,Eastern Washington,2024,7326,
80,Eastern Washington,2024,16994,
80,Eastern Washington,2024,16995,
80,Eastern Washington,2024,16996,
231,Portland State,2024,2292,
231,Portland State,2024,7308,
231,Portland State,2024,7315,
231,Portland State,2024,7317,
231,Portland State,2024,7318,
231,Portland State,2024,7309,
231,Portland State,2024,7316,
231,Portland State,2024,16980,
231,Portland State,2024,16981,
231,Portland State,2024,16982,
231,Portland State,2024,16983,
231,Portland State,2024,16984,
231,Portland State,2024,16985,
207,Northern Colorado,2024,3369,
207,Northern Colorado,2024,4175,
207,Northern Colorado,2024,7087,
207,Northern Colorado,2024,7125,
207,Northern Colorado,2024,7127,
207,Northern Colorado,2024,7132,
207,Northern Colorado,2024,7138,
207,Northern Colorado,2024,7123,
207,Northern Colorado,2024,7126,
207,Northern Colorado,2024,7130,
207,Northern Colorado,2024,16989,
207,Northern Colorado,2024,16990,
207,Northern Colorado,2024,16991,
207,Northern Colorado,2024,16992,
207,Northern Colorado,2024,16993,
249,Sacramento State,2024,6513,
249,Sacramento State,2024,7746,
249,Sacramento State,2024,7748,
249,Sacramento State,2024,7749,
249,Sacramento State,2024,7750,
249,Sacramento State,2024,7751,
249,Sacramento State,2024,7754,
249,Sacramento State,2024,7755,
249,Sacramento State,2024,7756,
249,Sacramento State,2024,7758,
249,Sacramento State,2024,8240,
249,Sacramento State,2024,17479,
249,Sacramento State,2024,17480,
249,Sacramento State,2024,17481,
249,Sacramento State,2024,17482,
354,Winthrop,2024,1392,
354,Winthrop,2024,1393,
354,Winthrop,2024,1395,
354,Winthrop,2024,1397,
354,Winthrop,2024,1400,
354,Winthrop,2024,1404,
354,Winthrop,2024,1406,
354,Winthrop,2024,1399,
354,Winthrop,2024,1401,
354,Winthrop,2024,1403,
354,Winthrop,2024,4538,
354,Winthrop,2024,15943,
354,Winthrop,2024,15944,
354,Winthrop,2024,15945,
354,Winthrop,2024,15946,
354,Winthrop,2024,15947,
239,Radford,2024,2246,
239,Radford,2024,2672,
239,Radford,2024,3028,
239,Radford,2024,3033,
239,Radford,2024,3034,
239,Radford,2024,3039,
239,Radford,2024,3343,
239,Radford,2024,15366,
239,Radford,2024,15367,
239,Radford,2024,15368,
239,Radford,2024,15369,
239,Radford,2024,15370,
239,Radford,2024,15371,
239,Radford,2024,15372,
239,Radford,2024,15373,
239,Radford,2024,15374,
239,Radford,2024,15375,
319,UNC Asheville,2024,67,
319,UNC Asheville,2024,70,
319,UNC Asheville,2024,75,
319,UNC Asheville,2024,77,
319,UNC Asheville,2024,66,
319,UNC Asheville,2024,74,
319,UNC Asheville,2024,80,
319,UNC Asheville,2024,2661,
319,UNC Asheville,2024,4554,
319,UNC Asheville,2024,17384,2000-06-14
319,UNC Asheville,2024,17385,
319,UNC Asheville,2024,17386,
319,UNC Asheville,2024,17387,
319,UNC Asheville,2024,17388,
319,UNC Asheville,2024,17389,
47,Charleston Southern,2024,459,
47,Charleston Southern,2024,3432,
47,Charleston Southern,2024,3433,
47,Charleston Southern,2024,3445,
47,Charleston Southern,2024,3441,
47,Charleston Southern,2024,3444,
47,Charleston Southern,2024,6215,
47,Charleston Southern,2024,15720,
47,Charleston Southern,2024,15721,
47,Charleston Southern,2024,15722,
47,Charleston Southern,2024,15723,
47,Charleston Southern,2024,15724,
47,Charleston Southern,2024,15725,
47,Charleston Southern,2024,15726,
47,Charleston Southern,2024,15727,
47,Charleston Southern,2024,15728,
109,High Point,2024,2502,
109,High Point,2024,6235,
109,High Point,2024,6694,
109,High Point,2024,8116,
109,High Point,2024,8117,
109,High Point,2024,8118,
109,High Point,2024,8126,
109,High Point,2024,8128,
109,High Point,2024,8129,
109,High Point,2024,8133,
109,High Point,2024,15714,
109,High Point,2024,15715,
109,High Point,2024,15716,
109,High Point,2024,15717,
109,High Point,2024,15718,
109,High Point,2024,15719,
109,High Point,2024,62598,1990-09-02
109,High Point,2024,62597,1992-07-29
109,High Point,2024,8127,
94,Gardner-Webb,2024,285,
94,Gardner-Webb,2024,286,
94,Gardner-Webb,2024,287,
94,Gardner-Webb,2024,289,
94,Gardner-Webb,2024,292,
94,Gardner-Webb,2024,293,
94,Gardner-Webb,2024,295,
94,Gardner-Webb,2024,300,
94,Gardner-Webb,2024,301,
94,Gardner-Webb,2024,298,
94,Gardner-Webb,2024,299,
94,Gardner-Webb,2024,2175,
94,Gardner-Webb,2024,6430,
94,Gardner-Webb,2024,15570,
94,Gardner-Webb,2024,15571,
94,Gardner-Webb,2024,15572,
94,Gardner-Webb,2024,15573,
94,Gardner-Webb,2024,15574,
147,Longwood,2024,2473,
147,Longwood,2024,2516,
147,Longwood,2024,4033,
147,Longwood,2024,4038,
147,Longwood,2024,4047,
147,Longwood,2024,4032,
147,Longwood,2024,4035,
147,Longwood,2024,4037,
147,Longwood,2024,4039,
147,Longwood,2024,6063,
147,Longwood,2024,7558,
147,Longwood,2024,16142,
147,Longwood,2024,16143,
147,Longwood,2024,16144,
147,Longwood,2024,16145,
147,Longwood,2024,16146,
233,Presbyterian,2024,3910,
233,Presbyterian,2024,4837,
233,Presbyterian,2024,5099,
233,Presbyterian,2024,5100,
233,Presbyterian,2024,5101,
233,Presbyterian,2024,5102,
233,Presbyterian,2024,5106,
233,Presbyterian,2024,5111,
233,Presbyterian,2024,5098,
233,Presbyterian,2024,5103,
233,Presbyterian,2024,5105,
233,Presbyterian,2024,17364,
233,Presbyterian,2024,17365,
233,Presbyterian,2024,17366,
233,Presbyterian,2024,17367,
268,South Carolina Upstate,2024,953,
268,South Carolina Upstate,2024,2848,
268,South Carolina Upstate,2024,2945,
268,South Carolina Upstate,2024,2847,
268,South Carolina Upstate,2024,3401,
268,South Carolina Upstate,2024,5860,
268,South Carolina Upstate,2024,7422,
268,South Carolina Upstate,2024,15837,
268,South Carolina Upstate,2024,15838,
268,South Carolina Upstate,2024,15839,
268,South Carolina Upstate,2024,15840,
268,South Carolina Upstate,2024,15841,
268,South Carolina Upstate,2024,15842,
268,South Carolina Upstate,2024,15843,
268,South Carolina Upstate,2024,15844,
268,South Carolina Upstate,2024,15845,
236,Purdue,2024,210,
236,Purdue,2024,371,
236,Purdue,2024,373,
236,Purdue,2024,374,
236,Purdue,2024,376,
236,Purdue,2024,377,
236,Purdue,2024,379,
236,Purdue,2024,366,
236,Purdue,2024,368,
236,Purdue,2024,369,
236,Purdue,2024,378,
236,Purdue,2024,1486,
236,Purdue,2024,6789,
236,Purdue,2024,15234,2002-03-14
236,Purdue,2024,15235,
236,Purdue,2024,15236,
236,Purdue,2024,382,
121,Indiana,2024,3891,
121,Indiana,2024,5400,
121,Indiana,2024,7836,
121,Indiana,2024,7837,
121,Indiana,2024,7844,
121,Indiana,2024,7845,
121,Indiana,2024,7849,
121,Indiana,2024,7850,
121,Indiana,2024,7848,
121,Indiana,2024,7852,
121,Indiana,2024,7853,
121,Indiana,2024,7854,
121,Indiana,2024,7851,
121,Indiana,2024,17268,2004-04-20
121,Indiana,2024,17269,
121,Indiana,2024,17270,
121,Indiana,2024,2647,
118,Illinois,2024,3317,
118,Illinois,2024,3318,
118,Illinois,2024,3930,
118,Illinois,2024,5649,
118,Illinois,2024,5650,
118,Illinois,2024,5648,
118,Illinois,2024,5652,
118,Illinois,2024,7610,
118,Illinois,2024,7842,
118,Illinois,2024,15418,
118,Illinois,2024,15419,1998-08-30
118,Illinois,2024,15420,2000-07-30
118,Illinois,2024,15421,
118,Illinois,2024,15422,
118,Illinois,2024,5513,
216,Ohio State,2024,302,
216,Ohio State,2024,423,
216,Ohio State,2024,424,
216,Ohio State,2024,428,
216,Ohio State,2024,431,
216,Ohio State,2024,420,
216,Ohio State,2024,422,
216,Ohio State,2024,432,
216,Ohio State,2024,2920,
216,Ohio State,2024,4100,
216,Ohio State,2024,4965,
216,Ohio State,2024,5609,
216,Ohio State,2024,16067,2001-05-10
216,Ohio State,2024,16068,
216,Ohio State,2024,16069,
124,Iowa,2024,1496,
124,Iowa,2024,2826,
124,Iowa,2024,5478,
124,Iowa,2024,5479,
124,Iowa,2024,5480,
124,Iowa,2024,5481,
124,Iowa,2024,5482,
124,Iowa,2024,5485,
124,Iowa,2024,5486,
124,Iowa,2024,5487,
124,Iowa,2024,5489,
124,Iowa,2024,5493,
124,Iowa,2024,5503,
124,Iowa,2024,17361,
124,Iowa,2024,17362,
124,Iowa,2024,17363,
124,Iowa,2024,19709,
124,Iowa,2024,19710,
124,Iowa,2024,19711,
355,Wisconsin,2024,58,
355,Wisconsin,2024,1304,
355,Wisconsin,2024,3418,
355,Wisconsin,2024,4102,
355,Wisconsin,2024,5417,
355,Wisconsin,2024,5419,
355,Wisconsin,2024,5424,
355,Wisconsin,2024,5425,
355,Wisconsin,2024,5426,
355,Wisconsin,2024,5431,
355,Wisconsin,2024,5416,
355,Wisconsin,2024,5418,
355,Wisconsin,2024,5428,
355,Wisconsin,2024,5429,
355,Wisconsin,2024,5535,
355,Wisconsin,2024,5582,
355,Wisconsin,2024,16507,2001-03-07
355,Wisconsin,2024,16508,
355,Wisconsin,2024,19712,
355,Wisconsin,2024,19713,
355,Wisconsin,2024,19714,
355,Wisconsin,2024,19715,
173,Minnesota,2024,317,
173,Minnesota,2024,1092,
173,Minnesota,2024,4402,
173,Minnesota,2024,6926,
173,Minnesota,2024,7382,
173,Minnesota,2024,7594,
173,Minnesota,2024,8304,
173,Minnesota,2024,8307,
173,Minnesota,2024,8309,
173,Minnesota,2024,8314,
173,Minnesota,2024,8305,
173,Minnesota,2024,16708,
173,Minnesota,2024,16709,
173,Minnesota,2024,16710,
173,Minnesota,2024,16711,2005-07-24
170,Michigan,2024,4882,
170,Michigan,2024,4934,
170,Michigan,2024,5619,
170,Michigan,2024,5620,
170,Michigan,2024,5611,
170,Michigan,2024,5612,
170,Michigan,2024,5613,
170,Michigan,2024,7098,
170,Michigan,2024,7616,
170,Michigan,2024,7799,
170,Michigan,2024,8150,
170,Michigan,2024,17390,2000-05-02
170,Michigan,2024,17391,
170,Michigan,2024,17392,
170,Michigan,2024,17393,
169,Michigan State,2024,2472,
169,Michigan State,2024,2481,
169,Michigan State,2024,2482,
169,Michigan State,2024,2474,
169,Michigan State,2024,2476,
169,Michigan State,2024,2477,
169,Michigan State,2024,2475,
169,Michigan State,2024,4572,
169,Michigan State,2024,7383,
169,Michigan State,2024,15243,2000-07-25
169,Michigan State,2024,15244,2000-09-18
169,Michigan State,2024,15245,
169,Michigan State,2024,15246,
169,Michigan State,2024,2478,
169,Michigan State,2024,2480,
212,Northwestern,2024,5449,
212,Northwestern,2024,5452,
212,Northwestern,2024,5453,
212,Northwestern,2024,5455,
212,Northwestern,2024,5461,
212,Northwestern,2024,5454,
212,Northwestern,2024,5458,
212,Northwestern,2024,5459,
212,Northwestern,2024,5460,
212,Northwestern,2024,7238,
212,Northwestern,2024,16717,
212,Northwestern,2024,16718,1999-12-07
212,Northwestern,2024,16719,
212,Northwestern,2024,5448,
226,Penn State,2024,1128,
226,Penn State,2024,3549,
226,Penn State,2024,3803,
226,Penn State,2024,4127,
226,Penn State,2024,4134,
226,Penn State,2024,4135,
226,Penn State,2024,4156,
226,Penn State,2024,4125,
226,Penn State,2024,4128,
226,Penn State,2024,4716,
226,Penn State,2024,15621,
226,Penn State,2024,15622,
226,Penn State,2024,15623,
226,Penn State,2024,15624,
226,Penn State,2024,15620,
160,Maryland,2024,1507,
160,Maryland,2024,1528,
160,Maryland,2024,2612,
160,Maryland,2024,2627,
160,Maryland,2024,3291,
160,Maryland,2024,3293,
160,Maryland,2024,3294,
160,Maryland,2024,3297,
160,Maryland,2024,3299,
160,Maryland,2024,3301,
160,Maryland,2024,3296,
160,Maryland,2024,3287,
160,Maryland,2024,17330,2000-12-04
160,Maryland,2024,17331,2000-10-07
160,Maryland,2024,17332,
188,Nebraska,2024,326,
188,Nebraska,2024,4137,
188,Nebraska,2024,4661,
188,Nebraska,2024,5148,
188,Nebraska,2024,5585,
188,Nebraska,2024,5592,
188,Nebraska,2024,5583,
188,Nebraska,2024,5577,
188,Nebraska,2024,5580,
188,Nebraska,2024,6957,
188,Nebraska,2024,7219,
188,Nebraska,2024,16698,
188,Nebraska,2024,16700,2001-02-01
188,Nebraska,2024,16699,
188,Nebraska,2024,5588,
188,Nebraska,2024,5589,
188,Nebraska,2024,5590,
245,Rutgers,2024,84,
245,Rutgers,2024,1335,
245,Rutgers,2024,2404,
245,Rutgers,2024,3521,
245,Rutgers,2024,5584,
245,Rutgers,2024,7678,
245,Rutgers,2024,7872,
245,Rutgers,2024,7868,
245,Rutgers,2024,15898,
245,Rutgers,2024,15899,
245,Rutgers,2024,15900,
245,Rutgers,2024,15901,
245,Rutgers,2024,15902,
245,Rutgers,2024,15903,
245,Rutgers,2024,15904,
245,Rutgers,2024,15905,
245,Rutgers,2024,7876,
145,Long Beach State,2024,3415,
145,Long Beach State,2024,4075,
145,Long Beach State,2024,6155,
145,Long Beach State,2024,6249,
145,Long Beach State,2024,6693,
145,Long Beach State,2024,6699,
145,Long Beach State,2024,7217,
145,Long Beach State,2024,7218,
145,Long Beach State,2024,7223,
145,Long Beach State,2024,7721,
145,Long Beach State,2024,17134,
145,Long Beach State,2024,17135,
145,Long Beach State,2024,17136,
145,Long Beach State,2024,17137,
145,Long Beach State,2024,17138,
308,UC Irvine,2024,917,
308,UC Irvine,2024,4434,
308,UC Irvine,2024,4439,
308,UC Irvine,2024,7292,
308,UC Irvine,2024,7293,
308,UC Irvine,2024,7296,
308,UC Irvine,2024,7305,
308,UC Irvine,2024,17467,
308,UC Irvine,2024,17468,
308,UC Irvine,2024,17469,
308,UC Irvine,2024,7295,
308,UC Irvine,2024,7298,
308,UC Irvine,2024,7302,
308,UC Irvine,2024,7303,
308,UC Irvine,2024,7304,
308,UC Irvine,2024,7306,
37,Cal State Fullerton,2024,6390,
37,Cal State Fullerton,2024,6391,
37,Cal State Fullerton,2024,6392,
37,Cal State Fullerton,2024,6393,
37,Cal State Fullerton,2024,6395,
37,Cal State Fullerton,2024,6400,
37,Cal State Fullerton,2024,7611,
37,Cal State Fullerton,2024,15343,
37,Cal State Fullerton,2024,15344,
37,Cal State Fullerton,2024,15345,
37,Cal State Fullerton,2024,15346,
37,Cal State Fullerton,2024,15347,
37,Cal State Fullerton,2024,15348,
37,Cal State Fullerton,2024,15349,
37,Cal State Fullerton,2024,6389,
35,Cal Poly,2024,1474,
35,Cal Poly,2024,2583,
35,Cal Poly,2024,7060,
35,Cal Poly,2024,7225,
35,Cal Poly,2024,7692,
35,Cal Poly,2024,7694,
35,Cal Poly,2024,7703,
35,Cal Poly,2024,7704,
35,Cal Poly,2024,7705,
35,Cal Poly,2024,7699,
35,Cal Poly,2024,7700,
35,Cal Poly,2024,17011,
35,Cal Poly,2024,17012,
35,Cal Poly,2024,17013,
35,Cal Poly,2024,17014,
35,Cal Poly,2024,17015,
35,Cal Poly,2024,7702,
38,Cal State Northridge,2024,258,
38,Cal State Northridge,2024,2805,
38,Cal State Northridge,2024,2810,
38,Cal State Northridge,2024,2822,
38,Cal State Northridge,2024,4579,
38,Cal State Northridge,2024,4897,
38,Cal State Northridge,2024,6378,
38,Cal State Northridge,2024,6403,
38,Cal State Northridge,2024,7569,
38,Cal State Northridge,2024,17161,
38,Cal State Northridge,2024,17162,
38,Cal State Northridge,2024,17163,
38,Cal State Northridge,2024,17164,
38,Cal State Northridge,2024,17165,
38,Cal State Northridge,2024,17166,
38,Cal State Northridge,2024,17167,
309,UC Riverside,2024,1465,
309,UC Riverside,2024,4573,
309,UC Riverside,2024,7224,
309,UC Riverside,2024,7226,
309,UC Riverside,2024,7227,
309,UC Riverside,2024,7228,
309,UC Riverside,2024,7230,
309,UC Riverside,2024,7232,
309,UC Riverside,2024,7233,
309,UC Riverside,2024,7237,
309,UC Riverside,2024,17462,
309,UC Riverside,2024,17463,
309,UC Riverside,2024,17464,
309,UC Riverside,2024,17465,
309,UC Riverside,2024,17466,
307,UC Davis,2024,7253,
307,UC Davis,2024,7760,
307,UC Davis,2024,7761,
307,UC Davis,2024,7762,
307,UC Davis,2024,7769,
307,UC Davis,2024,7770,
307,UC Davis,2024,7771,
307,UC Davis,2024,7774,
307,UC Davis,2024,7759,
307,UC Davis,2024,7766,
307,UC Davis,2024,7763,
307,UC Davis,2024,16859,
307,UC Davis,2024,16860,
307,UC Davis,2024,16861,
307,UC Davis,2024,16862,
108,Hawai'i,2024,9381,
108,Hawai'i,2024,9388,
108,Hawai'i,2024,9391,
108,Hawai'i,2024,9392,
108,Hawai'i,2024,9399,
108,Hawai'i,2024,9403,
108,Hawai'i,2024,9389,
108,Hawai'i,2024,18195,
108,Hawai'i,2024,18196,
108,Hawai'i,2024,18197,
108,Hawai'i,2024,18198,
108,Hawai'i,2024,18199,
108,Hawai'i,2024,18200,
108,Hawai'i,2024,18201,
310,UC San Diego,2024,6082,
310,UC San Diego,2024,6374,
310,UC San Diego,2024,7097,
310,UC San Diego,2024,8441,
310,UC San Diego,2024,8452,
310,UC San Diego,2024,8453,
310,UC San Diego,2024,8450,
310,UC San Diego,2024,8451,
310,UC San Diego,2024,17130,
310,UC San Diego,2024,17131,
310,UC San Diego,2024,17132,
310,UC San Diego,2024,17133,
310,UC San Diego,2024,8439,
310,UC San Diego,2024,8440,
310,UC San Diego,2024,8445,
310,UC San Diego,2024,8447,
36,Cal State Bakersfield,2024,4495,
36,Cal State Bakersfield,2024,4903,
36,Cal State Bakersfield,2024,5688,
36,Cal State Bakersfield,2024,5692,
36,Cal State Bakersfield,2024,7368,
36,Cal State Bakersfield,2024,7369,
36,Cal State Bakersfield,2024,7370,
36,Cal State Bakersfield,2024,7367,
36,Cal State Bakersfield,2024,7371,
36,Cal State Bakersfield,2024,17020,
36,Cal State Bakersfield,2024,17021,
36,Cal State Bakersfield,2024,17022,
36,Cal State Bakersfield,2024,17023,
36,Cal State Bakersfield,2024,7378,
321,UNC Wilmington,2024,1976,
321,UNC Wilmington,2024,1979,
321,UNC Wilmington,2024,1987,
321,UNC Wilmington,2024,1989,
321,UNC Wilmington,2024,1991,
321,UNC Wilmington,2024,1977,
321,UNC Wilmington,2024,1978,
321,UNC Wilmington,2024,3794,
321,UNC Wilmington,2024,5165,
321,UNC Wilmington,2024,5669,
321,UNC Wilmington,2024,15609,
321,UNC Wilmington,2024,15610,
321,UNC Wilmington,2024,15611,
321,UNC Wilmington,2024,15612,
321,UNC Wilmington,2024,15613,
321,UNC Wilmington,2024,15614,
110,Hofstra,2024,316,
110,Hofstra,2024,989,
110,Hofstra,2024,990,
110,Hofstra,2024,994,
110,Hofstra,2024,995,
110,Hofstra,2024,1114,
110,Hofstra,2024,1133,
110,Hofstra,2024,2746,
110,Hofstra,2024,3352,
110,Hofstra,2024,15451,
110,Hofstra,2024,15452,2000-02-02
110,Hofstra,2024,15453,
110,Hofstra,2024,15454,
110,Hofstra,2024,988,
110,Hofstra,2024,991,
71,Drexel,2024,561,
71,Drexel,2024,1213,
71,Drexel,2024,1215,
71,Drexel,2024,1216,
71,Drexel,2024,1219,
71,Drexel,2024,2298,
71,Drexel,2024,3435,
71,Drexel,2024,5131,
71,Drexel,2024,6079,
71,Drexel,2024,17233,
71,Drexel,2024,17234,
71,Drexel,2024,17235,
71,Drexel,2024,17236,
71,Drexel,2024,17237,
71,Drexel,2024,1222,
71,Drexel,2024,1223,
71,Drexel,2024,1224,
205,Northeastern,2024,1108,
205,Northeastern,2024,3967,
205,Northeastern,2024,3969,
205,Northeastern,2024,3970,
205,Northeastern,2024,3974,
205,Northeastern,2024,3979,
205,Northeastern,2024,3980,
205,Northeastern,2024,3968,
205,Northeastern,2024,3976,
205,Northeastern,2024,6508,
205,Northeastern,2024,16448,
205,Northeastern,2024,16449,
205,Northeastern,2024,16450,
205,Northeastern,2024,16451,
46,Charleston,2024,737,
46,Charleston,2024,741,
46,Charleston,2024,743,
46,Charleston,2024,729,
46,Charleston,2024,732,
46,Charleston,2024,1567,
46,Charleston,2024,1572,
46,Charleston,2024,3414,
46,Charleston,2024,3426,
46,Charleston,2024,3429,
46,Charleston,2024,3430,
46,Charleston,2024,5708,
46,Charleston,2024,5873,
46,Charleston,2024,16056,
46,Charleston,2024,16057,
46,Charleston,2024,16058,
46,Charleston,2024,19735,
81,Elon,2024,219,
81,Elon,2024,221,
81,Elon,2024,222,
81,Elon,2024,226,
81,Elon,2024,228,
81,Elon,2024,229,
81,Elon,2024,224,
81,Elon,2024,232,
81,Elon,2024,233,
81,Elon,2024,234,
81,Elon,2024,1809,
81,Elon,2024,3971,
81,Elon,2024,8423,
81,Elon,2024,16618,
81,Elon,2024,16619,
81,Elon,2024,16620,
285,Stony Brook,2024,387,
285,Stony Brook,2024,392,
285,Stony Brook,2024,393,
285,Stony Brook,2024,396,
285,Stony Brook,2024,5456,
285,Stony Brook,2024,17299,
285,Stony Brook,2024,17300,
285,Stony Brook,2024,17301,
285,Stony Brook,2024,17302,
285,Stony Brook,2024,17303,
285,Stony Brook,2024,17304,
285,Stony Brook,2024,17305,
285,Stony Brook,2024,17306,
285,Stony Brook,2024,394,
285,Stony Brook,2024,397,
178,Monmouth,2024,454,
178,Monmouth,2024,2300,
178,Monmouth,2024,2455,
178,Monmouth,2024,2467,
178,Monmouth,2024,2468,
178,Monmouth,2024,2469,
178,Monmouth,2024,3279,
178,Monmouth,2024,6062,
178,Monmouth,2024,8162,
178,Monmouth,2024,15951,
178,Monmouth,2024,15952,
178,Monmouth,2024,15953,
178,Monmouth,2024,15954,
178,Monmouth,2024,2454,
178,Monmouth,2024,2457,
178,Monmouth,2024,2458,
178,Monmouth,2024,2464,
178,Monmouth,2024,2465,
178,Monmouth,2024,2466,
106,Hampton,2024,595,
106,Hampton,2024,1029,
106,Hampton,2024,2021,
106,Hampton,2024,2033,
106,Hampton,2024,2639,
106,Hampton,2024,3109,
106,Hampton,2024,6765,
106,Hampton,2024,7576,
106,Hampton,2024,15851,
106,Hampton,2024,15852,
106,Hampton,2024,15854,
106,Hampton,2024,15855,
106,Hampton,2024,15856,
106,Hampton,2024,15857,
106,Hampton,2024,15858,
106,Hampton,2024,15853,
198,North Carolina A&T,2024,1526,
198,North Carolina A&T,2024,1527,
198,North Carolina A&T,2024,1529,
198,North Carolina A&T,2024,1531,
198,North Carolina A&T,2024,1534,
198,North Carolina A&T,2024,1535,
198,North Carolina A&T,2024,1537,
198,North Carolina A&T,2024,1539,
198,North Carolina A&T,2024,1524,
198,North Carolina A&T,2024,1525,
198,North Carolina A&T,2024,16076,
198,North Carolina A&T,2024,16077,
198,North Carolina A&T,2024,16078,
198,North Carolina A&T,2024,16079,
198,North Carolina A&T,2024,16080,
198,North Carolina A&T,2024,16081,
198,North Carolina A&T,2024,16082,
198,North Carolina A&T,2024,1536,
41,Campbell,2024,276,
41,Campbell,2024,3795,
41,Campbell,2024,3798,
41,Campbell,2024,3800,
41,Campbell,2024,3802,
41,Campbell,2024,3804,
41,Campbell,2024,3805,
41,Campbell,2024,3808,
41,Campbell,2024,3806,
41,Campbell,2024,3807,
41,Campbell,2024,8663,
41,Campbell,2024,16392,
41,Campbell,2024,16393,
41,Campbell,2024,16394,
41,Campbell,2024,16395,
41,Campbell,2024,16396,
41,Campbell,2024,16397,
327,UTEP,2024,6329,
327,UTEP,2024,6330,
327,UTEP,2024,6331,
327,UTEP,2024,6332,
327,UTEP,2024,6335,
327,UTEP,2024,6336,
327,UTEP,2024,6340,
327,UTEP,2024,6342,
327,UTEP,2024,6337,
327,UTEP,2024,16863,
327,UTEP,2024,16864,
327,UTEP,2024,16865,
327,UTEP,2024,16866,
327,UTEP,2024,16867,
327,UTEP,2024,16868,
327,UTEP,2024,17771,
327,UTEP,2024,6339,
149,Louisiana Tech,2024,3632,
149,Louisiana Tech,2024,3633,
149,Louisiana Tech,2024,3640,
149,Louisiana Tech,2024,3642,
149,Louisiana Tech,2024,3643,
149,Louisiana Tech,2024,3637,
149,Louisiana Tech,2024,7310,
149,Louisiana Tech,2024,7314,
149,Louisiana Tech,2024,17029,2000-11-01
149,Louisiana Tech,2024,17030,
149,Louisiana Tech,2024,17031,
149,Louisiana Tech,2024,17032,
149,Louisiana Tech,2024,17033,
149,Louisiana Tech,2024,17034,
171,Middle Tennessee,2024,669,
171,Middle Tennessee,2024,670,
171,Middle Tennessee,2024,671,
171,Middle Tennessee,2024,676,
171,Middle Tennessee,2024,679,
171,Middle Tennessee,2024,680,
171,Middle Tennessee,2024,672,
171,Middle Tennessee,2024,673,
171,Middle Tennessee,2024,677,
171,Middle Tennessee,2024,5865,
171,Middle Tennessee,2024,8455,
171,Middle Tennessee,2024,16797,
171,Middle Tennessee,2024,16798,
171,Middle Tennessee,2024,16799,
171,Middle Tennessee,2024,16800,
350,Western Kentucky,2024,4650,
350,Western Kentucky,2024,4651,
350,Western Kentucky,2024,4654,
350,Western Kentucky,2024,4657,
350,Western Kentucky,2024,4658,
350,Western Kentucky,2024,4659,
350,Western Kentucky,2024,4660,
350,Western Kentucky,2024,4665,
350,Western Kentucky,2024,4666,
350,Western Kentucky,2024,4652,
350,Western Kentucky,2024,4664,
350,Western Kentucky,2024,4667,
350,Western Kentucky,2024,6678,
350,Western Kentucky,2024,6758,
350,Western Kentucky,2024,16752,
350,Western Kentucky,2024,16753,
89,Florida International,2024,6675,
89,Florida International,2024,6930,
89,Florida International,2024,7404,
89,Florida International,2024,7407,
89,Florida International,2024,7408,
89,Florida International,2024,7409,
89,Florida International,2024,7410,
89,Florida International,2024,7413,
89,Florida International,2024,7414,
89,Florida International,2024,7415,
89,Florida International,2024,7417,
89,Florida International,2024,7419,
89,Florida International,2024,7418,
89,Florida International,2024,16676,
89,Florida International,2024,16677,
89,Florida International,2024,16678,
142,Liberty,2024,553,
142,Liberty,2024,1095,
142,Liberty,2024,1098,
142,Liberty,2024,1102,
142,Liberty,2024,1104,
142,Liberty,2024,1091,
142,Liberty,2024,1093,
142,Liberty,2024,1094,
142,Liberty,2024,3842,
142,Liberty,2024,6048,
142,Liberty,2024,15935,1999-12-09
142,Liberty,2024,15936,
142,Liberty,2024,15937,
142,Liberty,2024,1096,
142,Liberty,2024,1099,
255,Sam Houston,2024,601,
255,Sam Houston,2024,7042,
255,Sam Houston,2024,7043,
255,Sam Houston,2024,7045,
255,Sam Houston,2024,7047,
255,Sam Houston,2024,7054,
255,Sam Houston,2024,7055,
255,Sam Houston,2024,17071,
255,Sam Houston,2024,17072,
255,Sam Houston,2024,17073,
255,Sam Houston,2024,17074,
255,Sam Houston,2024,17075,
255,Sam Houston,2024,17076,
255,Sam Houston,2024,17077,
255,Sam Houston,2024,17078,
255,Sam Houston,2024,17079,
128,Jacksonville State,2024,792,
128,Jacksonville State,2024,797,
128,Jacksonville State,2024,801,
128,Jacksonville State,2024,802,
128,Jacksonville State,2024,804,
128,Jacksonville State,2024,1050,
128,Jacksonville State,2024,1262,
128,Jacksonville State,2024,3925,
128,Jacksonville State,2024,5272,
128,Jacksonville State,2024,17227,
128,Jacksonville State,2024,17228,
128,Jacksonville State,2024,17229,
128,Jacksonville State,2024,17230,
128,Jacksonville State,2024,17231,
128,Jacksonville State,2024,17232,
192,New Mexico State,2024,2205,
192,New Mexico State,2024,2791,
192,New Mexico State,2024,4052,
192,New Mexico State,2024,6375,
192,New Mexico State,2024,6377,
192,New Mexico State,2024,6382,
192,New Mexico State,2024,6384,
192,New Mexico State,2024,8312,
192,New Mexico State,2024,15328,
192,New Mexico State,2024,15330,
192,New Mexico State,2024,15332,
192,New Mexico State,2024,15333,
192,New Mexico State,2024,15334,
192,New Mexico State,2024,15335,
192,New Mexico State,2024,15336,
192,New Mexico State,2024,15331,
192,New Mexico State,2024,15329,
69,Detroit Mercy,2024,362,
69,Detroit Mercy,2024,1801,
69,Detroit Mercy,2024,1803,
69,Detroit Mercy,2024,1808,
69,Detroit Mercy,2024,1810,
69,Detroit Mercy,2024,3332,
69,Detroit Mercy,2024,6568,
69,Detroit Mercy,2024,16034,
69,Detroit Mercy,2024,16035,
69,Detroit Mercy,2024,16036,
69,Detroit Mercy,2024,16037,
69,Detroit Mercy,2024,16038,
69,Detroit Mercy,2024,16039,
69,Detroit Mercy,2024,16040,
69,Detroit Mercy,2024,16041,
69,Detroit Mercy,2024,16042,
69,Detroit Mercy,2024,16043,
357,Wright State,2024,547,
357,Wright State,2024,549,
357,Wright State,2024,550,
357,Wright State,2024,551,
357,Wright State,2024,556,
357,Wright State,2024,557,
357,Wright State,2024,548,
357,Wright State,2024,555,
357,Wright State,2024,1078,
357,Wright State,2024,7155,
357,Wright State,2024,17866,
357,Wright State,2024,17867,
357,Wright State,2024,17868,
357,Wright State,2024,17869,
357,Wright State,2024,17865,2000-04-06
105,Green Bay,2024,733,
105,Green Bay,2024,5671,
105,Green Bay,2024,6290,
105,Green Bay,2024,6510,
105,Green Bay,2024,6652,
105,Green Bay,2024,6662,
105,Green Bay,2024,6650,
105,Green Bay,2024,6651,
105,Green Bay,2024,6660,
105,Green Bay,2024,9386,
105,Green Bay,2024,16683,
105,Green Bay,2024,16684,
105,Green Bay,2024,16685,
105,Green Bay,2024,16686,
105,Green Bay,2024,16687,
172,Milwaukee,2024,1992,
172,Milwaukee,2024,3010,
172,Milwaukee,2024,3011,
172,Milwaukee,2024,3015,
172,Milwaukee,2024,3019,
172,Milwaukee,2024,3020,
172,Milwaukee,2024,3023,
172,Milwaukee,2024,3009,
172,Milwaukee,2024,5135,
172,Milwaukee,2024,6219,
172,Milwaukee,2024,7646,
172,Milwaukee,2024,8911,
172,Milwaukee,2024,16349,
172,Milwaukee,2024,16350,
172,Milwaukee,2024,16351,
172,Milwaukee,2024,16352,
172,Milwaukee,2024,16353,
172,Milwaukee,2024,3018,
172,Milwaukee,2024,3024,
53,Cleveland State,2024,1723,
53,Cleveland State,2024,2460,
53,Cleveland State,2024,5593,
53,Cleveland State,2024,5595,
53,Cleveland State,2024,5597,
53,Cleveland State,2024,5599,
53,Cleveland State,2024,5602,
53,Cleveland State,2024,5606,
53,Cleveland State,2024,15823,2001-06-26
53,Cleveland State,2024,15824,2000-12-14
53,Cleveland State,2024,15825,
53,Cleveland State,2024,15826,
53,Cleveland State,2024,15827,
53,Cleveland State,2024,15828,
53,Cleveland State,2024,17907,
53,Cleveland State,2024,17908,
361,Youngstown State,2024,3021,
361,Youngstown State,2024,9608,
361,Youngstown State,2024,9611,
361,Youngstown State,2024,9614,
361,Youngstown State,2024,9617,
361,Youngstown State,2024,9618,
361,Youngstown State,2024,9620,
361,Youngstown State,2024,16801,
361,Youngstown State,2024,16802,
361,Youngstown State,2024,16803,
361,Youngstown State,2024,16804,
361,Youngstown State,2024,16805,
361,Youngstown State,2024,16806,
361,Youngstown State,2024,16807,
361,Youngstown State,2024,16808,
214,Oakland,2024,266,
214,Oakland,2024,1722,
214,Oakland,2024,1725,
214,Oakland,2024,1726,
214,Oakland,2024,1735,
214,Oakland,2024,1721,
214,Oakland,2024,7786,
214,Oakland,2024,16059,1999-12-03
214,Oakland,2024,16060,
214,Oakland,2024,16061,
214,Oakland,2024,16062,
214,Oakland,2024,16063,
214,Oakland,2024,16064,
214,Oakland,2024,16065,
214,Oakland,2024,16066,
214,Oakland,2024,18075,
210,Northern Kentucky,2024,3087,
210,Northern Kentucky,2024,3090,
210,Northern Kentucky,2024,3091,
210,Northern Kentucky,2024,3092,
210,Northern Kentucky,2024,3094,
210,Northern Kentucky,2024,3096,
210,Northern Kentucky,2024,3100,
210,Northern Kentucky,2024,3102,
210,Northern Kentucky,2024,3093,
210,Northern Kentucky,2024,3095,
210,Northern Kentucky,2024,3101,
210,Northern Kentucky,2024,3423,
210,Northern Kentucky,2024,5502,
210,Northern Kentucky,2024,16794,
210,Northern Kentucky,2024,16795,
210,Northern Kentucky,2024,16796,
210,Northern Kentucky,2024,18074,
237,Purdue Fort Wayne,2024,1660,
237,Purdue Fort Wayne,2024,1661,
237,Purdue Fort Wayne,2024,1662,
237,Purdue Fort Wayne,2024,1663,
237,Purdue Fort Wayne,2024,1666,
237,Purdue Fort Wayne,2024,1668,
237,Purdue Fort Wayne,2024,1659,
237,Purdue Fort Wayne,2024,1665,
237,Purdue Fort Wayne,2024,1667,
237,Purdue Fort Wayne,2024,6292,
237,Purdue Fort Wayne,2024,17436,
237,Purdue Fort Wayne,2024,17437,
237,Purdue Fort Wayne,2024,17438,
237,Purdue Fort Wayne,2024,17439,
237,Purdue Fort Wayne,2024,17440,
237,Purdue Fort Wayne,2024,1669,
115,IU Indianapolis,2024,678,
115,IU Indianapolis,2024,1481,
115,IU Indianapolis,2024,6868,
115,IU Indianapolis,2024,15439,
115,IU Indianapolis,2024,15440,
115,IU Indianapolis,2024,15441,
115,IU Indianapolis,2024,15442,
115,IU Indianapolis,2024,15443,
115,IU Indianapolis,2024,15444,
115,IU Indianapolis,2024,15445,
115,IU Indianapolis,2024,15446,
115,IU Indianapolis,2024,15447,
115,IU Indianapolis,2024,15448,
115,IU Indianapolis,2024,15449,
115,IU Indianapolis,2024,15450,
244,Robert Morris,2024,1980,
244,Robert Morris,2024,2634,
244,Robert Morris,2024,3302,
244,Robert Morris,2024,3307,
244,Robert Morris,2024,3312,
244,Robert Morris,2024,3316,
244,Robert Morris,2024,3313,
244,Robert Morris,2024,3314,
244,Robert Morris,2024,3315,
244,Robert Morris,2024,7213,
244,Robert Morris,2024,16653,
244,Robert Morris,2024,16654,
244,Robert Morris,2024,16655,
244,Robert Morris,2024,16656,
244,Robert Morris,2024,16657,
234,Princeton,2024,3383,
234,Princeton,2024,3386,
234,Princeton,2024,3389,
234,Princeton,2024,3392,
234,Princeton,2024,3394,
234,Princeton,2024,3395,
234,Princeton,2024,3396,
234,Princeton,2024,3397,
234,Princeton,2024,3382,
234,Princeton,2024,3384,
234,Princeton,2024,3385,
234,Princeton,2024,3721,
234,Princeton,2024,7765,
234,Princeton,2024,7869,
234,Princeton,2024,8159,
227,Pennsylvania,2024,2422,
227,Pennsylvania,2024,2426,
227,Pennsylvania,2024,2431,
227,Pennsylvania,2024,2437,
227,Pennsylvania,2024,2423,
227,Pennsylvania,2024,2427,
227,Pennsylvania,2024,2429,
227,Pennsylvania,2024,2434,
227,Pennsylvania,2024,2436,
227,Pennsylvania,2024,5355,
227,Pennsylvania,2024,7096,
227,Pennsylvania,2024,15545,
227,Pennsylvania,2024,15546,
227,Pennsylvania,2024,15547,
227,Pennsylvania,2024,15548,
360,Yale,2024,3079,
360,Yale,2024,4821,
360,Yale,2024,4823,
360,Yale,2024,4826,
360,Yale,2024,4832,
360,Yale,2024,4833,
360,Yale,2024,4819,
360,Yale,2024,4820,
360,Yale,2024,4827,
360,Yale,2024,4829,
360,Yale,2024,4830,
360,Yale,2024,4831,
360,Yale,2024,4822,
360,Yale,2024,5608,
360,Yale,2024,7091,
360,Yale,2024,15896,
360,Yale,2024,15897,
58,Columbia,2024,875,
58,Columbia,2024,2227,
58,Columbia,2024,2392,
58,Columbia,2024,2394,
58,Columbia,2024,2395,
58,Columbia,2024,2396,
58,Columbia,2024,2398,
58,Columbia,2024,2400,
58,Columbia,2024,3195,
58,Columbia,2024,2403,
58,Columbia,2024,2388,
58,Columbia,2024,2389,
58,Columbia,2024,2390,
58,Columbia,2024,2391,
58,Columbia,2024,2401,
60,Cornell,2024,1925,
60,Cornell,2024,2203,
60,Cornell,2024,2368,
60,Cornell,2024,2369,
60,Cornell,2024,2375,
60,Cornell,2024,2379,
60,Cornell,2024,2386,
60,Cornell,2024,2387,
60,Cornell,2024,4567,
60,Cornell,2024,4967,
60,Cornell,2024,5181,
60,Cornell,2024,16204,
60,Cornell,2024,16205,
60,Cornell,2024,2370,
60,Cornell,2024,2371,
60,Cornell,2024,2372,
60,Cornell,2024,2374,
60,Cornell,2024,2376,
60,Cornell,2024,2383,
60,Cornell,2024,2384,
60,Cornell,2024,2385,
62,Dartmouth,2024,44,
62,Dartmouth,2024,2709,
62,Dartmouth,2024,2711,
62,Dartmouth,2024,2712,
62,Dartmouth,2024,2715,
62,Dartmouth,2024,2722,
62,Dartmouth,2024,2708,
62,Dartmouth,2024,2714,
62,Dartmouth,2024,2718,
62,Dartmouth,2024,2719,
62,Dartmouth,2024,8138,
62,Dartmouth,2024,15221,
62,Dartmouth,2024,15222,
62,Dartmouth,2024,2720,
62,Dartmouth,2024,2721,
107,Harvard,2024,915,
107,Harvard,2024,1061,
107,Harvard,2024,1072,
107,Harvard,2024,1068,
107,Harvard,2024,1069,
107,Harvard,2024,3519,
107,Harvard,2024,8174,
107,Harvard,2024,16015,
107,Harvard,2024,16016,
107,Harvard,2024,16017,
107,Harvard,2024,16018,
107,Harvard,2024,16019,
107,Harvard,2024,16020,
107,Harvard,2024,1057,
107,Harvard,2024,1058,
107,Harvard,2024,1060,
107,Harvard,2024,1067,
30,Brown,2024,806,
30,Brown,2024,1924,
30,Brown,2024,2724,
30,Brown,2024,2726,
30,Brown,2024,2732,
30,Brown,2024,2735,
30,Brown,2024,2723,
30,Brown,2024,2728,
30,Brown,2024,2725,
30,Brown,2024,8463,
30,Brown,2024,16044,
30,Brown,2024,16045,
30,Brown,2024,2730,
30,Brown,2024,2731,
30,Brown,2024,2734,
30,Brown,2024,2737,
30,Brown,2024,2738,
123,Iona,2024,983,
123,Iona,2024,1038,
123,Iona,2024,2868,
123,Iona,2024,2961,
123,Iona,2024,3954,
123,Iona,2024,4762,
123,Iona,2024,7313,
123,Iona,2024,16049,
123,Iona,2024,16050,
123,Iona,2024,16051,
123,Iona,2024,16052,
123,Iona,2024,16053,
123,Iona,2024,16054,
123,Iona,2024,16055,
254,Saint Peter's,2024,791,
254,Saint Peter's,2024,4081,
254,Saint Peter's,2024,4082,
254,Saint Peter's,2024,4083,
254,Saint Peter's,2024,4085,
254,Saint Peter's,2024,4091,
254,Saint Peter's,2024,4635,
254,Saint Peter's,2024,16245,
254,Saint Peter's,2024,16246,
254,Saint Peter's,2024,16247,
254,Saint Peter's,2024,16248,
254,Saint Peter's,2024,16249,
254,Saint Peter's,2024,4093,
83,Fairfield,2024,5128,
83,Fairfield,2024,5133,
83,Fairfield,2024,5143,
83,Fairfield,2024,5127,
83,Fairfield,2024,5136,
83,Fairfield,2024,5141,
83,Fairfield,2024,5451,
83,Fairfield,2024,7553,
83,Fairfield,2024,16659,
83,Fairfield,2024,16660,
83,Fairfield,2024,16661,
83,Fairfield,2024,16662,
83,Fairfield,2024,16663,
83,Fairfield,2024,16664,
83,Fairfield,2024,6237,
83,Fairfield,2024,5142,
83,Fairfield,2024,5144,
155,Manhattan,2024,579,
155,Manhattan,2024,638,
155,Manhattan,2024,3272,
155,Manhattan,2024,3274,
155,Manhattan,2024,3281,
155,Manhattan,2024,3285,
155,Manhattan,2024,5491,
155,Manhattan,2024,7567,
155,Manhattan,2024,16189,
155,Manhattan,2024,16190,
155,Manhattan,2024,16191,
155,Manhattan,2024,16192,
155,Manhattan,2024,16193,
155,Manhattan,2024,16194,
155,Manhattan,2024,19841,
155,Manhattan,2024,3273,
155,Manhattan,2024,3278,
155,Manhattan,2024,3286,
264,Siena,2024,193,
264,Siena,2024,2629,
264,Siena,2024,2745,
264,Siena,2024,2749,
264,Siena,2024,2754,
264,Siena,2024,2739,
264,Siena,2024,2755,
264,Siena,2024,2958,
264,Siena,2024,3129,
264,Siena,2024,3335,
264,Siena,2024,3901,
264,Siena,2024,7664,
264,Siena,2024,15812,
264,Siena,2024,15813,
264,Siena,2024,15814,
264,Siena,2024,15815,
194,Niagara,2024,1983,
194,Niagara,2024,4491,
194,Niagara,2024,4653,
194,Niagara,2024,6473,
194,Niagara,2024,15980,
194,Niagara,2024,15981,
194,Niagara,2024,15982,
194,Niagara,2024,15983,
194,Niagara,2024,15984,
194,Niagara,2024,15985,
194,Niagara,2024,15986,
194,Niagara,2024,15987,
194,Niagara,2024,15988,
42,Canisius,2024,256,
42,Canisius,2024,261,
42,Canisius,2024,263,
42,Canisius,2024,260,
42,Canisius,2024,986,
42,Canisius,2024,2022,
42,Canisius,2024,3972,
42,Canisius,2024,4713,
42,Canisius,2024,5549,
42,Canisius,2024,5596,
42,Canisius,2024,8315,
42,Canisius,2024,9619,
42,Canisius,2024,17571,
42,Canisius,2024,17572,
42,Canisius,2024,17573,
243,Rider,2024,514,
243,Rider,2024,516,
243,Rider,2024,517,
243,Rider,2024,519,
243,Rider,2024,520,
243,Rider,2024,523,
243,Rider,2024,3552,
243,Rider,2024,6004,
243,Rider,2024,15816,
243,Rider,2024,15817,
243,Rider,2024,15818,
243,Rider,2024,15819,
243,Rider,2024,15820,
243,Rider,2024,15821,
243,Rider,2024,15822,
156,Marist,2024,1043,
156,Marist,2024,1046,
156,Marist,2024,1053,
156,Marist,2024,1042,
156,Marist,2024,1048,
156,Marist,2024,1049,
156,Marist,2024,4714,
156,Marist,2024,6560,
156,Marist,2024,8346,
156,Marist,2024,16524,
156,Marist,2024,16525,
156,Marist,2024,16526,
156,Marist,2024,16527,
156,Marist,2024,16528,
238,Quinnipiac,2024,2900,
238,Quinnipiac,2024,4804,
238,Quinnipiac,2024,4806,
238,Quinnipiac,2024,4808,
238,Quinnipiac,2024,4811,
238,Quinnipiac,2024,4813,
238,Quinnipiac,2024,4814,
238,Quinnipiac,2024,4815,
238,Quinnipiac,2024,4805,
238,Quinnipiac,2024,7327,
238,Quinnipiac,2024,16316,
238,Quinnipiac,2024,16317,
238,Quinnipiac,2024,16318,
238,Quinnipiac,2024,16319,
238,Quinnipiac,2024,16320,
183,Mount St. Mary's,2024,26,
183,Mount St. Mary's,2024,27,
183,Mount St. Mary's,2024,1761,
183,Mount St. Mary's,2024,1762,
183,Mount St. Mary's,2024,1764,
183,Mount St. Mary's,2024,1767,
183,Mount St. Mary's,2024,1768,
183,Mount St. Mary's,2024,1775,
183,Mount St. Mary's,2024,1765,
183,Mount St. Mary's,2024,1772,
183,Mount St. Mary's,2024,4499,
183,Mount St. Mary's,2024,5859,
183,Mount St. Mary's,2024,17327,
183,Mount St. Mary's,2024,17328,
183,Mount St. Mary's,2024,17329,
215,Ohio,2024,2549,
215,Ohio,2024,2550,
215,Ohio,2024,2552,
215,Ohio,2024,2554,
215,Ohio,2024,2558,
215,Ohio,2024,2562,
215,Ohio,2024,2548,
215,Ohio,2024,2555,
215,Ohio,2024,6424,
215,Ohio,2024,17591,
215,Ohio,2024,17592,
215,Ohio,2024,17593,
215,Ohio,2024,17594,
215,Ohio,2024,17595,
300,Toledo,2024,384,
300,Toledo,2024,2517,
300,Toledo,2024,2518,
300,Toledo,2024,2519,
300,Toledo,2024,2523,
300,Toledo,2024,2524,
300,Toledo,2024,2528,
300,Toledo,2024,2520,
300,Toledo,2024,4072,
300,Toledo,2024,7014,
300,Toledo,2024,7246,
300,Toledo,2024,8319,
167,Miami (OH),2024,1338,
167,Miami (OH),2024,1344,
167,Miami (OH),2024,1345,
167,Miami (OH),2024,1336,
167,Miami (OH),2024,1341,
167,Miami (OH),2024,1342,
167,Miami (OH),2024,4087,
167,Miami (OH),2024,4807,
167,Miami (OH),2024,4877,
167,Miami (OH),2024,16489,
167,Miami (OH),2024,16490,
167,Miami (OH),2024,16491,
167,Miami (OH),2024,16492,
167,Miami (OH),2024,1348,
167,Miami (OH),2024,1349,
134,Kent State,2024,4498,
134,Kent State,2024,4834,
134,Kent State,2024,4835,
134,Kent State,2024,4843,
134,Kent State,2024,4844,
134,Kent State,2024,4848,
134,Kent State,2024,4839,
134,Kent State,2024,4840,
134,Kent State,2024,4850,
134,Kent State,2024,6220,
134,Kent State,2024,7019,
134,Kent State,2024,15710,
134,Kent State,2024,15711,
134,Kent State,2024,15712,
134,Kent State,2024,15713,
353,William & Mary,2024,1396,
353,William & Mary,2024,1926,
353,William & Mary,2024,1928,
353,William & Mary,2024,1930,
353,William & Mary,2024,1931,
353,William & Mary,2024,1938,
353,William & Mary,2024,1927,
353,William & Mary,2024,1937,
353,William & Mary,2024,3463,
353,William & Mary,2024,4114,
353,William & Mary,2024,5178,
353,William & Mary,2024,5527,
353,William & Mary,2024,16215,
353,William & Mary,2024,16216,
28,Bowling Green,2024,2853,
28,Bowling Green,2024,2871,
28,Bowling Green,2024,3310,
28,Bowling Green,2024,4931,
28,Bowling Green,2024,4933,
28,Bowling Green,2024,4937,
28,Bowling Green,2024,4928,
28,Bowling Green,2024,4939,
28,Bowling Green,2024,6212,
28,Bowling Green,2024,7092,
28,Bowling Green,2024,8648,
28,Bowling Green,2024,15875,
28,Bowling Green,2024,15876,
28,Bowling Green,2024,15877,
351,Western Michigan,2024,1075,
351,Western Michigan,2024,2488,
351,Western Michigan,2024,2490,
351,Western Michigan,2024,2491,
351,Western Michigan,2024,2494,
351,Western Michigan,2024,2499,
351,Western Michigan,2024,2501,
351,Western Michigan,2024,2526,
351,Western Michigan,2024,2487,
351,Western Michigan,2024,2498,
351,Western Michigan,2024,8151,
351,Western Michigan,2024,16013,
351,Western Michigan,2024,16014,
351,Western Michigan,2024,19795,
351,Western Michigan,2024,5147,
19,Ball State,2024,1328,
19,Ball State,2024,2646,
19,Ball State,2024,2652,
19,Ball State,2024,2654,
19,Ball State,2024,2659,
19,Ball State,2024,2651,
19,Ball State,2024,7142,
19,Ball State,2024,7143,
19,Ball State,2024,7640,
19,Ball State,2024,17295,
19,Ball State,2024,17296,
19,Ball State,2024,17297,
19,Ball State,2024,17298,
19,Ball State,2024,2656,
79,Eastern Michigan,2024,1568,
79,Eastern Michigan,2024,1800,
79,Eastern Michigan,2024,1804,
79,Eastern Michigan,2024,4869,
79,Eastern Michigan,2024,4871,
79,Eastern Michigan,2024,4874,
79,Eastern Michigan,2024,4881,
79,Eastern Michigan,2024,5709,
79,Eastern Michigan,2024,5755,
79,Eastern Michigan,2024,7877,
79,Eastern Michigan,2024,16609,
79,Eastern Michigan,2024,16610,
79,Eastern Michigan,2024,16611,
79,Eastern Michigan,2024,16612,
79,Eastern Michigan,2024,16613,
79,Eastern Michigan,2024,16614,
45,Central Michigan,2024,69,
45,Central Michigan,2024,78,
45,Central Michigan,2024,253,
45,Central Michigan,2024,3906,
45,Central Michigan,2024,4084,
45,Central Michigan,2024,4898,
45,Central Michigan,2024,4900,
45,Central Michigan,2024,4901,
45,Central Michigan,2024,4904,
45,Central Michigan,2024,4911,
45,Central Michigan,2024,4930,
45,Central Michigan,2024,16537,
45,Central Michigan,2024,16538,
45,Central Michigan,2024,16539,
45,Central Michigan,2024,16540,
45,Central Michigan,2024,16541,
3,Akron,2024,1876,
3,Akron,2024,3305,
3,Akron,2024,4966,
3,Akron,2024,4974,
3,Akron,2024,4959,
3,Akron,2024,4963,
3,Akron,2024,5925,
3,Akron,2024,16965,2000-07-29
3,Akron,2024,16966,
3,Akron,2024,16967,
3,Akron,2024,16968,
3,Akron,2024,16969,
3,Akron,2024,4964,
3,Akron,2024,4972,
3,Akron,2024,4973,
33,Buffalo,2024,2521,
33,Buffalo,2024,2615,
33,Buffalo,2024,2620,
33,Buffalo,2024,2621,
33,Buffalo,2024,2840,
33,Buffalo,2024,4086,
33,Buffalo,2024,5233,
33,Buffalo,2024,6216,
33,Buffalo,2024,7347,
33,Buffalo,2024,16232,1998-01-01
33,Buffalo,2024,16233,
33,Buffalo,2024,2616,
267,South Carolina State,2024,1610,
267,South Carolina State,2024,1612,
267,South Carolina State,2024,1613,
267,South Carolina State,2024,1617,
267,South Carolina State,2024,1618,
267,South Carolina State,2024,1622,
267,South Carolina State,2024,1623,
267,South Carolina State,2024,1624,
267,South Carolina State,2024,7846,
267,South Carolina State,2024,15565,
267,South Carolina State,2024,15566,
267,South Carolina State,2024,15567,
267,South Carolina State,2024,15568,
267,South Carolina State,2024,15569,
267,South Carolina State,2024,18968,
267,South Carolina State,2024,1616,
114,Howard,2024,38,
114,Howard,2024,39,
114,Howard,2024,40,
114,Howard,2024,43,
114,Howard,2024,3946,
114,Howard,2024,15859,
114,Howard,2024,15860,
114,Howard,2024,15861,
114,Howard,2024,15862,
114,Howard,2024,15863,
114,Howard,2024,15864,
114,Howard,2024,15865,
114,Howard,2024,15866,
114,Howard,2024,15867,
114,Howard,2024,15868,
114,Howard,2024,15869,
114,Howard,2024,15870,
114,Howard,2024,34,
114,Howard,2024,36,
114,Howard,2024,42,
67,Delaware State,2024,730,
67,Delaware State,2024,1483,
67,Delaware State,2024,2222,
67,Delaware State,2024,5687,
67,Delaware State,2024,5690,
67,Delaware State,2024,5691,
67,Delaware State,2024,5693,
67,Delaware State,2024,5700,
67,Delaware State,2024,5695,
67,Delaware State,2024,5696,
67,Delaware State,2024,15615,
67,Delaware State,2024,15616,
67,Delaware State,2024,15617,
67,Delaware State,2024,15618,
67,Delaware State,2024,15619,
59,Coppin State,2024,5759,
59,Coppin State,2024,5764,
59,Coppin State,2024,5766,
59,Coppin State,2024,5752,
59,Coppin State,2024,5758,
59,Coppin State,2024,16546,
59,Coppin State,2024,16547,
59,Coppin State,2024,16548,
59,Coppin State,2024,16549,
59,Coppin State,2024,16550,
59,Coppin State,2024,16551,
59,Coppin State,2024,16552,
59,Coppin State,2024,16553,
59,Coppin State,2024,16554,
59,Coppin State,2024,16555,
59,Coppin State,2024,16556,
59,Coppin State,2024,18617,
59,Coppin State,2024,18618,
182,Morgan State,2024,1482,
182,Morgan State,2024,2116,
182,Morgan State,2024,2118,
182,Morgan State,2024,2121,
182,Morgan State,2024,2122,
182,Morgan State,2024,2124,
182,Morgan State,2024,2125,
182,Morgan State,2024,2126,
182,Morgan State,2024,2127,
182,Morgan State,2024,2115,
182,Morgan State,2024,2117,
182,Morgan State,2024,2130,
182,Morgan State,2024,15280,
182,Morgan State,2024,15281,
182,Morgan State,2024,15282,
182,Morgan State,2024,15283,
182,Morgan State,2024,15284,
196,Norfolk State,2024,552,
196,Norfolk State,2024,2031,
196,Norfolk State,2024,3208,
196,Norfolk State,2024,4529,
196,Norfolk State,2024,4530,
196,Norfolk State,2024,4532,
196,Norfolk State,2024,4533,
196,Norfolk State,2024,4537,
196,Norfolk State,2024,4539,
196,Norfolk State,2024,4535,
196,Norfolk State,2024,15803,
196,Norfolk State,2024,15804,
196,Norfolk State,2024,15805,
196,Norfolk State,2024,15806,
196,Norfolk State,2024,15807,
196,Norfolk State,2024,15808,
196,Norfolk State,2024,15809,
196,Norfolk State,2024,18470,
159,Maryland Eastern Shore,2024,714,
159,Maryland Eastern Shore,2024,1073,
159,Maryland Eastern Shore,2024,2937,
159,Maryland Eastern Shore,2024,2939,
159,Maryland Eastern Shore,2024,3037,
159,Maryland Eastern Shore,2024,3799,
159,Maryland Eastern Shore,2024,5756,
159,Maryland Eastern Shore,2024,7346,
159,Maryland Eastern Shore,2024,16217,
159,Maryland Eastern Shore,2024,16218,
159,Maryland Eastern Shore,2024,16219,
159,Maryland Eastern Shore,2024,16220,
159,Maryland Eastern Shore,2024,16221,
199,North Carolina Central,2024,2936,
199,North Carolina Central,2024,2938,
199,North Carolina Central,2024,2940,
199,North Carolina Central,2024,2942,
199,North Carolina Central,2024,2944,
199,North Carolina Central,2024,2950,
199,North Carolina Central,2024,15206,
199,North Carolina Central,2024,15207,
199,North Carolina Central,2024,15208,
199,North Carolina Central,2024,15209,
199,North Carolina Central,2024,15210,
199,North Carolina Central,2024,15211,
199,North Carolina Central,2024,15212,
199,North Carolina Central,2024,15213,
199,North Carolina Central,2024,15205,
199,North Carolina Central,2024,2947,
199,North Carolina Central,2024,2949,
273,Southern Illinois,2024,745,
273,Southern Illinois,2024,748,
273,Southern Illinois,2024,756,
273,Southern Illinois,2024,3367,
273,Southern Illinois,2024,4264,
273,Southern Illinois,2024,5387,
273,Southern Illinois,2024,5563,
273,Southern Illinois,2024,6053,
273,Southern Illinois,2024,6761,
273,Southern Illinois,2024,16380,
273,Southern Illinois,2024,16381,2000-03-01
273,Southern Illinois,2024,16382,
273,Southern Illinois,2024,16383,
273,Southern Illinois,2024,16384,
119,Illinois State,2024,721,
119,Illinois State,2024,3454,
119,Illinois State,2024,4372,
119,Illinois State,2024,4593,
119,Illinois State,2024,4594,
119,Illinois State,2024,4600,
119,Illinois State,2024,4590,
119,Illinois State,2024,4591,
119,Illinois State,2024,4599,
119,Illinois State,2024,4602,
119,Illinois State,2024,4603,
119,Illinois State,2024,16649,
119,Illinois State,2024,16650,
119,Illinois State,2024,16651,
119,Illinois State,2024,16652,
122,Indiana State,2024,438,
122,Indiana State,2024,440,
122,Indiana State,2024,807,
122,Indiana State,2024,808,
122,Indiana State,2024,820,
122,Indiana State,2024,1165,
122,Indiana State,2024,3604,
122,Indiana State,2024,3907,
122,Indiana State,2024,3913,
122,Indiana State,2024,3912,
122,Indiana State,2024,3920,
122,Indiana State,2024,4066,
122,Indiana State,2024,4364,
122,Indiana State,2024,15799,
122,Indiana State,2024,15800,
122,Indiana State,2024,15801,
122,Indiana State,2024,15802,
209,Northern Iowa,2024,155,
209,Northern Iowa,2024,2220,
209,Northern Iowa,2024,4592,
209,Northern Iowa,2024,5323,
209,Northern Iowa,2024,5330,
209,Northern Iowa,2024,5334,
209,Northern Iowa,2024,5324,
209,Northern Iowa,2024,5325,
209,Northern Iowa,2024,5329,
209,Northern Iowa,2024,5331,
209,Northern Iowa,2024,5333,
209,Northern Iowa,2024,5327,
209,Northern Iowa,2024,6755,
209,Northern Iowa,2024,6794,
209,Northern Iowa,2024,17355,
209,Northern Iowa,2024,17356,
82,Evansville,2024,4101,
82,Evansville,2024,5629,
82,Evansville,2024,5639,
82,Evansville,2024,7064,
82,Evansville,2024,7535,
82,Evansville,2024,7536,
82,Evansville,2024,7545,
82,Evansville,2024,7547,
82,Evansville,2024,7548,
82,Evansville,2024,7549,
82,Evansville,2024,7550,
82,Evansville,2024,7534,
82,Evansville,2024,7544,
82,Evansville,2024,16493,
82,Evansville,2024,16494,
82,Evansville,2024,16495,
82,Evansville,2024,16496,
82,Evansville,2024,16497,
82,Evansville,2024,7546,
335,Valparaiso,2024,1074,
335,Valparaiso,2024,1076,
335,Valparaiso,2024,1079,
335,Valparaiso,2024,1080,
335,Valparaiso,2024,1088,
335,Valparaiso,2024,1466,
335,Valparaiso,2024,2833,
335,Valparaiso,2024,4172,
335,Valparaiso,2024,9395,
335,Valparaiso,2024,16437,
335,Valparaiso,2024,16438,
335,Valparaiso,2024,16439,
335,Valparaiso,2024,16440,
335,Valparaiso,2024,16441,
335,Valparaiso,2024,1089,
22,Belmont,2024,241,
22,Belmont,2024,589,
22,Belmont,2024,3290,
22,Belmont,2024,3843,
22,Belmont,2024,3849,
22,Belmont,2024,4905,
22,Belmont,2024,16332,
22,Belmont,2024,16333,
22,Belmont,2024,3839,
22,Belmont,2024,3844,
22,Belmont,2024,3845,
22,Belmont,2024,3846,
22,Belmont,2024,3847,
22,Belmont,2024,3848,
184,Murray State,2024,1484,
184,Murray State,2024,2882,
184,Murray State,2024,4263,
184,Murray State,2024,4266,
184,Murray State,2024,4268,
184,Murray State,2024,4270,
184,Murray State,2024,4275,
184,Murray State,2024,4276,
184,Murray State,2024,4278,
184,Murray State,2024,4531,
184,Murray State,2024,16442,
184,Murray State,2024,16443,
184,Murray State,2024,16444,
184,Murray State,2024,16445,
315,UIC,2024,3321,
315,UIC,2024,3400,
315,UIC,2024,4490,
315,UIC,2024,4492,
315,UIC,2024,4496,
315,UIC,2024,4503,
315,UIC,2024,5391,
315,UIC,2024,5473,
315,UIC,2024,6465,
315,UIC,2024,7612,
315,UIC,2024,16955,
315,UIC,2024,16956,
315,UIC,2024,16957,
315,UIC,2024,16958,
315,UIC,2024,16959,
315,UIC,2024,16960,
257,San Diego State,2024,419,
257,San Diego State,2024,564,
257,San Diego State,2024,8190,
257,San Diego State,2024,8465,
257,San Diego State,2024,8466,
257,San Diego State,2024,8467,
257,San Diego State,2024,8469,
257,San Diego State,2024,15350,1999-09-25
257,San Diego State,2024,15351,
257,San Diego State,2024,15352,
257,San Diego State,2024,15353,
257,San Diego State,2024,15354,
257,San Diego State,2024,8454,
257,San Diego State,2024,8456,
257,San Diego State,2024,8457,
257,San Diego State,2024,8459,
257,San Diego State,2024,8468,
322,UNLV,2024,1411,
322,UNLV,2024,7312,
322,UNLV,2024,7352,
322,UNLV,2024,7355,
322,UNLV,2024,7356,
322,UNLV,2024,7357,
322,UNLV,2024,7359,
322,UNLV,2024,7362,
322,UNLV,2024,17617,2000-01-01
322,UNLV,2024,17618,
322,UNLV,2024,17619,
322,UNLV,2024,17620,
322,UNLV,2024,17621,
322,UNLV,2024,17622,
191,New Mexico,2024,1130,
191,New Mexico,2024,6434,
191,New Mexico,2024,6436,
191,New Mexico,2024,6437,
191,New Mexico,2024,6441,
191,New Mexico,2024,6442,
191,New Mexico,2024,6446,
191,New Mexico,2024,6448,
191,New Mexico,2024,6435,
191,New Mexico,2024,7581,
191,New Mexico,2024,17007,2001-05-02
191,New Mexico,2024,17008,
191,New Mexico,2024,17009,
191,New Mexico,2024,17010,
57,Colorado State,2024,6002,
57,Colorado State,2024,6561,
57,Colorado State,2024,6786,
57,Colorado State,2024,6787,
57,Colorado State,2024,6788,
57,Colorado State,2024,6793,
57,Colorado State,2024,6791,
57,Colorado State,2024,7163,
57,Colorado State,2024,7297,
57,Colorado State,2024,17035,
57,Colorado State,2024,17036,
57,Colorado State,2024,17037,2000-11-01
57,Colorado State,2024,17038,
57,Colorado State,2024,17039,
57,Colorado State,2024,17040,
358,Wyoming,2024,2408,
358,Wyoming,2024,3032,
358,Wyoming,2024,3594,
358,Wyoming,2024,3600,
358,Wyoming,2024,6756,
358,Wyoming,2024,6760,
358,Wyoming,2024,6763,
358,Wyoming,2024,6764,
358,Wyoming,2024,6769,
358,Wyoming,2024,7420,
358,Wyoming,2024,17380,
358,Wyoming,2024,17381,
358,Wyoming,2024,17382,2001-08-07
358,Wyoming,2024,17383,
358,Wyoming,2024,5673,
2,Air Force,2024,5539,
2,Air Force,2024,6815,
2,Air Force,2024,6817,
2,Air Force,2024,6818,
2,Air Force,2024,6819,
2,Air Force,2024,6822,
2,Air Force,2024,6829,
2,Air Force,2024,6830,
2,Air Force,2024,6832,
2,Air Force,2024,6833,
2,Air Force,2024,6834,
2,Air Force,2024,6835,
2,Air Force,2024,6816,
2,Air Force,2024,6821,
2,Air Force,2024,7387,
2,Air Force,2024,7586,
2,Air Force,2024,16986,
2,Air Force,2024,16987,
2,Air Force,2024,16988,
2,Air Force,2024,6827,
2,Air Force,2024,6828,
25,Boise State,2024,4077,
25,Boise State,2024,6397,
25,Boise State,2024,7090,
25,Boise State,2024,7358,
25,Boise State,2024,8354,
25,Boise State,2024,8358,
25,Boise State,2024,8361,
25,Boise State,2024,17429,
25,Boise State,2024,17430,
25,Boise State,2024,17431,
25,Boise State,2024,17432,
25,Boise State,2024,17433,
25,Boise State,2024,17434,
25,Boise State,2024,17435,
25,Boise State,2024,8353,
25,Boise State,2024,8352,
25,Boise State,2024,8360,
189,Nevada,2024,527,
189,Nevada,2024,4885,
189,Nevada,2024,6697,
189,Nevada,2024,6920,
189,Nevada,2024,7057,
189,Nevada,2024,7058,
189,Nevada,2024,7062,
189,Nevada,2024,7063,
189,Nevada,2024,7067,
189,Nevada,2024,7069,
189,Nevada,2024,7065,
189,Nevada,2024,17483,2001-05-30
189,Nevada,2024,17484,1999-12-07
189,Nevada,2024,17485,
189,Nevada,2024,17486,
189,Nevada,2024,17487,
329,Utah State,2024,4493,
329,Utah State,2024,6634,
329,Utah State,2024,6847,
329,Utah State,2024,7027,
329,Utah State,2024,7041,
329,Utah State,2024,7775,
329,Utah State,2024,8366,
329,Utah State,2024,8370,
329,Utah State,2024,8375,
329,Utah State,2024,8913,
329,Utah State,2024,16976,1999-07-28
329,Utah State,2024,16977,
329,Utah State,2024,16978,
329,Utah State,2024,16979,
329,Utah State,2024,8368,
329,Utah State,2024,8371,
92,Fresno State,2024,3254,
92,Fresno State,2024,3323,
92,Fresno State,2024,5354,
92,Fresno State,2024,7033,
92,Fresno State,2024,7039,
92,Fresno State,2024,7059,
92,Fresno State,2024,9375,
92,Fresno State,2024,9376,
92,Fresno State,2024,17117,
92,Fresno State,2024,17118,
92,Fresno State,2024,17119,
92,Fresno State,2024,17120,
92,Fresno State,2024,17121,
92,Fresno State,2024,17122,
92,Fresno State,2024,17123,
92,Fresno State,2024,18253,
260,San José State,2024,6151,
260,San José State,2024,6961,
260,San José State,2024,7026,
260,San José State,2024,7032,
260,San José State,2024,7035,
260,San José State,2024,7128,
260,San José State,2024,7655,
260,San José State,2024,8356,
260,San José State,2024,17470,
260,San José State,2024,17471,
260,San José State,2024,17472,
260,San José State,2024,17473,
260,San José State,2024,17474,
260,San José State,2024,17475,
260,San José State,2024,7034,
260,San José State,2024,7037,
84,Fairleigh Dickinson,2024,566,
84,Fairleigh Dickinson,2024,1982,
84,Fairleigh Dickinson,2024,2588,
84,Fairleigh Dickinson,2024,3059,
84,Fairleigh Dickinson,2024,3062,
84,Fairleigh Dickinson,2024,3063,
84,Fairleigh Dickinson,2024,3064,
84,Fairleigh Dickinson,2024,3065,
84,Fairleigh Dickinson,2024,3069,
84,Fairleigh Dickinson,2024,3071,
84,Fairleigh Dickinson,2024,16227,
84,Fairleigh Dickinson,2024,16228,
84,Fairleigh Dickinson,2024,16229,
84,Fairleigh Dickinson,2024,16230,
84,Fairleigh Dickinson,2024,16231,
341,Wagner,2024,1329,
341,Wagner,2024,2824,
341,Wagner,2024,3674,
341,Wagner,2024,7856,
341,Wagner,2024,7858,
341,Wagner,2024,7859,
341,Wagner,2024,7863,
341,Wagner,2024,7855,
341,Wagner,2024,7857,
341,Wagner,2024,7861,
341,Wagner,2024,16256,
341,Wagner,2024,19793,
341,Wagner,2024,7865,
341,Wagner,2024,7867,
146,Long Island University,2024,254,
146,Long Island University,2024,578,
146,Long Island University,2024,580,
146,Long Island University,2024,583,
146,Long Island University,2024,3560,
146,Long Island University,2024,6064,
146,Long Island University,2024,6123,
146,Long Island University,2024,6798,
146,Long Island University,2024,7864,
146,Long Island University,2024,17781,
146,Long Island University,2024,17782,
146,Long Island University,2024,17783,
146,Long Island University,2024,17784,
278,St. Francis (PA),2024,993,
278,St. Francis (PA),2024,2902,
278,St. Francis (PA),2024,2903,
278,St. Francis (PA),2024,2904,
278,St. Francis (PA),2024,2905,
278,St. Francis (PA),2024,2911,
278,St. Francis (PA),2024,2917,
278,St. Francis (PA),2024,2918,
278,St. Francis (PA),2024,2910,
278,St. Francis (PA),2024,2912,
278,St. Francis (PA),2024,2913,
278,St. Francis (PA),2024,3796,
278,St. Francis (PA),2024,5546,
278,St. Francis (PA),2024,17193,
278,St. Francis (PA),2024,17194,
278,St. Francis (PA),2024,17195,
278,St. Francis (PA),2024,17196,
278,St. Francis (PA),2024,17197,
278,St. Francis (PA),2024,2916,
44,Central Connecticut,2024,3120,
44,Central Connecticut,2024,3121,
44,Central Connecticut,2024,3122,
44,Central Connecticut,2024,3123,
44,Central Connecticut,2024,3124,
44,Central Connecticut,2024,3127,
44,Central Connecticut,2024,3128,
44,Central Connecticut,2024,3133,
44,Central Connecticut,2024,7423,
44,Central Connecticut,2024,15906,
44,Central Connecticut,2024,15907,
44,Central Connecticut,2024,15908,
44,Central Connecticut,2024,15909,
44,Central Connecticut,2024,15910,
44,Central Connecticut,2024,3119,
44,Central Connecticut,2024,3134,
250,Sacred Heart,2024,1106,
250,Sacred Heart,2024,1107,
250,Sacred Heart,2024,1108,
250,Sacred Heart,2024,1110,
250,Sacred Heart,2024,1115,
250,Sacred Heart,2024,1116,
250,Sacred Heart,2024,9609,
250,Sacred Heart,2024,16024,
250,Sacred Heart,2024,16025,
250,Sacred Heart,2024,16026,
250,Sacred Heart,2024,16027,
250,Sacred Heart,2024,16028,
250,Sacred Heart,2024,16029,
250,Sacred Heart,2024,16030,
250,Sacred Heart,2024,16031,
250,Sacred Heart,2024,16032,
250,Sacred Heart,2024,16033,
250,Sacred Heart,2024,18787,
250,Sacred Heart,2024,18788,
250,Sacred Heart,2024,18789,
166,Merrimack,2024,7870,
166,Merrimack,2024,9510,
166,Merrimack,2024,9511,
166,Merrimack,2024,9512,
166,Merrimack,2024,9516,
166,Merrimack,2024,9517,
166,Merrimack,2024,9518,
166,Merrimack,2024,9520,
166,Merrimack,2024,9523,
166,Merrimack,2024,9519,
166,Merrimack,2024,16262,
166,Merrimack,2024,16263,
166,Merrimack,2024,16264,
166,Merrimack,2024,16265,
166,Merrimack,2024,16266,
166,Merrimack,2024,9524,
284,Stonehill,2024,1026,
284,Stonehill,2024,1032,
284,Stonehill,2024,1033,
284,Stonehill,2024,1034,
284,Stonehill,2024,1041,
284,Stonehill,2024,1027,
284,Stonehill,2024,1028,
284,Stonehill,2024,3030,
284,Stonehill,2024,4118,
284,Stonehill,2024,6503,
284,Stonehill,2024,16621,
284,Stonehill,2024,16622,
284,Stonehill,2024,16623,
284,Stonehill,2024,16624,
284,Stonehill,2024,16625,
284,Stonehill,2024,16626,
284,Stonehill,2024,1037,
140,Le Moyne,2024,3333,
140,Le Moyne,2024,3347,
140,Le Moyne,2024,3348,
140,Le Moyne,2024,17333,
140,Le Moyne,2024,17334,
140,Le Moyne,2024,17335,
140,Le Moyne,2024,17336,
140,Le Moyne,2024,17337,
140,Le Moyne,2024,17338,
140,Le Moyne,2024,17339,
140,Le Moyne,2024,17340,
140,Le Moyne,2024,3339,
140,Le Moyne,2024,3341,
140,Le Moyne,2024,3345,
140,Le Moyne,2024,3346,
181,Morehead State,2024,2567,
181,Morehead State,2024,2568,
181,Morehead State,2024,2572,
181,Morehead State,2024,3399,
181,Morehead State,2024,3404,
181,Morehead State,2024,3407,
181,Morehead State,2024,3408,
181,Morehead State,2024,3412,
181,Morehead State,2024,3413,
181,Morehead State,2024,3406,
181,Morehead State,2024,5490,
181,Morehead State,2024,15405,2000-09-22
181,Morehead State,2024,15406,
181,Morehead State,2024,15407,
181,Morehead State,2024,15408,
291,Tennessee Tech,2024,1467,
291,Tennessee Tech,2024,3041,
291,Tennessee Tech,2024,4171,
291,Tennessee Tech,2024,4174,
291,Tennessee Tech,2024,4176,
291,Tennessee Tech,2024,4177,
291,Tennessee Tech,2024,4179,
291,Tennessee Tech,2024,4182,
291,Tennessee Tech,2024,4186,
291,Tennessee Tech,2024,4180,
291,Tennessee Tech,2024,7572,
291,Tennessee Tech,2024,15269,
291,Tennessee Tech,2024,15270,
291,Tennessee Tech,2024,15271,
291,Tennessee Tech,2024,15272,
291,Tennessee Tech,2024,15273,
291,Tennessee Tech,2024,15274,
290,Tennessee State,2024,805,
290,Tennessee State,2024,1729,
290,Tennessee State,2024,5868,
290,Tennessee State,2024,16754,
290,Tennessee State,2024,16755,
290,Tennessee State,2024,16756,
290,Tennessee State,2024,16757,
290,Tennessee State,2024,16758,
290,Tennessee State,2024,16759,
290,Tennessee State,2024,16760,
290,Tennessee State,2024,16761,
290,Tennessee State,2024,16762,
290,Tennessee State,2024,16763,
290,Tennessee State,2024,16764,
290,Tennessee State,2024,16765,
290,Tennessee State,2024,16766,
290,Tennessee State,2024,16767,
272,Southeast Missouri State,2024,2951,
272,Southeast Missouri State,2024,3468,
272,Southeast Missouri State,2024,4606,
272,Southeast Missouri State,2024,4607,
272,Southeast Missouri State,2024,4610,
272,Southeast Missouri State,2024,4611,
272,Southeast Missouri State,2024,4614,
272,Southeast Missouri State,2024,4615,
272,Southeast Missouri State,2024,4618,
272,Southeast Missouri State,2024,16896,
272,Southeast Missouri State,2024,16897,
272,Southeast Missouri State,2024,16898,
272,Southeast Missouri State,2024,16899,
272,Southeast Missouri State,2024,16900,
272,Southeast Missouri State,2024,16901,
325,UT Martin,2024,3398,
325,UT Martin,2024,4500,
325,UT Martin,2024,4540,
325,UT Martin,2024,4584,
325,UT Martin,2024,5504,
325,UT Martin,2024,5861,
325,UT Martin,2024,8323,
325,UT Martin,2024,15583,
325,UT Martin,2024,15584,
325,UT Martin,2024,15585,
325,UT Martin,2024,15586,
325,UT Martin,2024,15587,
325,UT Martin,2024,15588,
325,UT Martin,2024,675,
77,Eastern Illinois,2024,1350,
77,Eastern Illinois,2024,4855,
77,Eastern Illinois,2024,5624,
77,Eastern Illinois,2024,5626,
77,Eastern Illinois,2024,5631,
77,Eastern Illinois,2024,5632,
77,Eastern Illinois,2024,5636,
77,Eastern Illinois,2024,5638,
77,Eastern Illinois,2024,5623,
77,Eastern Illinois,2024,6425,
77,Eastern Illinois,2024,15411,
77,Eastern Illinois,2024,15412,
77,Eastern Illinois,2024,15413,
77,Eastern Illinois,2024,15414,
77,Eastern Illinois,2024,15415,
77,Eastern Illinois,2024,15416,
77,Eastern Illinois,2024,15417,
247,SIU Edwardsville,2024,5921,
247,SIU Edwardsville,2024,5922,
247,SIU Edwardsville,2024,5923,
247,SIU Edwardsville,2024,5930,
247,SIU Edwardsville,2024,6856,
247,SIU Edwardsville,2024,16095,
247,SIU Edwardsville,2024,16096,
247,SIU Edwardsville,2024,16097,
247,SIU Edwardsville,2024,16098,
247,SIU Edwardsville,2024,16099,
247,SIU Edwardsville,2024,16100,
247,SIU Edwardsville,2024,16101,
247,SIU Edwardsville,2024,5926,
247,SIU Edwardsville,2024,5931,
144,Little Rock,2024,2605,
144,Little Rock,2024,4223,
144,Little Rock,2024,4226,
144,Little Rock,2024,4228,
144,Little Rock,2024,4229,
144,Little Rock,2024,4231,
144,Little Rock,2024,4943,
144,Little Rock,2024,6785,
144,Little Rock,2024,16366,2000-10-30
144,Little Rock,2024,16367,
144,Little Rock,2024,16368,
144,Little Rock,2024,16369,
144,Little Rock,2024,16370,
144,Little Rock,2024,16371,
144,Little Rock,2024,4232,
144,Little Rock,2024,4237,
365,Southern Indiana,2024,2211,
365,Southern Indiana,2024,2564,
365,Southern Indiana,2024,2650,
365,Southern Indiana,2024,5370,
365,Southern Indiana,2024,5372,
365,Southern Indiana,2024,5378,
365,Southern Indiana,2024,5381,
365,Southern Indiana,2024,5383,
365,Southern Indiana,2024,5385,
365,Southern Indiana,2024,5386,
365,Southern Indiana,2024,7018,
365,Southern Indiana,2024,16354,
365,Southern Indiana,2024,16355,
365,Southern Indiana,2024,16356,
365,Southern Indiana,2024,16357,
349,Western Illinois,2024,2582,
349,Western Illinois,2024,7012,
349,Western Illinois,2024,7015,
349,Western Illinois,2024,7016,
349,Western Illinois,2024,16474,
349,Western Illinois,2024,16475,
349,Western Illinois,2024,16476,
349,Western Illinois,2024,16477,
349,Western Illinois,2024,16478,
349,Western Illinois,2024,16479,
349,Western Illinois,2024,16480,
349,Western Illinois,2024,16481,
349,Western Illinois,2024,16482,
349,Western Illinois,2024,16483,
349,Western Illinois,2024,16484,
349,Western Illinois,2024,19734,
366,Lindenwood,2024,4312,
366,Lindenwood,2024,6223,
366,Lindenwood,2024,6225,
366,Lindenwood,2024,6226,
366,Lindenwood,2024,6232,
366,Lindenwood,2024,6217,
366,Lindenwood,2024,6231,
366,Lindenwood,2024,16691,
366,Lindenwood,2024,16692,
366,Lindenwood,2024,16693,
366,Lindenwood,2024,16694,
366,Lindenwood,2024,16695,
366,Lindenwood,2024,16696,
366,Lindenwood,2024,16697,
32,Bucknell,2024,1306,
32,Bucknell,2024,1307,
32,Bucknell,2024,1308,
32,Bucknell,2024,1309,
32,Bucknell,2024,1313,
32,Bucknell,2024,1305,
32,Bucknell,2024,1312,
32,Bucknell,2024,1315,
32,Bucknell,2024,15796,
32,Bucknell,2024,15797,
32,Bucknell,2024,15798,
32,Bucknell,2024,18053,
32,Bucknell,2024,1316,
32,Bucknell,2024,1318,
32,Bucknell,2024,1319,
55,Colgate,2024,187,
55,Colgate,2024,3973,
55,Colgate,2024,7464,
55,Colgate,2024,7468,
55,Colgate,2024,7465,
55,Colgate,2024,7466,
55,Colgate,2024,7475,
55,Colgate,2024,7477,
55,Colgate,2024,7476,
55,Colgate,2024,16046,
55,Colgate,2024,16047,
55,Colgate,2024,16048,
55,Colgate,2024,7467,
55,Colgate,2024,7470,
55,Colgate,2024,7471,
111,Holy Cross,2024,388,
111,Holy Cross,2024,1081,
111,Holy Cross,2024,1988,
111,Holy Cross,2024,5403,
111,Holy Cross,2024,5409,
111,Holy Cross,2024,5413,
111,Holy Cross,2024,5414,
111,Holy Cross,2024,5401,
111,Holy Cross,2024,5408,
111,Holy Cross,2024,6757,
111,Holy Cross,2024,15810,
111,Holy Cross,2024,15811,
111,Holy Cross,2024,5410,
111,Holy Cross,2024,5411,
111,Holy Cross,2024,5415,
141,Lehigh,2024,5434,
141,Lehigh,2024,5435,
141,Lehigh,2024,5436,
141,Lehigh,2024,5437,
141,Lehigh,2024,8161,
141,Lehigh,2024,8364,
141,Lehigh,2024,16206,
141,Lehigh,2024,16207,
141,Lehigh,2024,16208,
141,Lehigh,2024,5440,
141,Lehigh,2024,5441,
141,Lehigh,2024,5443,
141,Lehigh,2024,5444,
141,Lehigh,2024,5445,
141,Lehigh,2024,5446,
141,Lehigh,2024,5447,
187,Navy,2024,3496,
187,Navy,2024,3498,
187,Navy,2024,3499,
187,Navy,2024,3507,
187,Navy,2024,3508,
187,Navy,2024,3516,
187,Navy,2024,3517,
187,Navy,2024,3492,
187,Navy,2024,3493,
187,Navy,2024,3494,
187,Navy,2024,3495,
187,Navy,2024,3497,
187,Navy,2024,3500,
187,Navy,2024,3501,
187,Navy,2024,3502,
187,Navy,2024,16385,
187,Navy,2024,16386,
187,Navy,2024,16387,
187,Navy,2024,16388,
187,Navy,2024,16389,
187,Navy,2024,16390,
187,Navy,2024,16391,
187,Navy,2024,3509,
187,Navy,2024,3513,
187,Navy,2024,3514,
187,Navy,2024,3515,
138,Lafayette,2024,3905,
138,Lafayette,2024,5134,
138,Lafayette,2024,5343,
138,Lafayette,2024,5339,
138,Lafayette,2024,5340,
138,Lafayette,2024,5341,
138,Lafayette,2024,5342,
138,Lafayette,2024,5345,
138,Lafayette,2024,5348,
138,Lafayette,2024,16087,
138,Lafayette,2024,16088,
138,Lafayette,2024,16089,
138,Lafayette,2024,5349,
138,Lafayette,2024,5350,
138,Lafayette,2024,5351,
15,Army,2024,4777,
15,Army,2024,4778,
15,Army,2024,4780,
15,Army,2024,4781,
15,Army,2024,4785,
15,Army,2024,4786,
15,Army,2024,4791,
15,Army,2024,4792,
15,Army,2024,4793,
15,Army,2024,4800,
15,Army,2024,4801,
15,Army,2024,4802,
15,Army,2024,4803,
15,Army,2024,4779,
15,Army,2024,16529,
15,Army,2024,16530,
15,Army,2024,16531,
15,Army,2024,16532,
15,Army,2024,16533,
15,Army,2024,16534,
15,Army,2024,16535,
15,Army,2024,16536,
15,Army,2024,4783,
15,Army,2024,4784,
15,Army,2024,4790,
15,Army,2024,4799,
8,American University,2024,3534,
8,American University,2024,3536,
8,American University,2024,3540,
8,American University,2024,3543,
8,American University,2024,3545,
8,American University,2024,3546,
8,American University,2024,3548,
8,American University,2024,3532,
8,American University,2024,8427,
8,American University,2024,15394,
8,American University,2024,15395,
8,American University,2024,15396,
8,American University,2024,15397,
8,American University,2024,3533,
8,American University,2024,3535,
8,American University,2024,3541,
8,American University,2024,3542,
8,American University,2024,3547,
27,Boston University,2024,3985,
27,Boston University,2024,3992,
27,Boston University,2024,3994,
27,Boston University,2024,3995,
27,Boston University,2024,4841,
27,Boston University,2024,16446,
27,Boston University,2024,16447,
27,Boston University,2024,3981,
27,Boston University,2024,3982,
27,Boston University,2024,3983,
27,Boston University,2024,3984,
27,Boston University,2024,3988,
27,Boston University,2024,3990,
27,Boston University,2024,3991,
27,Boston University,2024,3993,
152,Loyola Maryland,2024,2406,
152,Loyola Maryland,2024,2410,
152,Loyola Maryland,2024,2411,
152,Loyola Maryland,2024,2412,
152,Loyola Maryland,2024,2415,
152,Loyola Maryland,2024,2420,
152,Loyola Maryland,2024,2409,
152,Loyola Maryland,2024,2413,
152,Loyola Maryland,2024,2414,
152,Loyola Maryland,2024,2419,
152,Loyola Maryland,2024,2421,
152,Loyola Maryland,2024,5138,
152,Loyola Maryland,2024,8341,
152,Loyola Maryland,2024,16667,
152,Loyola Maryland,2024,16668,
152,Loyola Maryland,2024,16669,
152,Loyola Maryland,2024,16670,
135,Kentucky,2024,418,
135,Kentucky,2024,573,
135,Kentucky,2024,2653,
135,Kentucky,2024,7614,
135,Kentucky,2024,7820,
135,Kentucky,2024,7821,
135,Kentucky,2024,7824,
135,Kentucky,2024,7834,
135,Kentucky,2024,8178,
135,Kentucky,2024,15337,2003-12-16
135,Kentucky,2024,15338,2000-09-24
135,Kentucky,2024,15339,2000-11-20
135,Kentucky,2024,15340,
135,Kentucky,2024,15341,2004-06-24
135,Kentucky,2024,15342,2005-01-04
135,Kentucky,2024,569,
5,Alabama,2024,50,
5,Alabama,2024,83,
5,Alabama,2024,86,
5,Alabama,2024,87,
5,Alabama,2024,88,
5,Alabama,2024,1884,
5,Alabama,2024,3205,
5,Alabama,2024,5361,
5,Alabama,2024,5614,
5,Alabama,2024,5774,
5,Alabama,2024,6239,
5,Alabama,2024,15409,2001-02-03
5,Alabama,2024,15410,
5,Alabama,2024,17780,
5,Alabama,2024,91,
5,Alabama,2024,90,
292,Tennessee,2024,265,
292,Tennessee,2024,306,
292,Tennessee,2024,309,
292,Tennessee,2024,307,
292,Tennessee,2024,308,
292,Tennessee,2024,315,
292,Tennessee,2024,304,
292,Tennessee,2024,310,
292,Tennessee,2024,4040,
292,Tennessee,2024,4126,
292,Tennessee,2024,7828,
292,Tennessee,2024,15275,2001-04-19
292,Tennessee,2024,15276,2001-09-14
292,Tennessee,2024,15277,
292,Tennessee,2024,15278,
292,Tennessee,2024,15279,
87,Florida,2024,498,
87,Florida,2024,499,
87,Florida,2024,503,
87,Florida,2024,496,
87,Florida,2024,502,
87,Florida,2024,506,
87,Florida,2024,510,
87,Florida,2024,511,
87,Florida,2024,4166,
87,Florida,2024,5118,
87,Florida,2024,7360,
87,Florida,2024,16671,2000-03-10
87,Florida,2024,16672,
87,Florida,2024,16673,
87,Florida,2024,16674,2001-03-03
87,Florida,2024,16675,
87,Florida,2024,509,
336,Vanderbilt,2024,23,
336,Vanderbilt,2024,240,
336,Vanderbilt,2024,447,
336,Vanderbilt,2024,3688,
336,Vanderbilt,2024,4560,
336,Vanderbilt,2024,4564,
336,Vanderbilt,2024,4566,
336,Vanderbilt,2024,5236,
336,Vanderbilt,2024,6991,
336,Vanderbilt,2024,7389,
336,Vanderbilt,2024,7712,
336,Vanderbilt,2024,8199,
336,Vanderbilt,2024,17368,
336,Vanderbilt,2024,17369,
336,Vanderbilt,2024,17370,
336,Vanderbilt,2024,4563,
336,Vanderbilt,2024,4565,
136,LSU,2024,4225,
136,LSU,2024,8325,
136,LSU,2024,8326,
136,LSU,2024,8327,
136,LSU,2024,8329,
136,LSU,2024,8331,
136,LSU,2024,8332,
136,LSU,2024,8335,
136,LSU,2024,8320,
136,LSU,2024,16519,2000-12-31
136,LSU,2024,16520,
136,LSU,2024,16521,
136,LSU,2024,16522,
136,LSU,2024,16523,
136,LSU,2024,826,
16,Auburn,2024,2,
16,Auburn,2024,3,
16,Auburn,2024,8,
16,Auburn,2024,10,
16,Auburn,2024,11,
16,Auburn,2024,17,
16,Auburn,2024,92,
16,Auburn,2024,14,
16,Auburn,2024,1,
16,Auburn,2024,4,
16,Auburn,2024,2963,
16,Auburn,2024,5610,
16,Auburn,2024,17215,2000-07-26
16,Auburn,2024,17216,
16,Auburn,2024,17217,
16,Auburn,2024,17218,
16,Auburn,2024,17219,
16,Auburn,2024,17220,
16,Auburn,2024,15,
16,Auburn,2024,16,
174,Mississippi State,2024,65,
174,Mississippi State,2024,3675,
174,Mississippi State,2024,4154,
174,Mississippi State,2024,4163,
174,Mississippi State,2024,4164,
174,Mississippi State,2024,4165,
174,Mississippi State,2024,4170,
174,Mississippi State,2024,4157,
174,Mississippi State,2024,4158,
174,Mississippi State,2024,4162,
174,Mississippi State,2024,4155,
174,Mississippi State,2024,5227,
174,Mississippi State,2024,17605,
174,Mississippi State,2024,17606,1999-12-28
174,Mississippi State,2024,17607,
174,Mississippi State,2024,17608,
174,Mississippi State,2024,17609,
174,Mississippi State,2024,17610,2000-07-26
98,Georgia,2024,22,
98,Georgia,2024,21,
98,Georgia,2024,28,
98,Georgia,2024,29,
98,Georgia,2024,32,
98,Georgia,2024,33,
98,Georgia,2024,3143,
98,Georgia,2024,3422,
98,Georgia,2024,3894,
98,Georgia,2024,4159,
98,Georgia,2024,4637,
98,Georgia,2024,6083,
98,Georgia,2024,8381,
98,Georgia,2024,15490,
98,Georgia,2024,15491,
98,Georgia,2024,15492,
220,Ole Miss,2024,593,
220,Ole Miss,2024,597,
220,Ole Miss,2024,599,
220,Ole Miss,2024,600,
220,Ole Miss,2024,604,
220,Ole Miss,2024,591,
220,Ole Miss,2024,1277,
220,Ole Miss,2024,4596,
220,Ole Miss,2024,4977,
220,Ole Miss,2024,16419,2001-08-26
220,Ole Miss,2024,16420,2001-04-24
220,Ole Miss,2024,16421,
220,Ole Miss,2024,16422,
220,Ole Miss,2024,16423,
220,Ole Miss,2024,5517,
220,Ole Miss,2024,7647,
12,Arkansas,2024,174,
12,Arkansas,2024,448,
12,Arkansas,2024,4981,
12,Arkansas,2024,5390,
12,Arkansas,2024,6672,
12,Arkansas,2024,7619,
12,Arkansas,2024,7829,
12,Arkansas,2024,15309,
12,Arkansas,2024,15310,
12,Arkansas,2024,15311,
12,Arkansas,2024,15312,
12,Arkansas,2024,15313,
12,Arkansas,2024,15314,
12,Arkansas,2024,15315,
12,Arkansas,2024,4942,
12,Arkansas,2024,7827,
266,South Carolina,2024,3204,
266,South Carolina,2024,3207,
266,South Carolina,2024,3210,
266,South Carolina,2024,3211,
266,South Carolina,2024,3212,
266,South Carolina,2024,3214,
266,South Carolina,2024,3217,
266,South Carolina,2024,5494,
266,South Carolina,2024,5603,
266,South Carolina,2024,15846,
266,South Carolina,2024,15847,
266,South Carolina,2024,15848,
266,South Carolina,2024,15849,
266,South Carolina,2024,15850,
266,South Carolina,2024,421,
266,South Carolina,2024,3206,
293,Texas A&M,2024,318,
293,Texas A&M,2024,319,
293,Texas A&M,2024,321,
293,Texas A&M,2024,322,
293,Texas A&M,2024,323,
293,Texas A&M,2024,324,
293,Texas A&M,2024,325,
293,Texas A&M,2024,330,
293,Texas A&M,2024,2570,
293,Texas A&M,2024,3723,
293,Texas A&M,2024,3895,
293,Texas A&M,2024,15324,
293,Texas A&M,2024,15325,1999-04-22
293,Texas A&M,2024,15326,
293,Texas A&M,2024,15327,
293,Texas A&M,2024,19842,
293,Texas A&M,2024,320,
177,Missouri,2024,284,
177,Missouri,2024,2508,
177,Missouri,2024,2793,
177,Missouri,2024,3209,
177,Missouri,2024,5420,
177,Missouri,2024,5500,
177,Missouri,2024,5508,
177,Missouri,2024,5509,
177,Missouri,2024,5496,
177,Missouri,2024,5501,
177,Missouri,2024,5497,
177,Missouri,2024,6398,
177,Missouri,2024,7573,
177,Missouri,2024,16433,
177,Missouri,2024,16434,1999-11-17
177,Missouri,2024,16435,
177,Missouri,2024,16436,
177,Missouri,2024,5498,
274,Southern,2024,5242,
274,Southern,2024,6452,
274,Southern,2024,6456,
274,Southern,2024,6457,
274,Southern,2024,6460,
274,Southern,2024,6463,
274,Southern,2024,11103,
274,Southern,2024,16941,
274,Southern,2024,16942,
274,Southern,2024,16943,
274,Southern,2024,16944,
274,Southern,2024,16945,
274,Southern,2024,16946,
274,Southern,2024,16947,
274,Southern,2024,16948,
274,Southern,2024,19736,
274,Southern,2024,2812,
296,Texas Southern,2024,4049,
296,Texas Southern,2024,4054,
296,Texas Southern,2024,4060,
296,Texas Southern,2024,5656,
296,Texas Southern,2024,17000,
296,Texas Southern,2024,17001,
296,Texas Southern,2024,17002,
296,Texas Southern,2024,17003,
296,Texas Southern,2024,17004,
296,Texas Southern,2024,17005,
296,Texas Southern,2024,17006,
296,Texas Southern,2024,4050,
296,Texas Southern,2024,4051,
296,Texas Southern,2024,4055,
296,Texas Southern,2024,4062,
296,Texas Southern,2024,4063,
126,Jackson State,2024,96,
126,Jackson State,2024,106,
126,Jackson State,2024,107,
126,Jackson State,2024,109,
126,Jackson State,2024,99,
126,Jackson State,2024,104,
126,Jackson State,2024,110,
126,Jackson State,2024,111,
126,Jackson State,2024,3924,
126,Jackson State,2024,4857,
126,Jackson State,2024,5969,
126,Jackson State,2024,6575,
126,Jackson State,2024,16561,
126,Jackson State,2024,16562,
126,Jackson State,2024,16563,
126,Jackson State,2024,16564,
126,Jackson State,2024,16565,
126,Jackson State,2024,16566,
126,Jackson State,2024,16567,
7,Alcorn State,2024,513,
7,Alcorn State,2024,4765,
7,Alcorn State,2024,5560,
7,Alcorn State,2024,6565,
7,Alcorn State,2024,6567,
7,Alcorn State,2024,6569,
7,Alcorn State,2024,6573,
7,Alcorn State,2024,6574,
7,Alcorn State,2024,6580,
7,Alcorn State,2024,15299,
7,Alcorn State,2024,15300,
7,Alcorn State,2024,15301,
7,Alcorn State,2024,15302,
7,Alcorn State,2024,15303,
7,Alcorn State,2024,15304,
7,Alcorn State,2024,15305,
7,Alcorn State,2024,15306,
7,Alcorn State,2024,15307,
7,Alcorn State,2024,15308,
6,Alabama State,2024,137,
6,Alabama State,2024,7013,
6,Alabama State,2024,7336,
6,Alabama State,2024,7337,
6,Alabama State,2024,7338,
6,Alabama State,2024,7340,
6,Alabama State,2024,7342,
6,Alabama State,2024,16413,
6,Alabama State,2024,16414,
6,Alabama State,2024,16415,
6,Alabama State,2024,16416,
6,Alabama State,2024,16417,
6,Alabama State,2024,16418,
6,Alabama State,2024,7341,
6,Alabama State,2024,7339,
103,Grambling,2024,6006,
103,Grambling,2024,6203,
103,Grambling,2024,6204,
103,Grambling,2024,6205,
103,Grambling,2024,6209,
103,Grambling,2024,6210,
103,Grambling,2024,16334,
103,Grambling,2024,16335,
103,Grambling,2024,16336,
103,Grambling,2024,16337,
103,Grambling,2024,16338,
103,Grambling,2024,16339,
103,Grambling,2024,16340,
103,Grambling,2024,16341,
103,Grambling,2024,16342,
103,Grambling,2024,16343,
175,Mississippi Valley State,2024,126,
175,Mississippi Valley State,2024,127,
175,Mississippi Valley State,2024,129,
175,Mississippi Valley State,2024,134,
175,Mississippi Valley State,2024,136,
175,Mississippi Valley State,2024,141,
175,Mississippi Valley State,2024,130,
175,Mississippi Valley State,2024,16509,
175,Mississippi Valley State,2024,16510,
175,Mississippi Valley State,2024,16511,
175,Mississippi Valley State,2024,16512,
175,Mississippi Valley State,2024,16513,
175,Mississippi Valley State,2024,16514,
175,Mississippi Valley State,2024,16515,
175,Mississippi Valley State,2024,16516,
175,Mississippi Valley State,2024,16517,
175,Mississippi Valley State,2024,16518,
175,Mississippi Valley State,2024,19813,
232,Prairie View A&M,2024,2204,
232,Prairie View A&M,2024,2218,
232,Prairie View A&M,2024,6421,
232,Prairie View A&M,2024,6461,
232,Prairie View A&M,2024,13798,
232,Prairie View A&M,2024,15480,
232,Prairie View A&M,2024,15481,
232,Prairie View A&M,2024,15482,
232,Prairie View A&M,2024,15483,
232,Prairie View A&M,2024,15484,
232,Prairie View A&M,2024,15485,
232,Prairie View A&M,2024,15486,
232,Prairie View A&M,2024,15487,
232,Prairie View A&M,2024,15488,
232,Prairie View A&M,2024,15489,
4,Alabama A&M,2024,5373,
4,Alabama A&M,2024,8635,
4,Alabama A&M,2024,8637,
4,Alabama A&M,2024,8638,
4,Alabama A&M,2024,8642,
4,Alabama A&M,2024,8645,
4,Alabama A&M,2024,8646,
4,Alabama A&M,2024,8649,
4,Alabama A&M,2024,8650,
4,Alabama A&M,2024,8651,
4,Alabama A&M,2024,8652,
4,Alabama A&M,2024,8653,
4,Alabama A&M,2024,8655,
4,Alabama A&M,2024,17723,
4,Alabama A&M,2024,17724,
4,Alabama A&M,2024,17725,
4,Alabama A&M,2024,17726,
4,Alabama A&M,2024,17727,
4,Alabama A&M,2024,17728,
4,Alabama A&M,2024,17729,
4,Alabama A&M,2024,17730,
4,Alabama A&M,2024,18378,
4,Alabama A&M,2024,18379,
4,Alabama A&M,2024,18380,
4,Alabama A&M,2024,18381,
4,Alabama A&M,2024,18382,
4,Alabama A&M,2024,18383,
4,Alabama A&M,2024,18384,
4,Alabama A&M,2024,18385,
4,Alabama A&M,2024,18386,
4,Alabama A&M,2024,18387,
4,Alabama A&M,2024,18388,
4,Alabama A&M,2024,18389,
4,Alabama A&M,2024,18390,
4,Alabama A&M,2024,8647,
14,Arkansas-Pine Bluff,2024,450,
14,Arkansas-Pine Bluff,2024,451,
14,Arkansas-Pine Bluff,2024,463,
14,Arkansas-Pine Bluff,2024,3303,
14,Arkansas-Pine Bluff,2024,4267,
14,Arkansas-Pine Bluff,2024,16424,
14,Arkansas-Pine Bluff,2024,16425,
14,Arkansas-Pine Bluff,2024,16426,
14,Arkansas-Pine Bluff,2024,16427,
14,Arkansas-Pine Bluff,2024,16428,
14,Arkansas-Pine Bluff,2024,16429,
14,Arkansas-Pine Bluff,2024,16430,
14,Arkansas-Pine Bluff,2024,16431,
14,Arkansas-Pine Bluff,2024,16432,
23,Bethune-Cookman,2024,343,
23,Bethune-Cookman,2024,1471,
23,Bethune-Cookman,2024,4104,
23,Bethune-Cookman,2024,4899,
23,Bethune-Cookman,2024,7579,
23,Bethune-Cookman,2024,7566,
23,Bethune-Cookman,2024,16701,
23,Bethune-Cookman,2024,16702,
23,Bethune-Cookman,2024,16703,
23,Bethune-Cookman,2024,16704,
23,Bethune-Cookman,2024,16705,
23,Bethune-Cookman,2024,16706,
23,Bethune-Cookman,2024,16707,
23,Bethune-Cookman,2024,7575,
23,Bethune-Cookman,2024,7580,
85,Florida A&M,2024,97,
85,Florida A&M,2024,1887,
85,Florida A&M,2024,3764,
85,Florida A&M,2024,5653,
85,Florida A&M,2024,5654,
85,Florida A&M,2024,5659,
85,Florida A&M,2024,5665,
85,Florida A&M,2024,5668,
85,Florida A&M,2024,5816,
85,Florida A&M,2024,17202,
85,Florida A&M,2024,17203,
85,Florida A&M,2024,17204,
85,Florida A&M,2024,17205,
85,Florida A&M,2024,17206,
85,Florida A&M,2024,17207,
85,Florida A&M,2024,17208,
85,Florida A&M,2024,17209,
85,Florida A&M,2024,17210,
85,Florida A&M,2024,17211,
85,Florida A&M,2024,19622,
85,Florida A&M,2024,5664,
49,Chattanooga,2024,501,
49,Chattanooga,2024,2243,
49,Chattanooga,2024,4917,
49,Chattanooga,2024,7073,
49,Chattanooga,2024,7074,
49,Chattanooga,2024,7078,
49,Chattanooga,2024,7294,
49,Chattanooga,2024,15789,
49,Chattanooga,2024,15790,
49,Chattanooga,2024,15791,
49,Chattanooga,2024,15792,
49,Chattanooga,2024,7072,
49,Chattanooga,2024,7081,
49,Chattanooga,2024,7084,
299,The Citadel,2024,731,
299,The Citadel,2024,2456,
299,The Citadel,2024,3987,
299,The Citadel,2024,5724,
299,The Citadel,2024,5725,
299,The Citadel,2024,5730,
299,The Citadel,2024,5736,
299,The Citadel,2024,5721,
299,The Citadel,2024,5723,
299,The Citadel,2024,15963,
299,The Citadel,2024,15964,
299,The Citadel,2024,15965,
299,The Citadel,2024,15966,
299,The Citadel,2024,15967,
299,The Citadel,2024,15968,
299,The Citadel,2024,5735,
348,Western Carolina,2024,2507,
348,Western Carolina,2024,3716,
348,Western Carolina,2024,3720,
348,Western Carolina,2024,3727,
348,Western Carolina,2024,3715,
348,Western Carolina,2024,6800,
348,Western Carolina,2024,7385,
348,Western Carolina,2024,17313,
348,Western Carolina,2024,17314,2000-10-06
348,Western Carolina,2024,17315,
348,Western Carolina,2024,17316,
348,Western Carolina,2024,17317,
348,Western Carolina,2024,17318,
348,Western Carolina,2024,17319,
348,Western Carolina,2024,17320,
356,Wofford,2024,952,
356,Wofford,2024,954,
356,Wofford,2024,955,
356,Wofford,2024,956,
356,Wofford,2024,957,
356,Wofford,2024,958,
356,Wofford,2024,959,
356,Wofford,2024,962,
356,Wofford,2024,4147,
356,Wofford,2024,6076,
356,Wofford,2024,7630,
356,Wofford,2024,8303,
356,Wofford,2024,9508,
320,UNC Greensboro,2024,596,
320,UNC Greensboro,2024,2237,
320,UNC Greensboro,2024,2238,
320,UNC Greensboro,2024,2239,
320,UNC Greensboro,2024,2240,
320,UNC Greensboro,2024,2245,
320,UNC Greensboro,2024,2247,
320,UNC Greensboro,2024,2251,
320,UNC Greensboro,2024,2252,
320,UNC Greensboro,2024,2242,
320,UNC Greensboro,2024,3437,
320,UNC Greensboro,2024,17841,
320,UNC Greensboro,2024,17842,
320,UNC Greensboro,2024,17843,
93,Furman,2024,18,
93,Furman,2024,2062,
93,Furman,2024,2070,
93,Furman,2024,2071,
93,Furman,2024,2074,
93,Furman,2024,2060,
93,Furman,2024,2061,
93,Furman,2024,3854,
93,Furman,2024,4068,
93,Furman,2024,5553,
93,Furman,2024,15669,
93,Furman,2024,15670,
93,Furman,2024,2067,
93,Furman,2024,2069,
93,Furman,2024,2072,
256,Samford,2024,3075,
256,Samford,2024,3673,
256,Samford,2024,3676,
256,Samford,2024,3680,
256,Samford,2024,3682,
256,Samford,2024,3683,
256,Samford,2024,3684,
256,Samford,2024,3686,
256,Samford,2024,3687,
256,Samford,2024,3691,
256,Samford,2024,3679,
256,Samford,2024,7621,
256,Samford,2024,15226,
256,Samford,2024,15227,
256,Samford,2024,15228,
256,Samford,2024,15229,
256,Samford,2024,15230,
256,Samford,2024,15231,
256,Samford,2024,15232,
256,Samford,2024,15233,
164,Mercer,2024,252,
164,Mercer,2024,2430,
164,Mercer,2024,3336,
164,Mercer,2024,5395,
164,Mercer,2024,5644,
164,Mercer,2024,8657,
164,Mercer,2024,8666,
164,Mercer,2024,8662,
164,Mercer,2024,15686,
164,Mercer,2024,15687,
164,Mercer,2024,15688,
164,Mercer,2024,15689,
164,Mercer,2024,15690,
164,Mercer,2024,15691,
164,Mercer,2024,15692,
162,McNeese,2024,1286,
162,McNeese,2024,1276,
162,McNeese,2024,1280,
162,McNeese,2024,1288,
162,McNeese,2024,1275,
162,McNeese,2024,3258,
162,McNeese,2024,6450,
162,McNeese,2024,16104,
162,McNeese,2024,16105,1999-08-26
162,McNeese,2024,16106,
162,McNeese,2024,16107,
162,McNeese,2024,16108,
162,McNeese,2024,16109,
162,McNeese,2024,16110,
162,McNeese,2024,1289,
211,Northwestern State,2024,1538,
211,Northwestern State,2024,2214,
211,Northwestern State,2024,3754,
211,Northwestern State,2024,3763,
211,Northwestern State,2024,4057,
211,Northwestern State,2024,5561,
211,Northwestern State,2024,6468,
211,Northwestern State,2024,16182,
211,Northwestern State,2024,16183,
211,Northwestern State,2024,16184,
211,Northwestern State,2024,16185,
211,Northwestern State,2024,16186,
211,Northwestern State,2024,16187,
211,Northwestern State,2024,16188,
211,Northwestern State,2024,19815,
211,Northwestern State,2024,19816,
211,Northwestern State,2024,3759,
211,Northwestern State,2024,3762,
195,Nicholls,2024,3757,
195,Nicholls,2024,4053,
195,Nicholls,2024,6420,
195,Nicholls,2024,6422,
195,Nicholls,2024,6426,
195,Nicholls,2024,6428,
195,Nicholls,2024,6429,
195,Nicholls,2024,6431,
195,Nicholls,2024,15082,
195,Nicholls,2024,16905,
195,Nicholls,2024,16906,
195,Nicholls,2024,16907,
195,Nicholls,2024,18504,
195,Nicholls,2024,18969,
195,Nicholls,2024,715,
246,SE Louisiana,2024,101,
246,SE Louisiana,2024,5729,
246,SE Louisiana,2024,5739,
246,SE Louisiana,2024,6115,
246,SE Louisiana,2024,6118,
246,SE Louisiana,2024,6119,
246,SE Louisiana,2024,6124,
246,SE Louisiana,2024,6127,
246,SE Louisiana,2024,15763,
246,SE Louisiana,2024,15764,
246,SE Louisiana,2024,15765,
246,SE Louisiana,2024,15766,
246,SE Louisiana,2024,15767,
246,SE Louisiana,2024,15768,
246,SE Louisiana,2024,15769,
246,SE Louisiana,2024,15770,
294,Texas A&M-Corpus Christi,2024,350,
294,Texas A&M-Corpus Christi,2024,351,
294,Texas A&M-Corpus Christi,2024,353,
294,Texas A&M-Corpus Christi,2024,354,
294,Texas A&M-Corpus Christi,2024,358,
294,Texas A&M-Corpus Christi,2024,359,
294,Texas A&M-Corpus Christi,2024,363,
294,Texas A&M-Corpus Christi,2024,4616,
294,Texas A&M-Corpus Christi,2024,17373,
294,Texas A&M-Corpus Christi,2024,17374,
294,Texas A&M-Corpus Christi,2024,17375,
294,Texas A&M-Corpus Christi,2024,17376,
294,Texas A&M-Corpus Christi,2024,17377,
294,Texas A&M-Corpus Christi,2024,17378,
294,Texas A&M-Corpus Christi,2024,17379,
294,Texas A&M-Corpus Christi,2024,357,
193,New Orleans,2024,7596,
193,New Orleans,2024,7598,
193,New Orleans,2024,7608,
193,New Orleans,2024,16289,
193,New Orleans,2024,16290,
193,New Orleans,2024,16291,
193,New Orleans,2024,16292,
193,New Orleans,2024,16293,
193,New Orleans,2024,16294,
193,New Orleans,2024,16295,
193,New Orleans,2024,16296,
193,New Orleans,2024,16297,
193,New Orleans,2024,16298,
193,New Orleans,2024,16299,
193,New Orleans,2024,16300,
193,New Orleans,2024,16301,
120,Incarnate Word,2024,1030,
120,Incarnate Word,2024,4058,
120,Incarnate Word,2024,5237,
120,Incarnate Word,2024,7049,
120,Incarnate Word,2024,7141,
120,Incarnate Word,2024,7146,
120,Incarnate Word,2024,7150,
120,Incarnate Word,2024,7151,
120,Incarnate Word,2024,7152,
120,Incarnate Word,2024,7139,
120,Incarnate Word,2024,7149,
120,Incarnate Word,2024,15355,
120,Incarnate Word,2024,15356,
120,Incarnate Word,2024,15357,
120,Incarnate Word,2024,15358,
120,Incarnate Word,2024,15359,
112,Houston Christian,2024,515,
112,Houston Christian,2024,546,
112,Houston Christian,2024,4117,
112,Houston Christian,2024,5275,
112,Houston Christian,2024,5278,
112,Houston Christian,2024,5279,
112,Houston Christian,2024,5280,
112,Houston Christian,2024,9400,
112,Houston Christian,2024,16886,
112,Houston Christian,2024,16887,
112,Houston Christian,2024,16888,
112,Houston Christian,2024,16889,
112,Houston Christian,2024,16890,
112,Houston Christian,2024,16891,
112,Houston Christian,2024,16892,
76,East Texas A&M,2024,1283,
76,East Texas A&M,2024,1367,
76,East Texas A&M,2024,5466,
76,East Texas A&M,2024,5468,
76,East Texas A&M,2024,5476,
76,East Texas A&M,2024,5564,
76,East Texas A&M,2024,9466,
76,East Texas A&M,2024,15316,
76,East Texas A&M,2024,15317,
76,East Texas A&M,2024,15318,
76,East Texas A&M,2024,15319,
76,East Texas A&M,2024,15320,
76,East Texas A&M,2024,15321,
76,East Texas A&M,2024,15322,
76,East Texas A&M,2024,15323,
76,East Texas A&M,2024,5465,
270,South Dakota State,2024,60,
270,South Dakota State,2024,534,
270,South Dakota State,2024,1296,
270,South Dakota State,2024,1297,
270,South Dakota State,2024,1290,
270,South Dakota State,2024,1293,
270,South Dakota State,2024,1294,
270,South Dakota State,2024,1300,
270,South Dakota State,2024,1303,
270,South Dakota State,2024,16970,
270,South Dakota State,2024,16971,
270,South Dakota State,2024,16972,
270,South Dakota State,2024,16973,
270,South Dakota State,2024,16974,
270,South Dakota State,2024,16975,
202,North Dakota State,2024,4313,
202,North Dakota State,2024,4317,
202,North Dakota State,2024,4362,
202,North Dakota State,2024,4365,
202,North Dakota State,2024,4370,
202,North Dakota State,2024,4371,
202,North Dakota State,2024,4375,
202,North Dakota State,2024,4604,
202,North Dakota State,2024,5581,
202,North Dakota State,2024,16010,
202,North Dakota State,2024,16011,
202,North Dakota State,2024,16012,
202,North Dakota State,2024,4363,
202,North Dakota State,2024,4376,
269,South Dakota,2024,3105,
269,South Dakota,2024,6466,
269,South Dakota,2024,6467,
269,South Dakota,2024,6469,
269,South Dakota,2024,6474,
269,South Dakota,2024,6476,
269,South Dakota,2024,6464,
269,South Dakota,2024,6471,
269,South Dakota,2024,16880,
269,South Dakota,2024,16881,
269,South Dakota,2024,16882,
269,South Dakota,2024,16883,
269,South Dakota,2024,16884,
269,South Dakota,2024,16885,
269,South Dakota,2024,6472,
269,South Dakota,2024,6479,
221,Omaha,2024,1470,
221,Omaha,2024,2202,
221,Omaha,2024,2471,
221,Omaha,2024,3371,
221,Omaha,2024,4311,
221,Omaha,2024,4321,
221,Omaha,2024,4323,
221,Omaha,2024,4325,
221,Omaha,2024,4326,
221,Omaha,2024,4314,
221,Omaha,2024,4315,
221,Omaha,2024,16829,
221,Omaha,2024,16830,
221,Omaha,2024,16831,
221,Omaha,2024,16832,
221,Omaha,2024,16833,
221,Omaha,2024,4320,
68,Denver,2024,891,
68,Denver,2024,892,
68,Denver,2024,894,
68,Denver,2024,895,
68,Denver,2024,901,
68,Denver,2024,905,
68,Denver,2024,900,
68,Denver,2024,904,
68,Denver,2024,6759,
68,Denver,2024,17124,
68,Denver,2024,17125,
68,Denver,2024,17126,
68,Denver,2024,17127,
68,Denver,2024,17128,
68,Denver,2024,17129,
68,Denver,2024,19792,
201,North Dakota,2024,5271,
201,North Dakota,2024,6771,
201,North Dakota,2024,6773,
201,North Dakota,2024,6775,
201,North Dakota,2024,6776,
201,North Dakota,2024,6777,
201,North Dakota,2024,7388,
201,North Dakota,2024,17358,
201,North Dakota,2024,17359,
201,North Dakota,2024,17360,
201,North Dakota,2024,7778,
201,North Dakota,2024,6774,
201,North Dakota,2024,6778,
201,North Dakota,2024,6780,
201,North Dakota,2024,6782,
201,North Dakota,2024,6784,
280,St. Thomas-Minnesota,2024,5283,
280,St. Thomas-Minnesota,2024,6287,
280,St. Thomas-Minnesota,2024,6288,
280,St. Thomas-Minnesota,2024,6297,
280,St. Thomas-Minnesota,2024,6284,
280,St. Thomas-Minnesota,2024,6293,
280,St. Thomas-Minnesota,2024,16912,
280,St. Thomas-Minnesota,2024,16913,
280,St. Thomas-Minnesota,2024,16914,
280,St. Thomas-Minnesota,2024,16915,
280,St. Thomas-Minnesota,2024,16916,
280,St. Thomas-Minnesota,2024,16917,
280,St. Thomas-Minnesota,2024,6294,
280,St. Thomas-Minnesota,2024,6295,
280,St. Thomas-Minnesota,2024,6296,
265,South Alabama,2024,4919,
265,South Alabama,2024,4920,
265,South Alabama,2024,4921,
265,South Alabama,2024,4923,
265,South Alabama,2024,4915,
265,South Alabama,2024,4926,
265,South Alabama,2024,5229,
265,South Alabama,2024,16344,
265,South Alabama,2024,16345,
265,South Alabama,2024,16347,
265,South Alabama,2024,16348,
265,South Alabama,2024,16346,
148,Louisiana,2024,1274,
148,Louisiana,2024,3013,
148,Louisiana,2024,4856,
148,Louisiana,2024,4859,
148,Louisiana,2024,4861,
148,Louisiana,2024,4862,
148,Louisiana,2024,4863,
148,Louisiana,2024,4866,
148,Louisiana,2024,4867,
148,Louisiana,2024,4852,
148,Louisiana,2024,4865,
148,Louisiana,2024,4979,
148,Louisiana,2024,16809,
148,Louisiana,2024,16810,
148,Louisiana,2024,16811,
13,Arkansas State,2024,3765,
13,Arkansas State,2024,4978,
13,Arkansas State,2024,4980,
13,Arkansas State,2024,4982,
13,Arkansas State,2024,4983,
13,Arkansas State,2024,4984,
13,Arkansas State,2024,4986,
13,Arkansas State,2024,4988,
13,Arkansas State,2024,4990,
13,Arkansas State,2024,5633,
13,Arkansas State,2024,6581,
13,Arkansas State,2024,16503,
13,Arkansas State,2024,16504,
13,Arkansas State,2024,16505,
13,Arkansas State,2024,16506,
13,Arkansas State,2024,6144,
302,Troy,2024,2531,
302,Troy,2024,2533,
302,Troy,2024,2534,
302,Troy,2024,2535,
302,Troy,2024,2540,
302,Troy,2024,2546,
302,Troy,2024,2532,
302,Troy,2024,2536,
302,Troy,2024,2537,
302,Troy,2024,15455,
302,Troy,2024,15456,
302,Troy,2024,15457,
302,Troy,2024,15458,
302,Troy,2024,2538,
302,Troy,2024,2539,
302,Troy,2024,2547,
316,UL Monroe,2024,5122,
316,UL Monroe,2024,5957,
316,UL Monroe,2024,5958,
316,UL Monroe,2024,5959,
316,UL Monroe,2024,5960,
316,UL Monroe,2024,5961,
316,UL Monroe,2024,5963,
316,UL Monroe,2024,5966,
316,UL Monroe,2024,5967,
316,UL Monroe,2024,5968,
316,UL Monroe,2024,15263,
316,UL Monroe,2024,15264,
316,UL Monroe,2024,15265,
316,UL Monroe,2024,15266,
316,UL Monroe,2024,5965,
297,Texas State,2024,752,
297,Texas State,2024,2208,
297,Texas State,2024,2601,
297,Texas State,2024,4497,
297,Texas State,2024,4883,
297,Texas State,2024,4884,
297,Texas State,2024,4887,
297,Texas State,2024,4886,
297,Texas State,2024,4892,
297,Texas State,2024,4893,
297,Texas State,2024,4896,
297,Texas State,2024,7056,
297,Texas State,2024,16363,
297,Texas State,2024,16364,
297,Texas State,2024,16365,
99,Georgia Southern,2024,793,
99,Georgia Southern,2024,2123,
99,Georgia Southern,2024,2598,
99,Georgia Southern,2024,2599,
99,Georgia Southern,2024,2600,
99,Georgia Southern,2024,2604,
99,Georgia Southern,2024,2607,
99,Georgia Southern,2024,2608,
99,Georgia Southern,2024,2609,
99,Georgia Southern,2024,3443,
99,Georgia Southern,2024,3957,
99,Georgia Southern,2024,8656,
99,Georgia Southern,2024,16209,
99,Georgia Southern,2024,16210,
99,Georgia Southern,2024,16211,
99,Georgia Southern,2024,16212,
99,Georgia Southern,2024,19640,
99,Georgia Southern,2024,19641,
99,Georgia Southern,2024,19642,
99,Georgia Southern,2024,19643,
99,Georgia Southern,2024,19644,
99,Georgia Southern,2024,19645,
99,Georgia Southern,2024,19646,
99,Georgia Southern,2024,19647,
99,Georgia Southern,2024,19648,
99,Georgia Southern,2024,19649,
99,Georgia Southern,2024,19650,
99,Georgia Southern,2024,19651,
9,App State,2024,68,
9,App State,2024,195,
9,App State,2024,1355,
9,App State,2024,1352,
9,App State,2024,2029,
9,App State,2024,4265,
9,App State,2024,5768,
9,App State,2024,17256,
9,App State,2024,17257,
9,App State,2024,17258,
9,App State,2024,17259,
9,App State,2024,17260,
9,App State,2024,17261,
9,App State,2024,1357,
9,App State,2024,1366,
54,Coastal Carolina,2024,2510,
54,Coastal Carolina,2024,3756,
54,Coastal Carolina,2024,3965,
54,Coastal Carolina,2024,5125,
54,Coastal Carolina,2024,5394,
54,Coastal Carolina,2024,7568,
54,Coastal Carolina,2024,15575,
54,Coastal Carolina,2024,15576,
54,Coastal Carolina,2024,15577,
54,Coastal Carolina,2024,15578,
54,Coastal Carolina,2024,15579,
54,Coastal Carolina,2024,15580,
54,Coastal Carolina,2024,15581,
54,Coastal Carolina,2024,15582,
54,Coastal Carolina,2024,2512,
129,James Madison,2024,2565,
129,James Madison,2024,2573,
129,James Madison,2024,2574,
129,James Madison,2024,2577,
129,James Madison,2024,2578,
129,James Madison,2024,3417,
129,James Madison,2024,4411,
129,James Madison,2024,4561,
129,James Madison,2024,4568,
129,James Madison,2024,5228,
129,James Madison,2024,6061,
129,James Madison,2024,15237,2001-02-02
129,James Madison,2024,15238,
129,James Madison,2024,15239,
129,James Madison,2024,15240,
129,James Madison,2024,15241,
129,James Madison,2024,15242,
275,Southern Miss,2024,4947,
275,Southern Miss,2024,4945,
275,Southern Miss,2024,4946,
275,Southern Miss,2024,4949,
275,Southern Miss,2024,4950,
275,Southern Miss,2024,16372,
275,Southern Miss,2024,16373,
275,Southern Miss,2024,16374,
275,Southern Miss,2024,16375,
275,Southern Miss,2024,16376,
275,Southern Miss,2024,16377,
275,Southern Miss,2024,16378,
275,Southern Miss,2024,16379,
275,Southern Miss,2024,4955,
275,Southern Miss,2024,4957,
275,Southern Miss,2024,4958,
158,Marshall,2024,1873,
158,Marshall,2024,1875,
158,Marshall,2024,1883,
158,Marshall,2024,1885,
158,Marshall,2024,1872,
158,Marshall,2024,1874,
158,Marshall,2024,2926,
158,Marshall,2024,3722,
158,Marshall,2024,5550,
158,Marshall,2024,13462,
158,Marshall,2024,16004,
158,Marshall,2024,16005,
158,Marshall,2024,16006,
158,Marshall,2024,16007,
158,Marshall,2024,16008,
158,Marshall,2024,16009,
332,Utah Valley,2024,3918,
332,Utah Valley,2024,4435,
332,Utah Valley,2024,4438,
332,Utah Valley,2024,4441,
332,Utah Valley,2024,4437,
332,Utah Valley,2024,4444,
332,Utah Valley,2024,6381,
332,Utah Valley,2024,6959,
332,Utah Valley,2024,8369,
332,Utah Valley,2024,15929,
332,Utah Valley,2024,15930,
332,Utah Valley,2024,15931,
332,Utah Valley,2024,15932,
332,Utah Valley,2024,15933,
332,Utah Valley,2024,15934,
326,UT Rio Grande Valley,2024,746,
326,UT Rio Grande Valley,2024,1844,
326,UT Rio Grande Valley,2024,4875,
326,UT Rio Grande Valley,2024,5375,
326,UT Rio Grande Valley,2024,5562,
326,UT Rio Grande Valley,2024,5566,
326,UT Rio Grande Valley,2024,5569,
326,UT Rio Grande Valley,2024,5574,
326,UT Rio Grande Valley,2024,5575,
326,UT Rio Grande Valley,2024,6122,
326,UT Rio Grande Valley,2024,8636,
326,UT Rio Grande Valley,2024,16176,
326,UT Rio Grande Valley,2024,16177,
326,UT Rio Grande Valley,2024,16178,
326,UT Rio Grande Valley,2024,16179,
326,UT Rio Grande Valley,2024,16180,
326,UT Rio Grande Valley,2024,16181,
39,California Baptist,2024,2808,
39,California Baptist,2024,7156,
39,California Baptist,2024,7161,
39,California Baptist,2024,7162,
39,California Baptist,2024,17041,
39,California Baptist,2024,17042,
39,California Baptist,2024,17043,
39,California Baptist,2024,17044,
39,California Baptist,2024,17045,
39,California Baptist,2024,17046,
39,California Baptist,2024,17047,
39,California Baptist,2024,17048,
39,California Baptist,2024,17049,
39,California Baptist,2024,7157,
39,California Baptist,2024,7166,
288,Tarleton State,2024,175,
288,Tarleton State,2024,2212,
288,Tarleton State,2024,6131,
288,Tarleton State,2024,6137,
288,Tarleton State,2024,6136,
288,Tarleton State,2024,6333,
288,Tarleton State,2024,6413,
288,Tarleton State,2024,7169,2002-07-14
288,Tarleton State,2024,16124,
288,Tarleton State,2024,16125,
288,Tarleton State,2024,16126,
288,Tarleton State,2024,16127,
288,Tarleton State,2024,16128,
288,Tarleton State,2024,16129,
288,Tarleton State,2024,16130,
288,Tarleton State,2024,16131,
288,Tarleton State,2024,16132,
288,Tarleton State,2024,16133,
288,Tarleton State,2024,16134,
288,Tarleton State,2024,16135,
288,Tarleton State,2024,16136,
1,Abilene Christian,2024,747,
1,Abilene Christian,2024,4056,
1,Abilene Christian,2024,6045,
1,Abilene Christian,2024,6046,
1,Abilene Christian,2024,6049,
1,Abilene Christian,2024,6058,
1,Abilene Christian,2024,6661,
1,Abilene Christian,2024,16869,
1,Abilene Christian,2024,16870,
1,Abilene Christian,2024,16871,
1,Abilene Christian,2024,16872,
1,Abilene Christian,2024,16873,
1,Abilene Christian,2024,6052,
1,Abilene Christian,2024,6057,
282,Stephen F. Austin,2024,1351,
282,Stephen F. Austin,2024,5809,
282,Stephen F. Austin,2024,5810,
282,Stephen F. Austin,2024,5813,
282,Stephen F. Austin,2024,5811,
282,Stephen F. Austin,2024,5815,
282,Stephen F. Austin,2024,5818,
282,Stephen F. Austin,2024,5819,
282,Stephen F. Austin,2024,5821,
282,Stephen F. Austin,2024,5822,
282,Stephen F. Austin,2024,7024,
282,Stephen F. Austin,2024,7029,
282,Stephen F. Austin,2024,7559,
282,Stephen F. Austin,2024,15477,
282,Stephen F. Austin,2024,15478,
282,Stephen F. Austin,2024,15479,
330,Utah Tech,2024,2463,
330,Utah Tech,2024,3678,
330,Utah Tech,2024,4551,
330,Utah Tech,2024,6427,
330,Utah Tech,2024,6837,
330,Utah Tech,2024,6838,
330,Utah Tech,2024,6842,
330,Utah Tech,2024,6845,
330,Utah Tech,2024,6846,
330,Utah Tech,2024,6848,
330,Utah Tech,2024,9390,
330,Utah Tech,2024,17623,
330,Utah Tech,2024,17624,
330,Utah Tech,2024,17625,
330,Utah Tech,2024,17626,
276,Southern Utah,2024,3201,
276,Southern Utah,2024,5129,
276,Southern Utah,2024,5998,
276,Southern Utah,2024,5999,
276,Southern Utah,2024,6000,
276,Southern Utah,2024,6001,
276,Southern Utah,2024,6003,
276,Southern Utah,2024,6007,
276,Southern Utah,2024,6008,
276,Southern Utah,2024,6009,
276,Southern Utah,2024,6013,
276,Southern Utah,2024,6018,
276,Southern Utah,2024,6852,
276,Southern Utah,2024,7148,
276,Southern Utah,2024,8377,
276,Southern Utah,2024,17016,
276,Southern Utah,2024,17017,
276,Southern Utah,2024,17018,
276,Southern Utah,2024,17019,
259,San Francisco,2024,6586,
259,San Francisco,2024,6839,
259,San Francisco,2024,7124,
259,San Francisco,2024,7708,
259,San Francisco,2024,7709,
259,San Francisco,2024,7714,
259,San Francisco,2024,7706,
259,San Francisco,2024,7717,
259,San Francisco,2024,7718,
259,San Francisco,2024,7720,
259,San Francisco,2024,8338,
259,San Francisco,2024,17024,2001-10-29
259,San Francisco,2024,17025,
259,San Francisco,2024,17026,
259,San Francisco,2024,17027,
259,San Francisco,2024,17028,
261,Santa Clara,2024,823,
261,Santa Clara,2024,824,
261,Santa Clara,2024,825,
261,Santa Clara,2024,828,
261,Santa Clara,2024,832,
261,Santa Clara,2024,837,
261,Santa Clara,2024,17627,
261,Santa Clara,2024,17628,
261,Santa Clara,2024,17629,
261,Santa Clara,2024,822,
261,Santa Clara,2024,829,
261,Santa Clara,2024,830,
261,Santa Clara,2024,831,
261,Santa Clara,2024,834,
261,Santa Clara,2024,835,
261,Santa Clara,2024,836,
253,Saint Mary's,2024,142,
253,Saint Mary's,2024,6515,
253,Saint Mary's,2024,6886,
253,Saint Mary's,2024,6887,
253,Saint Mary's,2024,6889,
253,Saint Mary's,2024,6891,
253,Saint Mary's,2024,6888,
253,Saint Mary's,2024,7795,
253,Saint Mary's,2024,8442,
253,Saint Mary's,2024,15403,2000-12-11
253,Saint Mary's,2024,15404,
253,Saint Mary's,2024,6893,
253,Saint Mary's,2024,6895,
253,Saint Mary's,2024,6896,
253,Saint Mary's,2024,6898,
102,Gonzaga,2024,176,
102,Gonzaga,2024,180,
102,Gonzaga,2024,181,
102,Gonzaga,2024,171,
102,Gonzaga,2024,170,
102,Gonzaga,2024,172,
102,Gonzaga,2024,173,
102,Gonzaga,2024,8379,
102,Gonzaga,2024,8483,
102,Gonzaga,2024,17777,2000-10-06
102,Gonzaga,2024,17778,
102,Gonzaga,2024,17779,
102,Gonzaga,2024,177,
102,Gonzaga,2024,184,
102,Gonzaga,2024,186,
228,Pepperdine,2024,94,
228,Pepperdine,2024,179,
228,Pepperdine,2024,3719,
228,Pepperdine,2024,6518,
228,Pepperdine,2024,6969,
228,Pepperdine,2024,7745,
228,Pepperdine,2024,7773,
228,Pepperdine,2024,8337,
228,Pepperdine,2024,8344,
228,Pepperdine,2024,17065,
228,Pepperdine,2024,17066,
228,Pepperdine,2024,17067,
228,Pepperdine,2024,17068,
228,Pepperdine,2024,17069,
228,Pepperdine,2024,17070,
153,Loyola Marymount,2024,81,
153,Loyola Marymount,2024,539,
153,Loyola Marymount,2024,982,
153,Loyola Marymount,2024,4446,
153,Loyola Marymount,2024,6958,
153,Loyola Marymount,2024,6960,
153,Loyola Marymount,2024,6963,
153,Loyola Marymount,2024,6967,
153,Loyola Marymount,2024,17476,
153,Loyola Marymount,2024,17477,
153,Loyola Marymount,2024,17478,
153,Loyola Marymount,2024,6962,
153,Loyola Marymount,2024,6964,
153,Loyola Marymount,2024,6965,
153,Loyola Marymount,2024,6970,
258,San Diego,2024,7008,
258,San Diego,2024,7102,
258,San Diego,2024,7425,
258,San Diego,2024,7875,
258,San Diego,2024,8461,
258,San Diego,2024,8470,
258,San Diego,2024,8471,
258,San Diego,2024,8472,
258,San Diego,2024,8473,
258,San Diego,2024,8475,
258,San Diego,2024,8478,
258,San Diego,2024,8479,
258,San Diego,2024,8480,
258,San Diego,2024,8482,
258,San Diego,2024,17160,
258,San Diego,2024,8488,
258,San Diego,2024,8489,
258,San Diego,2024,8490,
230,Portland,2024,1170,
230,Portland,2024,2649,
230,Portland,2024,6641,
230,Portland,2024,6646,
230,Portland,2024,7066,
230,Portland,2024,7782,
230,Portland,2024,8424,
230,Portland,2024,8425,
230,Portland,2024,8426,
230,Portland,2024,8430,
230,Portland,2024,8431,
230,Portland,2024,8437,
230,Portland,2024,17139,2000-07-25
230,Portland,2024,17140,
230,Portland,2024,17141,
230,Portland,2024,17142,
230,Portland,2024,17143,
230,Portland,2024,8436,
262,Seattle U,2024,150,
262,Seattle U,2024,8380,
262,Seattle U,2024,8385,
262,Seattle U,2024,8388,
262,Seattle U,2024,8389,
262,Seattle U,2024,8393,
262,Seattle U,2024,8395,
262,Seattle U,2024,17611,
262,Seattle U,2024,17612,2001-02-20
262,Seattle U,2024,17613,
262,Seattle U,2024,17614,
262,Seattle U,2024,17615,
262,Seattle U,2024,17616,
262,Seattle U,2024,8384,
262,Seattle U,2024,8392,
219,Old Dominion,2024,1402,
219,Old Dominion,2024,2628,
219,Old Dominion,2024,2633,
219,Old Dominion,2024,2636,
219,Old Dominion,2024,2643,
219,Old Dominion,2024,2645,
219,Old Dominion,2024,4097,
219,Old Dominion,2024,4655,
219,Old Dominion,2024,5680,
219,Old Dominion,2024,15993,
219,Old Dominion,2024,15994,
219,Old Dominion,2024,15995,
219,Old Dominion,2024,15996,
219,Old Dominion,2024,15997,
219,Old Dominion,2024,2644,
313,UCLA,2024,532,
313,UCLA,2024,535,
313,UCLA,2024,537,
313,UCLA,2024,541,
313,UCLA,2024,5576,
313,UCLA,2024,6966,
313,UCLA,2024,17198,
313,UCLA,2024,17199,2003-03-28
313,UCLA,2024,17200,
313,UCLA,2024,17201,
313,UCLA,2024,7028,
313,UCLA,2024,538,
313,UCLA,2024,540,
313,UCLA,2024,543,
313,UCLA,2024,545,
343,Washington,2024,3424,
343,Washington,2024,5578,
343,Washington,2024,6836,
343,Washington,2024,7095,
343,Washington,2024,7325,
343,Washington,2024,7780,
343,Washington,2024,7781,
343,Washington,2024,7785,
343,Washington,2024,7790,
343,Washington,2024,7776,
343,Washington,2024,17186,2000-08-07
343,Washington,2024,17187,1999-05-03
343,Washington,2024,17188,
343,Washington,2024,17189,
343,Washington,2024,17190,
343,Washington,2024,17191,
343,Washington,2024,17192,
223,Oregon,2024,6150,
223,Oregon,2024,7244,
223,Oregon,2024,7245,
223,Oregon,2024,7247,
223,Oregon,2024,7249,
223,Oregon,2024,7252,
223,Oregon,2024,7239,
223,Oregon,2024,8306,
223,Oregon,2024,15493,2001-10-19
223,Oregon,2024,15494,
223,Oregon,2024,15495,
223,Oregon,2024,15496,
223,Oregon,2024,15497,
223,Oregon,2024,15498,
223,Oregon,2024,18790,
223,Oregon,2024,7241,
223,Oregon,2024,7242,
40,California,2024,166,
40,California,2024,5042,
40,California,2024,5714,
40,California,2024,7212,
40,California,2024,7331,
40,California,2024,7394,
40,California,2024,7396,
40,California,2024,7400,
40,California,2024,7401,
40,California,2024,7402,
40,California,2024,7403,
40,California,2024,7551,
40,California,2024,16918,1999-01-06
40,California,2024,16919,
40,California,2024,16920,
40,California,2024,16922,
40,California,2024,16923,
40,California,2024,16921,2002-12-02
323,USC,2024,470,
323,USC,2024,533,
323,USC,2024,908,
323,USC,2024,1432,
323,USC,2024,4569,
323,USC,2024,7093,
323,USC,2024,7103,
323,USC,2024,7648,
323,USC,2024,15388,2001-04-25
323,USC,2024,15389,
323,USC,2024,15390,2004-10-08
323,USC,2024,15391,2000-12-12
323,USC,2024,15392,
323,USC,2024,15393,2004-10-06
224,Oregon State,2024,436,
224,Oregon State,2024,529,
224,Oregon State,2024,4854,
224,Oregon State,2024,6556,
224,Oregon State,2024,6854,
224,Oregon State,2024,6863,
224,Oregon State,2024,6865,
224,Oregon State,2024,6866,
224,Oregon State,2024,6859,
224,Oregon State,2024,6862,
224,Oregon State,2024,7030,
224,Oregon State,2024,7787,
224,Oregon State,2024,8378,
224,Oregon State,2024,8446,
224,Oregon State,2024,15543,
224,Oregon State,2024,15544,
281,Stanford,2024,907,
281,Stanford,2024,906,
281,Stanford,2024,909,
281,Stanford,2024,912,
281,Stanford,2024,914,
281,Stanford,2024,918,
281,Stanford,2024,6999,
281,Stanford,2024,7240,
281,Stanford,2024,7384,
281,Stanford,2024,7840,
281,Stanford,2024,17168,2001-06-14
281,Stanford,2024,17169,
281,Stanford,2024,17170,
281,Stanford,2024,17171,
281,Stanford,2024,17172,
281,Stanford,2024,17173,
344,Washington State,2024,497,
344,Washington State,2024,1291,
344,Washington State,2024,2378,
344,Washington State,2024,3327,
344,Washington State,2024,6080,
344,Washington State,2024,6701,
344,Washington State,2024,7329,
344,Washington State,2024,7330,
344,Washington State,2024,7395,
344,Washington State,2024,7626,
344,Washington State,2024,7839,
344,Washington State,2024,8916,
344,Washington State,2024,17176,2000-04-11
344,Washington State,2024,17177,
344,Washington State,2024,17178,2003-08-26
344,Washington State,2024,17179,
344,Washington State,2024,17180,
344,Washington State,2024,17181,
11,Arizona,2024,267,
11,Arizona,2024,268,
11,Arizona,2024,270,
11,Arizona,2024,272,
11,Arizona,2024,273,
11,Arizona,2024,275,
11,Arizona,2024,278,
11,Arizona,2024,283,
11,Arizona,2024,269,
11,Arizona,2024,274,
11,Arizona,2024,277,
11,Arizona,2024,5643,
11,Arizona,2024,6433,
11,Arizona,2024,6885,
11,Arizona,2024,7838,
11,Arizona,2024,8355,
11,Arizona,2024,15285,2001-06-23
11,Arizona,2024,15286,2001-02-23
11,Arizona,2024,282,
10,Arizona State,2024,576,
10,Arizona State,2024,668,
10,Arizona State,2024,1279,
10,Arizona State,2024,1838,
10,Arizona State,2024,2891,
10,Arizona State,2024,4645,
10,Arizona State,2024,4936,
10,Arizona State,2024,5672,
10,Arizona State,2024,7643,
10,Arizona State,2024,7644,
10,Arizona State,2024,7652,
10,Arizona State,2024,7653,
10,Arizona State,2024,7654,
10,Arizona State,2024,7807,
10,Arizona State,2024,17602,
10,Arizona State,2024,17603,
10,Arizona State,2024,17604,
56,Colorado,2024,2335,
56,Colorado,2024,3351,
56,Colorado,2024,3416,
56,Colorado,2024,6703,
56,Colorado,2024,6704,
56,Colorado,2024,6707,
56,Colorado,2024,6709,
56,Colorado,2024,6710,
56,Colorado,2024,6711,
56,Colorado,2024,6713,
56,Colorado,2024,6715,
56,Colorado,2024,6716,
56,Colorado,2024,8234,
56,Colorado,2024,16241,2004-11-20
56,Colorado,2024,16242,2001-05-15
56,Colorado,2024,16243,2002-08-08
56,Colorado,2024,16244,
56,Colorado,2024,6700,
331,Utah,2024,1435,
331,Utah,2024,4935,
331,Utah,2024,5579,
331,Utah,2024,6584,
331,Utah,2024,6588,
331,Utah,2024,6589,
331,Utah,2024,6594,
331,Utah,2024,6600,
331,Utah,2024,6601,
331,Utah,2024,6593,
331,Utah,2024,6599,
331,Utah,2024,7674,
331,Utah,2024,7697,
331,Utah,2024,16997,1999-06-14
331,Utah,2024,16998,
331,Utah,2024,16999,
104,Grand Canyon,2024,1077,
104,Grand Canyon,2024,2493,
104,Grand Canyon,2024,2503,
104,Grand Canyon,2024,6404,
104,Grand Canyon,2024,6407,
104,Grand Canyon,2024,6408,
104,Grand Canyon,2024,6414,
104,Grand Canyon,2024,6417,
104,Grand Canyon,2024,6418,
104,Grand Canyon,2024,6412,
104,Grand Canyon,2024,7209,
104,Grand Canyon,2024,7386,
104,Grand Canyon,2024,16902,1999-03-03
104,Grand Canyon,2024,16903,
104,Grand Canyon,2024,16904,
104,Grand Canyon,2024,19487,
104,Grand Canyon,2024,19488,
104,Grand Canyon,2024,19489,
104,Grand Canyon,2024,19490,
104,Grand Canyon,2024,19491,
104,Grand Canyon,2024,19492,
104,Grand Canyon,2024,19493,
104,Grand Canyon,2024,19494,
104,Grand Canyon,2024,19495,
104,Grand Canyon,2024,19496,
104,Grand Canyon,2024,19497,
176,Missouri State,2024,751,
176,Missouri State,2024,757,
176,Missouri State,2024,1492,
176,Missouri State,2024,1493,
176,Missouri State,2024,2662,
176,Missouri State,2024,2827,
176,Missouri State,2024,5392,
176,Missouri State,2024,7642,
176,Missouri State,2024,16114,
176,Missouri State,2024,16115,
176,Missouri State,2024,16116,
176,Missouri State,2024,16117,
176,Missouri State,2024,16118,
176,Missouri State,2024,16119,
161,Massachusetts,2024,2631,
161,Massachusetts,2024,2885,
161,Massachusetts,2024,2886,
161,Massachusetts,2024,2889,
161,Massachusetts,2024,2894,
161,Massachusetts,2024,2884,
161,Massachusetts,2024,2893,
161,Massachusetts,2024,2898,
161,Massachusetts,2024,5823,
161,Massachusetts,2024,6147,
161,Massachusetts,2024,7088,
161,Massachusetts,2024,8294,
161,Massachusetts,2024,17325,
161,Massachusetts,2024,17326,
161,Massachusetts,2024,19403,
324,UT Arlington,2024,722,
324,UT Arlington,2024,726,
324,UT Arlington,2024,2219,
324,UT Arlington,2024,3334,
324,UT Arlington,2024,3482,
324,UT Arlington,2024,6406,
324,UT Arlington,2024,16404,
324,UT Arlington,2024,16405,
324,UT Arlington,2024,16406,2001-01-10
324,UT Arlington,2024,16407,
324,UT Arlington,2024,16408,
324,UT Arlington,2024,16409,
324,UT Arlington,2024,16410,
324,UT Arlington,2024,16411,
324,UT Arlington,2024,16412,
139,Lamar,2024,5091,
139,Lamar,2024,5094,
139,Lamar,2024,5084,
139,Lamar,2024,5086,
139,Lamar,2024,5092,
139,Lamar,2024,5093,
139,Lamar,2024,5097,
139,Lamar,2024,5282,
139,Lamar,2024,6116,
139,Lamar,2024,16603,
139,Lamar,2024,16604,
139,Lamar,2024,16605,
139,Lamar,2024,16606,
139,Lamar,2024,16607,
139,Lamar,2024,16608,
314,UConn,2024,4445,
314,UConn,2024,7798,
314,UConn,2024,7801,
314,UConn,2024,8146,
314,UConn,2024,15258,2004-02-23
314,UConn,2024,15259,2004-11-01
314,UConn,2024,15260,2001-04-26
314,UConn,2024,15261,2000-04-06
314,UConn,2024,15262,
314,UConn,2024,7793,
314,UConn,2024,7792,
314,UConn,2024,7794,
314,UConn,2024,7797,
314,UConn,2024,7802,
130,Kansas City,2024,1563,
130,Kansas City,2024,1730,
130,Kansas City,2024,1831,
130,Kansas City,2024,1833,
130,Kansas City,2024,1835,
130,Kansas City,2024,1839,
130,Kansas City,2024,1840,
130,Kansas City,2024,4043,
130,Kansas City,2024,5627,
130,Kansas City,2024,5630,
130,Kansas City,2024,16576,
130,Kansas City,2024,16577,
130,Kansas City,2024,16578,
130,Kansas City,2024,16579,
130,Kansas City,2024,16580,
130,Kansas City,2024,19186,
130,Kansas City,2024,1834,
222,Oral Roberts,2024,5273,
222,Oral Roberts,2024,6453,
222,Oral Roberts,2024,6470,
222,Oral Roberts,2024,7353,
222,Oral Roberts,2024,8289,
222,Oral Roberts,2024,8290,
222,Oral Roberts,2024,8291,
222,Oral Roberts,2024,8297,
222,Oral Roberts,2024,8298,
222,Oral Roberts,2024,8299,
222,Oral Roberts,2024,8302,
222,Oral Roberts,2024,16398,
222,Oral Roberts,2024,16399,
222,Oral Roberts,2024,16400,
222,Oral Roberts,2024,16401,
222,Oral Roberts,2024,16402,
222,Oral Roberts,2024,16403,
334,VMI,2024,798,
334,VMI,2024,1173,
334,VMI,2024,1177,
334,VMI,2024,1178,
334,VMI,2024,1569,
334,VMI,2024,3909,
334,VMI,2024,4366,
334,VMI,2024,5369,
334,VMI,2024,7133,
334,VMI,2024,16154,
334,VMI,2024,16155,
334,VMI,2024,16156,
334,VMI,2024,16157,
334,VMI,2024,16158,
334,VMI,2024,1171,
334,VMI,2024,1174,
334,VMI,2024,1175,
75,East Tennessee State,2024,1463,
75,East Tennessee State,2024,2023,
75,East Tennessee State,2024,2790,
75,East Tennessee State,2024,2792,
75,East Tennessee State,2024,2795,
75,East Tennessee State,2024,2796,
75,East Tennessee State,2024,2798,
75,East Tennessee State,2024,2799,
75,East Tennessee State,2024,2804,
75,East Tennessee State,2024,15606,
75,East Tennessee State,2024,15607,
75,East Tennessee State,2024,15608,
75,East Tennessee State,2024,2800,
75,East Tennessee State,2024,2801,
75,East Tennessee State,2024,2802,
117,Idaho,2024,3801,
117,Idaho,2024,6549,
117,Idaho,2024,6550,
117,Idaho,2024,6555,
117,Idaho,2024,6562,
117,Idaho,2024,6564,
117,Idaho,2024,6551,
117,Idaho,2024,6553,
117,Idaho,2024,7131,
117,Idaho,2024,7747,
117,Idaho,2024,17174,
117,Idaho,2024,17175,
117,Idaho,2024,6558,
117,Idaho,2024,6559,
117,Idaho,2024,6563,
100,Georgia State,2024,2664,
100,Georgia State,2024,2667,
100,Georgia State,2024,2671,
100,Georgia State,2024,2675,
100,Georgia State,2024,2676,
100,Georgia State,2024,3358,
100,Georgia State,2024,4410,
100,Georgia State,2024,5281,
100,Georgia State,2024,6380,
100,Georgia State,2024,16327,
100,Georgia State,2024,16328,
100,Georgia State,2024,16329,
100,Georgia State,2024,16330,
100,Georgia State,2024,16331,
100,Georgia State,2024,288,
100,Georgia State,2024,1168,
225,Pacific,2024,1167,
225,Pacific,2024,1221,
225,Pacific,2024,2495,
225,Pacific,2024,2811,
225,Pacific,2024,2815,
225,Pacific,2024,6927,
225,Pacific,2024,7075,
225,Pacific,2024,7220,
225,Pacific,2024,8339,
225,Pacific,2024,17080,
225,Pacific,2024,17081,
225,Pacific,2024,17082,
225,Pacific,2024,17083,
225,Pacific,2024,17084,
301,Towson,2024,6870,
301,Towson,2024,6872,
301,Towson,2024,6874,
301,Towson,2024,6875,
301,Towson,2024,6876,
301,Towson,2024,6877,
301,Towson,2024,16234,
301,Towson,2024,16235,
301,Towson,2024,16236,
301,Towson,2024,16237,
301,Towson,2024,16238,
301,Towson,2024,16239,
301,Towson,2024,16240,
301,Towson,2024,6869,
301,Towson,2024,6871,
301,Towson,2024,6878,
301,Towson,2024,6883,
301,Towson,2024,6884,
208,Northern Illinois,2024,49,
208,Northern Illinois,2024,1475,
208,Northern Illinois,2024,2576,
208,Northern Illinois,2024,2580,
208,Northern Illinois,2024,2581,
208,Northern Illinois,2024,2587,
208,Northern Illinois,2024,2589,
208,Northern Illinois,2024,2593,
208,Northern Illinois,2024,2594,
208,Northern Illinois,2024,2660,
208,Northern Illinois,2024,4124,
208,Northern Illinois,2024,5423,
208,Northern Illinois,2024,6795,
208,Northern Illinois,2024,15247,
208,Northern Illinois,2024,15248,
208,Northern Illinois,2024,15249,
73,Duquesne,2024,2584,
73,Duquesne,2024,5543,
73,Duquesne,2024,5547,
73,Duquesne,2024,5552,
73,Duquesne,2024,5557,
73,Duquesne,2024,5542,
73,Duquesne,2024,5548,
73,Duquesne,2024,5541,
73,Duquesne,2024,15829,
73,Duquesne,2024,15830,
73,Duquesne,2024,15831,
73,Duquesne,2024,15832,
73,Duquesne,2024,15833,
73,Duquesne,2024,15834,
73,Duquesne,2024,15835,
73,Duquesne,2024,15836,
73,Duquesne,2024,5556,
73,Duquesne,2024,5558,
311,UC Santa Barbara,2024,815,
311,UC Santa Barbara,2024,6146,
311,UC Santa Barbara,2024,6766,
311,UC Santa Barbara,2024,6994,
311,UC Santa Barbara,2024,6996,
311,UC Santa Barbara,2024,6997,
311,UC Santa Barbara,2024,7004,
311,UC Santa Barbara,2024,7005,
311,UC Santa Barbara,2024,7006,
311,UC Santa Barbara,2024,7007,
311,UC Santa Barbara,2024,7010,
311,UC Santa Barbara,2024,8422,
311,UC Santa Barbara,2024,17773,
311,UC Santa Barbara,2024,17774,2002-06-25
311,UC Santa Barbara,2024,17775,
311,UC Santa Barbara,2024,17772,2001-05-08
311,UC Santa Barbara,2024,6993,
311,UC Santa Barbara,2024,6998,
311,UC Santa Barbara,2024,7000,
50,Chicago State,2024,577,
50,Chicago State,2024,588,
50,Chicago State,2024,3137,
50,Chicago State,2024,5545,
50,Chicago State,2024,6059,
50,Chicago State,2024,6060,
50,Chicago State,2024,6072,
50,Chicago State,2024,6073,
50,Chicago State,2024,6074,
50,Chicago State,2024,6066,
50,Chicago State,2024,6075,
50,Chicago State,2024,15871,
50,Chicago State,2024,15872,
50,Chicago State,2024,15873,
50,Chicago State,2024,15874,
29,Bradley,2024,472,
29,Bradley,2024,4619,
29,Bradley,2024,4620,
29,Bradley,2024,4621,
29,Bradley,2024,4623,
29,Bradley,2024,4625,
29,Bradley,2024,4626,
29,Bradley,2024,4633,
29,Bradley,2024,4634,
29,Bradley,2024,4627,
29,Bradley,2024,4878,
29,Bradley,2024,5932,
29,Bradley,2024,6432,
29,Bradley,2024,16498,1999-09-23
29,Bradley,2024,4631,
70,Drake,2024,2424,
70,Drake,2024,2841,
70,Drake,2024,3070,
70,Drake,2024,3319,
70,Drake,2024,3598,
70,Drake,2024,3601,
70,Drake,2024,4034,
70,Drake,2024,4368,
70,Drake,2024,5389,
70,Drake,2024,7554,
70,Drake,2024,7583,
70,Drake,2024,8288,
70,Drake,2024,9371,
70,Drake,2024,17598,
70,Drake,2024,17599,
70,Drake,2024,17600,
70,Drake,2024,17601,
887,Southwest Minnesota State,2024,18125,
887,Southwest Minnesota State,2024,18126,
887,Southwest Minnesota State,2024,18127,
887,Southwest Minnesota State,2024,18128,
887,Southwest Minnesota State,2024,18129,
887,Southwest Minnesota State,2024,18130,
887,Southwest Minnesota State,2024,18131,
887,Southwest Minnesota State,2024,18132,
887,Southwest Minnesota State,2024,18133,
887,Southwest Minnesota State,2024,18134,
887,Southwest Minnesota State,2024,18135,
887,Southwest Minnesota State,2024,18136,
887,Southwest Minnesota State,2024,18137,
887,Southwest Minnesota State,2024,18138,
887,Southwest Minnesota State,2024,18139,
802,Webber International,2024,14316,
802,Webber International,2024,14322,
802,Webber International,2024,14324,
802,Webber International,2024,14325,
802,Webber International,2024,14326,
802,Webber International,2024,14327,
802,Webber International,2024,14328,
802,Webber International,2024,14329,
802,Webber International,2024,14330,
802,Webber International,2024,14331,
802,Webber International,2024,14332,
802,Webber International,2024,14333,
802,Webber International,2024,14334,
802,Webber International,2024,14335,
802,Webber International,2024,14336,
802,Webber International,2024,14337,
802,Webber International,2024,14338,
802,Webber International,2024,14339,
802,Webber International,2024,14340,
802,Webber International,2024,14341,
496,Penn State-York,2024,839,
496,Penn State-York,2024,840,
496,Penn State-York,2024,841,
496,Penn State-York,2024,842,
496,Penn State-York,2024,848,
496,Penn State-York,2024,849,
496,Penn State-York,2024,850,
496,Penn State-York,2024,856,
496,Penn State-York,2024,857,
496,Penn State-York,2024,858,
496,Penn State-York,2024,859,
496,Penn State-York,2024,860,
496,Penn State-York,2024,861,
496,Penn State-York,2024,862,
496,Penn State-York,2024,863,
496,Penn State-York,2024,864,
496,Penn State-York,2024,865,
496,Penn State-York,2024,866,
496,Penn State-York,2024,867,
496,Penn State-York,2024,868,
496,Penn State-York,2024,869,
496,Penn State-York,2024,870,
496,Penn State-York,2024,871,
496,Penn State-York,2024,872,
496,Penn State-York,2024,873,
630,Dillard,2024,9731,
630,Dillard,2024,9732,
630,Dillard,2024,9736,
630,Dillard,2024,9739,
630,Dillard,2024,9740,
630,Dillard,2024,9741,
630,Dillard,2024,9742,
630,Dillard,2024,9743,
630,Dillard,2024,9744,
630,Dillard,2024,9745,
630,Dillard,2024,9746,
630,Dillard,2024,9747,
630,Dillard,2024,9748,
630,Dillard,2024,9749,
630,Dillard,2024,9750,
606,Siena Heights,2024,8999,
606,Siena Heights,2024,9000,
606,Siena Heights,2024,9001,
606,Siena Heights,2024,9008,
606,Siena Heights,2024,9009,
606,Siena Heights,2024,9013,
606,Siena Heights,2024,9014,
606,Siena Heights,2024,9016,
606,Siena Heights,2024,9017,
606,Siena Heights,2024,9018,
606,Siena Heights,2024,9019,
606,Siena Heights,2024,9020,
606,Siena Heights,2024,9021,
606,Siena Heights,2024,9022,
606,Siena Heights,2024,9023,
850,Doane,2024,16812,
850,Doane,2024,16813,
850,Doane,2024,16814,
850,Doane,2024,16815,
850,Doane,2024,16816,
850,Doane,2024,16817,
850,Doane,2024,16818,
850,Doane,2024,16819,
850,Doane,2024,16820,
850,Doane,2024,16821,
850,Doane,2024,16822,
850,Doane,2024,16823,
850,Doane,2024,16824,
850,Doane,2024,16825,
850,Doane,2024,16826,
850,Doane,2024,16827,
850,Doane,2024,16828,
801,Blackburn,2024,14287,
801,Blackburn,2024,14288,
801,Blackburn,2024,14289,
801,Blackburn,2024,14290,
801,Blackburn,2024,14292,
801,Blackburn,2024,14293,
801,Blackburn,2024,14294,
801,Blackburn,2024,14298,
801,Blackburn,2024,14299,
801,Blackburn,2024,14300,
801,Blackburn,2024,14301,
801,Blackburn,2024,14302,
801,Blackburn,2024,14303,
801,Blackburn,2024,14304,
801,Blackburn,2024,14305,
801,Blackburn,2024,14306,
801,Blackburn,2024,14307,
801,Blackburn,2024,14308,
801,Blackburn,2024,14309,
801,Blackburn,2024,14310,
801,Blackburn,2024,14311,
599,Purchase,2024,8768,
599,Purchase,2024,8769,
599,Purchase,2024,8779,
599,Purchase,2024,8780,
599,Purchase,2024,8784,
599,Purchase,2024,8785,
599,Purchase,2024,8786,
599,Purchase,2024,8787,
599,Purchase,2024,8788,
599,Purchase,2024,8789,
599,Purchase,2024,8790,
599,Purchase,2024,8791,
599,Purchase,2024,8792,
599,Purchase,2024,8793,
856,WVU Tech,2024,17271,
856,WVU Tech,2024,17272,
856,WVU Tech,2024,17273,
856,WVU Tech,2024,17274,
856,WVU Tech,2024,17275,
856,WVU Tech,2024,17276,
856,WVU Tech,2024,17277,
856,WVU Tech,2024,17278,
856,WVU Tech,2024,17279,
856,WVU Tech,2024,17280,
856,WVU Tech,2024,17281,
856,WVU Tech,2024,17282,
856,WVU Tech,2024,17283,
856,WVU Tech,2024,17284,
856,WVU Tech,2024,17285,
856,WVU Tech,2024,17286,
756,Cairn University,2024,13064,
756,Cairn University,2024,13070,
756,Cairn University,2024,13071,
756,Cairn University,2024,13072,
756,Cairn University,2024,13073,
756,Cairn University,2024,13074,
756,Cairn University,2024,13077,
756,Cairn University,2024,13078,
756,Cairn University,2024,13079,
756,Cairn University,2024,13080,
756,Cairn University,2024,13081,
756,Cairn University,2024,13082,
756,Cairn University,2024,13083,
756,Cairn University,2024,13084,
756,Cairn University,2024,13085,
756,Cairn University,2024,13086,
756,Cairn University,2024,13087,
756,Cairn University,2024,13088,
756,Cairn University,2024,13089,
756,Cairn University,2024,13090,
756,Cairn University,2024,13091,
872,Ave Maria,2024,17827,
872,Ave Maria,2024,17828,
872,Ave Maria,2024,17829,
872,Ave Maria,2024,17830,
872,Ave Maria,2024,17831,
872,Ave Maria,2024,17832,
872,Ave Maria,2024,17833,
872,Ave Maria,2024,17834,
872,Ave Maria,2024,17835,
872,Ave Maria,2024,17836,
872,Ave Maria,2024,17837,
872,Ave Maria,2024,17838,
872,Ave Maria,2024,17839,
872,Ave Maria,2024,17840,
921,Stanton,2024,18791,
921,Stanton,2024,18792,
921,Stanton,2024,18793,
921,Stanton,2024,18794,
921,Stanton,2024,18795,
921,Stanton,2024,18796,
921,Stanton,2024,18797,
921,Stanton,2024,18798,
921,Stanton,2024,18799,
921,Stanton,2024,18800,
921,Stanton,2024,18801,
921,Stanton,2024,18802,
921,Stanton,2024,18803,
921,Stanton,2024,18804,
847,Lourdes University,2024,16632,
847,Lourdes University,2024,16633,
847,Lourdes University,2024,16634,
847,Lourdes University,2024,16635,
847,Lourdes University,2024,16636,
847,Lourdes University,2024,16637,
847,Lourdes University,2024,16638,
847,Lourdes University,2024,16639,
847,Lourdes University,2024,16640,
847,Lourdes University,2024,16641,
847,Lourdes University,2024,16642,
847,Lourdes University,2024,16643,
847,Lourdes University,2024,16644,
847,Lourdes University,2024,16645,
847,Lourdes University,2024,16646,
847,Lourdes University,2024,16647,
847,Lourdes University,2024,16648,
969,St. Xavier  (IL),2024,19737,
969,St. Xavier  (IL),2024,19738,
969,St. Xavier  (IL),2024,19739,
969,St. Xavier  (IL),2024,19740,
969,St. Xavier  (IL),2024,19741,
969,St. Xavier  (IL),2024,19742,
969,St. Xavier  (IL),2024,19743,
969,St. Xavier  (IL),2024,19744,
969,St. Xavier  (IL),2024,19745,
969,St. Xavier  (IL),2024,19746,
969,St. Xavier  (IL),2024,19747,
969,St. Xavier  (IL),2024,19748,
969,St. Xavier  (IL),2024,19749,
969,St. Xavier  (IL),2024,19750,
969,St. Xavier  (IL),2024,19751,
969,St. Xavier  (IL),2024,19752,
969,St. Xavier  (IL),2024,19753,
969,St. Xavier  (IL),2024,19754,
969,St. Xavier  (IL),2024,19755,
969,St. Xavier  (IL),2024,19756,
969,St. Xavier  (IL),2024,19757,
785,Lincoln (MO),2024,13894,
785,Lincoln (MO),2024,13899,
785,Lincoln (MO),2024,13900,
785,Lincoln (MO),2024,13901,
785,Lincoln (MO),2024,13903,
785,Lincoln (MO),2024,13904,
785,Lincoln (MO),2024,13905,
785,Lincoln (MO),2024,13906,
785,Lincoln (MO),2024,13907,
785,Lincoln (MO),2024,13908,
785,Lincoln (MO),2024,13909,
785,Lincoln (MO),2024,13910,
785,Lincoln (MO),2024,13911,
785,Lincoln (MO),2024,13912,
785,Lincoln (MO),2024,13913,
785,Lincoln (MO),2024,13914,
785,Lincoln (MO),2024,13915,
667,Dakota Wesleyan,2024,10693,
667,Dakota Wesleyan,2024,10694,
667,Dakota Wesleyan,2024,10695,
667,Dakota Wesleyan,2024,10703,
667,Dakota Wesleyan,2024,10704,
667,Dakota Wesleyan,2024,10705,
667,Dakota Wesleyan,2024,10706,
667,Dakota Wesleyan,2024,10707,
667,Dakota Wesleyan,2024,10708,
667,Dakota Wesleyan,2024,10709,
667,Dakota Wesleyan,2024,10710,
667,Dakota Wesleyan,2024,10711,
667,Dakota Wesleyan,2024,10712,
667,Dakota Wesleyan,2024,10713,
667,Dakota Wesleyan,2024,10714,
667,Dakota Wesleyan,2024,10715,
667,Dakota Wesleyan,2024,10716,
667,Dakota Wesleyan,2024,10717,
667,Dakota Wesleyan,2024,10718,
667,Dakota Wesleyan,2024,10719,
667,Dakota Wesleyan,2024,10720,
667,Dakota Wesleyan,2024,10721,
667,Dakota Wesleyan,2024,10722,
667,Dakota Wesleyan,2024,10723,
667,Dakota Wesleyan,2024,10724,
667,Dakota Wesleyan,2024,10725,
667,Dakota Wesleyan,2024,10726,
667,Dakota Wesleyan,2024,10727,
667,Dakota Wesleyan,2024,10728,
667,Dakota Wesleyan,2024,10729,
667,Dakota Wesleyan,2024,10730,
667,Dakota Wesleyan,2024,10731,
899,Lake Erie,2024,18400,
899,Lake Erie,2024,18401,
899,Lake Erie,2024,18402,
899,Lake Erie,2024,18403,
899,Lake Erie,2024,18404,
899,Lake Erie,2024,18405,
899,Lake Erie,2024,18406,
899,Lake Erie,2024,18407,
899,Lake Erie,2024,18408,
899,Lake Erie,2024,18409,
899,Lake Erie,2024,18410,
899,Lake Erie,2024,18411,
899,Lake Erie,2024,18412,
899,Lake Erie,2024,18413,
899,Lake Erie,2024,18414,
899,Lake Erie,2024,18415,
899,Lake Erie,2024,18416,
899,Lake Erie,2024,18417,
899,Lake Erie,2024,18418,
899,Lake Erie,2024,18419,
899,Lake Erie,2024,18420,
899,Lake Erie,2024,18421,
899,Lake Erie,2024,18422,
899,Lake Erie,2024,18437,
899,Lake Erie,2024,18438,
899,Lake Erie,2024,18439,
899,Lake Erie,2024,18440,
786,Milligan,2024,13919,
786,Milligan,2024,13920,
786,Milligan,2024,13921,
786,Milligan,2024,13923,
786,Milligan,2024,13924,
786,Milligan,2024,13927,
786,Milligan,2024,13928,
786,Milligan,2024,13929,
786,Milligan,2024,13930,
786,Milligan,2024,13931,
786,Milligan,2024,13932,
786,Milligan,2024,13933,
786,Milligan,2024,13934,
786,Milligan,2024,13935,
786,Milligan,2024,13936,
706,Lane College,2024,11794,
706,Lane College,2024,11795,
706,Lane College,2024,11796,
706,Lane College,2024,11797,
706,Lane College,2024,11798,
706,Lane College,2024,11799,
706,Lane College,2024,11800,
706,Lane College,2024,11801,
706,Lane College,2024,11802,
706,Lane College,2024,11803,
706,Lane College,2024,11804,
706,Lane College,2024,11805,
706,Lane College,2024,11806,
706,Lane College,2024,11807,
541,Mid-America Christian,2024,4281,
541,Mid-America Christian,2024,4282,
541,Mid-America Christian,2024,4283,
541,Mid-America Christian,2024,4288,
541,Mid-America Christian,2024,4293,
541,Mid-America Christian,2024,4294,
541,Mid-America Christian,2024,4295,
541,Mid-America Christian,2024,4296,
541,Mid-America Christian,2024,4297,
541,Mid-America Christian,2024,4298,
541,Mid-America Christian,2024,4299,
541,Mid-America Christian,2024,4300,
541,Mid-America Christian,2024,4301,
541,Mid-America Christian,2024,4302,
541,Mid-America Christian,2024,4303,
541,Mid-America Christian,2024,4304,
541,Mid-America Christian,2024,4305,
541,Mid-America Christian,2024,4306,
541,Mid-America Christian,2024,4307,
541,Mid-America Christian,2024,4308,
541,Mid-America Christian,2024,4309,
541,Mid-America Christian,2024,4310,
774,Walla Walla,2024,13553,
774,Walla Walla,2024,13554,
774,Walla Walla,2024,13555,
774,Walla Walla,2024,13556,
774,Walla Walla,2024,13562,
774,Walla Walla,2024,13563,
774,Walla Walla,2024,13564,
774,Walla Walla,2024,13565,
774,Walla Walla,2024,13569,
774,Walla Walla,2024,13570,
774,Walla Walla,2024,13571,
774,Walla Walla,2024,13572,
774,Walla Walla,2024,13573,
774,Walla Walla,2024,13574,
774,Walla Walla,2024,13575,
774,Walla Walla,2024,13576,
714,Florida Tech,2024,11986,
714,Florida Tech,2024,11989,
714,Florida Tech,2024,11999,
714,Florida Tech,2024,12000,
714,Florida Tech,2024,12001,
714,Florida Tech,2024,12002,
714,Florida Tech,2024,12003,
714,Florida Tech,2024,12004,
714,Florida Tech,2024,12005,
714,Florida Tech,2024,12006,
714,Florida Tech,2024,12007,
714,Florida Tech,2024,12008,
714,Florida Tech,2024,12009,
714,Florida Tech,2024,12010,
714,Florida Tech,2024,12011,
714,Florida Tech,2024,12012,
523,Marywood,2024,2346,
523,Marywood,2024,2347,
523,Marywood,2024,2348,
523,Marywood,2024,2349,
523,Marywood,2024,2356,
523,Marywood,2024,2357,
523,Marywood,2024,2358,
523,Marywood,2024,2359,
523,Marywood,2024,2360,
523,Marywood,2024,2361,
523,Marywood,2024,2362,
523,Marywood,2024,2363,
523,Marywood,2024,2364,
523,Marywood,2024,2365,
523,Marywood,2024,2366,
523,Marywood,2024,2367,
537,Louisiana Christian,2024,3863,
537,Louisiana Christian,2024,3864,
537,Louisiana Christian,2024,3865,
537,Louisiana Christian,2024,3866,
537,Louisiana Christian,2024,3867,
537,Louisiana Christian,2024,3868,
537,Louisiana Christian,2024,3869,
537,Louisiana Christian,2024,3870,
537,Louisiana Christian,2024,3871,
537,Louisiana Christian,2024,3872,
537,Louisiana Christian,2024,3873,
537,Louisiana Christian,2024,3874,
537,Louisiana Christian,2024,3875,
537,Louisiana Christian,2024,3876,
537,Louisiana Christian,2024,3877,
537,Louisiana Christian,2024,3878,
537,Louisiana Christian,2024,3879,
537,Louisiana Christian,2024,3880,
537,Louisiana Christian,2024,3881,
537,Louisiana Christian,2024,3882,
537,Louisiana Christian,2024,3883,
537,Louisiana Christian,2024,3884,
537,Louisiana Christian,2024,3885,
537,Louisiana Christian,2024,3886,
537,Louisiana Christian,2024,3887,
537,Louisiana Christian,2024,3888,
537,Louisiana Christian,2024,3889,
839,Delta State,2024,15745,
839,Delta State,2024,15746,
839,Delta State,2024,15747,
839,Delta State,2024,15748,
839,Delta State,2024,15749,
839,Delta State,2024,15750,
839,Delta State,2024,15751,
839,Delta State,2024,15752,
839,Delta State,2024,15753,
839,Delta State,2024,15754,
839,Delta State,2024,15755,
839,Delta State,2024,15756,
839,Delta State,2024,15757,
839,Delta State,2024,15758,
839,Delta State,2024,15759,
839,Delta State,2024,15760,
839,Delta State,2024,15761,
839,Delta State,2024,15762,
526,Newberry,2024,2760,
526,Newberry,2024,2769,
526,Newberry,2024,2770,
526,Newberry,2024,2771,
526,Newberry,2024,2772,
526,Newberry,2024,2773,
526,Newberry,2024,2774,
526,Newberry,2024,2775,
526,Newberry,2024,2776,
526,Newberry,2024,2777,
526,Newberry,2024,2778,
526,Newberry,2024,2779,
526,Newberry,2024,2780,
526,Newberry,2024,2781,
526,Newberry,2024,2782,
526,Newberry,2024,2783,
526,Newberry,2024,2784,
526,Newberry,2024,2785,
526,Newberry,2024,2786,
526,Newberry,2024,2787,
526,Newberry,2024,2788,
526,Newberry,2024,2789,
559,Howard Payne,2024,6020,
559,Howard Payne,2024,6021,
559,Howard Payne,2024,6022,
559,Howard Payne,2024,6023,
559,Howard Payne,2024,6032,
559,Howard Payne,2024,6033,
559,Howard Payne,2024,6034,
559,Howard Payne,2024,6035,
559,Howard Payne,2024,6036,
559,Howard Payne,2024,6037,
559,Howard Payne,2024,6038,
559,Howard Payne,2024,6039,
559,Howard Payne,2024,6040,
559,Howard Payne,2024,6041,
559,Howard Payne,2024,6042,
559,Howard Payne,2024,6043,
559,Howard Payne,2024,6044,
559,Howard Payne,2024,19071,
812,Neumann,2024,14632,
812,Neumann,2024,14642,
812,Neumann,2024,14643,
812,Neumann,2024,14644,
812,Neumann,2024,14645,
812,Neumann,2024,14646,
812,Neumann,2024,14647,
812,Neumann,2024,14648,
812,Neumann,2024,14649,
812,Neumann,2024,14650,
812,Neumann,2024,14651,
812,Neumann,2024,14652,
812,Neumann,2024,14653,
812,Neumann,2024,14654,
812,Neumann,2024,14655,
812,Neumann,2024,14656,
812,Neumann,2024,14657,
958,Talladega,2024,19525,
958,Talladega,2024,19526,
958,Talladega,2024,19527,
958,Talladega,2024,19528,
958,Talladega,2024,19529,
958,Talladega,2024,19530,
958,Talladega,2024,19531,
958,Talladega,2024,19532,
958,Talladega,2024,19533,
958,Talladega,2024,19534,
958,Talladega,2024,19535,
958,Talladega,2024,19536,
958,Talladega,2024,19537,
958,Talladega,2024,19538,
958,Talladega,2024,19539,
958,Talladega,2024,19540,
861,Goldey-Beacom,2024,17539,
861,Goldey-Beacom,2024,17540,
861,Goldey-Beacom,2024,17541,
861,Goldey-Beacom,2024,17542,
861,Goldey-Beacom,2024,17543,
861,Goldey-Beacom,2024,17544,
861,Goldey-Beacom,2024,17545,
861,Goldey-Beacom,2024,17546,
861,Goldey-Beacom,2024,17547,
861,Goldey-Beacom,2024,17548,
861,Goldey-Beacom,2024,17549,
861,Goldey-Beacom,2024,17550,
861,Goldey-Beacom,2024,17551,
861,Goldey-Beacom,2024,17552,
861,Goldey-Beacom,2024,17553,
861,Goldey-Beacom,2024,17554,
861,Goldey-Beacom,2024,17555,
861,Goldey-Beacom,2024,17556,
504,Houghton,2024,1439,
504,Houghton,2024,1440,
504,Houghton,2024,1441,
504,Houghton,2024,1445,
504,Houghton,2024,1446,
504,Houghton,2024,1447,
504,Houghton,2024,1448,
504,Houghton,2024,1449,
504,Houghton,2024,1451,
504,Houghton,2024,1452,
504,Houghton,2024,1453,
504,Houghton,2024,1454,
504,Houghton,2024,1455,
504,Houghton,2024,1456,
504,Houghton,2024,1457,
504,Houghton,2024,1458,
504,Houghton,2024,1459,
504,Houghton,2024,1460,
504,Houghton,2024,1461,
504,Houghton,2024,1462,
633,Augusta,2024,9820,
633,Augusta,2024,9821,2004-12-10
633,Augusta,2024,9822,2004-12-10
633,Augusta,2024,9824,
633,Augusta,2024,9825,2004-10-14
633,Augusta,2024,9827,
633,Augusta,2024,9828,
633,Augusta,2024,9829,
633,Augusta,2024,9830,2004-12-10
816,Elms College,2024,14787,
816,Elms College,2024,14788,
816,Elms College,2024,14789,
816,Elms College,2024,14791,
816,Elms College,2024,14792,
816,Elms College,2024,14793,
816,Elms College,2024,14794,
816,Elms College,2024,14795,
816,Elms College,2024,14796,
816,Elms College,2024,14797,
816,Elms College,2024,14798,
816,Elms College,2024,14799,
816,Elms College,2024,14800,
816,Elms College,2024,14801,
816,Elms College,2024,14802,
816,Elms College,2024,14803,
816,Elms College,2024,14804,
816,Elms College,2024,14805,
816,Elms College,2024,14806,
816,Elms College,2024,14807,
816,Elms College,2024,14808,
900,Wilkes University,2024,18423,
900,Wilkes University,2024,18424,
900,Wilkes University,2024,18425,
900,Wilkes University,2024,18426,
900,Wilkes University,2024,18427,
900,Wilkes University,2024,18428,
900,Wilkes University,2024,18429,
900,Wilkes University,2024,18430,
900,Wilkes University,2024,18431,
900,Wilkes University,2024,18432,
900,Wilkes University,2024,18433,
900,Wilkes University,2024,18434,
900,Wilkes University,2024,18435,
900,Wilkes University,2024,18436,
914,Point Loma Nazarene,2024,18665,
914,Point Loma Nazarene,2024,18666,
914,Point Loma Nazarene,2024,18667,
914,Point Loma Nazarene,2024,18668,
914,Point Loma Nazarene,2024,18669,
914,Point Loma Nazarene,2024,18670,
914,Point Loma Nazarene,2024,18671,
914,Point Loma Nazarene,2024,18672,
914,Point Loma Nazarene,2024,18673,
914,Point Loma Nazarene,2024,18674,
914,Point Loma Nazarene,2024,18675,
524,Vermont State - Lyndon,2024,2679,
524,Vermont State - Lyndon,2024,2680,
524,Vermont State - Lyndon,2024,2681,
524,Vermont State - Lyndon,2024,2694,
524,Vermont State - Lyndon,2024,2695,
524,Vermont State - Lyndon,2024,2696,
524,Vermont State - Lyndon,2024,2697,
524,Vermont State - Lyndon,2024,2698,
524,Vermont State - Lyndon,2024,2699,
524,Vermont State - Lyndon,2024,2700,
524,Vermont State - Lyndon,2024,2701,
524,Vermont State - Lyndon,2024,2702,
524,Vermont State - Lyndon,2024,2703,
524,Vermont State - Lyndon,2024,2704,
524,Vermont State - Lyndon,2024,2705,
524,Vermont State - Lyndon,2024,2706,
524,Vermont State - Lyndon,2024,2707,
644,Mary Baldwin,2024,10086,
644,Mary Baldwin,2024,10087,
644,Mary Baldwin,2024,10088,
644,Mary Baldwin,2024,10096,
644,Mary Baldwin,2024,10097,
644,Mary Baldwin,2024,10098,
644,Mary Baldwin,2024,10099,
644,Mary Baldwin,2024,10101,
644,Mary Baldwin,2024,10102,
644,Mary Baldwin,2024,10103,
644,Mary Baldwin,2024,10104,
644,Mary Baldwin,2024,10105,
644,Mary Baldwin,2024,10106,
644,Mary Baldwin,2024,10107,
644,Mary Baldwin,2024,10108,
644,Mary Baldwin,2024,10109,
763,Colorado-Colorado Springs,2024,13263,
763,Colorado-Colorado Springs,2024,13264,
763,Colorado-Colorado Springs,2024,13265,
763,Colorado-Colorado Springs,2024,13266,
763,Colorado-Colorado Springs,2024,13267,
763,Colorado-Colorado Springs,2024,13268,
763,Colorado-Colorado Springs,2024,13269,
763,Colorado-Colorado Springs,2024,13270,
763,Colorado-Colorado Springs,2024,13271,
763,Colorado-Colorado Springs,2024,13272,
763,Colorado-Colorado Springs,2024,13273,
763,Colorado-Colorado Springs,2024,13274,
763,Colorado-Colorado Springs,2024,13275,
763,Colorado-Colorado Springs,2024,13276,
763,Colorado-Colorado Springs,2024,13277,
763,Colorado-Colorado Springs,2024,13278,
763,Colorado-Colorado Springs,2024,13279,
763,Colorado-Colorado Springs,2024,13280,
686,Spring Hill,2024,11263,
686,Spring Hill,2024,11264,
686,Spring Hill,2024,11265,
686,Spring Hill,2024,11266,
686,Spring Hill,2024,11267,
686,Spring Hill,2024,11270,
686,Spring Hill,2024,11271,
686,Spring Hill,2024,11272,
686,Spring Hill,2024,11273,
686,Spring Hill,2024,11274,
686,Spring Hill,2024,11275,
686,Spring Hill,2024,11276,
686,Spring Hill,2024,11277,
686,Spring Hill,2024,11278,
686,Spring Hill,2024,11279,
686,Spring Hill,2024,11280,
752,Thomas (ME),2024,12953,
752,Thomas (ME),2024,12954,
752,Thomas (ME),2024,12959,
752,Thomas (ME),2024,12960,
752,Thomas (ME),2024,12961,
752,Thomas (ME),2024,12963,
752,Thomas (ME),2024,12964,
752,Thomas (ME),2024,12965,
752,Thomas (ME),2024,12966,
752,Thomas (ME),2024,12967,
752,Thomas (ME),2024,12968,
752,Thomas (ME),2024,12969,
752,Thomas (ME),2024,12970,
752,Thomas (ME),2024,12971,
752,Thomas (ME),2024,12972,
752,Thomas (ME),2024,12973,
752,Thomas (ME),2024,12974,
752,Thomas (ME),2024,12975,
752,Thomas (ME),2024,12976,
752,Thomas (ME),2024,12977,
752,Thomas (ME),2024,12978,
752,Thomas (ME),2024,12979,
752,Thomas (ME),2024,12980,
752,Thomas (ME),2024,12981,
752,Thomas (ME),2024,12982,
752,Thomas (ME),2024,12983,
752,Thomas (ME),2024,12984,
752,Thomas (ME),2024,12985,
752,Thomas (ME),2024,12986,
752,Thomas (ME),2024,12987,
752,Thomas (ME),2024,12988,
752,Thomas (ME),2024,12989,
752,Thomas (ME),2024,12990,
752,Thomas (ME),2024,12991,
655,Occidental,2024,10366,
655,Occidental,2024,10367,
655,Occidental,2024,10368,
655,Occidental,2024,10374,
655,Occidental,2024,10375,
655,Occidental,2024,10379,
655,Occidental,2024,10380,
655,Occidental,2024,10381,
655,Occidental,2024,10382,
655,Occidental,2024,10383,
655,Occidental,2024,10384,
655,Occidental,2024,10385,
655,Occidental,2024,10386,
655,Occidental,2024,10387,
655,Occidental,2024,10388,
655,Occidental,2024,10389,
655,Occidental,2024,10390,
655,Occidental,2024,10391,
655,Occidental,2024,10083,
853,Fresno Pacific,2024,17085,
853,Fresno Pacific,2024,17086,
853,Fresno Pacific,2024,17087,
853,Fresno Pacific,2024,17088,
853,Fresno Pacific,2024,17089,
853,Fresno Pacific,2024,17090,
853,Fresno Pacific,2024,17091,
853,Fresno Pacific,2024,17092,
853,Fresno Pacific,2024,17093,
853,Fresno Pacific,2024,17094,
853,Fresno Pacific,2024,17095,
853,Fresno Pacific,2024,17096,
853,Fresno Pacific,2024,17097,
853,Fresno Pacific,2024,17098,
853,Fresno Pacific,2024,17099,
853,Fresno Pacific,2024,17100,
853,Fresno Pacific,2024,17101,
853,Fresno Pacific,2024,17102,
853,Fresno Pacific,2024,17103,
853,Fresno Pacific,2024,17104,
853,Fresno Pacific,2024,17105,
853,Fresno Pacific,2024,17106,
853,Fresno Pacific,2024,17107,
853,Fresno Pacific,2024,17108,
853,Fresno Pacific,2024,17109,
853,Fresno Pacific,2024,17110,
853,Fresno Pacific,2024,17111,
853,Fresno Pacific,2024,17112,
853,Fresno Pacific,2024,17113,
853,Fresno Pacific,2024,17114,
853,Fresno Pacific,2024,17115,
853,Fresno Pacific,2024,17116,
853,Fresno Pacific,2024,19690,
853,Fresno Pacific,2024,19691,
853,Fresno Pacific,2024,19692,
617,Fredonia State,2024,9321,
617,Fredonia State,2024,9322,
617,Fredonia State,2024,9323,
617,Fredonia State,2024,9325,
617,Fredonia State,2024,9326,
617,Fredonia State,2024,9327,
617,Fredonia State,2024,9328,
617,Fredonia State,2024,9333,
617,Fredonia State,2024,9334,
617,Fredonia State,2024,9335,
617,Fredonia State,2024,9336,
617,Fredonia State,2024,9337,
617,Fredonia State,2024,9338,
617,Fredonia State,2024,9339,
617,Fredonia State,2024,9340,
617,Fredonia State,2024,9341,
617,Fredonia State,2024,9342,
617,Fredonia State,2024,9343,
617,Fredonia State,2024,9344,
617,Fredonia State,2024,9345,
674,Saint Mary's (MN),2024,10893,
674,Saint Mary's (MN),2024,10894,
674,Saint Mary's (MN),2024,10895,
674,Saint Mary's (MN),2024,10896,
674,Saint Mary's (MN),2024,10897,
674,Saint Mary's (MN),2024,10898,
674,Saint Mary's (MN),2024,10899,
674,Saint Mary's (MN),2024,10900,
674,Saint Mary's (MN),2024,10901,
674,Saint Mary's (MN),2024,10902,
674,Saint Mary's (MN),2024,10903,
674,Saint Mary's (MN),2024,10904,
674,Saint Mary's (MN),2024,10905,
674,Saint Mary's (MN),2024,10906,
674,Saint Mary's (MN),2024,10907,
674,Saint Mary's (MN),2024,10908,
674,Saint Mary's (MN),2024,10909,
956,Florida Memorial,2024,5761,
956,Florida Memorial,2024,19456,
956,Florida Memorial,2024,19457,
956,Florida Memorial,2024,19458,
956,Florida Memorial,2024,19459,
956,Florida Memorial,2024,19460,
956,Florida Memorial,2024,19461,
956,Florida Memorial,2024,19462,
956,Florida Memorial,2024,19463,
956,Florida Memorial,2024,19464,
956,Florida Memorial,2024,19465,
956,Florida Memorial,2024,19466,
956,Florida Memorial,2024,19467,
956,Florida Memorial,2024,19468,
956,Florida Memorial,2024,19469,
956,Florida Memorial,2024,19470,
956,Florida Memorial,2024,19471,
956,Florida Memorial,2024,19472,
629,Menlo,2024,9712,
629,Menlo,2024,9713,
629,Menlo,2024,9714,
629,Menlo,2024,9716,
629,Menlo,2024,9717,
629,Menlo,2024,9718,
629,Menlo,2024,9719,
629,Menlo,2024,9720,
629,Menlo,2024,9721,
629,Menlo,2024,9722,
629,Menlo,2024,9723,
629,Menlo,2024,9724,
629,Menlo,2024,9725,
629,Menlo,2024,9726,
629,Menlo,2024,9727,
533,Bob Jones,2024,3693,
533,Bob Jones,2024,3694,
533,Bob Jones,2024,3695,
533,Bob Jones,2024,3696,
533,Bob Jones,2024,3703,
533,Bob Jones,2024,3704,
533,Bob Jones,2024,3705,
533,Bob Jones,2024,3706,
533,Bob Jones,2024,3707,
533,Bob Jones,2024,3708,
533,Bob Jones,2024,3709,
533,Bob Jones,2024,3710,
533,Bob Jones,2024,3711,
533,Bob Jones,2024,3712,
533,Bob Jones,2024,3714,
533,Bob Jones,2024,3713,
588,Earlham College,2024,8263,
588,Earlham College,2024,8268,
588,Earlham College,2024,8269,
588,Earlham College,2024,8270,
588,Earlham College,2024,8271,
588,Earlham College,2024,8272,
588,Earlham College,2024,8273,
588,Earlham College,2024,8274,
588,Earlham College,2024,8275,
588,Earlham College,2024,8276,
588,Earlham College,2024,8277,
588,Earlham College,2024,8278,
588,Earlham College,2024,8279,
588,Earlham College,2024,8280,
588,Earlham College,2024,8281,
588,Earlham College,2024,8282,
588,Earlham College,2024,8283,
588,Earlham College,2024,8284,
588,Earlham College,2024,8285,
588,Earlham College,2024,8286,
624,SUNY Poly,2024,9538,
624,SUNY Poly,2024,9539,
624,SUNY Poly,2024,9540,
624,SUNY Poly,2024,9541,
624,SUNY Poly,2024,9542,
624,SUNY Poly,2024,9543,
624,SUNY Poly,2024,9544,
624,SUNY Poly,2024,9545,
624,SUNY Poly,2024,9546,
624,SUNY Poly,2024,9547,
624,SUNY Poly,2024,9548,
626,Bluefield University,2024,9579,
626,Bluefield University,2024,9581,
626,Bluefield University,2024,9591,
626,Bluefield University,2024,9592,
626,Bluefield University,2024,9594,
626,Bluefield University,2024,9595,
626,Bluefield University,2024,9596,
626,Bluefield University,2024,9597,
626,Bluefield University,2024,9598,
626,Bluefield University,2024,9599,
626,Bluefield University,2024,9600,
626,Bluefield University,2024,9601,
626,Bluefield University,2024,9602,
626,Bluefield University,2024,9603,
626,Bluefield University,2024,9604,
626,Bluefield University,2024,9605,
626,Bluefield University,2024,9606,
626,Bluefield University,2024,9607,
626,Bluefield University,2024,13323,
626,Bluefield University,2024,13324,
626,Bluefield University,2024,13325,
626,Bluefield University,2024,13326,
626,Bluefield University,2024,13327,
626,Bluefield University,2024,13328,
626,Bluefield University,2024,13329,
626,Bluefield University,2024,13330,
626,Bluefield University,2024,13331,
626,Bluefield University,2024,13332,
626,Bluefield University,2024,13333,
823,Anderson (IN),2024,14980,
823,Anderson (IN),2024,14981,
823,Anderson (IN),2024,14986,
823,Anderson (IN),2024,14992,
823,Anderson (IN),2024,14993,
823,Anderson (IN),2024,14994,
823,Anderson (IN),2024,14995,
823,Anderson (IN),2024,14996,
823,Anderson (IN),2024,14997,
823,Anderson (IN),2024,14998,
823,Anderson (IN),2024,14999,
823,Anderson (IN),2024,15000,
823,Anderson (IN),2024,15001,
823,Anderson (IN),2024,15002,
823,Anderson (IN),2024,15003,
823,Anderson (IN),2024,15004,
823,Anderson (IN),2024,15005,
705,Puerto Rico-Mayaguez,2024,11769,2004-11-23
705,Puerto Rico-Mayaguez,2024,11770,2004-11-23
705,Puerto Rico-Mayaguez,2024,11771,2003-11-20
705,Puerto Rico-Mayaguez,2024,11772,
705,Puerto Rico-Mayaguez,2024,11773,
705,Puerto Rico-Mayaguez,2024,11774,
705,Puerto Rico-Mayaguez,2024,11775,
705,Puerto Rico-Mayaguez,2024,11776,
705,Puerto Rico-Mayaguez,2024,11777,
705,Puerto Rico-Mayaguez,2024,11778,
705,Puerto Rico-Mayaguez,2024,11779,
705,Puerto Rico-Mayaguez,2024,11780,
886,Tiffin,2024,18108,
886,Tiffin,2024,18109,
886,Tiffin,2024,18110,
886,Tiffin,2024,18111,
886,Tiffin,2024,18112,
886,Tiffin,2024,18113,
886,Tiffin,2024,18114,
886,Tiffin,2024,18115,
886,Tiffin,2024,18116,
886,Tiffin,2024,18117,
886,Tiffin,2024,18118,
886,Tiffin,2024,18119,
886,Tiffin,2024,18120,
886,Tiffin,2024,18121,
886,Tiffin,2024,18122,
886,Tiffin,2024,18123,
886,Tiffin,2024,18124,
781,Willamette,2024,13762,
781,Willamette,2024,13763,
781,Willamette,2024,13764,
781,Willamette,2024,13765,
781,Willamette,2024,13774,
781,Willamette,2024,13775,
781,Willamette,2024,13776,
781,Willamette,2024,13777,
781,Willamette,2024,13778,
781,Willamette,2024,13779,
781,Willamette,2024,13780,
781,Willamette,2024,13781,
781,Willamette,2024,13782,
781,Willamette,2024,13783,
781,Willamette,2024,13784,
781,Willamette,2024,13785,
781,Willamette,2024,13786,
893,University of Saint Katherine,2024,6419,
893,University of Saint Katherine,2024,18254,
893,University of Saint Katherine,2024,18255,
893,University of Saint Katherine,2024,18256,
893,University of Saint Katherine,2024,18257,
893,University of Saint Katherine,2024,18258,
893,University of Saint Katherine,2024,18259,
893,University of Saint Katherine,2024,18260,
893,University of Saint Katherine,2024,18261,
893,University of Saint Katherine,2024,18262,
893,University of Saint Katherine,2024,18263,
893,University of Saint Katherine,2024,18264,
893,University of Saint Katherine,2024,18265,
893,University of Saint Katherine,2024,18266,
893,University of Saint Katherine,2024,18267,
893,University of Saint Katherine,2024,18268,
893,University of Saint Katherine,2024,18269,
893,University of Saint Katherine,2024,18270,
893,University of Saint Katherine,2024,18271,
893,University of Saint Katherine,2024,18272,
893,University of Saint Katherine,2024,19361,
893,University of Saint Katherine,2024,19362,
689,Randolph-Macon,2024,11343,
689,Randolph-Macon,2024,11344,
689,Randolph-Macon,2024,11345,
689,Randolph-Macon,2024,11346,
689,Randolph-Macon,2024,11352,
636,Missouri Southern State,2024,9900,
636,Missouri Southern State,2024,9901,
636,Missouri Southern State,2024,9902,
636,Missouri Southern State,2024,9903,
636,Missouri Southern State,2024,9904,
636,Missouri Southern State,2024,9905,
636,Missouri Southern State,2024,9906,
636,Missouri Southern State,2024,9907,
636,Missouri Southern State,2024,9908,
636,Missouri Southern State,2024,9909,
636,Missouri Southern State,2024,9910,
636,Missouri Southern State,2024,9911,
636,Missouri Southern State,2024,9912,
595,University of Health Sciences & Pharmacy,2024,8672,
595,University of Health Sciences & Pharmacy,2024,8673,
595,University of Health Sciences & Pharmacy,2024,8674,
595,University of Health Sciences & Pharmacy,2024,8679,
595,University of Health Sciences & Pharmacy,2024,8680,
595,University of Health Sciences & Pharmacy,2024,8681,
595,University of Health Sciences & Pharmacy,2024,8684,
595,University of Health Sciences & Pharmacy,2024,8685,
595,University of Health Sciences & Pharmacy,2024,8686,
595,University of Health Sciences & Pharmacy,2024,8687,
595,University of Health Sciences & Pharmacy,2024,8688,
819,Mobile,2024,6449,
819,Mobile,2024,14858,
819,Mobile,2024,14859,
819,Mobile,2024,14860,
819,Mobile,2024,14863,
819,Mobile,2024,14864,
819,Mobile,2024,14865,
819,Mobile,2024,14866,
819,Mobile,2024,14867,
819,Mobile,2024,14868,
819,Mobile,2024,14869,
819,Mobile,2024,14870,
819,Mobile,2024,14871,
819,Mobile,2024,14872,
819,Mobile,2024,14873,
819,Mobile,2024,14874,
819,Mobile,2024,14875,
819,Mobile,2024,14876,
819,Mobile,2024,14877,
819,Mobile,2024,14878,
819,Mobile,2024,14879,
819,Mobile,2024,14880,
819,Mobile,2024,14881,
819,Mobile,2024,14882,
819,Mobile,2024,14883,
819,Mobile,2024,14884,
819,Mobile,2024,14885,
819,Mobile,2024,14886,
819,Mobile,2024,14887,
819,Mobile,2024,14888,
819,Mobile,2024,14889,
819,Mobile,2024,14890,
819,Mobile,2024,14891,
819,Mobile,2024,14892,
819,Mobile,2024,14893,
819,Mobile,2024,14894,
819,Mobile,2024,14895,
813,Heidelberg,2024,14660,
813,Heidelberg,2024,14661,
813,Heidelberg,2024,14662,
813,Heidelberg,2024,14667,
813,Heidelberg,2024,14668,
813,Heidelberg,2024,14678,
813,Heidelberg,2024,14679,
813,Heidelberg,2024,14680,
813,Heidelberg,2024,14681,
813,Heidelberg,2024,14682,
813,Heidelberg,2024,14683,
813,Heidelberg,2024,14684,
813,Heidelberg,2024,14685,
813,Heidelberg,2024,14686,
813,Heidelberg,2024,14687,
813,Heidelberg,2024,14688,
813,Heidelberg,2024,14689,
813,Heidelberg,2024,14690,
970,Queens College NY,2024,19758,
970,Queens College NY,2024,19759,
970,Queens College NY,2024,19760,
970,Queens College NY,2024,19761,
970,Queens College NY,2024,19762,
970,Queens College NY,2024,19763,
970,Queens College NY,2024,19764,
970,Queens College NY,2024,19765,
970,Queens College NY,2024,19766,
970,Queens College NY,2024,19767,
970,Queens College NY,2024,19768,
970,Queens College NY,2024,19769,
970,Queens College NY,2024,19770,
970,Queens College NY,2024,19771,
806,Westcliff,2024,14434,
806,Westcliff,2024,14435,
806,Westcliff,2024,14439,
806,Westcliff,2024,14440,
806,Westcliff,2024,14441,
806,Westcliff,2024,14442,
806,Westcliff,2024,14443,
806,Westcliff,2024,14444,
806,Westcliff,2024,14445,
806,Westcliff,2024,14446,
806,Westcliff,2024,14447,
806,Westcliff,2024,14448,
806,Westcliff,2024,14449,
806,Westcliff,2024,14450,
806,Westcliff,2024,14451,
806,Westcliff,2024,14452,
590,Kentucky Christian,2024,8491,
590,Kentucky Christian,2024,8492,
590,Kentucky Christian,2024,8493,
590,Kentucky Christian,2024,8494,
590,Kentucky Christian,2024,8495,
590,Kentucky Christian,2024,8501,
590,Kentucky Christian,2024,8502,
590,Kentucky Christian,2024,8503,
590,Kentucky Christian,2024,8504,
590,Kentucky Christian,2024,8505,
590,Kentucky Christian,2024,8506,
590,Kentucky Christian,2024,8507,
590,Kentucky Christian,2024,8508,
590,Kentucky Christian,2024,8509,
590,Kentucky Christian,2024,8510,
590,Kentucky Christian,2024,8511,
590,Kentucky Christian,2024,8512,
590,Kentucky Christian,2024,8513,
590,Kentucky Christian,2024,8514,
590,Kentucky Christian,2024,8515,
590,Kentucky Christian,2024,8516,
590,Kentucky Christian,2024,8517,
590,Kentucky Christian,2024,8518,
590,Kentucky Christian,2024,8519,
579,Maine-Fort Kent,2024,7883,
579,Maine-Fort Kent,2024,7887,
579,Maine-Fort Kent,2024,7899,
579,Maine-Fort Kent,2024,7900,
579,Maine-Fort Kent,2024,7901,
579,Maine-Fort Kent,2024,7902,
579,Maine-Fort Kent,2024,7903,
579,Maine-Fort Kent,2024,7904,
579,Maine-Fort Kent,2024,7905,
579,Maine-Fort Kent,2024,7906,
579,Maine-Fort Kent,2024,7907,
579,Maine-Fort Kent,2024,7908,
579,Maine-Fort Kent,2024,7909,
579,Maine-Fort Kent,2024,7910,
579,Maine-Fort Kent,2024,7911,
579,Maine-Fort Kent,2024,7912,
579,Maine-Fort Kent,2024,7913,
946,Penn State-Alleghany,2024,19254,
946,Penn State-Alleghany,2024,19255,
946,Penn State-Alleghany,2024,19256,
946,Penn State-Alleghany,2024,19257,
946,Penn State-Alleghany,2024,19258,
946,Penn State-Alleghany,2024,19259,
946,Penn State-Alleghany,2024,19260,
946,Penn State-Alleghany,2024,19261,
946,Penn State-Alleghany,2024,19262,
946,Penn State-Alleghany,2024,19263,
946,Penn State-Alleghany,2024,19264,
946,Penn State-Alleghany,2024,19265,
946,Penn State-Alleghany,2024,19266,
946,Penn State-Alleghany,2024,19267,
946,Penn State-Alleghany,2024,19268,
946,Penn State-Alleghany,2024,19269,
946,Penn State-Alleghany,2024,19270,
946,Penn State-Alleghany,2024,19271,
946,Penn State-Alleghany,2024,19272,
946,Penn State-Alleghany,2024,19273,
946,Penn State-Alleghany,2024,19274,
729,Central Penn,2024,12357,
729,Central Penn,2024,12358,
729,Central Penn,2024,12359,
729,Central Penn,2024,12360,
729,Central Penn,2024,12370,
729,Central Penn,2024,12371,
729,Central Penn,2024,12372,
729,Central Penn,2024,12373,
729,Central Penn,2024,12374,
729,Central Penn,2024,12375,
729,Central Penn,2024,12376,
729,Central Penn,2024,12377,
729,Central Penn,2024,12378,
729,Central Penn,2024,12379,
729,Central Penn,2024,12380,
729,Central Penn,2024,12381,
729,Central Penn,2024,12382,
729,Central Penn,2024,12383,
885,Loras,2024,18090,
885,Loras,2024,18091,
885,Loras,2024,18092,
885,Loras,2024,18093,
885,Loras,2024,18094,
885,Loras,2024,18095,
885,Loras,2024,18096,
885,Loras,2024,18097,
885,Loras,2024,18098,
885,Loras,2024,18099,
885,Loras,2024,18100,
885,Loras,2024,18101,
885,Loras,2024,18102,
885,Loras,2024,18103,
885,Loras,2024,18104,
885,Loras,2024,18105,
885,Loras,2024,18106,
885,Loras,2024,18107,
891,Roberts Wesleyan,2024,18223,
891,Roberts Wesleyan,2024,18224,
891,Roberts Wesleyan,2024,18225,
891,Roberts Wesleyan,2024,18226,
891,Roberts Wesleyan,2024,18227,
891,Roberts Wesleyan,2024,18228,
891,Roberts Wesleyan,2024,18229,
891,Roberts Wesleyan,2024,18230,
891,Roberts Wesleyan,2024,18231,
891,Roberts Wesleyan,2024,18232,
891,Roberts Wesleyan,2024,18233,
891,Roberts Wesleyan,2024,18234,
891,Roberts Wesleyan,2024,18235,
891,Roberts Wesleyan,2024,18236,
891,Roberts Wesleyan,2024,18237,
891,Roberts Wesleyan,2024,18238,
880,Lyon,2024,17992,
880,Lyon,2024,17993,
880,Lyon,2024,17994,
880,Lyon,2024,17995,
880,Lyon,2024,17996,
880,Lyon,2024,17997,
880,Lyon,2024,17998,
880,Lyon,2024,17999,
880,Lyon,2024,18000,
880,Lyon,2024,18001,
880,Lyon,2024,18002,
880,Lyon,2024,18003,
880,Lyon,2024,18004,
880,Lyon,2024,18005,
880,Lyon,2024,18006,
880,Lyon,2024,18007,
880,Lyon,2024,18008,
880,Lyon,2024,18009,
880,Lyon,2024,18010,
575,Westminster (PA),2024,19277,
575,Westminster (PA),2024,19278,
575,Westminster (PA),2024,19279,
575,Westminster (PA),2024,19280,
575,Westminster (PA),2024,19281,
575,Westminster (PA),2024,19282,
575,Westminster (PA),2024,19283,
575,Westminster (PA),2024,19284,
575,Westminster (PA),2024,19285,
575,Westminster (PA),2024,19286,
575,Westminster (PA),2024,19287,
575,Westminster (PA),2024,19288,
575,Westminster (PA),2024,19289,
575,Westminster (PA),2024,19290,
575,Westminster (PA),2024,19291,
575,Westminster (PA),2024,19292,
575,Westminster (PA),2024,19293,
915,Missouri Baptist,2024,18682,
915,Missouri Baptist,2024,18683,
915,Missouri Baptist,2024,18684,
915,Missouri Baptist,2024,18685,
915,Missouri Baptist,2024,18686,
915,Missouri Baptist,2024,18687,
915,Missouri Baptist,2024,18688,
915,Missouri Baptist,2024,18689,
915,Missouri Baptist,2024,18690,
915,Missouri Baptist,2024,18691,
915,Missouri Baptist,2024,18692,
915,Missouri Baptist,2024,18693,
915,Missouri Baptist,2024,18694,
915,Missouri Baptist,2024,18695,
915,Missouri Baptist,2024,18696,
712,Rosemont,2024,11930,
712,Rosemont,2024,11931,
712,Rosemont,2024,11932,
712,Rosemont,2024,11933,
712,Rosemont,2024,11934,
712,Rosemont,2024,11936,
712,Rosemont,2024,11937,
712,Rosemont,2024,11938,
712,Rosemont,2024,11941,
712,Rosemont,2024,11942,
712,Rosemont,2024,11945,
712,Rosemont,2024,11946,
712,Rosemont,2024,11947,
712,Rosemont,2024,11948,
712,Rosemont,2024,11949,
712,Rosemont,2024,11950,
712,Rosemont,2024,11951,
712,Rosemont,2024,11952,
712,Rosemont,2024,11953,
712,Rosemont,2024,11954,
712,Rosemont,2024,11955,
712,Rosemont,2024,19363,
923,Belhaven,2024,18823,
923,Belhaven,2024,18824,
923,Belhaven,2024,18825,
923,Belhaven,2024,18826,
923,Belhaven,2024,18827,
923,Belhaven,2024,18828,
923,Belhaven,2024,18829,
923,Belhaven,2024,18830,
923,Belhaven,2024,18831,
923,Belhaven,2024,18832,
923,Belhaven,2024,18833,
923,Belhaven,2024,18834,
923,Belhaven,2024,18835,
923,Belhaven,2024,18836,
923,Belhaven,2024,18837,
923,Belhaven,2024,18838,
923,Belhaven,2024,18839,
923,Belhaven,2024,18840,
923,Belhaven,2024,18841,
923,Belhaven,2024,18842,
547,Dean College,2024,4681,
547,Dean College,2024,4682,
547,Dean College,2024,4683,
547,Dean College,2024,4684,
547,Dean College,2024,4685,
547,Dean College,2024,4686,
547,Dean College,2024,4687,
547,Dean College,2024,4688,
547,Dean College,2024,4689,
547,Dean College,2024,4690,
547,Dean College,2024,4691,
547,Dean College,2024,4692,
547,Dean College,2024,4693,
547,Dean College,2024,4694,
547,Dean College,2024,4695,
547,Dean College,2024,4696,
547,Dean College,2024,4697,
547,Dean College,2024,4698,
547,Dean College,2024,4699,
547,Dean College,2024,4700,
547,Dean College,2024,4701,
547,Dean College,2024,4702,
952,University of Wisconsin River Falls,2024,19380,
952,University of Wisconsin River Falls,2024,19381,
952,University of Wisconsin River Falls,2024,19382,
952,University of Wisconsin River Falls,2024,19383,
952,University of Wisconsin River Falls,2024,19384,
952,University of Wisconsin River Falls,2024,19385,
952,University of Wisconsin River Falls,2024,19386,
952,University of Wisconsin River Falls,2024,19387,
952,University of Wisconsin River Falls,2024,19388,
952,University of Wisconsin River Falls,2024,19389,
952,University of Wisconsin River Falls,2024,19390,
952,University of Wisconsin River Falls,2024,19391,
952,University of Wisconsin River Falls,2024,19392,
952,University of Wisconsin River Falls,2024,19393,
952,University of Wisconsin River Falls,2024,19394,
952,University of Wisconsin River Falls,2024,19395,
952,University of Wisconsin River Falls,2024,19396,
952,University of Wisconsin River Falls,2024,19397,
952,University of Wisconsin River Falls,2024,19398,
952,University of Wisconsin River Falls,2024,19399,
952,University of Wisconsin River Falls,2024,19400,
952,University of Wisconsin River Falls,2024,19401,
952,University of Wisconsin River Falls,2024,19402,
578,Cal Maritime,2024,7724,
578,Cal Maritime,2024,7725,
578,Cal Maritime,2024,7726,
578,Cal Maritime,2024,7733,
578,Cal Maritime,2024,7734,
578,Cal Maritime,2024,7735,
578,Cal Maritime,2024,7736,
578,Cal Maritime,2024,7737,
578,Cal Maritime,2024,7738,
578,Cal Maritime,2024,7739,
578,Cal Maritime,2024,7740,
578,Cal Maritime,2024,7741,
578,Cal Maritime,2024,7742,
578,Cal Maritime,2024,7743,
578,Cal Maritime,2024,7744,
556,Westminster (MO),2024,5901,
556,Westminster (MO),2024,5902,
556,Westminster (MO),2024,5903,
556,Westminster (MO),2024,5904,
556,Westminster (MO),2024,5905,
556,Westminster (MO),2024,5906,
556,Westminster (MO),2024,5907,
556,Westminster (MO),2024,5908,
556,Westminster (MO),2024,5909,
556,Westminster (MO),2024,5910,
556,Westminster (MO),2024,5911,
556,Westminster (MO),2024,5912,
556,Westminster (MO),2024,5913,
556,Westminster (MO),2024,5914,
556,Westminster (MO),2024,5915,
556,Westminster (MO),2024,5916,
556,Westminster (MO),2024,5917,
556,Westminster (MO),2024,5918,
1123,Texas Permian Basin,2024,10329,
879,Keystone,2024,408,
879,Keystone,2024,17976,
879,Keystone,2024,17977,
879,Keystone,2024,17978,
879,Keystone,2024,17979,
879,Keystone,2024,17980,
879,Keystone,2024,17981,
879,Keystone,2024,17982,
879,Keystone,2024,17983,
879,Keystone,2024,17984,
879,Keystone,2024,17985,
879,Keystone,2024,17986,
879,Keystone,2024,17987,
879,Keystone,2024,17988,
879,Keystone,2024,17989,
879,Keystone,2024,17990,
723,Dalton State,2024,12192,
723,Dalton State,2024,12193,
723,Dalton State,2024,12194,
723,Dalton State,2024,12195,
723,Dalton State,2024,12200,
723,Dalton State,2024,12201,
723,Dalton State,2024,12203,
723,Dalton State,2024,12204,
723,Dalton State,2024,12205,
723,Dalton State,2024,12206,
723,Dalton State,2024,12207,
723,Dalton State,2024,12208,
723,Dalton State,2024,12209,
723,Dalton State,2024,12210,
723,Dalton State,2024,12211,
566,Northwest University,2024,6522,
566,Northwest University,2024,6523,
566,Northwest University,2024,6524,
566,Northwest University,2024,6531,
566,Northwest University,2024,6532,
566,Northwest University,2024,6533,
566,Northwest University,2024,6534,
566,Northwest University,2024,6538,
566,Northwest University,2024,6539,
566,Northwest University,2024,6540,
566,Northwest University,2024,6541,
566,Northwest University,2024,6542,
566,Northwest University,2024,6543,
566,Northwest University,2024,6544,
566,Northwest University,2024,6545,
566,Northwest University,2024,6546,
566,Northwest University,2024,6547,
566,Northwest University,2024,6548,
515,Mount Olive,2024,1940,
515,Mount Olive,2024,1942,
515,Mount Olive,2024,1943,
515,Mount Olive,2024,1944,
515,Mount Olive,2024,1953,
515,Mount Olive,2024,1954,
515,Mount Olive,2024,1955,
515,Mount Olive,2024,1956,
515,Mount Olive,2024,1957,
515,Mount Olive,2024,1958,
515,Mount Olive,2024,1959,
515,Mount Olive,2024,1960,
515,Mount Olive,2024,1961,
515,Mount Olive,2024,1962,
515,Mount Olive,2024,1963,
515,Mount Olive,2024,1964,
515,Mount Olive,2024,1965,
515,Mount Olive,2024,1966,
515,Mount Olive,2024,1967,
515,Mount Olive,2024,1968,
515,Mount Olive,2024,1969,
515,Mount Olive,2024,1970,
515,Mount Olive,2024,1971,
515,Mount Olive,2024,1972,
515,Mount Olive,2024,1973,
515,Mount Olive,2024,1974,
515,Mount Olive,2024,1975,
695,Saint Elizabeth,2024,11499,
695,Saint Elizabeth,2024,11500,
695,Saint Elizabeth,2024,11501,
695,Saint Elizabeth,2024,11505,
695,Saint Elizabeth,2024,11506,
695,Saint Elizabeth,2024,11507,
695,Saint Elizabeth,2024,11508,
695,Saint Elizabeth,2024,11509,
695,Saint Elizabeth,2024,11510,
695,Saint Elizabeth,2024,11511,
695,Saint Elizabeth,2024,11512,
695,Saint Elizabeth,2024,11513,
695,Saint Elizabeth,2024,11514,
695,Saint Elizabeth,2024,11515,
695,Saint Elizabeth,2024,11516,
695,Saint Elizabeth,2024,11517,
695,Saint Elizabeth,2024,11518,
695,Saint Elizabeth,2024,11519,
737,Pittsburgh-Bradford,2024,12606,
737,Pittsburgh-Bradford,2024,12607,
737,Pittsburgh-Bradford,2024,12608,
737,Pittsburgh-Bradford,2024,12609,
737,Pittsburgh-Bradford,2024,12610,
737,Pittsburgh-Bradford,2024,12611,
737,Pittsburgh-Bradford,2024,12612,
737,Pittsburgh-Bradford,2024,12613,
737,Pittsburgh-Bradford,2024,12614,
737,Pittsburgh-Bradford,2024,12615,
737,Pittsburgh-Bradford,2024,12616,
737,Pittsburgh-Bradford,2024,12617,
737,Pittsburgh-Bradford,2024,12618,
737,Pittsburgh-Bradford,2024,12619,
737,Pittsburgh-Bradford,2024,12620,
737,Pittsburgh-Bradford,2024,12621,
737,Pittsburgh-Bradford,2024,12622,
737,Pittsburgh-Bradford,2024,12623,
782,Michigan Tech,2024,13823,
610,Miami (OH)-Hamilton,2024,9122,
610,Miami (OH)-Hamilton,2024,9123,
610,Miami (OH)-Hamilton,2024,9124,
610,Miami (OH)-Hamilton,2024,9125,
610,Miami (OH)-Hamilton,2024,9126,
610,Miami (OH)-Hamilton,2024,9131,
610,Miami (OH)-Hamilton,2024,9132,
610,Miami (OH)-Hamilton,2024,9137,
610,Miami (OH)-Hamilton,2024,9138,
610,Miami (OH)-Hamilton,2024,9139,
610,Miami (OH)-Hamilton,2024,9140,
610,Miami (OH)-Hamilton,2024,9141,
610,Miami (OH)-Hamilton,2024,9142,
610,Miami (OH)-Hamilton,2024,9143,
165,Mercyhurst,2024,5163,
165,Mercyhurst,2024,5172,
570,Life Pacific,2024,6935,
570,Life Pacific,2024,6936,
570,Life Pacific,2024,6937,
570,Life Pacific,2024,6938,
570,Life Pacific,2024,6940,
570,Life Pacific,2024,6941,
570,Life Pacific,2024,6942,
570,Life Pacific,2024,6943,
570,Life Pacific,2024,6944,
570,Life Pacific,2024,6945,
570,Life Pacific,2024,6949,
570,Life Pacific,2024,6950,
570,Life Pacific,2024,6951,
570,Life Pacific,2024,6952,
570,Life Pacific,2024,6953,
570,Life Pacific,2024,6954,
570,Life Pacific,2024,6955,
570,Life Pacific,2024,6956,
822,Eastern Oregon,2024,14955,
822,Eastern Oregon,2024,14956,
822,Eastern Oregon,2024,14957,
822,Eastern Oregon,2024,14958,
822,Eastern Oregon,2024,14965,
822,Eastern Oregon,2024,14966,
822,Eastern Oregon,2024,14967,
822,Eastern Oregon,2024,14968,
822,Eastern Oregon,2024,14969,
822,Eastern Oregon,2024,14970,
822,Eastern Oregon,2024,14971,
822,Eastern Oregon,2024,14972,
822,Eastern Oregon,2024,14973,
822,Eastern Oregon,2024,14974,
822,Eastern Oregon,2024,14975,
822,Eastern Oregon,2024,14976,
896,Valley City,2024,18312,
896,Valley City,2024,18313,
896,Valley City,2024,18314,
896,Valley City,2024,18315,
896,Valley City,2024,18316,
896,Valley City,2024,18317,
896,Valley City,2024,18318,
896,Valley City,2024,18319,
896,Valley City,2024,18320,
896,Valley City,2024,18321,
896,Valley City,2024,18322,
896,Valley City,2024,18323,
896,Valley City,2024,18324,
896,Valley City,2024,18325,
896,Valley City,2024,18326,
896,Valley City,2024,18327,
609,Coastal Georgia,2024,9100,
609,Coastal Georgia,2024,9101,
609,Coastal Georgia,2024,9102,
609,Coastal Georgia,2024,9108,
609,Coastal Georgia,2024,9109,
609,Coastal Georgia,2024,9110,
609,Coastal Georgia,2024,9111,
609,Coastal Georgia,2024,9113,
609,Coastal Georgia,2024,9114,
609,Coastal Georgia,2024,9115,
609,Coastal Georgia,2024,9116,
609,Coastal Georgia,2024,9117,
609,Coastal Georgia,2024,9118,
609,Coastal Georgia,2024,9119,
609,Coastal Georgia,2024,9120,
609,Coastal Georgia,2024,9121,
718,SUNY-Maritime,2024,12064,
718,SUNY-Maritime,2024,12065,
718,SUNY-Maritime,2024,12066,
718,SUNY-Maritime,2024,12067,
718,SUNY-Maritime,2024,12073,
718,SUNY-Maritime,2024,12074,
718,SUNY-Maritime,2024,12075,
718,SUNY-Maritime,2024,12076,
718,SUNY-Maritime,2024,12077,
718,SUNY-Maritime,2024,12079,
718,SUNY-Maritime,2024,12080,
718,SUNY-Maritime,2024,12081,
718,SUNY-Maritime,2024,12082,
718,SUNY-Maritime,2024,12083,
718,SUNY-Maritime,2024,12084,
718,SUNY-Maritime,2024,12085,
690,Mount Aloysius,2024,11376,
690,Mount Aloysius,2024,11377,
690,Mount Aloysius,2024,11378,
690,Mount Aloysius,2024,11379,
690,Mount Aloysius,2024,11380,
690,Mount Aloysius,2024,11381,
690,Mount Aloysius,2024,11382,
690,Mount Aloysius,2024,11383,
690,Mount Aloysius,2024,11384,
690,Mount Aloysius,2024,11385,
690,Mount Aloysius,2024,11386,
690,Mount Aloysius,2024,11387,
690,Mount Aloysius,2024,11388,
690,Mount Aloysius,2024,11389,
690,Mount Aloysius,2024,11390,
690,Mount Aloysius,2024,11391,
690,Mount Aloysius,2024,11392,
690,Mount Aloysius,2024,11393,
690,Mount Aloysius,2024,11394,
690,Mount Aloysius,2024,11395,
694,Mitchell College,2024,11475,
694,Mitchell College,2024,11476,
694,Mitchell College,2024,11477,
694,Mitchell College,2024,11478,
694,Mitchell College,2024,11479,
694,Mitchell College,2024,11480,
694,Mitchell College,2024,11481,
694,Mitchell College,2024,11482,
694,Mitchell College,2024,11483,
694,Mitchell College,2024,11484,
694,Mitchell College,2024,11485,
694,Mitchell College,2024,11486,
694,Mitchell College,2024,11487,
694,Mitchell College,2024,11488,
694,Mitchell College,2024,11489,
694,Mitchell College,2024,11490,
694,Mitchell College,2024,11491,
694,Mitchell College,2024,11492,
694,Mitchell College,2024,11493,
694,Mitchell College,2024,11494,
694,Mitchell College,2024,11495,
694,Mitchell College,2024,11496,
863,Curry College,2024,5570,
863,Curry College,2024,17574,
863,Curry College,2024,17575,
863,Curry College,2024,17576,
863,Curry College,2024,17577,
863,Curry College,2024,17578,
863,Curry College,2024,17579,
863,Curry College,2024,17580,
863,Curry College,2024,17581,
863,Curry College,2024,17582,
863,Curry College,2024,17583,
863,Curry College,2024,17584,
863,Curry College,2024,17585,
863,Curry College,2024,17586,
863,Curry College,2024,17587,
863,Curry College,2024,17588,
863,Curry College,2024,17589,
863,Curry College,2024,17590,
954,Greensboro College,2024,19419,
954,Greensboro College,2024,19420,
954,Greensboro College,2024,19421,
954,Greensboro College,2024,19422,
954,Greensboro College,2024,19423,
954,Greensboro College,2024,19424,
954,Greensboro College,2024,19425,
954,Greensboro College,2024,19426,
954,Greensboro College,2024,19427,
954,Greensboro College,2024,19428,
954,Greensboro College,2024,19429,
954,Greensboro College,2024,19430,
954,Greensboro College,2024,19431,
954,Greensboro College,2024,19432,
954,Greensboro College,2024,19433,
954,Greensboro College,2024,19434,
954,Greensboro College,2024,19435,
954,Greensboro College,2024,19436,
954,Greensboro College,2024,19437,
954,Greensboro College,2024,19438,
600,Davenport,2024,8796,
600,Davenport,2024,8797,
600,Davenport,2024,8798,
600,Davenport,2024,8803,
600,Davenport,2024,8804,
600,Davenport,2024,8807,
600,Davenport,2024,8808,
600,Davenport,2024,8809,
600,Davenport,2024,8810,
600,Davenport,2024,8811,
600,Davenport,2024,8812,
600,Davenport,2024,8813,
600,Davenport,2024,8814,
600,Davenport,2024,8815,
600,Davenport,2024,8816,
600,Davenport,2024,8817,
600,Davenport,2024,8818,
600,Davenport,2024,8819,
530,York College Nebraska,2024,3566,
530,York College Nebraska,2024,3568,
530,York College Nebraska,2024,3569,
530,York College Nebraska,2024,3574,
530,York College Nebraska,2024,3575,
530,York College Nebraska,2024,3579,
530,York College Nebraska,2024,3580,
530,York College Nebraska,2024,3581,
530,York College Nebraska,2024,3582,
530,York College Nebraska,2024,3583,
530,York College Nebraska,2024,3584,
530,York College Nebraska,2024,3585,
530,York College Nebraska,2024,3586,
530,York College Nebraska,2024,3587,
530,York College Nebraska,2024,3588,
530,York College Nebraska,2024,3589,
530,York College Nebraska,2024,3590,
530,York College Nebraska,2024,3591,
530,York College Nebraska,2024,3592,
889,Pacific Union,2024,18167,
889,Pacific Union,2024,18168,
889,Pacific Union,2024,18169,
889,Pacific Union,2024,18170,
889,Pacific Union,2024,18171,
889,Pacific Union,2024,18172,
889,Pacific Union,2024,18173,
889,Pacific Union,2024,18174,
889,Pacific Union,2024,18175,
889,Pacific Union,2024,18176,
889,Pacific Union,2024,18177,
889,Pacific Union,2024,18178,
889,Pacific Union,2024,18179,
889,Pacific Union,2024,18180,
889,Pacific Union,2024,18181,
889,Pacific Union,2024,18182,
889,Pacific Union,2024,18183,
889,Pacific Union,2024,18184,
889,Pacific Union,2024,18185,
889,Pacific Union,2024,18186,
889,Pacific Union,2024,18187,
889,Pacific Union,2024,18188,
889,Pacific Union,2024,18189,
889,Pacific Union,2024,18190,
889,Pacific Union,2024,18191,
889,Pacific Union,2024,18192,
889,Pacific Union,2024,18193,
889,Pacific Union,2024,18194,
653,UT Permian Basin,2024,10316,
653,UT Permian Basin,2024,10317,
653,UT Permian Basin,2024,10318,
653,UT Permian Basin,2024,10319,
653,UT Permian Basin,2024,10320,
653,UT Permian Basin,2024,10321,
653,UT Permian Basin,2024,10322,
653,UT Permian Basin,2024,10323,
653,UT Permian Basin,2024,10325,
653,UT Permian Basin,2024,10326,
653,UT Permian Basin,2024,10327,
653,UT Permian Basin,2024,10328,
589,Lewis & Clark,2024,8398,
589,Lewis & Clark,2024,8399,
589,Lewis & Clark,2024,8400,
589,Lewis & Clark,2024,8404,
589,Lewis & Clark,2024,8405,
589,Lewis & Clark,2024,8406,
589,Lewis & Clark,2024,8407,
589,Lewis & Clark,2024,8408,
589,Lewis & Clark,2024,8410,
589,Lewis & Clark,2024,8411,
589,Lewis & Clark,2024,8412,
589,Lewis & Clark,2024,8413,
589,Lewis & Clark,2024,8414,
589,Lewis & Clark,2024,8415,
589,Lewis & Clark,2024,8416,
589,Lewis & Clark,2024,8417,
589,Lewis & Clark,2024,8418,
589,Lewis & Clark,2024,8419,
913,Navajo Tech,2024,18651,
913,Navajo Tech,2024,18652,
913,Navajo Tech,2024,18653,
913,Navajo Tech,2024,18654,
913,Navajo Tech,2024,18655,
913,Navajo Tech,2024,18656,
913,Navajo Tech,2024,18657,
913,Navajo Tech,2024,18658,
913,Navajo Tech,2024,18659,
913,Navajo Tech,2024,18660,
913,Navajo Tech,2024,18661,
913,Navajo Tech,2024,18662,
913,Navajo Tech,2024,18663,
913,Navajo Tech,2024,18664,
643,Mercy,2024,10063,
643,Mercy,2024,10064,
643,Mercy,2024,10068,
643,Mercy,2024,10069,
643,Mercy,2024,10070,
643,Mercy,2024,10071,
643,Mercy,2024,10072,
643,Mercy,2024,10073,
643,Mercy,2024,10074,
643,Mercy,2024,10075,
643,Mercy,2024,10076,
643,Mercy,2024,10077,
643,Mercy,2024,10078,
643,Mercy,2024,10079,
643,Mercy,2024,10080,
643,Mercy,2024,10081,
643,Mercy,2024,10082,
546,Penn State - Wilkes-Barre,2024,4507,
546,Penn State - Wilkes-Barre,2024,4508,
546,Penn State - Wilkes-Barre,2024,4515,
546,Penn State - Wilkes-Barre,2024,4516,
546,Penn State - Wilkes-Barre,2024,4519,
546,Penn State - Wilkes-Barre,2024,4520,
546,Penn State - Wilkes-Barre,2024,4521,
546,Penn State - Wilkes-Barre,2024,4522,
546,Penn State - Wilkes-Barre,2024,4523,
546,Penn State - Wilkes-Barre,2024,4524,
546,Penn State - Wilkes-Barre,2024,4525,
546,Penn State - Wilkes-Barre,2024,4526,
546,Penn State - Wilkes-Barre,2024,4527,
546,Penn State - Wilkes-Barre,2024,4528,
701,Texas Wesleyan,2024,11677,
701,Texas Wesleyan,2024,11678,
941,Bridgewater College (VA),2024,19152,
941,Bridgewater College (VA),2024,19153,
941,Bridgewater College (VA),2024,19154,
941,Bridgewater College (VA),2024,19155,
941,Bridgewater College (VA),2024,19156,
941,Bridgewater College (VA),2024,19157,
941,Bridgewater College (VA),2024,19158,
941,Bridgewater College (VA),2024,19159,
941,Bridgewater College (VA),2024,19160,
941,Bridgewater College (VA),2024,19161,
941,Bridgewater College (VA),2024,19162,
941,Bridgewater College (VA),2024,19163,
941,Bridgewater College (VA),2024,19164,
941,Bridgewater College (VA),2024,19165,
941,Bridgewater College (VA),2024,19166,
941,Bridgewater College (VA),2024,19167,
941,Bridgewater College (VA),2024,19168,
941,Bridgewater College (VA),2024,19169,
941,Bridgewater College (VA),2024,19170,
603,UT Dallas,2024,8898,
603,UT Dallas,2024,8899,
603,UT Dallas,2024,8900,
603,UT Dallas,2024,8901,
603,UT Dallas,2024,8902,
603,UT Dallas,2024,8903,
603,UT Dallas,2024,8904,
603,UT Dallas,2024,8905,
603,UT Dallas,2024,8906,
603,UT Dallas,2024,8907,
603,UT Dallas,2024,8908,
603,UT Dallas,2024,8909,
603,UT Dallas,2024,8910,
875,UT Tyler,2024,4061,
875,UT Tyler,2024,17887,
875,UT Tyler,2024,17888,
875,UT Tyler,2024,17889,
875,UT Tyler,2024,17890,
875,UT Tyler,2024,17891,
875,UT Tyler,2024,17892,
875,UT Tyler,2024,17893,
875,UT Tyler,2024,17894,
875,UT Tyler,2024,17895,
875,UT Tyler,2024,17896,
875,UT Tyler,2024,17897,
875,UT Tyler,2024,17898,
875,UT Tyler,2024,17899,
875,UT Tyler,2024,17900,
875,UT Tyler,2024,17901,
875,UT Tyler,2024,17902,
875,UT Tyler,2024,17903,
875,UT Tyler,2024,17904,
875,UT Tyler,2024,17905,
875,UT Tyler,2024,17906,
637,Southern Oregon,2024,9928,
637,Southern Oregon,2024,9929,
637,Southern Oregon,2024,9930,
637,Southern Oregon,2024,9931,
637,Southern Oregon,2024,9932,
637,Southern Oregon,2024,9933,
637,Southern Oregon,2024,9934,
637,Southern Oregon,2024,9935,
637,Southern Oregon,2024,9936,
637,Southern Oregon,2024,9937,
637,Southern Oregon,2024,9938,
637,Southern Oregon,2024,9939,
637,Southern Oregon,2024,9940,
892,Keiser,2024,18239,
892,Keiser,2024,18240,
892,Keiser,2024,18241,
892,Keiser,2024,18242,
892,Keiser,2024,18243,
892,Keiser,2024,18244,
892,Keiser,2024,18245,
892,Keiser,2024,18246,
892,Keiser,2024,18247,
892,Keiser,2024,18248,
892,Keiser,2024,18249,
892,Keiser,2024,18250,
892,Keiser,2024,18251,
892,Keiser,2024,18252,
804,Southwestern Christian,2024,14375,
804,Southwestern Christian,2024,14376,
804,Southwestern Christian,2024,14377,
804,Southwestern Christian,2024,14382,
804,Southwestern Christian,2024,14383,
804,Southwestern Christian,2024,14389,
804,Southwestern Christian,2024,14390,
804,Southwestern Christian,2024,14391,
804,Southwestern Christian,2024,14392,
804,Southwestern Christian,2024,14393,
804,Southwestern Christian,2024,14394,
804,Southwestern Christian,2024,14395,
804,Southwestern Christian,2024,14396,
804,Southwestern Christian,2024,14397,
804,Southwestern Christian,2024,14398,
804,Southwestern Christian,2024,14399,
804,Southwestern Christian,2024,14400,
804,Southwestern Christian,2024,14401,
804,Southwestern Christian,2024,14402,
804,Southwestern Christian,2024,14403,
804,Southwestern Christian,2024,14404,
804,Southwestern Christian,2024,14405,
758,Harris-Stowe State,2024,13128,
758,Harris-Stowe State,2024,13134,
758,Harris-Stowe State,2024,13136,
758,Harris-Stowe State,2024,13137,
758,Harris-Stowe State,2024,13138,
758,Harris-Stowe State,2024,13139,
758,Harris-Stowe State,2024,13140,
758,Harris-Stowe State,2024,13141,
758,Harris-Stowe State,2024,13142,
758,Harris-Stowe State,2024,13143,
758,Harris-Stowe State,2024,13144,
758,Harris-Stowe State,2024,13145,
758,Harris-Stowe State,2024,13146,
803,Virginia Wesleyan,2024,14342,
803,Virginia Wesleyan,2024,14343,
803,Virginia Wesleyan,2024,14344,
803,Virginia Wesleyan,2024,14345,
803,Virginia Wesleyan,2024,14346,
803,Virginia Wesleyan,2024,14355,
803,Virginia Wesleyan,2024,14356,
803,Virginia Wesleyan,2024,14357,
803,Virginia Wesleyan,2024,14360,
803,Virginia Wesleyan,2024,14361,
803,Virginia Wesleyan,2024,14362,
803,Virginia Wesleyan,2024,14363,
803,Virginia Wesleyan,2024,14364,
803,Virginia Wesleyan,2024,14365,
803,Virginia Wesleyan,2024,14366,
803,Virginia Wesleyan,2024,14367,
803,Virginia Wesleyan,2024,14368,
803,Virginia Wesleyan,2024,14369,
803,Virginia Wesleyan,2024,14370,
803,Virginia Wesleyan,2024,14371,
803,Virginia Wesleyan,2024,14372,
494,UNT Dallas,2024,683,
494,UNT Dallas,2024,686,
494,UNT Dallas,2024,689,
494,UNT Dallas,2024,690,
494,UNT Dallas,2024,691,
494,UNT Dallas,2024,693,
494,UNT Dallas,2024,694,
494,UNT Dallas,2024,695,
494,UNT Dallas,2024,696,
494,UNT Dallas,2024,697,
494,UNT Dallas,2024,698,
494,UNT Dallas,2024,699,
494,UNT Dallas,2024,700,
494,UNT Dallas,2024,701,
494,UNT Dallas,2024,702,
494,UNT Dallas,2024,703,
494,UNT Dallas,2024,704,
494,UNT Dallas,2024,705,
494,UNT Dallas,2024,706,
494,UNT Dallas,2024,707,
494,UNT Dallas,2024,708,
494,UNT Dallas,2024,709,
494,UNT Dallas,2024,710,
494,UNT Dallas,2024,712,
652,Colorado Christian,2024,10279,
652,Colorado Christian,2024,10280,
652,Colorado Christian,2024,10281,
652,Colorado Christian,2024,10282,
652,Colorado Christian,2024,10287,
652,Colorado Christian,2024,10288,
652,Colorado Christian,2024,10289,
652,Colorado Christian,2024,10290,
652,Colorado Christian,2024,10291,
652,Colorado Christian,2024,10292,
652,Colorado Christian,2024,10293,
652,Colorado Christian,2024,10294,
652,Colorado Christian,2024,10295,
652,Colorado Christian,2024,10296,
652,Colorado Christian,2024,10297,
652,Colorado Christian,2024,10298,
652,Colorado Christian,2024,10299,
535,Pfeiffer,2024,3768,
535,Pfeiffer,2024,3769,
535,Pfeiffer,2024,3770,
535,Pfeiffer,2024,3771,
535,Pfeiffer,2024,3772,
535,Pfeiffer,2024,3776,
535,Pfeiffer,2024,3777,
535,Pfeiffer,2024,3782,
535,Pfeiffer,2024,3783,
535,Pfeiffer,2024,3784,
535,Pfeiffer,2024,3785,
535,Pfeiffer,2024,3786,
535,Pfeiffer,2024,3787,
535,Pfeiffer,2024,3788,
535,Pfeiffer,2024,3789,
535,Pfeiffer,2024,3790,
535,Pfeiffer,2024,3791,
535,Pfeiffer,2024,3792,
535,Pfeiffer,2024,3793,
565,Hawai'i Hilo,2024,6481,
565,Hawai'i Hilo,2024,6484,
565,Hawai'i Hilo,2024,6490,
565,Hawai'i Hilo,2024,6492,
565,Hawai'i Hilo,2024,6493,
565,Hawai'i Hilo,2024,6494,
565,Hawai'i Hilo,2024,6495,
565,Hawai'i Hilo,2024,6496,
565,Hawai'i Hilo,2024,6497,
565,Hawai'i Hilo,2024,6498,
565,Hawai'i Hilo,2024,6499,
565,Hawai'i Hilo,2024,6500,
565,Hawai'i Hilo,2024,6501,
565,Hawai'i Hilo,2024,6502,
728,Judson University,2024,12341,
728,Judson University,2024,12342,
728,Judson University,2024,12343,
728,Judson University,2024,12344,
728,Judson University,2024,12345,
728,Judson University,2024,12346,
728,Judson University,2024,12347,
728,Judson University,2024,12348,
728,Judson University,2024,12349,
728,Judson University,2024,12350,
728,Judson University,2024,12351,
728,Judson University,2024,12352,
728,Judson University,2024,12353,
728,Judson University,2024,12354,
728,Judson University,2024,12355,
928,Berea,2024,18915,
928,Berea,2024,18916,
928,Berea,2024,18917,
928,Berea,2024,18918,
928,Berea,2024,18919,
928,Berea,2024,18920,
928,Berea,2024,18921,
928,Berea,2024,18922,
928,Berea,2024,18923,
928,Berea,2024,18924,
928,Berea,2024,18925,
928,Berea,2024,18926,
928,Berea,2024,18927,
928,Berea,2024,18928,
928,Berea,2024,18929,
928,Berea,2024,18930,
928,Berea,2024,18931,
928,Berea,2024,18932,
928,Berea,2024,18933,
928,Berea,2024,18934,
928,Berea,2024,18935,
928,Berea,2024,18936,
928,Berea,2024,18937,
865,Point Park,2024,5924,
865,Point Park,2024,17653,
865,Point Park,2024,17654,
865,Point Park,2024,17655,
865,Point Park,2024,17656,
865,Point Park,2024,17657,
865,Point Park,2024,17658,
865,Point Park,2024,17659,
865,Point Park,2024,17660,
865,Point Park,2024,17661,
865,Point Park,2024,17662,
865,Point Park,2024,17663,
865,Point Park,2024,17664,
809,Manhattanville,2024,14513,
809,Manhattanville,2024,14522,
809,Manhattanville,2024,14530,
809,Manhattanville,2024,14531,
809,Manhattanville,2024,14532,
809,Manhattanville,2024,14533,
809,Manhattanville,2024,14534,
809,Manhattanville,2024,14535,
809,Manhattanville,2024,14536,
809,Manhattanville,2024,14537,
809,Manhattanville,2024,14538,
809,Manhattanville,2024,14539,
809,Manhattanville,2024,14540,
809,Manhattanville,2024,14541,
809,Manhattanville,2024,14542,
809,Manhattanville,2024,14543,
809,Manhattanville,2024,14544,
881,Johnson & Wales (NC),2024,18011,
881,Johnson & Wales (NC),2024,18012,
881,Johnson & Wales (NC),2024,18013,
881,Johnson & Wales (NC),2024,18014,
881,Johnson & Wales (NC),2024,18015,
881,Johnson & Wales (NC),2024,18016,
881,Johnson & Wales (NC),2024,18017,
881,Johnson & Wales (NC),2024,18018,
881,Johnson & Wales (NC),2024,18019,
881,Johnson & Wales (NC),2024,18020,
881,Johnson & Wales (NC),2024,18021,
881,Johnson & Wales (NC),2024,18022,
881,Johnson & Wales (NC),2024,18023,
881,Johnson & Wales (NC),2024,18024,
881,Johnson & Wales (NC),2024,18025,
881,Johnson & Wales (NC),2024,18026,
881,Johnson & Wales (NC),2024,18027,
881,Johnson & Wales (NC),2024,18028,
881,Johnson & Wales (NC),2024,18029,
881,Johnson & Wales (NC),2024,18030,
881,Johnson & Wales (NC),2024,19616,
881,Johnson & Wales (NC),2024,19617,
881,Johnson & Wales (NC),2024,19618,
881,Johnson & Wales (NC),2024,19619,
881,Johnson & Wales (NC),2024,19620,
881,Johnson & Wales (NC),2024,19621,
683,Southern Virginia,2024,11178,
683,Southern Virginia,2024,11179,
683,Southern Virginia,2024,11185,
683,Southern Virginia,2024,11186,
683,Southern Virginia,2024,11187,
683,Southern Virginia,2024,11188,
683,Southern Virginia,2024,11189,
683,Southern Virginia,2024,11195,
683,Southern Virginia,2024,11196,
683,Southern Virginia,2024,11197,
683,Southern Virginia,2024,11198,
683,Southern Virginia,2024,11199,
683,Southern Virginia,2024,11200,
683,Southern Virginia,2024,11201,
683,Southern Virginia,2024,11202,
683,Southern Virginia,2024,11203,
683,Southern Virginia,2024,11204,
683,Southern Virginia,2024,11205,
683,Southern Virginia,2024,11206,
542,Jamestown,2024,4342,
542,Jamestown,2024,4343,
542,Jamestown,2024,4344,
542,Jamestown,2024,4345,
542,Jamestown,2024,4346,
542,Jamestown,2024,4347,
542,Jamestown,2024,4348,
542,Jamestown,2024,4349,
542,Jamestown,2024,4350,
542,Jamestown,2024,4351,
542,Jamestown,2024,4352,
542,Jamestown,2024,4353,
542,Jamestown,2024,4354,
542,Jamestown,2024,4355,
542,Jamestown,2024,4356,
542,Jamestown,2024,4357,
542,Jamestown,2024,4358,
542,Jamestown,2024,4359,
542,Jamestown,2024,4360,
542,Jamestown,2024,4361,
876,University Of Saint Mary,2024,17909,
876,University Of Saint Mary,2024,17910,
876,University Of Saint Mary,2024,17911,
876,University Of Saint Mary,2024,17912,
876,University Of Saint Mary,2024,17913,
876,University Of Saint Mary,2024,17914,
876,University Of Saint Mary,2024,17915,
876,University Of Saint Mary,2024,17916,
876,University Of Saint Mary,2024,17917,
876,University Of Saint Mary,2024,17918,
876,University Of Saint Mary,2024,17919,
876,University Of Saint Mary,2024,17920,
876,University Of Saint Mary,2024,17921,
876,University Of Saint Mary,2024,17922,
876,University Of Saint Mary,2024,17923,
876,University Of Saint Mary,2024,17924,
876,University Of Saint Mary,2024,17925,
876,University Of Saint Mary,2024,17926,
876,University Of Saint Mary,2024,17927,
876,University Of Saint Mary,2024,17928,
876,University Of Saint Mary,2024,17929,
685,Calvary,2024,11244,
685,Calvary,2024,11251,
685,Calvary,2024,11252,
685,Calvary,2024,11253,
685,Calvary,2024,11254,
685,Calvary,2024,11255,
685,Calvary,2024,11256,
685,Calvary,2024,11257,
685,Calvary,2024,11258,
685,Calvary,2024,11259,
685,Calvary,2024,11260,
685,Calvary,2024,11261,
685,Calvary,2024,11262,
699,Johnson University (TN),2024,11593,
699,Johnson University (TN),2024,11594,
699,Johnson University (TN),2024,11600,
699,Johnson University (TN),2024,11601,
699,Johnson University (TN),2024,11602,
699,Johnson University (TN),2024,11603,
699,Johnson University (TN),2024,11604,
699,Johnson University (TN),2024,11605,
699,Johnson University (TN),2024,11606,
699,Johnson University (TN),2024,11607,
699,Johnson University (TN),2024,11608,
699,Johnson University (TN),2024,11609,
699,Johnson University (TN),2024,11610,
699,Johnson University (TN),2024,11611,
699,Johnson University (TN),2024,11612,
699,Johnson University (TN),2024,11613,
699,Johnson University (TN),2024,11614,
699,Johnson University (TN),2024,11615,
699,Johnson University (TN),2024,11616,
585,Massachusetts-Boston,2024,8070,
585,Massachusetts-Boston,2024,8071,
585,Massachusetts-Boston,2024,8076,
585,Massachusetts-Boston,2024,8077,
585,Massachusetts-Boston,2024,8078,
585,Massachusetts-Boston,2024,8079,
585,Massachusetts-Boston,2024,8080,
585,Massachusetts-Boston,2024,8084,
585,Massachusetts-Boston,2024,8085,
585,Massachusetts-Boston,2024,8086,
585,Massachusetts-Boston,2024,8087,
585,Massachusetts-Boston,2024,8088,
585,Massachusetts-Boston,2024,8089,
585,Massachusetts-Boston,2024,8090,
585,Massachusetts-Boston,2024,8091,
585,Massachusetts-Boston,2024,8092,
585,Massachusetts-Boston,2024,8093,
585,Massachusetts-Boston,2024,8094,
514,Dickinson (PA),2024,1910,
514,Dickinson (PA),2024,1911,
514,Dickinson (PA),2024,1913,
514,Dickinson (PA),2024,1915,
514,Dickinson (PA),2024,1918,
762,Ouachita Baptist,2024,13236,
762,Ouachita Baptist,2024,13237,
762,Ouachita Baptist,2024,13239,
762,Ouachita Baptist,2024,13240,
762,Ouachita Baptist,2024,13241,
762,Ouachita Baptist,2024,13242,
762,Ouachita Baptist,2024,13243,
762,Ouachita Baptist,2024,13244,
762,Ouachita Baptist,2024,13245,
762,Ouachita Baptist,2024,13246,
762,Ouachita Baptist,2024,13247,
762,Ouachita Baptist,2024,13248,
762,Ouachita Baptist,2024,13249,
531,LSU Alexandria,2024,3609,
531,LSU Alexandria,2024,3619,
531,LSU Alexandria,2024,3620,
531,LSU Alexandria,2024,3621,
531,LSU Alexandria,2024,3622,
531,LSU Alexandria,2024,3623,
531,LSU Alexandria,2024,3624,
531,LSU Alexandria,2024,3625,
531,LSU Alexandria,2024,3626,
531,LSU Alexandria,2024,3627,
531,LSU Alexandria,2024,3628,
531,LSU Alexandria,2024,3629,
531,LSU Alexandria,2024,3630,
628,Mount Marty College,2024,9672,
628,Mount Marty College,2024,9675,
628,Mount Marty College,2024,9676,
628,Mount Marty College,2024,9679,
628,Mount Marty College,2024,9680,
628,Mount Marty College,2024,9681,
628,Mount Marty College,2024,9682,
628,Mount Marty College,2024,9683,
628,Mount Marty College,2024,9685,
628,Mount Marty College,2024,9686,
628,Mount Marty College,2024,9687,
628,Mount Marty College,2024,9688,
628,Mount Marty College,2024,9689,
628,Mount Marty College,2024,9690,
628,Mount Marty College,2024,9691,
628,Mount Marty College,2024,9692,
628,Mount Marty College,2024,9693,
628,Mount Marty College,2024,9694,
628,Mount Marty College,2024,9695,
628,Mount Marty College,2024,9696,
628,Mount Marty College,2024,9697,
628,Mount Marty College,2024,9698,
628,Mount Marty College,2024,9699,
628,Mount Marty College,2024,9700,
628,Mount Marty College,2024,9701,
628,Mount Marty College,2024,9702,
628,Mount Marty College,2024,9703,
628,Mount Marty College,2024,9704,
628,Mount Marty College,2024,9705,
628,Mount Marty College,2024,9706,
628,Mount Marty College,2024,9707,
628,Mount Marty College,2024,9708,
670,La Sierra,2024,10784,
670,La Sierra,2024,10785,
670,La Sierra,2024,10795,
670,La Sierra,2024,10796,
670,La Sierra,2024,10797,
670,La Sierra,2024,10798,
670,La Sierra,2024,10799,
670,La Sierra,2024,10800,
670,La Sierra,2024,10801,
670,La Sierra,2024,10802,
670,La Sierra,2024,10803,
670,La Sierra,2024,10804,
670,La Sierra,2024,10805,
670,La Sierra,2024,10806,
670,La Sierra,2024,10807,
670,La Sierra,2024,10808,
670,La Sierra,2024,10809,
560,William Carey,2024,6096,
560,William Carey,2024,6097,
560,William Carey,2024,6098,
560,William Carey,2024,6102,
560,William Carey,2024,6103,
560,William Carey,2024,6104,
560,William Carey,2024,6105,
560,William Carey,2024,6106,
560,William Carey,2024,6107,
560,William Carey,2024,6108,
560,William Carey,2024,6109,
560,William Carey,2024,6110,
560,William Carey,2024,6111,
560,William Carey,2024,6112,
545,St. Francis (IL),2024,4451,
545,St. Francis (IL),2024,4452,
545,St. Francis (IL),2024,4454,
545,St. Francis (IL),2024,4455,
545,St. Francis (IL),2024,4457,
545,St. Francis (IL),2024,4458,
545,St. Francis (IL),2024,4459,
545,St. Francis (IL),2024,4460,
545,St. Francis (IL),2024,4465,
545,St. Francis (IL),2024,4466,
545,St. Francis (IL),2024,4467,
545,St. Francis (IL),2024,4468,
545,St. Francis (IL),2024,4469,
545,St. Francis (IL),2024,4470,
545,St. Francis (IL),2024,4471,
545,St. Francis (IL),2024,4472,
545,St. Francis (IL),2024,4473,
545,St. Francis (IL),2024,4474,
545,St. Francis (IL),2024,4475,
545,St. Francis (IL),2024,4476,
545,St. Francis (IL),2024,4477,
545,St. Francis (IL),2024,4478,
545,St. Francis (IL),2024,4479,
545,St. Francis (IL),2024,4480,
545,St. Francis (IL),2024,4481,
545,St. Francis (IL),2024,4482,
545,St. Francis (IL),2024,4483,
545,St. Francis (IL),2024,4484,
545,St. Francis (IL),2024,4485,
545,St. Francis (IL),2024,4486,
545,St. Francis (IL),2024,4487,
545,St. Francis (IL),2024,4488,
940,Mayville State,2024,19132,
940,Mayville State,2024,19133,
940,Mayville State,2024,19134,
940,Mayville State,2024,19135,
940,Mayville State,2024,19136,
940,Mayville State,2024,19137,
940,Mayville State,2024,19138,
940,Mayville State,2024,19139,
940,Mayville State,2024,19140,
940,Mayville State,2024,19141,
940,Mayville State,2024,19142,
940,Mayville State,2024,19143,
940,Mayville State,2024,19144,
940,Mayville State,2024,19145,
940,Mayville State,2024,19146,
940,Mayville State,2024,19147,
940,Mayville State,2024,19148,
940,Mayville State,2024,19149,
940,Mayville State,2024,19150,
940,Mayville State,2024,19151,
697,Mansfield,2024,11550,
697,Mansfield,2024,11551,
697,Mansfield,2024,11552,
697,Mansfield,2024,11553,
697,Mansfield,2024,11554,
697,Mansfield,2024,11555,
697,Mansfield,2024,11556,
697,Mansfield,2024,11557,
697,Mansfield,2024,11558,
697,Mansfield,2024,11559,
697,Mansfield,2024,11560,
697,Mansfield,2024,11561,
697,Mansfield,2024,11562,
697,Mansfield,2024,11563,
697,Mansfield,2024,11564,
697,Mansfield,2024,11565,
553,Dubuque,2024,5284,
553,Dubuque,2024,5288,
553,Dubuque,2024,5300,
553,Dubuque,2024,5301,
553,Dubuque,2024,5302,
553,Dubuque,2024,5303,
553,Dubuque,2024,5304,
553,Dubuque,2024,5305,
553,Dubuque,2024,5306,
553,Dubuque,2024,5307,
553,Dubuque,2024,5308,
553,Dubuque,2024,5309,
553,Dubuque,2024,5310,
553,Dubuque,2024,5311,
553,Dubuque,2024,5312,
553,Dubuque,2024,5313,
553,Dubuque,2024,5314,
553,Dubuque,2024,5315,
553,Dubuque,2024,5316,
553,Dubuque,2024,5317,
553,Dubuque,2024,5318,
553,Dubuque,2024,5319,
553,Dubuque,2024,5320,
553,Dubuque,2024,5321,
553,Dubuque,2024,5322,
831,Spalding,2024,15423,
831,Spalding,2024,15424,
831,Spalding,2024,15425,
831,Spalding,2024,15426,
831,Spalding,2024,15427,
831,Spalding,2024,15428,
831,Spalding,2024,15429,
831,Spalding,2024,15430,
831,Spalding,2024,15431,
831,Spalding,2024,15432,
831,Spalding,2024,15433,
831,Spalding,2024,15434,
831,Spalding,2024,15435,
831,Spalding,2024,15436,
831,Spalding,2024,15437,
831,Spalding,2024,15438,
831,Spalding,2024,18676,
831,Spalding,2024,18677,
831,Spalding,2024,18678,
831,Spalding,2024,18679,
831,Spalding,2024,18680,
831,Spalding,2024,18681,
811,Waldorf College,2024,14576,
811,Waldorf College,2024,14577,
811,Waldorf College,2024,14578,
811,Waldorf College,2024,14581,
811,Waldorf College,2024,14582,
811,Waldorf College,2024,14583,
811,Waldorf College,2024,14586,
811,Waldorf College,2024,14587,
811,Waldorf College,2024,14588,
811,Waldorf College,2024,14589,
811,Waldorf College,2024,14590,
811,Waldorf College,2024,14591,
811,Waldorf College,2024,14592,
811,Waldorf College,2024,14593,
811,Waldorf College,2024,14594,
811,Waldorf College,2024,14595,
811,Waldorf College,2024,14596,
811,Waldorf College,2024,14597,
605,Evergreen State,2024,8983,
605,Evergreen State,2024,8984,
605,Evergreen State,2024,8985,
605,Evergreen State,2024,8986,
605,Evergreen State,2024,8987,
605,Evergreen State,2024,8988,
605,Evergreen State,2024,8989,
605,Evergreen State,2024,8990,
605,Evergreen State,2024,8991,
605,Evergreen State,2024,8992,
605,Evergreen State,2024,8993,
605,Evergreen State,2024,8994,
605,Evergreen State,2024,8995,
605,Evergreen State,2024,8996,
587,St. Andrews,2024,8206,
587,St. Andrews,2024,8207,
587,St. Andrews,2024,8208,
587,St. Andrews,2024,8216,
587,St. Andrews,2024,8218,
587,St. Andrews,2024,8219,
587,St. Andrews,2024,8220,
587,St. Andrews,2024,8221,
587,St. Andrews,2024,8222,
587,St. Andrews,2024,8223,
587,St. Andrews,2024,8224,
587,St. Andrews,2024,8225,
587,St. Andrews,2024,8226,
587,St. Andrews,2024,8227,
587,St. Andrews,2024,8228,
587,St. Andrews,2024,8229,
587,St. Andrews,2024,8230,
587,St. Andrews,2024,8231,
587,St. Andrews,2024,8232,
604,Wayland Baptist,2024,8944,
604,Wayland Baptist,2024,8945,
604,Wayland Baptist,2024,8946,
604,Wayland Baptist,2024,8947,
604,Wayland Baptist,2024,8948,
604,Wayland Baptist,2024,8949,
604,Wayland Baptist,2024,8950,
604,Wayland Baptist,2024,8951,
604,Wayland Baptist,2024,8952,
604,Wayland Baptist,2024,8953,
604,Wayland Baptist,2024,8954,
604,Wayland Baptist,2024,8955,
604,Wayland Baptist,2024,8956,
604,Wayland Baptist,2024,8957,
604,Wayland Baptist,2024,8958,
604,Wayland Baptist,2024,8959,
604,Wayland Baptist,2024,8960,
604,Wayland Baptist,2024,8961,
604,Wayland Baptist,2024,8962,
604,Wayland Baptist,2024,8963,
604,Wayland Baptist,2024,8964,
604,Wayland Baptist,2024,8965,
604,Wayland Baptist,2024,8966,
842,Carroll (MT),2024,6689,
842,Carroll (MT),2024,15913,
842,Carroll (MT),2024,15914,
842,Carroll (MT),2024,15915,
842,Carroll (MT),2024,15916,
842,Carroll (MT),2024,15917,
842,Carroll (MT),2024,15918,
842,Carroll (MT),2024,15919,
842,Carroll (MT),2024,15920,
842,Carroll (MT),2024,15921,
842,Carroll (MT),2024,15922,
842,Carroll (MT),2024,15923,
842,Carroll (MT),2024,15924,
842,Carroll (MT),2024,15925,
842,Carroll (MT),2024,15926,
842,Carroll (MT),2024,15927,
842,Carroll (MT),2024,15928,
961,Northwood (MI),2024,19574,
961,Northwood (MI),2024,19575,
961,Northwood (MI),2024,19576,
961,Northwood (MI),2024,19577,
961,Northwood (MI),2024,19578,
961,Northwood (MI),2024,19579,
961,Northwood (MI),2024,19580,
961,Northwood (MI),2024,19581,
961,Northwood (MI),2024,19582,
961,Northwood (MI),2024,19583,
961,Northwood (MI),2024,19584,
961,Northwood (MI),2024,19585,
961,Northwood (MI),2024,19586,
961,Northwood (MI),2024,19587,
639,Dickinson State (ND),2024,9970,
639,Dickinson State (ND),2024,9976,
639,Dickinson State (ND),2024,9977,
639,Dickinson State (ND),2024,9980,
639,Dickinson State (ND),2024,9981,
639,Dickinson State (ND),2024,9982,
639,Dickinson State (ND),2024,9983,
639,Dickinson State (ND),2024,9984,
639,Dickinson State (ND),2024,9985,
639,Dickinson State (ND),2024,9986,
639,Dickinson State (ND),2024,9987,
639,Dickinson State (ND),2024,9988,
639,Dickinson State (ND),2024,9989,
639,Dickinson State (ND),2024,9990,
639,Dickinson State (ND),2024,9991,
511,Cleary University,2024,1777,
511,Cleary University,2024,1778,
511,Cleary University,2024,1779,
511,Cleary University,2024,1780,
511,Cleary University,2024,1783,
511,Cleary University,2024,1784,
511,Cleary University,2024,1785,
511,Cleary University,2024,1786,
511,Cleary University,2024,1791,
511,Cleary University,2024,1792,
511,Cleary University,2024,1793,
511,Cleary University,2024,1794,
511,Cleary University,2024,1795,
511,Cleary University,2024,1796,
506,Alice Lloyd College,2024,1540,
506,Alice Lloyd College,2024,1541,
506,Alice Lloyd College,2024,1542,
506,Alice Lloyd College,2024,1543,
506,Alice Lloyd College,2024,1544,
506,Alice Lloyd College,2024,1549,
506,Alice Lloyd College,2024,1550,
506,Alice Lloyd College,2024,1551,
506,Alice Lloyd College,2024,1552,
506,Alice Lloyd College,2024,1553,
506,Alice Lloyd College,2024,1554,
506,Alice Lloyd College,2024,1555,
506,Alice Lloyd College,2024,1556,
506,Alice Lloyd College,2024,1557,
506,Alice Lloyd College,2024,1558,
506,Alice Lloyd College,2024,1559,
968,Mount Saint Vincent,2024,19718,
968,Mount Saint Vincent,2024,19719,
968,Mount Saint Vincent,2024,19720,
968,Mount Saint Vincent,2024,19721,
968,Mount Saint Vincent,2024,19722,
968,Mount Saint Vincent,2024,19723,
968,Mount Saint Vincent,2024,19724,
968,Mount Saint Vincent,2024,19725,
968,Mount Saint Vincent,2024,19726,
968,Mount Saint Vincent,2024,19727,
968,Mount Saint Vincent,2024,19728,
968,Mount Saint Vincent,2024,19729,
968,Mount Saint Vincent,2024,19730,
968,Mount Saint Vincent,2024,19731,
968,Mount Saint Vincent,2024,19732,
968,Mount Saint Vincent,2024,19733,
922,SUNY-Potsdam,2024,18806,
922,SUNY-Potsdam,2024,18807,
922,SUNY-Potsdam,2024,18808,
922,SUNY-Potsdam,2024,18809,
922,SUNY-Potsdam,2024,18810,
922,SUNY-Potsdam,2024,18811,
922,SUNY-Potsdam,2024,18812,
922,SUNY-Potsdam,2024,18813,
922,SUNY-Potsdam,2024,18814,
922,SUNY-Potsdam,2024,18815,
922,SUNY-Potsdam,2024,18816,
922,SUNY-Potsdam,2024,18817,
922,SUNY-Potsdam,2024,18818,
922,SUNY-Potsdam,2024,18819,
922,SUNY-Potsdam,2024,18820,
922,SUNY-Potsdam,2024,18821,
742,Arlington Baptist,2024,12706,
742,Arlington Baptist,2024,12707,
742,Arlington Baptist,2024,12708,
742,Arlington Baptist,2024,12709,
742,Arlington Baptist,2024,12714,
742,Arlington Baptist,2024,12715,
742,Arlington Baptist,2024,12716,
742,Arlington Baptist,2024,12717,
742,Arlington Baptist,2024,12718,
742,Arlington Baptist,2024,12719,
742,Arlington Baptist,2024,12720,
742,Arlington Baptist,2024,12721,
742,Arlington Baptist,2024,12722,
742,Arlington Baptist,2024,12723,
742,Arlington Baptist,2024,12724,
742,Arlington Baptist,2024,12725,
742,Arlington Baptist,2024,12726,
742,Arlington Baptist,2024,12727,
742,Arlington Baptist,2024,12728,
742,Arlington Baptist,2024,12729,
742,Arlington Baptist,2024,12730,
724,Nazareth College,2024,12228,
724,Nazareth College,2024,12229,
724,Nazareth College,2024,12230,
724,Nazareth College,2024,12231,
724,Nazareth College,2024,12232,
724,Nazareth College,2024,12233,
724,Nazareth College,2024,12234,
724,Nazareth College,2024,12235,
724,Nazareth College,2024,12236,
724,Nazareth College,2024,12237,
724,Nazareth College,2024,12238,
724,Nazareth College,2024,12239,
724,Nazareth College,2024,12240,
724,Nazareth College,2024,12241,
724,Nazareth College,2024,12242,
724,Nazareth College,2024,12243,
724,Nazareth College,2024,12244,
724,Nazareth College,2024,12245,
724,Nazareth College,2024,12246,
724,Nazareth College,2024,12247,
724,Nazareth College,2024,12248,
724,Nazareth College,2024,12249,
788,Franciscan University,2024,13967,
788,Franciscan University,2024,13968,
788,Franciscan University,2024,13969,
788,Franciscan University,2024,13970,
788,Franciscan University,2024,13971,
788,Franciscan University,2024,13979,
788,Franciscan University,2024,13980,
788,Franciscan University,2024,13981,
788,Franciscan University,2024,13982,
788,Franciscan University,2024,13983,
788,Franciscan University,2024,13984,
788,Franciscan University,2024,13985,
788,Franciscan University,2024,13986,
788,Franciscan University,2024,13987,
788,Franciscan University,2024,13988,
788,Franciscan University,2024,13989,
788,Franciscan University,2024,13990,
788,Franciscan University,2024,13991,
788,Franciscan University,2024,13992,
788,Franciscan University,2024,13993,
826,Medgar Evers,2024,15058,
826,Medgar Evers,2024,15059,
826,Medgar Evers,2024,15066,
826,Medgar Evers,2024,15067,
826,Medgar Evers,2024,15068,
826,Medgar Evers,2024,15071,
826,Medgar Evers,2024,15072,
826,Medgar Evers,2024,15073,
826,Medgar Evers,2024,15074,
826,Medgar Evers,2024,15075,
826,Medgar Evers,2024,15076,
826,Medgar Evers,2024,15077,
826,Medgar Evers,2024,15078,
826,Medgar Evers,2024,15079,
826,Medgar Evers,2024,15080,
826,Medgar Evers,2024,15081,
849,Southwestern Assemblies of God,2024,16768,
849,Southwestern Assemblies of God,2024,16769,
849,Southwestern Assemblies of God,2024,16770,
849,Southwestern Assemblies of God,2024,16771,
849,Southwestern Assemblies of God,2024,16772,
849,Southwestern Assemblies of God,2024,16773,
849,Southwestern Assemblies of God,2024,16774,
849,Southwestern Assemblies of God,2024,16775,
849,Southwestern Assemblies of God,2024,16776,
849,Southwestern Assemblies of God,2024,16777,
849,Southwestern Assemblies of God,2024,16778,
849,Southwestern Assemblies of God,2024,16779,
849,Southwestern Assemblies of God,2024,16780,
849,Southwestern Assemblies of God,2024,16781,
849,Southwestern Assemblies of God,2024,16782,
849,Southwestern Assemblies of God,2024,16783,
849,Southwestern Assemblies of God,2024,16784,
849,Southwestern Assemblies of God,2024,16785,
849,Southwestern Assemblies of God,2024,16786,
849,Southwestern Assemblies of God,2024,16787,
849,Southwestern Assemblies of God,2024,16788,
849,Southwestern Assemblies of God,2024,16789,
849,Southwestern Assemblies of God,2024,16790,
849,Southwestern Assemblies of God,2024,16791,
849,Southwestern Assemblies of God,2024,16792,2023-01-24
764,Montana Tech,2024,13282,
764,Montana Tech,2024,13283,
764,Montana Tech,2024,13284,
764,Montana Tech,2024,13285,
764,Montana Tech,2024,13286,
764,Montana Tech,2024,13289,
764,Montana Tech,2024,13290,
764,Montana Tech,2024,13291,
764,Montana Tech,2024,13294,
764,Montana Tech,2024,13295,
764,Montana Tech,2024,13296,
764,Montana Tech,2024,13297,
764,Montana Tech,2024,13298,
764,Montana Tech,2024,13299,
764,Montana Tech,2024,13300,
764,Montana Tech,2024,13301,
764,Montana Tech,2024,13302,
764,Montana Tech,2024,13303,
764,Montana Tech,2024,13304,
764,Montana Tech,2024,13305,
764,Montana Tech,2024,13306,
845,Warner Pacific,2024,16452,
845,Warner Pacific,2024,16453,
845,Warner Pacific,2024,16454,
845,Warner Pacific,2024,16455,
845,Warner Pacific,2024,16456,
845,Warner Pacific,2024,16457,
845,Warner Pacific,2024,16458,
845,Warner Pacific,2024,16459,
845,Warner Pacific,2024,16460,
845,Warner Pacific,2024,16461,
845,Warner Pacific,2024,16462,
845,Warner Pacific,2024,16463,
845,Warner Pacific,2024,16464,
845,Warner Pacific,2024,16465,
552,Avila,2024,5245,
552,Avila,2024,5246,
552,Avila,2024,5247,
552,Avila,2024,5251,
552,Avila,2024,5252,
552,Avila,2024,5254,
552,Avila,2024,5255,
552,Avila,2024,5256,
552,Avila,2024,5257,
552,Avila,2024,5258,
552,Avila,2024,5259,
552,Avila,2024,5260,
552,Avila,2024,5261,
552,Avila,2024,5262,
552,Avila,2024,5263,
552,Avila,2024,5264,
552,Avila,2024,5265,
552,Avila,2024,5266,
552,Avila,2024,5267,
552,Avila,2024,5268,
521,Trinity Baptist,2024,2254,
521,Trinity Baptist,2024,2255,
521,Trinity Baptist,2024,2256,
521,Trinity Baptist,2024,2257,
521,Trinity Baptist,2024,2265,
521,Trinity Baptist,2024,2266,
521,Trinity Baptist,2024,2267,
521,Trinity Baptist,2024,2268,
521,Trinity Baptist,2024,2273,
521,Trinity Baptist,2024,2274,
521,Trinity Baptist,2024,2275,
521,Trinity Baptist,2024,2276,
521,Trinity Baptist,2024,2277,
521,Trinity Baptist,2024,2278,
521,Trinity Baptist,2024,2279,
521,Trinity Baptist,2024,2280,
521,Trinity Baptist,2024,2281,
521,Trinity Baptist,2024,2282,
521,Trinity Baptist,2024,2283,
715,Rogers State,2024,12016,
715,Rogers State,2024,12017,
715,Rogers State,2024,12018,
715,Rogers State,2024,12027,
715,Rogers State,2024,12028,
715,Rogers State,2024,12029,
715,Rogers State,2024,12030,
794,Kentucky Wesleyan,2024,14109,
794,Kentucky Wesleyan,2024,14110,
794,Kentucky Wesleyan,2024,14111,
794,Kentucky Wesleyan,2024,14115,
794,Kentucky Wesleyan,2024,14116,
794,Kentucky Wesleyan,2024,14117,
794,Kentucky Wesleyan,2024,14118,
794,Kentucky Wesleyan,2024,14119,
794,Kentucky Wesleyan,2024,14122,
794,Kentucky Wesleyan,2024,14123,
794,Kentucky Wesleyan,2024,14124,
794,Kentucky Wesleyan,2024,14125,
794,Kentucky Wesleyan,2024,14126,
794,Kentucky Wesleyan,2024,14127,
607,Southwestern (TX),2024,9027,
607,Southwestern (TX),2024,9028,
607,Southwestern (TX),2024,9039,
607,Southwestern (TX),2024,9040,
607,Southwestern (TX),2024,9043,
607,Southwestern (TX),2024,9044,
607,Southwestern (TX),2024,9045,
607,Southwestern (TX),2024,9046,
607,Southwestern (TX),2024,9047,
607,Southwestern (TX),2024,9048,
607,Southwestern (TX),2024,9049,
607,Southwestern (TX),2024,9050,
607,Southwestern (TX),2024,9051,
607,Southwestern (TX),2024,9052,
607,Southwestern (TX),2024,9053,
607,Southwestern (TX),2024,9054,
607,Southwestern (TX),2024,9055,
607,Southwestern (TX),2024,9056,
607,Southwestern (TX),2024,9057,
607,Southwestern (TX),2024,9058,
607,Southwestern (TX),2024,9059,
607,Southwestern (TX),2024,9060,
607,Southwestern (TX),2024,9061,
607,Southwestern (TX),2024,9062,
932,Northwest Nazarene,2024,18988,
932,Northwest Nazarene,2024,18989,
932,Northwest Nazarene,2024,18990,
932,Northwest Nazarene,2024,18991,
932,Northwest Nazarene,2024,18992,
932,Northwest Nazarene,2024,18993,
932,Northwest Nazarene,2024,18994,
932,Northwest Nazarene,2024,18995,
932,Northwest Nazarene,2024,18996,
932,Northwest Nazarene,2024,18997,
932,Northwest Nazarene,2024,18998,
932,Northwest Nazarene,2024,18999,
932,Northwest Nazarene,2024,19000,
932,Northwest Nazarene,2024,19001,
932,Northwest Nazarene,2024,19002,
932,Northwest Nazarene,2024,19003,
932,Northwest Nazarene,2024,19004,
932,Northwest Nazarene,2024,19005,
932,Northwest Nazarene,2024,19006,
932,Northwest Nazarene,2024,19007,
932,Northwest Nazarene,2024,19008,
932,Northwest Nazarene,2024,19009,
932,Northwest Nazarene,2024,19010,
932,Northwest Nazarene,2024,19011,
932,Northwest Nazarene,2024,19012,
932,Northwest Nazarene,2024,19013,
509,Defiance,2024,1677,
509,Defiance,2024,1678,
509,Defiance,2024,1687,
509,Defiance,2024,1688,
509,Defiance,2024,1689,
509,Defiance,2024,1690,
509,Defiance,2024,1693,
509,Defiance,2024,1694,
509,Defiance,2024,1695,
509,Defiance,2024,1696,
509,Defiance,2024,1697,
509,Defiance,2024,1698,
509,Defiance,2024,1699,
509,Defiance,2024,1700,
509,Defiance,2024,1701,
509,Defiance,2024,1702,
509,Defiance,2024,1703,
509,Defiance,2024,1704,
509,Defiance,2024,1705,
509,Defiance,2024,1706,
509,Defiance,2024,1707,
509,Defiance,2024,1708,
509,Defiance,2024,1709,
509,Defiance,2024,1710,
509,Defiance,2024,1711,
509,Defiance,2024,1712,
509,Defiance,2024,1713,
509,Defiance,2024,1714,
509,Defiance,2024,1715,
509,Defiance,2024,1716,
509,Defiance,2024,1717,
509,Defiance,2024,1718,
509,Defiance,2024,1719,
516,Mid-Atlantic Christian,2024,1997,
516,Mid-Atlantic Christian,2024,2005,
516,Mid-Atlantic Christian,2024,2007,
516,Mid-Atlantic Christian,2024,2008,
516,Mid-Atlantic Christian,2024,2009,
516,Mid-Atlantic Christian,2024,2010,
516,Mid-Atlantic Christian,2024,2011,
516,Mid-Atlantic Christian,2024,2012,
516,Mid-Atlantic Christian,2024,2013,
516,Mid-Atlantic Christian,2024,2014,
516,Mid-Atlantic Christian,2024,2015,
516,Mid-Atlantic Christian,2024,2016,
516,Mid-Atlantic Christian,2024,2017,
516,Mid-Atlantic Christian,2024,2018,
516,Mid-Atlantic Christian,2024,2019,
516,Mid-Atlantic Christian,2024,2020,
580,Ohio Christian,2024,7915,
580,Ohio Christian,2024,7918,
580,Ohio Christian,2024,7926,
580,Ohio Christian,2024,7927,
580,Ohio Christian,2024,7928,
580,Ohio Christian,2024,7929,
580,Ohio Christian,2024,7930,
580,Ohio Christian,2024,7931,
580,Ohio Christian,2024,7932,
580,Ohio Christian,2024,7933,
580,Ohio Christian,2024,7934,
580,Ohio Christian,2024,7935,
580,Ohio Christian,2024,7936,
580,Ohio Christian,2024,7937,
580,Ohio Christian,2024,7938,
580,Ohio Christian,2024,7939,
580,Ohio Christian,2024,7940,
580,Ohio Christian,2024,7941,
580,Ohio Christian,2024,7942,
580,Ohio Christian,2024,7943,
580,Ohio Christian,2024,7944,
580,Ohio Christian,2024,7945,
580,Ohio Christian,2024,7946,
580,Ohio Christian,2024,7947,
580,Ohio Christian,2024,7948,
720,Northern New Mexico,2024,12109,
720,Northern New Mexico,2024,12110,
720,Northern New Mexico,2024,12111,
720,Northern New Mexico,2024,12112,
720,Northern New Mexico,2024,12113,
720,Northern New Mexico,2024,12118,
720,Northern New Mexico,2024,12119,
720,Northern New Mexico,2024,12120,
720,Northern New Mexico,2024,12121,
720,Northern New Mexico,2024,12122,
720,Northern New Mexico,2024,12123,
720,Northern New Mexico,2024,12126,
720,Northern New Mexico,2024,12127,
720,Northern New Mexico,2024,12128,
720,Northern New Mexico,2024,12129,
720,Northern New Mexico,2024,12130,
720,Northern New Mexico,2024,12131,
720,Northern New Mexico,2024,12132,
720,Northern New Mexico,2024,12133,
720,Northern New Mexico,2024,12134,
720,Northern New Mexico,2024,12135,
720,Northern New Mexico,2024,12136,
720,Northern New Mexico,2024,12137,
840,Covenant,2024,5701,
840,Covenant,2024,15771,
840,Covenant,2024,15772,
840,Covenant,2024,15773,
840,Covenant,2024,15774,
840,Covenant,2024,15775,
840,Covenant,2024,15776,
840,Covenant,2024,15777,
840,Covenant,2024,15778,
840,Covenant,2024,15779,
840,Covenant,2024,15780,
840,Covenant,2024,15781,
840,Covenant,2024,15782,
840,Covenant,2024,15783,
840,Covenant,2024,15784,
840,Covenant,2024,15785,
840,Covenant,2024,15786,
840,Covenant,2024,15787,
840,Covenant,2024,15788,
769,SUNY Delhi,2024,13412,
769,SUNY Delhi,2024,13413,
769,SUNY Delhi,2024,13414,
769,SUNY Delhi,2024,13415,
769,SUNY Delhi,2024,13423,
769,SUNY Delhi,2024,13424,
769,SUNY Delhi,2024,13425,
769,SUNY Delhi,2024,13426,
769,SUNY Delhi,2024,13427,
769,SUNY Delhi,2024,13428,
769,SUNY Delhi,2024,13429,
769,SUNY Delhi,2024,13430,
769,SUNY Delhi,2024,13431,
769,SUNY Delhi,2024,13432,
769,SUNY Delhi,2024,13433,
769,SUNY Delhi,2024,13434,
769,SUNY Delhi,2024,13435,
564,New Mexico Highlands,2024,6349,
564,New Mexico Highlands,2024,6356,
564,New Mexico Highlands,2024,6357,
564,New Mexico Highlands,2024,6358,
564,New Mexico Highlands,2024,6360,
564,New Mexico Highlands,2024,6361,
564,New Mexico Highlands,2024,6362,
564,New Mexico Highlands,2024,6363,
564,New Mexico Highlands,2024,6364,
564,New Mexico Highlands,2024,6365,
564,New Mexico Highlands,2024,6366,
564,New Mexico Highlands,2024,6367,
564,New Mexico Highlands,2024,6368,
564,New Mexico Highlands,2024,6369,
564,New Mexico Highlands,2024,6370,
564,New Mexico Highlands,2024,6371,
564,New Mexico Highlands,2024,6372,
564,New Mexico Highlands,2024,6373,
904,D'Youville,2024,18488,
904,D'Youville,2024,18489,
904,D'Youville,2024,18490,
904,D'Youville,2024,18491,
904,D'Youville,2024,18492,
904,D'Youville,2024,18493,
904,D'Youville,2024,18494,
904,D'Youville,2024,18495,
904,D'Youville,2024,18496,
904,D'Youville,2024,18497,
904,D'Youville,2024,18498,
904,D'Youville,2024,18499,
904,D'Youville,2024,18500,
904,D'Youville,2024,18501,
904,D'Youville,2024,18502,
858,UC Merced,2024,17443,
858,UC Merced,2024,17444,
858,UC Merced,2024,17445,
858,UC Merced,2024,17446,
858,UC Merced,2024,17447,
858,UC Merced,2024,17448,
858,UC Merced,2024,17449,
858,UC Merced,2024,17450,
858,UC Merced,2024,17451,
858,UC Merced,2024,17452,
858,UC Merced,2024,17453,
858,UC Merced,2024,17454,
858,UC Merced,2024,17455,
858,UC Merced,2024,17456,
858,UC Merced,2024,17457,
858,UC Merced,2024,17458,
858,UC Merced,2024,17459,
858,UC Merced,2024,17460,
858,UC Merced,2024,17461,
766,Cumberland (KY),2024,13335,
766,Cumberland (KY),2024,13336,
766,Cumberland (KY),2024,13337,
766,Cumberland (KY),2024,13338,
766,Cumberland (KY),2024,13341,
766,Cumberland (KY),2024,13342,
766,Cumberland (KY),2024,13343,
766,Cumberland (KY),2024,13344,
766,Cumberland (KY),2024,13345,
766,Cumberland (KY),2024,13347,
766,Cumberland (KY),2024,13348,
766,Cumberland (KY),2024,13349,
766,Cumberland (KY),2024,13350,
680,Haskell,2024,11076,
680,Haskell,2024,11083,
680,Haskell,2024,11084,
680,Haskell,2024,11085,
680,Haskell,2024,11086,
680,Haskell,2024,11087,
680,Haskell,2024,11088,
680,Haskell,2024,11089,
680,Haskell,2024,11090,
680,Haskell,2024,11091,
680,Haskell,2024,11092,
680,Haskell,2024,11093,
680,Haskell,2024,11094,
680,Haskell,2024,11095,
680,Haskell,2024,11096,
680,Haskell,2024,11097,
680,Haskell,2024,11098,
680,Haskell,2024,11099,
680,Haskell,2024,11100,
680,Haskell,2024,11101,
810,Regis,2024,14548,
810,Regis,2024,14549,
810,Regis,2024,14559,
810,Regis,2024,14560,
810,Regis,2024,14562,
810,Regis,2024,14563,
810,Regis,2024,14564,
810,Regis,2024,14565,
810,Regis,2024,14566,
810,Regis,2024,14567,
810,Regis,2024,14568,
810,Regis,2024,14569,
810,Regis,2024,14570,
810,Regis,2024,14571,
810,Regis,2024,14572,
810,Regis,2024,14573,
857,Vanguard,2024,17412,
857,Vanguard,2024,17413,
857,Vanguard,2024,17414,
857,Vanguard,2024,17415,
857,Vanguard,2024,17416,
857,Vanguard,2024,17417,
857,Vanguard,2024,17418,
857,Vanguard,2024,17419,
857,Vanguard,2024,17420,
857,Vanguard,2024,17421,
857,Vanguard,2024,17422,
857,Vanguard,2024,17423,
857,Vanguard,2024,17424,
857,Vanguard,2024,17425,
857,Vanguard,2024,17426,
857,Vanguard,2024,17427,
857,Vanguard,2024,17428,
528,New College (FL),2024,3154,
528,New College (FL),2024,3155,
528,New College (FL),2024,3158,
528,New College (FL),2024,3159,
528,New College (FL),2024,3160,
528,New College (FL),2024,3161,
528,New College (FL),2024,3162,
528,New College (FL),2024,3163,
528,New College (FL),2024,3164,
528,New College (FL),2024,3165,
528,New College (FL),2024,3166,
528,New College (FL),2024,3167,
528,New College (FL),2024,3168,
528,New College (FL),2024,3169,
528,New College (FL),2024,3170,
528,New College (FL),2024,3171,
528,New College (FL),2024,3172,
528,New College (FL),2024,3173,
528,New College (FL),2024,3174,
814,Asbury,2024,14692,
814,Asbury,2024,14693,
814,Asbury,2024,14694,
814,Asbury,2024,14695,
814,Asbury,2024,14696,
814,Asbury,2024,14698,
814,Asbury,2024,14699,
814,Asbury,2024,14700,
814,Asbury,2024,14701,
814,Asbury,2024,14702,
814,Asbury,2024,14703,
814,Asbury,2024,14704,
814,Asbury,2024,14710,
814,Asbury,2024,14711,
814,Asbury,2024,14712,
814,Asbury,2024,14713,
814,Asbury,2024,14714,
814,Asbury,2024,14715,
814,Asbury,2024,14716,
814,Asbury,2024,14717,
814,Asbury,2024,14718,
814,Asbury,2024,14719,
814,Asbury,2024,14720,
814,Asbury,2024,14721,
814,Asbury,2024,14722,
814,Asbury,2024,14723,
814,Asbury,2024,14724,
814,Asbury,2024,14725,
814,Asbury,2024,14726,
960,E. New Mexico,2024,19559,
960,E. New Mexico,2024,19560,
960,E. New Mexico,2024,19561,
960,E. New Mexico,2024,19562,
960,E. New Mexico,2024,19563,
960,E. New Mexico,2024,19564,
960,E. New Mexico,2024,19565,
960,E. New Mexico,2024,19566,
960,E. New Mexico,2024,19567,
960,E. New Mexico,2024,19568,
960,E. New Mexico,2024,19569,
960,E. New Mexico,2024,19570,
960,E. New Mexico,2024,19571,
960,E. New Mexico,2024,19572,
960,E. New Mexico,2024,19573,
544,Western Colorado,2024,4416,
544,Western Colorado,2024,4417,
544,Western Colorado,2024,4418,
544,Western Colorado,2024,4419,
544,Western Colorado,2024,4421,
544,Western Colorado,2024,4422,
544,Western Colorado,2024,4423,
544,Western Colorado,2024,4424,
544,Western Colorado,2024,4426,
544,Western Colorado,2024,4427,
544,Western Colorado,2024,4428,
544,Western Colorado,2024,4429,
544,Western Colorado,2024,4430,
544,Western Colorado,2024,4431,
544,Western Colorado,2024,4432,
544,Western Colorado,2024,4433,
791,Brewton-Parker,2024,14042,
791,Brewton-Parker,2024,14043,
791,Brewton-Parker,2024,14044,
791,Brewton-Parker,2024,14045,
791,Brewton-Parker,2024,14052,
791,Brewton-Parker,2024,14053,
791,Brewton-Parker,2024,14054,
791,Brewton-Parker,2024,14055,
791,Brewton-Parker,2024,14056,
791,Brewton-Parker,2024,14057,
791,Brewton-Parker,2024,14058,
791,Brewton-Parker,2024,14059,
791,Brewton-Parker,2024,14060,
791,Brewton-Parker,2024,14061,
791,Brewton-Parker,2024,14062,
791,Brewton-Parker,2024,14063,
791,Brewton-Parker,2024,14064,
791,Brewton-Parker,2024,14065,
791,Brewton-Parker,2024,14066,
791,Brewton-Parker,2024,14067,
791,Brewton-Parker,2024,14068,
929,Bethel (IN),2024,18938,
929,Bethel (IN),2024,18939,
929,Bethel (IN),2024,18940,
929,Bethel (IN),2024,18941,
929,Bethel (IN),2024,18942,
929,Bethel (IN),2024,18943,
929,Bethel (IN),2024,18944,
929,Bethel (IN),2024,18945,
929,Bethel (IN),2024,18946,
929,Bethel (IN),2024,18947,
929,Bethel (IN),2024,18948,
929,Bethel (IN),2024,18949,
929,Bethel (IN),2024,18950,
929,Bethel (IN),2024,18951,
929,Bethel (IN),2024,18952,
890,Westfield State,2024,18202,
890,Westfield State,2024,18203,
890,Westfield State,2024,18204,
890,Westfield State,2024,18205,
890,Westfield State,2024,18206,
890,Westfield State,2024,18207,
890,Westfield State,2024,18208,
890,Westfield State,2024,18209,
890,Westfield State,2024,18210,
890,Westfield State,2024,18211,
890,Westfield State,2024,18212,
890,Westfield State,2024,18213,
890,Westfield State,2024,18214,
890,Westfield State,2024,18215,
890,Westfield State,2024,18216,
890,Westfield State,2024,18217,
890,Westfield State,2024,18218,
890,Westfield State,2024,18219,
890,Westfield State,2024,18220,
890,Westfield State,2024,18221,
890,Westfield State,2024,18222,
562,North Central (MN),2024,6252,
562,North Central (MN),2024,6253,
562,North Central (MN),2024,6254,
562,North Central (MN),2024,6259,
562,North Central (MN),2024,6260,
562,North Central (MN),2024,6261,
562,North Central (MN),2024,6262,
562,North Central (MN),2024,6263,
562,North Central (MN),2024,6264,
562,North Central (MN),2024,6265,
562,North Central (MN),2024,6271,
562,North Central (MN),2024,6272,
562,North Central (MN),2024,6273,
562,North Central (MN),2024,6274,
562,North Central (MN),2024,6275,
562,North Central (MN),2024,6276,
562,North Central (MN),2024,6277,
562,North Central (MN),2024,6278,
562,North Central (MN),2024,6279,
562,North Central (MN),2024,6280,
562,North Central (MN),2024,6281,
562,North Central (MN),2024,6282,
562,North Central (MN),2024,6283,
780,Whittier,2024,13743,
780,Whittier,2024,13744,
780,Whittier,2024,13745,
780,Whittier,2024,13750,
780,Whittier,2024,13751,
780,Whittier,2024,13755,
780,Whittier,2024,13756,
780,Whittier,2024,13757,
780,Whittier,2024,13758,
780,Whittier,2024,13759,
780,Whittier,2024,13760,
906,Northland,2024,18517,
906,Northland,2024,18518,
906,Northland,2024,18519,
906,Northland,2024,18520,
906,Northland,2024,18521,
906,Northland,2024,18522,
906,Northland,2024,18523,
906,Northland,2024,18524,
906,Northland,2024,18525,
906,Northland,2024,18526,
906,Northland,2024,18527,
906,Northland,2024,18528,
906,Northland,2024,18529,
906,Northland,2024,18530,
906,Northland,2024,18531,
906,Northland,2024,18532,
945,Montevallo,2024,5720,
945,Montevallo,2024,7633,
945,Montevallo,2024,19240,
945,Montevallo,2024,19241,
945,Montevallo,2024,19242,
945,Montevallo,2024,19243,
945,Montevallo,2024,19244,
945,Montevallo,2024,19245,
945,Montevallo,2024,19246,
945,Montevallo,2024,19247,
945,Montevallo,2024,19248,
945,Montevallo,2024,19249,
945,Montevallo,2024,19250,
945,Montevallo,2024,19251,
945,Montevallo,2024,19252,
945,Montevallo,2024,19253,
495,LaGrange,2024,759,
495,LaGrange,2024,760,
495,LaGrange,2024,761,
495,LaGrange,2024,762,
495,LaGrange,2024,768,
495,LaGrange,2024,769,
495,LaGrange,2024,770,
495,LaGrange,2024,771,
495,LaGrange,2024,772,
495,LaGrange,2024,773,
495,LaGrange,2024,774,
495,LaGrange,2024,775,
495,LaGrange,2024,776,
495,LaGrange,2024,777,
495,LaGrange,2024,778,
495,LaGrange,2024,779,
495,LaGrange,2024,780,
495,LaGrange,2024,781,
495,LaGrange,2024,782,
495,LaGrange,2024,783,
495,LaGrange,2024,784,
495,LaGrange,2024,785,
495,LaGrange,2024,786,
495,LaGrange,2024,787,
495,LaGrange,2024,788,
495,LaGrange,2024,789,
495,LaGrange,2024,790,
618,Nelson,2024,9349,
618,Nelson,2024,9350,
618,Nelson,2024,9355,
618,Nelson,2024,9358,
618,Nelson,2024,9359,
618,Nelson,2024,9360,
618,Nelson,2024,9361,
618,Nelson,2024,9362,
618,Nelson,2024,9363,
618,Nelson,2024,9364,
618,Nelson,2024,9365,
618,Nelson,2024,9366,
668,Ecclesia,2024,10743,
668,Ecclesia,2024,10744,
668,Ecclesia,2024,10745,
668,Ecclesia,2024,10746,
668,Ecclesia,2024,10747,
668,Ecclesia,2024,10748,
668,Ecclesia,2024,10749,
668,Ecclesia,2024,10750,
668,Ecclesia,2024,10751,
668,Ecclesia,2024,10752,
668,Ecclesia,2024,10753,
668,Ecclesia,2024,10754,
668,Ecclesia,2024,10755,
561,Southern-New Orleans,2024,6165,
561,Southern-New Orleans,2024,6166,
561,Southern-New Orleans,2024,6171,
561,Southern-New Orleans,2024,6172,
561,Southern-New Orleans,2024,6173,
561,Southern-New Orleans,2024,6175,
561,Southern-New Orleans,2024,6176,
561,Southern-New Orleans,2024,6177,
561,Southern-New Orleans,2024,6178,
561,Southern-New Orleans,2024,6179,
561,Southern-New Orleans,2024,6180,
561,Southern-New Orleans,2024,6181,
561,Southern-New Orleans,2024,6182,
561,Southern-New Orleans,2024,6183,
561,Southern-New Orleans,2024,6184,
561,Southern-New Orleans,2024,6185,
561,Southern-New Orleans,2024,6186,
561,Southern-New Orleans,2024,6187,
561,Southern-New Orleans,2024,6188,
561,Southern-New Orleans,2024,6189,
561,Southern-New Orleans,2024,6190,
561,Southern-New Orleans,2024,6191,
561,Southern-New Orleans,2024,6192,
561,Southern-New Orleans,2024,6193,
561,Southern-New Orleans,2024,6194,
561,Southern-New Orleans,2024,6195,
561,Southern-New Orleans,2024,6196,
561,Southern-New Orleans,2024,6197,
561,Southern-New Orleans,2024,6198,
561,Southern-New Orleans,2024,6199,
924,Montana State-Northern,2024,18843,
924,Montana State-Northern,2024,18844,
924,Montana State-Northern,2024,18845,
924,Montana State-Northern,2024,18846,
924,Montana State-Northern,2024,18847,
924,Montana State-Northern,2024,18848,
924,Montana State-Northern,2024,18849,
924,Montana State-Northern,2024,18850,
924,Montana State-Northern,2024,18851,
924,Montana State-Northern,2024,18852,
924,Montana State-Northern,2024,18853,
731,Bethany (WV),2024,12424,
731,Bethany (WV),2024,12427,
731,Bethany (WV),2024,12428,
731,Bethany (WV),2024,12430,
731,Bethany (WV),2024,12431,
731,Bethany (WV),2024,12437,
731,Bethany (WV),2024,12438,
731,Bethany (WV),2024,12439,
731,Bethany (WV),2024,12440,
731,Bethany (WV),2024,12441,
731,Bethany (WV),2024,12442,
731,Bethany (WV),2024,12443,
731,Bethany (WV),2024,12444,
731,Bethany (WV),2024,12445,
731,Bethany (WV),2024,12446,
731,Bethany (WV),2024,12447,
731,Bethany (WV),2024,12448,
731,Bethany (WV),2024,12449,
731,Bethany (WV),2024,12450,
731,Bethany (WV),2024,12451,
731,Bethany (WV),2024,12452,
731,Bethany (WV),2024,12453,
731,Bethany (WV),2024,12454,
731,Bethany (WV),2024,12455,
731,Bethany (WV),2024,12456,
731,Bethany (WV),2024,12457,
731,Bethany (WV),2024,12458,
731,Bethany (WV),2024,12459,
731,Bethany (WV),2024,12460,
645,Gwynedd-Mercy,2024,10111,
645,Gwynedd-Mercy,2024,10112,
645,Gwynedd-Mercy,2024,10113,
645,Gwynedd-Mercy,2024,10114,
645,Gwynedd-Mercy,2024,10119,
645,Gwynedd-Mercy,2024,10120,
645,Gwynedd-Mercy,2024,10121,
645,Gwynedd-Mercy,2024,10122,
645,Gwynedd-Mercy,2024,10123,
645,Gwynedd-Mercy,2024,10124,
645,Gwynedd-Mercy,2024,10125,
645,Gwynedd-Mercy,2024,10126,
645,Gwynedd-Mercy,2024,10127,
645,Gwynedd-Mercy,2024,10128,
645,Gwynedd-Mercy,2024,10129,
645,Gwynedd-Mercy,2024,10130,
645,Gwynedd-Mercy,2024,10131,
645,Gwynedd-Mercy,2024,10132,
645,Gwynedd-Mercy,2024,18822,
746,Campbellsville-Harrodsburg,2024,12813,
746,Campbellsville-Harrodsburg,2024,12814,
746,Campbellsville-Harrodsburg,2024,12824,
746,Campbellsville-Harrodsburg,2024,12825,
746,Campbellsville-Harrodsburg,2024,12826,
746,Campbellsville-Harrodsburg,2024,12827,
746,Campbellsville-Harrodsburg,2024,12828,
746,Campbellsville-Harrodsburg,2024,12829,
746,Campbellsville-Harrodsburg,2024,12830,
746,Campbellsville-Harrodsburg,2024,12831,
746,Campbellsville-Harrodsburg,2024,12832,
746,Campbellsville-Harrodsburg,2024,12833,
746,Campbellsville-Harrodsburg,2024,12834,
746,Campbellsville-Harrodsburg,2024,12835,
746,Campbellsville-Harrodsburg,2024,12836,
746,Campbellsville-Harrodsburg,2024,12837,
746,Campbellsville-Harrodsburg,2024,12838,
746,Campbellsville-Harrodsburg,2024,12839,
597,Eureka,2024,8717,
597,Eureka,2024,8718,
597,Eureka,2024,8719,
597,Eureka,2024,8725,
597,Eureka,2024,8726,
597,Eureka,2024,8727,
597,Eureka,2024,8728,
597,Eureka,2024,8729,
597,Eureka,2024,8730,
597,Eureka,2024,8731,
597,Eureka,2024,8732,
597,Eureka,2024,8733,
597,Eureka,2024,8734,
597,Eureka,2024,8735,
597,Eureka,2024,8736,
597,Eureka,2024,8737,
597,Eureka,2024,8738,
597,Eureka,2024,8739,
597,Eureka,2024,8740,
597,Eureka,2024,8741,
597,Eureka,2024,8742,
884,Berry,2024,18076,
884,Berry,2024,18077,
884,Berry,2024,18078,
884,Berry,2024,18079,
884,Berry,2024,18080,
884,Berry,2024,18081,
884,Berry,2024,18082,
884,Berry,2024,18083,
884,Berry,2024,18084,
884,Berry,2024,18085,
884,Berry,2024,18086,
884,Berry,2024,18087,
884,Berry,2024,18088,
884,Berry,2024,18089,
598,Mississippi University For Women,2024,8745,
598,Mississippi University For Women,2024,8746,
598,Mississippi University For Women,2024,8747,
598,Mississippi University For Women,2024,8753,
598,Mississippi University For Women,2024,8754,
598,Mississippi University For Women,2024,8755,
598,Mississippi University For Women,2024,8756,
598,Mississippi University For Women,2024,8757,
598,Mississippi University For Women,2024,8758,
598,Mississippi University For Women,2024,8759,
598,Mississippi University For Women,2024,8760,
598,Mississippi University For Women,2024,8761,
598,Mississippi University For Women,2024,8762,
598,Mississippi University For Women,2024,8763,
598,Mississippi University For Women,2024,8764,
824,Colby-Sawyer,2024,15008,
824,Colby-Sawyer,2024,15009,
824,Colby-Sawyer,2024,15010,
824,Colby-Sawyer,2024,15011,
824,Colby-Sawyer,2024,15018,
824,Colby-Sawyer,2024,15019,
824,Colby-Sawyer,2024,15020,
824,Colby-Sawyer,2024,15021,
824,Colby-Sawyer,2024,15023,
824,Colby-Sawyer,2024,15024,
824,Colby-Sawyer,2024,15025,
824,Colby-Sawyer,2024,15026,
824,Colby-Sawyer,2024,15027,
824,Colby-Sawyer,2024,15028,
824,Colby-Sawyer,2024,15029,
776,Saint Mary of the Woods College,2024,13605,
776,Saint Mary of the Woods College,2024,13606,
776,Saint Mary of the Woods College,2024,13607,
776,Saint Mary of the Woods College,2024,13608,
776,Saint Mary of the Woods College,2024,13612,
776,Saint Mary of the Woods College,2024,13613,
776,Saint Mary of the Woods College,2024,13614,
776,Saint Mary of the Woods College,2024,13615,
776,Saint Mary of the Woods College,2024,13616,
776,Saint Mary of the Woods College,2024,13617,
776,Saint Mary of the Woods College,2024,13618,
776,Saint Mary of the Woods College,2024,13619,
776,Saint Mary of the Woods College,2024,13620,
776,Saint Mary of the Woods College,2024,13621,
776,Saint Mary of the Woods College,2024,13622,
776,Saint Mary of the Woods College,2024,13623,
776,Saint Mary of the Woods College,2024,13624,
776,Saint Mary of the Woods College,2024,13625,
776,Saint Mary of the Woods College,2024,13626,
776,Saint Mary of the Woods College,2024,13627,
776,Saint Mary of the Woods College,2024,13628,
776,Saint Mary of the Woods College,2024,13629,
776,Saint Mary of the Woods College,2024,13630,
776,Saint Mary of the Woods College,2024,13631,
776,Saint Mary of the Woods College,2024,13632,
776,Saint Mary of the Woods College,2024,13633,
776,Saint Mary of the Woods College,2024,13634,
776,Saint Mary of the Woods College,2024,13635,
776,Saint Mary of the Woods College,2024,13636,
776,Saint Mary of the Woods College,2024,13637,
649,Rhodes,2024,10212,
649,Rhodes,2024,10213,
649,Rhodes,2024,10214,
649,Rhodes,2024,10220,
649,Rhodes,2024,10221,
649,Rhodes,2024,10222,
649,Rhodes,2024,10227,
649,Rhodes,2024,10228,
649,Rhodes,2024,10229,
649,Rhodes,2024,10230,
649,Rhodes,2024,10231,
649,Rhodes,2024,10232,
649,Rhodes,2024,10233,
649,Rhodes,2024,10234,
649,Rhodes,2024,10235,
649,Rhodes,2024,10236,
902,Chaminade,2024,6491,
902,Chaminade,2024,18457,
902,Chaminade,2024,18458,
902,Chaminade,2024,18459,
902,Chaminade,2024,18460,
902,Chaminade,2024,18461,
902,Chaminade,2024,18462,
902,Chaminade,2024,18463,
902,Chaminade,2024,18464,
902,Chaminade,2024,18465,
902,Chaminade,2024,18466,
902,Chaminade,2024,18467,
902,Chaminade,2024,18468,
902,Chaminade,2024,18469,
873,Hendrix College,2024,17844,
873,Hendrix College,2024,17845,
873,Hendrix College,2024,17846,
873,Hendrix College,2024,17847,
873,Hendrix College,2024,17848,
873,Hendrix College,2024,17849,
873,Hendrix College,2024,17850,
873,Hendrix College,2024,17851,
873,Hendrix College,2024,17852,
873,Hendrix College,2024,17853,
873,Hendrix College,2024,17854,
873,Hendrix College,2024,17855,
873,Hendrix College,2024,17856,
873,Hendrix College,2024,17857,
873,Hendrix College,2024,17858,
873,Hendrix College,2024,17859,
873,Hendrix College,2024,17860,
873,Hendrix College,2024,17861,
873,Hendrix College,2024,17862,
873,Hendrix College,2024,17863,
873,Hendrix College,2024,17864,
634,Vermont State - Johnson,2024,9835,
634,Vermont State - Johnson,2024,9836,
634,Vermont State - Johnson,2024,9845,
634,Vermont State - Johnson,2024,9846,
634,Vermont State - Johnson,2024,9847,
634,Vermont State - Johnson,2024,9848,
634,Vermont State - Johnson,2024,9849,
634,Vermont State - Johnson,2024,9850,
634,Vermont State - Johnson,2024,9851,
634,Vermont State - Johnson,2024,9852,
634,Vermont State - Johnson,2024,9853,
634,Vermont State - Johnson,2024,9854,
634,Vermont State - Johnson,2024,9855,
911,Angelo State,2024,18619,
911,Angelo State,2024,18620,
911,Angelo State,2024,18621,
911,Angelo State,2024,18622,
911,Angelo State,2024,18623,
911,Angelo State,2024,18624,
911,Angelo State,2024,18625,
911,Angelo State,2024,18626,
911,Angelo State,2024,18627,
911,Angelo State,2024,18628,
911,Angelo State,2024,18629,
911,Angelo State,2024,18630,
911,Angelo State,2024,18631,
911,Angelo State,2024,18632,
944,Saint Vincent,2024,19202,
944,Saint Vincent,2024,19203,
944,Saint Vincent,2024,19204,
944,Saint Vincent,2024,19205,
944,Saint Vincent,2024,19206,
944,Saint Vincent,2024,19207,
944,Saint Vincent,2024,19208,
944,Saint Vincent,2024,19209,
944,Saint Vincent,2024,19210,
944,Saint Vincent,2024,19211,
944,Saint Vincent,2024,19212,
944,Saint Vincent,2024,19213,
944,Saint Vincent,2024,19214,
944,Saint Vincent,2024,19215,
944,Saint Vincent,2024,19216,
944,Saint Vincent,2024,19217,
944,Saint Vincent,2024,19218,
944,Saint Vincent,2024,19219,
944,Saint Vincent,2024,19220,
944,Saint Vincent,2024,19221,
944,Saint Vincent,2024,19222,
944,Saint Vincent,2024,19223,
944,Saint Vincent,2024,19224,
787,Schreiner,2024,13939,
787,Schreiner,2024,13940,
787,Schreiner,2024,13941,
787,Schreiner,2024,13946,
787,Schreiner,2024,13947,
787,Schreiner,2024,13948,
787,Schreiner,2024,13949,
787,Schreiner,2024,13950,
787,Schreiner,2024,13951,
787,Schreiner,2024,13953,
787,Schreiner,2024,13954,
787,Schreiner,2024,13955,
787,Schreiner,2024,13956,
787,Schreiner,2024,13957,
787,Schreiner,2024,13958,
787,Schreiner,2024,13959,
787,Schreiner,2024,13960,
787,Schreiner,2024,13961,
787,Schreiner,2024,13962,
787,Schreiner,2024,13963,
787,Schreiner,2024,13964,
787,Schreiner,2024,13965,
787,Schreiner,2024,13966,
916,Albany St (GA),2024,18705,
916,Albany St (GA),2024,18706,
916,Albany St (GA),2024,18707,
916,Albany St (GA),2024,18708,
916,Albany St (GA),2024,18709,
916,Albany St (GA),2024,18710,
916,Albany St (GA),2024,18711,
916,Albany St (GA),2024,18712,
916,Albany St (GA),2024,18713,
916,Albany St (GA),2024,18714,
916,Albany St (GA),2024,18715,
916,Albany St (GA),2024,18716,
916,Albany St (GA),2024,18717,
916,Albany St (GA),2024,18718,
916,Albany St (GA),2024,18719,
916,Albany St (GA),2024,18720,
916,Albany St (GA),2024,18721,
916,Albany St (GA),2024,18722,
602,Bryan (TN),2024,8853,
602,Bryan (TN),2024,8854,
602,Bryan (TN),2024,8855,
602,Bryan (TN),2024,8856,
602,Bryan (TN),2024,8860,
602,Bryan (TN),2024,8861,
602,Bryan (TN),2024,8862,
602,Bryan (TN),2024,8863,
602,Bryan (TN),2024,8868,
602,Bryan (TN),2024,8869,
602,Bryan (TN),2024,8870,
602,Bryan (TN),2024,8871,
602,Bryan (TN),2024,8872,
602,Bryan (TN),2024,8873,
602,Bryan (TN),2024,8874,
602,Bryan (TN),2024,8875,
602,Bryan (TN),2024,8876,
602,Bryan (TN),2024,8877,
602,Bryan (TN),2024,8878,
602,Bryan (TN),2024,8879,
657,Truett-McConnell,2024,10419,
657,Truett-McConnell,2024,10420,
657,Truett-McConnell,2024,10421,
657,Truett-McConnell,2024,10426,
657,Truett-McConnell,2024,10427,
657,Truett-McConnell,2024,10428,
657,Truett-McConnell,2024,10429,
657,Truett-McConnell,2024,10431,
657,Truett-McConnell,2024,10432,
657,Truett-McConnell,2024,10433,
657,Truett-McConnell,2024,10434,
657,Truett-McConnell,2024,10435,
657,Truett-McConnell,2024,10436,
657,Truett-McConnell,2024,10437,
657,Truett-McConnell,2024,10438,
657,Truett-McConnell,2024,10439,
657,Truett-McConnell,2024,10440,
657,Truett-McConnell,2024,10441,
657,Truett-McConnell,2024,10442,
657,Truett-McConnell,2024,10443,
657,Truett-McConnell,2024,10444,
657,Truett-McConnell,2024,10445,
657,Truett-McConnell,2024,10446,
657,Truett-McConnell,2024,10447,
657,Truett-McConnell,2024,10448,
657,Truett-McConnell,2024,10449,
657,Truett-McConnell,2024,10450,
963,Anderson (SC),2024,19601,
963,Anderson (SC),2024,19602,
963,Anderson (SC),2024,19603,
963,Anderson (SC),2024,19604,
963,Anderson (SC),2024,19605,
963,Anderson (SC),2024,19606,
963,Anderson (SC),2024,19607,
963,Anderson (SC),2024,19608,
963,Anderson (SC),2024,19609,
963,Anderson (SC),2024,19610,
963,Anderson (SC),2024,19611,
963,Anderson (SC),2024,19612,
963,Anderson (SC),2024,19613,
963,Anderson (SC),2024,19614,
963,Anderson (SC),2024,19615,
592,Bethesda University,2024,8548,
592,Bethesda University,2024,8556,
592,Bethesda University,2024,8557,
592,Bethesda University,2024,8558,
592,Bethesda University,2024,8559,
592,Bethesda University,2024,8560,
592,Bethesda University,2024,8561,
592,Bethesda University,2024,8562,
592,Bethesda University,2024,8563,
592,Bethesda University,2024,8564,
592,Bethesda University,2024,8565,
592,Bethesda University,2024,8566,
592,Bethesda University,2024,8567,
592,Bethesda University,2024,8568,
592,Bethesda University,2024,8569,
592,Bethesda University,2024,8570,
592,Bethesda University,2024,8571,
592,Bethesda University,2024,8572,
592,Bethesda University,2024,8573,
592,Bethesda University,2024,8574,
592,Bethesda University,2024,8575,
592,Bethesda University,2024,8576,
592,Bethesda University,2024,8577,
592,Bethesda University,2024,8578,
592,Bethesda University,2024,8579,
592,Bethesda University,2024,8580,
592,Bethesda University,2024,8581,
592,Bethesda University,2024,17776,
592,Bethesda University,2024,19498,
592,Bethesda University,2024,19499,
592,Bethesda University,2024,19500,
592,Bethesda University,2024,19501,
592,Bethesda University,2024,19502,
592,Bethesda University,2024,19503,
592,Bethesda University,2024,19504,
592,Bethesda University,2024,19505,
592,Bethesda University,2024,19506,
592,Bethesda University,2024,19507,
592,Bethesda University,2024,19508,
907,Westmont,2024,18533,
907,Westmont,2024,18534,
907,Westmont,2024,18535,
907,Westmont,2024,18536,
907,Westmont,2024,18537,
907,Westmont,2024,18538,
907,Westmont,2024,18539,
907,Westmont,2024,18540,
907,Westmont,2024,18541,
907,Westmont,2024,18542,
907,Westmont,2024,18543,
907,Westmont,2024,18544,
907,Westmont,2024,18545,
907,Westmont,2024,18546,
907,Westmont,2024,18547,
933,Arkansas-Fort Smith,2024,9623,
933,Arkansas-Fort Smith,2024,19014,
933,Arkansas-Fort Smith,2024,19015,
933,Arkansas-Fort Smith,2024,19016,
933,Arkansas-Fort Smith,2024,19017,
933,Arkansas-Fort Smith,2024,19018,
933,Arkansas-Fort Smith,2024,19019,
933,Arkansas-Fort Smith,2024,19020,
933,Arkansas-Fort Smith,2024,19021,
933,Arkansas-Fort Smith,2024,19022,
933,Arkansas-Fort Smith,2024,19023,
933,Arkansas-Fort Smith,2024,19024,
933,Arkansas-Fort Smith,2024,19025,
933,Arkansas-Fort Smith,2024,19026,
933,Arkansas-Fort Smith,2024,19027,
933,Arkansas-Fort Smith,2024,19028,
933,Arkansas-Fort Smith,2024,19029,
757,Chestnut Hill College,2024,13105,
757,Chestnut Hill College,2024,13106,
757,Chestnut Hill College,2024,13107,
757,Chestnut Hill College,2024,13108,
757,Chestnut Hill College,2024,13109,
757,Chestnut Hill College,2024,13110,
757,Chestnut Hill College,2024,13111,
757,Chestnut Hill College,2024,13112,
757,Chestnut Hill College,2024,13113,
757,Chestnut Hill College,2024,13114,
757,Chestnut Hill College,2024,13115,
757,Chestnut Hill College,2024,13116,
757,Chestnut Hill College,2024,13117,
757,Chestnut Hill College,2024,13118,
757,Chestnut Hill College,2024,13119,
757,Chestnut Hill College,2024,13120,
757,Chestnut Hill College,2024,13121,
757,Chestnut Hill College,2024,13122,
757,Chestnut Hill College,2024,13123,
773,Pacific (OR),2024,13510,
773,Pacific (OR),2024,13529,
773,Pacific (OR),2024,13530,
773,Pacific (OR),2024,13531,
773,Pacific (OR),2024,13532,
773,Pacific (OR),2024,13533,
773,Pacific (OR),2024,13534,
773,Pacific (OR),2024,13535,
773,Pacific (OR),2024,13536,
773,Pacific (OR),2024,13537,
773,Pacific (OR),2024,13538,
773,Pacific (OR),2024,13539,
773,Pacific (OR),2024,13540,
773,Pacific (OR),2024,13541,
773,Pacific (OR),2024,13542,
773,Pacific (OR),2024,13543,
773,Pacific (OR),2024,13544,
773,Pacific (OR),2024,13545,
773,Pacific (OR),2024,13546,
773,Pacific (OR),2024,13547,
773,Pacific (OR),2024,13548,
773,Pacific (OR),2024,13549,
773,Pacific (OR),2024,13550,
773,Pacific (OR),2024,13551,
527,Lakeland,2024,2989,
527,Lakeland,2024,2990,
527,Lakeland,2024,2991,
527,Lakeland,2024,2992,
527,Lakeland,2024,2993,
527,Lakeland,2024,2994,
527,Lakeland,2024,2995,
527,Lakeland,2024,2996,
527,Lakeland,2024,2997,
527,Lakeland,2024,2998,
527,Lakeland,2024,2999,
527,Lakeland,2024,3000,
527,Lakeland,2024,3001,
527,Lakeland,2024,3002,
527,Lakeland,2024,3003,
527,Lakeland,2024,3004,
527,Lakeland,2024,3005,
527,Lakeland,2024,3006,
527,Lakeland,2024,3007,
527,Lakeland,2024,3008,
783,Southwestern Adventist,2024,13838,
783,Southwestern Adventist,2024,13839,
783,Southwestern Adventist,2024,13842,
783,Southwestern Adventist,2024,13843,
783,Southwestern Adventist,2024,13844,
783,Southwestern Adventist,2024,13848,
783,Southwestern Adventist,2024,13849,
783,Southwestern Adventist,2024,13850,
783,Southwestern Adventist,2024,13851,
783,Southwestern Adventist,2024,13852,
783,Southwestern Adventist,2024,13853,
783,Southwestern Adventist,2024,13854,
783,Southwestern Adventist,2024,13855,
783,Southwestern Adventist,2024,13840,
917,Bellevue University,2024,18723,
917,Bellevue University,2024,18724,
917,Bellevue University,2024,18725,
917,Bellevue University,2024,18726,
917,Bellevue University,2024,18727,
917,Bellevue University,2024,18728,
917,Bellevue University,2024,18729,
917,Bellevue University,2024,18730,
917,Bellevue University,2024,18731,
917,Bellevue University,2024,18732,
917,Bellevue University,2024,18733,
917,Bellevue University,2024,18734,
917,Bellevue University,2024,18735,
917,Bellevue University,2024,18736,
917,Bellevue University,2024,18737,
917,Bellevue University,2024,18738,
917,Bellevue University,2024,18739,
711,St. Ambrose,2024,11905,
711,St. Ambrose,2024,11906,
711,St. Ambrose,2024,11907,
711,St. Ambrose,2024,11908,
711,St. Ambrose,2024,11915,
711,St. Ambrose,2024,11916,
711,St. Ambrose,2024,11917,
711,St. Ambrose,2024,11918,
711,St. Ambrose,2024,11919,
711,St. Ambrose,2024,11920,
711,St. Ambrose,2024,11921,
711,St. Ambrose,2024,11922,
711,St. Ambrose,2024,11923,
711,St. Ambrose,2024,11924,
711,St. Ambrose,2024,11925,
711,St. Ambrose,2024,11926,
711,St. Ambrose,2024,11927,
711,St. Ambrose,2024,11928,
711,St. Ambrose,2024,11929,
749,Merchant Marine Academy,2024,12881,
749,Merchant Marine Academy,2024,12882,
749,Merchant Marine Academy,2024,12883,
749,Merchant Marine Academy,2024,12888,
749,Merchant Marine Academy,2024,12889,
749,Merchant Marine Academy,2024,12890,
749,Merchant Marine Academy,2024,12891,
749,Merchant Marine Academy,2024,12892,
749,Merchant Marine Academy,2024,12893,
749,Merchant Marine Academy,2024,12894,
749,Merchant Marine Academy,2024,12895,
772,Hardin-Simmons,2024,13488,
772,Hardin-Simmons,2024,13489,
772,Hardin-Simmons,2024,13490,
772,Hardin-Simmons,2024,13491,
772,Hardin-Simmons,2024,13492,
772,Hardin-Simmons,2024,13498,
772,Hardin-Simmons,2024,13499,
772,Hardin-Simmons,2024,13500,
772,Hardin-Simmons,2024,13501,
772,Hardin-Simmons,2024,13502,
772,Hardin-Simmons,2024,13503,
772,Hardin-Simmons,2024,13504,
772,Hardin-Simmons,2024,13505,
772,Hardin-Simmons,2024,13506,
772,Hardin-Simmons,2024,13507,
772,Hardin-Simmons,2024,13508,
548,Union (TN),2024,4736,
548,Union (TN),2024,4737,
548,Union (TN),2024,4738,1995-01-10
548,Union (TN),2024,4739,
548,Union (TN),2024,4740,
548,Union (TN),2024,4741,
548,Union (TN),2024,4742,
548,Union (TN),2024,4743,
548,Union (TN),2024,4744,
548,Union (TN),2024,4745,
548,Union (TN),2024,4746,
962,LSU Shreveport,2024,19588,
962,LSU Shreveport,2024,19589,
962,LSU Shreveport,2024,19590,
962,LSU Shreveport,2024,19591,
962,LSU Shreveport,2024,19592,
962,LSU Shreveport,2024,19593,
962,LSU Shreveport,2024,19594,
962,LSU Shreveport,2024,19595,
962,LSU Shreveport,2024,19596,
962,LSU Shreveport,2024,19597,
962,LSU Shreveport,2024,19598,
962,LSU Shreveport,2024,19599,
962,LSU Shreveport,2024,19600,
953,Penn State-New Kensington,2024,19405,
953,Penn State-New Kensington,2024,19406,
953,Penn State-New Kensington,2024,19407,
953,Penn State-New Kensington,2024,19408,
953,Penn State-New Kensington,2024,19409,
953,Penn State-New Kensington,2024,19410,
953,Penn State-New Kensington,2024,19411,
953,Penn State-New Kensington,2024,19412,
953,Penn State-New Kensington,2024,19413,
953,Penn State-New Kensington,2024,19414,
953,Penn State-New Kensington,2024,19415,
953,Penn State-New Kensington,2024,19416,
953,Penn State-New Kensington,2024,19417,
953,Penn State-New Kensington,2024,19418,
615,McMurry,2024,9266,
615,McMurry,2024,9267,
615,McMurry,2024,9268,
615,McMurry,2024,9269,
615,McMurry,2024,9279,
615,McMurry,2024,9280,
615,McMurry,2024,9281,
615,McMurry,2024,9282,
615,McMurry,2024,9283,
615,McMurry,2024,9284,
615,McMurry,2024,9285,
615,McMurry,2024,9286,
615,McMurry,2024,9287,
615,McMurry,2024,9288,
615,McMurry,2024,9289,
615,McMurry,2024,9290,
681,Trinity Christian (IL),2024,11107,
681,Trinity Christian (IL),2024,11108,
681,Trinity Christian (IL),2024,11118,
681,Trinity Christian (IL),2024,11119,
681,Trinity Christian (IL),2024,11120,
681,Trinity Christian (IL),2024,11121,
681,Trinity Christian (IL),2024,11122,
681,Trinity Christian (IL),2024,11123,
681,Trinity Christian (IL),2024,11124,
681,Trinity Christian (IL),2024,11125,
681,Trinity Christian (IL),2024,11126,
681,Trinity Christian (IL),2024,11127,
681,Trinity Christian (IL),2024,11128,
681,Trinity Christian (IL),2024,11129,
681,Trinity Christian (IL),2024,11130,
681,Trinity Christian (IL),2024,11131,
681,Trinity Christian (IL),2024,11132,
681,Trinity Christian (IL),2024,11133,
681,Trinity Christian (IL),2024,11134,
681,Trinity Christian (IL),2024,11135,
681,Trinity Christian (IL),2024,11136,
681,Trinity Christian (IL),2024,11137,
681,Trinity Christian (IL),2024,11138,
681,Trinity Christian (IL),2024,11139,
681,Trinity Christian (IL),2024,11140,
681,Trinity Christian (IL),2024,11141,
681,Trinity Christian (IL),2024,11142,
681,Trinity Christian (IL),2024,11143,
866,Molloy,2024,17665,
866,Molloy,2024,17666,
866,Molloy,2024,17667,
866,Molloy,2024,17668,
866,Molloy,2024,17669,
866,Molloy,2024,17670,
866,Molloy,2024,17671,
866,Molloy,2024,17672,
866,Molloy,2024,17673,
866,Molloy,2024,17674,
866,Molloy,2024,17675,
866,Molloy,2024,17676,
866,Molloy,2024,17677,
866,Molloy,2024,17678,
497,Erskine,2024,923,
497,Erskine,2024,924,
497,Erskine,2024,925,
497,Erskine,2024,926,
497,Erskine,2024,935,
497,Erskine,2024,936,
497,Erskine,2024,937,
497,Erskine,2024,938,
497,Erskine,2024,939,
497,Erskine,2024,940,
497,Erskine,2024,941,
497,Erskine,2024,943,
497,Erskine,2024,944,
497,Erskine,2024,945,
497,Erskine,2024,946,
497,Erskine,2024,947,
497,Erskine,2024,948,
497,Erskine,2024,949,
497,Erskine,2024,950,
497,Erskine,2024,951,
665,North Greenville,2024,10644,
665,North Greenville,2024,10645,
665,North Greenville,2024,10646,
665,North Greenville,2024,10647,
665,North Greenville,2024,10649,
665,North Greenville,2024,10650,
665,North Greenville,2024,10651,
665,North Greenville,2024,10652,
665,North Greenville,2024,10653,
665,North Greenville,2024,10654,
665,North Greenville,2024,10655,
665,North Greenville,2024,10656,
665,North Greenville,2024,10657,
665,North Greenville,2024,10658,
665,North Greenville,2024,10659,
665,North Greenville,2024,10660,
665,North Greenville,2024,10661,
665,North Greenville,2024,10662,
665,North Greenville,2024,10663,
577,Toccoa Falls,2024,7481,
577,Toccoa Falls,2024,7482,
577,Toccoa Falls,2024,7486,
577,Toccoa Falls,2024,7487,
577,Toccoa Falls,2024,7488,
577,Toccoa Falls,2024,7489,
577,Toccoa Falls,2024,7490,
577,Toccoa Falls,2024,7491,
577,Toccoa Falls,2024,7492,
577,Toccoa Falls,2024,7493,
577,Toccoa Falls,2024,7494,
577,Toccoa Falls,2024,7495,
577,Toccoa Falls,2024,7496,
577,Toccoa Falls,2024,7497,
577,Toccoa Falls,2024,7498,
577,Toccoa Falls,2024,7499,
577,Toccoa Falls,2024,7500,
577,Toccoa Falls,2024,7501,
577,Toccoa Falls,2024,7502,
577,Toccoa Falls,2024,7503,
577,Toccoa Falls,2024,7504,
577,Toccoa Falls,2024,7505,
577,Toccoa Falls,2024,7506,
577,Toccoa Falls,2024,7507,
577,Toccoa Falls,2024,7508,
577,Toccoa Falls,2024,7509,
577,Toccoa Falls,2024,7510,
577,Toccoa Falls,2024,7511,
577,Toccoa Falls,2024,7512,
577,Toccoa Falls,2024,7513,
577,Toccoa Falls,2024,7514,
577,Toccoa Falls,2024,7515,
550,Paul Quinn,2024,5048,
550,Paul Quinn,2024,5054,
550,Paul Quinn,2024,5057,
550,Paul Quinn,2024,5058,
550,Paul Quinn,2024,5059,
550,Paul Quinn,2024,5060,
550,Paul Quinn,2024,5061,
550,Paul Quinn,2024,5062,
550,Paul Quinn,2024,5063,
550,Paul Quinn,2024,5064,
550,Paul Quinn,2024,5065,
550,Paul Quinn,2024,5066,
550,Paul Quinn,2024,5067,
550,Paul Quinn,2024,5068,
550,Paul Quinn,2024,5069,
550,Paul Quinn,2024,5070,
550,Paul Quinn,2024,5071,
550,Paul Quinn,2024,5072,
550,Paul Quinn,2024,5073,
550,Paul Quinn,2024,5074,
550,Paul Quinn,2024,5075,
550,Paul Quinn,2024,5076,
550,Paul Quinn,2024,5077,
550,Paul Quinn,2024,5078,
550,Paul Quinn,2024,5079,
550,Paul Quinn,2024,5080,
550,Paul Quinn,2024,5081,
550,Paul Quinn,2024,5082,
550,Paul Quinn,2024,5083,
550,Paul Quinn,2024,18616,
807,William Woods,2024,14455,
807,William Woods,2024,14456,
807,William Woods,2024,14457,
807,William Woods,2024,14460,
807,William Woods,2024,14461,
807,William Woods,2024,14462,
807,William Woods,2024,14463,
807,William Woods,2024,14466,
807,William Woods,2024,14467,
807,William Woods,2024,14468,
807,William Woods,2024,14469,
807,William Woods,2024,14470,
807,William Woods,2024,14471,
807,William Woods,2024,14472,
807,William Woods,2024,14473,
807,William Woods,2024,14474,
807,William Woods,2024,14475,
807,William Woods,2024,14476,
807,William Woods,2024,14477,
807,William Woods,2024,14478,
807,William Woods,2024,14479,
807,William Woods,2024,14480,
807,William Woods,2024,14481,
807,William Woods,2024,14482,
807,William Woods,2024,14483,
807,William Woods,2024,14484,
807,William Woods,2024,14485,
807,William Woods,2024,14486,
700,Edward Waters,2024,11627,
700,Edward Waters,2024,11628,
700,Edward Waters,2024,11629,
700,Edward Waters,2024,11630,
700,Edward Waters,2024,11631,
700,Edward Waters,2024,11637,
700,Edward Waters,2024,11638,
700,Edward Waters,2024,11639,
700,Edward Waters,2024,11640,
700,Edward Waters,2024,11642,
700,Edward Waters,2024,11644,
700,Edward Waters,2024,11645,
700,Edward Waters,2024,11646,
700,Edward Waters,2024,11647,
700,Edward Waters,2024,11641,
700,Edward Waters,2024,11621,
700,Edward Waters,2024,11643,
852,Concordia-Irvine,2024,17050,
852,Concordia-Irvine,2024,17051,
852,Concordia-Irvine,2024,17052,
852,Concordia-Irvine,2024,17053,
852,Concordia-Irvine,2024,17054,
852,Concordia-Irvine,2024,17055,
852,Concordia-Irvine,2024,17056,
852,Concordia-Irvine,2024,17057,
852,Concordia-Irvine,2024,17058,
852,Concordia-Irvine,2024,17059,
852,Concordia-Irvine,2024,17060,
852,Concordia-Irvine,2024,17061,
852,Concordia-Irvine,2024,17062,
852,Concordia-Irvine,2024,17063,
852,Concordia-Irvine,2024,17064,
518,Frostburg State,2024,2094,
518,Frostburg State,2024,2095,
518,Frostburg State,2024,2096,
518,Frostburg State,2024,2097,
518,Frostburg State,2024,2098,
518,Frostburg State,2024,2099,
518,Frostburg State,2024,2100,
518,Frostburg State,2024,2101,
518,Frostburg State,2024,2102,
518,Frostburg State,2024,2103,
518,Frostburg State,2024,2104,
518,Frostburg State,2024,2105,
518,Frostburg State,2024,2106,
518,Frostburg State,2024,2107,
518,Frostburg State,2024,2108,
518,Frostburg State,2024,2109,
518,Frostburg State,2024,2110,
518,Frostburg State,2024,2111,
518,Frostburg State,2024,2112,
518,Frostburg State,2024,2113,
549,Park University Gilbert,2024,4992,
549,Park University Gilbert,2024,4994,
549,Park University Gilbert,2024,4995,
549,Park University Gilbert,2024,4997,
549,Park University Gilbert,2024,5001,
549,Park University Gilbert,2024,5002,
549,Park University Gilbert,2024,5003,
549,Park University Gilbert,2024,5004,
549,Park University Gilbert,2024,5005,
549,Park University Gilbert,2024,5006,
549,Park University Gilbert,2024,5007,
549,Park University Gilbert,2024,5008,
549,Park University Gilbert,2024,5009,
549,Park University Gilbert,2024,5010,
549,Park University Gilbert,2024,5011,
549,Park University Gilbert,2024,5012,
549,Park University Gilbert,2024,5013,
549,Park University Gilbert,2024,5014,
549,Park University Gilbert,2024,5015,
549,Park University Gilbert,2024,5016,
549,Park University Gilbert,2024,5017,
549,Park University Gilbert,2024,5018,
549,Park University Gilbert,2024,5019,
549,Park University Gilbert,2024,5020,
549,Park University Gilbert,2024,5021,
549,Park University Gilbert,2024,5022,
549,Park University Gilbert,2024,5023,
549,Park University Gilbert,2024,5024,
549,Park University Gilbert,2024,5025,
549,Park University Gilbert,2024,5026,
549,Park University Gilbert,2024,5027,
549,Park University Gilbert,2024,5028,
549,Park University Gilbert,2024,5029,
549,Park University Gilbert,2024,5030,
549,Park University Gilbert,2024,5031,
549,Park University Gilbert,2024,5032,
549,Park University Gilbert,2024,5033,
836,Clark Atlanta,2024,15671,
836,Clark Atlanta,2024,15672,
836,Clark Atlanta,2024,15673,
836,Clark Atlanta,2024,15674,
836,Clark Atlanta,2024,15675,
836,Clark Atlanta,2024,15676,
836,Clark Atlanta,2024,15677,
836,Clark Atlanta,2024,15678,
836,Clark Atlanta,2024,15679,
836,Clark Atlanta,2024,15680,
836,Clark Atlanta,2024,15681,
836,Clark Atlanta,2024,15682,
836,Clark Atlanta,2024,15683,
836,Clark Atlanta,2024,15684,
836,Clark Atlanta,2024,15685,
957,Truman State,2024,19509,
957,Truman State,2024,19510,
957,Truman State,2024,19511,
957,Truman State,2024,19512,
957,Truman State,2024,19513,
957,Truman State,2024,19514,
957,Truman State,2024,19515,
957,Truman State,2024,19516,
957,Truman State,2024,19517,
957,Truman State,2024,19518,
957,Truman State,2024,19519,
957,Truman State,2024,19520,
957,Truman State,2024,19521,
957,Truman State,2024,19522,
957,Truman State,2024,19523,
957,Truman State,2024,19524,
745,Calumet College,2024,12769,
745,Calumet College,2024,12770,
745,Calumet College,2024,12774,
745,Calumet College,2024,12775,
745,Calumet College,2024,12776,
745,Calumet College,2024,12777,
745,Calumet College,2024,12778,
745,Calumet College,2024,12779,
745,Calumet College,2024,12780,
745,Calumet College,2024,12781,
745,Calumet College,2024,12782,
745,Calumet College,2024,12783,
745,Calumet College,2024,12784,
745,Calumet College,2024,12785,
745,Calumet College,2024,12786,
745,Calumet College,2024,12787,
745,Calumet College,2024,12788,
745,Calumet College,2024,12789,
745,Calumet College,2024,12790,
745,Calumet College,2024,12791,
745,Calumet College,2024,12792,
745,Calumet College,2024,12793,
745,Calumet College,2024,12794,
745,Calumet College,2024,12795,
745,Calumet College,2024,12796,
745,Calumet College,2024,12797,
745,Calumet College,2024,12798,
745,Calumet College,2024,12799,
745,Calumet College,2024,12800,
745,Calumet College,2024,12801,
745,Calumet College,2024,12802,
745,Calumet College,2024,12803,
745,Calumet College,2024,12804,
745,Calumet College,2024,12805,
745,Calumet College,2024,12806,
745,Calumet College,2024,12807,
745,Calumet College,2024,12808,
745,Calumet College,2024,12809,
910,Wittenberg,2024,18595,
910,Wittenberg,2024,18596,
910,Wittenberg,2024,18597,
910,Wittenberg,2024,18598,
910,Wittenberg,2024,18599,
910,Wittenberg,2024,18600,
910,Wittenberg,2024,18601,
910,Wittenberg,2024,18602,
910,Wittenberg,2024,18603,
910,Wittenberg,2024,18604,
910,Wittenberg,2024,18605,
910,Wittenberg,2024,18606,
910,Wittenberg,2024,18607,
910,Wittenberg,2024,18608,
910,Wittenberg,2024,18609,
910,Wittenberg,2024,18610,
910,Wittenberg,2024,18611,
910,Wittenberg,2024,18612,
910,Wittenberg,2024,18613,
910,Wittenberg,2024,18614,
910,Wittenberg,2024,18615,
883,Depauw,2024,18054,
883,Depauw,2024,18055,
883,Depauw,2024,18056,
883,Depauw,2024,18057,
883,Depauw,2024,18058,
883,Depauw,2024,18059,
883,Depauw,2024,18060,
883,Depauw,2024,18061,
883,Depauw,2024,18062,
883,Depauw,2024,18063,
883,Depauw,2024,18064,
883,Depauw,2024,18065,
883,Depauw,2024,18066,
883,Depauw,2024,18067,
883,Depauw,2024,18068,
883,Depauw,2024,18069,
883,Depauw,2024,18070,
883,Depauw,2024,18071,
883,Depauw,2024,18072,
883,Depauw,2024,18073,
942,Saginaw Valley State,2024,19171,
942,Saginaw Valley State,2024,19172,
942,Saginaw Valley State,2024,19173,
942,Saginaw Valley State,2024,19174,
942,Saginaw Valley State,2024,19175,
942,Saginaw Valley State,2024,19176,
942,Saginaw Valley State,2024,19177,
942,Saginaw Valley State,2024,19178,
942,Saginaw Valley State,2024,19179,
942,Saginaw Valley State,2024,19180,
942,Saginaw Valley State,2024,19181,
942,Saginaw Valley State,2024,19182,
942,Saginaw Valley State,2024,19183,
942,Saginaw Valley State,2024,19184,
942,Saginaw Valley State,2024,19185,
733,Regent,2024,12492,
733,Regent,2024,12494,
733,Regent,2024,12495,
733,Regent,2024,12498,
733,Regent,2024,12499,
733,Regent,2024,12500,
733,Regent,2024,12501,
733,Regent,2024,12502,
733,Regent,2024,12503,
733,Regent,2024,12504,
733,Regent,2024,12505,
733,Regent,2024,12506,
733,Regent,2024,12507,
733,Regent,2024,12508,
733,Regent,2024,12509,
825,Kean,2024,15034,
825,Kean,2024,15035,
825,Kean,2024,15036,
825,Kean,2024,15041,
825,Kean,2024,15042,
825,Kean,2024,15043,
825,Kean,2024,15044,
825,Kean,2024,15045,
825,Kean,2024,15046,
825,Kean,2024,15047,
825,Kean,2024,15048,
825,Kean,2024,15049,
825,Kean,2024,15050,
825,Kean,2024,15051,
825,Kean,2024,15052,
825,Kean,2024,15053,
825,Kean,2024,15054,
555,Fisk,2024,5635,
555,Fisk,2024,5826,
555,Fisk,2024,5827,
555,Fisk,2024,5828,
555,Fisk,2024,5836,
555,Fisk,2024,5837,
555,Fisk,2024,5839,
555,Fisk,2024,5840,
555,Fisk,2024,5841,
555,Fisk,2024,5842,
555,Fisk,2024,5843,
555,Fisk,2024,5844,
555,Fisk,2024,5845,
555,Fisk,2024,5846,
555,Fisk,2024,5847,
555,Fisk,2024,5848,
555,Fisk,2024,5849,
555,Fisk,2024,5850,
555,Fisk,2024,5851,
555,Fisk,2024,5852,
555,Fisk,2024,5853,
555,Fisk,2024,5854,
555,Fisk,2024,5855,
555,Fisk,2024,5856,
555,Fisk,2024,5857,
838,Washington and Lee,2024,8143,
838,Washington and Lee,2024,15729,
838,Washington and Lee,2024,15730,
838,Washington and Lee,2024,15731,
838,Washington and Lee,2024,15732,
838,Washington and Lee,2024,15733,
838,Washington and Lee,2024,15734,
838,Washington and Lee,2024,15735,
838,Washington and Lee,2024,15736,
838,Washington and Lee,2024,15737,
838,Washington and Lee,2024,15738,
838,Washington and Lee,2024,15739,
838,Washington and Lee,2024,15740,
838,Washington and Lee,2024,15741,
838,Washington and Lee,2024,15742,
554,Dallas,2024,5785,
554,Dallas,2024,5786,
554,Dallas,2024,5787,
554,Dallas,2024,5788,
554,Dallas,2024,5793,
554,Dallas,2024,5794,
554,Dallas,2024,5795,
554,Dallas,2024,5796,
554,Dallas,2024,5797,
554,Dallas,2024,5801,
554,Dallas,2024,5802,
554,Dallas,2024,5803,
554,Dallas,2024,5804,
554,Dallas,2024,5805,
554,Dallas,2024,5806,
554,Dallas,2024,5807,
554,Dallas,2024,5808,
805,University of The Southwest,2024,14411,
805,University of The Southwest,2024,14412,
805,University of The Southwest,2024,14413,
805,University of The Southwest,2024,14414,
805,University of The Southwest,2024,14421,
805,University of The Southwest,2024,14422,
805,University of The Southwest,2024,14423,
805,University of The Southwest,2024,14424,
805,University of The Southwest,2024,14425,
805,University of The Southwest,2024,14426,
805,University of The Southwest,2024,14427,
805,University of The Southwest,2024,14428,
805,University of The Southwest,2024,14429,
815,Friends University,2024,14731,
815,Friends University,2024,14738,
815,Friends University,2024,14739,
815,Friends University,2024,14740,
815,Friends University,2024,14741,
815,Friends University,2024,14742,
815,Friends University,2024,14743,
815,Friends University,2024,14744,
815,Friends University,2024,14745,
815,Friends University,2024,14746,
815,Friends University,2024,14747,
815,Friends University,2024,14748,
815,Friends University,2024,14749,
815,Friends University,2024,14750,
815,Friends University,2024,14751,
815,Friends University,2024,14752,
815,Friends University,2024,14753,
815,Friends University,2024,14754,
815,Friends University,2024,14755,
815,Friends University,2024,14756,
815,Friends University,2024,14757,
815,Friends University,2024,14758,
815,Friends University,2024,14759,
815,Friends University,2024,14760,
815,Friends University,2024,14761,
815,Friends University,2024,14762,
815,Friends University,2024,14763,
815,Friends University,2024,14764,
815,Friends University,2024,14765,
815,Friends University,2024,14766,
815,Friends University,2024,14767,
815,Friends University,2024,14768,
815,Friends University,2024,14769,
815,Friends University,2024,14770,
815,Friends University,2024,14771,
833,Linfield College,2024,15499,
833,Linfield College,2024,15500,
833,Linfield College,2024,15501,
833,Linfield College,2024,15502,
833,Linfield College,2024,15503,
833,Linfield College,2024,15504,
833,Linfield College,2024,15505,
833,Linfield College,2024,15506,
833,Linfield College,2024,15507,
833,Linfield College,2024,15508,
833,Linfield College,2024,15509,
833,Linfield College,2024,15510,
833,Linfield College,2024,15511,
833,Linfield College,2024,15512,
833,Linfield College,2024,15513,
833,Linfield College,2024,15514,
833,Linfield College,2024,15515,
833,Linfield College,2024,15516,
833,Linfield College,2024,15517,
833,Linfield College,2024,15518,
833,Linfield College,2024,15519,
833,Linfield College,2024,15520,
833,Linfield College,2024,15521,
833,Linfield College,2024,15522,
833,Linfield College,2024,15523,
833,Linfield College,2024,15524,
833,Linfield College,2024,15525,
833,Linfield College,2024,15526,
833,Linfield College,2024,15527,
833,Linfield College,2024,15528,
833,Linfield College,2024,15529,
833,Linfield College,2024,15530,
833,Linfield College,2024,15531,
833,Linfield College,2024,15532,
833,Linfield College,2024,15533,
833,Linfield College,2024,15534,
833,Linfield College,2024,15535,
833,Linfield College,2024,15536,
833,Linfield College,2024,15537,
833,Linfield College,2024,15538,
833,Linfield College,2024,15539,
833,Linfield College,2024,15540,
833,Linfield College,2024,15541,
833,Linfield College,2024,15542,
882,Illinois Tech,2024,18031,
882,Illinois Tech,2024,18032,
882,Illinois Tech,2024,18033,
882,Illinois Tech,2024,18034,
882,Illinois Tech,2024,18035,
882,Illinois Tech,2024,18036,
882,Illinois Tech,2024,18037,
882,Illinois Tech,2024,18038,
882,Illinois Tech,2024,18039,
882,Illinois Tech,2024,18040,
882,Illinois Tech,2024,18041,
882,Illinois Tech,2024,18042,
882,Illinois Tech,2024,18043,
882,Illinois Tech,2024,18044,
882,Illinois Tech,2024,18045,
882,Illinois Tech,2024,18046,
882,Illinois Tech,2024,18047,
882,Illinois Tech,2024,18048,
882,Illinois Tech,2024,18049,
882,Illinois Tech,2024,18050,
882,Illinois Tech,2024,18051,
882,Illinois Tech,2024,18052,
834,King (TN),2024,15589,
834,King (TN),2024,15590,
834,King (TN),2024,15591,
834,King (TN),2024,15592,
834,King (TN),2024,15593,
834,King (TN),2024,15594,
834,King (TN),2024,15595,
834,King (TN),2024,15596,
834,King (TN),2024,15597,
834,King (TN),2024,15598,
834,King (TN),2024,15599,
834,King (TN),2024,15600,
834,King (TN),2024,15601,
834,King (TN),2024,15602,
834,King (TN),2024,15603,
834,King (TN),2024,15604,
834,King (TN),2024,15605,
508,Bluffton,2024,1628,
508,Bluffton,2024,1629,
508,Bluffton,2024,1630,
508,Bluffton,2024,1640,
508,Bluffton,2024,1641,
508,Bluffton,2024,1642,
508,Bluffton,2024,1643,
508,Bluffton,2024,1644,
508,Bluffton,2024,1645,
508,Bluffton,2024,1646,
508,Bluffton,2024,1647,
508,Bluffton,2024,1648,
508,Bluffton,2024,1649,
508,Bluffton,2024,1650,
508,Bluffton,2024,1651,
508,Bluffton,2024,1652,
508,Bluffton,2024,1653,
508,Bluffton,2024,1654,
508,Bluffton,2024,1655,
508,Bluffton,2024,1656,
508,Bluffton,2024,1657,
508,Bluffton,2024,1658,
662,Westminster (UT),2024,10586,
662,Westminster (UT),2024,10592,
662,Westminster (UT),2024,10593,
662,Westminster (UT),2024,10594,
662,Westminster (UT),2024,10595,
662,Westminster (UT),2024,10596,
662,Westminster (UT),2024,10597,
662,Westminster (UT),2024,10598,
662,Westminster (UT),2024,10599,
662,Westminster (UT),2024,10600,
662,Westminster (UT),2024,10601,
662,Westminster (UT),2024,10602,
662,Westminster (UT),2024,10603,
662,Westminster (UT),2024,10604,
662,Westminster (UT),2024,10605,
563,Sul Ross State,2024,6304,
563,Sul Ross State,2024,6308,
563,Sul Ross State,2024,6309,
563,Sul Ross State,2024,6310,
563,Sul Ross State,2024,6311,
563,Sul Ross State,2024,6312,
563,Sul Ross State,2024,6314,
563,Sul Ross State,2024,6315,
563,Sul Ross State,2024,6316,
563,Sul Ross State,2024,6317,
563,Sul Ross State,2024,6318,
563,Sul Ross State,2024,6319,
563,Sul Ross State,2024,6320,
563,Sul Ross State,2024,6321,
563,Sul Ross State,2024,6322,
563,Sul Ross State,2024,6323,
563,Sul Ross State,2024,6324,
563,Sul Ross State,2024,6325,
563,Sul Ross State,2024,6326,
563,Sul Ross State,2024,6327,
563,Sul Ross State,2024,6328,
640,District Of Columbia,2024,9996,
640,District Of Columbia,2024,10004,
640,District Of Columbia,2024,10005,
640,District Of Columbia,2024,10006,
640,District Of Columbia,2024,10007,
640,District Of Columbia,2024,10008,
640,District Of Columbia,2024,10009,
640,District Of Columbia,2024,10010,
640,District Of Columbia,2024,10011,
640,District Of Columbia,2024,10012,
640,District Of Columbia,2024,10013,
640,District Of Columbia,2024,10014,
640,District Of Columbia,2024,10015,
640,District Of Columbia,2024,10016,
512,Hannibal-LaGrange,2024,1814,
512,Hannibal-LaGrange,2024,1815,
512,Hannibal-LaGrange,2024,1816,
512,Hannibal-LaGrange,2024,1821,
512,Hannibal-LaGrange,2024,1822,
512,Hannibal-LaGrange,2024,1823,
512,Hannibal-LaGrange,2024,1824,
512,Hannibal-LaGrange,2024,1825,
512,Hannibal-LaGrange,2024,1826,
512,Hannibal-LaGrange,2024,1827,
512,Hannibal-LaGrange,2024,1828,
512,Hannibal-LaGrange,2024,1829,
512,Hannibal-LaGrange,2024,1830,
779,St. Thomas (TX),2024,13713,
779,St. Thomas (TX),2024,13719,
779,St. Thomas (TX),2024,13720,
779,St. Thomas (TX),2024,13721,
779,St. Thomas (TX),2024,13722,
779,St. Thomas (TX),2024,13723,
779,St. Thomas (TX),2024,13724,
779,St. Thomas (TX),2024,13725,
779,St. Thomas (TX),2024,13726,
779,St. Thomas (TX),2024,13727,
779,St. Thomas (TX),2024,13730,
779,St. Thomas (TX),2024,13731,
779,St. Thomas (TX),2024,13732,
779,St. Thomas (TX),2024,13733,
779,St. Thomas (TX),2024,13734,
779,St. Thomas (TX),2024,13735,
779,St. Thomas (TX),2024,13736,
779,St. Thomas (TX),2024,13737,
779,St. Thomas (TX),2024,13728,
779,St. Thomas (TX),2024,13729,
817,Muskingum,2024,14809,
817,Muskingum,2024,14810,
817,Muskingum,2024,14811,
817,Muskingum,2024,14812,
817,Muskingum,2024,14813,
817,Muskingum,2024,14818,
817,Muskingum,2024,14819,
817,Muskingum,2024,14820,
817,Muskingum,2024,14821,
817,Muskingum,2024,14822,
817,Muskingum,2024,14823,
817,Muskingum,2024,14824,
817,Muskingum,2024,14825,
817,Muskingum,2024,14826,
817,Muskingum,2024,14827,
817,Muskingum,2024,14828,
817,Muskingum,2024,14829,
817,Muskingum,2024,14830,
817,Muskingum,2024,14831,
949,Wiley,2024,19324,
949,Wiley,2024,19325,
949,Wiley,2024,19326,
949,Wiley,2024,19327,
949,Wiley,2024,19328,
949,Wiley,2024,19329,
949,Wiley,2024,19330,
949,Wiley,2024,19331,
949,Wiley,2024,19332,
949,Wiley,2024,19333,
949,Wiley,2024,19334,
949,Wiley,2024,19335,
949,Wiley,2024,19336,
949,Wiley,2024,19337,
949,Wiley,2024,19338,
949,Wiley,2024,19339,
949,Wiley,2024,19340,
949,Wiley,2024,19341,
949,Wiley,2024,19342,
949,Wiley,2024,19343,
949,Wiley,2024,19344,
949,Wiley,2024,19345,
505,Cheyney (PA),2024,1510,
505,Cheyney (PA),2024,1512,
505,Cheyney (PA),2024,1513,
505,Cheyney (PA),2024,1515,
505,Cheyney (PA),2024,1516,
505,Cheyney (PA),2024,1522,
505,Cheyney (PA),2024,1523,
505,Cheyney (PA),2024,17646,
505,Cheyney (PA),2024,17647,
505,Cheyney (PA),2024,17648,
505,Cheyney (PA),2024,17649,
505,Cheyney (PA),2024,17650,
505,Cheyney (PA),2024,17651,
505,Cheyney (PA),2024,17652,
684,Auburn-Montgomery,2024,11222,
684,Auburn-Montgomery,2024,11223,
684,Auburn-Montgomery,2024,11224,
684,Auburn-Montgomery,2024,11225,
684,Auburn-Montgomery,2024,11226,
684,Auburn-Montgomery,2024,11227,
684,Auburn-Montgomery,2024,11228,
684,Auburn-Montgomery,2024,11229,
684,Auburn-Montgomery,2024,11230,
684,Auburn-Montgomery,2024,11231,
684,Auburn-Montgomery,2024,11232,
684,Auburn-Montgomery,2024,11233,
684,Auburn-Montgomery,2024,11234,
684,Auburn-Montgomery,2024,11235,
614,Kansas Christian,2024,9251,
614,Kansas Christian,2024,9252,
614,Kansas Christian,2024,9253,
614,Kansas Christian,2024,9255,
614,Kansas Christian,2024,9256,
614,Kansas Christian,2024,9257,
614,Kansas Christian,2024,9258,
614,Kansas Christian,2024,9259,
614,Kansas Christian,2024,9260,
614,Kansas Christian,2024,9261,
614,Kansas Christian,2024,9262,
614,Kansas Christian,2024,9263,
614,Kansas Christian,2024,9264,
848,Life University,2024,16730,
848,Life University,2024,16731,
848,Life University,2024,16732,
848,Life University,2024,16733,
848,Life University,2024,16734,
848,Life University,2024,16735,
848,Life University,2024,16736,
848,Life University,2024,16737,
848,Life University,2024,16738,
848,Life University,2024,16739,
848,Life University,2024,16740,
848,Life University,2024,16741,
848,Life University,2024,16742,
848,Life University,2024,16743,
848,Life University,2024,16744,
848,Life University,2024,16745,
848,Life University,2024,16746,
594,Oakwood,2024,8611,
594,Oakwood,2024,8612,
594,Oakwood,2024,8616,
594,Oakwood,2024,8617,
594,Oakwood,2024,8618,
594,Oakwood,2024,8619,
594,Oakwood,2024,8620,
594,Oakwood,2024,8625,
594,Oakwood,2024,8626,
594,Oakwood,2024,8627,
594,Oakwood,2024,8628,
594,Oakwood,2024,8629,
594,Oakwood,2024,8630,
594,Oakwood,2024,8631,
594,Oakwood,2024,8632,
594,Oakwood,2024,8633,
594,Oakwood,2024,8634,
927,Coe,2024,5338,
927,Coe,2024,18891,
927,Coe,2024,18892,
927,Coe,2024,18893,
927,Coe,2024,18894,
927,Coe,2024,18895,
927,Coe,2024,18896,
927,Coe,2024,18897,
927,Coe,2024,18898,
927,Coe,2024,18899,
927,Coe,2024,18900,
927,Coe,2024,18901,
927,Coe,2024,18902,
927,Coe,2024,18903,
927,Coe,2024,18904,
927,Coe,2024,18905,
927,Coe,2024,18906,
927,Coe,2024,18907,
927,Coe,2024,18908,
927,Coe,2024,18909,
927,Coe,2024,18910,
927,Coe,2024,18911,
927,Coe,2024,18912,
927,Coe,2024,18913,
927,Coe,2024,18914,
918,Warren Wilson,2024,18740,
918,Warren Wilson,2024,18741,
918,Warren Wilson,2024,18742,
918,Warren Wilson,2024,18743,
918,Warren Wilson,2024,18744,
918,Warren Wilson,2024,18745,
918,Warren Wilson,2024,18746,
918,Warren Wilson,2024,18747,
918,Warren Wilson,2024,18748,
918,Warren Wilson,2024,18749,
918,Warren Wilson,2024,18750,
918,Warren Wilson,2024,18751,
918,Warren Wilson,2024,18752,
918,Warren Wilson,2024,18753,
777,Crown College,2024,13640,
777,Crown College,2024,13641,
777,Crown College,2024,13642,
777,Crown College,2024,13645,
777,Crown College,2024,13646,
777,Crown College,2024,13647,
777,Crown College,2024,13648,
777,Crown College,2024,13649,
777,Crown College,2024,13650,
777,Crown College,2024,13651,
777,Crown College,2024,13652,
777,Crown College,2024,13653,
777,Crown College,2024,13662,
777,Crown College,2024,13663,
777,Crown College,2024,13664,
777,Crown College,2024,13665,
777,Crown College,2024,13666,
777,Crown College,2024,13667,
777,Crown College,2024,13668,
777,Crown College,2024,13669,
777,Crown College,2024,13670,
777,Crown College,2024,13671,
777,Crown College,2024,13672,
777,Crown College,2024,13673,
777,Crown College,2024,13674,
582,Baldwin Wallace,2024,7978,
582,Baldwin Wallace,2024,7988,
582,Baldwin Wallace,2024,7993,
582,Baldwin Wallace,2024,7994,
582,Baldwin Wallace,2024,7995,
582,Baldwin Wallace,2024,7996,
582,Baldwin Wallace,2024,7997,
582,Baldwin Wallace,2024,7998,
582,Baldwin Wallace,2024,7999,
582,Baldwin Wallace,2024,8000,
582,Baldwin Wallace,2024,8001,
582,Baldwin Wallace,2024,8002,
582,Baldwin Wallace,2024,8003,
582,Baldwin Wallace,2024,8004,
582,Baldwin Wallace,2024,8005,
582,Baldwin Wallace,2024,8006,
582,Baldwin Wallace,2024,8007,
582,Baldwin Wallace,2024,8008,
582,Baldwin Wallace,2024,8009,
898,Pacific Lutheran,2024,18359,
898,Pacific Lutheran,2024,18360,
898,Pacific Lutheran,2024,18361,
898,Pacific Lutheran,2024,18362,
898,Pacific Lutheran,2024,18363,
898,Pacific Lutheran,2024,18364,
898,Pacific Lutheran,2024,18365,
898,Pacific Lutheran,2024,18366,
898,Pacific Lutheran,2024,18367,
898,Pacific Lutheran,2024,18368,
898,Pacific Lutheran,2024,18369,
898,Pacific Lutheran,2024,18370,
898,Pacific Lutheran,2024,18371,
898,Pacific Lutheran,2024,18372,
898,Pacific Lutheran,2024,18373,
898,Pacific Lutheran,2024,18374,
898,Pacific Lutheran,2024,18375,
898,Pacific Lutheran,2024,18376,
898,Pacific Lutheran,2024,18377,
796,UVA Wise,2024,14190,
843,Millsaps,2024,16273,
843,Millsaps,2024,16274,
843,Millsaps,2024,16275,
843,Millsaps,2024,16276,
843,Millsaps,2024,16277,
843,Millsaps,2024,16278,
843,Millsaps,2024,16279,
843,Millsaps,2024,16280,
843,Millsaps,2024,16281,
843,Millsaps,2024,16282,
843,Millsaps,2024,16283,
843,Millsaps,2024,16284,
843,Millsaps,2024,16285,
843,Millsaps,2024,16286,
843,Millsaps,2024,16287,
843,Millsaps,2024,16288,
841,Vassar,2024,15878,
841,Vassar,2024,15879,
841,Vassar,2024,15880,
841,Vassar,2024,15881,
841,Vassar,2024,15882,
841,Vassar,2024,15883,
841,Vassar,2024,15884,
841,Vassar,2024,15885,
841,Vassar,2024,15886,
841,Vassar,2024,15887,
841,Vassar,2024,15888,
841,Vassar,2024,15889,
841,Vassar,2024,15890,
841,Vassar,2024,15891,
841,Vassar,2024,15892,
841,Vassar,2024,15893,
841,Vassar,2024,15894,
841,Vassar,2024,15895,
938,Portland Bible,2024,19091,
938,Portland Bible,2024,19092,
938,Portland Bible,2024,19093,
938,Portland Bible,2024,19094,
938,Portland Bible,2024,19095,
938,Portland Bible,2024,19096,
938,Portland Bible,2024,19097,
938,Portland Bible,2024,19098,
938,Portland Bible,2024,19099,
938,Portland Bible,2024,19100,
938,Portland Bible,2024,19101,
938,Portland Bible,2024,19102,
627,Chatham University,2024,9642,
627,Chatham University,2024,9643,
627,Chatham University,2024,9644,
627,Chatham University,2024,9645,
627,Chatham University,2024,9646,
627,Chatham University,2024,9647,
627,Chatham University,2024,9648,
627,Chatham University,2024,9649,
627,Chatham University,2024,9650,
627,Chatham University,2024,9651,
627,Chatham University,2024,9652,
627,Chatham University,2024,9653,
627,Chatham University,2024,9654,
627,Chatham University,2024,9655,
627,Chatham University,2024,9656,
627,Chatham University,2024,9657,
627,Chatham University,2024,9658,
627,Chatham University,2024,9659,
627,Chatham University,2024,9660,
627,Chatham University,2024,9661,
627,Chatham University,2024,9662,
627,Chatham University,2024,9663,
651,Campbellsville,2024,10261,
651,Campbellsville,2024,10262,
651,Campbellsville,2024,10263,
651,Campbellsville,2024,10266,
651,Campbellsville,2024,10267,
651,Campbellsville,2024,10268,
651,Campbellsville,2024,10270,
651,Campbellsville,2024,10271,
651,Campbellsville,2024,10272,
651,Campbellsville,2024,10273,
651,Campbellsville,2024,10274,
651,Campbellsville,2024,10275,
651,Campbellsville,2024,10276,
651,Campbellsville,2024,10277,
741,Brevard,2024,12679,
741,Brevard,2024,12680,
741,Brevard,2024,12681,
741,Brevard,2024,12682,
741,Brevard,2024,12687,
741,Brevard,2024,12688,
741,Brevard,2024,12689,
741,Brevard,2024,12690,
741,Brevard,2024,12691,
741,Brevard,2024,12692,
741,Brevard,2024,12693,
741,Brevard,2024,12694,
741,Brevard,2024,12695,
741,Brevard,2024,12696,
741,Brevard,2024,12697,
741,Brevard,2024,12698,
741,Brevard,2024,12699,
741,Brevard,2024,12700,
741,Brevard,2024,12701,
741,Brevard,2024,12702,
741,Brevard,2024,12703,
741,Brevard,2024,12704,
919,Rocky Mountain,2024,18754,
919,Rocky Mountain,2024,18755,
919,Rocky Mountain,2024,18756,
919,Rocky Mountain,2024,18757,
919,Rocky Mountain,2024,18758,
919,Rocky Mountain,2024,18759,
919,Rocky Mountain,2024,18760,
919,Rocky Mountain,2024,18761,
919,Rocky Mountain,2024,18762,
919,Rocky Mountain,2024,18763,
919,Rocky Mountain,2024,18764,
919,Rocky Mountain,2024,18765,
919,Rocky Mountain,2024,18766,
919,Rocky Mountain,2024,18767,
919,Rocky Mountain,2024,18768,
919,Rocky Mountain,2024,18769,
919,Rocky Mountain,2024,18770,
919,Rocky Mountain,2024,18771,
851,Blue Mountain,2024,16834,
851,Blue Mountain,2024,16835,
851,Blue Mountain,2024,16836,
851,Blue Mountain,2024,16837,
851,Blue Mountain,2024,16838,
851,Blue Mountain,2024,16839,
851,Blue Mountain,2024,16840,
851,Blue Mountain,2024,16841,
851,Blue Mountain,2024,16842,
851,Blue Mountain,2024,16843,
851,Blue Mountain,2024,16844,
851,Blue Mountain,2024,16845,
851,Blue Mountain,2024,16846,
851,Blue Mountain,2024,16847,
851,Blue Mountain,2024,16848,
687,Embry-Riddle (AZ),2024,11285,
687,Embry-Riddle (AZ),2024,11292,
687,Embry-Riddle (AZ),2024,11294,
687,Embry-Riddle (AZ),2024,11295,
687,Embry-Riddle (AZ),2024,11296,
687,Embry-Riddle (AZ),2024,11297,
687,Embry-Riddle (AZ),2024,11298,
687,Embry-Riddle (AZ),2024,11299,
687,Embry-Riddle (AZ),2024,11300,
631,Valley Forge,2024,9760,
631,Valley Forge,2024,9761,
631,Valley Forge,2024,9766,
631,Valley Forge,2024,9767,
631,Valley Forge,2024,9768,
631,Valley Forge,2024,9769,
631,Valley Forge,2024,9770,
631,Valley Forge,2024,9771,
631,Valley Forge,2024,9772,
631,Valley Forge,2024,9773,
631,Valley Forge,2024,9774,
631,Valley Forge,2024,9775,
631,Valley Forge,2024,9776,
631,Valley Forge,2024,9777,
868,Worcester State,2024,5872,
868,Worcester State,2024,17699,
868,Worcester State,2024,17700,
868,Worcester State,2024,17701,
868,Worcester State,2024,17702,
868,Worcester State,2024,17703,
868,Worcester State,2024,17704,
868,Worcester State,2024,17705,
868,Worcester State,2024,17706,
868,Worcester State,2024,17707,
868,Worcester State,2024,17708,
868,Worcester State,2024,17709,
868,Worcester State,2024,17710,
868,Worcester State,2024,17711,
868,Worcester State,2024,17712,
868,Worcester State,2024,17713,
868,Worcester State,2024,17714,
868,Worcester State,2024,17715,
868,Worcester State,2024,17716,
868,Worcester State,2024,17717,
868,Worcester State,2024,17718,
965,Coker,2024,19652,
965,Coker,2024,19653,
965,Coker,2024,19654,
965,Coker,2024,19655,
965,Coker,2024,19656,
965,Coker,2024,19657,
965,Coker,2024,19658,
965,Coker,2024,19659,
965,Coker,2024,19660,
965,Coker,2024,19661,
965,Coker,2024,19662,
965,Coker,2024,19663,
965,Coker,2024,19664,
965,Coker,2024,19665,
965,Coker,2024,19666,
965,Coker,2024,19667,
965,Coker,2024,19668,
965,Coker,2024,19669,
965,Coker,2024,19670,
730,Elizabeth City State,2024,12384,
730,Elizabeth City State,2024,12385,
730,Elizabeth City State,2024,12386,
730,Elizabeth City State,2024,12387,
730,Elizabeth City State,2024,12388,
730,Elizabeth City State,2024,12396,
730,Elizabeth City State,2024,12397,
730,Elizabeth City State,2024,12405,
730,Elizabeth City State,2024,12406,
730,Elizabeth City State,2024,12407,
730,Elizabeth City State,2024,12408,
730,Elizabeth City State,2024,12409,
730,Elizabeth City State,2024,12410,
730,Elizabeth City State,2024,12411,
730,Elizabeth City State,2024,12412,
730,Elizabeth City State,2024,12413,
730,Elizabeth City State,2024,12414,
730,Elizabeth City State,2024,12415,
730,Elizabeth City State,2024,12416,
730,Elizabeth City State,2024,12417,
730,Elizabeth City State,2024,12418,
730,Elizabeth City State,2024,12419,
569,Jessup University,2024,4916,
569,Jessup University,2024,6901,
569,Jessup University,2024,6902,
569,Jessup University,2024,6903,
569,Jessup University,2024,6904,
569,Jessup University,2024,6906,
569,Jessup University,2024,6907,
569,Jessup University,2024,6908,
569,Jessup University,2024,6909,
569,Jessup University,2024,6911,
569,Jessup University,2024,6912,
569,Jessup University,2024,6913,
569,Jessup University,2024,6914,
569,Jessup University,2024,6915,
569,Jessup University,2024,6916,
569,Jessup University,2024,6917,
569,Jessup University,2024,6918,
507,Morris College,2024,1590,
507,Morris College,2024,1591,
507,Morris College,2024,1592,
507,Morris College,2024,1593,
507,Morris College,2024,1594,
507,Morris College,2024,1595,
507,Morris College,2024,1596,
507,Morris College,2024,1597,
507,Morris College,2024,1598,
507,Morris College,2024,1599,
507,Morris College,2024,1600,
507,Morris College,2024,1601,
507,Morris College,2024,1602,
507,Morris College,2024,1603,
507,Morris College,2024,1604,
507,Morris College,2024,1605,
507,Morris College,2024,1606,
507,Morris College,2024,1607,
507,Morris College,2024,1608,
507,Morris College,2024,1609,
596,WPI,2024,8691,
596,WPI,2024,8692,
596,WPI,2024,8693,
596,WPI,2024,8700,
596,WPI,2024,8702,
596,WPI,2024,8703,
596,WPI,2024,8704,
596,WPI,2024,8705,
596,WPI,2024,8706,
596,WPI,2024,8707,
596,WPI,2024,8708,
596,WPI,2024,8709,
596,WPI,2024,8710,
596,WPI,2024,8711,
596,WPI,2024,8712,
596,WPI,2024,8713,
596,WPI,2024,8714,
500,Washington College (MD),2024,1141,
500,Washington College (MD),2024,1142,
500,Washington College (MD),2024,1146,
500,Washington College (MD),2024,1147,
500,Washington College (MD),2024,1148,
500,Washington College (MD),2024,1149,
500,Washington College (MD),2024,1150,
500,Washington College (MD),2024,1152,
500,Washington College (MD),2024,1153,
500,Washington College (MD),2024,1154,
500,Washington College (MD),2024,1155,
500,Washington College (MD),2024,1156,
500,Washington College (MD),2024,1157,
500,Washington College (MD),2024,1158,
500,Washington College (MD),2024,1159,
500,Washington College (MD),2024,1160,
500,Washington College (MD),2024,1161,
500,Washington College (MD),2024,1162,
500,Washington College (MD),2024,1163,
642,Christendom,2024,10047,
642,Christendom,2024,10048,
642,Christendom,2024,10049,
642,Christendom,2024,10051,
642,Christendom,2024,10052,
642,Christendom,2024,10053,
642,Christendom,2024,10054,
642,Christendom,2024,10055,
642,Christendom,2024,10056,
642,Christendom,2024,10057,
642,Christendom,2024,10058,
642,Christendom,2024,10059,
770,Bryn Athyn,2024,13437,
770,Bryn Athyn,2024,13438,
770,Bryn Athyn,2024,13439,
770,Bryn Athyn,2024,13440,
770,Bryn Athyn,2024,13441,
770,Bryn Athyn,2024,13445,
770,Bryn Athyn,2024,13446,
770,Bryn Athyn,2024,13447,
770,Bryn Athyn,2024,13448,
770,Bryn Athyn,2024,13452,
770,Bryn Athyn,2024,13453,
770,Bryn Athyn,2024,13454,
770,Bryn Athyn,2024,13455,
770,Bryn Athyn,2024,13456,
770,Bryn Athyn,2024,13457,
770,Bryn Athyn,2024,13458,
770,Bryn Athyn,2024,13459,
770,Bryn Athyn,2024,13460,
770,Bryn Athyn,2024,13461,
540,Bethel (TN),2024,4239,
540,Bethel (TN),2024,4240,
540,Bethel (TN),2024,4241,
540,Bethel (TN),2024,4242,
540,Bethel (TN),2024,4247,
540,Bethel (TN),2024,4248,
540,Bethel (TN),2024,4249,
540,Bethel (TN),2024,4250,
540,Bethel (TN),2024,4251,
540,Bethel (TN),2024,4252,
540,Bethel (TN),2024,4253,
540,Bethel (TN),2024,4254,
540,Bethel (TN),2024,4255,
540,Bethel (TN),2024,4256,
540,Bethel (TN),2024,4257,
540,Bethel (TN),2024,4258,
540,Bethel (TN),2024,4259,
540,Bethel (TN),2024,4260,
540,Bethel (TN),2024,4261,
540,Bethel (TN),2024,4262,
543,Northeastern State,2024,4393,
543,Northeastern State,2024,4394,
543,Northeastern State,2024,4397,
543,Northeastern State,2024,4398,
543,Northeastern State,2024,4399,
869,North Park,2024,17731,
869,North Park,2024,17732,
869,North Park,2024,17733,
869,North Park,2024,17734,
869,North Park,2024,17735,
869,North Park,2024,17736,
869,North Park,2024,17737,
869,North Park,2024,17738,
869,North Park,2024,17739,
869,North Park,2024,17740,
869,North Park,2024,17741,
869,North Park,2024,17742,
869,North Park,2024,17743,
869,North Park,2024,17744,
869,North Park,2024,17745,
869,North Park,2024,17746,
869,North Park,2024,17747,
869,North Park,2024,17748,
869,North Park,2024,17749,
869,North Park,2024,17750,
869,North Park,2024,17751,
869,North Park,2024,17752,
869,North Park,2024,17753,
532,Mississippi College,2024,3648,
532,Mississippi College,2024,3656,
532,Mississippi College,2024,3657,
532,Mississippi College,2024,3658,
532,Mississippi College,2024,3659,
532,Mississippi College,2024,3660,
532,Mississippi College,2024,3661,
532,Mississippi College,2024,3662,
532,Mississippi College,2024,3663,
532,Mississippi College,2024,3664,
532,Mississippi College,2024,3665,
532,Mississippi College,2024,3666,
532,Mississippi College,2024,3667,
532,Mississippi College,2024,3668,
532,Mississippi College,2024,3669,
532,Mississippi College,2024,3670,
532,Mississippi College,2024,3671,
837,Malone,2024,15693,
837,Malone,2024,15694,
837,Malone,2024,15695,
837,Malone,2024,15696,
837,Malone,2024,15697,
837,Malone,2024,15698,
837,Malone,2024,15699,
837,Malone,2024,15700,
837,Malone,2024,15701,
837,Malone,2024,15702,
837,Malone,2024,15703,
837,Malone,2024,15704,
837,Malone,2024,15705,
837,Malone,2024,15706,
837,Malone,2024,15707,
837,Malone,2024,15708,
837,Malone,2024,15709,
897,Luther,2024,18328,
897,Luther,2024,18329,
897,Luther,2024,18330,
897,Luther,2024,18331,
897,Luther,2024,18332,
897,Luther,2024,18333,
897,Luther,2024,18334,
897,Luther,2024,18335,
897,Luther,2024,18336,
897,Luther,2024,18337,
897,Luther,2024,18338,
897,Luther,2024,18339,
897,Luther,2024,18340,
897,Luther,2024,18341,
897,Luther,2024,18342,
897,Luther,2024,18343,
897,Luther,2024,18344,
897,Luther,2024,18345,
897,Luther,2024,18346,
897,Luther,2024,18347,
897,Luther,2024,18348,
897,Luther,2024,18349,
897,Luther,2024,18350,
897,Luther,2024,18351,
897,Luther,2024,18352,
897,Luther,2024,18353,
897,Luther,2024,18354,
897,Luther,2024,18355,
897,Luther,2024,18356,
897,Luther,2024,18357,
897,Luther,2024,18358,
719,Texas Lutheran,2024,12087,
719,Texas Lutheran,2024,12088,
719,Texas Lutheran,2024,12089,
719,Texas Lutheran,2024,12090,
719,Texas Lutheran,2024,12096,
719,Texas Lutheran,2024,12097,
719,Texas Lutheran,2024,12098,
719,Texas Lutheran,2024,12099,
719,Texas Lutheran,2024,12100,
719,Texas Lutheran,2024,12101,
719,Texas Lutheran,2024,12102,
719,Texas Lutheran,2024,12103,
719,Texas Lutheran,2024,12104,
719,Texas Lutheran,2024,12105,
719,Texas Lutheran,2024,12106,
719,Texas Lutheran,2024,12107,
719,Texas Lutheran,2024,12108,
536,Maryville College (TN),2024,3813,
536,Maryville College (TN),2024,3814,
536,Maryville College (TN),2024,3823,
536,Maryville College (TN),2024,3824,
536,Maryville College (TN),2024,3825,
536,Maryville College (TN),2024,3826,
536,Maryville College (TN),2024,3827,
536,Maryville College (TN),2024,3828,
536,Maryville College (TN),2024,3829,
536,Maryville College (TN),2024,3830,
536,Maryville College (TN),2024,3831,
536,Maryville College (TN),2024,3832,
536,Maryville College (TN),2024,3833,
536,Maryville College (TN),2024,3834,
536,Maryville College (TN),2024,3835,
536,Maryville College (TN),2024,3836,
536,Maryville College (TN),2024,3837,
536,Maryville College (TN),2024,3838,
499,Framingham State,2024,998,
499,Framingham State,2024,999,
499,Framingham State,2024,1000,
499,Framingham State,2024,1006,
499,Framingham State,2024,1007,
499,Framingham State,2024,1008,
499,Framingham State,2024,1009,
499,Framingham State,2024,1010,
499,Framingham State,2024,1013,
499,Framingham State,2024,1014,
499,Framingham State,2024,1015,
499,Framingham State,2024,1016,
499,Framingham State,2024,1017,
499,Framingham State,2024,1018,
499,Framingham State,2024,1019,
499,Framingham State,2024,1020,
499,Framingham State,2024,1021,
499,Framingham State,2024,1022,
499,Framingham State,2024,1023,
499,Framingham State,2024,1024,
499,Framingham State,2024,1025,
789,Chadron State,2024,14005,
789,Chadron State,2024,14006,
789,Chadron State,2024,14007,
789,Chadron State,2024,14008,
789,Chadron State,2024,14009,
789,Chadron State,2024,14010,
789,Chadron State,2024,14011,
789,Chadron State,2024,14012,
789,Chadron State,2024,14013,
789,Chadron State,2024,14014,
789,Chadron State,2024,14015,
789,Chadron State,2024,14016,
789,Chadron State,2024,14017,
789,Chadron State,2024,14018,
789,Chadron State,2024,14019,
593,SUNY-Oneonta,2024,8584,
593,SUNY-Oneonta,2024,8585,
593,SUNY-Oneonta,2024,8586,
593,SUNY-Oneonta,2024,8591,
593,SUNY-Oneonta,2024,8592,
593,SUNY-Oneonta,2024,8593,
593,SUNY-Oneonta,2024,8594,
593,SUNY-Oneonta,2024,8598,
593,SUNY-Oneonta,2024,8599,
593,SUNY-Oneonta,2024,8600,
593,SUNY-Oneonta,2024,8601,
593,SUNY-Oneonta,2024,8602,
593,SUNY-Oneonta,2024,8603,
593,SUNY-Oneonta,2024,8604,
593,SUNY-Oneonta,2024,8605,
593,SUNY-Oneonta,2024,8606,
593,SUNY-Oneonta,2024,8607,
661,Randall University,2024,10560,
661,Randall University,2024,10561,
661,Randall University,2024,10562,
661,Randall University,2024,10563,
661,Randall University,2024,10564,
661,Randall University,2024,10565,
661,Randall University,2024,10566,
661,Randall University,2024,10567,
661,Randall University,2024,10568,
661,Randall University,2024,10569,
661,Randall University,2024,10570,
661,Randall University,2024,10571,
661,Randall University,2024,10572,
661,Randall University,2024,10573,
661,Randall University,2024,10574,
661,Randall University,2024,10575,
519,NC Wesleyan,2024,2133,
519,NC Wesleyan,2024,2134,
519,NC Wesleyan,2024,2135,
519,NC Wesleyan,2024,2148,
519,NC Wesleyan,2024,2149,
519,NC Wesleyan,2024,2150,
519,NC Wesleyan,2024,2151,
519,NC Wesleyan,2024,2152,
519,NC Wesleyan,2024,2153,
519,NC Wesleyan,2024,2154,
519,NC Wesleyan,2024,2155,
519,NC Wesleyan,2024,2156,
519,NC Wesleyan,2024,2157,
519,NC Wesleyan,2024,2158,
519,NC Wesleyan,2024,2159,
519,NC Wesleyan,2024,2160,
519,NC Wesleyan,2024,2161,
519,NC Wesleyan,2024,2162,
846,Jarvis Christian,2024,16581,
846,Jarvis Christian,2024,16582,
846,Jarvis Christian,2024,16583,
846,Jarvis Christian,2024,16584,
846,Jarvis Christian,2024,16585,
846,Jarvis Christian,2024,16586,
846,Jarvis Christian,2024,16587,
846,Jarvis Christian,2024,16588,
846,Jarvis Christian,2024,16589,
846,Jarvis Christian,2024,16590,
846,Jarvis Christian,2024,16591,
846,Jarvis Christian,2024,16592,
846,Jarvis Christian,2024,16593,
846,Jarvis Christian,2024,16594,
846,Jarvis Christian,2024,16595,
846,Jarvis Christian,2024,16596,
846,Jarvis Christian,2024,16597,
846,Jarvis Christian,2024,16598,
846,Jarvis Christian,2024,16599,
846,Jarvis Christian,2024,16600,
846,Jarvis Christian,2024,16601,
846,Jarvis Christian,2024,16602,
673,Texas College,2024,10863,
673,Texas College,2024,10864,
673,Texas College,2024,10865,
673,Texas College,2024,10866,
673,Texas College,2024,10867,
673,Texas College,2024,10868,
673,Texas College,2024,10869,
673,Texas College,2024,10870,
673,Texas College,2024,10871,
673,Texas College,2024,10872,
673,Texas College,2024,10873,
673,Texas College,2024,10874,
673,Texas College,2024,10875,
673,Texas College,2024,10876,
673,Texas College,2024,10877,
931,George Fox,2024,18970,
931,George Fox,2024,18971,
931,George Fox,2024,18972,
931,George Fox,2024,18973,
931,George Fox,2024,18974,
931,George Fox,2024,18975,
931,George Fox,2024,18976,
931,George Fox,2024,18977,
931,George Fox,2024,18978,
931,George Fox,2024,18979,
931,George Fox,2024,18980,
931,George Fox,2024,18981,
931,George Fox,2024,18982,
931,George Fox,2024,18983,
931,George Fox,2024,18984,
931,George Fox,2024,18985,
931,George Fox,2024,18986,
931,George Fox,2024,18987,
656,Western Oregon,2024,7311,
656,Western Oregon,2024,10396,
656,Western Oregon,2024,10400,
656,Western Oregon,2024,10401,
656,Western Oregon,2024,10402,
656,Western Oregon,2024,10403,
656,Western Oregon,2024,10406,
656,Western Oregon,2024,10407,
656,Western Oregon,2024,10408,
656,Western Oregon,2024,10409,
656,Western Oregon,2024,10410,
656,Western Oregon,2024,10411,
656,Western Oregon,2024,10412,
656,Western Oregon,2024,10413,
656,Western Oregon,2024,10414,
656,Western Oregon,2024,10415,
625,Lancaster Bible College,2024,9563,
625,Lancaster Bible College,2024,9567,
625,Lancaster Bible College,2024,9568,
625,Lancaster Bible College,2024,9569,
625,Lancaster Bible College,2024,9570,
625,Lancaster Bible College,2024,9571,
625,Lancaster Bible College,2024,9572,
625,Lancaster Bible College,2024,9573,
625,Lancaster Bible College,2024,9574,
625,Lancaster Bible College,2024,9575,
625,Lancaster Bible College,2024,9576,
625,Lancaster Bible College,2024,9577,
625,Lancaster Bible College,2024,9578,
581,Boyce,2024,7951,
581,Boyce,2024,7952,
581,Boyce,2024,7953,
581,Boyce,2024,7960,
581,Boyce,2024,7961,
581,Boyce,2024,7962,
581,Boyce,2024,7963,
581,Boyce,2024,7964,
581,Boyce,2024,7965,
581,Boyce,2024,7966,
581,Boyce,2024,7967,
581,Boyce,2024,7968,
581,Boyce,2024,7969,
581,Boyce,2024,7970,
581,Boyce,2024,7971,
581,Boyce,2024,7972,
581,Boyce,2024,7973,
820,Fort Valley State,2024,14898,
820,Fort Valley State,2024,14899,
820,Fort Valley State,2024,14900,
820,Fort Valley State,2024,14907,
820,Fort Valley State,2024,14908,
820,Fort Valley State,2024,14909,
820,Fort Valley State,2024,14910,
820,Fort Valley State,2024,14911,
820,Fort Valley State,2024,14912,
820,Fort Valley State,2024,14913,
820,Fort Valley State,2024,14914,
820,Fort Valley State,2024,14915,
820,Fort Valley State,2024,14916,
820,Fort Valley State,2024,14917,
820,Fort Valley State,2024,14918,
820,Fort Valley State,2024,14919,
679,Capital,2024,11057,
679,Capital,2024,11058,
679,Capital,2024,11059,
679,Capital,2024,11060,
679,Capital,2024,11061,
679,Capital,2024,11062,
679,Capital,2024,11063,
679,Capital,2024,11064,
679,Capital,2024,11065,
679,Capital,2024,11066,
679,Capital,2024,11067,
679,Capital,2024,11068,
679,Capital,2024,11069,
679,Capital,2024,11070,
679,Capital,2024,11071,
493,Oglethorpe,2024,639,
493,Oglethorpe,2024,640,
493,Oglethorpe,2024,641,
493,Oglethorpe,2024,642,
493,Oglethorpe,2024,643,
493,Oglethorpe,2024,654,
493,Oglethorpe,2024,655,
493,Oglethorpe,2024,656,
493,Oglethorpe,2024,657,
493,Oglethorpe,2024,658,
493,Oglethorpe,2024,659,
493,Oglethorpe,2024,661,
493,Oglethorpe,2024,662,
493,Oglethorpe,2024,663,
493,Oglethorpe,2024,664,
493,Oglethorpe,2024,665,
493,Oglethorpe,2024,666,
935,Oak Hills Christian,2024,19044,
935,Oak Hills Christian,2024,19045,
935,Oak Hills Christian,2024,19046,
935,Oak Hills Christian,2024,19047,
935,Oak Hills Christian,2024,19048,
935,Oak Hills Christian,2024,19049,
935,Oak Hills Christian,2024,19050,
935,Oak Hills Christian,2024,19051,
935,Oak Hills Christian,2024,19052,
935,Oak Hills Christian,2024,19053,
935,Oak Hills Christian,2024,19054,
935,Oak Hills Christian,2024,19055,
937,Sterling College (KS),2024,19072,
937,Sterling College (KS),2024,19073,
937,Sterling College (KS),2024,19074,
937,Sterling College (KS),2024,19075,
937,Sterling College (KS),2024,19076,
937,Sterling College (KS),2024,19077,
937,Sterling College (KS),2024,19078,
937,Sterling College (KS),2024,19079,
937,Sterling College (KS),2024,19080,
937,Sterling College (KS),2024,19081,
937,Sterling College (KS),2024,19082,
937,Sterling College (KS),2024,19083,
937,Sterling College (KS),2024,19084,
937,Sterling College (KS),2024,19085,
937,Sterling College (KS),2024,19086,
937,Sterling College (KS),2024,19087,
937,Sterling College (KS),2024,19088,
937,Sterling College (KS),2024,19089,
937,Sterling College (KS),2024,19090,
775,Shawnee State,2024,13582,
775,Shawnee State,2024,13583,
775,Shawnee State,2024,13584,
775,Shawnee State,2024,13590,
775,Shawnee State,2024,13591,
775,Shawnee State,2024,13595,
775,Shawnee State,2024,13596,
775,Shawnee State,2024,13597,
775,Shawnee State,2024,13598,
775,Shawnee State,2024,13599,
775,Shawnee State,2024,13600,
775,Shawnee State,2024,13601,
775,Shawnee State,2024,13602,
775,Shawnee State,2024,13603,
775,Shawnee State,2024,17538,
654,Corban College,2024,10348,
654,Corban College,2024,10349,
654,Corban College,2024,10363,
576,SUNY-Canton,2024,7437,
576,SUNY-Canton,2024,7438,
576,SUNY-Canton,2024,7439,
576,SUNY-Canton,2024,7440,
576,SUNY-Canton,2024,7446,
576,SUNY-Canton,2024,7447,
576,SUNY-Canton,2024,7448,
576,SUNY-Canton,2024,7449,
576,SUNY-Canton,2024,7450,
576,SUNY-Canton,2024,7451,
576,SUNY-Canton,2024,7452,
576,SUNY-Canton,2024,7453,
576,SUNY-Canton,2024,7456,
576,SUNY-Canton,2024,7457,
576,SUNY-Canton,2024,7458,
576,SUNY-Canton,2024,7459,
576,SUNY-Canton,2024,7460,
576,SUNY-Canton,2024,7461,
576,SUNY-Canton,2024,7462,
576,SUNY-Canton,2024,7463,
759,Apprentice School,2024,13147,
759,Apprentice School,2024,13148,
759,Apprentice School,2024,13149,
759,Apprentice School,2024,13150,
759,Apprentice School,2024,13151,
759,Apprentice School,2024,13155,
759,Apprentice School,2024,13156,
759,Apprentice School,2024,13157,
759,Apprentice School,2024,13158,
759,Apprentice School,2024,13159,
759,Apprentice School,2024,13173,
759,Apprentice School,2024,13174,
759,Apprentice School,2024,13175,
759,Apprentice School,2024,13176,
759,Apprentice School,2024,13177,
759,Apprentice School,2024,13178,
966,Antelope Valley,2024,19671,
966,Antelope Valley,2024,19672,
966,Antelope Valley,2024,19673,
966,Antelope Valley,2024,19674,
966,Antelope Valley,2024,19675,
966,Antelope Valley,2024,19676,
966,Antelope Valley,2024,19677,
966,Antelope Valley,2024,19678,
966,Antelope Valley,2024,19679,
966,Antelope Valley,2024,19680,
966,Antelope Valley,2024,19681,
966,Antelope Valley,2024,19682,
966,Antelope Valley,2024,19683,
966,Antelope Valley,2024,19684,
966,Antelope Valley,2024,19685,
966,Antelope Valley,2024,19686,
966,Antelope Valley,2024,19687,
966,Antelope Valley,2024,19688,
966,Antelope Valley,2024,19689,
635,Taylor,2024,9871,
635,Taylor,2024,9872,
635,Taylor,2024,9873,
635,Taylor,2024,9874,
635,Taylor,2024,9875,
635,Taylor,2024,9876,
635,Taylor,2024,9877,
635,Taylor,2024,9878,
635,Taylor,2024,9879,
635,Taylor,2024,9880,
635,Taylor,2024,9881,
635,Taylor,2024,9882,
635,Taylor,2024,9883,
755,Lindsey Wilson College,2024,13041,
755,Lindsey Wilson College,2024,13042,
755,Lindsey Wilson College,2024,13043,
755,Lindsey Wilson College,2024,13046,
755,Lindsey Wilson College,2024,13047,
755,Lindsey Wilson College,2024,13048,
755,Lindsey Wilson College,2024,13049,
755,Lindsey Wilson College,2024,13050,
755,Lindsey Wilson College,2024,13051,
755,Lindsey Wilson College,2024,13052,
755,Lindsey Wilson College,2024,13053,
755,Lindsey Wilson College,2024,13054,
755,Lindsey Wilson College,2024,13055,
755,Lindsey Wilson College,2024,13056,
755,Lindsey Wilson College,2024,13057,
755,Lindsey Wilson College,2024,13058,
755,Lindsey Wilson College,2024,13059,
638,Mount Saint Mary (NY),2024,9943,
638,Mount Saint Mary (NY),2024,9944,
638,Mount Saint Mary (NY),2024,9945,
638,Mount Saint Mary (NY),2024,9946,
638,Mount Saint Mary (NY),2024,9947,
638,Mount Saint Mary (NY),2024,9953,
638,Mount Saint Mary (NY),2024,9954,
638,Mount Saint Mary (NY),2024,9955,
638,Mount Saint Mary (NY),2024,9956,
638,Mount Saint Mary (NY),2024,9957,
638,Mount Saint Mary (NY),2024,9958,
638,Mount Saint Mary (NY),2024,9959,
638,Mount Saint Mary (NY),2024,9960,
638,Mount Saint Mary (NY),2024,9961,
638,Mount Saint Mary (NY),2024,9962,
638,Mount Saint Mary (NY),2024,9963,
638,Mount Saint Mary (NY),2024,9964,
638,Mount Saint Mary (NY),2024,9965,
722,Texas A&M-Kingsville,2024,12173,
722,Texas A&M-Kingsville,2024,12174,
722,Texas A&M-Kingsville,2024,12175,
722,Texas A&M-Kingsville,2024,12176,
722,Texas A&M-Kingsville,2024,12177,
722,Texas A&M-Kingsville,2024,12178,
722,Texas A&M-Kingsville,2024,12179,
722,Texas A&M-Kingsville,2024,12180,
722,Texas A&M-Kingsville,2024,12181,
722,Texas A&M-Kingsville,2024,12182,
722,Texas A&M-Kingsville,2024,12183,
722,Texas A&M-Kingsville,2024,12184,
722,Texas A&M-Kingsville,2024,12185,
722,Texas A&M-Kingsville,2024,12186,
722,Texas A&M-Kingsville,2024,12187,
722,Texas A&M-Kingsville,2024,12188,
722,Texas A&M-Kingsville,2024,12189,
722,Texas A&M-Kingsville,2024,12190,
646,Carolina University,2024,10137,
646,Carolina University,2024,10142,
646,Carolina University,2024,10143,
646,Carolina University,2024,10144,
646,Carolina University,2024,10147,
646,Carolina University,2024,10148,
646,Carolina University,2024,10149,
646,Carolina University,2024,10150,
646,Carolina University,2024,10151,
646,Carolina University,2024,10152,
646,Carolina University,2024,10153,
646,Carolina University,2024,10154,
646,Carolina University,2024,10155,
646,Carolina University,2024,10156,
646,Carolina University,2024,10157,
646,Carolina University,2024,10158,
646,Carolina University,2024,10159,
646,Carolina University,2024,10160,
646,Carolina University,2024,10161,
646,Carolina University,2024,10162,
725,Averett,2024,12253,
725,Averett,2024,12254,
725,Averett,2024,12255,
725,Averett,2024,12267,
725,Averett,2024,12268,
725,Averett,2024,12269,
725,Averett,2024,12270,
725,Averett,2024,12271,
725,Averett,2024,12272,
725,Averett,2024,12273,
725,Averett,2024,12274,
725,Averett,2024,12275,
725,Averett,2024,12276,
725,Averett,2024,12277,
725,Averett,2024,12278,
725,Averett,2024,12279,2003-12-05
744,Warner University,2024,14613,
744,Warner University,2024,14614,
744,Warner University,2024,14615,
744,Warner University,2024,14616,
744,Warner University,2024,14617,
744,Warner University,2024,14618,
744,Warner University,2024,14619,
744,Warner University,2024,14620,
744,Warner University,2024,14621,
744,Warner University,2024,14622,
744,Warner University,2024,14623,
744,Warner University,2024,14624,
744,Warner University,2024,14625,
744,Warner University,2024,14626,
744,Warner University,2024,14627,
707,Kentucky State,2024,11810,
707,Kentucky State,2024,11811,
707,Kentucky State,2024,11812,
707,Kentucky State,2024,11815,
707,Kentucky State,2024,11816,
707,Kentucky State,2024,11817,
707,Kentucky State,2024,11818,
707,Kentucky State,2024,11819,
707,Kentucky State,2024,11821,
707,Kentucky State,2024,11822,
707,Kentucky State,2024,11823,
707,Kentucky State,2024,11824,
707,Kentucky State,2024,11825,
707,Kentucky State,2024,11826,
971,Wells College,2024,19772,
971,Wells College,2024,19773,
971,Wells College,2024,19774,
971,Wells College,2024,19775,
971,Wells College,2024,19776,
971,Wells College,2024,19777,
971,Wells College,2024,19778,
971,Wells College,2024,19779,
971,Wells College,2024,19780,
971,Wells College,2024,19781,
971,Wells College,2024,19782,
971,Wells College,2024,19783,
971,Wells College,2024,19784,
971,Wells College,2024,19785,
971,Wells College,2024,19786,
971,Wells College,2024,19787,
971,Wells College,2024,19788,
971,Wells College,2024,19789,
930,LeMoyne-Owen,2024,462,
930,LeMoyne-Owen,2024,18953,
930,LeMoyne-Owen,2024,18954,
930,LeMoyne-Owen,2024,18955,
930,LeMoyne-Owen,2024,18956,
930,LeMoyne-Owen,2024,18957,
930,LeMoyne-Owen,2024,18958,
930,LeMoyne-Owen,2024,18959,
930,LeMoyne-Owen,2024,18960,
930,LeMoyne-Owen,2024,18961,
930,LeMoyne-Owen,2024,18962,
930,LeMoyne-Owen,2024,18963,
930,LeMoyne-Owen,2024,18964,
930,LeMoyne-Owen,2024,18965,
930,LeMoyne-Owen,2024,18966,
930,LeMoyne-Owen,2024,18967,
551,Trinity (TX),2024,5193,
551,Trinity (TX),2024,5194,
551,Trinity (TX),2024,5195,
551,Trinity (TX),2024,5207,
551,Trinity (TX),2024,5208,
551,Trinity (TX),2024,5209,
551,Trinity (TX),2024,5210,
551,Trinity (TX),2024,5212,
551,Trinity (TX),2024,5213,
551,Trinity (TX),2024,5214,
551,Trinity (TX),2024,5215,
551,Trinity (TX),2024,5216,
551,Trinity (TX),2024,5217,
551,Trinity (TX),2024,5218,
551,Trinity (TX),2024,5219,
551,Trinity (TX),2024,5220,
551,Trinity (TX),2024,5221,
551,Trinity (TX),2024,5222,
551,Trinity (TX),2024,5223,
551,Trinity (TX),2024,5224,
551,Trinity (TX),2024,5225,
551,Trinity (TX),2024,5226,
903,Pittsburgh - Greensburg,2024,18471,
903,Pittsburgh - Greensburg,2024,18472,
903,Pittsburgh - Greensburg,2024,18473,
903,Pittsburgh - Greensburg,2024,18474,
903,Pittsburgh - Greensburg,2024,18475,
903,Pittsburgh - Greensburg,2024,18476,
903,Pittsburgh - Greensburg,2024,18477,
903,Pittsburgh - Greensburg,2024,18478,
903,Pittsburgh - Greensburg,2024,18479,
903,Pittsburgh - Greensburg,2024,18480,
903,Pittsburgh - Greensburg,2024,18481,
903,Pittsburgh - Greensburg,2024,18482,
903,Pittsburgh - Greensburg,2024,18483,
903,Pittsburgh - Greensburg,2024,18484,
903,Pittsburgh - Greensburg,2024,18485,
903,Pittsburgh - Greensburg,2024,18486,
903,Pittsburgh - Greensburg,2024,18487,
855,Oakland City,2024,17240,
855,Oakland City,2024,17241,
855,Oakland City,2024,17242,
855,Oakland City,2024,17243,
855,Oakland City,2024,17244,
855,Oakland City,2024,17245,
855,Oakland City,2024,17246,
855,Oakland City,2024,17247,
855,Oakland City,2024,17248,
855,Oakland City,2024,17249,
855,Oakland City,2024,17250,
855,Oakland City,2024,17251,
855,Oakland City,2024,17252,
855,Oakland City,2024,17253,
855,Oakland City,2024,17254,
855,Oakland City,2024,17255,
877,Eastern Mennonite,2024,17930,
877,Eastern Mennonite,2024,17931,
877,Eastern Mennonite,2024,17932,
877,Eastern Mennonite,2024,17933,
877,Eastern Mennonite,2024,17934,
877,Eastern Mennonite,2024,17935,
877,Eastern Mennonite,2024,17936,
877,Eastern Mennonite,2024,17937,
877,Eastern Mennonite,2024,17938,
877,Eastern Mennonite,2024,17939,
877,Eastern Mennonite,2024,17940,
877,Eastern Mennonite,2024,17941,
877,Eastern Mennonite,2024,17942,
877,Eastern Mennonite,2024,17943,
877,Eastern Mennonite,2024,17944,
877,Eastern Mennonite,2024,17945,
877,Eastern Mennonite,2024,17946,
877,Eastern Mennonite,2024,17947,
877,Eastern Mennonite,2024,17948,
877,Eastern Mennonite,2024,17949,
877,Eastern Mennonite,2024,17950,
877,Eastern Mennonite,2024,17951,
877,Eastern Mennonite,2024,17952,
877,Eastern Mennonite,2024,17953,
877,Eastern Mennonite,2024,17954,
877,Eastern Mennonite,2024,17955,
877,Eastern Mennonite,2024,17956,
877,Eastern Mennonite,2024,17957,
877,Eastern Mennonite,2024,17958,
877,Eastern Mennonite,2024,17959,
877,Eastern Mennonite,2024,17960,
877,Eastern Mennonite,2024,17961,
877,Eastern Mennonite,2024,17962,
571,San Francisco State,2024,6973,
571,San Francisco State,2024,6974,
571,San Francisco State,2024,6975,
571,San Francisco State,2024,6976,
571,San Francisco State,2024,6978,
571,San Francisco State,2024,6981,
571,San Francisco State,2024,6982,
571,San Francisco State,2024,6983,
571,San Francisco State,2024,6984,
571,San Francisco State,2024,6985,
571,San Francisco State,2024,6986,
571,San Francisco State,2024,6987,
571,San Francisco State,2024,6988,
571,San Francisco State,2024,6989,
571,San Francisco State,2024,6990,
959,Southwestern Oklahoma State,2024,19543,
959,Southwestern Oklahoma State,2024,19544,
959,Southwestern Oklahoma State,2024,19545,
959,Southwestern Oklahoma State,2024,19546,
959,Southwestern Oklahoma State,2024,19547,
959,Southwestern Oklahoma State,2024,19548,
959,Southwestern Oklahoma State,2024,19549,
959,Southwestern Oklahoma State,2024,19550,
959,Southwestern Oklahoma State,2024,19551,
959,Southwestern Oklahoma State,2024,19552,
959,Southwestern Oklahoma State,2024,19553,
959,Southwestern Oklahoma State,2024,19554,
959,Southwestern Oklahoma State,2024,19555,
959,Southwestern Oklahoma State,2024,19556,
959,Southwestern Oklahoma State,2024,19557,
959,Southwestern Oklahoma State,2024,19558,
693,Fisher College,2024,11432,
693,Fisher College,2024,11433,
693,Fisher College,2024,11438,
693,Fisher College,2024,11439,
693,Fisher College,2024,11440,
693,Fisher College,2024,11441,
693,Fisher College,2024,11442,
693,Fisher College,2024,11443,
693,Fisher College,2024,11444,
693,Fisher College,2024,11445,
693,Fisher College,2024,11446,
693,Fisher College,2024,11447,
693,Fisher College,2024,11448,
693,Fisher College,2024,11449,
693,Fisher College,2024,11450,
693,Fisher College,2024,11451,
693,Fisher College,2024,11452,
693,Fisher College,2024,11453,
693,Fisher College,2024,11454,
693,Fisher College,2024,11455,
693,Fisher College,2024,11456,
693,Fisher College,2024,11457,
622,Xavier (LA),2024,4440,
622,Xavier (LA),2024,9463,
622,Xavier (LA),2024,9467,
622,Xavier (LA),2024,9468,
622,Xavier (LA),2024,9471,
622,Xavier (LA),2024,9472,
622,Xavier (LA),2024,9473,
622,Xavier (LA),2024,9474,
622,Xavier (LA),2024,9475,
622,Xavier (LA),2024,9476,
622,Xavier (LA),2024,9477,
622,Xavier (LA),2024,9478,
622,Xavier (LA),2024,9479,
622,Xavier (LA),2024,9480,
622,Xavier (LA),2024,9481,
622,Xavier (LA),2024,9482,
622,Xavier (LA),2024,9483,
622,Xavier (LA),2024,9484,
622,Xavier (LA),2024,9485,
732,Our Lady Of The Lake,2024,2843,
732,Our Lady Of The Lake,2024,12463,
732,Our Lady Of The Lake,2024,12464,
732,Our Lady Of The Lake,2024,12465,
732,Our Lady Of The Lake,2024,12471,
732,Our Lady Of The Lake,2024,12472,
732,Our Lady Of The Lake,2024,12473,
732,Our Lady Of The Lake,2024,12476,
732,Our Lady Of The Lake,2024,12477,
732,Our Lady Of The Lake,2024,12478,
732,Our Lady Of The Lake,2024,12479,
732,Our Lady Of The Lake,2024,12480,
732,Our Lady Of The Lake,2024,12481,
732,Our Lady Of The Lake,2024,12482,
732,Our Lady Of The Lake,2024,12483,
732,Our Lady Of The Lake,2024,12484,
732,Our Lady Of The Lake,2024,12485,
732,Our Lady Of The Lake,2024,12486,
732,Our Lady Of The Lake,2024,12487,
967,Trevecca Nazarene,2024,2513,
967,Trevecca Nazarene,2024,5559,
967,Trevecca Nazarene,2024,19693,
967,Trevecca Nazarene,2024,19694,
967,Trevecca Nazarene,2024,19695,
967,Trevecca Nazarene,2024,19696,
967,Trevecca Nazarene,2024,19697,
967,Trevecca Nazarene,2024,19698,
967,Trevecca Nazarene,2024,19699,
967,Trevecca Nazarene,2024,19700,
967,Trevecca Nazarene,2024,19701,
967,Trevecca Nazarene,2024,19702,
967,Trevecca Nazarene,2024,19703,
967,Trevecca Nazarene,2024,19704,
967,Trevecca Nazarene,2024,19705,
967,Trevecca Nazarene,2024,19706,
967,Trevecca Nazarene,2024,19707,
967,Trevecca Nazarene,2024,19708,
821,Benedictine (AZ),2024,14921,
821,Benedictine (AZ),2024,14922,
821,Benedictine (AZ),2024,14923,
821,Benedictine (AZ),2024,14924,
821,Benedictine (AZ),2024,14926,
821,Benedictine (AZ),2024,14927,
821,Benedictine (AZ),2024,14928,
821,Benedictine (AZ),2024,14929,
821,Benedictine (AZ),2024,14930,
821,Benedictine (AZ),2024,14931,
821,Benedictine (AZ),2024,14932,
821,Benedictine (AZ),2024,14937,
821,Benedictine (AZ),2024,14938,
821,Benedictine (AZ),2024,14939,
821,Benedictine (AZ),2024,14940,
821,Benedictine (AZ),2024,14941,
821,Benedictine (AZ),2024,14942,
821,Benedictine (AZ),2024,14943,
821,Benedictine (AZ),2024,14944,
821,Benedictine (AZ),2024,14945,
821,Benedictine (AZ),2024,14946,
821,Benedictine (AZ),2024,14947,
821,Benedictine (AZ),2024,14948,
821,Benedictine (AZ),2024,14949,
821,Benedictine (AZ),2024,14950,
821,Benedictine (AZ),2024,14951,
821,Benedictine (AZ),2024,14952,
821,Benedictine (AZ),2024,14953,
871,Wilberforce,2024,17793,
871,Wilberforce,2024,17794,
871,Wilberforce,2024,17795,
871,Wilberforce,2024,17796,
871,Wilberforce,2024,17797,
871,Wilberforce,2024,17798,
871,Wilberforce,2024,17799,
871,Wilberforce,2024,17800,
871,Wilberforce,2024,17801,
871,Wilberforce,2024,17802,
871,Wilberforce,2024,17803,
871,Wilberforce,2024,17804,
871,Wilberforce,2024,17805,
871,Wilberforce,2024,17806,
871,Wilberforce,2024,17807,
871,Wilberforce,2024,17808,
871,Wilberforce,2024,17809,
871,Wilberforce,2024,17810,
871,Wilberforce,2024,17811,
871,Wilberforce,2024,17812,
871,Wilberforce,2024,17813,
871,Wilberforce,2024,17814,
871,Wilberforce,2024,17815,
871,Wilberforce,2024,17816,
871,Wilberforce,2024,17817,
871,Wilberforce,2024,17818,
871,Wilberforce,2024,17819,
871,Wilberforce,2024,17820,
871,Wilberforce,2024,17821,
871,Wilberforce,2024,17822,
871,Wilberforce,2024,17823,
871,Wilberforce,2024,17824,
871,Wilberforce,2024,17825,
871,Wilberforce,2024,17826,
871,Wilberforce,2024,19541,
871,Wilberforce,2024,19542,
623,Penn State-Schuylkill,2024,9487,
623,Penn State-Schuylkill,2024,9488,
623,Penn State-Schuylkill,2024,9489,
623,Penn State-Schuylkill,2024,9490,
623,Penn State-Schuylkill,2024,9495,
623,Penn State-Schuylkill,2024,9496,
623,Penn State-Schuylkill,2024,9497,
623,Penn State-Schuylkill,2024,9498,
623,Penn State-Schuylkill,2024,9499,
623,Penn State-Schuylkill,2024,9500,
623,Penn State-Schuylkill,2024,9501,
623,Penn State-Schuylkill,2024,9502,
623,Penn State-Schuylkill,2024,9503,
623,Penn State-Schuylkill,2024,9504,
623,Penn State-Schuylkill,2024,9505,
623,Penn State-Schuylkill,2024,9506,
623,Penn State-Schuylkill,2024,9507,
751,Montreat,2024,12919,
751,Montreat,2024,12920,
751,Montreat,2024,12921,
751,Montreat,2024,12922,
751,Montreat,2024,12931,
751,Montreat,2024,12932,
751,Montreat,2024,12933,
751,Montreat,2024,12934,
751,Montreat,2024,12935,
751,Montreat,2024,12936,
751,Montreat,2024,12937,
751,Montreat,2024,12938,
751,Montreat,2024,12939,
751,Montreat,2024,12940,
751,Montreat,2024,12941,
751,Montreat,2024,12942,
751,Montreat,2024,12943,
751,Montreat,2024,12944,
751,Montreat,2024,12945,
751,Montreat,2024,12946,
751,Montreat,2024,12947,
751,Montreat,2024,12948,
751,Montreat,2024,12949,
751,Montreat,2024,13858,
828,Bowie State,2024,15109,
828,Bowie State,2024,15110,
828,Bowie State,2024,15114,
828,Bowie State,2024,15115,
828,Bowie State,2024,15116,
828,Bowie State,2024,15118,
828,Bowie State,2024,15119,
828,Bowie State,2024,15120,
828,Bowie State,2024,15121,
828,Bowie State,2024,15122,
828,Bowie State,2024,15123,
828,Bowie State,2024,15124,
828,Bowie State,2024,15125,
828,Bowie State,2024,15126,
828,Bowie State,2024,15127,
939,Saint Augustine's,2024,2209,
939,Saint Augustine's,2024,19103,
939,Saint Augustine's,2024,19104,
939,Saint Augustine's,2024,19105,
939,Saint Augustine's,2024,19106,
939,Saint Augustine's,2024,19107,
939,Saint Augustine's,2024,19108,
939,Saint Augustine's,2024,19109,
939,Saint Augustine's,2024,19110,
939,Saint Augustine's,2024,19111,
939,Saint Augustine's,2024,19112,
939,Saint Augustine's,2024,19113,
939,Saint Augustine's,2024,19114,
939,Saint Augustine's,2024,19115,
669,Tabor,2024,10758,
669,Tabor,2024,10759,
669,Tabor,2024,10760,
669,Tabor,2024,10763,
669,Tabor,2024,10768,
669,Tabor,2024,10769,
669,Tabor,2024,10770,
669,Tabor,2024,10771,
669,Tabor,2024,10772,
669,Tabor,2024,10773,
669,Tabor,2024,10774,
669,Tabor,2024,10775,
669,Tabor,2024,10776,
669,Tabor,2024,10777,
669,Tabor,2024,10778,
669,Tabor,2024,10779,
675,Misericordia,2024,10912,
675,Misericordia,2024,10913,
675,Misericordia,2024,10914,
675,Misericordia,2024,10926,
675,Misericordia,2024,10927,
675,Misericordia,2024,10928,
675,Misericordia,2024,10929,
675,Misericordia,2024,10930,
675,Misericordia,2024,10931,
675,Misericordia,2024,10932,
675,Misericordia,2024,10933,
675,Misericordia,2024,10934,
675,Misericordia,2024,10935,
675,Misericordia,2024,10936,
675,Misericordia,2024,10937,
675,Misericordia,2024,10938,
675,Misericordia,2024,10939,
675,Misericordia,2024,10940,
675,Misericordia,2024,10941,
675,Misericordia,2024,10942,
675,Misericordia,2024,10943,
709,Springfield,2024,11854,
709,Springfield,2024,11855,
709,Springfield,2024,11856,
709,Springfield,2024,11860,
709,Springfield,2024,11861,
709,Springfield,2024,11862,
709,Springfield,2024,11863,
709,Springfield,2024,11864,
709,Springfield,2024,11865,
709,Springfield,2024,11866,
709,Springfield,2024,11867,
709,Springfield,2024,11868,
709,Springfield,2024,11869,
709,Springfield,2024,11870,
709,Springfield,2024,11871,
709,Springfield,2024,11872,
709,Springfield,2024,11873,
709,Springfield,2024,11874,
709,Springfield,2024,11875,
709,Springfield,2024,11876,
709,Springfield,2024,11877,
709,Springfield,2024,11878,
709,Springfield,2024,11879,
708,Ferrum,2024,11828,
708,Ferrum,2024,11829,
708,Ferrum,2024,11830,
708,Ferrum,2024,11831,
708,Ferrum,2024,11837,
708,Ferrum,2024,11838,
708,Ferrum,2024,11839,
708,Ferrum,2024,11840,
708,Ferrum,2024,11842,
708,Ferrum,2024,11843,
708,Ferrum,2024,11844,
708,Ferrum,2024,11845,
708,Ferrum,2024,11846,
708,Ferrum,2024,11847,
708,Ferrum,2024,11848,
708,Ferrum,2024,11849,
708,Ferrum,2024,11850,
708,Ferrum,2024,11851,
795,Rust,2024,14130,
795,Rust,2024,14131,
795,Rust,2024,14132,
795,Rust,2024,14136,
795,Rust,2024,14139,
795,Rust,2024,14140,
795,Rust,2024,14141,
795,Rust,2024,14142,
795,Rust,2024,14143,
795,Rust,2024,14144,
795,Rust,2024,14145,
795,Rust,2024,14146,
795,Rust,2024,14147,
795,Rust,2024,14148,
795,Rust,2024,14149,
795,Rust,2024,14150,
795,Rust,2024,14151,
795,Rust,2024,14152,
795,Rust,2024,14153,
795,Rust,2024,14154,
795,Rust,2024,14155,
795,Rust,2024,14156,
795,Rust,2024,14157,
795,Rust,2024,14158,
795,Rust,2024,14159,
363,Hartford,2024,19225,
363,Hartford,2024,19226,
363,Hartford,2024,19227,
363,Hartford,2024,19228,
363,Hartford,2024,19229,
363,Hartford,2024,19230,
363,Hartford,2024,19231,
363,Hartford,2024,19232,
363,Hartford,2024,19233,
363,Hartford,2024,19234,
363,Hartford,2024,19235,
363,Hartford,2024,19236,
363,Hartford,2024,19237,
363,Hartford,2024,19238,
363,Hartford,2024,19239,
632,Voorhees,2024,9778,
632,Voorhees,2024,9779,
632,Voorhees,2024,9780,
632,Voorhees,2024,9781,
632,Voorhees,2024,9782,
632,Voorhees,2024,9789,
632,Voorhees,2024,9790,
632,Voorhees,2024,9791,
632,Voorhees,2024,9793,
632,Voorhees,2024,9794,
632,Voorhees,2024,9795,
632,Voorhees,2024,9796,
632,Voorhees,2024,9797,
632,Voorhees,2024,9798,
632,Voorhees,2024,9799,
632,Voorhees,2024,9800,
632,Voorhees,2024,9801,
632,Voorhees,2024,9802,
632,Voorhees,2024,9803,
632,Voorhees,2024,15554,
632,Voorhees,2024,15555,
632,Voorhees,2024,15556,
632,Voorhees,2024,15557,
632,Voorhees,2024,15558,
632,Voorhees,2024,15559,
632,Voorhees,2024,15560,
632,Voorhees,2024,15561,
632,Voorhees,2024,15562,
632,Voorhees,2024,15563,
632,Voorhees,2024,15564,
676,Rockford,2024,10944,
676,Rockford,2024,10945,
676,Rockford,2024,10946,
676,Rockford,2024,10947,
676,Rockford,2024,10948,
676,Rockford,2024,10953,
676,Rockford,2024,10954,
676,Rockford,2024,10955,
676,Rockford,2024,10956,
676,Rockford,2024,10959,
676,Rockford,2024,10960,
676,Rockford,2024,10961,
676,Rockford,2024,10962,
676,Rockford,2024,10963,
676,Rockford,2024,10964,
676,Rockford,2024,10965,
676,Rockford,2024,10966,
676,Rockford,2024,10967,
676,Rockford,2024,10968,
676,Rockford,2024,10969,
676,Rockford,2024,10970,
676,Rockford,2024,10971,
676,Rockford,2024,10972,
676,Rockford,2024,10973,
676,Rockford,2024,10974,
676,Rockford,2024,10975,
676,Rockford,2024,10976,
676,Rockford,2024,10977,
676,Rockford,2024,10978,
676,Rockford,2024,10979,
676,Rockford,2024,10980,
676,Rockford,2024,10981,
676,Rockford,2024,10982,
676,Rockford,2024,10983,
950,CS Dominguez Hills,2024,19346,
950,CS Dominguez Hills,2024,19347,
950,CS Dominguez Hills,2024,19348,
950,CS Dominguez Hills,2024,19349,
950,CS Dominguez Hills,2024,19350,
950,CS Dominguez Hills,2024,19351,
950,CS Dominguez Hills,2024,19352,
950,CS Dominguez Hills,2024,19353,
950,CS Dominguez Hills,2024,19354,
950,CS Dominguez Hills,2024,19355,
950,CS Dominguez Hills,2024,19356,
950,CS Dominguez Hills,2024,19357,
950,CS Dominguez Hills,2024,19358,
950,CS Dominguez Hills,2024,19359,
950,CS Dominguez Hills,2024,19360,
717,Midway University,2024,12045,
717,Midway University,2024,12046,
717,Midway University,2024,12048,
717,Midway University,2024,12049,
717,Midway University,2024,12050,
717,Midway University,2024,12052,
717,Midway University,2024,12053,
717,Midway University,2024,12054,
717,Midway University,2024,12055,
717,Midway University,2024,12056,
717,Midway University,2024,12057,
717,Midway University,2024,12058,
717,Midway University,2024,12059,
717,Midway University,2024,12060,
717,Midway University,2024,12061,
717,Midway University,2024,12062,
691,Southern Wesleyan,2024,11397,
691,Southern Wesleyan,2024,11398,
691,Southern Wesleyan,2024,11399,
691,Southern Wesleyan,2024,11400,
691,Southern Wesleyan,2024,11408,
691,Southern Wesleyan,2024,11409,
691,Southern Wesleyan,2024,11411,
691,Southern Wesleyan,2024,11412,
691,Southern Wesleyan,2024,11413,
691,Southern Wesleyan,2024,11414,
691,Southern Wesleyan,2024,11415,
691,Southern Wesleyan,2024,11416,
691,Southern Wesleyan,2024,11417,
691,Southern Wesleyan,2024,11418,
691,Southern Wesleyan,2024,11419,
691,Southern Wesleyan,2024,11420,
691,Southern Wesleyan,2024,11421,
691,Southern Wesleyan,2024,11422,
691,Southern Wesleyan,2024,11423,
691,Southern Wesleyan,2024,11424,
691,Southern Wesleyan,2024,11425,
691,Southern Wesleyan,2024,11426,
691,Southern Wesleyan,2024,11427,
691,Southern Wesleyan,2024,11428,
767,Lesley University,2024,13367,
767,Lesley University,2024,13368,
767,Lesley University,2024,13369,
767,Lesley University,2024,13370,
767,Lesley University,2024,13371,
767,Lesley University,2024,13372,
767,Lesley University,2024,13373,
767,Lesley University,2024,13374,
767,Lesley University,2024,13375,
767,Lesley University,2024,13376,
767,Lesley University,2024,13377,
767,Lesley University,2024,13378,
767,Lesley University,2024,13379,
767,Lesley University,2024,13380,
641,Goshen,2024,10019,
641,Goshen,2024,10020,
641,Goshen,2024,10021,
641,Goshen,2024,10031,
641,Goshen,2024,10032,
641,Goshen,2024,10034,
641,Goshen,2024,10035,
641,Goshen,2024,10036,
641,Goshen,2024,10037,
641,Goshen,2024,10038,
641,Goshen,2024,10039,
641,Goshen,2024,10040,
641,Goshen,2024,10041,
641,Goshen,2024,10042,
641,Goshen,2024,10043,
641,Goshen,2024,10044,
702,Monmouth (IL),2024,11680,
702,Monmouth (IL),2024,11681,
702,Monmouth (IL),2024,11682,
702,Monmouth (IL),2024,11683,
702,Monmouth (IL),2024,11687,
702,Monmouth (IL),2024,11688,
702,Monmouth (IL),2024,11689,
702,Monmouth (IL),2024,11690,
702,Monmouth (IL),2024,11691,
702,Monmouth (IL),2024,11692,
702,Monmouth (IL),2024,11693,
702,Monmouth (IL),2024,11694,
702,Monmouth (IL),2024,11697,
702,Monmouth (IL),2024,11698,
702,Monmouth (IL),2024,11699,
702,Monmouth (IL),2024,11700,
702,Monmouth (IL),2024,11701,
702,Monmouth (IL),2024,11702,
702,Monmouth (IL),2024,11703,
702,Monmouth (IL),2024,11704,
702,Monmouth (IL),2024,11705,
702,Monmouth (IL),2024,11706,
702,Monmouth (IL),2024,11707,
702,Monmouth (IL),2024,11708,
702,Monmouth (IL),2024,11709,
558,Western New Mexico,2024,5975,
558,Western New Mexico,2024,5978,
558,Western New Mexico,2024,5979,
558,Western New Mexico,2024,5985,
558,Western New Mexico,2024,5986,
558,Western New Mexico,2024,5987,
558,Western New Mexico,2024,5988,
558,Western New Mexico,2024,5989,
558,Western New Mexico,2024,5990,
558,Western New Mexico,2024,5991,
558,Western New Mexico,2024,5992,
558,Western New Mexico,2024,5993,
558,Western New Mexico,2024,5994,
558,Western New Mexico,2024,5995,
558,Western New Mexico,2024,5996,
558,Western New Mexico,2024,5997,
951,Milwaukee School Of Engineering,2024,19364,
951,Milwaukee School Of Engineering,2024,19365,
951,Milwaukee School Of Engineering,2024,19366,
951,Milwaukee School Of Engineering,2024,19367,
951,Milwaukee School Of Engineering,2024,19368,
951,Milwaukee School Of Engineering,2024,19369,
951,Milwaukee School Of Engineering,2024,19370,
951,Milwaukee School Of Engineering,2024,19371,
951,Milwaukee School Of Engineering,2024,19372,
951,Milwaukee School Of Engineering,2024,19373,
951,Milwaukee School Of Engineering,2024,19374,
951,Milwaukee School Of Engineering,2024,19375,
951,Milwaukee School Of Engineering,2024,19376,
951,Milwaukee School Of Engineering,2024,19377,
951,Milwaukee School Of Engineering,2024,19378,
951,Milwaukee School Of Engineering,2024,19379,
934,Ohio Dominican,2024,19030,
934,Ohio Dominican,2024,19031,
934,Ohio Dominican,2024,19032,
934,Ohio Dominican,2024,19033,
934,Ohio Dominican,2024,19034,
934,Ohio Dominican,2024,19035,
934,Ohio Dominican,2024,19036,
934,Ohio Dominican,2024,19037,
934,Ohio Dominican,2024,19038,
934,Ohio Dominican,2024,19039,
934,Ohio Dominican,2024,19040,
934,Ohio Dominican,2024,19041,
934,Ohio Dominican,2024,19042,
534,Dallas Christian,2024,3732,
534,Dallas Christian,2024,3733,
534,Dallas Christian,2024,3734,
534,Dallas Christian,2024,3738,
534,Dallas Christian,2024,3739,
534,Dallas Christian,2024,3740,
534,Dallas Christian,2024,3741,
534,Dallas Christian,2024,3742,
534,Dallas Christian,2024,3743,
534,Dallas Christian,2024,3744,
534,Dallas Christian,2024,3745,
534,Dallas Christian,2024,3746,
534,Dallas Christian,2024,3747,
534,Dallas Christian,2024,3748,
534,Dallas Christian,2024,3749,
534,Dallas Christian,2024,3750,
534,Dallas Christian,2024,3751,
534,Dallas Christian,2024,3752,
964,Arcadia,2024,19623,
964,Arcadia,2024,19624,
964,Arcadia,2024,19625,
964,Arcadia,2024,19626,
964,Arcadia,2024,19627,
964,Arcadia,2024,19628,
964,Arcadia,2024,19629,
964,Arcadia,2024,19630,
964,Arcadia,2024,19631,
964,Arcadia,2024,19632,
964,Arcadia,2024,19633,
964,Arcadia,2024,19634,
964,Arcadia,2024,19635,
964,Arcadia,2024,19636,
964,Arcadia,2024,19637,
964,Arcadia,2024,19638,
964,Arcadia,2024,19639,
844,Coast Guard,2024,16302,
844,Coast Guard,2024,16303,
844,Coast Guard,2024,16304,
844,Coast Guard,2024,16305,
844,Coast Guard,2024,16306,
844,Coast Guard,2024,16307,
844,Coast Guard,2024,16308,
844,Coast Guard,2024,16309,
844,Coast Guard,2024,16310,
844,Coast Guard,2024,16311,
844,Coast Guard,2024,16312,
844,Coast Guard,2024,16313,
844,Coast Guard,2024,16314,
844,Coast Guard,2024,16315,
835,Johnson University Florida,2024,15630,
835,Johnson University Florida,2024,15631,
835,Johnson University Florida,2024,15632,
835,Johnson University Florida,2024,15633,
835,Johnson University Florida,2024,15634,
835,Johnson University Florida,2024,15635,
835,Johnson University Florida,2024,15636,
835,Johnson University Florida,2024,15637,
835,Johnson University Florida,2024,15638,
835,Johnson University Florida,2024,15639,
835,Johnson University Florida,2024,15640,
835,Johnson University Florida,2024,15641,
835,Johnson University Florida,2024,15642,
835,Johnson University Florida,2024,15643,
835,Johnson University Florida,2024,15644,
835,Johnson University Florida,2024,15645,
835,Johnson University Florida,2024,15646,
835,Johnson University Florida,2024,15647,
835,Johnson University Florida,2024,15648,
835,Johnson University Florida,2024,15649,
835,Johnson University Florida,2024,15650,
835,Johnson University Florida,2024,15651,
835,Johnson University Florida,2024,15652,
835,Johnson University Florida,2024,15653,
835,Johnson University Florida,2024,15654,
835,Johnson University Florida,2024,15655,
835,Johnson University Florida,2024,15656,
835,Johnson University Florida,2024,15657,
835,Johnson University Florida,2024,15658,
835,Johnson University Florida,2024,15659,
835,Johnson University Florida,2024,15660,
835,Johnson University Florida,2024,19043,
835,Johnson University Florida,2024,19717,
688,East-West University,2024,11301,
688,East-West University,2024,11302,
688,East-West University,2024,11303,
688,East-West University,2024,11304,
688,East-West University,2024,11312,
688,East-West University,2024,11313,
688,East-West University,2024,11316,
688,East-West University,2024,11317,
688,East-West University,2024,11318,
688,East-West University,2024,11319,
688,East-West University,2024,11320,
688,East-West University,2024,11321,
688,East-West University,2024,11322,
688,East-West University,2024,11323,
688,East-West University,2024,11324,
688,East-West University,2024,11325,
688,East-West University,2024,12541,
688,East-West University,2024,18697,
688,East-West University,2024,18698,
688,East-West University,2024,18699,
688,East-West University,2024,18700,
688,East-West University,2024,18701,
688,East-West University,2024,18702,
688,East-West University,2024,18703,
688,East-West University,2024,18704,
520,College Of Biblical Studies,2024,2182,
520,College Of Biblical Studies,2024,2183,
520,College Of Biblical Studies,2024,2188,
520,College Of Biblical Studies,2024,2190,
520,College Of Biblical Studies,2024,2191,
520,College Of Biblical Studies,2024,2192,
520,College Of Biblical Studies,2024,2193,
520,College Of Biblical Studies,2024,2194,
520,College Of Biblical Studies,2024,2195,
520,College Of Biblical Studies,2024,2196,
520,College Of Biblical Studies,2024,2197,
520,College Of Biblical Studies,2024,2198,
520,College Of Biblical Studies,2024,2199,
520,College Of Biblical Studies,2024,2200,
520,College Of Biblical Studies,2024,2201,
520,College Of Biblical Studies,2024,14430,
520,College Of Biblical Studies,2024,19716,
721,Hawai'i Pacific,2024,7833,
721,Hawai'i Pacific,2024,12142,
721,Hawai'i Pacific,2024,12144,
721,Hawai'i Pacific,2024,12145,
721,Hawai'i Pacific,2024,12146,
721,Hawai'i Pacific,2024,12147,
721,Hawai'i Pacific,2024,12148,
721,Hawai'i Pacific,2024,12149,
721,Hawai'i Pacific,2024,12150,
721,Hawai'i Pacific,2024,12151,
721,Hawai'i Pacific,2024,12152,
721,Hawai'i Pacific,2024,12153,
721,Hawai'i Pacific,2024,12154,
721,Hawai'i Pacific,2024,12155,
721,Hawai'i Pacific,2024,12156,
721,Hawai'i Pacific,2024,12157,
721,Hawai'i Pacific,2024,12158,
947,Central Christian College,2024,19294,
947,Central Christian College,2024,19295,
947,Central Christian College,2024,19296,
947,Central Christian College,2024,19297,
947,Central Christian College,2024,19298,
947,Central Christian College,2024,19299,
947,Central Christian College,2024,19300,
947,Central Christian College,2024,19301,
947,Central Christian College,2024,19302,
947,Central Christian College,2024,19303,
947,Central Christian College,2024,19304,
947,Central Christian College,2024,19305,
947,Central Christian College,2024,19306,
703,Minnesota Crookston,2024,11725,
703,Minnesota Crookston,2024,11726,
703,Minnesota Crookston,2024,11727,
703,Minnesota Crookston,2024,11728,
703,Minnesota Crookston,2024,11729,
703,Minnesota Crookston,2024,11730,
703,Minnesota Crookston,2024,11731,
703,Minnesota Crookston,2024,11732,
703,Minnesota Crookston,2024,11733,
703,Minnesota Crookston,2024,11734,
703,Minnesota Crookston,2024,11735,
703,Minnesota Crookston,2024,11736,
703,Minnesota Crookston,2024,11737,
703,Minnesota Crookston,2024,11738,
567,Northwest Indian,2024,6605,
567,Northwest Indian,2024,6606,
567,Northwest Indian,2024,6615,
567,Northwest Indian,2024,6616,
567,Northwest Indian,2024,6617,
567,Northwest Indian,2024,6618,
567,Northwest Indian,2024,6619,
567,Northwest Indian,2024,6620,
567,Northwest Indian,2024,6621,
567,Northwest Indian,2024,6622,
567,Northwest Indian,2024,6623,
567,Northwest Indian,2024,6624,
567,Northwest Indian,2024,6625,
567,Northwest Indian,2024,6626,
567,Northwest Indian,2024,6627,
567,Northwest Indian,2024,6628,
567,Northwest Indian,2024,6629,
567,Northwest Indian,2024,6630,
567,Northwest Indian,2024,6631,
567,Northwest Indian,2024,6632,
567,Northwest Indian,2024,6633,
567,Northwest Indian,2024,9941,
567,Northwest Indian,2024,16924,
567,Northwest Indian,2024,16925,
567,Northwest Indian,2024,16926,
567,Northwest Indian,2024,16927,
567,Northwest Indian,2024,16928,
567,Northwest Indian,2024,16929,
567,Northwest Indian,2024,16930,
567,Northwest Indian,2024,16931,
567,Northwest Indian,2024,16932,
735,Maine-Augusta,2024,12547,
735,Maine-Augusta,2024,12548,
735,Maine-Augusta,2024,12556,
735,Maine-Augusta,2024,12557,
735,Maine-Augusta,2024,12558,
735,Maine-Augusta,2024,12559,
735,Maine-Augusta,2024,12560,
735,Maine-Augusta,2024,12561,
735,Maine-Augusta,2024,12562,
735,Maine-Augusta,2024,12563,
735,Maine-Augusta,2024,12564,
735,Maine-Augusta,2024,12565,
735,Maine-Augusta,2024,12566,
660,Crowley's Ridge,2024,10519,
660,Crowley's Ridge,2024,10526,
660,Crowley's Ridge,2024,10527,
660,Crowley's Ridge,2024,10528,
660,Crowley's Ridge,2024,10529,
660,Crowley's Ridge,2024,10532,
660,Crowley's Ridge,2024,10533,
660,Crowley's Ridge,2024,10534,
660,Crowley's Ridge,2024,10535,
660,Crowley's Ridge,2024,10536,
660,Crowley's Ridge,2024,10537,
660,Crowley's Ridge,2024,10538,
660,Crowley's Ridge,2024,10539,
660,Crowley's Ridge,2024,10540,
660,Crowley's Ridge,2024,10541,
660,Crowley's Ridge,2024,10542,
660,Crowley's Ridge,2024,10543,
660,Crowley's Ridge,2024,10544,
658,Emerson,2024,10458,
658,Emerson,2024,10459,
658,Emerson,2024,10460,
658,Emerson,2024,10461,
658,Emerson,2024,10469,
658,Emerson,2024,10470,
658,Emerson,2024,10471,
658,Emerson,2024,10472,
658,Emerson,2024,10475,
658,Emerson,2024,10476,
658,Emerson,2024,10477,
658,Emerson,2024,10478,
658,Emerson,2024,10479,
658,Emerson,2024,10480,
658,Emerson,2024,10481,
658,Emerson,2024,10482,
658,Emerson,2024,10483,
658,Emerson,2024,10484,
658,Emerson,2024,10485,
658,Emerson,2024,10486,
658,Emerson,2024,10487,
658,Emerson,2024,10488,
658,Emerson,2024,10489,
658,Emerson,2024,10490,
955,Delaware Valley,2024,19439,
955,Delaware Valley,2024,19440,
955,Delaware Valley,2024,19441,
955,Delaware Valley,2024,19442,
955,Delaware Valley,2024,19443,
955,Delaware Valley,2024,19444,
955,Delaware Valley,2024,19445,
955,Delaware Valley,2024,19446,
955,Delaware Valley,2024,19447,
955,Delaware Valley,2024,19448,
955,Delaware Valley,2024,19449,
955,Delaware Valley,2024,19450,
955,Delaware Valley,2024,19451,
955,Delaware Valley,2024,19452,
955,Delaware Valley,2024,19453,
955,Delaware Valley,2024,19454,
955,Delaware Valley,2024,19455,
513,Davis & Elkins,2024,1850,
513,Davis & Elkins,2024,1860,
513,Davis & Elkins,2024,1861,
513,Davis & Elkins,2024,1864,
513,Davis & Elkins,2024,1865,
513,Davis & Elkins,2024,1866,
513,Davis & Elkins,2024,1867,
513,Davis & Elkins,2024,1868,
513,Davis & Elkins,2024,1869,
513,Davis & Elkins,2024,1870,
513,Davis & Elkins,2024,1871,
586,Carolina Christian College,2024,8099,
586,Carolina Christian College,2024,8108,
586,Carolina Christian College,2024,8109,
586,Carolina Christian College,2024,8110,
586,Carolina Christian College,2024,8111,
586,Carolina Christian College,2024,8112,
586,Carolina Christian College,2024,8113,
586,Carolina Christian College,2024,8114,
586,Carolina Christian College,2024,8115,
529,Lynchburg,2024,249,
529,Lynchburg,2024,3219,
529,Lynchburg,2024,3220,
529,Lynchburg,2024,3221,
529,Lynchburg,2024,3222,
529,Lynchburg,2024,3227,
529,Lynchburg,2024,3228,
529,Lynchburg,2024,3229,
529,Lynchburg,2024,3230,
529,Lynchburg,2024,3233,
529,Lynchburg,2024,3234,
529,Lynchburg,2024,3235,
529,Lynchburg,2024,3236,
529,Lynchburg,2024,3237,
529,Lynchburg,2024,3238,
529,Lynchburg,2024,3239,
529,Lynchburg,2024,3240,
529,Lynchburg,2024,3241,
529,Lynchburg,2024,3242,
529,Lynchburg,2024,3243,
529,Lynchburg,2024,3244,
529,Lynchburg,2024,3245,
529,Lynchburg,2024,3246,
529,Lynchburg,2024,3247,
529,Lynchburg,2024,3248,
529,Lynchburg,2024,3249,
529,Lynchburg,2024,3250,
529,Lynchburg,2024,3251,
557,Champion Christian,2024,5934,
557,Champion Christian,2024,5936,
557,Champion Christian,2024,5937,
557,Champion Christian,2024,5940,
557,Champion Christian,2024,5941,
557,Champion Christian,2024,5942,
557,Champion Christian,2024,5947,
557,Champion Christian,2024,5948,
557,Champion Christian,2024,5949,
557,Champion Christian,2024,5950,
557,Champion Christian,2024,5951,
557,Champion Christian,2024,5952,
557,Champion Christian,2024,5953,
557,Champion Christian,2024,5954,
557,Champion Christian,2024,5955,
557,Champion Christian,2024,5956,
778,West Virginia Wesleyan,2024,13682,
778,West Virginia Wesleyan,2024,13691,
778,West Virginia Wesleyan,2024,13692,
778,West Virginia Wesleyan,2024,13693,
778,West Virginia Wesleyan,2024,13695,
778,West Virginia Wesleyan,2024,13696,
778,West Virginia Wesleyan,2024,13697,
778,West Virginia Wesleyan,2024,13698,
778,West Virginia Wesleyan,2024,13699,
778,West Virginia Wesleyan,2024,13700,
778,West Virginia Wesleyan,2024,13701,
778,West Virginia Wesleyan,2024,13702,
778,West Virginia Wesleyan,2024,13703,
778,West Virginia Wesleyan,2024,13704,
778,West Virginia Wesleyan,2024,13705,
778,West Virginia Wesleyan,2024,13706,
778,West Virginia Wesleyan,2024,13707,
778,West Virginia Wesleyan,2024,13708,
778,West Virginia Wesleyan,2024,13709,
870,Science & Arts (OK),2024,17754,
870,Science & Arts (OK),2024,17755,
870,Science & Arts (OK),2024,17756,
870,Science & Arts (OK),2024,17757,
870,Science & Arts (OK),2024,17758,
870,Science & Arts (OK),2024,17759,
870,Science & Arts (OK),2024,17760,
870,Science & Arts (OK),2024,17761,
870,Science & Arts (OK),2024,17762,
870,Science & Arts (OK),2024,17763,
870,Science & Arts (OK),2024,17764,
870,Science & Arts (OK),2024,17765,
870,Science & Arts (OK),2024,17766,
870,Science & Arts (OK),2024,17767,
870,Science & Arts (OK),2024,17768,
870,Science & Arts (OK),2024,17769,
870,Science & Arts (OK),2024,17770,
502,Rivier,2024,1229,
502,Rivier,2024,1230,
502,Rivier,2024,1235,
502,Rivier,2024,1236,
502,Rivier,2024,1237,
502,Rivier,2024,1241,
502,Rivier,2024,1242,
502,Rivier,2024,1243,
502,Rivier,2024,1244,
502,Rivier,2024,1245,
502,Rivier,2024,1246,
502,Rivier,2024,1247,
502,Rivier,2024,1248,
502,Rivier,2024,1249,
502,Rivier,2024,1250,
502,Rivier,2024,1251,
502,Rivier,2024,1252,
502,Rivier,2024,1253,
502,Rivier,2024,1254,
502,Rivier,2024,1255,
502,Rivier,2024,1256,
502,Rivier,2024,1257,
502,Rivier,2024,1258,
621,Brescia,2024,9438,
621,Brescia,2024,9439,
621,Brescia,2024,9444,
621,Brescia,2024,9445,
621,Brescia,2024,9446,
621,Brescia,2024,9447,
621,Brescia,2024,9449,
621,Brescia,2024,9450,
621,Brescia,2024,9451,
621,Brescia,2024,9452,
621,Brescia,2024,9453,
621,Brescia,2024,9454,
621,Brescia,2024,9455,
621,Brescia,2024,9456,
621,Brescia,2024,9457,
621,Brescia,2024,9458,
621,Brescia,2024,9459,
621,Brescia,2024,9460,
621,Brescia,2024,9461,
734,Purdue Northwest,2024,12522,
734,Purdue Northwest,2024,12523,
734,Purdue Northwest,2024,12524,
734,Purdue Northwest,2024,12525,
734,Purdue Northwest,2024,12526,
734,Purdue Northwest,2024,12527,
734,Purdue Northwest,2024,12528,
734,Purdue Northwest,2024,12529,
734,Purdue Northwest,2024,12530,
734,Purdue Northwest,2024,12531,
734,Purdue Northwest,2024,12532,
734,Purdue Northwest,2024,12533,
734,Purdue Northwest,2024,12534,
734,Purdue Northwest,2024,12535,
734,Purdue Northwest,2024,12536,
734,Purdue Northwest,2024,12537,
862,Penn State (Brandywine),2024,17557,
862,Penn State (Brandywine),2024,17558,
862,Penn State (Brandywine),2024,17559,
862,Penn State (Brandywine),2024,17560,
862,Penn State (Brandywine),2024,17561,
862,Penn State (Brandywine),2024,17562,
862,Penn State (Brandywine),2024,17563,
862,Penn State (Brandywine),2024,17564,
862,Penn State (Brandywine),2024,17565,
862,Penn State (Brandywine),2024,17566,
862,Penn State (Brandywine),2024,17567,
862,Penn State (Brandywine),2024,17568,
862,Penn State (Brandywine),2024,17569,
862,Penn State (Brandywine),2024,17570,
501,Georgian Court,2024,1182,
501,Georgian Court,2024,1183,
501,Georgian Court,2024,1193,
501,Georgian Court,2024,1194,
501,Georgian Court,2024,1201,
501,Georgian Court,2024,1202,
501,Georgian Court,2024,1203,
501,Georgian Court,2024,1204,
501,Georgian Court,2024,1205,
501,Georgian Court,2024,1206,
501,Georgian Court,2024,1207,
501,Georgian Court,2024,1208,
501,Georgian Court,2024,1209,
501,Georgian Court,2024,1210,
501,Georgian Court,2024,1211,
698,Stanislaus State,2024,4956,
698,Stanislaus State,2024,11566,
698,Stanislaus State,2024,11567,
698,Stanislaus State,2024,11568,
698,Stanislaus State,2024,11569,
698,Stanislaus State,2024,11570,
698,Stanislaus State,2024,11575,
698,Stanislaus State,2024,11576,
698,Stanislaus State,2024,11577,
698,Stanislaus State,2024,11578,
698,Stanislaus State,2024,11579,
698,Stanislaus State,2024,11580,
698,Stanislaus State,2024,11581,
698,Stanislaus State,2024,11582,
698,Stanislaus State,2024,11583,
698,Stanislaus State,2024,11584,
698,Stanislaus State,2024,11585,
698,Stanislaus State,2024,11586,
698,Stanislaus State,2024,11587,
698,Stanislaus State,2024,11588,
539,Arkansas Baptist,2024,4189,
539,Arkansas Baptist,2024,4190,
539,Arkansas Baptist,2024,4191,
539,Arkansas Baptist,2024,4197,
539,Arkansas Baptist,2024,4198,
539,Arkansas Baptist,2024,4201,
539,Arkansas Baptist,2024,4202,
539,Arkansas Baptist,2024,4203,
539,Arkansas Baptist,2024,4204,
539,Arkansas Baptist,2024,4205,
539,Arkansas Baptist,2024,4206,
539,Arkansas Baptist,2024,4207,
539,Arkansas Baptist,2024,4208,
539,Arkansas Baptist,2024,4209,
539,Arkansas Baptist,2024,4210,
539,Arkansas Baptist,2024,4211,
539,Arkansas Baptist,2024,4212,
539,Arkansas Baptist,2024,4213,
539,Arkansas Baptist,2024,4214,
539,Arkansas Baptist,2024,4215,
539,Arkansas Baptist,2024,4216,
539,Arkansas Baptist,2024,4217,
539,Arkansas Baptist,2024,4218,
539,Arkansas Baptist,2024,4219,
539,Arkansas Baptist,2024,4220,
539,Arkansas Baptist,2024,4221,
539,Arkansas Baptist,2024,4222,
648,LeTourneau,2024,10188,
648,LeTourneau,2024,10189,
648,LeTourneau,2024,10190,
648,LeTourneau,2024,10197,
648,LeTourneau,2024,10198,
648,LeTourneau,2024,10200,
648,LeTourneau,2024,10201,
648,LeTourneau,2024,10202,
648,LeTourneau,2024,10203,
648,LeTourneau,2024,10204,
648,LeTourneau,2024,10205,
648,LeTourneau,2024,10206,
648,LeTourneau,2024,10207,
648,LeTourneau,2024,10208,
648,LeTourneau,2024,10209,
517,Columbia International,2024,2039,
517,Columbia International,2024,2040,
517,Columbia International,2024,2041,
517,Columbia International,2024,2042,
517,Columbia International,2024,2043,
517,Columbia International,2024,2048,
517,Columbia International,2024,2049,
517,Columbia International,2024,2050,
517,Columbia International,2024,2051,
517,Columbia International,2024,2052,
517,Columbia International,2024,2053,
517,Columbia International,2024,2054,
517,Columbia International,2024,2055,
517,Columbia International,2024,2056,
517,Columbia International,2024,2057,
517,Columbia International,2024,2058,
517,Columbia International,2024,2059,
574,Chapman,2024,7257,
574,Chapman,2024,7258,
574,Chapman,2024,7259,
574,Chapman,2024,7275,
574,Chapman,2024,7276,
574,Chapman,2024,7277,
574,Chapman,2024,7278,
574,Chapman,2024,7279,
574,Chapman,2024,7280,
574,Chapman,2024,7281,
574,Chapman,2024,7282,
574,Chapman,2024,7283,
574,Chapman,2024,7284,
574,Chapman,2024,7285,
574,Chapman,2024,7286,
574,Chapman,2024,7287,
574,Chapman,2024,7288,
574,Chapman,2024,7289,
574,Chapman,2024,7290,
574,Chapman,2024,7291,
854,Sonoma State,2024,17144,
854,Sonoma State,2024,17145,
854,Sonoma State,2024,17146,
854,Sonoma State,2024,17147,
854,Sonoma State,2024,17148,
854,Sonoma State,2024,17149,
854,Sonoma State,2024,17150,
854,Sonoma State,2024,17151,
854,Sonoma State,2024,17152,
854,Sonoma State,2024,17153,
854,Sonoma State,2024,17154,
854,Sonoma State,2024,17155,
854,Sonoma State,2024,17156,
854,Sonoma State,2024,17157,
854,Sonoma State,2024,17158,
854,Sonoma State,2024,17159,
888,Reinhardt,2024,18140,
888,Reinhardt,2024,18141,
888,Reinhardt,2024,18142,
888,Reinhardt,2024,18143,
888,Reinhardt,2024,18144,
888,Reinhardt,2024,18145,
888,Reinhardt,2024,18146,
888,Reinhardt,2024,18147,
888,Reinhardt,2024,18148,
888,Reinhardt,2024,18149,
888,Reinhardt,2024,18150,
888,Reinhardt,2024,18151,
888,Reinhardt,2024,18152,
888,Reinhardt,2024,18153,
888,Reinhardt,2024,18154,
888,Reinhardt,2024,18155,
888,Reinhardt,2024,18156,
888,Reinhardt,2024,18157,
888,Reinhardt,2024,18158,
888,Reinhardt,2024,18159,
888,Reinhardt,2024,18160,
888,Reinhardt,2024,18161,
888,Reinhardt,2024,18162,
888,Reinhardt,2024,18163,
888,Reinhardt,2024,18164,
888,Reinhardt,2024,18165,
888,Reinhardt,2024,18166,
678,Central State (OH),2024,11025,
678,Central State (OH),2024,11026,
678,Central State (OH),2024,11027,
678,Central State (OH),2024,11028,
678,Central State (OH),2024,11029,
678,Central State (OH),2024,11030,
678,Central State (OH),2024,11031,
678,Central State (OH),2024,11032,
678,Central State (OH),2024,11033,
678,Central State (OH),2024,11034,
678,Central State (OH),2024,11035,
678,Central State (OH),2024,11036,
678,Central State (OH),2024,11037,
678,Central State (OH),2024,11038,
948,Adams State,2024,19307,
948,Adams State,2024,19308,
948,Adams State,2024,19309,
948,Adams State,2024,19310,
948,Adams State,2024,19311,
948,Adams State,2024,19312,
948,Adams State,2024,19313,
948,Adams State,2024,19314,
948,Adams State,2024,19315,
948,Adams State,2024,19316,
948,Adams State,2024,19317,
948,Adams State,2024,19318,
948,Adams State,2024,19319,
948,Adams State,2024,19320,
948,Adams State,2024,19321,
948,Adams State,2024,19322,
948,Adams State,2024,19323,
613,Ozark Christian,2024,9226,
613,Ozark Christian,2024,9227,
613,Ozark Christian,2024,9228,
613,Ozark Christian,2024,9229,
613,Ozark Christian,2024,9230,
613,Ozark Christian,2024,9238,
613,Ozark Christian,2024,9239,
613,Ozark Christian,2024,9240,
613,Ozark Christian,2024,9241,
613,Ozark Christian,2024,9242,
613,Ozark Christian,2024,9243,
613,Ozark Christian,2024,9244,
613,Ozark Christian,2024,9245,
613,Ozark Christian,2024,9246,
613,Ozark Christian,2024,9247,
613,Ozark Christian,2024,9248,
371,Birmingham-Southern,2024,3690,
371,Birmingham-Southern,2024,19116,
371,Birmingham-Southern,2024,19117,
371,Birmingham-Southern,2024,19118,
371,Birmingham-Southern,2024,19119,
371,Birmingham-Southern,2024,19120,
371,Birmingham-Southern,2024,19121,
371,Birmingham-Southern,2024,19122,
371,Birmingham-Southern,2024,19123,
371,Birmingham-Southern,2024,19124,
371,Birmingham-Southern,2024,19125,
371,Birmingham-Southern,2024,19126,
371,Birmingham-Southern,2024,19127,
371,Birmingham-Southern,2024,19128,
371,Birmingham-Southern,2024,19129,
371,Birmingham-Southern,2024,19130,
371,Birmingham-Southern,2024,19131,
650,Loyola New Orleans,2024,10238,
650,Loyola New Orleans,2024,10239,
650,Loyola New Orleans,2024,10240,
650,Loyola New Orleans,2024,10241,
650,Loyola New Orleans,2024,10245,
650,Loyola New Orleans,2024,10246,
650,Loyola New Orleans,2024,10247,
650,Loyola New Orleans,2024,10248,
650,Loyola New Orleans,2024,10250,
650,Loyola New Orleans,2024,10251,
650,Loyola New Orleans,2024,10252,
650,Loyola New Orleans,2024,10253,
650,Loyola New Orleans,2024,10254,
650,Loyola New Orleans,2024,10255,
650,Loyola New Orleans,2024,10256,
650,Loyola New Orleans,2024,10257,
650,Loyola New Orleans,2024,10258,
936,Buffalo State,2024,19056,
936,Buffalo State,2024,19057,
936,Buffalo State,2024,19058,
936,Buffalo State,2024,19059,
936,Buffalo State,2024,19060,
936,Buffalo State,2024,19061,
936,Buffalo State,2024,19062,
936,Buffalo State,2024,19063,
936,Buffalo State,2024,19064,
936,Buffalo State,2024,19065,
936,Buffalo State,2024,19066,
936,Buffalo State,2024,19067,
936,Buffalo State,2024,19068,
936,Buffalo State,2024,19069,
936,Buffalo State,2024,19070,
568,Concordia-St. Paul,2024,6718,
568,Concordia-St. Paul,2024,6719,
568,Concordia-St. Paul,2024,6720,
568,Concordia-St. Paul,2024,6721,
568,Concordia-St. Paul,2024,6724,
568,Concordia-St. Paul,2024,6725,
568,Concordia-St. Paul,2024,6726,
568,Concordia-St. Paul,2024,6727,
568,Concordia-St. Paul,2024,6728,
568,Concordia-St. Paul,2024,6729,
568,Concordia-St. Paul,2024,6730,
568,Concordia-St. Paul,2024,6731,
568,Concordia-St. Paul,2024,6733,
568,Concordia-St. Paul,2024,6734,
568,Concordia-St. Paul,2024,6735,
568,Concordia-St. Paul,2024,6736,
568,Concordia-St. Paul,2024,6737,
568,Concordia-St. Paul,2024,6738,
568,Concordia-St. Paul,2024,6739,
568,Concordia-St. Paul,2024,6740,
568,Concordia-St. Paul,2024,6741,
568,Concordia-St. Paul,2024,6742,
568,Concordia-St. Paul,2024,6743,
568,Concordia-St. Paul,2024,6744,
568,Concordia-St. Paul,2024,6745,
568,Concordia-St. Paul,2024,6746,
568,Concordia-St. Paul,2024,6747,
568,Concordia-St. Paul,2024,6748,
568,Concordia-St. Paul,2024,6749,
568,Concordia-St. Paul,2024,6750,
568,Concordia-St. Paul,2024,6751,
568,Concordia-St. Paul,2024,6752,
568,Concordia-St. Paul,2024,6753,
726,Plattsburgh St,2024,12283,
726,Plattsburgh St,2024,12284,
726,Plattsburgh St,2024,12289,
726,Plattsburgh St,2024,12290,
726,Plattsburgh St,2024,12291,
726,Plattsburgh St,2024,12292,
726,Plattsburgh St,2024,12293,
726,Plattsburgh St,2024,12294,
726,Plattsburgh St,2024,12295,
726,Plattsburgh St,2024,12296,
726,Plattsburgh St,2024,12297,
726,Plattsburgh St,2024,12298,
726,Plattsburgh St,2024,12299,
726,Plattsburgh St,2024,12300,
726,Plattsburgh St,2024,12301,
726,Plattsburgh St,2024,12302,
754,Lincoln University (CA),2024,13024,
754,Lincoln University (CA),2024,13025,
754,Lincoln University (CA),2024,13026,
754,Lincoln University (CA),2024,13027,
754,Lincoln University (CA),2024,13028,
754,Lincoln University (CA),2024,13029,
754,Lincoln University (CA),2024,13030,
754,Lincoln University (CA),2024,13031,
754,Lincoln University (CA),2024,13032,
754,Lincoln University (CA),2024,13033,
754,Lincoln University (CA),2024,13034,
754,Lincoln University (CA),2024,13035,
754,Lincoln University (CA),2024,13036,
754,Lincoln University (CA),2024,13037,
754,Lincoln University (CA),2024,13038,
677,Saint Joseph's Long Island,2024,10985,
677,Saint Joseph's Long Island,2024,10986,
677,Saint Joseph's Long Island,2024,10987,
677,Saint Joseph's Long Island,2024,10988,
677,Saint Joseph's Long Island,2024,10996,
677,Saint Joseph's Long Island,2024,10997,
677,Saint Joseph's Long Island,2024,10998,
677,Saint Joseph's Long Island,2024,10999,
677,Saint Joseph's Long Island,2024,11000,
677,Saint Joseph's Long Island,2024,11001,
677,Saint Joseph's Long Island,2024,11002,
677,Saint Joseph's Long Island,2024,11003,
677,Saint Joseph's Long Island,2024,11004,
677,Saint Joseph's Long Island,2024,11005,
677,Saint Joseph's Long Island,2024,11006,
677,Saint Joseph's Long Island,2024,11007,
677,Saint Joseph's Long Island,2024,11008,
666,Florida National,2024,10665,
666,Florida National,2024,10679,
666,Florida National,2024,10680,
666,Florida National,2024,10681,
666,Florida National,2024,10682,
666,Florida National,2024,10683,
666,Florida National,2024,10684,
666,Florida National,2024,10685,
666,Florida National,2024,10686,
666,Florida National,2024,10687,
666,Florida National,2024,10688,
666,Florida National,2024,10689,
666,Florida National,2024,10690,
682,Gallaudet,2024,11152,
682,Gallaudet,2024,11153,
682,Gallaudet,2024,11154,
682,Gallaudet,2024,11155,
682,Gallaudet,2024,11162,
682,Gallaudet,2024,11163,
682,Gallaudet,2024,11164,
682,Gallaudet,2024,11165,
682,Gallaudet,2024,11167,
682,Gallaudet,2024,11168,
682,Gallaudet,2024,11169,
682,Gallaudet,2024,11170,
682,Gallaudet,2024,11171,
682,Gallaudet,2024,11172,
682,Gallaudet,2024,11173,
682,Gallaudet,2024,11174,
608,Franklin,2024,9066,
608,Franklin,2024,9067,
608,Franklin,2024,9068,
608,Franklin,2024,9075,
608,Franklin,2024,9076,
608,Franklin,2024,9084,
608,Franklin,2024,9085,
608,Franklin,2024,9086,
608,Franklin,2024,9087,
608,Franklin,2024,9088,
608,Franklin,2024,9089,
608,Franklin,2024,9090,
608,Franklin,2024,9091,
608,Franklin,2024,9092,
608,Franklin,2024,9093,
608,Franklin,2024,9094,
608,Franklin,2024,9095,
608,Franklin,2024,9096,
608,Franklin,2024,9097,
768,Wisconsin-Stout,2024,5718,
768,Wisconsin-Stout,2024,13387,
768,Wisconsin-Stout,2024,13388,
768,Wisconsin-Stout,2024,13389,
768,Wisconsin-Stout,2024,13396,
768,Wisconsin-Stout,2024,13397,
768,Wisconsin-Stout,2024,13398,
768,Wisconsin-Stout,2024,13399,
768,Wisconsin-Stout,2024,13400,
768,Wisconsin-Stout,2024,13401,
768,Wisconsin-Stout,2024,13402,
768,Wisconsin-Stout,2024,13403,
768,Wisconsin-Stout,2024,13404,
768,Wisconsin-Stout,2024,13405,
768,Wisconsin-Stout,2024,13406,
768,Wisconsin-Stout,2024,13407,
768,Wisconsin-Stout,2024,13408,
768,Wisconsin-Stout,2024,13409,
768,Wisconsin-Stout,2024,13410,
860,SUNY Morrisville,2024,17520,
860,SUNY Morrisville,2024,17521,
860,SUNY Morrisville,2024,17522,
860,SUNY Morrisville,2024,17523,
860,SUNY Morrisville,2024,17524,
860,SUNY Morrisville,2024,17525,
860,SUNY Morrisville,2024,17526,
860,SUNY Morrisville,2024,17527,
860,SUNY Morrisville,2024,17528,
860,SUNY Morrisville,2024,17529,
860,SUNY Morrisville,2024,17530,
860,SUNY Morrisville,2024,17531,
860,SUNY Morrisville,2024,17532,
860,SUNY Morrisville,2024,17533,
860,SUNY Morrisville,2024,17534,
860,SUNY Morrisville,2024,17535,
860,SUNY Morrisville,2024,17536,
860,SUNY Morrisville,2024,17537,
572,Colorado College,2024,7104,
572,Colorado College,2024,7105,
572,Colorado College,2024,7106,
572,Colorado College,2024,7107,
572,Colorado College,2024,7108,
572,Colorado College,2024,7109,
572,Colorado College,2024,7110,
572,Colorado College,2024,7111,
572,Colorado College,2024,7112,
572,Colorado College,2024,7113,
572,Colorado College,2024,7114,
572,Colorado College,2024,7115,
572,Colorado College,2024,7116,
572,Colorado College,2024,7117,
572,Colorado College,2024,7118,
572,Colorado College,2024,7119,
572,Colorado College,2024,7120,
572,Colorado College,2024,7121,
572,Colorado College,2024,7122,
912,Hood College,2024,18633,
912,Hood College,2024,18634,
912,Hood College,2024,18635,
912,Hood College,2024,18636,
912,Hood College,2024,18637,
912,Hood College,2024,18638,
912,Hood College,2024,18639,
912,Hood College,2024,18640,
912,Hood College,2024,18641,
912,Hood College,2024,18642,
912,Hood College,2024,18643,
912,Hood College,2024,18644,
912,Hood College,2024,18645,
912,Hood College,2024,18646,
912,Hood College,2024,18647,
912,Hood College,2024,18648,
912,Hood College,2024,18649,
912,Hood College,2024,18650,
743,Aquinas,2024,1798,
743,Aquinas,2024,12733,
743,Aquinas,2024,12734,
743,Aquinas,2024,12735,
743,Aquinas,2024,12740,
743,Aquinas,2024,12741,
743,Aquinas,2024,12742,
743,Aquinas,2024,12743,
743,Aquinas,2024,12746,
743,Aquinas,2024,12747,
743,Aquinas,2024,12748,
743,Aquinas,2024,12749,
743,Aquinas,2024,12750,
743,Aquinas,2024,12751,
743,Aquinas,2024,12752,
743,Aquinas,2024,12753,
743,Aquinas,2024,12754,
743,Aquinas,2024,12755,
829,Morehouse,2024,15144,
829,Morehouse,2024,15145,
829,Morehouse,2024,15146,
829,Morehouse,2024,15150,
829,Morehouse,2024,15151,
829,Morehouse,2024,15156,
829,Morehouse,2024,15157,
829,Morehouse,2024,15158,
829,Morehouse,2024,15159,
829,Morehouse,2024,15160,
829,Morehouse,2024,15161,
829,Morehouse,2024,15162,
829,Morehouse,2024,15163,
829,Morehouse,2024,15164,
611,Ohio Wesleyan,2024,9144,
611,Ohio Wesleyan,2024,9146,
611,Ohio Wesleyan,2024,9148,
611,Ohio Wesleyan,2024,9155,
611,Ohio Wesleyan,2024,9156,
611,Ohio Wesleyan,2024,9161,
611,Ohio Wesleyan,2024,9162,
611,Ohio Wesleyan,2024,9163,
611,Ohio Wesleyan,2024,9164,
611,Ohio Wesleyan,2024,9165,
611,Ohio Wesleyan,2024,9166,
611,Ohio Wesleyan,2024,9167,
611,Ohio Wesleyan,2024,9168,
611,Ohio Wesleyan,2024,9169,
611,Ohio Wesleyan,2024,9170,
611,Ohio Wesleyan,2024,9171,
611,Ohio Wesleyan,2024,9172,
611,Ohio Wesleyan,2024,9173,
671,John Jay College,2024,10813,
671,John Jay College,2024,10814,
671,John Jay College,2024,10817,
671,John Jay College,2024,10818,
671,John Jay College,2024,10819,
671,John Jay College,2024,10820,
671,John Jay College,2024,10821,
671,John Jay College,2024,10822,
671,John Jay College,2024,10823,
671,John Jay College,2024,10824,
671,John Jay College,2024,10825,
671,John Jay College,2024,10826,
671,John Jay College,2024,10827,
671,John Jay College,2024,10828,
671,John Jay College,2024,10829,
671,John Jay College,2024,10830,
671,John Jay College,2024,10831,
895,Felician,2024,18293,
895,Felician,2024,18294,
895,Felician,2024,18295,
895,Felician,2024,18296,
895,Felician,2024,18297,
895,Felician,2024,18298,
895,Felician,2024,18299,
895,Felician,2024,18300,
895,Felician,2024,18301,
895,Felician,2024,18302,
895,Felician,2024,18303,
895,Felician,2024,18304,
895,Felician,2024,18305,
895,Felician,2024,18306,
895,Felician,2024,18307,
895,Felician,2024,18308,
895,Felician,2024,18309,
895,Felician,2024,18310,
895,Felician,2024,18311,
894,Rhode Island College,2024,3284,
894,Rhode Island College,2024,18273,
894,Rhode Island College,2024,18274,
894,Rhode Island College,2024,18275,
894,Rhode Island College,2024,18276,
894,Rhode Island College,2024,18277,
894,Rhode Island College,2024,18278,
894,Rhode Island College,2024,18279,
894,Rhode Island College,2024,18280,
894,Rhode Island College,2024,18281,
894,Rhode Island College,2024,18282,
894,Rhode Island College,2024,18283,
894,Rhode Island College,2024,18284,
894,Rhode Island College,2024,18285,
894,Rhode Island College,2024,18286,
894,Rhode Island College,2024,18287,
894,Rhode Island College,2024,18288,
894,Rhode Island College,2024,18289,
894,Rhode Island College,2024,18290,
894,Rhode Island College,2024,18291,
894,Rhode Island College,2024,18292,
909,Clarks Summit,2024,18569,
909,Clarks Summit,2024,18570,
909,Clarks Summit,2024,18571,
909,Clarks Summit,2024,18572,
909,Clarks Summit,2024,18573,
909,Clarks Summit,2024,18574,
909,Clarks Summit,2024,18575,
909,Clarks Summit,2024,18576,
909,Clarks Summit,2024,18577,
909,Clarks Summit,2024,18578,
909,Clarks Summit,2024,18579,
909,Clarks Summit,2024,18580,
909,Clarks Summit,2024,18581,
909,Clarks Summit,2024,18582,
909,Clarks Summit,2024,18583,
909,Clarks Summit,2024,18584,
909,Clarks Summit,2024,18585,
909,Clarks Summit,2024,18586,
909,Clarks Summit,2024,18587,
909,Clarks Summit,2024,18588,
909,Clarks Summit,2024,18589,
909,Clarks Summit,2024,18590,
909,Clarks Summit,2024,18591,
909,Clarks Summit,2024,18592,
909,Clarks Summit,2024,18593,
909,Clarks Summit,2024,18594,
790,South Dakota Mines,2024,14022,
790,South Dakota Mines,2024,14023,
790,South Dakota Mines,2024,14024,
790,South Dakota Mines,2024,14028,
790,South Dakota Mines,2024,14029,
790,South Dakota Mines,2024,14030,
790,South Dakota Mines,2024,14031,
790,South Dakota Mines,2024,14032,
790,South Dakota Mines,2024,14033,
790,South Dakota Mines,2024,14034,
790,South Dakota Mines,2024,14035,
790,South Dakota Mines,2024,14036,
790,South Dakota Mines,2024,14037,
790,South Dakota Mines,2024,14038,
905,Lynn,2024,4143,
905,Lynn,2024,8438,
905,Lynn,2024,18505,
905,Lynn,2024,18506,
905,Lynn,2024,18507,
905,Lynn,2024,18508,
905,Lynn,2024,18509,
905,Lynn,2024,18510,
905,Lynn,2024,18511,
905,Lynn,2024,18512,
905,Lynn,2024,18513,
905,Lynn,2024,18514,
905,Lynn,2024,18515,
905,Lynn,2024,18516,
510,Notre Dame (Md),2024,1738,
510,Notre Dame (Md),2024,1739,
510,Notre Dame (Md),2024,1740,
510,Notre Dame (Md),2024,1749,
510,Notre Dame (Md),2024,1750,
510,Notre Dame (Md),2024,1751,
510,Notre Dame (Md),2024,1752,
510,Notre Dame (Md),2024,1753,
510,Notre Dame (Md),2024,1754,
510,Notre Dame (Md),2024,1755,
510,Notre Dame (Md),2024,1756,
510,Notre Dame (Md),2024,1757,
510,Notre Dame (Md),2024,1758,
510,Notre Dame (Md),2024,1759,
510,Notre Dame (Md),2024,1760,
747,Trinity (FL),2024,12843,
747,Trinity (FL),2024,12844,
747,Trinity (FL),2024,12848,
747,Trinity (FL),2024,12849,
747,Trinity (FL),2024,12852,
747,Trinity (FL),2024,12853,
747,Trinity (FL),2024,12854,
747,Trinity (FL),2024,12855,
747,Trinity (FL),2024,12856,
747,Trinity (FL),2024,12857,
747,Trinity (FL),2024,12858,
747,Trinity (FL),2024,12859,
747,Trinity (FL),2024,12860,
747,Trinity (FL),2024,12861,
747,Trinity (FL),2024,12862,
747,Trinity (FL),2024,12863,
771,Middle Georgia State,2024,13467,
771,Middle Georgia State,2024,13468,
771,Middle Georgia State,2024,13469,
771,Middle Georgia State,2024,13475,
771,Middle Georgia State,2024,13476,
771,Middle Georgia State,2024,13477,
771,Middle Georgia State,2024,13479,
771,Middle Georgia State,2024,13480,
771,Middle Georgia State,2024,13481,
771,Middle Georgia State,2024,13482,
771,Middle Georgia State,2024,13483,
771,Middle Georgia State,2024,13484,
771,Middle Georgia State,2024,13485,
771,Middle Georgia State,2024,13486,
573,La Verne,2024,7170,
573,La Verne,2024,7171,
573,La Verne,2024,7172,
573,La Verne,2024,7173,
573,La Verne,2024,7174,
573,La Verne,2024,7182,
573,La Verne,2024,7183,
573,La Verne,2024,7186,
573,La Verne,2024,7187,
573,La Verne,2024,7188,
573,La Verne,2024,7189,
573,La Verne,2024,7190,
573,La Verne,2024,7191,
573,La Verne,2024,7192,
573,La Verne,2024,7193,
573,La Verne,2024,7194,
573,La Verne,2024,7195,
573,La Verne,2024,7196,
573,La Verne,2024,7197,
573,La Verne,2024,7198,
573,La Verne,2024,7199,
573,La Verne,2024,7200,
573,La Verne,2024,7201,
573,La Verne,2024,7202,
573,La Verne,2024,7203,
573,La Verne,2024,7204,
573,La Verne,2024,7205,
573,La Verne,2024,7206,
573,La Verne,2024,7207,
573,La Verne,2024,7208,
864,John Brown,2024,17630,
864,John Brown,2024,17631,
864,John Brown,2024,17632,
864,John Brown,2024,17633,
864,John Brown,2024,17634,
864,John Brown,2024,17635,
864,John Brown,2024,17636,
864,John Brown,2024,17637,
864,John Brown,2024,17638,
864,John Brown,2024,17639,
864,John Brown,2024,17640,
864,John Brown,2024,17641,
864,John Brown,2024,17642,
864,John Brown,2024,17643,
864,John Brown,2024,17644,
864,John Brown,2024,17645,
920,Lake Superior State,2024,18772,
920,Lake Superior State,2024,18773,
920,Lake Superior State,2024,18774,
920,Lake Superior State,2024,18775,
920,Lake Superior State,2024,18776,
920,Lake Superior State,2024,18777,
920,Lake Superior State,2024,18778,
920,Lake Superior State,2024,18779,
920,Lake Superior State,2024,18780,
920,Lake Superior State,2024,18781,
920,Lake Superior State,2024,18782,
920,Lake Superior State,2024,18783,
920,Lake Superior State,2024,18784,
920,Lake Superior State,2024,18785,
920,Lake Superior State,2024,18786,
522,William Peace,2024,2303,
522,William Peace,2024,2304,
522,William Peace,2024,2305,
522,William Peace,2024,2310,
522,William Peace,2024,2311,
522,William Peace,2024,2312,
522,William Peace,2024,2313,
522,William Peace,2024,2316,
522,William Peace,2024,2317,
522,William Peace,2024,2318,
522,William Peace,2024,2319,
522,William Peace,2024,2320,
522,William Peace,2024,2321,
522,William Peace,2024,2322,
522,William Peace,2024,2323,
522,William Peace,2024,2324,
522,William Peace,2024,2325,
522,William Peace,2024,2326,
522,William Peace,2024,2327,
522,William Peace,2024,2328,
797,Fort Lauderdale,2024,7651,
797,Fort Lauderdale,2024,14193,
797,Fort Lauderdale,2024,14194,
797,Fort Lauderdale,2024,14195,
797,Fort Lauderdale,2024,14201,
797,Fort Lauderdale,2024,14203,
797,Fort Lauderdale,2024,14204,
797,Fort Lauderdale,2024,14205,
797,Fort Lauderdale,2024,14206,
797,Fort Lauderdale,2024,14207,
797,Fort Lauderdale,2024,14208,
797,Fort Lauderdale,2024,14209,
797,Fort Lauderdale,2024,14210,
797,Fort Lauderdale,2024,14211,
797,Fort Lauderdale,2024,14212,
901,Aurora,2024,18441,
901,Aurora,2024,18442,
901,Aurora,2024,18443,
901,Aurora,2024,18444,
901,Aurora,2024,18445,
901,Aurora,2024,18446,
901,Aurora,2024,18447,
901,Aurora,2024,18448,
901,Aurora,2024,18449,
901,Aurora,2024,18450,
901,Aurora,2024,18451,
901,Aurora,2024,18452,
901,Aurora,2024,18453,
901,Aurora,2024,18454,
901,Aurora,2024,18455,
901,Aurora,2024,18456,
859,Maine-Presque Isle,2024,17500,
859,Maine-Presque Isle,2024,17501,
859,Maine-Presque Isle,2024,17502,
859,Maine-Presque Isle,2024,17503,
859,Maine-Presque Isle,2024,17504,
859,Maine-Presque Isle,2024,17505,
859,Maine-Presque Isle,2024,17506,
859,Maine-Presque Isle,2024,17507,
859,Maine-Presque Isle,2024,17508,
859,Maine-Presque Isle,2024,17509,
859,Maine-Presque Isle,2024,17510,
859,Maine-Presque Isle,2024,17511,
859,Maine-Presque Isle,2024,17512,
859,Maine-Presque Isle,2024,17513,
859,Maine-Presque Isle,2024,17514,
859,Maine-Presque Isle,2024,17515,
859,Maine-Presque Isle,2024,17516,
859,Maine-Presque Isle,2024,17517,
859,Maine-Presque Isle,2024,17518,
859,Maine-Presque Isle,2024,17519,
659,Tusculum,2024,10494,
659,Tusculum,2024,10495,
659,Tusculum,2024,10498,
659,Tusculum,2024,10499,
659,Tusculum,2024,10500,
659,Tusculum,2024,10501,
659,Tusculum,2024,10502,
659,Tusculum,2024,10504,
659,Tusculum,2024,10505,
659,Tusculum,2024,10506,
659,Tusculum,2024,10507,
659,Tusculum,2024,10508,
659,Tusculum,2024,10509,
659,Tusculum,2024,10510,
659,Tusculum,2024,10511,
659,Tusculum,2024,10512,
659,Tusculum,2024,10513,
659,Tusculum,2024,10514,
659,Tusculum,2024,10515,
584,Virginia-Lynchburg,2024,8049,
584,Virginia-Lynchburg,2024,8050,
584,Virginia-Lynchburg,2024,8051,
584,Virginia-Lynchburg,2024,8052,
584,Virginia-Lynchburg,2024,8053,
584,Virginia-Lynchburg,2024,8054,
584,Virginia-Lynchburg,2024,8055,
584,Virginia-Lynchburg,2024,8056,
584,Virginia-Lynchburg,2024,8057,
584,Virginia-Lynchburg,2024,8058,
584,Virginia-Lynchburg,2024,8059,
584,Virginia-Lynchburg,2024,8060,
584,Virginia-Lynchburg,2024,8061,
584,Virginia-Lynchburg,2024,8062,
584,Virginia-Lynchburg,2024,8063,
584,Virginia-Lynchburg,2024,8064,
584,Virginia-Lynchburg,2024,8065,
584,Virginia-Lynchburg,2024,8066,
503,Piedmont,2024,1369,
503,Piedmont,2024,1370,
503,Piedmont,2024,1371,
503,Piedmont,2024,1372,
503,Piedmont,2024,1373,
503,Piedmont,2024,1374,
503,Piedmont,2024,1375,
503,Piedmont,2024,1376,
503,Piedmont,2024,1377,
503,Piedmont,2024,1383,
503,Piedmont,2024,1384,
503,Piedmont,2024,1385,
503,Piedmont,2024,1386,
503,Piedmont,2024,1387,
503,Piedmont,2024,1388,
503,Piedmont,2024,1389,
503,Piedmont,2024,1390,
503,Piedmont,2024,1394,
878,Bard College,2024,17963,
878,Bard College,2024,17964,
878,Bard College,2024,17965,
878,Bard College,2024,17966,
878,Bard College,2024,17967,
878,Bard College,2024,17968,
878,Bard College,2024,17969,
878,Bard College,2024,17970,
878,Bard College,2024,17971,
878,Bard College,2024,17972,
878,Bard College,2024,17973,
878,Bard College,2024,17974,
878,Bard College,2024,17975,
792,Immaculata,2024,14070,
792,Immaculata,2024,14071,
792,Immaculata,2024,14072,
792,Immaculata,2024,14073,
792,Immaculata,2024,14076,
792,Immaculata,2024,14077,
792,Immaculata,2024,14078,
792,Immaculata,2024,14079,
792,Immaculata,2024,14080,
792,Immaculata,2024,14081,
792,Immaculata,2024,14082,
792,Immaculata,2024,14084,
792,Immaculata,2024,14085,
792,Immaculata,2024,14086,
792,Immaculata,2024,14087,
792,Immaculata,2024,14088,
792,Immaculata,2024,14089,
792,Immaculata,2024,14090,
792,Immaculata,2024,14091,
867,Andrews University,2024,17679,
867,Andrews University,2024,17680,
867,Andrews University,2024,17681,
867,Andrews University,2024,17682,
867,Andrews University,2024,17683,
867,Andrews University,2024,17684,
867,Andrews University,2024,17685,
867,Andrews University,2024,17686,
867,Andrews University,2024,17687,
867,Andrews University,2024,17688,
867,Andrews University,2024,17689,
867,Andrews University,2024,17690,
867,Andrews University,2024,17691,
867,Andrews University,2024,17692,
867,Andrews University,2024,17693,
867,Andrews University,2024,17694,
867,Andrews University,2024,17695,
867,Andrews University,2024,17696,
867,Andrews University,2024,17697,
867,Andrews University,2024,17698,
784,Tennessee Wesleyan,2024,13863,
784,Tennessee Wesleyan,2024,13864,
784,Tennessee Wesleyan,2024,13865,
784,Tennessee Wesleyan,2024,13868,
784,Tennessee Wesleyan,2024,13869,
784,Tennessee Wesleyan,2024,13870,
784,Tennessee Wesleyan,2024,13874,
784,Tennessee Wesleyan,2024,13875,
784,Tennessee Wesleyan,2024,13876,
784,Tennessee Wesleyan,2024,13877,
784,Tennessee Wesleyan,2024,13878,
784,Tennessee Wesleyan,2024,13879,
784,Tennessee Wesleyan,2024,13880,
784,Tennessee Wesleyan,2024,13881,
784,Tennessee Wesleyan,2024,13882,
784,Tennessee Wesleyan,2024,13883,
784,Tennessee Wesleyan,2024,13884,
784,Tennessee Wesleyan,2024,13885,
784,Tennessee Wesleyan,2024,13886,
784,Tennessee Wesleyan,2024,13887,
784,Tennessee Wesleyan,2024,13888,
784,Tennessee Wesleyan,2024,13889,
753,Sarah Lawrence,2024,12992,
753,Sarah Lawrence,2024,12993,
753,Sarah Lawrence,2024,12994,
753,Sarah Lawrence,2024,12995,
753,Sarah Lawrence,2024,12996,
753,Sarah Lawrence,2024,12999,
753,Sarah Lawrence,2024,13000,
753,Sarah Lawrence,2024,13001,
753,Sarah Lawrence,2024,13002,
753,Sarah Lawrence,2024,13003,
753,Sarah Lawrence,2024,13004,
753,Sarah Lawrence,2024,13005,
753,Sarah Lawrence,2024,13006,
753,Sarah Lawrence,2024,13007,
753,Sarah Lawrence,2024,13009,
753,Sarah Lawrence,2024,13010,
972,Indiana University Northwest,2024,19817,
972,Indiana University Northwest,2024,19818,
972,Indiana University Northwest,2024,19819,
972,Indiana University Northwest,2024,19820,
972,Indiana University Northwest,2024,19821,
972,Indiana University Northwest,2024,19822,
972,Indiana University Northwest,2024,19823,
972,Indiana University Northwest,2024,19824,
972,Indiana University Northwest,2024,19825,
972,Indiana University Northwest,2024,19826,
972,Indiana University Northwest,2024,19827,
972,Indiana University Northwest,2024,19828,
972,Indiana University Northwest,2024,19829,
972,Indiana University Northwest,2024,19830,
972,Indiana University Northwest,2024,19831,
972,Indiana University Northwest,2024,19832,
972,Indiana University Northwest,2024,19833,
972,Indiana University Northwest,2024,19834,
972,Indiana University Northwest,2024,19835,
972,Indiana University Northwest,2024,19836,
972,Indiana University Northwest,2024,19837,
972,Indiana University Northwest,2024,19838,
972,Indiana University Northwest,2024,19839,
972,Indiana University Northwest,2024,19840,
943,CSU Pueblo,2024,19187,
943,CSU Pueblo,2024,19188,
943,CSU Pueblo,2024,19189,
943,CSU Pueblo,2024,19190,
943,CSU Pueblo,2024,19191,
943,CSU Pueblo,2024,19192,
943,CSU Pueblo,2024,19193,
943,CSU Pueblo,2024,19194,
943,CSU Pueblo,2024,19195,
943,CSU Pueblo,2024,19196,
943,CSU Pueblo,2024,19197,
943,CSU Pueblo,2024,19198,
943,CSU Pueblo,2024,19199,
943,CSU Pueblo,2024,19200,
943,CSU Pueblo,2024,19201,
808,Johnson & Wales (RI),2024,14489,
808,Johnson & Wales (RI),2024,14490,
808,Johnson & Wales (RI),2024,14491,
808,Johnson & Wales (RI),2024,14492,
808,Johnson & Wales (RI),2024,14496,
808,Johnson & Wales (RI),2024,14497,
808,Johnson & Wales (RI),2024,14498,
808,Johnson & Wales (RI),2024,14499,
808,Johnson & Wales (RI),2024,14500,
808,Johnson & Wales (RI),2024,14502,
808,Johnson & Wales (RI),2024,14503,
808,Johnson & Wales (RI),2024,14504,
808,Johnson & Wales (RI),2024,14505,
808,Johnson & Wales (RI),2024,14506,
808,Johnson & Wales (RI),2024,14507,
808,Johnson & Wales (RI),2024,14508,
926,Bloomsburg,2024,18875,
926,Bloomsburg,2024,18876,
926,Bloomsburg,2024,18877,
926,Bloomsburg,2024,18878,
926,Bloomsburg,2024,18880,
926,Bloomsburg,2024,18881,
926,Bloomsburg,2024,18882,
926,Bloomsburg,2024,18883,
926,Bloomsburg,2024,18884,
926,Bloomsburg,2024,18885,
926,Bloomsburg,2024,18886,
926,Bloomsburg,2024,18887,
926,Bloomsburg,2024,18888,
926,Bloomsburg,2024,18889,
926,Bloomsburg,2024,18890,
926,Bloomsburg,2024,18879,2001-03-28
874,St. Mary's (MD),2024,17870,
874,St. Mary's (MD),2024,17871,
874,St. Mary's (MD),2024,17872,
874,St. Mary's (MD),2024,17873,
874,St. Mary's (MD),2024,17874,
874,St. Mary's (MD),2024,17875,
874,St. Mary's (MD),2024,17876,
874,St. Mary's (MD),2024,17877,
874,St. Mary's (MD),2024,17878,
874,St. Mary's (MD),2024,17879,
874,St. Mary's (MD),2024,17880,
874,St. Mary's (MD),2024,17881,
874,St. Mary's (MD),2024,17882,
874,St. Mary's (MD),2024,17883,
874,St. Mary's (MD),2024,17884,
874,St. Mary's (MD),2024,17885,
874,St. Mary's (MD),2024,17886,
874,St. Mary's (MD),2024,19404,
832,North American,2024,15459,
832,North American,2024,15460,
832,North American,2024,15461,
832,North American,2024,15462,
832,North American,2024,15463,
832,North American,2024,15464,
832,North American,2024,15465,
832,North American,2024,15466,
832,North American,2024,15467,
832,North American,2024,15468,
832,North American,2024,15469,
832,North American,2024,15470,
832,North American,2024,15471,
832,North American,2024,15472,
832,North American,2024,15473,
832,North American,2024,15474,
832,North American,2024,15475,
832,North American,2024,15476,
908,Limestone,2024,18548,
908,Limestone,2024,18549,
908,Limestone,2024,18550,
908,Limestone,2024,18551,
908,Limestone,2024,18552,
908,Limestone,2024,18553,
908,Limestone,2024,18554,
908,Limestone,2024,18555,
908,Limestone,2024,18556,
908,Limestone,2024,18557,
908,Limestone,2024,18558,
908,Limestone,2024,18559,
908,Limestone,2024,18560,
908,Limestone,2024,18561,
908,Limestone,2024,18562,
908,Limestone,2024,18563,
908,Limestone,2024,18564,
908,Limestone,2024,18565,
908,Limestone,2024,18566,
908,Limestone,2024,18567,
908,Limestone,2024,18568,
538,Randolph College,2024,3998,
538,Randolph College,2024,3999,
538,Randolph College,2024,4000,
538,Randolph College,2024,4007,
538,Randolph College,2024,4008,
538,Randolph College,2024,4015,
538,Randolph College,2024,4016,
538,Randolph College,2024,4017,
538,Randolph College,2024,4018,
538,Randolph College,2024,4019,
538,Randolph College,2024,4020,
538,Randolph College,2024,4021,
538,Randolph College,2024,4022,
538,Randolph College,2024,4023,
538,Randolph College,2024,4024,
538,Randolph College,2024,4025,
538,Randolph College,2024,4026,
538,Randolph College,2024,4027,
538,Randolph College,2024,4028,
538,Randolph College,2024,4029,
538,Randolph College,2024,4030,
538,Randolph College,2024,4031,
925,FDU Florham,2024,18854,
925,FDU Florham,2024,18855,
925,FDU Florham,2024,18856,
925,FDU Florham,2024,18857,
925,FDU Florham,2024,18858,
925,FDU Florham,2024,18859,
925,FDU Florham,2024,18860,
925,FDU Florham,2024,18861,
925,FDU Florham,2024,18862,
925,FDU Florham,2024,18863,
925,FDU Florham,2024,18864,
925,FDU Florham,2024,18865,
925,FDU Florham,2024,18866,
925,FDU Florham,2024,18867,
925,FDU Florham,2024,18868,
925,FDU Florham,2024,18869,
925,FDU Florham,2024,18870,
925,FDU Florham,2024,18871,
925,FDU Florham,2024,18872,
925,FDU Florham,2024,18873,
925,FDU Florham,2024,18874,
616,Concordia-Ann Arbor,2024,9294,
616,Concordia-Ann Arbor,2024,9295,
616,Concordia-Ann Arbor,2024,9306,
616,Concordia-Ann Arbor,2024,9307,
616,Concordia-Ann Arbor,2024,9308,
616,Concordia-Ann Arbor,2024,9309,
616,Concordia-Ann Arbor,2024,9310,
616,Concordia-Ann Arbor,2024,9311,
616,Concordia-Ann Arbor,2024,9312,
616,Concordia-Ann Arbor,2024,9313,
616,Concordia-Ann Arbor,2024,9314,
616,Concordia-Ann Arbor,2024,9315,
616,Concordia-Ann Arbor,2024,9316,
616,Concordia-Ann Arbor,2024,9317,
616,Concordia-Ann Arbor,2024,9318,
