teamId,team,season,playerId,dateOfBirth
96,George Washington,2017,26000,
96,George Washington,2017,32019,1997-10-28
96,George Washington,2017,35266,
96,George Washington,2017,35339,
96,George Washington,2017,35448,
96,George Washington,2017,35449,
96,George Washington,2017,46864,
96,George Washington,2017,46865,1994-10-13
96,George Washington,2017,51646,1994-02-09
96,George Washington,2017,51647,
96,George Washington,2017,51648,
96,George Washington,2017,51649,1994-03-12
96,George Washington,2017,53714,1992-08-19
96,George Washington,2017,53715,1993-11-30
96,George Washington,2017,25830,
251,Saint Joseph's,2017,26780,1998-09-08
251,Saint Joseph's,2017,31377,
251,Saint Joseph's,2017,35466,
251,Saint Joseph's,2017,44083,1997-02-02
251,Saint Joseph's,2017,44084,
251,Saint Joseph's,2017,48080,
251,Saint Joseph's,2017,48081,
251,Saint Joseph's,2017,48083,
251,Saint Joseph's,2017,48084,
251,Saint Joseph's,2017,48085,
251,Saint Joseph's,2017,53251,1994-08-10
251,Saint Joseph's,2017,53252,1992-11-05
251,Saint Joseph's,2017,34822,
251,Saint Joseph's,2017,44086,
251,Saint Joseph's,2017,48082,
251,Saint Joseph's,2017,48079,1995-02-18
251,Saint Joseph's,2017,44085,
240,Rhode Island,2017,35477,
240,Rhode Island,2017,35478,1997-05-10
240,Rhode Island,2017,35479,
240,Rhode Island,2017,36997,
240,Rhode Island,2017,42340,
240,Rhode Island,2017,42341,
240,Rhode Island,2017,46850,
240,Rhode Island,2017,46851,1995-02-10
240,Rhode Island,2017,46852,1995-10-03
240,Rhode Island,2017,46853,
240,Rhode Island,2017,46854,
240,Rhode Island,2017,46855,
240,Rhode Island,2017,46856,1995-07-11
240,Rhode Island,2017,51287,1993-08-06
240,Rhode Island,2017,51288,1995-11-22
277,St. Bonaventure,2017,26800,
277,St. Bonaventure,2017,27714,
277,St. Bonaventure,2017,35632,
277,St. Bonaventure,2017,43598,
277,St. Bonaventure,2017,43599,
277,St. Bonaventure,2017,43601,
277,St. Bonaventure,2017,43603,
277,St. Bonaventure,2017,47108,
277,St. Bonaventure,2017,47109,1994-09-01
277,St. Bonaventure,2017,47110,1996-05-04
277,St. Bonaventure,2017,53172,
277,St. Bonaventure,2017,53173,
277,St. Bonaventure,2017,53174,1993-12-24
277,St. Bonaventure,2017,53175,
277,St. Bonaventure,2017,53176,
64,Dayton,2017,35258,
64,Dayton,2017,37479,
64,Dayton,2017,37831,
64,Dayton,2017,37832,1998-06-20
64,Dayton,2017,43604,1996-08-11
64,Dayton,2017,43606,
64,Dayton,2017,46510,
64,Dayton,2017,46511,1997-11-20
64,Dayton,2017,46514,
64,Dayton,2017,51677,1994-11-11
64,Dayton,2017,51678,1995-01-07
64,Dayton,2017,51679,1994-07-01
64,Dayton,2017,51680,
64,Dayton,2017,51681,
64,Dayton,2017,51682,
64,Dayton,2017,51683,1995-01-06
64,Dayton,2017,51684,
64,Dayton,2017,51685,
242,Richmond,2017,26228,
242,Richmond,2017,26342,1998-01-15
242,Richmond,2017,26344,
242,Richmond,2017,34824,
242,Richmond,2017,43864,
242,Richmond,2017,44055,
242,Richmond,2017,46482,
242,Richmond,2017,46483,
242,Richmond,2017,46485,
242,Richmond,2017,51783,
242,Richmond,2017,51784,1994-07-22
242,Richmond,2017,51785,1994-11-18
242,Richmond,2017,51786,
242,Richmond,2017,51787,
242,Richmond,2017,51788,
242,Richmond,2017,51789,
137,La Salle,2017,35424,
137,La Salle,2017,37756,
137,La Salle,2017,37757,
137,La Salle,2017,42641,
137,La Salle,2017,47921,
137,La Salle,2017,47922,1995-12-21
137,La Salle,2017,47923,
137,La Salle,2017,47926,
137,La Salle,2017,51822,1993-11-05
137,La Salle,2017,51823,
137,La Salle,2017,51824,
137,La Salle,2017,51825,1994-03-06
137,La Salle,2017,51826,
137,La Salle,2017,55857,
137,La Salle,2017,55858,
137,La Salle,2017,55859,
137,La Salle,2017,55861,
252,Saint Louis,2017,27997,
252,Saint Louis,2017,35889,
252,Saint Louis,2017,36128,1997-11-30
252,Saint Louis,2017,36167,
252,Saint Louis,2017,42972,1996-04-01
252,Saint Louis,2017,42974,
252,Saint Louis,2017,42976,
252,Saint Louis,2017,47099,
252,Saint Louis,2017,47101,
252,Saint Louis,2017,47103,
252,Saint Louis,2017,47104,
252,Saint Louis,2017,52371,1992-09-18
252,Saint Louis,2017,52372,1994-06-20
252,Saint Louis,2017,52373,
91,Fordham,2017,27427,
91,Fordham,2017,32320,
91,Fordham,2017,42384,
91,Fordham,2017,42385,
91,Fordham,2017,42386,
91,Fordham,2017,42387,
91,Fordham,2017,43302,
91,Fordham,2017,46501,1995-07-18
91,Fordham,2017,46502,
91,Fordham,2017,46503,
91,Fordham,2017,46504,
91,Fordham,2017,46505,
91,Fordham,2017,46620,1995-04-24
91,Fordham,2017,47642,
91,Fordham,2017,51767,
91,Fordham,2017,51768,
91,Fordham,2017,51769,1994-12-28
333,VCU,2017,32871,
333,VCU,2017,34956,1997-01-02
333,VCU,2017,34967,
333,VCU,2017,34969,
333,VCU,2017,34972,
333,VCU,2017,46491,1996-02-02
333,VCU,2017,46493,
333,VCU,2017,47486,1993-08-01
333,VCU,2017,51796,1995-09-04
333,VCU,2017,51797,1992-06-05
333,VCU,2017,51798,1993-09-19
333,VCU,2017,51799,1994-04-22
333,VCU,2017,51800,1994-11-23
63,Davidson,2017,37426,1996-10-27
63,Davidson,2017,37427,
63,Davidson,2017,37429,
63,Davidson,2017,37430,
63,Davidson,2017,42421,
63,Davidson,2017,42422,
63,Davidson,2017,46524,1995-11-10
63,Davidson,2017,46525,
63,Davidson,2017,46526,
63,Davidson,2017,46527,
63,Davidson,2017,46528,1993-06-17
63,Davidson,2017,46529,
63,Davidson,2017,53311,1994-10-03
63,Davidson,2017,53312,1993-11-25
63,Davidson,2017,53313,
63,Davidson,2017,53314,1995-05-12
63,Davidson,2017,53315,1995-01-29
95,George Mason,2017,26306,
95,George Mason,2017,27796,1998-05-30
95,George Mason,2017,32300,
95,George Mason,2017,35749,
95,George Mason,2017,36156,
95,George Mason,2017,37335,1996-11-12
95,George Mason,2017,42362,
95,George Mason,2017,44028,
95,George Mason,2017,53243,
95,George Mason,2017,53244,1994-12-22
95,George Mason,2017,53245,
95,George Mason,2017,53246,
95,George Mason,2017,53247,
95,George Mason,2017,53248,
200,North Carolina,2017,25951,
200,North Carolina,2017,36681,
200,North Carolina,2017,36683,
200,North Carolina,2017,41848,1997-03-08
200,North Carolina,2017,41850,1996-11-18
200,North Carolina,2017,46063,1995-11-05
200,North Carolina,2017,46065,
200,North Carolina,2017,46066,1995-04-01
200,North Carolina,2017,52675,1995-03-28
200,North Carolina,2017,52676,1994-07-27
200,North Carolina,2017,52677,1995-02-05
200,North Carolina,2017,52678,1998-01-08
200,North Carolina,2017,52679,
200,North Carolina,2017,52680,1994-01-13
200,North Carolina,2017,52681,1992-07-27
72,Duke,2017,35515,1997-08-05
72,Duke,2017,35516,1998-04-07
72,Duke,2017,35517,1996-10-14
72,Duke,2017,36703,
72,Duke,2017,43432,1998-04-17
72,Duke,2017,43433,
72,Duke,2017,43434,
72,Duke,2017,46005,1995-10-08
72,Duke,2017,46661,1995-01-16
72,Duke,2017,51894,1993-05-07
72,Duke,2017,51895,1996-06-24
72,Duke,2017,51896,1994-12-05
72,Duke,2017,51897,1998-05-04
72,Duke,2017,51898,1994-06-15
72,Duke,2017,51899,1998-04-22
72,Duke,2017,51900,1998-03-03
185,NC State,2017,25753,
185,NC State,2017,36157,
185,NC State,2017,42496,1995-11-12
185,NC State,2017,43409,
185,NC State,2017,46729,1995-12-10
185,NC State,2017,46732,
185,NC State,2017,46733,
185,NC State,2017,46734,
185,NC State,2017,46735,
185,NC State,2017,51915,1997-11-25
185,NC State,2017,51916,1996-07-14
185,NC State,2017,51917,1994-03-21
185,NC State,2017,51918,1995-03-09
185,NC State,2017,51919,
185,NC State,2017,51920,1994-11-29
185,NC State,2017,51921,
185,NC State,2017,19801,1998-06-19
339,Virginia,2017,31567,1997-08-25
339,Virginia,2017,36684,1997-01-21
339,Virginia,2017,42361,
339,Virginia,2017,42529,1996-02-11
339,Virginia,2017,42530,1997-07-08
339,Virginia,2017,42531,1997-12-02
339,Virginia,2017,42532,1997-08-11
339,Virginia,2017,43030,1995-07-26
339,Virginia,2017,43150,
339,Virginia,2017,43181,
339,Virginia,2017,46655,1995-09-23
339,Virginia,2017,46656,1995-07-07
339,Virginia,2017,47149,1995-05-04
339,Virginia,2017,51179,1994-10-03
339,Virginia,2017,51180,
339,Virginia,2017,51181,1994-09-20
339,Virginia,2017,54602,
342,Wake Forest,2017,31993,
342,Wake Forest,2017,36720,
342,Wake Forest,2017,36870,
342,Wake Forest,2017,43470,
342,Wake Forest,2017,44277,
342,Wake Forest,2017,44278,
342,Wake Forest,2017,46420,1994-11-04
342,Wake Forest,2017,46876,1997-01-21
342,Wake Forest,2017,46877,
342,Wake Forest,2017,46878,1994-11-25
342,Wake Forest,2017,46879,
342,Wake Forest,2017,46880,
342,Wake Forest,2017,46881,
342,Wake Forest,2017,52044,1997-09-23
342,Wake Forest,2017,52045,1996-06-11
342,Wake Forest,2017,52046,1993-08-12
342,Wake Forest,2017,52047,1994-11-05
52,Clemson,2017,26841,
52,Clemson,2017,35951,
52,Clemson,2017,41915,1996-10-10
52,Clemson,2017,41916,
52,Clemson,2017,41917,
52,Clemson,2017,41918,1995-04-21
52,Clemson,2017,41919,
52,Clemson,2017,45946,
52,Clemson,2017,46724,1995-03-19
52,Clemson,2017,46725,1995-12-16
52,Clemson,2017,46726,
52,Clemson,2017,47184,
52,Clemson,2017,51931,1993-09-16
52,Clemson,2017,51932,1994-04-11
52,Clemson,2017,51933,1994-01-20
52,Clemson,2017,51934,
52,Clemson,2017,55916,1994-01-06
52,Clemson,2017,55917,1994-04-09
52,Clemson,2017,55918,1993-11-02
101,Georgia Tech,2017,28049,
101,Georgia Tech,2017,31770,
101,Georgia Tech,2017,35628,
101,Georgia Tech,2017,44093,1994-11-24
101,Georgia Tech,2017,46131,1995-11-12
101,Georgia Tech,2017,46132,1998-09-01
101,Georgia Tech,2017,46133,1994-10-26
101,Georgia Tech,2017,52462,1995-03-01
101,Georgia Tech,2017,52463,
101,Georgia Tech,2017,52464,1993-06-15
101,Georgia Tech,2017,52465,
101,Georgia Tech,2017,52466,1993-08-29
101,Georgia Tech,2017,52467,1995-08-08
101,Georgia Tech,2017,52468,1997-01-22
101,Georgia Tech,2017,52469,1994-12-28
90,Florida State,2017,31405,
90,Florida State,2017,32693,
90,Florida State,2017,32694,
90,Florida State,2017,37034,1998-06-12
90,Florida State,2017,41896,1996-07-07
90,Florida State,2017,41897,
90,Florida State,2017,41898,1996-10-18
90,Florida State,2017,41899,1997-08-14
90,Florida State,2017,41901,1996-06-19
90,Florida State,2017,48647,1991-08-15
90,Florida State,2017,48648,1994-04-06
90,Florida State,2017,53069,1997-10-03
90,Florida State,2017,53070,1993-01-05
90,Florida State,2017,53071,1995-08-30
90,Florida State,2017,53072,1994-04-29
90,Florida State,2017,53073,1994-09-16
168,Miami,2017,26758,1999-02-21
168,Miami,2017,26761,
168,Miami,2017,34825,1997-04-26
168,Miami,2017,44060,1996-06-28
168,Miami,2017,44061,1996-09-05
168,Miami,2017,44064,1996-12-09
168,Miami,2017,46075,1996-08-15
168,Miami,2017,46076,
168,Miami,2017,46077,1994-12-29
168,Miami,2017,46079,
168,Miami,2017,51924,1993-12-14
168,Miami,2017,51925,1995-06-11
168,Miami,2017,51926,1994-01-06
168,Miami,2017,55908,
340,Virginia Tech,2017,27914,
340,Virginia Tech,2017,32328,
340,Virginia Tech,2017,34834,
340,Virginia Tech,2017,34878,1996-01-08
340,Virginia Tech,2017,35485,
340,Virginia Tech,2017,43982,1997-10-12
340,Virginia Tech,2017,43983,1995-03-21
340,Virginia Tech,2017,43984,1995-08-19
340,Virginia Tech,2017,46336,
340,Virginia Tech,2017,46337,
340,Virginia Tech,2017,46339,1996-01-14
340,Virginia Tech,2017,48125,1994-02-03
340,Virginia Tech,2017,52671,1994-05-30
340,Virginia Tech,2017,52672,
340,Virginia Tech,2017,52673,1994-10-20
340,Virginia Tech,2017,52674,
26,Boston College,2017,31693,
26,Boston College,2017,36624,
26,Boston College,2017,36723,
26,Boston College,2017,36727,
26,Boston College,2017,37608,
26,Boston College,2017,42538,1997-06-16
26,Boston College,2017,42539,
26,Boston College,2017,42540,
26,Boston College,2017,42542,
26,Boston College,2017,46890,1997-02-22
26,Boston College,2017,51886,1994-05-08
26,Boston College,2017,51887,1993-12-28
26,Boston College,2017,51888,1994-09-26
26,Boston College,2017,51889,
26,Boston College,2017,51890,
286,Syracuse,2017,31462,
286,Syracuse,2017,32872,
286,Syracuse,2017,36689,
286,Syracuse,2017,42007,
286,Syracuse,2017,42519,
286,Syracuse,2017,42520,1997-09-23
286,Syracuse,2017,42522,
286,Syracuse,2017,42523,
286,Syracuse,2017,42524,
286,Syracuse,2017,42525,
286,Syracuse,2017,51248,1996-04-09
286,Syracuse,2017,51249,1994-11-27
286,Syracuse,2017,51250,1992-10-16
286,Syracuse,2017,51251,1993-06-16
286,Syracuse,2017,51252,
286,Syracuse,2017,51253,
286,Syracuse,2017,51254,1994-03-31
286,Syracuse,2017,51255,
286,Syracuse,2017,51256,
213,Notre Dame,2017,35587,
213,Notre Dame,2017,26284,
213,Notre Dame,2017,35197,1997-04-17
213,Notre Dame,2017,36674,1998-03-20
213,Notre Dame,2017,36675,
213,Notre Dame,2017,36676,
213,Notre Dame,2017,47812,1996-01-12
213,Notre Dame,2017,47813,
213,Notre Dame,2017,47814,1996-03-15
213,Notre Dame,2017,47815,
213,Notre Dame,2017,47816,1995-01-08
213,Notre Dame,2017,53045,1995-01-15
213,Notre Dame,2017,53046,1995-02-10
213,Notre Dame,2017,53047,
229,Pittsburgh,2017,37105,
229,Pittsburgh,2017,41851,1996-03-03
229,Pittsburgh,2017,42181,
229,Pittsburgh,2017,43427,
229,Pittsburgh,2017,43715,1995-09-10
229,Pittsburgh,2017,47466,
229,Pittsburgh,2017,47531,
229,Pittsburgh,2017,47533,
229,Pittsburgh,2017,51905,1994-09-05
229,Pittsburgh,2017,51906,1994-07-24
229,Pittsburgh,2017,51907,1993-01-13
229,Pittsburgh,2017,51908,1994-02-22
229,Pittsburgh,2017,51909,
229,Pittsburgh,2017,51910,1997-06-06
150,Louisville,2017,34819,1997-02-26
150,Louisville,2017,34821,
150,Louisville,2017,35180,
150,Louisville,2017,43095,
150,Louisville,2017,43862,1997-01-22
150,Louisville,2017,48220,1995-05-09
150,Louisville,2017,48221,1997-02-01
150,Louisville,2017,48222,1997-03-11
150,Louisville,2017,48223,
150,Louisville,2017,51191,1992-10-08
150,Louisville,2017,51192,1996-08-07
150,Louisville,2017,51193,1996-09-07
150,Louisville,2017,51194,1995-04-08
150,Louisville,2017,51195,1994-09-28
150,Louisville,2017,51196,
283,Stetson,2017,43577,
283,Stetson,2017,43580,
283,Stetson,2017,46184,
283,Stetson,2017,46185,
283,Stetson,2017,46186,
283,Stetson,2017,46187,
283,Stetson,2017,46188,
283,Stetson,2017,46189,
283,Stetson,2017,46190,
283,Stetson,2017,52303,
283,Stetson,2017,52304,
283,Stetson,2017,52305,
283,Stetson,2017,52306,
283,Stetson,2017,52307,
127,Jacksonville,2017,27560,
127,Jacksonville,2017,42303,
127,Jacksonville,2017,42306,
127,Jacksonville,2017,42308,
127,Jacksonville,2017,44041,
127,Jacksonville,2017,47000,
127,Jacksonville,2017,47002,1995-09-06
127,Jacksonville,2017,47003,
127,Jacksonville,2017,53359,1994-08-24
127,Jacksonville,2017,53360,1995-04-23
127,Jacksonville,2017,53361,1993-04-17
127,Jacksonville,2017,53362,
127,Jacksonville,2017,53363,
127,Jacksonville,2017,53364,
127,Jacksonville,2017,53365,
127,Jacksonville,2017,53366,
143,Lipscomb,2017,26812,
143,Lipscomb,2017,35624,
143,Lipscomb,2017,35627,
143,Lipscomb,2017,43121,
143,Lipscomb,2017,43122,1996-10-24
143,Lipscomb,2017,43123,
143,Lipscomb,2017,43125,
143,Lipscomb,2017,43126,
143,Lipscomb,2017,45943,
143,Lipscomb,2017,45944,
143,Lipscomb,2017,45945,
143,Lipscomb,2017,51332,
143,Lipscomb,2017,51333,
143,Lipscomb,2017,51334,
143,Lipscomb,2017,51335,
88,Florida Gulf Coast,2017,31991,
88,Florida Gulf Coast,2017,36858,
88,Florida Gulf Coast,2017,42309,1996-05-31
88,Florida Gulf Coast,2017,42312,
88,Florida Gulf Coast,2017,42314,
88,Florida Gulf Coast,2017,42951,
88,Florida Gulf Coast,2017,43898,1997-09-24
88,Florida Gulf Coast,2017,44063,
88,Florida Gulf Coast,2017,47852,
88,Florida Gulf Coast,2017,47853,1995-10-02
88,Florida Gulf Coast,2017,47854,1995-10-10
88,Florida Gulf Coast,2017,47856,1994-07-11
88,Florida Gulf Coast,2017,47877,
88,Florida Gulf Coast,2017,52048,1992-08-20
88,Florida Gulf Coast,2017,52049,1993-02-05
88,Florida Gulf Coast,2017,52050,
88,Florida Gulf Coast,2017,52051,
203,North Florida,2017,34827,
203,North Florida,2017,34829,
203,North Florida,2017,34830,
203,North Florida,2017,46006,
203,North Florida,2017,46007,
203,North Florida,2017,46008,
203,North Florida,2017,52773,1994-11-22
203,North Florida,2017,52774,1995-09-19
203,North Florida,2017,52775,1994-08-13
203,North Florida,2017,52776,1994-10-27
203,North Florida,2017,52777,1993-12-07
203,North Florida,2017,52778,
203,North Florida,2017,52779,
203,North Florida,2017,52780,
133,Kennesaw State,2017,25977,
133,Kennesaw State,2017,28539,
133,Kennesaw State,2017,36299,
133,Kennesaw State,2017,43012,
133,Kennesaw State,2017,43624,
133,Kennesaw State,2017,43625,
133,Kennesaw State,2017,43628,
133,Kennesaw State,2017,46598,
133,Kennesaw State,2017,46599,
133,Kennesaw State,2017,46600,
133,Kennesaw State,2017,52767,1995-02-09
133,Kennesaw State,2017,52768,1994-01-26
133,Kennesaw State,2017,52769,
133,Kennesaw State,2017,52770,
133,Kennesaw State,2017,52771,
268,South Carolina Upstate,2017,36850,
268,South Carolina Upstate,2017,35342,
268,South Carolina Upstate,2017,42481,
268,South Carolina Upstate,2017,42482,
268,South Carolina Upstate,2017,42486,
268,South Carolina Upstate,2017,44299,1995-08-25
268,South Carolina Upstate,2017,46081,
268,South Carolina Upstate,2017,46082,1996-03-11
268,South Carolina Upstate,2017,46084,1995-10-02
268,South Carolina Upstate,2017,50958,
268,South Carolina Upstate,2017,51079,1995-02-04
268,South Carolina Upstate,2017,51080,1994-03-25
268,South Carolina Upstate,2017,51081,
268,South Carolina Upstate,2017,53023,
186,NJIT,2017,32423,1997-05-27
186,NJIT,2017,36905,
186,NJIT,2017,36906,
186,NJIT,2017,36909,
186,NJIT,2017,42293,
186,NJIT,2017,42296,
186,NJIT,2017,42297,
186,NJIT,2017,48010,
186,NJIT,2017,52067,
186,NJIT,2017,52068,1994-12-02
186,NJIT,2017,52069,1995-03-05
186,NJIT,2017,52070,1995-01-04
186,NJIT,2017,52071,
186,NJIT,2017,52072,
337,Vermont,2017,28125,
337,Vermont,2017,37529,1998-01-20
337,Vermont,2017,37531,
337,Vermont,2017,37532,
337,Vermont,2017,44046,
337,Vermont,2017,44048,
337,Vermont,2017,47093,1993-12-15
337,Vermont,2017,48207,1994-12-22
337,Vermont,2017,48208,
337,Vermont,2017,48209,
337,Vermont,2017,48210,
337,Vermont,2017,48211,
337,Vermont,2017,48212,
337,Vermont,2017,53055,1995-09-26
337,Vermont,2017,53056,
337,Vermont,2017,53057,1993-08-16
337,Vermont,2017,53058,
154,Maine,2017,35326,
154,Maine,2017,35467,
154,Maine,2017,36901,
154,Maine,2017,43268,
154,Maine,2017,44177,
154,Maine,2017,46636,
154,Maine,2017,46883,
154,Maine,2017,46884,
154,Maine,2017,46885,
154,Maine,2017,46888,
154,Maine,2017,48192,
154,Maine,2017,52665,
154,Maine,2017,52666,1994-02-13
154,Maine,2017,52667,
154,Maine,2017,52668,
154,Maine,2017,52669,
154,Maine,2017,52670,
363,Hartford,2017,26101,
363,Hartford,2017,42326,
363,Hartford,2017,42327,
363,Hartford,2017,42329,
363,Hartford,2017,42330,
363,Hartford,2017,42331,1995-03-15
363,Hartford,2017,47083,
363,Hartford,2017,47084,
363,Hartford,2017,47085,
363,Hartford,2017,47090,
363,Hartford,2017,51609,1993-04-13
363,Hartford,2017,51610,
363,Hartford,2017,51611,
190,New Hampshire,2017,26009,
190,New Hampshire,2017,29221,
190,New Hampshire,2017,35421,
190,New Hampshire,2017,36304,
190,New Hampshire,2017,42069,
190,New Hampshire,2017,42070,
190,New Hampshire,2017,46212,
190,New Hampshire,2017,46213,1995-02-12
190,New Hampshire,2017,46214,
190,New Hampshire,2017,46215,
190,New Hampshire,2017,46216,
190,New Hampshire,2017,46217,
190,New Hampshire,2017,51364,1995-01-24
190,New Hampshire,2017,51365,1994-11-24
190,New Hampshire,2017,51366,1992-08-23
306,UAlbany,2017,37870,
306,UAlbany,2017,41863,1996-11-05
306,UAlbany,2017,41900,
306,UAlbany,2017,44147,
306,UAlbany,2017,46475,
306,UAlbany,2017,46476,1995-10-27
306,UAlbany,2017,46478,
306,UAlbany,2017,46479,
306,UAlbany,2017,51937,1994-03-25
306,UAlbany,2017,51938,
306,UAlbany,2017,51939,
306,UAlbany,2017,51940,1994-10-30
306,UAlbany,2017,51941,
306,UAlbany,2017,51942,
285,Stony Brook,2017,26527,
285,Stony Brook,2017,28318,
285,Stony Brook,2017,31331,
285,Stony Brook,2017,37224,
285,Stony Brook,2017,46663,
285,Stony Brook,2017,46664,
285,Stony Brook,2017,46665,1996-08-20
285,Stony Brook,2017,46666,
285,Stony Brook,2017,46667,
285,Stony Brook,2017,46668,
285,Stony Brook,2017,51605,
285,Stony Brook,2017,51606,1993-06-11
285,Stony Brook,2017,51607,1994-07-22
285,Stony Brook,2017,51608,1994-12-29
317,UMBC,2017,27031,
317,UMBC,2017,37728,
317,UMBC,2017,43295,
317,UMBC,2017,43296,
317,UMBC,2017,43300,
317,UMBC,2017,47233,
317,UMBC,2017,47234,1996-07-06
317,UMBC,2017,47235,
317,UMBC,2017,47236,
317,UMBC,2017,47237,
317,UMBC,2017,50432,
317,UMBC,2017,50980,
317,UMBC,2017,50981,
317,UMBC,2017,51386,
317,UMBC,2017,51387,
317,UMBC,2017,51388,
24,Binghamton,2017,27093,
24,Binghamton,2017,32994,
24,Binghamton,2017,42927,
24,Binghamton,2017,42929,1995-05-05
24,Binghamton,2017,42931,
24,Binghamton,2017,42932,
24,Binghamton,2017,46458,1994-12-09
24,Binghamton,2017,46459,1994-10-31
24,Binghamton,2017,46460,1994-03-12
24,Binghamton,2017,46461,1996-10-01
24,Binghamton,2017,46462,
24,Binghamton,2017,46463,1995-10-20
24,Binghamton,2017,46464,1994-02-09
24,Binghamton,2017,46465,1993-11-06
24,Binghamton,2017,52015,1994-09-13
24,Binghamton,2017,52016,1994-08-30
318,UMass Lowell,2017,35440,
318,UMass Lowell,2017,42342,
318,UMass Lowell,2017,42343,
318,UMass Lowell,2017,46444,
318,UMass Lowell,2017,46445,
318,UMass Lowell,2017,46446,
318,UMass Lowell,2017,46447,
318,UMass Lowell,2017,46448,
318,UMass Lowell,2017,46449,
318,UMass Lowell,2017,51427,
318,UMass Lowell,2017,51428,
318,UMass Lowell,2017,51429,
318,UMass Lowell,2017,51430,
113,Houston,2017,38224,
113,Houston,2017,42717,
113,Houston,2017,43245,
113,Houston,2017,44283,1998-06-05
113,Houston,2017,44284,1997-03-31
113,Houston,2017,47261,1995-12-29
113,Houston,2017,47262,
113,Houston,2017,47264,1994-04-03
113,Houston,2017,52377,1992-11-02
113,Houston,2017,52378,1994-05-06
113,Houston,2017,52379,
113,Houston,2017,52380,1992-05-27
113,Houston,2017,52381,1993-10-17
113,Houston,2017,52382,
163,Memphis,2017,26838,
163,Memphis,2017,35771,1996-04-22
163,Memphis,2017,36995,1996-05-07
163,Memphis,2017,42546,1997-10-01
163,Memphis,2017,42998,1996-06-19
163,Memphis,2017,43002,
163,Memphis,2017,46350,
163,Memphis,2017,46352,
163,Memphis,2017,46354,
163,Memphis,2017,47319,1994-10-22
163,Memphis,2017,53607,1993-09-13
163,Memphis,2017,53608,1993-08-19
163,Memphis,2017,53609,1993-08-07
163,Memphis,2017,53610,
163,Memphis,2017,53611,
163,Memphis,2017,53612,1995-05-20
163,Memphis,2017,54906,
163,Memphis,2017,55779,
51,Cincinnati,2017,26746,
51,Cincinnati,2017,36690,1996-11-25
51,Cincinnati,2017,36692,1997-09-22
51,Cincinnati,2017,36695,
51,Cincinnati,2017,43472,
51,Cincinnati,2017,43473,
51,Cincinnati,2017,48476,1994-11-16
51,Cincinnati,2017,48477,1997-06-18
51,Cincinnati,2017,48478,1996-01-11
51,Cincinnati,2017,48479,1993-08-18
51,Cincinnati,2017,51818,1995-06-11
51,Cincinnati,2017,51819,1995-11-29
51,Cincinnati,2017,51820,1994-11-22
51,Cincinnati,2017,51821,1994-10-22
248,SMU,2017,43403,
248,SMU,2017,43944,
248,SMU,2017,43945,
248,SMU,2017,47238,1996-09-26
248,SMU,2017,47239,1994-11-24
248,SMU,2017,52386,1995-05-13
248,SMU,2017,52387,1995-02-10
248,SMU,2017,52388,
248,SMU,2017,52389,1995-02-21
248,SMU,2017,52390,
248,SMU,2017,52391,1995-10-10
248,SMU,2017,55864,
248,SMU,2017,52385,1994-12-05
248,SMU,2017,35977,1997-01-09
248,SMU,2017,47515,1998-08-20
289,Temple,2017,19808,1998-01-26
289,Temple,2017,35930,
289,Temple,2017,35931,
289,Temple,2017,42643,
289,Temple,2017,42644,1996-09-21
289,Temple,2017,42645,
289,Temple,2017,48869,1995-09-19
289,Temple,2017,48870,
289,Temple,2017,48871,
289,Temple,2017,48872,
289,Temple,2017,51827,
289,Temple,2017,51828,
289,Temple,2017,51829,
289,Temple,2017,51830,
312,UCF,2017,21472,
312,UCF,2017,35919,
312,UCF,2017,36921,
312,UCF,2017,41975,1995-12-10
312,UCF,2017,41976,1995-05-08
312,UCF,2017,41977,1996-11-02
312,UCF,2017,41978,1996-09-06
312,UCF,2017,41979,1995-12-21
312,UCF,2017,41980,
312,UCF,2017,41981,
312,UCF,2017,47273,1995-03-15
312,UCF,2017,47275,
312,UCF,2017,47276,
312,UCF,2017,47277,
312,UCF,2017,47278,1993-09-08
312,UCF,2017,53547,1994-02-16
312,UCF,2017,53548,
312,UCF,2017,53549,1993-10-14
304,Tulsa,2017,33137,
304,Tulsa,2017,35015,
304,Tulsa,2017,35016,
304,Tulsa,2017,35523,
304,Tulsa,2017,42163,
304,Tulsa,2017,42988,
304,Tulsa,2017,42991,
304,Tulsa,2017,46236,1994-06-04
304,Tulsa,2017,46237,
304,Tulsa,2017,46238,
304,Tulsa,2017,46239,1995-08-01
304,Tulsa,2017,46467,1994-02-02
304,Tulsa,2017,52409,
304,Tulsa,2017,52410,1995-02-26
304,Tulsa,2017,52411,1993-12-25
271,South Florida,2017,31480,
271,South Florida,2017,34934,1997-07-04
271,South Florida,2017,35554,
271,South Florida,2017,35869,
271,South Florida,2017,36990,
271,South Florida,2017,42639,1995-10-22
271,South Florida,2017,42996,
271,South Florida,2017,43942,1996-01-01
271,South Florida,2017,46740,
271,South Florida,2017,46866,1995-05-29
271,South Florida,2017,47102,
271,South Florida,2017,47253,
271,South Florida,2017,47254,
271,South Florida,2017,51834,
314,UConn,2017,26324,1997-08-20
314,UConn,2017,32429,1997-12-22
314,UConn,2017,32716,
314,UConn,2017,34820,1997-08-18
314,UConn,2017,37533,1997-03-21
314,UConn,2017,37534,
314,UConn,2017,43855,1995-12-11
314,UConn,2017,43861,1997-06-28
314,UConn,2017,46619,1995-08-15
314,UConn,2017,46621,
314,UConn,2017,46623,
314,UConn,2017,51238,1993-07-14
314,UConn,2017,51239,1994-02-11
314,UConn,2017,51240,1994-02-14
314,UConn,2017,51241,
314,UConn,2017,55909,
74,East Carolina,2017,26350,
74,East Carolina,2017,32200,
74,East Carolina,2017,35260,
74,East Carolina,2017,36687,1998-03-10
74,East Carolina,2017,42684,
74,East Carolina,2017,42685,
74,East Carolina,2017,42686,
74,East Carolina,2017,42687,
74,East Carolina,2017,48438,1995-08-08
74,East Carolina,2017,48439,1996-09-01
74,East Carolina,2017,48440,
74,East Carolina,2017,48442,
74,East Carolina,2017,52399,
74,East Carolina,2017,52400,1993-06-02
74,East Carolina,2017,52401,1994-05-05
74,East Carolina,2017,52402,1992-10-14
303,Tulane,2017,27963,
303,Tulane,2017,28017,
303,Tulane,2017,35010,
303,Tulane,2017,36991,
303,Tulane,2017,36998,
303,Tulane,2017,44356,
303,Tulane,2017,44358,
303,Tulane,2017,44359,
303,Tulane,2017,44797,1995-10-19
303,Tulane,2017,47229,1996-08-30
303,Tulane,2017,47230,
303,Tulane,2017,47231,
303,Tulane,2017,47232,1995-05-16
303,Tulane,2017,52682,1995-06-19
303,Tulane,2017,52683,1994-01-31
303,Tulane,2017,197821,1995-07-02
131,Kansas,2017,26295,
131,Kansas,2017,35509,1999-09-17
131,Kansas,2017,37102,
131,Kansas,2017,42547,
131,Kansas,2017,46030,1997-06-10
131,Kansas,2017,46031,1995-02-22
131,Kansas,2017,46032,
131,Kansas,2017,46033,1997-02-21
131,Kansas,2017,47148,1994-01-16
131,Kansas,2017,52699,1993-10-03
131,Kansas,2017,52700,1997-02-10
131,Kansas,2017,52701,1994-04-03
131,Kansas,2017,52702,
131,Kansas,2017,52703,
131,Kansas,2017,52704,
295,Texas,2017,25737,
295,Texas,2017,25784,1997-09-21
295,Texas,2017,35522,
295,Texas,2017,36152,1998-01-16
295,Texas,2017,43021,1996-08-08
295,Texas,2017,43023,1996-10-24
295,Texas,2017,47343,1994-12-14
295,Texas,2017,47344,
295,Texas,2017,47345,
295,Texas,2017,47346,
295,Texas,2017,52496,1998-04-21
295,Texas,2017,52497,1993-02-19
295,Texas,2017,52498,1994-09-07
295,Texas,2017,52499,1994-07-25
217,Oklahoma,2017,25907,
217,Oklahoma,2017,26760,1997-09-09
217,Oklahoma,2017,36001,1997-10-19
217,Oklahoma,2017,37106,
217,Oklahoma,2017,44175,
217,Oklahoma,2017,44176,
217,Oklahoma,2017,44178,
217,Oklahoma,2017,48323,1995-04-19
217,Oklahoma,2017,48325,
217,Oklahoma,2017,48334,
217,Oklahoma,2017,50229,
217,Oklahoma,2017,53464,
217,Oklahoma,2017,53465,
217,Oklahoma,2017,53466,
217,Oklahoma,2017,53467,
217,Oklahoma,2017,53468,
218,Oklahoma State,2017,31363,
218,Oklahoma State,2017,32076,
218,Oklahoma State,2017,35671,
218,Oklahoma State,2017,36788,
218,Oklahoma State,2017,37027,1997-09-30
218,Oklahoma State,2017,37028,1997-07-28
218,Oklahoma State,2017,37029,
218,Oklahoma State,2017,37031,
218,Oklahoma State,2017,47405,1996-08-02
218,Oklahoma State,2017,47406,1994-05-05
218,Oklahoma State,2017,47409,
218,Oklahoma State,2017,47410,1994-11-06
218,Oklahoma State,2017,52429,1994-09-26
218,Oklahoma State,2017,52430,1996-07-26
218,Oklahoma State,2017,52431,1993-04-27
20,Baylor,2017,26532,
20,Baylor,2017,32510,1997-11-07
20,Baylor,2017,37012,
20,Baylor,2017,43318,
20,Baylor,2017,43320,
20,Baylor,2017,46223,1994-04-26
20,Baylor,2017,46224,1994-10-03
20,Baylor,2017,46225,1995-08-16
20,Baylor,2017,46226,
20,Baylor,2017,46227,
20,Baylor,2017,46731,1994-10-30
20,Baylor,2017,51841,1994-09-12
20,Baylor,2017,51842,1995-05-04
125,Iowa State,2017,25913,
125,Iowa State,2017,32546,1998-04-02
125,Iowa State,2017,34950,
125,Iowa State,2017,43031,1995-12-12
125,Iowa State,2017,43032,1997-09-06
125,Iowa State,2017,47523,
125,Iowa State,2017,51294,1993-12-14
125,Iowa State,2017,51296,1994-08-04
125,Iowa State,2017,51297,1995-06-27
125,Iowa State,2017,51298,1993-08-03
125,Iowa State,2017,51299,1993-10-22
125,Iowa State,2017,51300,
125,Iowa State,2017,51301,
125,Iowa State,2017,51302,
125,Iowa State,2017,51295,1994-01-31
132,Kansas State,2017,20674,
132,Kansas State,2017,31475,
132,Kansas State,2017,34894,
132,Kansas State,2017,35993,1997-12-21
132,Kansas State,2017,35995,
132,Kansas State,2017,36552,
132,Kansas State,2017,44158,1996-11-20
132,Kansas State,2017,44159,
132,Kansas State,2017,44160,1996-12-21
132,Kansas State,2017,47495,
132,Kansas State,2017,47496,1994-09-30
132,Kansas State,2017,51023,
132,Kansas State,2017,52624,1994-12-20
132,Kansas State,2017,52625,1993-10-08
132,Kansas State,2017,52626,
132,Kansas State,2017,52627,
132,Kansas State,2017,52628,
298,Texas Tech,2017,42662,1995-09-14
298,Texas Tech,2017,42666,
298,Texas Tech,2017,42667,
298,Texas Tech,2017,43729,
298,Texas Tech,2017,47472,1996-01-05
298,Texas Tech,2017,47473,
298,Texas Tech,2017,47474,
298,Texas Tech,2017,47475,
298,Texas Tech,2017,47476,1996-08-23
298,Texas Tech,2017,52035,
298,Texas Tech,2017,52036,1992-06-27
298,Texas Tech,2017,52037,1994-01-02
298,Texas Tech,2017,52038,
298,Texas Tech,2017,52039,
298,Texas Tech,2017,52040,
298,Texas Tech,2017,52041,1994-09-20
66,Delaware,2017,32267,1998-01-06
66,Delaware,2017,35338,
66,Delaware,2017,38302,
66,Delaware,2017,42668,
66,Delaware,2017,42670,
66,Delaware,2017,42671,
66,Delaware,2017,46480,
66,Delaware,2017,46481,
66,Delaware,2017,51533,
66,Delaware,2017,51534,1995-06-30
66,Delaware,2017,51535,1995-03-11
66,Delaware,2017,51536,1993-11-20
66,Delaware,2017,51537,
66,Delaware,2017,51538,
347,West Virginia,2017,31544,
347,West Virginia,2017,35870,1997-06-02
347,West Virginia,2017,35986,
347,West Virginia,2017,37538,
347,West Virginia,2017,37539,
347,West Virginia,2017,43978,1997-03-19
347,West Virginia,2017,43979,
347,West Virginia,2017,48746,1995-01-05
347,West Virginia,2017,48747,1995-09-14
347,West Virginia,2017,51261,
347,West Virginia,2017,51262,1995-03-21
347,West Virginia,2017,51263,1993-08-10
347,West Virginia,2017,51264,1995-01-18
347,West Virginia,2017,51265,
347,West Virginia,2017,51266,1992-12-28
287,TCU,2017,27767,
287,TCU,2017,36204,
287,TCU,2017,37332,1998-06-25
287,TCU,2017,43465,1995-05-20
287,TCU,2017,43468,
287,TCU,2017,47488,
287,TCU,2017,47489,
287,TCU,2017,48410,
287,TCU,2017,51848,
287,TCU,2017,51849,1993-05-23
287,TCU,2017,51850,
287,TCU,2017,51851,
287,TCU,2017,51852,
287,TCU,2017,43464,
287,TCU,2017,47485,1994-12-02
287,TCU,2017,47484,1994-05-08
338,Villanova,2017,41861,1996-11-04
338,Villanova,2017,41862,1995-12-31
338,Villanova,2017,41864,
338,Villanova,2017,46039,1997-07-21
338,Villanova,2017,46040,1996-08-31
338,Villanova,2017,46041,1996-08-30
338,Villanova,2017,46042,1997-01-31
338,Villanova,2017,46043,
338,Villanova,2017,46044,
338,Villanova,2017,46045,
338,Villanova,2017,51165,1993-10-13
338,Villanova,2017,51166,1993-11-20
338,Villanova,2017,51167,1995-03-06
338,Villanova,2017,26415,
97,Georgetown,2017,36920,
97,Georgetown,2017,36922,
97,Georgetown,2017,42488,
97,Georgetown,2017,43182,1996-08-21
97,Georgetown,2017,43183,1997-07-25
97,Georgetown,2017,43185,1996-11-21
97,Georgetown,2017,48225,1996-02-01
97,Georgetown,2017,48226,
97,Georgetown,2017,48228,
97,Georgetown,2017,53024,
97,Georgetown,2017,53025,1992-10-14
97,Georgetown,2017,53026,1994-09-10
97,Georgetown,2017,53027,
97,Georgetown,2017,43080,1995-06-13
97,Georgetown,2017,43865,1994-11-28
279,St. John's,2017,34491,
279,St. John's,2017,35425,1996-08-17
279,St. John's,2017,36735,
279,St. John's,2017,41985,
279,St. John's,2017,41986,1998-06-29
279,St. John's,2017,41987,1996-05-06
279,St. John's,2017,41989,
279,St. John's,2017,42661,1995-01-30
279,St. John's,2017,43856,
279,St. John's,2017,46594,
279,St. John's,2017,46595,
279,St. John's,2017,46596,
279,St. John's,2017,47408,
279,St. John's,2017,47629,
279,St. John's,2017,52592,
279,St. John's,2017,52593,
235,Providence,2017,35073,
235,Providence,2017,35504,
235,Providence,2017,35505,1997-06-29
235,Providence,2017,35507,
235,Providence,2017,35508,
235,Providence,2017,35881,
235,Providence,2017,36942,
235,Providence,2017,42008,
235,Providence,2017,46585,1994-06-03
235,Providence,2017,46586,
235,Providence,2017,46587,
235,Providence,2017,46588,
235,Providence,2017,53527,
235,Providence,2017,53528,1994-02-24
263,Seton Hall,2017,26556,1997-11-07
263,Seton Hall,2017,34865,1997-07-07
263,Seton Hall,2017,36422,
263,Seton Hall,2017,42000,
263,Seton Hall,2017,45369,
263,Seton Hall,2017,46345,1996-03-23
263,Seton Hall,2017,46346,1994-11-20
263,Seton Hall,2017,46347,1995-10-03
263,Seton Hall,2017,46348,1996-07-16
263,Seton Hall,2017,47100,
263,Seton Hall,2017,51568,1993-10-20
263,Seton Hall,2017,51569,
263,Seton Hall,2017,51570,
263,Seton Hall,2017,51571,
263,Seton Hall,2017,51572,
157,Marquette,2017,41941,1995-09-22
157,Marquette,2017,26105,
157,Marquette,2017,31566,1997-12-08
157,Marquette,2017,36021,1999-03-03
157,Marquette,2017,36022,1997-09-19
157,Marquette,2017,36367,1996-09-06
157,Marquette,2017,43301,
157,Marquette,2017,43305,
157,Marquette,2017,47514,1994-06-18
157,Marquette,2017,48996,1994-09-22
157,Marquette,2017,51459,1994-03-18
157,Marquette,2017,51460,1993-08-21
157,Marquette,2017,51461,
157,Marquette,2017,51458,1994-10-29
61,Creighton,2017,27622,1998-06-30
61,Creighton,2017,36307,
61,Creighton,2017,43191,1995-03-10
61,Creighton,2017,43194,1996-02-15
61,Creighton,2017,43271,
61,Creighton,2017,47517,1995-01-16
61,Creighton,2017,47518,1996-05-08
61,Creighton,2017,47519,1995-06-03
61,Creighton,2017,47521,1994-12-25
61,Creighton,2017,47732,
61,Creighton,2017,51277,
61,Creighton,2017,51278,1997-06-14
61,Creighton,2017,51279,1993-03-08
61,Creighton,2017,51280,1994-06-06
61,Creighton,2017,51281,1993-09-25
359,Xavier,2017,34928,1997-05-03
359,Xavier,2017,34929,
359,Xavier,2017,34930,
359,Xavier,2017,46095,1996-11-08
359,Xavier,2017,46096,1995-06-05
359,Xavier,2017,46097,1994-11-04
359,Xavier,2017,46100,
359,Xavier,2017,51171,1995-12-31
359,Xavier,2017,51172,
359,Xavier,2017,51173,1994-01-31
359,Xavier,2017,51174,
359,Xavier,2017,51175,1994-11-04
359,Xavier,2017,51176,
359,Xavier,2017,51177,
359,Xavier,2017,51178,1993-11-02
65,DePaul,2017,27728,
65,DePaul,2017,31789,
65,DePaul,2017,32567,
65,DePaul,2017,36379,
65,DePaul,2017,42960,
65,DePaul,2017,43633,1996-03-28
65,DePaul,2017,47817,1995-06-04
65,DePaul,2017,47820,
65,DePaul,2017,53498,1994-10-16
65,DePaul,2017,53499,
65,DePaul,2017,53500,1993-07-29
65,DePaul,2017,53501,
65,DePaul,2017,53502,
65,DePaul,2017,53503,
65,DePaul,2017,47819,
65,DePaul,2017,43634,1996-10-18
34,Butler,2017,25812,
34,Butler,2017,34813,1996-11-03
34,Butler,2017,36742,1997-09-15
34,Butler,2017,36745,
34,Butler,2017,44339,
34,Butler,2017,44340,
34,Butler,2017,46603,
34,Butler,2017,46604,1995-08-03
34,Butler,2017,53281,1994-06-14
34,Butler,2017,53282,
34,Butler,2017,53283,1993-05-14
34,Butler,2017,53284,
34,Butler,2017,53285,1994-04-05
34,Butler,2017,53286,1993-09-04
345,Weber State,2017,36426,
345,Weber State,2017,37362,
345,Weber State,2017,37364,
345,Weber State,2017,37367,1998-04-13
345,Weber State,2017,41838,
345,Weber State,2017,43386,
345,Weber State,2017,43387,
345,Weber State,2017,47091,1995-12-19
345,Weber State,2017,47444,
345,Weber State,2017,47445,
345,Weber State,2017,52614,1994-08-21
345,Weber State,2017,52615,1995-03-24
345,Weber State,2017,52616,
345,Weber State,2017,52617,
345,Weber State,2017,52618,
345,Weber State,2017,52619,
345,Weber State,2017,55923,1994-07-13
179,Montana,2017,28056,
179,Montana,2017,37110,
179,Montana,2017,37114,
179,Montana,2017,44190,
179,Montana,2017,44191,
179,Montana,2017,44192,
179,Montana,2017,44193,
179,Montana,2017,44195,
179,Montana,2017,47413,
179,Montana,2017,47415,
179,Montana,2017,53005,1994-07-08
179,Montana,2017,53006,
179,Montana,2017,53007,
179,Montana,2017,53008,
179,Montana,2017,53009,1995-04-08
179,Montana,2017,53010,1994-03-02
180,Montana State,2017,32185,
180,Montana State,2017,34911,
180,Montana State,2017,43257,1995-11-24
180,Montana State,2017,43258,1997-03-25
180,Montana State,2017,43262,
180,Montana State,2017,47166,
180,Montana State,2017,47167,
180,Montana State,2017,47168,
180,Montana State,2017,47169,
180,Montana State,2017,47170,
180,Montana State,2017,51868,
180,Montana State,2017,51869,
180,Montana State,2017,51870,
180,Montana State,2017,51871,
180,Montana State,2017,51872,
116,Idaho State,2017,36353,
116,Idaho State,2017,36354,
116,Idaho State,2017,36355,
116,Idaho State,2017,36408,1996-07-17
116,Idaho State,2017,36538,
116,Idaho State,2017,43961,
116,Idaho State,2017,47666,
116,Idaho State,2017,47667,
116,Idaho State,2017,47668,
116,Idaho State,2017,47670,
116,Idaho State,2017,52866,
116,Idaho State,2017,52867,
116,Idaho State,2017,52868,
116,Idaho State,2017,52869,
116,Idaho State,2017,52870,
206,Northern Arizona,2017,32542,
206,Northern Arizona,2017,33913,
206,Northern Arizona,2017,36553,
206,Northern Arizona,2017,36699,1998-04-23
206,Northern Arizona,2017,36700,
206,Northern Arizona,2017,36722,
206,Northern Arizona,2017,37760,
206,Northern Arizona,2017,44269,
206,Northern Arizona,2017,44271,
206,Northern Arizona,2017,44272,
206,Northern Arizona,2017,46015,
206,Northern Arizona,2017,52900,1995-01-10
206,Northern Arizona,2017,52901,1993-12-22
206,Northern Arizona,2017,52902,
206,Northern Arizona,2017,52903,
206,Northern Arizona,2017,52904,
206,Northern Arizona,2017,52905,
206,Northern Arizona,2017,52906,
80,Eastern Washington,2017,42513,
80,Eastern Washington,2017,42515,
80,Eastern Washington,2017,42516,
80,Eastern Washington,2017,46300,
80,Eastern Washington,2017,46301,1995-06-17
80,Eastern Washington,2017,46303,
231,Portland State,2017,39811,
231,Portland State,2017,41879,
231,Portland State,2017,41886,
231,Portland State,2017,48198,
231,Portland State,2017,48199,
231,Portland State,2017,48200,
231,Portland State,2017,48201,
231,Portland State,2017,48203,
231,Portland State,2017,48470,1994-02-28
231,Portland State,2017,52629,
231,Portland State,2017,52630,1995-01-22
231,Portland State,2017,52631,1993-10-01
231,Portland State,2017,52632,
231,Portland State,2017,52633,
231,Portland State,2017,52634,
207,Northern Colorado,2017,36025,
207,Northern Colorado,2017,36026,
207,Northern Colorado,2017,42616,
207,Northern Colorado,2017,44208,1997-06-06
207,Northern Colorado,2017,47193,
207,Northern Colorado,2017,47215,
207,Northern Colorado,2017,47216,
207,Northern Colorado,2017,47217,1994-12-25
207,Northern Colorado,2017,47218,
207,Northern Colorado,2017,47219,
207,Northern Colorado,2017,47220,
207,Northern Colorado,2017,53276,1993-09-13
207,Northern Colorado,2017,53277,
207,Northern Colorado,2017,53278,
207,Northern Colorado,2017,53279,
207,Northern Colorado,2017,53280,
249,Sacramento State,2017,37666,
249,Sacramento State,2017,37667,
249,Sacramento State,2017,37668,
249,Sacramento State,2017,44249,1996-06-09
249,Sacramento State,2017,44252,
249,Sacramento State,2017,47561,
249,Sacramento State,2017,47563,
249,Sacramento State,2017,47564,
249,Sacramento State,2017,49440,
249,Sacramento State,2017,52653,
249,Sacramento State,2017,52654,1995-02-06
249,Sacramento State,2017,52655,
249,Sacramento State,2017,52656,
249,Sacramento State,2017,52657,
249,Sacramento State,2017,55804,
276,Southern Utah,2017,32058,
276,Southern Utah,2017,33397,
276,Southern Utah,2017,37905,
276,Southern Utah,2017,43135,
276,Southern Utah,2017,43141,
276,Southern Utah,2017,47309,1995-05-09
276,Southern Utah,2017,47675,
276,Southern Utah,2017,47677,
276,Southern Utah,2017,47679,
276,Southern Utah,2017,52412,
276,Southern Utah,2017,52413,
276,Southern Utah,2017,52414,
276,Southern Utah,2017,52415,
276,Southern Utah,2017,52416,
276,Southern Utah,2017,47678,
201,North Dakota,2017,37288,
201,North Dakota,2017,37289,
201,North Dakota,2017,37290,
201,North Dakota,2017,41813,
201,North Dakota,2017,42847,
201,North Dakota,2017,42848,
201,North Dakota,2017,47137,
201,North Dakota,2017,47576,
201,North Dakota,2017,47577,
201,North Dakota,2017,48369,1994-11-29
201,North Dakota,2017,51415,
201,North Dakota,2017,51416,
201,North Dakota,2017,51417,
201,North Dakota,2017,51418,
201,North Dakota,2017,51419,
354,Winthrop,2017,37199,
354,Winthrop,2017,43322,
354,Winthrop,2017,43325,
354,Winthrop,2017,43327,
354,Winthrop,2017,46533,1995-08-19
354,Winthrop,2017,46534,1995-03-16
354,Winthrop,2017,46535,1995-12-15
354,Winthrop,2017,46536,
354,Winthrop,2017,46538,
354,Winthrop,2017,47620,
354,Winthrop,2017,48145,1994-11-25
354,Winthrop,2017,53188,1994-03-07
354,Winthrop,2017,53189,1995-09-29
354,Winthrop,2017,53190,
354,Winthrop,2017,53191,1994-04-02
354,Winthrop,2017,53192,1995-05-14
239,Radford,2017,31730,1997-12-23
239,Radford,2017,35442,
239,Radford,2017,37518,
239,Radford,2017,37519,
239,Radford,2017,41798,
239,Radford,2017,42198,
239,Radford,2017,46392,
239,Radford,2017,46393,
239,Radford,2017,46394,
239,Radford,2017,46395,
239,Radford,2017,46396,
239,Radford,2017,47039,1994-03-07
239,Radford,2017,52042,
239,Radford,2017,52043,
319,UNC Asheville,2017,32117,
319,UNC Asheville,2017,32509,1997-06-11
319,UNC Asheville,2017,43834,
319,UNC Asheville,2017,43836,
319,UNC Asheville,2017,46844,
319,UNC Asheville,2017,46845,
319,UNC Asheville,2017,46846,
319,UNC Asheville,2017,46847,
319,UNC Asheville,2017,46848,
319,UNC Asheville,2017,46849,
319,UNC Asheville,2017,51790,
319,UNC Asheville,2017,51791,
319,UNC Asheville,2017,51792,
319,UNC Asheville,2017,51793,
319,UNC Asheville,2017,51794,
319,UNC Asheville,2017,51795,
47,Charleston Southern,2017,27337,
47,Charleston Southern,2017,35450,
47,Charleston Southern,2017,36678,
47,Charleston Southern,2017,41177,
47,Charleston Southern,2017,42505,
47,Charleston Southern,2017,46515,
47,Charleston Southern,2017,46516,
47,Charleston Southern,2017,46517,
47,Charleston Southern,2017,46518,
47,Charleston Southern,2017,46519,
47,Charleston Southern,2017,46523,
47,Charleston Southern,2017,53064,
47,Charleston Southern,2017,53065,1994-06-03
47,Charleston Southern,2017,53066,
47,Charleston Southern,2017,53067,
47,Charleston Southern,2017,53068,
142,Liberty,2017,37525,
142,Liberty,2017,37526,
142,Liberty,2017,37527,1996-11-27
142,Liberty,2017,37528,
142,Liberty,2017,43838,
142,Liberty,2017,43839,
142,Liberty,2017,46024,
142,Liberty,2017,46397,
142,Liberty,2017,46398,
142,Liberty,2017,46401,
142,Liberty,2017,52581,1995-04-12
142,Liberty,2017,52582,
142,Liberty,2017,52583,
142,Liberty,2017,52584,
142,Liberty,2017,52585,
109,High Point,2017,62598,1990-09-02
109,High Point,2017,35381,
109,High Point,2017,35382,
109,High Point,2017,36287,
109,High Point,2017,36717,
109,High Point,2017,36977,
109,High Point,2017,43589,
109,High Point,2017,43590,
109,High Point,2017,43591,
109,High Point,2017,43592,
109,High Point,2017,47027,
109,High Point,2017,53264,1993-04-18
109,High Point,2017,53267,
109,High Point,2017,53265,1994-03-28
109,High Point,2017,62597,1992-07-29
109,High Point,2017,53266,
109,High Point,2017,47028,
94,Gardner-Webb,2017,26771,
94,Gardner-Webb,2017,34581,
94,Gardner-Webb,2017,35385,
94,Gardner-Webb,2017,35386,
94,Gardner-Webb,2017,35947,
94,Gardner-Webb,2017,42410,
94,Gardner-Webb,2017,42411,
94,Gardner-Webb,2017,42413,
94,Gardner-Webb,2017,45961,
94,Gardner-Webb,2017,45962,
94,Gardner-Webb,2017,45963,
94,Gardner-Webb,2017,45964,
94,Gardner-Webb,2017,52383,
94,Gardner-Webb,2017,52384,
147,Longwood,2017,18200,
147,Longwood,2017,35372,
147,Longwood,2017,42205,
147,Longwood,2017,42206,
147,Longwood,2017,46181,
147,Longwood,2017,46492,
147,Longwood,2017,47948,1995-12-16
147,Longwood,2017,47950,1995-08-18
147,Longwood,2017,47951,
147,Longwood,2017,47952,
147,Longwood,2017,47955,
147,Longwood,2017,53412,
147,Longwood,2017,53413,
147,Longwood,2017,53414,
147,Longwood,2017,53415,
233,Presbyterian,2017,32247,
233,Presbyterian,2017,37205,
233,Presbyterian,2017,37206,
233,Presbyterian,2017,42472,
233,Presbyterian,2017,46642,
233,Presbyterian,2017,46643,
233,Presbyterian,2017,46644,
233,Presbyterian,2017,46645,
233,Presbyterian,2017,46648,
233,Presbyterian,2017,51803,
233,Presbyterian,2017,51804,1995-08-13
233,Presbyterian,2017,51805,
233,Presbyterian,2017,51806,1995-01-05
233,Presbyterian,2017,51807,
233,Presbyterian,2017,51808,
233,Presbyterian,2017,51809,1994-11-19
236,Purdue,2017,32079,
236,Purdue,2017,36719,
236,Purdue,2017,41937,
236,Purdue,2017,41938,1998-03-12
236,Purdue,2017,41939,
236,Purdue,2017,44088,
236,Purdue,2017,46127,1996-04-05
236,Purdue,2017,46128,1995-10-02
236,Purdue,2017,46129,
236,Purdue,2017,46130,1995-07-11
236,Purdue,2017,51205,1997-04-18
236,Purdue,2017,51206,
236,Purdue,2017,51207,1992-08-24
236,Purdue,2017,51208,1994-12-27
121,Indiana,2017,35539,
121,Indiana,2017,35548,
121,Indiana,2017,35550,
121,Indiana,2017,42016,1997-04-17
121,Indiana,2017,42018,
121,Indiana,2017,42021,
121,Indiana,2017,42022,
121,Indiana,2017,46710,1995-05-27
121,Indiana,2017,46711,1994-04-17
121,Indiana,2017,46712,
121,Indiana,2017,46713,
121,Indiana,2017,46714,1994-06-27
121,Indiana,2017,52695,1997-07-17
121,Indiana,2017,52696,1997-07-31
121,Indiana,2017,52697,1995-04-22
121,Indiana,2017,52698,
118,Illinois,2017,26296,
118,Illinois,2017,27733,
118,Illinois,2017,36047,
118,Illinois,2017,36048,
118,Illinois,2017,41685,
118,Illinois,2017,42935,
118,Illinois,2017,43957,
118,Illinois,2017,43958,
118,Illinois,2017,47332,1996-01-31
118,Illinois,2017,47335,
118,Illinois,2017,47336,
118,Illinois,2017,52599,1994-08-28
118,Illinois,2017,52600,1995-10-26
118,Illinois,2017,52601,1992-02-06
118,Illinois,2017,52602,1993-05-17
118,Illinois,2017,52603,1995-01-16
118,Illinois,2017,52604,
216,Ohio State,2017,31351,1998-04-06
216,Ohio State,2017,32055,1997-04-12
216,Ohio State,2017,34922,
216,Ohio State,2017,36697,
216,Ohio State,2017,37104,
216,Ohio State,2017,43469,
216,Ohio State,2017,43471,
216,Ohio State,2017,46698,1996-01-23
216,Ohio State,2017,46699,1995-10-28
216,Ohio State,2017,46700,
216,Ohio State,2017,52684,
216,Ohio State,2017,52685,1994-06-12
216,Ohio State,2017,52686,
124,Iowa,2017,27701,1997-06-19
124,Iowa,2017,31474,
124,Iowa,2017,32387,
124,Iowa,2017,33462,
124,Iowa,2017,35511,
124,Iowa,2017,37624,
124,Iowa,2017,37826,1996-08-13
124,Iowa,2017,43938,
124,Iowa,2017,43950,1997-09-23
124,Iowa,2017,43951,1996-03-26
124,Iowa,2017,47551,
124,Iowa,2017,47552,
124,Iowa,2017,47553,
124,Iowa,2017,47573,
124,Iowa,2017,52772,1994-03-30
124,Iowa,2017,54603,
355,Wisconsin,2017,31353,1997-12-22
355,Wisconsin,2017,31354,1996-05-02
355,Wisconsin,2017,34940,
355,Wisconsin,2017,34944,
355,Wisconsin,2017,35377,
355,Wisconsin,2017,43066,
355,Wisconsin,2017,43067,1997-07-19
355,Wisconsin,2017,43068,
355,Wisconsin,2017,43069,
355,Wisconsin,2017,46674,
355,Wisconsin,2017,46675,
355,Wisconsin,2017,46676,
355,Wisconsin,2017,47092,1994-12-12
355,Wisconsin,2017,52488,1995-07-31
355,Wisconsin,2017,52489,1994-12-06
355,Wisconsin,2017,52490,1994-11-13
355,Wisconsin,2017,52491,
173,Minnesota,2017,27033,
173,Minnesota,2017,36037,
173,Minnesota,2017,36038,
173,Minnesota,2017,41973,
173,Minnesota,2017,42603,1994-09-02
173,Minnesota,2017,43092,1997-02-28
173,Minnesota,2017,43093,1997-06-17
173,Minnesota,2017,43094,
173,Minnesota,2017,43097,
173,Minnesota,2017,46086,1994-11-30
173,Minnesota,2017,46087,1995-07-25
173,Minnesota,2017,46088,
173,Minnesota,2017,46089,1993-12-15
173,Minnesota,2017,52482,
173,Minnesota,2017,52483,
173,Minnesota,2017,52484,1994-03-10
170,Michigan,2017,31413,
170,Michigan,2017,32636,1998-01-06
170,Michigan,2017,35555,1997-05-04
170,Michigan,2017,35556,1997-02-11
170,Michigan,2017,42940,
170,Michigan,2017,43203,1996-11-15
170,Michigan,2017,46703,1994-05-10
170,Michigan,2017,46723,1995-05-05
170,Michigan,2017,48111,1997-04-26
170,Michigan,2017,48112,1994-04-22
170,Michigan,2017,48113,1994-09-01
170,Michigan,2017,48116,
170,Michigan,2017,52713,1994-09-05
170,Michigan,2017,52714,1995-04-03
170,Michigan,2017,52715,1996-02-19
170,Michigan,2017,52716,1995-05-03
169,Michigan State,2017,31369,
169,Michigan State,2017,36381,1998-02-28
169,Michigan State,2017,36382,
169,Michigan State,2017,36384,
169,Michigan State,2017,42543,1997-09-02
169,Michigan State,2017,42544,1996-09-11
169,Michigan State,2017,42545,1996-09-28
169,Michigan State,2017,46010,1998-03-21
169,Michigan State,2017,46011,1995-11-10
169,Michigan State,2017,46012,1994-08-22
169,Michigan State,2017,46013,
169,Michigan State,2017,51949,1993-11-26
169,Michigan State,2017,51950,
169,Michigan State,2017,51951,1995-04-09
169,Michigan State,2017,51952,
169,Michigan State,2017,51953,
169,Michigan State,2017,55910,
212,Northwestern,2017,32158,1997-09-04
212,Northwestern,2017,32703,
212,Northwestern,2017,35170,
212,Northwestern,2017,35852,
212,Northwestern,2017,37609,
212,Northwestern,2017,38308,
212,Northwestern,2017,43946,1995-12-19
212,Northwestern,2017,43947,1996-10-01
212,Northwestern,2017,43949,
212,Northwestern,2017,45987,
212,Northwestern,2017,46116,
212,Northwestern,2017,46117,1996-05-20
212,Northwestern,2017,52479,1994-04-29
212,Northwestern,2017,52480,
226,Penn State,2017,35536,1995-08-10
226,Penn State,2017,35537,1997-07-09
226,Penn State,2017,35540,
226,Penn State,2017,38305,
226,Penn State,2017,44098,1997-06-04
226,Penn State,2017,44099,
226,Penn State,2017,44100,1994-11-16
226,Penn State,2017,46283,
226,Penn State,2017,46284,1997-10-11
226,Penn State,2017,46285,
226,Penn State,2017,47250,1994-05-20
226,Penn State,2017,47251,1994-06-11
226,Penn State,2017,47862,
226,Penn State,2017,51943,
160,Maryland,2017,27683,
160,Maryland,2017,34842,1997-10-07
160,Maryland,2017,34844,
160,Maryland,2017,42673,
160,Maryland,2017,42674,
160,Maryland,2017,42975,
160,Maryland,2017,43064,
160,Maryland,2017,46452,
160,Maryland,2017,46658,1997-02-18
160,Maryland,2017,46659,
160,Maryland,2017,46660,1998-08-27
160,Maryland,2017,46662,
160,Maryland,2017,51307,1994-05-10
160,Maryland,2017,51308,1995-02-02
160,Maryland,2017,51309,1994-12-24
160,Maryland,2017,51310,
188,Nebraska,2017,32634,1996-11-04
188,Nebraska,2017,36014,1997-04-04
188,Nebraska,2017,36023,
188,Nebraska,2017,43079,1998-02-03
188,Nebraska,2017,43081,
188,Nebraska,2017,43082,1996-07-31
188,Nebraska,2017,43083,1997-01-07
188,Nebraska,2017,43085,
188,Nebraska,2017,48099,1995-05-02
188,Nebraska,2017,48143,1996-04-11
188,Nebraska,2017,48144,1996-06-27
188,Nebraska,2017,48146,
188,Nebraska,2017,48147,1994-12-05
188,Nebraska,2017,53510,1995-05-29
188,Nebraska,2017,53511,
188,Nebraska,2017,53512,
188,Nebraska,2017,27990,1998-04-09
245,Rutgers,2017,51935,
245,Rutgers,2017,32682,1997-02-14
245,Rutgers,2017,37030,
245,Rutgers,2017,37225,
245,Rutgers,2017,43158,
245,Rutgers,2017,44070,
245,Rutgers,2017,44071,
245,Rutgers,2017,46657,1995-01-20
245,Rutgers,2017,46686,
245,Rutgers,2017,46687,
245,Rutgers,2017,46688,
245,Rutgers,2017,46689,
245,Rutgers,2017,46691,
245,Rutgers,2017,46692,
245,Rutgers,2017,46693,
245,Rutgers,2017,51936,
145,Long Beach State,2017,33461,
145,Long Beach State,2017,34901,
145,Long Beach State,2017,37119,
145,Long Beach State,2017,43989,
145,Long Beach State,2017,43990,
145,Long Beach State,2017,46331,
145,Long Beach State,2017,47662,
145,Long Beach State,2017,47733,
145,Long Beach State,2017,47734,1994-08-02
145,Long Beach State,2017,47735,
145,Long Beach State,2017,47736,
145,Long Beach State,2017,47737,
145,Long Beach State,2017,52813,1993-08-06
145,Long Beach State,2017,52814,
145,Long Beach State,2017,52815,
145,Long Beach State,2017,55887,1989-01-26
308,UC Irvine,2017,31858,
308,UC Irvine,2017,36576,
308,UC Irvine,2017,36577,
308,UC Irvine,2017,36578,
308,UC Irvine,2017,36579,
308,UC Irvine,2017,36709,
308,UC Irvine,2017,43380,
308,UC Irvine,2017,43381,
308,UC Irvine,2017,43383,
308,UC Irvine,2017,43385,
308,UC Irvine,2017,47554,
308,UC Irvine,2017,47555,
308,UC Irvine,2017,52831,1994-11-07
308,UC Irvine,2017,52832,1995-03-06
308,UC Irvine,2017,52833,
308,UC Irvine,2017,52834,1995-06-29
308,UC Irvine,2017,53623,
308,UC Irvine,2017,54952,
37,Cal State Fullerton,2017,35861,
37,Cal State Fullerton,2017,36281,
37,Cal State Fullerton,2017,36283,
37,Cal State Fullerton,2017,36288,1997-01-04
37,Cal State Fullerton,2017,37642,
37,Cal State Fullerton,2017,42906,1997-09-02
37,Cal State Fullerton,2017,42907,
37,Cal State Fullerton,2017,42910,
37,Cal State Fullerton,2017,42912,1998-09-02
37,Cal State Fullerton,2017,42914,
37,Cal State Fullerton,2017,52806,1995-01-02
37,Cal State Fullerton,2017,52807,
37,Cal State Fullerton,2017,52808,
37,Cal State Fullerton,2017,52809,1993-01-08
37,Cal State Fullerton,2017,52810,
37,Cal State Fullerton,2017,52811,
37,Cal State Fullerton,2017,52812,
35,Cal Poly,2017,32388,
35,Cal Poly,2017,32389,1996-12-07
35,Cal Poly,2017,37341,1997-05-01
35,Cal Poly,2017,43743,
35,Cal Poly,2017,43997,1995-11-20
35,Cal Poly,2017,44244,1995-10-06
35,Cal Poly,2017,44337,
35,Cal Poly,2017,46605,
35,Cal Poly,2017,46606,
35,Cal Poly,2017,46607,
35,Cal Poly,2017,52920,1994-10-04
35,Cal Poly,2017,52921,
35,Cal Poly,2017,52922,1993-09-12
35,Cal Poly,2017,52923,
35,Cal Poly,2017,52924,
35,Cal Poly,2017,52925,1994-11-22
38,Cal State Northridge,2017,36319,
38,Cal State Northridge,2017,36669,
38,Cal State Northridge,2017,43136,
38,Cal State Northridge,2017,43410,
38,Cal State Northridge,2017,44197,
38,Cal State Northridge,2017,47407,1995-09-18
38,Cal State Northridge,2017,47724,
38,Cal State Northridge,2017,47726,
38,Cal State Northridge,2017,47727,
38,Cal State Northridge,2017,47728,
38,Cal State Northridge,2017,50589,1995-08-18
38,Cal State Northridge,2017,52858,1993-09-11
38,Cal State Northridge,2017,52859,
38,Cal State Northridge,2017,52860,1994-11-01
38,Cal State Northridge,2017,52861,
38,Cal State Northridge,2017,52862,
38,Cal State Northridge,2017,52863,
38,Cal State Northridge,2017,52864,
38,Cal State Northridge,2017,52865,
309,UC Riverside,2017,27674,
309,UC Riverside,2017,36365,
309,UC Riverside,2017,43242,
309,UC Riverside,2017,43243,
309,UC Riverside,2017,43247,
309,UC Riverside,2017,47767,
309,UC Riverside,2017,47768,
309,UC Riverside,2017,47769,1995-11-21
309,UC Riverside,2017,47770,
309,UC Riverside,2017,47771,
309,UC Riverside,2017,47772,
309,UC Riverside,2017,47773,
309,UC Riverside,2017,47774,
309,UC Riverside,2017,47775,
309,UC Riverside,2017,47776,
309,UC Riverside,2017,47778,
309,UC Riverside,2017,47779,
309,UC Riverside,2017,47780,
309,UC Riverside,2017,47781,
309,UC Riverside,2017,47782,1993-03-29
309,UC Riverside,2017,52894,
307,UC Davis,2017,20814,
307,UC Davis,2017,35891,
307,UC Davis,2017,35892,
307,UC Davis,2017,42990,
307,UC Davis,2017,43418,
307,UC Davis,2017,43420,
307,UC Davis,2017,43423,
307,UC Davis,2017,48626,1995-12-24
307,UC Davis,2017,48627,
307,UC Davis,2017,48628,
307,UC Davis,2017,52017,
307,UC Davis,2017,52018,
307,UC Davis,2017,52019,
307,UC Davis,2017,52020,
307,UC Davis,2017,52021,
108,Hawai'i,2017,25930,
108,Hawai'i,2017,37681,
108,Hawai'i,2017,44260,
108,Hawai'i,2017,44262,
108,Hawai'i,2017,44264,
108,Hawai'i,2017,44265,
108,Hawai'i,2017,47098,
108,Hawai'i,2017,47749,
108,Hawai'i,2017,47750,1995-02-14
108,Hawai'i,2017,47751,
108,Hawai'i,2017,47752,
108,Hawai'i,2017,50688,
108,Hawai'i,2017,53013,1995-02-01
108,Hawai'i,2017,53014,
108,Hawai'i,2017,53015,
321,UNC Wilmington,2017,35200,
321,UNC Wilmington,2017,36155,
321,UNC Wilmington,2017,42646,1996-10-08
321,UNC Wilmington,2017,42647,
321,UNC Wilmington,2017,45766,
321,UNC Wilmington,2017,48051,
321,UNC Wilmington,2017,48052,
321,UNC Wilmington,2017,48053,
321,UNC Wilmington,2017,52004,
321,UNC Wilmington,2017,52005,1993-06-28
321,UNC Wilmington,2017,52006,
321,UNC Wilmington,2017,52007,
321,UNC Wilmington,2017,55872,
321,UNC Wilmington,2017,55873,
321,UNC Wilmington,2017,55874,
321,UNC Wilmington,2017,55875,
321,UNC Wilmington,2017,55876,
321,UNC Wilmington,2017,55877,
321,UNC Wilmington,2017,55878,
321,UNC Wilmington,2017,55879,
321,UNC Wilmington,2017,55880,
321,UNC Wilmington,2017,55881,
321,UNC Wilmington,2017,55882,
321,UNC Wilmington,2017,55883,
321,UNC Wilmington,2017,55884,
321,UNC Wilmington,2017,55885,
321,UNC Wilmington,2017,55886,
321,UNC Wilmington,2017,26972,
129,James Madison,2017,35008,
129,James Madison,2017,35782,
129,James Madison,2017,42466,
129,James Madison,2017,46311,
129,James Madison,2017,46312,
129,James Madison,2017,51539,
129,James Madison,2017,51540,
129,James Madison,2017,51541,
129,James Madison,2017,51542,
129,James Madison,2017,51543,
129,James Madison,2017,51544,
129,James Madison,2017,51545,1993-02-13
129,James Madison,2017,51546,
129,James Madison,2017,51547,
110,Hofstra,2017,32543,
110,Hofstra,2017,36872,1997-05-31
110,Hofstra,2017,36873,
110,Hofstra,2017,36875,
110,Hofstra,2017,44089,1997-10-27
110,Hofstra,2017,46424,
110,Hofstra,2017,46426,
110,Hofstra,2017,47228,
110,Hofstra,2017,51527,1992-11-21
110,Hofstra,2017,51528,
110,Hofstra,2017,51529,
110,Hofstra,2017,51530,
110,Hofstra,2017,51531,
71,Drexel,2017,26080,
71,Drexel,2017,31653,
71,Drexel,2017,33189,
71,Drexel,2017,42973,1995-06-27
71,Drexel,2017,43998,
71,Drexel,2017,46438,
71,Drexel,2017,46439,
71,Drexel,2017,46440,
71,Drexel,2017,46441,
71,Drexel,2017,46442,
71,Drexel,2017,46443,1995-03-29
71,Drexel,2017,51686,
71,Drexel,2017,51687,
71,Drexel,2017,51688,
71,Drexel,2017,51689,
71,Drexel,2017,51690,
71,Drexel,2017,51691,
205,Northeastern,2017,35264,
205,Northeastern,2017,35265,
205,Northeastern,2017,35497,
205,Northeastern,2017,43006,
205,Northeastern,2017,43007,
205,Northeastern,2017,43008,
205,Northeastern,2017,43009,1997-12-15
205,Northeastern,2017,46805,
205,Northeastern,2017,51665,1994-10-26
205,Northeastern,2017,51666,
205,Northeastern,2017,51667,
205,Northeastern,2017,51664,1993-06-03
46,Charleston,2017,20879,
46,Charleston,2017,27451,
46,Charleston,2017,28161,
46,Charleston,2017,35345,
46,Charleston,2017,35346,1997-02-09
46,Charleston,2017,42156,
46,Charleston,2017,42476,1996-06-07
46,Charleston,2017,42477,
46,Charleston,2017,42480,
46,Charleston,2017,46427,
46,Charleston,2017,46428,1995-11-01
46,Charleston,2017,46429,
46,Charleston,2017,47246,1995-07-08
46,Charleston,2017,51765,1994-03-24
46,Charleston,2017,51766,
81,Elon,2017,35581,
81,Elon,2017,37512,
81,Elon,2017,43152,
81,Elon,2017,43153,
81,Elon,2017,43154,
81,Elon,2017,43155,
81,Elon,2017,43157,
81,Elon,2017,45996,1994-09-11
81,Elon,2017,45997,
81,Elon,2017,45998,
81,Elon,2017,45999,
81,Elon,2017,46000,
81,Elon,2017,52217,1994-09-15
81,Elon,2017,52218,1994-02-25
81,Elon,2017,52219,1994-06-08
81,Elon,2017,52220,1994-12-16
305,UAB,2017,35341,1998-08-30
305,UAB,2017,42280,
305,UAB,2017,42809,
305,UAB,2017,42858,
305,UAB,2017,43939,
305,UAB,2017,47005,1995-01-10
305,UAB,2017,47006,1996-07-27
305,UAB,2017,52228,
305,UAB,2017,52229,1994-01-10
305,UAB,2017,52230,1994-05-30
305,UAB,2017,52231,
305,UAB,2017,52232,1994-11-10
305,UAB,2017,52233,1994-08-10
275,Southern Miss,2017,32440,
275,Southern Miss,2017,42688,
275,Southern Miss,2017,42689,
275,Southern Miss,2017,42690,1996-05-29
275,Southern Miss,2017,42691,
275,Southern Miss,2017,42692,
275,Southern Miss,2017,42693,
275,Southern Miss,2017,42694,
275,Southern Miss,2017,46946,
275,Southern Miss,2017,46948,
275,Southern Miss,2017,48861,
275,Southern Miss,2017,52242,
275,Southern Miss,2017,52243,
275,Southern Miss,2017,52244,
275,Southern Miss,2017,52245,1993-02-24
275,Southern Miss,2017,52246,1994-03-25
275,Southern Miss,2017,35423,
327,UTEP,2017,29056,
327,UTEP,2017,36306,
327,UTEP,2017,43215,
327,UTEP,2017,43752,
327,UTEP,2017,47433,1993-02-06
327,UTEP,2017,47434,
327,UTEP,2017,47436,1994-12-02
327,UTEP,2017,47437,
327,UTEP,2017,48135,
327,UTEP,2017,53353,1993-07-07
327,UTEP,2017,53354,
327,UTEP,2017,53355,
327,UTEP,2017,53356,
327,UTEP,2017,53357,
327,UTEP,2017,53358,
327,UTEP,2017,42962,
158,Marshall,2017,26030,
158,Marshall,2017,43496,1995-12-20
158,Marshall,2017,43497,
158,Marshall,2017,43498,1996-03-13
158,Marshall,2017,43499,
158,Marshall,2017,45148,
158,Marshall,2017,46875,
158,Marshall,2017,47044,1997-03-11
158,Marshall,2017,47045,
158,Marshall,2017,47046,
158,Marshall,2017,53016,
158,Marshall,2017,53017,1993-09-10
158,Marshall,2017,53018,
158,Marshall,2017,53019,
158,Marshall,2017,53020,
158,Marshall,2017,53021,
158,Marshall,2017,53022,
149,Louisiana Tech,2017,32416,
149,Louisiana Tech,2017,35783,
149,Louisiana Tech,2017,36625,1998-08-14
149,Louisiana Tech,2017,36949,
149,Louisiana Tech,2017,36950,
149,Louisiana Tech,2017,36951,
149,Louisiana Tech,2017,45625,
149,Louisiana Tech,2017,46234,
149,Louisiana Tech,2017,46705,1993-12-05
149,Louisiana Tech,2017,46785,
149,Louisiana Tech,2017,46786,1995-02-11
149,Louisiana Tech,2017,46787,
149,Louisiana Tech,2017,46788,1993-12-20
149,Louisiana Tech,2017,51462,1995-11-14
241,Rice,2017,32178,
241,Rice,2017,34970,
241,Rice,2017,35955,
241,Rice,2017,35969,
241,Rice,2017,35970,
241,Rice,2017,35971,
241,Rice,2017,35972,
241,Rice,2017,36976,
241,Rice,2017,42750,
241,Rice,2017,43192,
241,Rice,2017,47073,
241,Rice,2017,47074,
241,Rice,2017,47077,
241,Rice,2017,48473,1994-11-05
241,Rice,2017,53389,
241,Rice,2017,53390,1994-09-22
241,Rice,2017,53391,
241,Rice,2017,53392,
171,Middle Tennessee,2017,32479,
171,Middle Tennessee,2017,37313,
171,Middle Tennessee,2017,37475,
171,Middle Tennessee,2017,42585,
171,Middle Tennessee,2017,42587,
171,Middle Tennessee,2017,42617,
171,Middle Tennessee,2017,46167,1995-08-08
171,Middle Tennessee,2017,46168,
171,Middle Tennessee,2017,46171,
171,Middle Tennessee,2017,46172,
171,Middle Tennessee,2017,51316,1995-04-07
171,Middle Tennessee,2017,51317,1994-06-12
171,Middle Tennessee,2017,51318,
171,Middle Tennessee,2017,51319,
171,Middle Tennessee,2017,51320,1994-06-16
171,Middle Tennessee,2017,51321,
350,Western Kentucky,2017,31550,
350,Western Kentucky,2017,42766,1994-07-10
350,Western Kentucky,2017,43442,
350,Western Kentucky,2017,47147,
350,Western Kentucky,2017,47150,
350,Western Kentucky,2017,53300,1995-06-12
350,Western Kentucky,2017,53301,1993-01-14
350,Western Kentucky,2017,53302,
350,Western Kentucky,2017,53303,1993-12-02
350,Western Kentucky,2017,53304,
350,Western Kentucky,2017,53305,
350,Western Kentucky,2017,53306,
350,Western Kentucky,2017,53307,1995-10-08
350,Western Kentucky,2017,53308,
204,North Texas,2017,52269,1993-03-09
204,North Texas,2017,34852,1996-11-16
204,North Texas,2017,35679,
204,North Texas,2017,42390,
204,North Texas,2017,43313,
204,North Texas,2017,46314,
204,North Texas,2017,46315,
204,North Texas,2017,46316,
204,North Texas,2017,47435,1994-02-03
204,North Texas,2017,52263,1993-11-03
204,North Texas,2017,52264,
204,North Texas,2017,52265,
204,North Texas,2017,52266,
204,North Texas,2017,52267,
204,North Texas,2017,52268,
219,Old Dominion,2017,41842,1996-06-24
219,Old Dominion,2017,42179,1996-09-12
219,Old Dominion,2017,25836,
219,Old Dominion,2017,35856,
219,Old Dominion,2017,37520,
219,Old Dominion,2017,43033,
219,Old Dominion,2017,45183,
219,Old Dominion,2017,46417,
219,Old Dominion,2017,46418,
219,Old Dominion,2017,46419,
219,Old Dominion,2017,46421,
219,Old Dominion,2017,51548,
219,Old Dominion,2017,51549,
219,Old Dominion,2017,54576,
219,Old Dominion,2017,46416,1994-11-17
219,Old Dominion,2017,42180,
89,Florida International,2017,35302,
89,Florida International,2017,35957,
89,Florida International,2017,42470,
89,Florida International,2017,42497,
89,Florida International,2017,43052,
89,Florida International,2017,43553,
89,Florida International,2017,43673,
89,Florida International,2017,46377,
89,Florida International,2017,51557,1991-02-16
89,Florida International,2017,51558,
89,Florida International,2017,51559,
89,Florida International,2017,51560,
89,Florida International,2017,51561,
89,Florida International,2017,51562,1991-12-09
89,Florida International,2017,51563,
86,Florida Atlantic,2017,21577,
86,Florida Atlantic,2017,35978,1996-10-30
86,Florida Atlantic,2017,36733,
86,Florida Atlantic,2017,40336,
86,Florida Atlantic,2017,46634,
86,Florida Atlantic,2017,47240,
86,Florida Atlantic,2017,47241,
86,Florida Atlantic,2017,47242,
86,Florida Atlantic,2017,47249,
86,Florida Atlantic,2017,52876,
86,Florida Atlantic,2017,52877,1993-07-11
86,Florida Atlantic,2017,52878,
86,Florida Atlantic,2017,52879,
86,Florida Atlantic,2017,52880,
86,Florida Atlantic,2017,54760,
86,Florida Atlantic,2017,47245,
328,UTSA,2017,35996,
328,UTSA,2017,43650,
328,UTSA,2017,43651,
328,UTSA,2017,43652,
328,UTSA,2017,45985,1995-11-27
328,UTSA,2017,47522,
328,UTSA,2017,48328,
328,UTSA,2017,48330,
328,UTSA,2017,48332,
328,UTSA,2017,48333,
328,UTSA,2017,52816,
328,UTSA,2017,52817,1993-12-22
328,UTSA,2017,52818,
328,UTSA,2017,52819,
328,UTSA,2017,52820,
328,UTSA,2017,52821,
328,UTSA,2017,52822,
69,Detroit Mercy,2017,1735,
69,Detroit Mercy,2017,26115,
69,Detroit Mercy,2017,42267,
69,Detroit Mercy,2017,42268,
69,Detroit Mercy,2017,42270,
69,Detroit Mercy,2017,46328,1996-06-01
69,Detroit Mercy,2017,46329,
69,Detroit Mercy,2017,46330,
69,Detroit Mercy,2017,46332,
69,Detroit Mercy,2017,46334,
69,Detroit Mercy,2017,46335,
69,Detroit Mercy,2017,51634,1994-03-11
69,Detroit Mercy,2017,51635,
69,Detroit Mercy,2017,51636,
69,Detroit Mercy,2017,51637,
69,Detroit Mercy,2017,51638,
357,Wright State,2017,28031,
357,Wright State,2017,32833,1998-04-21
357,Wright State,2017,35172,
357,Wright State,2017,43492,
357,Wright State,2017,43493,
357,Wright State,2017,43494,
357,Wright State,2017,43495,
357,Wright State,2017,47128,
357,Wright State,2017,47129,
357,Wright State,2017,47130,1995-09-10
357,Wright State,2017,47132,1996-03-02
357,Wright State,2017,47333,1995-02-27
357,Wright State,2017,52315,1993-09-12
357,Wright State,2017,52316,1993-12-07
105,Green Bay,2017,26555,
105,Green Bay,2017,36713,1998-08-02
105,Green Bay,2017,43218,
105,Green Bay,2017,44727,
105,Green Bay,2017,46099,
105,Green Bay,2017,48667,
105,Green Bay,2017,48668,
105,Green Bay,2017,53048,
105,Green Bay,2017,53049,
105,Green Bay,2017,53050,
105,Green Bay,2017,53051,
105,Green Bay,2017,53052,
105,Green Bay,2017,53053,
105,Green Bay,2017,53054,
172,Milwaukee,2017,35378,
172,Milwaukee,2017,25998,
172,Milwaukee,2017,33454,
172,Milwaukee,2017,42860,
172,Milwaukee,2017,43096,
172,Milwaukee,2017,43640,
172,Milwaukee,2017,46995,
172,Milwaukee,2017,46996,
172,Milwaukee,2017,46997,
172,Milwaukee,2017,46998,
172,Milwaukee,2017,46999,
172,Milwaukee,2017,52127,1994-07-29
172,Milwaukee,2017,52128,
172,Milwaukee,2017,52129,
172,Milwaukee,2017,52130,
172,Milwaukee,2017,52131,
53,Cleveland State,2017,26700,
53,Cleveland State,2017,36031,
53,Cleveland State,2017,37673,1997-01-20
53,Cleveland State,2017,37719,
53,Cleveland State,2017,42805,
53,Cleveland State,2017,48068,1995-02-15
53,Cleveland State,2017,48069,
53,Cleveland State,2017,48070,
53,Cleveland State,2017,48071,
53,Cleveland State,2017,48072,
53,Cleveland State,2017,48074,
53,Cleveland State,2017,50318,
53,Cleveland State,2017,53232,
53,Cleveland State,2017,53233,
53,Cleveland State,2017,53234,
53,Cleveland State,2017,53235,
53,Cleveland State,2017,53236,1995-02-05
315,UIC,2017,33849,
315,UIC,2017,35839,
315,UIC,2017,37540,
315,UIC,2017,37542,
315,UIC,2017,37543,1997-07-17
315,UIC,2017,42500,
315,UIC,2017,42777,
315,UIC,2017,43041,
315,UIC,2017,46965,1995-09-21
315,UIC,2017,46966,1996-09-06
315,UIC,2017,46967,
315,UIC,2017,52976,
315,UIC,2017,52977,1994-12-23
315,UIC,2017,52978,
315,UIC,2017,55818,
361,Youngstown State,2017,27200,
361,Youngstown State,2017,35151,
361,Youngstown State,2017,36566,
361,Youngstown State,2017,39743,
361,Youngstown State,2017,43043,
361,Youngstown State,2017,48181,
361,Youngstown State,2017,48182,
361,Youngstown State,2017,48184,
361,Youngstown State,2017,48186,
361,Youngstown State,2017,53320,
361,Youngstown State,2017,53321,1993-12-29
361,Youngstown State,2017,53322,
361,Youngstown State,2017,53323,
361,Youngstown State,2017,53324,
361,Youngstown State,2017,53325,
361,Youngstown State,2017,53326,1994-05-28
361,Youngstown State,2017,53327,
361,Youngstown State,2017,53328,
335,Valparaiso,2017,28676,
335,Valparaiso,2017,35882,
335,Valparaiso,2017,36693,
335,Valparaiso,2017,36744,
335,Valparaiso,2017,37625,
335,Valparaiso,2017,47125,
335,Valparaiso,2017,47126,
335,Valparaiso,2017,47127,1995-07-17
335,Valparaiso,2017,47644,1995-05-23
335,Valparaiso,2017,52417,1995-04-13
335,Valparaiso,2017,52418,1994-12-30
335,Valparaiso,2017,52419,1994-07-22
335,Valparaiso,2017,52420,
335,Valparaiso,2017,52421,
335,Valparaiso,2017,52422,
335,Valparaiso,2017,52423,1994-06-22
214,Oakland,2017,51755,1993-03-16
214,Oakland,2017,35174,
214,Oakland,2017,35175,
214,Oakland,2017,36694,
214,Oakland,2017,44027,
214,Oakland,2017,46542,
214,Oakland,2017,46543,1995-04-02
214,Oakland,2017,46544,1995-08-03
214,Oakland,2017,46546,
214,Oakland,2017,46547,
214,Oakland,2017,46548,
214,Oakland,2017,46549,
214,Oakland,2017,46550,
214,Oakland,2017,50587,1994-09-28
214,Oakland,2017,51756,
214,Oakland,2017,51757,
210,Northern Kentucky,2017,26544,
210,Northern Kentucky,2017,27569,
210,Northern Kentucky,2017,31745,
210,Northern Kentucky,2017,32023,1998-06-18
210,Northern Kentucky,2017,35179,
210,Northern Kentucky,2017,42051,
210,Northern Kentucky,2017,46561,
210,Northern Kentucky,2017,46562,
210,Northern Kentucky,2017,46563,
210,Northern Kentucky,2017,46565,
210,Northern Kentucky,2017,51478,
210,Northern Kentucky,2017,51479,
210,Northern Kentucky,2017,51480,
210,Northern Kentucky,2017,51481,1995-03-12
210,Northern Kentucky,2017,51482,1994-10-03
234,Princeton,2017,31994,
234,Princeton,2017,35039,
234,Princeton,2017,35040,
234,Princeton,2017,35043,
234,Princeton,2017,35044,
234,Princeton,2017,35045,
234,Princeton,2017,35046,
234,Princeton,2017,44019,1996-05-21
234,Princeton,2017,47524,1993-09-15
234,Princeton,2017,47704,
234,Princeton,2017,48454,
234,Princeton,2017,48455,
234,Princeton,2017,48456,
234,Princeton,2017,48457,
234,Princeton,2017,53624,
234,Princeton,2017,53625,
234,Princeton,2017,53626,
234,Princeton,2017,53627,
234,Princeton,2017,53628,
234,Princeton,2017,54601,
227,Pennsylvania,2017,42359,
227,Pennsylvania,2017,35092,
227,Pennsylvania,2017,35379,
227,Pennsylvania,2017,31903,
227,Pennsylvania,2017,35980,
227,Pennsylvania,2017,35981,
227,Pennsylvania,2017,35982,
227,Pennsylvania,2017,35984,
227,Pennsylvania,2017,41654,
227,Pennsylvania,2017,42358,
227,Pennsylvania,2017,42360,
227,Pennsylvania,2017,42749,
227,Pennsylvania,2017,44090,
227,Pennsylvania,2017,47834,
227,Pennsylvania,2017,47835,
227,Pennsylvania,2017,51589,
227,Pennsylvania,2017,51590,
227,Pennsylvania,2017,47832,
227,Pennsylvania,2017,41655,
227,Pennsylvania,2017,47833,
360,Yale,2017,32096,
360,Yale,2017,35399,
360,Yale,2017,35400,
360,Yale,2017,43321,
360,Yale,2017,44054,
360,Yale,2017,44253,
360,Yale,2017,44254,1997-08-04
360,Yale,2017,44255,1996-07-25
360,Yale,2017,44256,
360,Yale,2017,44257,
360,Yale,2017,47516,
360,Yale,2017,53504,
360,Yale,2017,53505,
360,Yale,2017,53506,
360,Yale,2017,53507,
58,Columbia,2017,25901,
58,Columbia,2017,27803,
58,Columbia,2017,31415,1997-10-13
58,Columbia,2017,36664,
58,Columbia,2017,43170,1996-03-30
58,Columbia,2017,44333,
58,Columbia,2017,44334,
58,Columbia,2017,44335,
58,Columbia,2017,46035,
58,Columbia,2017,46036,
58,Columbia,2017,46037,
58,Columbia,2017,46038,
58,Columbia,2017,51599,1995-08-17
58,Columbia,2017,51600,1995-02-15
58,Columbia,2017,51601,
58,Columbia,2017,51602,1994-06-05
58,Columbia,2017,51603,
58,Columbia,2017,51604,1994-02-04
60,Cornell,2017,35437,
60,Cornell,2017,36707,
60,Cornell,2017,42861,
60,Cornell,2017,42922,1997-11-07
60,Cornell,2017,42923,
60,Cornell,2017,42925,
60,Cornell,2017,42926,
60,Cornell,2017,46622,
60,Cornell,2017,46736,
60,Cornell,2017,46737,
60,Cornell,2017,46738,
60,Cornell,2017,52008,
60,Cornell,2017,52009,
60,Cornell,2017,52010,
60,Cornell,2017,52011,
60,Cornell,2017,52012,
60,Cornell,2017,52013,
60,Cornell,2017,52014,
62,Dartmouth,2017,35268,
62,Dartmouth,2017,36718,
62,Dartmouth,2017,37467,
62,Dartmouth,2017,37468,
62,Dartmouth,2017,37469,
62,Dartmouth,2017,42266,
62,Dartmouth,2017,47021,1994-05-05
62,Dartmouth,2017,47857,
62,Dartmouth,2017,47858,
62,Dartmouth,2017,47859,
62,Dartmouth,2017,51282,1995-02-19
62,Dartmouth,2017,51283,1994-10-08
62,Dartmouth,2017,51284,1993-12-09
62,Dartmouth,2017,51285,
62,Dartmouth,2017,51286,1994-03-07
62,Dartmouth,2017,27224,
107,Harvard,2017,15864,
107,Harvard,2017,27891,
107,Harvard,2017,35210,1998-06-28
107,Harvard,2017,35211,
107,Harvard,2017,35213,
107,Harvard,2017,35214,
107,Harvard,2017,35216,
107,Harvard,2017,35973,
107,Harvard,2017,42192,
107,Harvard,2017,42193,
107,Harvard,2017,42194,
107,Harvard,2017,42195,
107,Harvard,2017,42196,
107,Harvard,2017,46406,
107,Harvard,2017,46407,
107,Harvard,2017,46408,
107,Harvard,2017,52982,
107,Harvard,2017,52983,
107,Harvard,2017,52984,
107,Harvard,2017,52985,
30,Brown,2017,35285,
30,Brown,2017,35287,
30,Brown,2017,44079,
30,Brown,2017,44080,
30,Brown,2017,44081,
30,Brown,2017,47913,
30,Brown,2017,47914,
30,Brown,2017,47915,
30,Brown,2017,51810,
30,Brown,2017,51811,
30,Brown,2017,51812,
30,Brown,2017,51813,
30,Brown,2017,51814,
30,Brown,2017,51815,
30,Brown,2017,51816,
30,Brown,2017,51817,
123,Iona,2017,37750,
123,Iona,2017,42310,
123,Iona,2017,44153,
123,Iona,2017,46466,1994-01-26
123,Iona,2017,46468,
123,Iona,2017,46470,
123,Iona,2017,46472,
123,Iona,2017,53742,
123,Iona,2017,53743,1994-04-01
123,Iona,2017,53744,1992-05-12
123,Iona,2017,53745,
123,Iona,2017,53746,1992-11-18
254,Saint Peter's,2017,36378,
254,Saint Peter's,2017,38303,
254,Saint Peter's,2017,38307,
254,Saint Peter's,2017,43583,
254,Saint Peter's,2017,43585,
254,Saint Peter's,2017,43586,1996-06-24
254,Saint Peter's,2017,47916,1993-11-18
254,Saint Peter's,2017,47917,1995-02-27
254,Saint Peter's,2017,53541,1995-04-30
254,Saint Peter's,2017,53542,1995-04-25
254,Saint Peter's,2017,53543,
254,Saint Peter's,2017,53544,1993-01-30
254,Saint Peter's,2017,53545,
254,Saint Peter's,2017,53546,
83,Fairfield,2017,34864,
83,Fairfield,2017,35327,
83,Fairfield,2017,36374,
83,Fairfield,2017,37071,
83,Fairfield,2017,41934,1996-04-24
83,Fairfield,2017,41935,
83,Fairfield,2017,41936,
83,Fairfield,2017,47836,
83,Fairfield,2017,47837,1995-08-09
83,Fairfield,2017,47839,
83,Fairfield,2017,47840,
83,Fairfield,2017,51716,1994-03-25
83,Fairfield,2017,51717,
83,Fairfield,2017,51718,
83,Fairfield,2017,51719,
155,Manhattan,2017,43159,
155,Manhattan,2017,43160,
155,Manhattan,2017,43161,
155,Manhattan,2017,43162,
155,Manhattan,2017,44163,
155,Manhattan,2017,48761,
155,Manhattan,2017,48762,1994-09-22
155,Manhattan,2017,48763,
155,Manhattan,2017,48764,
155,Manhattan,2017,48766,1994-08-08
155,Manhattan,2017,48767,
155,Manhattan,2017,51705,
155,Manhattan,2017,51706,1995-12-03
155,Manhattan,2017,51707,
155,Manhattan,2017,51708,
264,Siena,2017,27005,
264,Siena,2017,27566,
264,Siena,2017,42001,
264,Siena,2017,42002,
264,Siena,2017,42003,
264,Siena,2017,42004,
264,Siena,2017,42006,
264,Siena,2017,42808,
264,Siena,2017,53393,
264,Siena,2017,53394,
264,Siena,2017,53395,
264,Siena,2017,53396,
264,Siena,2017,53397,
264,Siena,2017,53398,
264,Siena,2017,53399,
194,Niagara,2017,29092,
194,Niagara,2017,37513,
194,Niagara,2017,37679,
194,Niagara,2017,42683,
194,Niagara,2017,44496,
194,Niagara,2017,44497,
194,Niagara,2017,44499,
194,Niagara,2017,44500,
194,Niagara,2017,47105,
194,Niagara,2017,47106,
194,Niagara,2017,47107,
194,Niagara,2017,52364,
194,Niagara,2017,52365,1994-01-19
194,Niagara,2017,55278,
42,Canisius,2017,37759,
42,Canisius,2017,37762,
42,Canisius,2017,43753,
42,Canisius,2017,44653,1996-12-13
42,Canisius,2017,44655,
42,Canisius,2017,46695,
42,Canisius,2017,47527,1994-04-20
42,Canisius,2017,47841,1994-04-08
42,Canisius,2017,47842,
42,Canisius,2017,53493,1994-01-03
42,Canisius,2017,53494,
42,Canisius,2017,53495,
42,Canisius,2017,53496,
42,Canisius,2017,53497,
243,Rider,2017,27228,
243,Rider,2017,27785,
243,Rider,2017,35300,
243,Rider,2017,35301,
243,Rider,2017,37521,1996-07-29
243,Rider,2017,41970,1998-03-14
243,Rider,2017,41971,
243,Rider,2017,47033,
243,Rider,2017,51698,
243,Rider,2017,51699,
243,Rider,2017,51700,1993-08-03
243,Rider,2017,51701,
243,Rider,2017,26515,
156,Marist,2017,33929,
156,Marist,2017,35173,
156,Marist,2017,37484,
156,Marist,2017,42396,
156,Marist,2017,42397,
156,Marist,2017,42398,
156,Marist,2017,42400,
156,Marist,2017,43200,
156,Marist,2017,48064,
156,Marist,2017,48066,
156,Marist,2017,48067,
156,Marist,2017,51891,
156,Marist,2017,51892,
156,Marist,2017,51893,
156,Marist,2017,54992,
156,Marist,2017,54993,
156,Marist,2017,54994,
238,Quinnipiac,2017,26580,
238,Quinnipiac,2017,28025,
238,Quinnipiac,2017,35306,
238,Quinnipiac,2017,35309,
238,Quinnipiac,2017,44266,1996-03-24
238,Quinnipiac,2017,44267,
238,Quinnipiac,2017,47860,
238,Quinnipiac,2017,47861,1994-07-20
238,Quinnipiac,2017,47864,
238,Quinnipiac,2017,53059,
238,Quinnipiac,2017,53060,
238,Quinnipiac,2017,53061,
238,Quinnipiac,2017,53062,
238,Quinnipiac,2017,53063,
178,Monmouth,2017,26730,
178,Monmouth,2017,35310,
178,Monmouth,2017,35311,
178,Monmouth,2017,35312,
178,Monmouth,2017,35432,
178,Monmouth,2017,43149,
178,Monmouth,2017,47350,
178,Monmouth,2017,47351,1995-03-23
178,Monmouth,2017,47352,
178,Monmouth,2017,47353,
178,Monmouth,2017,51692,1995-09-15
178,Monmouth,2017,51693,1995-04-12
178,Monmouth,2017,51694,1995-11-12
178,Monmouth,2017,51695,1994-05-01
178,Monmouth,2017,51696,1993-12-20
178,Monmouth,2017,51697,1994-08-07
215,Ohio,2017,35629,
215,Ohio,2017,43533,
215,Ohio,2017,43535,
215,Ohio,2017,43537,
215,Ohio,2017,47876,
215,Ohio,2017,47880,
215,Ohio,2017,47881,
215,Ohio,2017,47882,
215,Ohio,2017,47883,
215,Ohio,2017,47977,1993-12-19
215,Ohio,2017,47980,1995-03-29
215,Ohio,2017,48114,1995-04-08
215,Ohio,2017,53093,1994-12-24
215,Ohio,2017,53094,1993-07-13
215,Ohio,2017,53095,
215,Ohio,2017,53096,1995-08-05
215,Ohio,2017,26190,
300,Toledo,2017,26768,
300,Toledo,2017,35876,
300,Toledo,2017,44020,
300,Toledo,2017,44021,1997-02-22
300,Toledo,2017,44024,
300,Toledo,2017,44025,
300,Toledo,2017,48086,
300,Toledo,2017,48087,1994-10-05
300,Toledo,2017,48803,
300,Toledo,2017,51074,1993-02-15
300,Toledo,2017,51075,1994-08-26
300,Toledo,2017,51076,
300,Toledo,2017,51077,1994-02-22
300,Toledo,2017,51078,1995-02-25
300,Toledo,2017,53249,
300,Toledo,2017,53250,
167,Miami (OH),2017,26601,
167,Miami (OH),2017,27118,
167,Miami (OH),2017,27119,
167,Miami (OH),2017,31528,
167,Miami (OH),2017,42535,
167,Miami (OH),2017,44338,
167,Miami (OH),2017,46496,
167,Miami (OH),2017,46497,
167,Miami (OH),2017,46498,1997-10-10
167,Miami (OH),2017,51359,
167,Miami (OH),2017,51360,
167,Miami (OH),2017,51361,
167,Miami (OH),2017,51362,
167,Miami (OH),2017,51363,1993-10-09
134,Kent State,2017,32699,
134,Kent State,2017,36375,
134,Kent State,2017,36648,
134,Kent State,2017,36853,
134,Kent State,2017,43960,1994-10-20
134,Kent State,2017,44239,
134,Kent State,2017,44326,
134,Kent State,2017,44332,
134,Kent State,2017,47811,
134,Kent State,2017,48189,
134,Kent State,2017,48190,1993-10-12
134,Kent State,2017,53227,1994-04-02
134,Kent State,2017,53228,1992-10-09
134,Kent State,2017,53229,1995-09-03
134,Kent State,2017,53230,
134,Kent State,2017,53231,1994-05-16
353,William & Mary,2017,35376,1997-09-20
353,William & Mary,2017,35552,
353,William & Mary,2017,36679,
353,William & Mary,2017,37731,
353,William & Mary,2017,43184,1995-08-21
353,William & Mary,2017,43594,
353,William & Mary,2017,47019,1995-04-06
353,William & Mary,2017,47020,1995-03-28
353,William & Mary,2017,47022,
353,William & Mary,2017,47025,
353,William & Mary,2017,47026,
353,William & Mary,2017,53085,
353,William & Mary,2017,53086,
353,William & Mary,2017,53087,1994-02-13
353,William & Mary,2017,53088,
28,Bowling Green,2017,31411,1998-03-12
28,Bowling Green,2017,33856,
28,Bowling Green,2017,35253,
28,Bowling Green,2017,35256,
28,Bowling Green,2017,42145,
28,Bowling Green,2017,42146,1997-08-10
28,Bowling Green,2017,42147,
28,Bowling Green,2017,46436,
28,Bowling Green,2017,46437,1996-07-08
28,Bowling Green,2017,51751,
28,Bowling Green,2017,51752,1994-10-12
28,Bowling Green,2017,51753,1996-07-09
28,Bowling Green,2017,51754,
28,Bowling Green,2017,55820,
28,Bowling Green,2017,55821,
351,Western Michigan,2017,26542,
351,Western Michigan,2017,28047,
351,Western Michigan,2017,34933,
351,Western Michigan,2017,36193,
351,Western Michigan,2017,36866,
351,Western Michigan,2017,36867,
351,Western Michigan,2017,42276,
351,Western Michigan,2017,42277,
351,Western Michigan,2017,47867,1995-05-14
351,Western Michigan,2017,47868,
351,Western Michigan,2017,51735,1994-10-30
351,Western Michigan,2017,51736,
351,Western Michigan,2017,51737,
351,Western Michigan,2017,51738,
351,Western Michigan,2017,51739,
19,Ball State,2017,35237,
19,Ball State,2017,35238,
19,Ball State,2017,35239,
19,Ball State,2017,42393,
19,Ball State,2017,42394,
19,Ball State,2017,42871,
19,Ball State,2017,46506,1995-04-09
19,Ball State,2017,46507,
19,Ball State,2017,46508,1995-09-06
19,Ball State,2017,52366,1994-09-19
19,Ball State,2017,52367,
19,Ball State,2017,52368,1995-09-25
19,Ball State,2017,52369,1993-06-01
19,Ball State,2017,52370,
79,Eastern Michigan,2017,35047,
79,Eastern Michigan,2017,41956,
79,Eastern Michigan,2017,41957,
79,Eastern Michigan,2017,41958,
79,Eastern Michigan,2017,41962,
79,Eastern Michigan,2017,42615,1996-03-20
79,Eastern Michigan,2017,44026,
79,Eastern Michigan,2017,46155,1995-09-03
79,Eastern Michigan,2017,46156,
79,Eastern Michigan,2017,47162,
79,Eastern Michigan,2017,48008,1994-08-01
79,Eastern Michigan,2017,51901,1994-11-27
79,Eastern Michigan,2017,51902,1993-02-08
79,Eastern Michigan,2017,51903,
79,Eastern Michigan,2017,51904,
79,Eastern Michigan,2017,55777,
45,Central Michigan,2017,27175,
45,Central Michigan,2017,35218,1997-02-28
45,Central Michigan,2017,35219,
45,Central Michigan,2017,35224,
45,Central Michigan,2017,35225,
45,Central Michigan,2017,36189,
45,Central Michigan,2017,37200,1997-06-25
45,Central Michigan,2017,42114,
45,Central Michigan,2017,46270,
45,Central Michigan,2017,46271,
45,Central Michigan,2017,46272,
45,Central Michigan,2017,46274,
45,Central Michigan,2017,46277,
45,Central Michigan,2017,51746,
45,Central Michigan,2017,51747,
45,Central Michigan,2017,51748,
45,Central Michigan,2017,51749,
45,Central Michigan,2017,51750,
3,Akron,2017,26638,
3,Akron,2017,32109,
3,Akron,2017,32587,
3,Akron,2017,35263,
3,Akron,2017,36252,
3,Akron,2017,36665,
3,Akron,2017,37169,
3,Akron,2017,42437,1996-03-29
3,Akron,2017,44354,
3,Akron,2017,48076,
3,Akron,2017,48164,
3,Akron,2017,48441,1994-10-26
3,Akron,2017,53316,1995-08-21
3,Akron,2017,53317,1994-11-07
3,Akron,2017,53318,
3,Akron,2017,53319,
33,Buffalo,2017,26672,
33,Buffalo,2017,27828,
33,Buffalo,2017,37474,
33,Buffalo,2017,41952,1997-04-14
33,Buffalo,2017,41953,1996-10-15
33,Buffalo,2017,41954,
33,Buffalo,2017,44276,
33,Buffalo,2017,52356,
33,Buffalo,2017,52357,1994-10-26
33,Buffalo,2017,52358,
33,Buffalo,2017,52359,
33,Buffalo,2017,52360,
33,Buffalo,2017,52361,
33,Buffalo,2017,52362,
33,Buffalo,2017,52363,
267,South Carolina State,2017,34879,
267,South Carolina State,2017,34880,
267,South Carolina State,2017,34881,
267,South Carolina State,2017,34886,
267,South Carolina State,2017,34888,
267,South Carolina State,2017,42026,
267,South Carolina State,2017,46669,
267,South Carolina State,2017,46670,
267,South Carolina State,2017,47583,
267,South Carolina State,2017,52736,
267,South Carolina State,2017,52737,
267,South Carolina State,2017,52738,
267,South Carolina State,2017,52739,
267,South Carolina State,2017,52740,
267,South Carolina State,2017,53516,
267,South Carolina State,2017,55867,
267,South Carolina State,2017,55868,
267,South Carolina State,2017,55869,
198,North Carolina A&T,2017,27172,
198,North Carolina A&T,2017,39446,
198,North Carolina A&T,2017,42618,
198,North Carolina A&T,2017,42621,
198,North Carolina A&T,2017,45760,
198,North Carolina A&T,2017,46730,1995-02-20
198,North Carolina A&T,2017,46921,
198,North Carolina A&T,2017,46924,
198,North Carolina A&T,2017,46925,
198,North Carolina A&T,2017,46926,1995-05-05
198,North Carolina A&T,2017,46927,
198,North Carolina A&T,2017,51449,
198,North Carolina A&T,2017,51450,
198,North Carolina A&T,2017,51451,1995-08-26
198,North Carolina A&T,2017,51452,
198,North Carolina A&T,2017,51453,1993-07-19
198,North Carolina A&T,2017,51454,
198,North Carolina A&T,2017,55466,
114,Howard,2017,35032,
114,Howard,2017,35035,
114,Howard,2017,41835,
114,Howard,2017,43485,
114,Howard,2017,43486,
114,Howard,2017,46857,
114,Howard,2017,46858,
114,Howard,2017,46861,
114,Howard,2017,46862,
114,Howard,2017,47144,
114,Howard,2017,48631,
114,Howard,2017,52705,
114,Howard,2017,52706,
114,Howard,2017,52707,
114,Howard,2017,52708,
114,Howard,2017,52709,
114,Howard,2017,52710,
114,Howard,2017,52711,
114,Howard,2017,52712,
67,Delaware State,2017,35665,
67,Delaware State,2017,37481,
67,Delaware State,2017,42679,
67,Delaware State,2017,42680,
67,Delaware State,2017,42682,
67,Delaware State,2017,46747,
67,Delaware State,2017,46748,
67,Delaware State,2017,46750,
67,Delaware State,2017,46753,
67,Delaware State,2017,46756,
67,Delaware State,2017,52099,
67,Delaware State,2017,52100,1994-12-19
67,Delaware State,2017,52101,1993-02-12
67,Delaware State,2017,52102,1993-03-04
67,Delaware State,2017,52103,
67,Delaware State,2017,52104,
67,Delaware State,2017,52105,
67,Delaware State,2017,52106,
67,Delaware State,2017,55817,
59,Coppin State,2017,19841,
59,Coppin State,2017,43065,
59,Coppin State,2017,47757,
59,Coppin State,2017,47759,
59,Coppin State,2017,48006,
59,Coppin State,2017,51519,
59,Coppin State,2017,51520,
59,Coppin State,2017,51521,
59,Coppin State,2017,51522,
59,Coppin State,2017,51523,
59,Coppin State,2017,51524,
59,Coppin State,2017,51525,
59,Coppin State,2017,51526,
59,Coppin State,2017,54079,
59,Coppin State,2017,54080,
59,Coppin State,2017,54081,
59,Coppin State,2017,54082,
59,Coppin State,2017,54083,
59,Coppin State,2017,54084,
59,Coppin State,2017,54085,
59,Coppin State,2017,54086,
59,Coppin State,2017,54087,
59,Coppin State,2017,54088,
59,Coppin State,2017,54089,
59,Coppin State,2017,54090,
182,Morgan State,2017,36761,
182,Morgan State,2017,36762,
182,Morgan State,2017,41857,
182,Morgan State,2017,41858,
182,Morgan State,2017,41860,
182,Morgan State,2017,43048,
182,Morgan State,2017,46453,
182,Morgan State,2017,46454,
182,Morgan State,2017,46455,
182,Morgan State,2017,46457,1995-03-26
182,Morgan State,2017,52374,
182,Morgan State,2017,52375,
182,Morgan State,2017,52376,
182,Morgan State,2017,54907,
182,Morgan State,2017,54908,
182,Morgan State,2017,54909,
182,Morgan State,2017,54910,
182,Morgan State,2017,54911,
182,Morgan State,2017,54912,
182,Morgan State,2017,54913,
182,Morgan State,2017,54914,
196,Norfolk State,2017,36166,
196,Norfolk State,2017,42052,
196,Norfolk State,2017,43195,
196,Norfolk State,2017,43198,
196,Norfolk State,2017,47279,
196,Norfolk State,2017,47280,
196,Norfolk State,2017,47281,
196,Norfolk State,2017,47283,
196,Norfolk State,2017,47284,
196,Norfolk State,2017,52500,
196,Norfolk State,2017,52501,
196,Norfolk State,2017,52502,
196,Norfolk State,2017,52503,
196,Norfolk State,2017,52504,1993-10-21
23,Bethune-Cookman,2017,36236,
23,Bethune-Cookman,2017,36605,
23,Bethune-Cookman,2017,36780,
23,Bethune-Cookman,2017,37689,
23,Bethune-Cookman,2017,46941,
23,Bethune-Cookman,2017,46942,
23,Bethune-Cookman,2017,46943,
23,Bethune-Cookman,2017,46945,
23,Bethune-Cookman,2017,52586,
23,Bethune-Cookman,2017,52587,
23,Bethune-Cookman,2017,52588,
23,Bethune-Cookman,2017,52589,
23,Bethune-Cookman,2017,52590,
23,Bethune-Cookman,2017,52591,1994-05-15
23,Bethune-Cookman,2017,55870,
23,Bethune-Cookman,2017,55871,
159,Maryland Eastern Shore,2017,35529,
159,Maryland Eastern Shore,2017,43174,
159,Maryland Eastern Shore,2017,43175,
159,Maryland Eastern Shore,2017,43176,
159,Maryland Eastern Shore,2017,43178,
159,Maryland Eastern Shore,2017,43179,
159,Maryland Eastern Shore,2017,43180,
159,Maryland Eastern Shore,2017,46904,
159,Maryland Eastern Shore,2017,51639,
159,Maryland Eastern Shore,2017,51640,
159,Maryland Eastern Shore,2017,51641,
159,Maryland Eastern Shore,2017,51642,
159,Maryland Eastern Shore,2017,51643,
159,Maryland Eastern Shore,2017,51644,
159,Maryland Eastern Shore,2017,51645,
106,Hampton,2017,36889,
106,Hampton,2017,36895,
106,Hampton,2017,42231,
106,Hampton,2017,42232,
106,Hampton,2017,42233,
106,Hampton,2017,42237,
106,Hampton,2017,42238,
106,Hampton,2017,42239,
106,Hampton,2017,46471,
106,Hampton,2017,47030,
106,Hampton,2017,47032,
106,Hampton,2017,48408,
106,Hampton,2017,48409,
106,Hampton,2017,51702,1994-02-22
106,Hampton,2017,51703,
106,Hampton,2017,51704,
106,Hampton,2017,47029,1993-08-16
199,North Carolina Central,2017,37723,
199,North Carolina Central,2017,46949,
199,North Carolina Central,2017,46953,
199,North Carolina Central,2017,46954,
199,North Carolina Central,2017,46955,
199,North Carolina Central,2017,46956,1993-06-27
199,North Carolina Central,2017,46957,
199,North Carolina Central,2017,46958,1995-05-02
199,North Carolina Central,2017,46959,
199,North Carolina Central,2017,46960,
199,North Carolina Central,2017,46961,
199,North Carolina Central,2017,46962,1993-05-19
199,North Carolina Central,2017,46963,1993-04-13
199,North Carolina Central,2017,46964,1992-12-16
380,Savannah State,2017,31609,
380,Savannah State,2017,32397,
380,Savannah State,2017,34889,
380,Savannah State,2017,36041,
380,Savannah State,2017,42582,
380,Savannah State,2017,48550,
380,Savannah State,2017,48552,1991-11-15
380,Savannah State,2017,48553,
380,Savannah State,2017,48554,
380,Savannah State,2017,48555,
380,Savannah State,2017,48557,
380,Savannah State,2017,51289,
380,Savannah State,2017,51290,
380,Savannah State,2017,51291,
380,Savannah State,2017,51292,
380,Savannah State,2017,51293,
380,Savannah State,2017,55376,
380,Savannah State,2017,55778,
352,Wichita State,2017,27874,1997-02-06
352,Wichita State,2017,32859,1998-05-29
352,Wichita State,2017,37038,1995-09-18
352,Wichita State,2017,42832,1995-07-04
352,Wichita State,2017,42863,1995-08-07
352,Wichita State,2017,42979,1997-09-06
352,Wichita State,2017,43089,1995-08-23
352,Wichita State,2017,46049,1996-01-21
352,Wichita State,2017,46050,1995-09-28
352,Wichita State,2017,46051,1994-02-23
352,Wichita State,2017,46052,1997-03-13
352,Wichita State,2017,46053,1995-07-16
352,Wichita State,2017,46054,1995-08-22
352,Wichita State,2017,46055,1993-11-24
352,Wichita State,2017,52741,1994-05-04
352,Wichita State,2017,52742,1993-09-06
273,Southern Illinois,2017,26313,
273,Southern Illinois,2017,35854,
273,Southern Illinois,2017,43972,1995-11-19
273,Southern Illinois,2017,43974,
273,Southern Illinois,2017,43975,
273,Southern Illinois,2017,43976,
273,Southern Illinois,2017,43977,
273,Southern Illinois,2017,46530,
273,Southern Illinois,2017,46531,
273,Southern Illinois,2017,46532,1993-12-26
273,Southern Illinois,2017,52317,
273,Southern Illinois,2017,52318,
273,Southern Illinois,2017,52319,
273,Southern Illinois,2017,52320,
273,Southern Illinois,2017,52321,
119,Illinois State,2017,35588,
119,Illinois State,2017,42315,
119,Illinois State,2017,42317,
119,Illinois State,2017,42318,
119,Illinois State,2017,42319,
119,Illinois State,2017,46889,
119,Illinois State,2017,47847,
119,Illinois State,2017,47850,
119,Illinois State,2017,50586,
119,Illinois State,2017,52322,1994-07-12
119,Illinois State,2017,52323,1995-04-20
119,Illinois State,2017,52324,
119,Illinois State,2017,52325,
119,Illinois State,2017,53874,1993-06-05
119,Illinois State,2017,53875,
119,Illinois State,2017,36345,
119,Illinois State,2017,47764,1994-07-19
122,Indiana State,2017,25741,
122,Indiana State,2017,37824,
122,Indiana State,2017,37825,
122,Indiana State,2017,42389,
122,Indiana State,2017,42779,
122,Indiana State,2017,46704,
122,Indiana State,2017,46706,1994-07-27
122,Indiana State,2017,46707,
122,Indiana State,2017,46708,
122,Indiana State,2017,46709,
122,Indiana State,2017,52345,1993-12-27
122,Indiana State,2017,52346,
122,Indiana State,2017,52347,
122,Indiana State,2017,52348,1994-06-14
122,Indiana State,2017,52349,
209,Northern Iowa,2017,34518,
209,Northern Iowa,2017,35862,1996-05-28
209,Northern Iowa,2017,35863,
209,Northern Iowa,2017,35864,
209,Northern Iowa,2017,35865,
209,Northern Iowa,2017,35866,
209,Northern Iowa,2017,42825,
209,Northern Iowa,2017,46056,1995-05-23
209,Northern Iowa,2017,46057,1994-08-26
209,Northern Iowa,2017,46058,
209,Northern Iowa,2017,46059,
209,Northern Iowa,2017,46060,1995-07-06
209,Northern Iowa,2017,46061,
209,Northern Iowa,2017,46062,
209,Northern Iowa,2017,53040,1995-05-08
209,Northern Iowa,2017,53041,
82,Evansville,2017,26255,
82,Evansville,2017,28307,
82,Evansville,2017,32002,1997-12-30
82,Evansville,2017,37896,
82,Evansville,2017,42961,
82,Evansville,2017,43948,1995-02-01
82,Evansville,2017,47157,
82,Evansville,2017,47158,
82,Evansville,2017,47159,
82,Evansville,2017,51186,
82,Evansville,2017,51187,
82,Evansville,2017,51188,
82,Evansville,2017,51189,1992-12-15
82,Evansville,2017,51190,
151,Loyola Chicago,2017,32535,
151,Loyola Chicago,2017,33050,
151,Loyola Chicago,2017,35895,
151,Loyola Chicago,2017,41788,1995-06-28
151,Loyola Chicago,2017,41789,1995-09-03
151,Loyola Chicago,2017,42964,
151,Loyola Chicago,2017,43835,
151,Loyola Chicago,2017,47133,
151,Loyola Chicago,2017,47134,1996-08-15
151,Loyola Chicago,2017,47135,
151,Loyola Chicago,2017,47136,
151,Loyola Chicago,2017,47888,1994-11-03
151,Loyola Chicago,2017,52536,1993-10-31
151,Loyola Chicago,2017,52537,
151,Loyola Chicago,2017,52538,
151,Loyola Chicago,2017,52539,
151,Loyola Chicago,2017,52540,
151,Loyola Chicago,2017,52541,
257,San Diego State,2017,36574,
257,San Diego State,2017,37751,
257,San Diego State,2017,42915,1995-11-17
257,San Diego State,2017,43358,1998-01-31
257,San Diego State,2017,43359,
257,San Diego State,2017,43360,
257,San Diego State,2017,47615,1996-07-25
257,San Diego State,2017,47617,1996-04-05
257,San Diego State,2017,47618,1996-01-11
257,San Diego State,2017,47619,
257,San Diego State,2017,52970,1995-02-04
257,San Diego State,2017,52971,1995-02-19
257,San Diego State,2017,52972,1994-12-29
257,San Diego State,2017,52973,1993-09-29
257,San Diego State,2017,52974,1995-02-07
257,San Diego State,2017,52975,
322,UNLV,2017,25954,1998-01-28
322,UNLV,2017,31479,1996-03-05
322,UNLV,2017,32395,
322,UNLV,2017,33927,
322,UNLV,2017,36341,
322,UNLV,2017,36560,
322,UNLV,2017,36863,
322,UNLV,2017,44353,1996-04-20
322,UNLV,2017,44355,
322,UNLV,2017,48194,1994-12-14
322,UNLV,2017,48195,
322,UNLV,2017,52890,
322,UNLV,2017,52891,
322,UNLV,2017,52892,1993-10-10
322,UNLV,2017,52893,
322,UNLV,2017,54818,
191,New Mexico,2017,27205,
191,New Mexico,2017,31700,
191,New Mexico,2017,32557,1997-10-03
191,New Mexico,2017,34904,1996-11-23
191,New Mexico,2017,42778,
191,New Mexico,2017,43287,
191,New Mexico,2017,43408,
191,New Mexico,2017,47765,1995-02-19
191,New Mexico,2017,48162,
191,New Mexico,2017,48163,
191,New Mexico,2017,52871,1993-11-06
191,New Mexico,2017,52872,1992-11-01
191,New Mexico,2017,52873,
191,New Mexico,2017,52874,
191,New Mexico,2017,52875,
57,Colorado State,2017,36016,
57,Colorado State,2017,36200,
57,Colorado State,2017,36276,
57,Colorado State,2017,43129,
57,Colorado State,2017,43312,
57,Colorado State,2017,43708,
57,Colorado State,2017,43709,1996-01-17
57,Colorado State,2017,43710,
57,Colorado State,2017,47188,
57,Colorado State,2017,47565,
57,Colorado State,2017,47566,
57,Colorado State,2017,49438,
57,Colorado State,2017,53460,1995-05-25
57,Colorado State,2017,53461,1993-11-26
57,Colorado State,2017,53462,
57,Colorado State,2017,53463,
358,Wyoming,2017,36356,
358,Wyoming,2017,37630,
358,Wyoming,2017,38569,
358,Wyoming,2017,43369,1997-01-24
358,Wyoming,2017,43370,
358,Wyoming,2017,43372,
358,Wyoming,2017,47503,
358,Wyoming,2017,47504,1994-11-10
358,Wyoming,2017,47505,
358,Wyoming,2017,47506,
358,Wyoming,2017,47507,
358,Wyoming,2017,47508,
358,Wyoming,2017,52948,
358,Wyoming,2017,52949,1994-05-08
358,Wyoming,2017,52950,
358,Wyoming,2017,52951,
2,Air Force,2017,36698,
2,Air Force,2017,37345,
2,Air Force,2017,37346,
2,Air Force,2017,37347,
2,Air Force,2017,37349,
2,Air Force,2017,37353,
2,Air Force,2017,42101,
2,Air Force,2017,48358,
2,Air Force,2017,48359,
2,Air Force,2017,48360,
2,Air Force,2017,48361,
2,Air Force,2017,48362,
2,Air Force,2017,48363,
2,Air Force,2017,48364,
2,Air Force,2017,48365,
2,Air Force,2017,51511,
2,Air Force,2017,51512,
2,Air Force,2017,51513,
2,Air Force,2017,51514,
2,Air Force,2017,51515,
2,Air Force,2017,51516,
2,Air Force,2017,51517,
2,Air Force,2017,51518,
25,Boise State,2017,32337,1997-09-17
25,Boise State,2017,36342,
25,Boise State,2017,36546,1998-05-23
25,Boise State,2017,36547,
25,Boise State,2017,36548,
25,Boise State,2017,36549,
25,Boise State,2017,36590,
25,Boise State,2017,37640,
25,Boise State,2017,44349,
25,Boise State,2017,44351,
25,Boise State,2017,47643,1996-04-26
25,Boise State,2017,53133,
25,Boise State,2017,53134,
25,Boise State,2017,53135,
189,Nevada,2017,32566,1997-05-17
189,Nevada,2017,33541,
189,Nevada,2017,36627,
189,Nevada,2017,41841,1996-01-15
189,Nevada,2017,41843,1995-09-28
189,Nevada,2017,41844,1995-09-28
189,Nevada,2017,41847,
189,Nevada,2017,47627,
189,Nevada,2017,47628,1994-11-11
189,Nevada,2017,47632,
189,Nevada,2017,47988,
189,Nevada,2017,51226,1996-07-11
189,Nevada,2017,51227,
189,Nevada,2017,51228,1994-06-03
189,Nevada,2017,51229,
189,Nevada,2017,51230,
189,Nevada,2017,51231,
329,Utah State,2017,15929,
329,Utah State,2017,31407,
329,Utah State,2017,32230,
329,Utah State,2017,34918,1996-05-15
329,Utah State,2017,34919,
329,Utah State,2017,34921,
329,Utah State,2017,43251,1993-12-04
329,Utah State,2017,47439,
329,Utah State,2017,47441,
329,Utah State,2017,47443,
329,Utah State,2017,50353,
329,Utah State,2017,52828,1995-08-21
329,Utah State,2017,52829,1994-08-20
329,Utah State,2017,52830,
329,Utah State,2017,27484,1997-07-29
92,Fresno State,2017,26958,
92,Fresno State,2017,27242,1998-04-25
92,Fresno State,2017,33855,
92,Fresno State,2017,34895,
92,Fresno State,2017,36184,
92,Fresno State,2017,42272,
92,Fresno State,2017,43346,
92,Fresno State,2017,43348,
92,Fresno State,2017,43349,
92,Fresno State,2017,47015,
92,Fresno State,2017,47017,1994-11-14
92,Fresno State,2017,47018,
92,Fresno State,2017,52823,1994-02-01
92,Fresno State,2017,52824,1994-12-30
92,Fresno State,2017,52825,
92,Fresno State,2017,52826,1994-10-03
92,Fresno State,2017,52827,
260,San José State,2017,27196,
260,San José State,2017,34330,
260,San José State,2017,36716,
260,San José State,2017,36871,
260,San José State,2017,36986,1996-05-24
260,San José State,2017,41808,1996-09-19
260,San José State,2017,43169,
260,San José State,2017,43740,
260,San José State,2017,47600,1994-03-15
260,San José State,2017,47601,
260,San José State,2017,47604,
260,San José State,2017,50635,1994-05-20
260,San José State,2017,51149,
260,San José State,2017,53220,1994-09-24
260,San José State,2017,53221,
260,San José State,2017,53222,
84,Fairleigh Dickinson,2017,34568,
84,Fairleigh Dickinson,2017,35091,
84,Fairleigh Dickinson,2017,44066,
84,Fairleigh Dickinson,2017,44067,1997-08-12
84,Fairleigh Dickinson,2017,44068,
84,Fairleigh Dickinson,2017,46340,
84,Fairleigh Dickinson,2017,46341,
84,Fairleigh Dickinson,2017,46342,
84,Fairleigh Dickinson,2017,46344,
84,Fairleigh Dickinson,2017,47252,1995-05-20
84,Fairleigh Dickinson,2017,51047,
84,Fairleigh Dickinson,2017,51564,1994-01-04
84,Fairleigh Dickinson,2017,51565,
84,Fairleigh Dickinson,2017,51566,
84,Fairleigh Dickinson,2017,51567,
341,Wagner,2017,31485,
341,Wagner,2017,32385,1998-01-03
341,Wagner,2017,41845,
341,Wagner,2017,41991,1994-09-04
341,Wagner,2017,41992,
341,Wagner,2017,41993,
341,Wagner,2017,41998,
341,Wagner,2017,46105,
341,Wagner,2017,48007,
341,Wagner,2017,48009,
341,Wagner,2017,51234,1994-04-21
341,Wagner,2017,51235,
341,Wagner,2017,51236,1994-09-08
341,Wagner,2017,51237,
244,Robert Morris,2017,26274,
244,Robert Morris,2017,36366,
244,Robert Morris,2017,43448,
244,Robert Morris,2017,43452,
244,Robert Morris,2017,43453,
244,Robert Morris,2017,44154,
244,Robert Morris,2017,47041,
244,Robert Morris,2017,51591,1994-03-04
244,Robert Morris,2017,51592,
244,Robert Morris,2017,51593,1994-01-25
244,Robert Morris,2017,51594,
244,Robert Morris,2017,51595,
244,Robert Morris,2017,51596,
244,Robert Morris,2017,51597,
244,Robert Morris,2017,51598,
146,Long Island University,2017,35470,
146,Long Island University,2017,35471,
146,Long Island University,2017,35472,
146,Long Island University,2017,35473,
146,Long Island University,2017,35476,
146,Long Island University,2017,42131,
146,Long Island University,2017,42134,
146,Long Island University,2017,43875,
146,Long Island University,2017,47227,
146,Long Island University,2017,47263,
146,Long Island University,2017,51584,1993-12-01
146,Long Island University,2017,51585,
146,Long Island University,2017,51586,
146,Long Island University,2017,51587,
146,Long Island University,2017,51588,
364,St. Francis Brooklyn,2017,27893,
364,St. Francis Brooklyn,2017,35217,
364,St. Francis Brooklyn,2017,36377,
364,St. Francis Brooklyn,2017,43529,
364,St. Francis Brooklyn,2017,43530,
364,St. Francis Brooklyn,2017,43532,
364,St. Francis Brooklyn,2017,44659,
364,St. Francis Brooklyn,2017,47998,
364,St. Francis Brooklyn,2017,47999,
364,St. Francis Brooklyn,2017,48000,
364,St. Francis Brooklyn,2017,48001,
364,St. Francis Brooklyn,2017,53416,
364,St. Francis Brooklyn,2017,53417,
364,St. Francis Brooklyn,2017,53418,
278,St. Francis (PA),2017,34961,
278,St. Francis (PA),2017,34962,
278,St. Francis (PA),2017,34963,
278,St. Francis (PA),2017,34964,
278,St. Francis (PA),2017,34965,
278,St. Francis (PA),2017,36659,
278,St. Francis (PA),2017,37015,
278,St. Francis (PA),2017,39522,
278,St. Francis (PA),2017,41945,
278,St. Francis (PA),2017,41946,
278,St. Francis (PA),2017,41948,
278,St. Francis (PA),2017,41949,
278,St. Francis (PA),2017,47824,
278,St. Francis (PA),2017,47825,
278,St. Francis (PA),2017,47826,
278,St. Francis (PA),2017,47827,
278,St. Francis (PA),2017,53170,
278,St. Francis (PA),2017,53171,
183,Mount St. Mary's,2017,31705,
183,Mount St. Mary's,2017,32107,
183,Mount St. Mary's,2017,36559,
183,Mount St. Mary's,2017,39676,
183,Mount St. Mary's,2017,42197,
183,Mount St. Mary's,2017,46080,
183,Mount St. Mary's,2017,47509,1996-02-15
183,Mount St. Mary's,2017,47510,1995-10-26
183,Mount St. Mary's,2017,47512,
183,Mount St. Mary's,2017,47513,
183,Mount St. Mary's,2017,47949,1994-02-18
183,Mount St. Mary's,2017,51257,1995-02-06
183,Mount St. Mary's,2017,51258,1995-11-21
183,Mount St. Mary's,2017,51259,
183,Mount St. Mary's,2017,51260,
44,Central Connecticut,2017,32314,
44,Central Connecticut,2017,35428,
44,Central Connecticut,2017,37692,
44,Central Connecticut,2017,42323,
44,Central Connecticut,2017,42325,
44,Central Connecticut,2017,42395,
44,Central Connecticut,2017,47078,
44,Central Connecticut,2017,47079,
44,Central Connecticut,2017,47080,
44,Central Connecticut,2017,51612,
44,Central Connecticut,2017,51613,
44,Central Connecticut,2017,51614,
44,Central Connecticut,2017,51615,
44,Central Connecticut,2017,51616,
250,Sacred Heart,2017,31408,
250,Sacred Heart,2017,35501,
250,Sacred Heart,2017,42549,
250,Sacred Heart,2017,46320,
250,Sacred Heart,2017,46321,1993-05-07
250,Sacred Heart,2017,46322,
250,Sacred Heart,2017,46324,
250,Sacred Heart,2017,46325,
250,Sacred Heart,2017,46326,
250,Sacred Heart,2017,51712,1993-06-15
250,Sacred Heart,2017,51713,1994-06-23
250,Sacred Heart,2017,51714,
250,Sacred Heart,2017,51715,1994-03-16
250,Sacred Heart,2017,32614,1995-12-05
31,Bryant,2017,27904,
31,Bryant,2017,31941,1998-06-11
31,Bryant,2017,35296,
31,Bryant,2017,35298,
31,Bryant,2017,35299,
31,Bryant,2017,36628,
31,Bryant,2017,42335,
31,Bryant,2017,42337,
31,Bryant,2017,42728,
31,Bryant,2017,46624,
31,Bryant,2017,46625,
31,Bryant,2017,46626,1994-11-04
31,Bryant,2017,53042,1995-03-15
31,Bryant,2017,53043,1995-08-03
31,Bryant,2017,53044,1995-03-30
184,Murray State,2017,26813,
184,Murray State,2017,36890,
184,Murray State,2017,42334,
184,Murray State,2017,44341,
184,Murray State,2017,47061,
184,Murray State,2017,47062,1995-05-23
184,Murray State,2017,47063,
184,Murray State,2017,52326,
184,Murray State,2017,52328,
184,Murray State,2017,52329,
184,Murray State,2017,52330,1994-03-12
184,Murray State,2017,52327,1994-01-29
181,Morehead State,2017,35193,
181,Morehead State,2017,35194,
181,Morehead State,2017,36186,
181,Morehead State,2017,36786,
181,Morehead State,2017,41964,
181,Morehead State,2017,43630,
181,Morehead State,2017,47656,
181,Morehead State,2017,52082,
181,Morehead State,2017,52083,
181,Morehead State,2017,52084,1995-01-02
181,Morehead State,2017,52085,
181,Morehead State,2017,52086,
181,Morehead State,2017,52087,
181,Morehead State,2017,52088,1993-11-23
181,Morehead State,2017,52089,
291,Tennessee Tech,2017,35770,
291,Tennessee Tech,2017,36918,
291,Tennessee Tech,2017,42993,
291,Tennessee Tech,2017,47366,
291,Tennessee Tech,2017,47367,1994-11-16
291,Tennessee Tech,2017,47368,
291,Tennessee Tech,2017,47369,1994-10-18
291,Tennessee Tech,2017,47371,
291,Tennessee Tech,2017,49898,
291,Tennessee Tech,2017,52457,
291,Tennessee Tech,2017,52458,
291,Tennessee Tech,2017,52459,
291,Tennessee Tech,2017,52460,
291,Tennessee Tech,2017,52461,
78,Eastern Kentucky,2017,20087,
78,Eastern Kentucky,2017,32613,1997-01-20
78,Eastern Kentucky,2017,35201,
78,Eastern Kentucky,2017,35530,
78,Eastern Kentucky,2017,35923,
78,Eastern Kentucky,2017,43502,1997-08-18
78,Eastern Kentucky,2017,43505,
78,Eastern Kentucky,2017,47070,
78,Eastern Kentucky,2017,47071,
78,Eastern Kentucky,2017,47072,1995-03-18
78,Eastern Kentucky,2017,52338,
78,Eastern Kentucky,2017,52339,
78,Eastern Kentucky,2017,52340,
78,Eastern Kentucky,2017,52341,
78,Eastern Kentucky,2017,52342,
78,Eastern Kentucky,2017,52343,
78,Eastern Kentucky,2017,52344,
17,Austin Peay,2017,35764,
17,Austin Peay,2017,42767,
17,Austin Peay,2017,42773,
17,Austin Peay,2017,42774,
17,Austin Peay,2017,47579,
17,Austin Peay,2017,51668,
17,Austin Peay,2017,51669,
17,Austin Peay,2017,51670,
17,Austin Peay,2017,51671,
17,Austin Peay,2017,51672,
17,Austin Peay,2017,51673,
17,Austin Peay,2017,51674,
17,Austin Peay,2017,51675,
17,Austin Peay,2017,51676,
290,Tennessee State,2017,39316,
290,Tennessee State,2017,43727,
290,Tennessee State,2017,43896,
290,Tennessee State,2017,44289,
290,Tennessee State,2017,44290,
290,Tennessee State,2017,44297,
290,Tennessee State,2017,46025,
290,Tennessee State,2017,46027,
290,Tennessee State,2017,46028,
290,Tennessee State,2017,46696,
290,Tennessee State,2017,48569,1994-08-17
290,Tennessee State,2017,52022,
290,Tennessee State,2017,52023,1994-01-16
290,Tennessee State,2017,52024,
290,Tennessee State,2017,52025,
290,Tennessee State,2017,52026,1993-03-21
290,Tennessee State,2017,55741,
272,Southeast Missouri State,2017,32168,1996-07-05
272,Southeast Missouri State,2017,32563,1998-01-18
272,Southeast Missouri State,2017,34871,
272,Southeast Missouri State,2017,36275,
272,Southeast Missouri State,2017,42967,
272,Southeast Missouri State,2017,42970,
272,Southeast Missouri State,2017,46425,
272,Southeast Missouri State,2017,46819,
272,Southeast Missouri State,2017,46821,
272,Southeast Missouri State,2017,48185,
272,Southeast Missouri State,2017,52594,
272,Southeast Missouri State,2017,52595,1995-02-22
272,Southeast Missouri State,2017,52596,1994-02-02
272,Southeast Missouri State,2017,52597,
272,Southeast Missouri State,2017,52598,
325,UT Martin,2017,39045,
325,UT Martin,2017,43130,
325,UT Martin,2017,47035,
325,UT Martin,2017,47042,
325,UT Martin,2017,51963,1995-02-10
325,UT Martin,2017,51964,1993-07-16
325,UT Martin,2017,51965,1993-01-20
325,UT Martin,2017,51966,
325,UT Martin,2017,51967,
325,UT Martin,2017,51968,
325,UT Martin,2017,51969,
325,UT Martin,2017,51970,
325,UT Martin,2017,51971,
325,UT Martin,2017,51972,
325,UT Martin,2017,51973,
325,UT Martin,2017,47037,1995-03-02
77,Eastern Illinois,2017,34874,
77,Eastern Illinois,2017,43018,
77,Eastern Illinois,2017,43019,
77,Eastern Illinois,2017,43020,
77,Eastern Illinois,2017,44162,
77,Eastern Illinois,2017,48136,
77,Eastern Illinois,2017,48139,
77,Eastern Illinois,2017,48141,
77,Eastern Illinois,2017,48142,
77,Eastern Illinois,2017,52553,
77,Eastern Illinois,2017,52554,
77,Eastern Illinois,2017,52555,1994-06-23
77,Eastern Illinois,2017,52556,
77,Eastern Illinois,2017,52557,
22,Belmont,2017,25849,
22,Belmont,2017,36981,
22,Belmont,2017,36982,
22,Belmont,2017,44346,1996-09-22
22,Belmont,2017,44347,1996-10-21
22,Belmont,2017,47686,
22,Belmont,2017,47687,1995-02-08
22,Belmont,2017,47688,1994-10-27
22,Belmont,2017,47689,
22,Belmont,2017,47690,1994-11-18
22,Belmont,2017,53858,1994-04-17
22,Belmont,2017,53859,
22,Belmont,2017,53860,1995-02-21
22,Belmont,2017,53861,1995-01-02
128,Jacksonville State,2017,35949,
128,Jacksonville State,2017,37232,
128,Jacksonville State,2017,43641,
128,Jacksonville State,2017,44072,
128,Jacksonville State,2017,46379,
128,Jacksonville State,2017,47064,1995-06-06
128,Jacksonville State,2017,47065,
128,Jacksonville State,2017,47067,
128,Jacksonville State,2017,47068,
128,Jacksonville State,2017,52403,
128,Jacksonville State,2017,52404,
128,Jacksonville State,2017,52405,
128,Jacksonville State,2017,52406,
128,Jacksonville State,2017,52407,
128,Jacksonville State,2017,52408,
247,SIU Edwardsville,2017,26878,
247,SIU Edwardsville,2017,36125,
247,SIU Edwardsville,2017,36129,
247,SIU Edwardsville,2017,36131,
247,SIU Edwardsville,2017,39599,
247,SIU Edwardsville,2017,41290,
247,SIU Edwardsville,2017,43015,
247,SIU Edwardsville,2017,46118,
247,SIU Edwardsville,2017,46119,
247,SIU Edwardsville,2017,46120,
247,SIU Edwardsville,2017,46121,
247,SIU Edwardsville,2017,46122,
247,SIU Edwardsville,2017,46123,
247,SIU Edwardsville,2017,46124,
247,SIU Edwardsville,2017,46125,1994-12-02
247,SIU Edwardsville,2017,46126,1993-08-31
32,Bucknell,2017,35319,
32,Bucknell,2017,35320,
32,Bucknell,2017,35322,
32,Bucknell,2017,36387,1997-05-12
32,Bucknell,2017,43595,
32,Bucknell,2017,43596,
32,Bucknell,2017,43597,
32,Bucknell,2017,47347,1996-06-21
32,Bucknell,2017,47348,1995-10-21
32,Bucknell,2017,47349,
32,Bucknell,2017,51709,1994-10-06
32,Bucknell,2017,51710,1994-05-31
32,Bucknell,2017,51711,1994-12-16
55,Colgate,2017,36910,
55,Colgate,2017,36911,
55,Colgate,2017,42286,
55,Colgate,2017,42287,
55,Colgate,2017,42288,
55,Colgate,2017,42289,
55,Colgate,2017,42292,
55,Colgate,2017,46614,1995-05-13
55,Colgate,2017,46615,
55,Colgate,2017,46616,
55,Colgate,2017,46617,
55,Colgate,2017,46618,
55,Colgate,2017,51242,
55,Colgate,2017,51243,
55,Colgate,2017,51244,
55,Colgate,2017,51245,
55,Colgate,2017,51246,
55,Colgate,2017,51247,
111,Holy Cross,2017,34840,
111,Holy Cross,2017,42552,1997-06-27
111,Holy Cross,2017,42553,
111,Holy Cross,2017,42554,
111,Holy Cross,2017,42555,
111,Holy Cross,2017,46317,
111,Holy Cross,2017,46318,
111,Holy Cross,2017,46319,
111,Holy Cross,2017,53486,
111,Holy Cross,2017,53487,
111,Holy Cross,2017,53488,
111,Holy Cross,2017,53489,
111,Holy Cross,2017,53490,
111,Holy Cross,2017,53491,
111,Holy Cross,2017,53492,
111,Holy Cross,2017,53739,
111,Holy Cross,2017,53740,
111,Holy Cross,2017,53741,
141,Lehigh,2017,35314,
141,Lehigh,2017,35317,
141,Lehigh,2017,36154,
141,Lehigh,2017,36551,
141,Lehigh,2017,43143,
141,Lehigh,2017,43144,
141,Lehigh,2017,43148,
141,Lehigh,2017,44095,
141,Lehigh,2017,48060,
141,Lehigh,2017,48061,
141,Lehigh,2017,48062,
141,Lehigh,2017,51168,1995-04-28
141,Lehigh,2017,51169,
141,Lehigh,2017,51170,
187,Navy,2017,26987,
187,Navy,2017,35457,
187,Navy,2017,42168,
187,Navy,2017,42169,
187,Navy,2017,42171,
187,Navy,2017,42172,
187,Navy,2017,42173,
187,Navy,2017,42177,
187,Navy,2017,42747,
187,Navy,2017,47534,
187,Navy,2017,47535,
187,Navy,2017,47536,
187,Navy,2017,47537,
187,Navy,2017,47538,
187,Navy,2017,47540,
187,Navy,2017,52687,
187,Navy,2017,52688,
187,Navy,2017,52689,
187,Navy,2017,52690,
187,Navy,2017,52691,
187,Navy,2017,52692,
187,Navy,2017,52693,
187,Navy,2017,52694,
138,Lafayette,2017,25736,
138,Lafayette,2017,35885,
138,Lafayette,2017,35886,
138,Lafayette,2017,35887,
138,Lafayette,2017,35888,
138,Lafayette,2017,36594,
138,Lafayette,2017,43581,
138,Lafayette,2017,43582,
138,Lafayette,2017,46494,
138,Lafayette,2017,46495,
138,Lafayette,2017,47532,1995-02-28
138,Lafayette,2017,51162,1994-03-21
138,Lafayette,2017,51163,
138,Lafayette,2017,51164,
15,Army,2017,34454,
15,Army,2017,34853,
15,Army,2017,34854,
15,Army,2017,34856,
15,Army,2017,34858,
15,Army,2017,34859,
15,Army,2017,42401,
15,Army,2017,42402,
15,Army,2017,42403,
15,Army,2017,42404,
15,Army,2017,42406,
15,Army,2017,42407,
15,Army,2017,42408,
15,Army,2017,42409,
15,Army,2017,45948,
15,Army,2017,45949,
15,Army,2017,46422,
15,Army,2017,46423,
15,Army,2017,52991,
15,Army,2017,52992,
15,Army,2017,52993,
15,Army,2017,52994,
15,Army,2017,52995,
15,Army,2017,52996,
15,Army,2017,52997,
15,Army,2017,52998,
8,American University,2017,33357,
8,American University,2017,35585,1994-05-12
8,American University,2017,35586,
8,American University,2017,36423,
8,American University,2017,39675,
8,American University,2017,41995,
8,American University,2017,44050,
8,American University,2017,44052,
8,American University,2017,44053,
8,American University,2017,47491,
8,American University,2017,47492,
8,American University,2017,51303,1993-11-27
8,American University,2017,51304,
8,American University,2017,51305,1995-01-17
8,American University,2017,51306,1994-08-17
27,Boston University,2017,32568,
27,Boston University,2017,35269,
27,Boston University,2017,36980,
27,Boston University,2017,42642,
27,Boston University,2017,43005,
27,Boston University,2017,46806,
27,Boston University,2017,46807,1995-01-20
27,Boston University,2017,46808,
27,Boston University,2017,46809,
27,Boston University,2017,51657,1994-07-02
27,Boston University,2017,51658,
27,Boston University,2017,51659,1992-12-06
27,Boston University,2017,51660,1994-09-04
27,Boston University,2017,51661,
27,Boston University,2017,51662,
27,Boston University,2017,51663,1995-03-01
152,Loyola Maryland,2017,26451,
152,Loyola Maryland,2017,36018,
152,Loyola Maryland,2017,36019,
152,Loyola Maryland,2017,41983,
152,Loyola Maryland,2017,41984,
152,Loyola Maryland,2017,42581,
152,Loyola Maryland,2017,42928,
152,Loyola Maryland,2017,45178,
152,Loyola Maryland,2017,46111,
152,Loyola Maryland,2017,46112,
152,Loyola Maryland,2017,46113,
152,Loyola Maryland,2017,46114,
152,Loyola Maryland,2017,46115,
152,Loyola Maryland,2017,51650,1993-11-26
152,Loyola Maryland,2017,51651,
135,Kentucky,2017,32874,
135,Kentucky,2017,42498,1998-08-10
135,Kentucky,2017,43439,
135,Kentucky,2017,48214,1998-07-31
135,Kentucky,2017,48215,1997-03-26
135,Kentucky,2017,48218,
135,Kentucky,2017,48219,
135,Kentucky,2017,51978,1997-07-18
135,Kentucky,2017,51979,1995-06-21
135,Kentucky,2017,51980,1998-02-04
135,Kentucky,2017,51981,1997-12-20
135,Kentucky,2017,51982,1996-04-13
135,Kentucky,2017,51983,1998-01-05
135,Kentucky,2017,51984,1994-06-12
135,Kentucky,2017,51985,1994-06-27
5,Alabama,2017,35186,1995-12-07
5,Alabama,2017,36685,1997-02-14
5,Alabama,2017,37530,1997-07-04
5,Alabama,2017,37732,
5,Alabama,2017,43056,1997-08-07
5,Alabama,2017,43057,
5,Alabama,2017,43058,
5,Alabama,2017,43060,
5,Alabama,2017,43363,
5,Alabama,2017,46166,1995-08-05
5,Alabama,2017,46355,
5,Alabama,2017,52732,1995-09-03
5,Alabama,2017,52733,1994-11-13
5,Alabama,2017,52734,1994-07-21
5,Alabama,2017,52735,1993-04-05
292,Tennessee,2017,25801,1997-11-09
292,Tennessee,2017,25825,
292,Tennessee,2017,31359,
292,Tennessee,2017,35486,1997-01-20
292,Tennessee,2017,35487,
292,Tennessee,2017,36153,
292,Tennessee,2017,38248,
292,Tennessee,2017,41829,1998-11-30
292,Tennessee,2017,41830,1996-10-21
292,Tennessee,2017,41831,1997-11-05
292,Tennessee,2017,41832,1997-03-30
292,Tennessee,2017,41833,
292,Tennessee,2017,41834,
292,Tennessee,2017,44075,1993-10-12
292,Tennessee,2017,51961,1995-08-19
292,Tennessee,2017,51962,1993-03-19
87,Florida,2017,26585,
87,Florida,2017,27490,
87,Florida,2017,32162,
87,Florida,2017,34826,
87,Florida,2017,41892,1997-03-05
87,Florida,2017,41893,
87,Florida,2017,41894,1996-05-21
87,Florida,2017,48474,1995-11-21
87,Florida,2017,48475,1994-10-31
87,Florida,2017,52052,1995-07-29
87,Florida,2017,52053,1995-03-07
87,Florida,2017,52054,1993-12-03
87,Florida,2017,52056,1994-01-07
87,Florida,2017,52055,1994-10-21
336,Vanderbilt,2017,26307,
336,Vanderbilt,2017,28314,
336,Vanderbilt,2017,35445,
336,Vanderbilt,2017,42112,
336,Vanderbilt,2017,43331,
336,Vanderbilt,2017,47584,1996-08-20
336,Vanderbilt,2017,47585,1996-03-31
336,Vanderbilt,2017,47586,1996-06-15
336,Vanderbilt,2017,51455,1995-07-15
336,Vanderbilt,2017,51456,1994-05-26
336,Vanderbilt,2017,51457,
336,Vanderbilt,2017,27036,1998-01-31
136,LSU,2017,47307,1997-05-01
136,LSU,2017,37368,1997-09-05
136,LSU,2017,37370,
136,LSU,2017,42349,1997-11-29
136,LSU,2017,43315,1995-11-15
136,LSU,2017,47305,
136,LSU,2017,47306,1996-06-26
136,LSU,2017,47308,
136,LSU,2017,47310,1996-04-28
136,LSU,2017,53103,1996-10-04
136,LSU,2017,53104,1993-11-14
136,LSU,2017,53105,
136,LSU,2017,53106,1995-04-04
136,LSU,2017,53107,
136,LSU,2017,42178,
16,Auburn,2017,34896,
16,Auburn,2017,34953,
16,Auburn,2017,34954,
16,Auburn,2017,34957,
16,Auburn,2017,34960,
16,Auburn,2017,36732,1997-12-12
16,Auburn,2017,41870,1997-09-14
16,Auburn,2017,41871,1997-07-24
16,Auburn,2017,41872,
16,Auburn,2017,41873,
16,Auburn,2017,42433,
16,Auburn,2017,43441,
16,Auburn,2017,47285,
16,Auburn,2017,47286,
16,Auburn,2017,52781,1993-12-20
16,Auburn,2017,52782,
16,Auburn,2017,52783,1993-12-12
16,Auburn,2017,52784,
16,Auburn,2017,52785,
16,Auburn,2017,52786,
174,Mississippi State,2017,26333,
174,Mississippi State,2017,35963,1998-01-14
174,Mississippi State,2017,35965,
174,Mississippi State,2017,41773,
174,Mississippi State,2017,41990,
174,Mississippi State,2017,43319,
174,Mississippi State,2017,43556,1996-01-24
174,Mississippi State,2017,43985,1997-07-11
174,Mississippi State,2017,43986,1998-06-19
174,Mississippi State,2017,43987,1996-09-10
174,Mississippi State,2017,46364,
174,Mississippi State,2017,46365,
174,Mississippi State,2017,46366,
174,Mississippi State,2017,52505,1995-06-16
174,Mississippi State,2017,52506,
98,Georgia,2017,35496,
98,Georgia,2017,35499,
98,Georgia,2017,44183,
98,Georgia,2017,44184,
98,Georgia,2017,44185,
98,Georgia,2017,44186,
98,Georgia,2017,44187,
98,Georgia,2017,44188,
98,Georgia,2017,46631,1996-08-14
98,Georgia,2017,46632,
98,Georgia,2017,46633,1994-09-07
98,Georgia,2017,51927,1995-06-25
98,Georgia,2017,51928,1995-09-19
98,Georgia,2017,51929,1994-01-19
98,Georgia,2017,51930,1994-07-12
220,Ole Miss,2017,31951,
220,Ole Miss,2017,37036,1996-07-01
220,Ole Miss,2017,37535,1998-01-13
220,Ole Miss,2017,44291,
220,Ole Miss,2017,44300,1997-05-16
220,Ole Miss,2017,47318,
220,Ole Miss,2017,47320,
220,Ole Miss,2017,47321,1994-01-21
220,Ole Miss,2017,47324,
220,Ole Miss,2017,47831,1994-03-18
220,Ole Miss,2017,51974,1994-07-15
220,Ole Miss,2017,51975,
220,Ole Miss,2017,51976,
220,Ole Miss,2017,51977,
12,Arkansas,2017,26679,
12,Arkansas,2017,31780,
12,Arkansas,2017,34991,
12,Arkansas,2017,35974,
12,Arkansas,2017,44059,
12,Arkansas,2017,47293,
12,Arkansas,2017,47294,1995-11-29
12,Arkansas,2017,47295,1996-01-23
12,Arkansas,2017,47296,
12,Arkansas,2017,47298,
12,Arkansas,2017,47299,1995-07-26
12,Arkansas,2017,52513,1994-11-16
12,Arkansas,2017,52514,1993-09-02
12,Arkansas,2017,52515,1994-10-24
266,South Carolina,2017,31889,
266,South Carolina,2017,36139,
266,South Carolina,2017,36917,
266,South Carolina,2017,41868,
266,South Carolina,2017,42439,
266,South Carolina,2017,42487,1996-09-19
266,South Carolina,2017,42489,1996-07-16
266,South Carolina,2017,46635,
266,South Carolina,2017,46637,
266,South Carolina,2017,51155,1996-10-25
266,South Carolina,2017,51463,1994-11-24
266,South Carolina,2017,51464,1994-09-07
266,South Carolina,2017,51465,
266,South Carolina,2017,51466,
266,South Carolina,2017,51467,
266,South Carolina,2017,51468,
266,South Carolina,2017,51469,
266,South Carolina,2017,51470,
293,Texas A&M,2017,31934,
293,Texas A&M,2017,34851,1995-11-14
293,Texas A&M,2017,37013,
293,Texas A&M,2017,37103,
293,Texas A&M,2017,43728,1996-06-20
293,Texas A&M,2017,43731,
293,Texas A&M,2017,48993,1996-09-03
293,Texas A&M,2017,48994,1997-05-22
293,Texas A&M,2017,48995,
293,Texas A&M,2017,48997,1997-10-17
293,Texas A&M,2017,52722,
293,Texas A&M,2017,52723,1994-02-26
293,Texas A&M,2017,52724,
293,Texas A&M,2017,52725,
293,Texas A&M,2017,52726,
293,Texas A&M,2017,52727,
177,Missouri,2017,25808,
177,Missouri,2017,32003,
177,Missouri,2017,33307,
177,Missouri,2017,35875,1996-11-26
177,Missouri,2017,36739,
177,Missouri,2017,37018,
177,Missouri,2017,43037,
177,Missouri,2017,43038,
177,Missouri,2017,43040,
177,Missouri,2017,43042,
177,Missouri,2017,47528,
177,Missouri,2017,47530,
177,Missouri,2017,53514,
177,Missouri,2017,53515,
177,Missouri,2017,47526,1995-12-31
274,Southern,2017,35792,
274,Southern,2017,43050,
274,Southern,2017,43051,
274,Southern,2017,43055,
274,Southern,2017,47325,
274,Southern,2017,47326,1995-05-17
274,Southern,2017,47328,
274,Southern,2017,47329,
274,Southern,2017,47330,
274,Southern,2017,47331,
274,Southern,2017,50584,
274,Southern,2017,53089,
274,Southern,2017,53090,
274,Southern,2017,53091,1994-10-01
274,Southern,2017,53092,
274,Southern,2017,54490,
296,Texas Southern,2017,33181,
296,Texas Southern,2017,36567,
296,Texas Southern,2017,36569,
296,Texas Southern,2017,43314,
296,Texas Southern,2017,46101,
296,Texas Southern,2017,46102,
296,Texas Southern,2017,46104,
296,Texas Southern,2017,46107,
296,Texas Southern,2017,46556,
296,Texas Southern,2017,47418,1992-11-18
296,Texas Southern,2017,47849,1995-05-24
296,Texas Southern,2017,53329,
296,Texas Southern,2017,53330,
296,Texas Southern,2017,53331,
296,Texas Southern,2017,53332,
296,Texas Southern,2017,53333,1994-12-01
296,Texas Southern,2017,53334,
296,Texas Southern,2017,53335,
126,Jackson State,2017,37334,
126,Jackson State,2017,38862,
126,Jackson State,2017,42870,
126,Jackson State,2017,42873,
126,Jackson State,2017,42874,
126,Jackson State,2017,42875,
126,Jackson State,2017,46246,
126,Jackson State,2017,46247,
126,Jackson State,2017,46248,
126,Jackson State,2017,46249,
126,Jackson State,2017,46250,
126,Jackson State,2017,46251,
126,Jackson State,2017,51367,
126,Jackson State,2017,51368,
126,Jackson State,2017,51369,
126,Jackson State,2017,51370,
126,Jackson State,2017,51371,
126,Jackson State,2017,51372,
126,Jackson State,2017,51373,
126,Jackson State,2017,54817,
7,Alcorn State,2017,31651,
7,Alcorn State,2017,36309,
7,Alcorn State,2017,36311,
7,Alcorn State,2017,42734,
7,Alcorn State,2017,42735,
7,Alcorn State,2017,42984,
7,Alcorn State,2017,42985,
7,Alcorn State,2017,47301,
7,Alcorn State,2017,47302,
7,Alcorn State,2017,47304,
7,Alcorn State,2017,52532,
7,Alcorn State,2017,52533,
7,Alcorn State,2017,52534,
7,Alcorn State,2017,52535,
6,Alabama State,2017,27056,
6,Alabama State,2017,34849,
6,Alabama State,2017,35519,
6,Alabama State,2017,45199,
6,Alabama State,2017,46360,
6,Alabama State,2017,46361,1995-05-30
6,Alabama State,2017,46362,
6,Alabama State,2017,46363,
6,Alabama State,2017,50578,
6,Alabama State,2017,53292,1993-09-25
6,Alabama State,2017,53293,
6,Alabama State,2017,53294,1994-12-24
6,Alabama State,2017,53295,
6,Alabama State,2017,53296,
6,Alabama State,2017,53297,
6,Alabama State,2017,53298,
6,Alabama State,2017,53299,
6,Alabama State,2017,55889,
103,Grambling,2017,35075,
103,Grambling,2017,37050,
103,Grambling,2017,37051,
103,Grambling,2017,44169,
103,Grambling,2017,44170,
103,Grambling,2017,46487,
103,Grambling,2017,46488,
103,Grambling,2017,47578,
103,Grambling,2017,50187,
103,Grambling,2017,52392,
103,Grambling,2017,52393,
103,Grambling,2017,52394,
103,Grambling,2017,52395,
103,Grambling,2017,52396,
103,Grambling,2017,52397,
103,Grambling,2017,52398,
175,Mississippi Valley State,2017,36529,
175,Mississippi Valley State,2017,38638,
175,Mississippi Valley State,2017,42275,
175,Mississippi Valley State,2017,43076,
175,Mississippi Valley State,2017,46390,
175,Mississippi Valley State,2017,48169,
175,Mississippi Valley State,2017,48177,
175,Mississippi Valley State,2017,52470,
175,Mississippi Valley State,2017,52471,
175,Mississippi Valley State,2017,52472,
175,Mississippi Valley State,2017,52473,
175,Mississippi Valley State,2017,52474,
175,Mississippi Valley State,2017,52475,
175,Mississippi Valley State,2017,52476,
175,Mississippi Valley State,2017,52477,
175,Mississippi Valley State,2017,52478,
232,Prairie View A&M,2017,47650,
232,Prairie View A&M,2017,47651,
232,Prairie View A&M,2017,47652,
232,Prairie View A&M,2017,47654,
232,Prairie View A&M,2017,47655,
232,Prairie View A&M,2017,47657,
232,Prairie View A&M,2017,52637,
232,Prairie View A&M,2017,52638,1994-12-01
232,Prairie View A&M,2017,52639,
232,Prairie View A&M,2017,52640,
232,Prairie View A&M,2017,52641,
232,Prairie View A&M,2017,52642,
232,Prairie View A&M,2017,52643,
232,Prairie View A&M,2017,52644,
232,Prairie View A&M,2017,52645,
232,Prairie View A&M,2017,52646,
232,Prairie View A&M,2017,52647,
232,Prairie View A&M,2017,52648,1994-08-19
232,Prairie View A&M,2017,52649,
232,Prairie View A&M,2017,55845,1995-02-10
4,Alabama A&M,2017,35779,
4,Alabama A&M,2017,44280,
4,Alabama A&M,2017,47870,
4,Alabama A&M,2017,47871,
4,Alabama A&M,2017,47872,
4,Alabama A&M,2017,47873,
4,Alabama A&M,2017,52516,
4,Alabama A&M,2017,52517,
4,Alabama A&M,2017,52518,
4,Alabama A&M,2017,52519,
4,Alabama A&M,2017,52520,
4,Alabama A&M,2017,52521,1994-01-07
4,Alabama A&M,2017,52522,
4,Alabama A&M,2017,52523,
4,Alabama A&M,2017,52524,1996-09-27
4,Alabama A&M,2017,52525,
4,Alabama A&M,2017,53513,
14,Arkansas-Pine Bluff,2017,35935,
14,Arkansas-Pine Bluff,2017,35940,
14,Arkansas-Pine Bluff,2017,35946,
14,Arkansas-Pine Bluff,2017,43354,
14,Arkansas-Pine Bluff,2017,43357,
14,Arkansas-Pine Bluff,2017,47744,
14,Arkansas-Pine Bluff,2017,47745,
14,Arkansas-Pine Bluff,2017,47746,
14,Arkansas-Pine Bluff,2017,47747,
14,Arkansas-Pine Bluff,2017,47748,
14,Arkansas-Pine Bluff,2017,52221,
14,Arkansas-Pine Bluff,2017,52222,
14,Arkansas-Pine Bluff,2017,52223,
14,Arkansas-Pine Bluff,2017,52224,
14,Arkansas-Pine Bluff,2017,52225,
14,Arkansas-Pine Bluff,2017,52226,
14,Arkansas-Pine Bluff,2017,52227,
14,Arkansas-Pine Bluff,2017,55250,
49,Chattanooga,2017,25910,
49,Chattanooga,2017,27713,
49,Chattanooga,2017,27982,
49,Chattanooga,2017,35625,
49,Chattanooga,2017,42602,
49,Chattanooga,2017,43941,
49,Chattanooga,2017,47497,
49,Chattanooga,2017,47502,
49,Chattanooga,2017,50820,
49,Chattanooga,2017,51954,1993-10-19
49,Chattanooga,2017,51955,1994-06-18
49,Chattanooga,2017,51956,1995-09-11
49,Chattanooga,2017,51957,1995-01-15
49,Chattanooga,2017,51958,1993-10-11
49,Chattanooga,2017,51959,
49,Chattanooga,2017,51960,
49,Chattanooga,2017,53879,
299,The Citadel,2017,32554,
299,The Citadel,2017,34831,
299,The Citadel,2017,37694,
299,The Citadel,2017,41910,
299,The Citadel,2017,41912,
299,The Citadel,2017,41913,
299,The Citadel,2017,41914,
299,The Citadel,2017,46259,
299,The Citadel,2017,46260,
299,The Citadel,2017,51758,
299,The Citadel,2017,51759,
299,The Citadel,2017,51760,
299,The Citadel,2017,51761,
299,The Citadel,2017,51762,
299,The Citadel,2017,51763,
299,The Citadel,2017,51764,
348,Western Carolina,2017,20086,
348,Western Carolina,2017,35489,
348,Western Carolina,2017,35491,
348,Western Carolina,2017,35493,
348,Western Carolina,2017,43489,
348,Western Carolina,2017,43490,
348,Western Carolina,2017,43491,
348,Western Carolina,2017,46716,
348,Western Carolina,2017,46717,
348,Western Carolina,2017,46718,
348,Western Carolina,2017,46719,
348,Western Carolina,2017,46721,
348,Western Carolina,2017,46722,
348,Western Carolina,2017,51922,
348,Western Carolina,2017,51923,
356,Wofford,2017,35136,1997-05-24
356,Wofford,2017,35137,
356,Wofford,2017,35139,
356,Wofford,2017,35140,
356,Wofford,2017,41853,
356,Wofford,2017,41854,1996-11-13
356,Wofford,2017,41855,
356,Wofford,2017,46638,
356,Wofford,2017,46639,
356,Wofford,2017,46641,
356,Wofford,2017,53097,
356,Wofford,2017,53098,1994-04-14
356,Wofford,2017,53099,1994-10-05
356,Wofford,2017,53100,
356,Wofford,2017,53101,
356,Wofford,2017,53102,1995-05-20
320,UNC Greensboro,2017,35154,
320,UNC Greensboro,2017,35155,
320,UNC Greensboro,2017,35156,
320,UNC Greensboro,2017,42611,
320,UNC Greensboro,2017,42612,1996-05-25
320,UNC Greensboro,2017,42613,
320,UNC Greensboro,2017,42614,
320,UNC Greensboro,2017,46649,1995-07-25
320,UNC Greensboro,2017,46650,
320,UNC Greensboro,2017,46651,
320,UNC Greensboro,2017,46652,
320,UNC Greensboro,2017,46653,
320,UNC Greensboro,2017,46654,
320,UNC Greensboro,2017,51182,1994-07-01
320,UNC Greensboro,2017,51183,
320,UNC Greensboro,2017,51184,
320,UNC Greensboro,2017,51185,
93,Furman,2017,31689,
93,Furman,2017,32319,
93,Furman,2017,35384,
93,Furman,2017,36034,
93,Furman,2017,42107,
93,Furman,2017,42108,
93,Furman,2017,42109,
93,Furman,2017,46573,
93,Furman,2017,46574,
93,Furman,2017,46575,
93,Furman,2017,46576,
93,Furman,2017,46578,
93,Furman,2017,51801,
93,Furman,2017,51802,
256,Samford,2017,25778,
256,Samford,2017,32556,
256,Samford,2017,35185,
256,Samford,2017,42495,
256,Samford,2017,43717,
256,Samford,2017,43863,
256,Samford,2017,47287,
256,Samford,2017,47288,1995-02-22
256,Samford,2017,47289,
256,Samford,2017,47290,
256,Samford,2017,47291,
256,Samford,2017,47292,
256,Samford,2017,53634,1992-12-17
256,Samford,2017,53635,
164,Mercer,2017,31546,
164,Mercer,2017,35755,
164,Mercer,2017,36729,
164,Mercer,2017,42669,
164,Mercer,2017,42852,
164,Mercer,2017,42854,
164,Mercer,2017,47265,
164,Mercer,2017,47266,
164,Mercer,2017,47267,
164,Mercer,2017,47268,1995-12-07
164,Mercer,2017,47269,1994-11-12
164,Mercer,2017,47270,
164,Mercer,2017,47272,
164,Mercer,2017,51106,
164,Mercer,2017,51107,
164,Mercer,2017,51108,
162,McNeese,2017,21370,
162,McNeese,2017,32413,1997-10-16
162,McNeese,2017,41781,
162,McNeese,2017,42794,
162,McNeese,2017,43749,
162,McNeese,2017,43750,
162,McNeese,2017,43751,
162,McNeese,2017,43754,
162,McNeese,2017,47256,
162,McNeese,2017,47257,1996-03-22
162,McNeese,2017,47258,
162,McNeese,2017,47260,
162,McNeese,2017,51203,1995-09-06
162,McNeese,2017,51204,
255,Sam Houston,2017,40270,
255,Sam Houston,2017,42597,
255,Sam Houston,2017,42598,
255,Sam Houston,2017,42599,
255,Sam Houston,2017,42600,
255,Sam Houston,2017,48104,
255,Sam Houston,2017,48105,
255,Sam Houston,2017,48106,
255,Sam Houston,2017,53114,1993-05-11
255,Sam Houston,2017,53115,1993-10-06
255,Sam Houston,2017,53116,1994-03-14
255,Sam Houston,2017,53117,
255,Sam Houston,2017,53118,1994-11-05
255,Sam Houston,2017,53119,1993-07-18
255,Sam Houston,2017,53120,
255,Sam Houston,2017,53121,
211,Northwestern State,2017,28057,
211,Northwestern State,2017,35058,
211,Northwestern State,2017,42986,
211,Northwestern State,2017,43236,
211,Northwestern State,2017,43237,
211,Northwestern State,2017,47337,
211,Northwestern State,2017,47338,
211,Northwestern State,2017,47339,
211,Northwestern State,2017,47340,
211,Northwestern State,2017,47341,1993-04-12
211,Northwestern State,2017,50340,
211,Northwestern State,2017,52717,1994-07-21
211,Northwestern State,2017,52718,1994-09-06
211,Northwestern State,2017,52719,1996-04-10
211,Northwestern State,2017,52720,1995-03-24
211,Northwestern State,2017,52721,
195,Nicholls,2017,47185,
195,Nicholls,2017,47186,
195,Nicholls,2017,47187,1995-07-14
195,Nicholls,2017,47189,
195,Nicholls,2017,47191,
195,Nicholls,2017,47192,1994-06-22
195,Nicholls,2017,51877,
195,Nicholls,2017,51878,
195,Nicholls,2017,51879,
195,Nicholls,2017,51880,
195,Nicholls,2017,51881,
195,Nicholls,2017,51882,
195,Nicholls,2017,51883,1994-12-01
195,Nicholls,2017,51884,
195,Nicholls,2017,51885,
246,SE Louisiana,2017,31962,
246,SE Louisiana,2017,41921,
246,SE Louisiana,2017,41922,
246,SE Louisiana,2017,41923,1996-04-21
246,SE Louisiana,2017,41929,
246,SE Louisiana,2017,47394,
246,SE Louisiana,2017,47395,
246,SE Louisiana,2017,47396,
246,SE Louisiana,2017,47397,1995-08-22
246,SE Louisiana,2017,47398,
246,SE Louisiana,2017,52154,1992-11-11
246,SE Louisiana,2017,52155,
246,SE Louisiana,2017,52156,
246,SE Louisiana,2017,52157,
246,SE Louisiana,2017,52158,
246,SE Louisiana,2017,55782,
294,Texas A&M-Corpus Christi,2017,24938,
294,Texas A&M-Corpus Christi,2017,26501,
294,Texas A&M-Corpus Christi,2017,36589,
294,Texas A&M-Corpus Christi,2017,36952,
294,Texas A&M-Corpus Christi,2017,41890,1995-08-01
294,Texas A&M-Corpus Christi,2017,42504,
294,Texas A&M-Corpus Christi,2017,43701,1994-12-13
294,Texas A&M-Corpus Christi,2017,43703,
294,Texas A&M-Corpus Christi,2017,47380,
294,Texas A&M-Corpus Christi,2017,47381,
294,Texas A&M-Corpus Christi,2017,47383,
294,Texas A&M-Corpus Christi,2017,47384,
294,Texas A&M-Corpus Christi,2017,52143,1994-08-15
294,Texas A&M-Corpus Christi,2017,52144,1993-03-03
294,Texas A&M-Corpus Christi,2017,52145,1993-02-12
294,Texas A&M-Corpus Christi,2017,55863,
294,Texas A&M-Corpus Christi,2017,55865,
1,Abilene Christian,2017,25994,
1,Abilene Christian,2017,31417,
1,Abilene Christian,2017,36149,
1,Abilene Christian,2017,36150,
1,Abilene Christian,2017,36151,
1,Abilene Christian,2017,42097,1996-11-25
1,Abilene Christian,2017,42098,
1,Abilene Christian,2017,42099,
1,Abilene Christian,2017,42100,
1,Abilene Christian,2017,47386,
1,Abilene Christian,2017,47387,
1,Abilene Christian,2017,50277,
1,Abilene Christian,2017,50278,
1,Abilene Christian,2017,50279,
1,Abilene Christian,2017,52209,
193,New Orleans,2017,21194,
193,New Orleans,2017,35682,
193,New Orleans,2017,36530,
193,New Orleans,2017,42596,
193,New Orleans,2017,43213,
193,New Orleans,2017,46589,
193,New Orleans,2017,46590,
193,New Orleans,2017,46591,1995-02-19
193,New Orleans,2017,46593,
193,New Orleans,2017,52180,
193,New Orleans,2017,52181,
193,New Orleans,2017,52182,
193,New Orleans,2017,52183,
193,New Orleans,2017,52184,
193,New Orleans,2017,52185,
193,New Orleans,2017,52186,
193,New Orleans,2017,52187,1994-10-18
193,New Orleans,2017,55924,1990-10-12
120,Incarnate Word,2017,36257,
120,Incarnate Word,2017,41185,
120,Incarnate Word,2017,42658,
120,Incarnate Word,2017,44241,
120,Incarnate Word,2017,47208,
120,Incarnate Word,2017,47209,
120,Incarnate Word,2017,47210,
120,Incarnate Word,2017,47211,
120,Incarnate Word,2017,47212,
120,Incarnate Word,2017,47213,1995-08-19
120,Incarnate Word,2017,52492,1993-09-27
120,Incarnate Word,2017,52493,1993-12-06
120,Incarnate Word,2017,52494,
120,Incarnate Word,2017,52495,1995-05-15
112,Houston Christian,2017,35011,
112,Houston Christian,2017,39221,
112,Houston Christian,2017,43712,1995-03-23
112,Houston Christian,2017,43713,
112,Houston Christian,2017,43714,1995-01-26
112,Houston Christian,2017,46579,
112,Houston Christian,2017,46581,
112,Houston Christian,2017,46584,
112,Houston Christian,2017,52027,1994-01-06
112,Houston Christian,2017,52028,
112,Houston Christian,2017,52029,1994-12-25
112,Houston Christian,2017,52030,1995-01-24
112,Houston Christian,2017,52031,1994-11-02
112,Houston Christian,2017,52032,
112,Houston Christian,2017,52033,
112,Houston Christian,2017,52034,
112,Houston Christian,2017,55844,
112,Houston Christian,2017,55898,
112,Houston Christian,2017,55899,
112,Houston Christian,2017,55900,
112,Houston Christian,2017,55901,
112,Houston Christian,2017,55902,
112,Houston Christian,2017,55903,
112,Houston Christian,2017,55904,
112,Houston Christian,2017,55905,
112,Houston Christian,2017,55906,
43,Central Arkansas,2017,27248,
43,Central Arkansas,2017,32515,
43,Central Arkansas,2017,34905,
43,Central Arkansas,2017,34906,
43,Central Arkansas,2017,43034,
43,Central Arkansas,2017,43035,
43,Central Arkansas,2017,43036,
43,Central Arkansas,2017,46218,
43,Central Arkansas,2017,46219,
43,Central Arkansas,2017,46220,1996-01-06
43,Central Arkansas,2017,46221,
43,Central Arkansas,2017,46222,
43,Central Arkansas,2017,52485,
43,Central Arkansas,2017,52486,
43,Central Arkansas,2017,52487,
43,Central Arkansas,2017,55815,
349,Western Illinois,2017,35541,
349,Western Illinois,2017,35542,
349,Western Illinois,2017,35547,
349,Western Illinois,2017,43186,1996-12-09
349,Western Illinois,2017,43187,
349,Western Illinois,2017,43190,
349,Western Illinois,2017,48117,
349,Western Illinois,2017,48118,
349,Western Illinois,2017,48119,
349,Western Illinois,2017,48120,
349,Western Illinois,2017,48122,
349,Western Illinois,2017,52620,
349,Western Illinois,2017,52621,
349,Western Illinois,2017,52622,
349,Western Illinois,2017,52623,
270,South Dakota State,2017,35171,
270,South Dakota State,2017,35796,
270,South Dakota State,2017,36902,1996-07-25
270,South Dakota State,2017,42943,1995-10-30
270,South Dakota State,2017,42944,1995-11-15
270,South Dakota State,2017,42945,1995-07-02
270,South Dakota State,2017,47557,
270,South Dakota State,2017,47558,
270,South Dakota State,2017,47559,
270,South Dakota State,2017,47560,1994-04-28
270,South Dakota State,2017,52933,
270,South Dakota State,2017,52934,
270,South Dakota State,2017,52935,
270,South Dakota State,2017,52936,1994-08-08
202,North Dakota State,2017,35678,1997-01-01
202,North Dakota State,2017,35989,1997-07-26
202,North Dakota State,2017,35990,
202,North Dakota State,2017,35992,
202,North Dakota State,2017,36364,
202,North Dakota State,2017,47981,
202,North Dakota State,2017,47982,1994-08-02
202,North Dakota State,2017,47983,
202,North Dakota State,2017,47984,
202,North Dakota State,2017,52451,1994-03-11
202,North Dakota State,2017,52452,1995-06-10
202,North Dakota State,2017,52453,
202,North Dakota State,2017,52454,
202,North Dakota State,2017,52455,
202,North Dakota State,2017,52456,
115,IU Indianapolis,2017,33432,
115,IU Indianapolis,2017,43163,1995-10-23
115,IU Indianapolis,2017,43165,
115,IU Indianapolis,2017,43166,
115,IU Indianapolis,2017,47884,
115,IU Indianapolis,2017,47885,
115,IU Indianapolis,2017,47886,1993-01-24
115,IU Indianapolis,2017,47887,
115,IU Indianapolis,2017,47889,
115,IU Indianapolis,2017,47890,
115,IU Indianapolis,2017,52331,1994-01-05
115,IU Indianapolis,2017,52332,
115,IU Indianapolis,2017,52333,1991-07-26
115,IU Indianapolis,2017,52334,
115,IU Indianapolis,2017,52335,
115,IU Indianapolis,2017,52336,
115,IU Indianapolis,2017,52337,
237,Purdue Fort Wayne,2017,29502,
237,Purdue Fort Wayne,2017,31724,
237,Purdue Fort Wayne,2017,31963,
237,Purdue Fort Wayne,2017,36188,
237,Purdue Fort Wayne,2017,41902,
237,Purdue Fort Wayne,2017,41903,1996-03-22
237,Purdue Fort Wayne,2017,46539,1994-12-26
237,Purdue Fort Wayne,2017,46540,1994-07-27
237,Purdue Fort Wayne,2017,46541,
237,Purdue Fort Wayne,2017,52507,1993-10-11
237,Purdue Fort Wayne,2017,52508,1995-01-27
237,Purdue Fort Wayne,2017,52509,1994-12-21
237,Purdue Fort Wayne,2017,52510,1994-05-05
237,Purdue Fort Wayne,2017,52511,
237,Purdue Fort Wayne,2017,52512,1994-05-08
269,South Dakota,2017,37627,1997-06-11
269,South Dakota,2017,37628,
269,South Dakota,2017,37629,
269,South Dakota,2017,37632,
269,South Dakota,2017,42664,1995-02-07
269,South Dakota,2017,43672,
269,South Dakota,2017,43674,
269,South Dakota,2017,43676,
269,South Dakota,2017,43677,
269,South Dakota,2017,48098,1994-11-23
269,South Dakota,2017,48100,
269,South Dakota,2017,48102,
269,South Dakota,2017,48103,
269,South Dakota,2017,48227,
269,South Dakota,2017,52787,
221,Omaha,2017,35925,
221,Omaha,2017,35927,
221,Omaha,2017,36543,
221,Omaha,2017,41840,1995-12-05
221,Omaha,2017,43086,
221,Omaha,2017,43087,
221,Omaha,2017,47160,1995-05-24
221,Omaha,2017,47161,
221,Omaha,2017,47163,1994-11-04
221,Omaha,2017,47165,
221,Omaha,2017,53223,1995-08-22
221,Omaha,2017,53224,1994-05-16
221,Omaha,2017,53225,1992-11-22
221,Omaha,2017,53226,
68,Denver,2017,36206,
68,Denver,2017,36271,1998-01-29
68,Denver,2017,43269,
68,Denver,2017,43270,
68,Denver,2017,43272,
68,Denver,2017,48446,1995-09-13
68,Denver,2017,48447,
68,Denver,2017,48448,
68,Denver,2017,48449,
68,Denver,2017,48450,
68,Denver,2017,48451,
68,Denver,2017,48453,
68,Denver,2017,53367,
68,Denver,2017,53368,1994-11-02
68,Denver,2017,53369,
68,Denver,2017,53370,1995-01-10
265,South Alabama,2017,25769,
265,South Alabama,2017,36973,
265,South Alabama,2017,36974,1997-08-19
265,South Alabama,2017,36978,
265,South Alabama,2017,36979,
265,South Alabama,2017,47370,
265,South Alabama,2017,47468,1994-12-25
265,South Alabama,2017,47469,
265,South Alabama,2017,47470,
265,South Alabama,2017,47471,
265,South Alabama,2017,52885,1994-03-12
265,South Alabama,2017,52886,1995-01-08
265,South Alabama,2017,52887,1993-05-09
265,South Alabama,2017,52888,1993-01-08
265,South Alabama,2017,52889,
265,South Alabama,2017,55907,
148,Louisiana,2017,33059,
148,Louisiana,2017,35828,
148,Louisiana,2017,35829,
148,Louisiana,2017,36860,
148,Louisiana,2017,37936,
148,Louisiana,2017,43098,1996-05-06
148,Louisiana,2017,43099,
148,Louisiana,2017,43100,
148,Louisiana,2017,43101,
148,Louisiana,2017,47311,
148,Louisiana,2017,47312,
148,Louisiana,2017,47313,1994-02-25
148,Louisiana,2017,47314,
148,Louisiana,2017,47316,
148,Louisiana,2017,47317,
148,Louisiana,2017,52481,
148,Louisiana,2017,55277,1994-01-06
148,Louisiana,2017,43210,
13,Arkansas State,2017,27368,
13,Arkansas State,2017,27603,
13,Arkansas State,2017,31674,
13,Arkansas State,2017,37073,
13,Arkansas State,2017,37696,
13,Arkansas State,2017,42619,
13,Arkansas State,2017,47152,
13,Arkansas State,2017,47153,
13,Arkansas State,2017,47154,
13,Arkansas State,2017,47155,
13,Arkansas State,2017,47156,
13,Arkansas State,2017,52448,
13,Arkansas State,2017,52449,1993-12-08
13,Arkansas State,2017,52450,
144,Little Rock,2017,25768,
144,Little Rock,2017,27055,
144,Little Rock,2017,35868,
144,Little Rock,2017,37023,
144,Little Rock,2017,47973,
144,Little Rock,2017,47975,
144,Little Rock,2017,47979,
144,Little Rock,2017,53161,
144,Little Rock,2017,53162,1994-12-09
144,Little Rock,2017,53163,
144,Little Rock,2017,53164,
144,Little Rock,2017,53165,1993-03-12
144,Little Rock,2017,53166,
144,Little Rock,2017,53167,
144,Little Rock,2017,53168,1994-01-31
144,Little Rock,2017,53169,1993-11-27
302,Troy,2017,27232,
302,Troy,2017,42710,
302,Troy,2017,42711,1997-05-12
302,Troy,2017,42712,
302,Troy,2017,47567,
302,Troy,2017,47568,
302,Troy,2017,47569,
302,Troy,2017,47570,
302,Troy,2017,47571,
302,Troy,2017,47572,1992-06-30
302,Troy,2017,52443,1994-04-08
302,Troy,2017,52444,
302,Troy,2017,52445,
302,Troy,2017,52446,
302,Troy,2017,52447,
316,UL Monroe,2017,37720,
316,UL Monroe,2017,42862,
316,UL Monroe,2017,42868,
316,UL Monroe,2017,44722,
316,UL Monroe,2017,47478,
316,UL Monroe,2017,47479,
316,UL Monroe,2017,47481,
316,UL Monroe,2017,47482,1994-07-28
316,UL Monroe,2017,47483,
316,UL Monroe,2017,51423,
316,UL Monroe,2017,51424,1994-06-28
316,UL Monroe,2017,51425,
316,UL Monroe,2017,51426,
297,Texas State,2017,26932,
297,Texas State,2017,31970,
297,Texas State,2017,33901,
297,Texas State,2017,36263,
297,Texas State,2017,36265,
297,Texas State,2017,41515,
297,Texas State,2017,44546,
297,Texas State,2017,48354,
297,Texas State,2017,48355,
297,Texas State,2017,48357,
297,Texas State,2017,52881,
297,Texas State,2017,52882,
297,Texas State,2017,52883,
297,Texas State,2017,52884,
99,Georgia Southern,2017,26702,
99,Georgia Southern,2017,34946,
99,Georgia Southern,2017,36725,
99,Georgia Southern,2017,42648,
99,Georgia Southern,2017,43506,
99,Georgia Southern,2017,43507,
99,Georgia Southern,2017,46868,
99,Georgia Southern,2017,46869,
99,Georgia Southern,2017,46870,
99,Georgia Southern,2017,46871,
99,Georgia Southern,2017,46872,1995-06-17
99,Georgia Southern,2017,46923,
99,Georgia Southern,2017,51911,
99,Georgia Southern,2017,51912,
99,Georgia Southern,2017,51913,
99,Georgia Southern,2017,51914,
99,Georgia Southern,2017,55418,
9,App State,2017,25933,
9,App State,2017,28991,
9,App State,2017,35551,
9,App State,2017,42158,
9,App State,2017,42159,1996-02-22
9,App State,2017,42161,
9,App State,2017,42162,
9,App State,2017,42164,
9,App State,2017,42165,
9,App State,2017,42166,
9,App State,2017,43704,
9,App State,2017,47956,
9,App State,2017,47957,
9,App State,2017,47958,
9,App State,2017,53309,
9,App State,2017,53310,
324,UT Arlington,2017,25220,
324,UT Arlington,2017,42897,
324,UT Arlington,2017,42898,
324,UT Arlington,2017,42899,
324,UT Arlington,2017,48124,1996-07-09
324,UT Arlington,2017,48126,
324,UT Arlington,2017,48127,
324,UT Arlington,2017,48128,1994-09-09
324,UT Arlington,2017,48129,
324,UT Arlington,2017,48131,
324,UT Arlington,2017,48134,
324,UT Arlington,2017,53336,
324,UT Arlington,2017,53337,
324,UT Arlington,2017,53338,
324,UT Arlington,2017,53339,1993-03-10
324,UT Arlington,2017,54640,
324,UT Arlington,2017,54641,
324,UT Arlington,2017,54642,1989-10-03
54,Coastal Carolina,2017,35398,
54,Coastal Carolina,2017,36941,
54,Coastal Carolina,2017,37834,
54,Coastal Carolina,2017,40211,
54,Coastal Carolina,2017,46842,
54,Coastal Carolina,2017,46843,
54,Coastal Carolina,2017,46907,
54,Coastal Carolina,2017,52728,
54,Coastal Carolina,2017,52729,1994-01-11
54,Coastal Carolina,2017,52730,1994-05-19
54,Coastal Carolina,2017,52731,1994-05-02
54,Coastal Carolina,2017,55781,1994-05-28
54,Coastal Carolina,2017,42562,
54,Coastal Carolina,2017,46841,
192,New Mexico State,2017,27459,
192,New Mexico State,2017,36097,
192,New Mexico State,2017,42510,
192,New Mexico State,2017,43309,
192,New Mexico State,2017,43347,
192,New Mexico State,2017,47143,1995-02-23
192,New Mexico State,2017,47416,1995-04-09
192,New Mexico State,2017,47417,
192,New Mexico State,2017,47419,
192,New Mexico State,2017,47421,
192,New Mexico State,2017,52761,
192,New Mexico State,2017,52762,
192,New Mexico State,2017,52763,1993-02-09
192,New Mexico State,2017,52764,
192,New Mexico State,2017,52765,
192,New Mexico State,2017,52766,
192,New Mexico State,2017,55922,
332,Utah Valley,2017,36242,
332,Utah Valley,2017,39596,
332,Utah Valley,2017,43286,
332,Utah Valley,2017,43289,
332,Utah Valley,2017,47804,1994-11-16
332,Utah Valley,2017,47805,1995-05-26
332,Utah Valley,2017,47806,
332,Utah Valley,2017,47809,
332,Utah Valley,2017,47810,
332,Utah Valley,2017,49056,
332,Utah Valley,2017,49057,
332,Utah Valley,2017,49058,
332,Utah Valley,2017,49059,
332,Utah Valley,2017,55920,
332,Utah Valley,2017,36347,
326,UT Rio Grande Valley,2017,31392,
326,UT Rio Grande Valley,2017,34992,
326,UT Rio Grande Valley,2017,35781,
326,UT Rio Grande Valley,2017,35790,
326,UT Rio Grande Valley,2017,47195,
326,UT Rio Grande Valley,2017,47196,
326,UT Rio Grande Valley,2017,47197,
326,UT Rio Grande Valley,2017,47198,
326,UT Rio Grande Valley,2017,47199,1994-12-07
326,UT Rio Grande Valley,2017,47200,
326,UT Rio Grande Valley,2017,47201,
326,UT Rio Grande Valley,2017,49848,
326,UT Rio Grande Valley,2017,53450,
326,UT Rio Grande Valley,2017,53451,
326,UT Rio Grande Valley,2017,53452,
326,UT Rio Grande Valley,2017,53453,
326,UT Rio Grande Valley,2017,53454,
36,Cal State Bakersfield,2017,25798,1998-06-29
36,Cal State Bakersfield,2017,28011,
36,Cal State Bakersfield,2017,43458,
36,Cal State Bakersfield,2017,43460,
36,Cal State Bakersfield,2017,43462,
36,Cal State Bakersfield,2017,44245,1996-06-03
36,Cal State Bakersfield,2017,45510,
36,Cal State Bakersfield,2017,47647,
36,Cal State Bakersfield,2017,47648,1995-06-20
36,Cal State Bakersfield,2017,47649,
36,Cal State Bakersfield,2017,53381,
36,Cal State Bakersfield,2017,53382,1993-03-13
36,Cal State Bakersfield,2017,53383,
36,Cal State Bakersfield,2017,53384,
36,Cal State Bakersfield,2017,55925,
130,Kansas City,2017,27667,
130,Kansas City,2017,32612,1996-10-24
130,Kansas City,2017,36237,
130,Kansas City,2017,43291,
130,Kansas City,2017,46046,
130,Kansas City,2017,46048,1995-05-03
130,Kansas City,2017,51267,
130,Kansas City,2017,51268,
130,Kansas City,2017,51269,
130,Kansas City,2017,51270,
130,Kansas City,2017,51271,
130,Kansas City,2017,51272,
130,Kansas City,2017,51273,
130,Kansas City,2017,51274,1993-09-13
130,Kansas City,2017,51275,
130,Kansas City,2017,51276,
50,Chicago State,2017,34862,
50,Chicago State,2017,42015,
50,Chicago State,2017,46484,
50,Chicago State,2017,47542,
50,Chicago State,2017,47543,1997-02-14
50,Chicago State,2017,47546,
50,Chicago State,2017,47549,
50,Chicago State,2017,47550,
50,Chicago State,2017,53201,1994-11-13
50,Chicago State,2017,53202,
50,Chicago State,2017,53203,
50,Chicago State,2017,53204,
50,Chicago State,2017,53205,1992-09-26
50,Chicago State,2017,53206,
50,Chicago State,2017,53207,
50,Chicago State,2017,55921,
259,San Francisco,2017,31731,
259,San Francisco,2017,36444,
259,San Francisco,2017,36445,
259,San Francisco,2017,36446,
259,San Francisco,2017,37869,
259,San Francisco,2017,41994,
259,San Francisco,2017,43412,1996-12-11
259,San Francisco,2017,43413,1995-12-20
259,San Francisco,2017,43415,
259,San Francisco,2017,47740,
259,San Francisco,2017,47742,
259,San Francisco,2017,47743,
259,San Francisco,2017,52979,
259,San Francisco,2017,52980,1996-09-23
259,San Francisco,2017,52981,
259,San Francisco,2017,55819,
261,Santa Clara,2017,36572,1997-10-28
261,Santa Clara,2017,36651,
261,Santa Clara,2017,36956,
261,Santa Clara,2017,44246,
261,Santa Clara,2017,44247,
261,Santa Clara,2017,47705,
261,Santa Clara,2017,47706,
261,Santa Clara,2017,47707,
261,Santa Clara,2017,47710,
261,Santa Clara,2017,47711,
261,Santa Clara,2017,52907,
261,Santa Clara,2017,52908,1994-11-13
261,Santa Clara,2017,52909,
261,Santa Clara,2017,52910,
261,Santa Clara,2017,52911,
261,Santa Clara,2017,52912,
253,Saint Mary's,2017,27709,
253,Saint Mary's,2017,27749,1998-01-05
253,Saint Mary's,2017,31763,
253,Saint Mary's,2017,34935,1998-05-26
253,Saint Mary's,2017,34936,
253,Saint Mary's,2017,34939,
253,Saint Mary's,2017,35890,
253,Saint Mary's,2017,42019,
253,Saint Mary's,2017,43755,
253,Saint Mary's,2017,43756,
253,Saint Mary's,2017,47828,1994-09-29
253,Saint Mary's,2017,47829,1995-10-25
253,Saint Mary's,2017,47830,1994-07-03
253,Saint Mary's,2017,51232,1993-10-01
253,Saint Mary's,2017,51233,1994-08-02
253,Saint Mary's,2017,55915,
102,Gonzaga,2017,37686,1998-03-05
102,Gonzaga,2017,41807,1998-02-08
102,Gonzaga,2017,41809,1997-12-09
102,Gonzaga,2017,41810,1995-08-25
102,Gonzaga,2017,41811,
102,Gonzaga,2017,41812,
102,Gonzaga,2017,43992,
102,Gonzaga,2017,46108,1995-05-22
102,Gonzaga,2017,46109,
102,Gonzaga,2017,46110,
102,Gonzaga,2017,48197,
102,Gonzaga,2017,51197,1993-11-08
102,Gonzaga,2017,51198,1994-09-16
102,Gonzaga,2017,51200,1997-11-19
102,Gonzaga,2017,51201,
102,Gonzaga,2017,51202,
102,Gonzaga,2017,51199,1994-06-22
228,Pepperdine,2017,26950,
228,Pepperdine,2017,36000,
228,Pepperdine,2017,36585,1997-11-02
228,Pepperdine,2017,36868,
228,Pepperdine,2017,43771,
228,Pepperdine,2017,43774,
228,Pepperdine,2017,47400,
228,Pepperdine,2017,47402,
228,Pepperdine,2017,47403,
228,Pepperdine,2017,47404,
228,Pepperdine,2017,52926,1994-02-04
228,Pepperdine,2017,52927,
228,Pepperdine,2017,52928,1994-11-11
228,Pepperdine,2017,52929,
228,Pepperdine,2017,52930,
228,Pepperdine,2017,52931,
228,Pepperdine,2017,52932,
153,Loyola Marymount,2017,32063,
153,Loyola Marymount,2017,36521,
153,Loyola Marymount,2017,42755,
153,Loyola Marymount,2017,42756,1994-04-13
153,Loyola Marymount,2017,42757,
153,Loyola Marymount,2017,48123,
153,Loyola Marymount,2017,52913,
153,Loyola Marymount,2017,52914,1993-11-03
153,Loyola Marymount,2017,52915,
153,Loyola Marymount,2017,52916,
153,Loyola Marymount,2017,52917,
153,Loyola Marymount,2017,52918,
153,Loyola Marymount,2017,52919,
258,San Diego,2017,26442,
258,San Diego,2017,32163,
258,San Diego,2017,32458,
258,San Diego,2017,36582,
258,San Diego,2017,43390,1995-02-02
258,San Diego,2017,43391,1996-11-12
258,San Diego,2017,43392,
258,San Diego,2017,43393,1996-03-11
258,San Diego,2017,43394,
258,San Diego,2017,43401,
258,San Diego,2017,43402,
258,San Diego,2017,48443,
258,San Diego,2017,48444,
258,San Diego,2017,52967,
258,San Diego,2017,52968,
258,San Diego,2017,52969,
230,Portland,2017,29450,
230,Portland,2017,36244,
230,Portland,2017,36346,
230,Portland,2017,36477,
230,Portland,2017,36626,
230,Portland,2017,43425,
230,Portland,2017,43428,
230,Portland,2017,48204,
230,Portland,2017,48205,
230,Portland,2017,48206,
230,Portland,2017,52895,
230,Portland,2017,52896,
230,Portland,2017,52897,1995-04-26
230,Portland,2017,52898,1994-10-15
230,Portland,2017,52899,
18,BYU,2017,47676,
18,BYU,2017,27544,
18,BYU,2017,36290,
18,BYU,2017,36291,1995-08-03
18,BYU,2017,36293,
18,BYU,2017,36294,
18,BYU,2017,36296,1998-01-13
18,BYU,2017,36372,
18,BYU,2017,36672,
18,BYU,2017,41837,1994-10-07
18,BYU,2017,41839,
18,BYU,2017,45794,
18,BYU,2017,48178,1995-04-19
18,BYU,2017,48179,
18,BYU,2017,48180,
18,BYU,2017,53629,1995-01-05
18,BYU,2017,53630,1992-01-13
18,BYU,2017,53631,1993-12-11
18,BYU,2017,53632,
18,BYU,2017,53633,
18,BYU,2017,54091,
18,BYU,2017,54092,
18,BYU,2017,54093,
18,BYU,2017,54094,
262,Seattle U,2017,34937,
262,Seattle U,2017,36197,
262,Seattle U,2017,36368,
262,Seattle U,2017,36428,
262,Seattle U,2017,36429,
262,Seattle U,2017,43365,
262,Seattle U,2017,45490,
262,Seattle U,2017,47094,
262,Seattle U,2017,47097,
262,Seattle U,2017,52961,
262,Seattle U,2017,52962,
262,Seattle U,2017,52963,
262,Seattle U,2017,52964,
262,Seattle U,2017,52965,1994-10-08
262,Seattle U,2017,52966,
262,Seattle U,2017,55919,
282,Stephen F. Austin,2017,34875,
282,Stephen F. Austin,2017,36935,
282,Stephen F. Austin,2017,36937,1997-06-24
282,Stephen F. Austin,2017,42604,
282,Stephen F. Austin,2017,42606,
282,Stephen F. Austin,2017,42610,
282,Stephen F. Austin,2017,47943,
282,Stephen F. Austin,2017,47945,1995-09-03
282,Stephen F. Austin,2017,47947,
282,Stephen F. Austin,2017,50831,
282,Stephen F. Austin,2017,50832,
282,Stephen F. Austin,2017,50833,
282,Stephen F. Austin,2017,50834,
282,Stephen F. Austin,2017,50835,1994-09-12
313,UCLA,2017,37120,
313,UCLA,2017,37121,
313,UCLA,2017,37122,
313,UCLA,2017,37123,
313,UCLA,2017,46134,
313,UCLA,2017,46135,1996-02-03
313,UCLA,2017,46136,1996-09-30
313,UCLA,2017,46137,
313,UCLA,2017,46139,
313,UCLA,2017,51220,1997-04-30
313,UCLA,2017,51221,1997-10-27
313,UCLA,2017,51222,1994-05-14
313,UCLA,2017,51223,1995-01-18
313,UCLA,2017,51224,
313,UCLA,2017,51225,1998-10-16
343,Washington,2017,37637,
343,Washington,2017,28030,
343,Washington,2017,36201,
343,Washington,2017,37639,
343,Washington,2017,47399,1994-03-07
343,Washington,2017,47692,
343,Washington,2017,47693,
343,Washington,2017,53508,
343,Washington,2017,53509,1998-05-29
343,Washington,2017,55866,
343,Washington,2017,43446,
343,Washington,2017,43445,1997-03-04
343,Washington,2017,43443,
343,Washington,2017,47691,
343,Washington,2017,43447,
223,Oregon,2017,34903,1998-01-28
223,Oregon,2017,36587,
223,Oregon,2017,41888,1995-10-24
223,Oregon,2017,41932,1995-10-07
223,Oregon,2017,43773,
223,Oregon,2017,47457,
223,Oregon,2017,47763,1996-08-11
223,Oregon,2017,47766,
223,Oregon,2017,52999,1993-01-11
223,Oregon,2017,53000,1995-01-07
223,Oregon,2017,53001,1996-02-14
223,Oregon,2017,53002,1991-12-26
223,Oregon,2017,53003,1996-01-22
223,Oregon,2017,53004,
223,Oregon,2017,55325,
40,California,2017,26759,1998-02-03
40,California,2017,36975,
40,California,2017,44258,
40,California,2017,47616,1995-02-22
40,California,2017,47783,1994-09-14
40,California,2017,47784,
40,California,2017,47785,
40,California,2017,47786,1995-04-22
40,California,2017,47787,
40,California,2017,47788,
40,California,2017,52937,1994-07-03
40,California,2017,52938,1995-05-09
40,California,2017,52939,
40,California,2017,52940,
40,California,2017,52941,1995-02-14
40,California,2017,52942,1997-02-04
40,California,2017,52943,
40,California,2017,54328,1996-10-24
40,California,2017,54329,
40,California,2017,54330,1994-06-10
323,USC,2017,46070,1995-04-17
323,USC,2017,43454,1995-07-21
323,USC,2017,27345,1997-03-18
323,USC,2017,36661,1997-12-31
323,USC,2017,36663,1998-02-10
323,USC,2017,36724,1997-05-30
323,USC,2017,43456,1996-07-13
323,USC,2017,43457,1997-06-17
323,USC,2017,46067,1997-03-22
323,USC,2017,46068,1995-11-14
323,USC,2017,46069,1996-04-09
323,USC,2017,46071,1998-05-28
323,USC,2017,53011,1993-04-03
323,USC,2017,53012,1995-04-18
224,Oregon State,2017,32572,1998-01-29
224,Oregon State,2017,33149,1998-03-21
224,Oregon State,2017,34324,1995-03-08
224,Oregon State,2017,36671,1996-06-03
224,Oregon State,2017,37111,1997-09-13
224,Oregon State,2017,43248,1995-04-07
224,Oregon State,2017,43249,1997-03-23
224,Oregon State,2017,47681,1997-02-01
224,Oregon State,2017,47683,1995-08-04
224,Oregon State,2017,47684,1993-12-10
224,Oregon State,2017,47685,1996-04-04
224,Oregon State,2017,52650,1994-09-13
224,Oregon State,2017,52651,1994-11-29
224,Oregon State,2017,52652,1997-12-27
281,Stanford,2017,32066,
281,Stanford,2017,35593,
281,Stanford,2017,37117,
281,Stanford,2017,43384,
281,Stanford,2017,43405,1996-09-28
281,Stanford,2017,43406,
281,Stanford,2017,43436,1995-11-25
281,Stanford,2017,45982,1994-09-14
281,Stanford,2017,46610,
281,Stanford,2017,46611,1996-04-11
281,Stanford,2017,46612,
281,Stanford,2017,46613,
281,Stanford,2017,52986,1994-09-14
281,Stanford,2017,52987,
281,Stanford,2017,52988,1993-10-07
281,Stanford,2017,52989,
281,Stanford,2017,52990,
344,Washington State,2017,31762,
344,Washington State,2017,32767,
344,Washington State,2017,36537,
344,Washington State,2017,36571,1998-05-09
344,Washington State,2017,37339,
344,Washington State,2017,42269,
344,Washington State,2017,44461,1996-12-18
344,Washington State,2017,44462,
344,Washington State,2017,48367,
344,Washington State,2017,48368,
344,Washington State,2017,51873,
344,Washington State,2017,51874,
344,Washington State,2017,51875,1995-03-14
344,Washington State,2017,51876,
11,Arizona,2017,36706,
11,Arizona,2017,36708,
11,Arizona,2017,36710,
11,Arizona,2017,46017,1995-11-27
11,Arizona,2017,46018,1996-01-17
11,Arizona,2017,46019,
11,Arizona,2017,46020,
11,Arizona,2017,46021,
11,Arizona,2017,46022,1995-05-28
11,Arizona,2017,46023,1997-10-29
11,Arizona,2017,46608,
11,Arizona,2017,51944,1997-05-22
11,Arizona,2017,51945,1993-01-15
11,Arizona,2017,51946,1996-04-14
11,Arizona,2017,51947,1997-07-04
11,Arizona,2017,51948,
10,Arizona State,2017,37835,1997-03-24
10,Arizona State,2017,26583,
10,Arizona State,2017,29562,
10,Arizona State,2017,33353,1998-05-09
10,Arizona State,2017,35196,
10,Arizona State,2017,36562,
10,Arizona State,2017,37675,
10,Arizona State,2017,37676,
10,Arizona State,2017,47190,
10,Arizona State,2017,47671,
10,Arizona State,2017,47672,1995-09-27
10,Arizona State,2017,47673,1994-07-19
10,Arizona State,2017,47674,
10,Arizona State,2017,52635,
10,Arizona State,2017,52636,1993-03-26
10,Arizona State,2017,55416,
10,Arizona State,2017,55417,
56,Colorado,2017,27910,
56,Colorado,2017,29181,
56,Colorado,2017,37678,
56,Colorado,2017,43276,1995-03-20
56,Colorado,2017,44683,
56,Colorado,2017,44684,
56,Colorado,2017,47222,
56,Colorado,2017,47223,1994-01-15
56,Colorado,2017,47225,1995-02-17
56,Colorado,2017,52658,1994-07-14
56,Colorado,2017,52659,1993-06-08
56,Colorado,2017,52660,1994-07-02
56,Colorado,2017,52661,1994-09-01
56,Colorado,2017,52662,
56,Colorado,2017,52663,
56,Colorado,2017,52664,
331,Utah,2017,32056,1998-07-18
331,Utah,2017,34897,
331,Utah,2017,36024,1997-08-01
331,Utah,2017,36245,
331,Utah,2017,36623,
331,Utah,2017,43307,
331,Utah,2017,43962,1996-11-18
331,Utah,2017,43963,
331,Utah,2017,43964,
331,Utah,2017,47659,
331,Utah,2017,47660,
331,Utah,2017,47661,
331,Utah,2017,47663,
331,Utah,2017,53273,1995-07-24
331,Utah,2017,53274,
331,Utah,2017,53275,
104,Grand Canyon,2017,32142,
104,Grand Canyon,2017,37372,
104,Grand Canyon,2017,42830,
104,Grand Canyon,2017,42938,
104,Grand Canyon,2017,42939,
104,Grand Canyon,2017,47456,1994-10-24
104,Grand Canyon,2017,47458,
104,Grand Canyon,2017,47459,
104,Grand Canyon,2017,47461,
104,Grand Canyon,2017,47462,
104,Grand Canyon,2017,47463,
104,Grand Canyon,2017,47464,
104,Grand Canyon,2017,47465,
104,Grand Canyon,2017,53237,
104,Grand Canyon,2017,53238,
104,Grand Canyon,2017,53239,1994-10-01
104,Grand Canyon,2017,53240,1994-02-10
104,Grand Canyon,2017,55805,
104,Grand Canyon,2017,55816,
176,Missouri State,2017,42835,
176,Missouri State,2017,42837,
176,Missouri State,2017,42839,
176,Missouri State,2017,35874,
176,Missouri State,2017,47139,1996-04-22
176,Missouri State,2017,47140,
176,Missouri State,2017,47141,
176,Missouri State,2017,47146,
176,Missouri State,2017,47180,1994-03-15
176,Missouri State,2017,52526,
176,Missouri State,2017,52527,
176,Missouri State,2017,52528,
176,Missouri State,2017,52529,
176,Missouri State,2017,52530,
176,Missouri State,2017,52531,1994-12-15
161,Massachusetts,2017,25780,1998-01-24
161,Massachusetts,2017,31385,1998-01-23
161,Massachusetts,2017,32240,
161,Massachusetts,2017,33134,
161,Massachusetts,2017,35469,
161,Massachusetts,2017,35506,
161,Massachusetts,2017,42348,
161,Massachusetts,2017,43747,
161,Massachusetts,2017,44149,
161,Massachusetts,2017,46103,
161,Massachusetts,2017,46450,
161,Massachusetts,2017,46469,1994-10-27
161,Massachusetts,2017,47226,1994-12-22
161,Massachusetts,2017,47682,1994-10-18
161,Massachusetts,2017,51431,
161,Massachusetts,2017,55911,1993-10-22
161,Massachusetts,2017,55912,1992-03-11
161,Massachusetts,2017,55913,1993-05-26
139,Lamar,2017,35007,
139,Lamar,2017,42776,1997-05-13
139,Lamar,2017,42783,
139,Lamar,2017,43874,
139,Lamar,2017,43880,
139,Lamar,2017,46229,
139,Lamar,2017,46230,
139,Lamar,2017,46231,
139,Lamar,2017,46232,
139,Lamar,2017,46235,
139,Lamar,2017,52196,1995-08-18
139,Lamar,2017,52197,
139,Lamar,2017,52198,1994-07-28
139,Lamar,2017,52199,
222,Oral Roberts,2017,35576,
222,Oral Roberts,2017,36234,
222,Oral Roberts,2017,36277,
222,Oral Roberts,2017,37021,1997-09-05
222,Oral Roberts,2017,42833,
222,Oral Roberts,2017,42866,
222,Oral Roberts,2017,43884,
222,Oral Roberts,2017,47179,
222,Oral Roberts,2017,47182,
222,Oral Roberts,2017,51835,1994-06-30
222,Oral Roberts,2017,51836,1993-08-31
222,Oral Roberts,2017,51837,1993-11-04
222,Oral Roberts,2017,51838,
222,Oral Roberts,2017,51839,
222,Oral Roberts,2017,51840,
334,VMI,2017,32390,
334,VMI,2017,35481,
334,VMI,2017,35482,
334,VMI,2017,35483,
334,VMI,2017,36406,
334,VMI,2017,43196,
334,VMI,2017,46727,
334,VMI,2017,46728,
334,VMI,2017,51775,
334,VMI,2017,51776,
334,VMI,2017,51777,
334,VMI,2017,51778,1994-10-12
334,VMI,2017,51779,
334,VMI,2017,51780,
334,VMI,2017,51781,
334,VMI,2017,51782,
75,East Tennessee State,2017,37724,
75,East Tennessee State,2017,41333,
75,East Tennessee State,2017,46551,
75,East Tennessee State,2017,46552,1992-12-16
75,East Tennessee State,2017,46553,
75,East Tennessee State,2017,46554,
75,East Tennessee State,2017,46555,
75,East Tennessee State,2017,46557,
75,East Tennessee State,2017,46559,
75,East Tennessee State,2017,46560,
75,East Tennessee State,2017,51770,
75,East Tennessee State,2017,51772,
75,East Tennessee State,2017,51773,1995-08-26
75,East Tennessee State,2017,51774,1994-11-24
75,East Tennessee State,2017,55696,
75,East Tennessee State,2017,51771,1993-01-29
117,Idaho,2017,32864,
117,Idaho,2017,36561,
117,Idaho,2017,36607,
117,Idaho,2017,43337,
117,Idaho,2017,43378,
117,Idaho,2017,47621,1995-12-08
117,Idaho,2017,47622,
117,Idaho,2017,47623,
117,Idaho,2017,47624,1995-04-08
117,Idaho,2017,47625,
117,Idaho,2017,47626,1994-08-02
117,Idaho,2017,53385,
117,Idaho,2017,53386,
117,Idaho,2017,53387,
117,Idaho,2017,53388,1993-02-28
117,Idaho,2017,55914,
100,Georgia State,2017,34168,
100,Georgia State,2017,42246,1997-03-20
100,Georgia State,2017,42247,
100,Georgia State,2017,42248,
100,Georgia State,2017,42249,
100,Georgia State,2017,42252,
100,Georgia State,2017,46431,
100,Georgia State,2017,46433,
100,Georgia State,2017,46434,1995-06-23
100,Georgia State,2017,51862,
100,Georgia State,2017,51863,1994-02-25
100,Georgia State,2017,51864,
100,Georgia State,2017,51865,
100,Georgia State,2017,51866,1995-02-18
100,Georgia State,2017,51867,1994-01-16
225,Pacific,2017,39597,
225,Pacific,2017,41325,
225,Pacific,2017,42748,
225,Pacific,2017,43010,
225,Pacific,2017,44179,
225,Pacific,2017,47016,
225,Pacific,2017,48471,
225,Pacific,2017,51209,
225,Pacific,2017,51210,
225,Pacific,2017,51211,
225,Pacific,2017,51212,
225,Pacific,2017,51213,
225,Pacific,2017,51214,
225,Pacific,2017,51215,
225,Pacific,2017,51216,
225,Pacific,2017,51217,
225,Pacific,2017,51218,
225,Pacific,2017,51219,
301,Towson,2017,31383,1998-08-06
301,Towson,2017,32311,
301,Towson,2017,35453,
301,Towson,2017,42526,
301,Towson,2017,42528,
301,Towson,2017,46409,
301,Towson,2017,46410,
301,Towson,2017,46411,
301,Towson,2017,46413,1994-02-26
301,Towson,2017,46415,1994-06-23
301,Towson,2017,53241,1993-06-24
301,Towson,2017,53242,1994-10-10
301,Towson,2017,55822,1994-02-09
301,Towson,2017,55823,1994-05-30
301,Towson,2017,31560,
208,Northern Illinois,2017,25872,
208,Northern Illinois,2017,35684,
208,Northern Illinois,2017,37742,1996-07-12
208,Northern Illinois,2017,37744,1997-12-02
208,Northern Illinois,2017,37745,
208,Northern Illinois,2017,42418,
208,Northern Illinois,2017,42902,
208,Northern Illinois,2017,47800,
208,Northern Illinois,2017,47802,
208,Northern Illinois,2017,47818,
208,Northern Illinois,2017,52350,
208,Northern Illinois,2017,52351,
208,Northern Illinois,2017,52352,
208,Northern Illinois,2017,52353,
208,Northern Illinois,2017,52354,
208,Northern Illinois,2017,52355,
73,Duquesne,2017,27112,
73,Duquesne,2017,31645,1998-05-29
73,Duquesne,2017,35049,
73,Duquesne,2017,35455,
73,Duquesne,2017,35954,1997-08-11
73,Duquesne,2017,43858,1995-12-06
73,Duquesne,2017,44309,
73,Duquesne,2017,44310,
73,Duquesne,2017,48002,
73,Duquesne,2017,48003,1995-04-12
73,Duquesne,2017,48004,1994-01-07
73,Duquesne,2017,51652,1994-10-12
73,Duquesne,2017,51653,
73,Duquesne,2017,51654,1993-05-30
73,Duquesne,2017,51655,
73,Duquesne,2017,51656,
73,Duquesne,2017,54953,
311,UC Santa Barbara,2017,32224,1997-07-28
311,UC Santa Barbara,2017,37107,1997-06-05
311,UC Santa Barbara,2017,37109,
311,UC Santa Barbara,2017,43362,
311,UC Santa Barbara,2017,43364,
311,UC Santa Barbara,2017,43366,
311,UC Santa Barbara,2017,43367,
311,UC Santa Barbara,2017,47987,
311,UC Santa Barbara,2017,47989,1996-06-14
311,UC Santa Barbara,2017,47990,1995-12-22
311,UC Santa Barbara,2017,47991,
311,UC Santa Barbara,2017,47992,
311,UC Santa Barbara,2017,47994,
311,UC Santa Barbara,2017,47996,
311,UC Santa Barbara,2017,47997,1994-12-21
311,UC Santa Barbara,2017,41122,
311,UC Santa Barbara,2017,45068,
48,Charlotte,2017,26095,
48,Charlotte,2017,27724,
48,Charlotte,2017,35451,
48,Charlotte,2017,36721,
48,Charlotte,2017,36943,
48,Charlotte,2017,42283,1996-11-08
48,Charlotte,2017,46299,1994-07-27
48,Charlotte,2017,46769,
48,Charlotte,2017,46770,1995-07-13
48,Charlotte,2017,46772,
48,Charlotte,2017,46773,
48,Charlotte,2017,52286,
48,Charlotte,2017,52287,
48,Charlotte,2017,52288,1993-11-23
48,Charlotte,2017,52289,
48,Charlotte,2017,52290,
41,Campbell,2017,33433,1997-09-27
41,Campbell,2017,35390,
41,Campbell,2017,42652,
41,Campbell,2017,42653,1997-07-23
41,Campbell,2017,42655,
41,Campbell,2017,42656,
41,Campbell,2017,45350,
41,Campbell,2017,46278,
41,Campbell,2017,46279,
41,Campbell,2017,46280,
41,Campbell,2017,46281,
41,Campbell,2017,46282,
41,Campbell,2017,50316,
41,Campbell,2017,52424,1995-04-22
41,Campbell,2017,52425,1994-01-09
41,Campbell,2017,52426,
41,Campbell,2017,52427,
41,Campbell,2017,52428,1995-01-14
85,Florida A&M,2017,27971,
85,Florida A&M,2017,36657,
85,Florida A&M,2017,36658,
85,Florida A&M,2017,38787,
85,Florida A&M,2017,42299,
85,Florida A&M,2017,45472,
85,Florida A&M,2017,47448,
85,Florida A&M,2017,47450,
85,Florida A&M,2017,47452,
85,Florida A&M,2017,47453,
85,Florida A&M,2017,47455,
85,Florida A&M,2017,50226,
85,Florida A&M,2017,51831,
85,Florida A&M,2017,51832,
85,Florida A&M,2017,51833,
29,Bradley,2017,35461,1996-09-15
29,Bradley,2017,35462,
29,Bradley,2017,35463,
29,Bradley,2017,37576,
29,Bradley,2017,41478,
29,Bradley,2017,43694,
29,Bradley,2017,43695,
29,Bradley,2017,43698,
29,Bradley,2017,43699,
29,Bradley,2017,43700,
29,Bradley,2017,46477,1994-10-13
29,Bradley,2017,47891,
29,Bradley,2017,47893,
29,Bradley,2017,52313,
29,Bradley,2017,52314,
70,Drake,2017,35169,
70,Drake,2017,43937,
70,Drake,2017,47935,
70,Drake,2017,47936,
70,Drake,2017,47937,
70,Drake,2017,47938,
70,Drake,2017,47939,
70,Drake,2017,47940,
70,Drake,2017,47941,
70,Drake,2017,52788,
70,Drake,2017,52789,
70,Drake,2017,52790,
70,Drake,2017,52791,
70,Drake,2017,52792,
70,Drake,2017,52793,
802,Webber International,2017,37604,
802,Webber International,2017,46175,
802,Webber International,2017,46176,
802,Webber International,2017,46178,
802,Webber International,2017,46180,
802,Webber International,2017,46183,
802,Webber International,2017,52291,
802,Webber International,2017,52292,
802,Webber International,2017,52293,
802,Webber International,2017,52294,
802,Webber International,2017,52295,
802,Webber International,2017,52296,
802,Webber International,2017,52297,
802,Webber International,2017,52298,
802,Webber International,2017,52299,
802,Webber International,2017,52300,
802,Webber International,2017,52301,
802,Webber International,2017,52302,
1087,Oberlin,2017,29033,
1087,Oberlin,2017,29034,
1087,Oberlin,2017,29041,
1087,Oberlin,2017,29042,
1087,Oberlin,2017,29043,
1087,Oberlin,2017,29044,
1087,Oberlin,2017,29045,
1087,Oberlin,2017,29046,
1087,Oberlin,2017,54915,
1087,Oberlin,2017,54916,
1087,Oberlin,2017,54917,
1087,Oberlin,2017,54918,
1087,Oberlin,2017,54919,
1087,Oberlin,2017,54920,
1087,Oberlin,2017,54921,
1087,Oberlin,2017,54922,
1101,Minnesota Morris,2017,44838,
1101,Minnesota Morris,2017,44839,
1101,Minnesota Morris,2017,44840,
1101,Minnesota Morris,2017,44842,
1101,Minnesota Morris,2017,53479,
1101,Minnesota Morris,2017,53480,
1101,Minnesota Morris,2017,53481,
1101,Minnesota Morris,2017,53482,
1101,Minnesota Morris,2017,53483,
1101,Minnesota Morris,2017,53484,
1101,Minnesota Morris,2017,53485,
606,Siena Heights,2017,25277,
606,Siena Heights,2017,25286,
606,Siena Heights,2017,25287,
606,Siena Heights,2017,25288,
606,Siena Heights,2017,25289,
606,Siena Heights,2017,36185,
606,Siena Heights,2017,46262,
606,Siena Heights,2017,46263,
606,Siena Heights,2017,46264,
606,Siena Heights,2017,46267,
606,Siena Heights,2017,54701,
606,Siena Heights,2017,54702,
606,Siena Heights,2017,54703,
606,Siena Heights,2017,54704,
606,Siena Heights,2017,54705,
850,Doane,2017,38190,
850,Doane,2017,50959,
850,Doane,2017,50961,
850,Doane,2017,50962,
850,Doane,2017,50966,
850,Doane,2017,50967,
850,Doane,2017,50968,
850,Doane,2017,54037,
850,Doane,2017,54038,
850,Doane,2017,54039,
850,Doane,2017,54040,
850,Doane,2017,54041,
850,Doane,2017,54042,
850,Doane,2017,54043,
850,Doane,2017,54044,
850,Doane,2017,54045,
1288,McPherson,2017,51483,
1288,McPherson,2017,51484,
1288,McPherson,2017,51485,
1288,McPherson,2017,51486,
1288,McPherson,2017,51487,
1288,McPherson,2017,51488,
1288,McPherson,2017,51489,
1288,McPherson,2017,51490,
1288,McPherson,2017,51491,
1288,McPherson,2017,51492,
1288,McPherson,2017,51493,
1288,McPherson,2017,51494,
1288,McPherson,2017,51495,
1288,McPherson,2017,51496,
1288,McPherson,2017,51497,
1288,McPherson,2017,51498,
1288,McPherson,2017,51499,
1288,McPherson,2017,51500,
1288,McPherson,2017,51501,
1288,McPherson,2017,51502,
1288,McPherson,2017,51503,
1288,McPherson,2017,51504,
1288,McPherson,2017,51505,
1288,McPherson,2017,51506,
1288,McPherson,2017,51507,
1288,McPherson,2017,51508,
1288,McPherson,2017,51509,
1288,McPherson,2017,51510,
599,Purchase,2017,41611,
599,Purchase,2017,41613,
599,Purchase,2017,41614,
599,Purchase,2017,41615,
599,Purchase,2017,41616,
599,Purchase,2017,41618,
599,Purchase,2017,41619,
599,Purchase,2017,41620,
599,Purchase,2017,41621,
599,Purchase,2017,41622,
856,WVU Tech,2017,33550,
856,WVU Tech,2017,33551,
856,WVU Tech,2017,33552,
856,WVU Tech,2017,33553,
856,WVU Tech,2017,33554,
856,WVU Tech,2017,33555,
856,WVU Tech,2017,33556,
856,WVU Tech,2017,33557,
856,WVU Tech,2017,33558,
856,WVU Tech,2017,33559,
856,WVU Tech,2017,33560,
856,WVU Tech,2017,33561,
856,WVU Tech,2017,33562,
856,WVU Tech,2017,33563,
856,WVU Tech,2017,33564,
756,Cairn University,2017,38158,
756,Cairn University,2017,38160,
756,Cairn University,2017,38161,
756,Cairn University,2017,38162,
756,Cairn University,2017,38163,
756,Cairn University,2017,38167,
756,Cairn University,2017,38169,
756,Cairn University,2017,38170,
756,Cairn University,2017,38171,
756,Cairn University,2017,52572,
756,Cairn University,2017,52573,
756,Cairn University,2017,52574,
756,Cairn University,2017,52575,
756,Cairn University,2017,52576,
756,Cairn University,2017,52577,
756,Cairn University,2017,52578,
756,Cairn University,2017,52579,
756,Cairn University,2017,52580,
872,Ave Maria,2017,37613,
872,Ave Maria,2017,37622,
872,Ave Maria,2017,37623,
872,Ave Maria,2017,49144,
872,Ave Maria,2017,49147,
872,Ave Maria,2017,49149,
872,Ave Maria,2017,49695,
872,Ave Maria,2017,54398,
872,Ave Maria,2017,54399,1993-12-30
872,Ave Maria,2017,54400,
872,Ave Maria,2017,54401,
872,Ave Maria,2017,54402,
872,Ave Maria,2017,54403,
872,Ave Maria,2017,54404,
872,Ave Maria,2017,54405,
872,Ave Maria,2017,54406,
872,Ave Maria,2017,54407,
872,Ave Maria,2017,54408,
872,Ave Maria,2017,54409,
872,Ave Maria,2017,54410,
872,Ave Maria,2017,54411,
872,Ave Maria,2017,54412,
872,Ave Maria,2017,54413,
872,Ave Maria,2017,54414,
872,Ave Maria,2017,54415,
872,Ave Maria,2017,54416,
872,Ave Maria,2017,54417,1992-11-10
872,Ave Maria,2017,54553,
872,Ave Maria,2017,54554,
872,Ave Maria,2017,54555,
872,Ave Maria,2017,54556,
872,Ave Maria,2017,54557,
872,Ave Maria,2017,54558,
1269,Silver Lake,2017,48674,
847,Lourdes University,2017,25482,
847,Lourdes University,2017,25483,
1253,Central Washington,2017,35801,
1253,Central Washington,2017,45486,
1253,Central Washington,2017,45487,
1253,Central Washington,2017,45489,
1253,Central Washington,2017,53862,
1253,Central Washington,2017,53863,
1253,Central Washington,2017,53864,
1253,Central Washington,2017,53865,
1253,Central Washington,2017,53866,
1253,Central Washington,2017,53867,
1253,Central Washington,2017,53868,
1253,Central Washington,2017,53869,
1253,Central Washington,2017,53870,
1253,Central Washington,2017,53871,
1253,Central Washington,2017,53872,
1253,Central Washington,2017,53873,
1229,Southeastern Oklahoma State,2017,25651,
1229,Southeastern Oklahoma State,2017,39345,
1229,Southeastern Oklahoma State,2017,43883,
1229,Southeastern Oklahoma State,2017,43886,
1229,Southeastern Oklahoma State,2017,43887,
1229,Southeastern Oklahoma State,2017,43888,
1229,Southeastern Oklahoma State,2017,43894,
1229,Southeastern Oklahoma State,2017,43897,
1229,Southeastern Oklahoma State,2017,55108,
1229,Southeastern Oklahoma State,2017,55109,
1229,Southeastern Oklahoma State,2017,55110,
1229,Southeastern Oklahoma State,2017,55111,
1229,Southeastern Oklahoma State,2017,55112,
1229,Southeastern Oklahoma State,2017,55113,
1229,Southeastern Oklahoma State,2017,55114,
1229,Southeastern Oklahoma State,2017,55115,
1229,Southeastern Oklahoma State,2017,55116,
1108,Millersville,2017,48540,
1108,Millersville,2017,53550,
1108,Millersville,2017,53551,
1108,Millersville,2017,53552,
1108,Millersville,2017,53553,
1108,Millersville,2017,53554,
1108,Millersville,2017,53555,
1108,Millersville,2017,53556,
1108,Millersville,2017,53557,
1108,Millersville,2017,53558,
1108,Millersville,2017,53559,
1108,Millersville,2017,53560,
1108,Millersville,2017,53561,
1108,Millersville,2017,53562,
1108,Millersville,2017,53563,
899,Lake Erie,2017,18415,
899,Lake Erie,2017,49162,
899,Lake Erie,2017,49163,
899,Lake Erie,2017,49165,
899,Lake Erie,2017,49166,
899,Lake Erie,2017,49167,
899,Lake Erie,2017,49168,
899,Lake Erie,2017,49169,
899,Lake Erie,2017,49170,
899,Lake Erie,2017,49171,
899,Lake Erie,2017,49172,
899,Lake Erie,2017,49173,
899,Lake Erie,2017,49176,
899,Lake Erie,2017,55395,
899,Lake Erie,2017,55396,
899,Lake Erie,2017,55397,
786,Milligan,2017,37491,
786,Milligan,2017,37492,
786,Milligan,2017,37493,
786,Milligan,2017,37494,
786,Milligan,2017,37498,
786,Milligan,2017,37502,
786,Milligan,2017,37503,
786,Milligan,2017,37504,
786,Milligan,2017,37508,
786,Milligan,2017,50416,
786,Milligan,2017,50417,
786,Milligan,2017,50420,
786,Milligan,2017,51311,
786,Milligan,2017,51312,
786,Milligan,2017,51313,
786,Milligan,2017,51314,
786,Milligan,2017,51315,
1289,Marygrove,2017,50802,
1289,Marygrove,2017,50804,
1289,Marygrove,2017,51720,
1289,Marygrove,2017,51721,
1289,Marygrove,2017,51722,
1289,Marygrove,2017,51723,
1289,Marygrove,2017,51724,
1289,Marygrove,2017,51725,
1289,Marygrove,2017,51726,
1289,Marygrove,2017,51727,
1289,Marygrove,2017,51728,
1289,Marygrove,2017,51729,
1289,Marygrove,2017,51730,
1289,Marygrove,2017,51731,
1289,Marygrove,2017,51732,
1289,Marygrove,2017,51733,
1289,Marygrove,2017,51734,
1295,Fort Lewis,2017,53929,
1295,Fort Lewis,2017,53930,
1295,Fort Lewis,2017,53931,
1295,Fort Lewis,2017,53932,
1295,Fort Lewis,2017,53933,
1295,Fort Lewis,2017,53934,
1295,Fort Lewis,2017,53935,
1295,Fort Lewis,2017,53936,
1295,Fort Lewis,2017,53937,
1295,Fort Lewis,2017,53938,
1295,Fort Lewis,2017,53939,
1295,Fort Lewis,2017,53940,
1295,Fort Lewis,2017,53941,
1295,Fort Lewis,2017,53942,
1295,Fort Lewis,2017,53943,
1295,Fort Lewis,2017,53944,
1295,Fort Lewis,2017,53945,
1100,Hartwick,2017,49775,
1100,Hartwick,2017,49776,
1100,Hartwick,2017,49777,
1100,Hartwick,2017,49783,
774,Walla Walla,2017,29006,
774,Walla Walla,2017,39396,
774,Walla Walla,2017,39401,
774,Walla Walla,2017,39408,
774,Walla Walla,2017,39409,
774,Walla Walla,2017,46286,
774,Walla Walla,2017,46287,
774,Walla Walla,2017,46289,
774,Walla Walla,2017,46291,
774,Walla Walla,2017,46295,
774,Walla Walla,2017,55553,
774,Walla Walla,2017,55554,
774,Walla Walla,2017,55555,
774,Walla Walla,2017,55556,
774,Walla Walla,2017,55557,
774,Walla Walla,2017,55558,
774,Walla Walla,2017,55559,
774,Walla Walla,2017,55560,
774,Walla Walla,2017,55561,
774,Walla Walla,2017,55562,
774,Walla Walla,2017,55563,
774,Walla Walla,2017,55564,
774,Walla Walla,2017,55565,
714,Florida Tech,2017,39750,
714,Florida Tech,2017,39753,
714,Florida Tech,2017,39756,
714,Florida Tech,2017,39761,
714,Florida Tech,2017,39762,
714,Florida Tech,2017,50923,
714,Florida Tech,2017,50924,
714,Florida Tech,2017,50925,
714,Florida Tech,2017,50926,
714,Florida Tech,2017,50927,
714,Florida Tech,2017,50929,
714,Florida Tech,2017,55742,
714,Florida Tech,2017,55743,
714,Florida Tech,2017,55744,
714,Florida Tech,2017,55745,
523,Marywood,2017,36621,
523,Marywood,2017,55707,
523,Marywood,2017,55708,
523,Marywood,2017,55709,
523,Marywood,2017,55710,
523,Marywood,2017,55711,
523,Marywood,2017,55712,
523,Marywood,2017,55713,
523,Marywood,2017,55714,
523,Marywood,2017,55715,
523,Marywood,2017,55716,
523,Marywood,2017,55717,
523,Marywood,2017,55718,
523,Marywood,2017,55719,
523,Marywood,2017,55720,
523,Marywood,2017,55721,
523,Marywood,2017,55722,
537,Louisiana Christian,2017,35811,
537,Louisiana Christian,2017,35817,
537,Louisiana Christian,2017,35818,
537,Louisiana Christian,2017,38182,
537,Louisiana Christian,2017,47422,
537,Louisiana Christian,2017,47426,
537,Louisiana Christian,2017,47427,
537,Louisiana Christian,2017,47428,
537,Louisiana Christian,2017,47432,
537,Louisiana Christian,2017,50321,
537,Louisiana Christian,2017,53340,
537,Louisiana Christian,2017,53341,
537,Louisiana Christian,2017,53342,
537,Louisiana Christian,2017,53343,
537,Louisiana Christian,2017,53344,
537,Louisiana Christian,2017,53345,
537,Louisiana Christian,2017,53346,
537,Louisiana Christian,2017,53347,
537,Louisiana Christian,2017,53348,
537,Louisiana Christian,2017,53349,
537,Louisiana Christian,2017,53350,
537,Louisiana Christian,2017,53351,
537,Louisiana Christian,2017,53352,
526,Newberry,2017,32827,
526,Newberry,2017,32828,
526,Newberry,2017,32829,
526,Newberry,2017,32830,
526,Newberry,2017,52270,
526,Newberry,2017,52271,
526,Newberry,2017,52272,
526,Newberry,2017,52273,
526,Newberry,2017,52274,
526,Newberry,2017,52275,
526,Newberry,2017,52276,
526,Newberry,2017,52277,
526,Newberry,2017,52278,
526,Newberry,2017,52279,
526,Newberry,2017,52280,
526,Newberry,2017,52281,
526,Newberry,2017,52282,
526,Newberry,2017,52283,
526,Newberry,2017,52284,
526,Newberry,2017,52285,
559,Howard Payne,2017,38039,
559,Howard Payne,2017,38042,
559,Howard Payne,2017,38043,
559,Howard Payne,2017,38049,
559,Howard Payne,2017,38050,
559,Howard Payne,2017,48939,
559,Howard Payne,2017,48940,
559,Howard Payne,2017,48943,
559,Howard Payne,2017,48946,
559,Howard Payne,2017,48947,
559,Howard Payne,2017,52188,
559,Howard Payne,2017,52189,
559,Howard Payne,2017,52190,
559,Howard Payne,2017,52191,
559,Howard Payne,2017,52192,
559,Howard Payne,2017,52193,
559,Howard Payne,2017,52194,
559,Howard Payne,2017,52195,
559,Howard Payne,2017,54327,
1293,Concordia Oregon,2017,37645,
1293,Concordia Oregon,2017,53825,
1293,Concordia Oregon,2017,53826,
1293,Concordia Oregon,2017,53827,1996-01-26
1293,Concordia Oregon,2017,53828,
1293,Concordia Oregon,2017,53829,
1293,Concordia Oregon,2017,53830,
1293,Concordia Oregon,2017,53831,
1293,Concordia Oregon,2017,53832,
1293,Concordia Oregon,2017,53833,
1293,Concordia Oregon,2017,53834,
1293,Concordia Oregon,2017,53835,
1293,Concordia Oregon,2017,53836,
1293,Concordia Oregon,2017,53837,
1293,Concordia Oregon,2017,53838,
1293,Concordia Oregon,2017,53839,
974,Wilmington (DE),2017,44889,
974,Wilmington (DE),2017,44900,
974,Wilmington (DE),2017,45912,
974,Wilmington (DE),2017,54026,
974,Wilmington (DE),2017,54027,
974,Wilmington (DE),2017,54028,
974,Wilmington (DE),2017,54029,
974,Wilmington (DE),2017,54030,
974,Wilmington (DE),2017,54031,
974,Wilmington (DE),2017,54032,
974,Wilmington (DE),2017,54033,
974,Wilmington (DE),2017,54034,
974,Wilmington (DE),2017,54035,
974,Wilmington (DE),2017,54036,
1021,Western New England,2017,32545,
1021,Western New England,2017,44509,
1021,Western New England,2017,44511,
1021,Western New England,2017,44512,
1021,Western New England,2017,44519,
1021,Western New England,2017,44520,
1021,Western New England,2017,54338,
1021,Western New England,2017,54339,
1021,Western New England,2017,54340,
1021,Western New England,2017,54341,
1021,Western New England,2017,54342,
1021,Western New England,2017,54343,
1021,Western New England,2017,54344,
1021,Western New England,2017,54345,
1021,Western New England,2017,54346,
1021,Western New England,2017,54347,
1021,Western New England,2017,54348,
861,Goldey-Beacom,2017,49252,
861,Goldey-Beacom,2017,49253,
861,Goldey-Beacom,2017,49256,
861,Goldey-Beacom,2017,49261,
861,Goldey-Beacom,2017,49264,
861,Goldey-Beacom,2017,49265,
861,Goldey-Beacom,2017,49266,
861,Goldey-Beacom,2017,49267,
861,Goldey-Beacom,2017,49268,
861,Goldey-Beacom,2017,49269,
861,Goldey-Beacom,2017,49270,
861,Goldey-Beacom,2017,49271,
861,Goldey-Beacom,2017,49272,
861,Goldey-Beacom,2017,49273,
861,Goldey-Beacom,2017,49274,
861,Goldey-Beacom,2017,51532,
1188,Hampden-Sydney,2017,37561,
1188,Hampden-Sydney,2017,37562,
1188,Hampden-Sydney,2017,37563,
1188,Hampden-Sydney,2017,37564,
1188,Hampden-Sydney,2017,37565,
1188,Hampden-Sydney,2017,37566,
1188,Hampden-Sydney,2017,37567,
1188,Hampden-Sydney,2017,37568,
1188,Hampden-Sydney,2017,37569,
1188,Hampden-Sydney,2017,37570,
1188,Hampden-Sydney,2017,37571,
1188,Hampden-Sydney,2017,37572,
1188,Hampden-Sydney,2017,37573,
1188,Hampden-Sydney,2017,37574,
1188,Hampden-Sydney,2017,37575,1994-05-18
633,Augusta,2017,9820,
633,Augusta,2017,9821,2004-12-10
633,Augusta,2017,9822,2004-12-10
633,Augusta,2017,9824,
633,Augusta,2017,9825,2004-10-14
633,Augusta,2017,9827,
633,Augusta,2017,9828,
633,Augusta,2017,9829,
633,Augusta,2017,9830,2004-12-10
914,Point Loma Nazarene,2017,18675,
524,Vermont State - Lyndon,2017,38443,
524,Vermont State - Lyndon,2017,38455,
524,Vermont State - Lyndon,2017,38457,
524,Vermont State - Lyndon,2017,50552,
524,Vermont State - Lyndon,2017,50553,
524,Vermont State - Lyndon,2017,50554,
524,Vermont State - Lyndon,2017,50556,
524,Vermont State - Lyndon,2017,50557,
524,Vermont State - Lyndon,2017,54236,
524,Vermont State - Lyndon,2017,54237,
524,Vermont State - Lyndon,2017,54238,
524,Vermont State - Lyndon,2017,54239,
524,Vermont State - Lyndon,2017,54240,
524,Vermont State - Lyndon,2017,54241,
524,Vermont State - Lyndon,2017,54242,
524,Vermont State - Lyndon,2017,54243,
524,Vermont State - Lyndon,2017,54244,
763,Colorado-Colorado Springs,2017,13263,
763,Colorado-Colorado Springs,2017,13264,
763,Colorado-Colorado Springs,2017,13265,
763,Colorado-Colorado Springs,2017,13266,
763,Colorado-Colorado Springs,2017,13267,
763,Colorado-Colorado Springs,2017,13268,
763,Colorado-Colorado Springs,2017,13269,
763,Colorado-Colorado Springs,2017,13270,
763,Colorado-Colorado Springs,2017,13271,
763,Colorado-Colorado Springs,2017,13272,
763,Colorado-Colorado Springs,2017,13273,
763,Colorado-Colorado Springs,2017,13274,
763,Colorado-Colorado Springs,2017,13275,
763,Colorado-Colorado Springs,2017,13276,
763,Colorado-Colorado Springs,2017,13277,
763,Colorado-Colorado Springs,2017,13278,
763,Colorado-Colorado Springs,2017,13279,
763,Colorado-Colorado Springs,2017,13280,
686,Spring Hill,2017,34562,
686,Spring Hill,2017,34563,
686,Spring Hill,2017,34567,
686,Spring Hill,2017,43204,
686,Spring Hill,2017,43205,
686,Spring Hill,2017,43206,
686,Spring Hill,2017,43208,
686,Spring Hill,2017,43209,
686,Spring Hill,2017,48986,
686,Spring Hill,2017,48987,
686,Spring Hill,2017,48988,
686,Spring Hill,2017,48989,
686,Spring Hill,2017,48990,
686,Spring Hill,2017,48991,
686,Spring Hill,2017,55398,
686,Spring Hill,2017,55399,
686,Spring Hill,2017,55400,
752,Thomas (ME),2017,38952,
752,Thomas (ME),2017,38963,
752,Thomas (ME),2017,38964,
752,Thomas (ME),2017,38965,
752,Thomas (ME),2017,38966,
853,Fresno Pacific,2017,22001,
853,Fresno Pacific,2017,33251,
853,Fresno Pacific,2017,33252,
853,Fresno Pacific,2017,33253,
853,Fresno Pacific,2017,33254,
853,Fresno Pacific,2017,33255,
853,Fresno Pacific,2017,33256,
853,Fresno Pacific,2017,33257,
853,Fresno Pacific,2017,33258,
853,Fresno Pacific,2017,33259,
853,Fresno Pacific,2017,33260,
853,Fresno Pacific,2017,33264,
853,Fresno Pacific,2017,33265,
853,Fresno Pacific,2017,33266,
853,Fresno Pacific,2017,33267,
853,Fresno Pacific,2017,33268,
853,Fresno Pacific,2017,33269,
853,Fresno Pacific,2017,33270,
853,Fresno Pacific,2017,33271,
853,Fresno Pacific,2017,33272,
853,Fresno Pacific,2017,33273,
853,Fresno Pacific,2017,33274,
853,Fresno Pacific,2017,33275,
853,Fresno Pacific,2017,33276,
674,Saint Mary's (MN),2017,10896,
674,Saint Mary's (MN),2017,10897,
674,Saint Mary's (MN),2017,10906,
674,Saint Mary's (MN),2017,10907,
674,Saint Mary's (MN),2017,10908,
674,Saint Mary's (MN),2017,10909,
674,Saint Mary's (MN),2017,55544,
674,Saint Mary's (MN),2017,55545,
674,Saint Mary's (MN),2017,55546,
674,Saint Mary's (MN),2017,55547,
674,Saint Mary's (MN),2017,55548,
674,Saint Mary's (MN),2017,55549,
674,Saint Mary's (MN),2017,55550,
674,Saint Mary's (MN),2017,55551,
674,Saint Mary's (MN),2017,55552,
1275,Black Hills State,2017,49761,
1275,Black Hills State,2017,49764,
1275,Black Hills State,2017,49770,
1280,Susquehanna,2017,50654,
1280,Susquehanna,2017,50657,
1280,Susquehanna,2017,50660,
956,Florida Memorial,2017,46367,
956,Florida Memorial,2017,46368,
956,Florida Memorial,2017,46369,
956,Florida Memorial,2017,46370,
956,Florida Memorial,2017,46374,
956,Florida Memorial,2017,46375,
956,Florida Memorial,2017,51550,
956,Florida Memorial,2017,51551,
956,Florida Memorial,2017,51552,
956,Florida Memorial,2017,51553,
956,Florida Memorial,2017,51554,
956,Florida Memorial,2017,51555,
956,Florida Memorial,2017,51556,1992-01-25
629,Menlo,2017,39348,
629,Menlo,2017,39350,
629,Menlo,2017,39355,
629,Menlo,2017,39356,
629,Menlo,2017,39360,
629,Menlo,2017,41846,
629,Menlo,2017,54783,
629,Menlo,2017,54784,
629,Menlo,2017,54785,
629,Menlo,2017,54786,
629,Menlo,2017,54787,
629,Menlo,2017,54788,
629,Menlo,2017,54789,
629,Menlo,2017,54790,
629,Menlo,2017,54791,
1134,Michigan-Dearborn,2017,31241,
1134,Michigan-Dearborn,2017,48253,
1134,Michigan-Dearborn,2017,48254,
1134,Michigan-Dearborn,2017,48256,
1134,Michigan-Dearborn,2017,48259,
1134,Michigan-Dearborn,2017,48260,
1134,Michigan-Dearborn,2017,48261,
1134,Michigan-Dearborn,2017,48263,
1134,Michigan-Dearborn,2017,48264,
1175,Simpson College (IA),2017,38650,
1175,Simpson College (IA),2017,38651,
1175,Simpson College (IA),2017,38652,
1175,Simpson College (IA),2017,38663,
1175,Simpson College (IA),2017,38666,
1175,Simpson College (IA),2017,38667,
1175,Simpson College (IA),2017,38668,
1175,Simpson College (IA),2017,38669,
1175,Simpson College (IA),2017,38670,
1175,Simpson College (IA),2017,38671,
1175,Simpson College (IA),2017,38672,
1175,Simpson College (IA),2017,38673,
1175,Simpson College (IA),2017,38674,
1175,Simpson College (IA),2017,38675,
1175,Simpson College (IA),2017,38676,
1175,Simpson College (IA),2017,38677,
1175,Simpson College (IA),2017,38678,
1175,Simpson College (IA),2017,38679,
1175,Simpson College (IA),2017,38680,
1175,Simpson College (IA),2017,38681,
1175,Simpson College (IA),2017,38682,
1175,Simpson College (IA),2017,38683,
1175,Simpson College (IA),2017,38684,
1175,Simpson College (IA),2017,38685,
1175,Simpson College (IA),2017,38686,
1175,Simpson College (IA),2017,38687,
1175,Simpson College (IA),2017,38688,
1175,Simpson College (IA),2017,38689,
1175,Simpson College (IA),2017,38690,
1175,Simpson College (IA),2017,38691,
1175,Simpson College (IA),2017,38692,
1175,Simpson College (IA),2017,38693,
533,Bob Jones,2017,37440,
533,Bob Jones,2017,46566,
533,Bob Jones,2017,46567,
533,Bob Jones,2017,46571,
533,Bob Jones,2017,46572,
588,Earlham College,2017,43792,
588,Earlham College,2017,43793,
588,Earlham College,2017,43794,
588,Earlham College,2017,43796,
588,Earlham College,2017,43798,
588,Earlham College,2017,43799,
588,Earlham College,2017,43800,
588,Earlham College,2017,43801,
588,Earlham College,2017,43802,
588,Earlham College,2017,43806,
588,Earlham College,2017,43807,
588,Earlham College,2017,43808,
588,Earlham College,2017,51471,
588,Earlham College,2017,51472,
588,Earlham College,2017,51473,
588,Earlham College,2017,51474,
588,Earlham College,2017,51475,
588,Earlham College,2017,51476,
588,Earlham College,2017,51477,
1026,Paine,2017,49152,
1153,College of Idaho,2017,45315,
626,Bluefield University,2017,48394,
626,Bluefield University,2017,48395,
626,Bluefield University,2017,48404,
823,Anderson (IN),2017,37999,
705,Puerto Rico-Mayaguez,2017,11769,2004-11-23
705,Puerto Rico-Mayaguez,2017,11770,2004-11-23
705,Puerto Rico-Mayaguez,2017,11771,2003-11-20
705,Puerto Rico-Mayaguez,2017,11772,
705,Puerto Rico-Mayaguez,2017,11773,
705,Puerto Rico-Mayaguez,2017,11774,
705,Puerto Rico-Mayaguez,2017,11775,
705,Puerto Rico-Mayaguez,2017,11776,
705,Puerto Rico-Mayaguez,2017,11777,
705,Puerto Rico-Mayaguez,2017,11778,
705,Puerto Rico-Mayaguez,2017,11779,
705,Puerto Rico-Mayaguez,2017,11780,
886,Tiffin,2017,35245,
886,Tiffin,2017,42137,
886,Tiffin,2017,42142,
886,Tiffin,2017,42144,
886,Tiffin,2017,49139,
886,Tiffin,2017,49140,
781,Willamette,2017,44850,
781,Willamette,2017,44851,
781,Willamette,2017,44852,
781,Willamette,2017,44853,
781,Willamette,2017,44854,
781,Willamette,2017,48736,
781,Willamette,2017,48737,
781,Willamette,2017,48738,
781,Willamette,2017,48739,
781,Willamette,2017,48741,
781,Willamette,2017,48742,
781,Willamette,2017,48743,
893,University of Saint Katherine,2017,40592,
893,University of Saint Katherine,2017,40593,
893,University of Saint Katherine,2017,40594,
893,University of Saint Katherine,2017,40595,
893,University of Saint Katherine,2017,40596,
893,University of Saint Katherine,2017,40597,
893,University of Saint Katherine,2017,40598,
893,University of Saint Katherine,2017,40599,
893,University of Saint Katherine,2017,40600,
893,University of Saint Katherine,2017,40601,
893,University of Saint Katherine,2017,40602,
893,University of Saint Katherine,2017,40603,
893,University of Saint Katherine,2017,40604,
893,University of Saint Katherine,2017,40605,
893,University of Saint Katherine,2017,40606,
893,University of Saint Katherine,2017,40607,
689,Randolph-Macon,2017,11343,
689,Randolph-Macon,2017,11344,
689,Randolph-Macon,2017,11345,
689,Randolph-Macon,2017,11346,
689,Randolph-Macon,2017,11352,
636,Missouri Southern State,2017,9900,
636,Missouri Southern State,2017,9901,
636,Missouri Southern State,2017,9902,
636,Missouri Southern State,2017,9903,
636,Missouri Southern State,2017,9904,
636,Missouri Southern State,2017,9905,
636,Missouri Southern State,2017,9906,
636,Missouri Southern State,2017,9907,
636,Missouri Southern State,2017,9908,
636,Missouri Southern State,2017,9909,
636,Missouri Southern State,2017,9910,
636,Missouri Southern State,2017,9911,
636,Missouri Southern State,2017,9912,
636,Missouri Southern State,2017,53897,1995-12-31
636,Missouri Southern State,2017,53898,
636,Missouri Southern State,2017,53899,
636,Missouri Southern State,2017,53900,
819,Mobile,2017,38627,
819,Mobile,2017,38628,
819,Mobile,2017,38630,
819,Mobile,2017,38637,
819,Mobile,2017,38647,
819,Mobile,2017,55351,
819,Mobile,2017,55352,
819,Mobile,2017,55353,
819,Mobile,2017,55354,
819,Mobile,2017,55355,
819,Mobile,2017,55356,
819,Mobile,2017,55357,
819,Mobile,2017,55358,
819,Mobile,2017,55359,
819,Mobile,2017,55360,
819,Mobile,2017,55361,
1252,CSU San Marcos,2017,45372,
1201,Caldwell,2017,39614,
1201,Caldwell,2017,39615,
1201,Caldwell,2017,39616,
1201,Caldwell,2017,39617,
1201,Caldwell,2017,39618,
1201,Caldwell,2017,39619,
1201,Caldwell,2017,39620,
1201,Caldwell,2017,39621,
1201,Caldwell,2017,39622,
1201,Caldwell,2017,39623,
1201,Caldwell,2017,39624,
1201,Caldwell,2017,39625,
1201,Caldwell,2017,39626,
590,Kentucky Christian,2017,39978,
590,Kentucky Christian,2017,50459,
590,Kentucky Christian,2017,50460,
590,Kentucky Christian,2017,50464,
590,Kentucky Christian,2017,50465,
590,Kentucky Christian,2017,50467,
590,Kentucky Christian,2017,50470,
590,Kentucky Christian,2017,50471,
590,Kentucky Christian,2017,52073,
590,Kentucky Christian,2017,52074,
590,Kentucky Christian,2017,52075,
590,Kentucky Christian,2017,52076,
590,Kentucky Christian,2017,52077,
590,Kentucky Christian,2017,52078,
590,Kentucky Christian,2017,52079,
590,Kentucky Christian,2017,52080,
590,Kentucky Christian,2017,52081,
579,Maine-Fort Kent,2017,49495,
579,Maine-Fort Kent,2017,49503,
579,Maine-Fort Kent,2017,49504,
579,Maine-Fort Kent,2017,49505,
579,Maine-Fort Kent,2017,49506,
579,Maine-Fort Kent,2017,49507,
579,Maine-Fort Kent,2017,49508,
579,Maine-Fort Kent,2017,49509,
579,Maine-Fort Kent,2017,49510,
579,Maine-Fort Kent,2017,49511,
579,Maine-Fort Kent,2017,49512,
579,Maine-Fort Kent,2017,49513,
579,Maine-Fort Kent,2017,49514,
579,Maine-Fort Kent,2017,49515,
579,Maine-Fort Kent,2017,49516,
579,Maine-Fort Kent,2017,49517,
579,Maine-Fort Kent,2017,49518,
729,Central Penn,2017,12383,
729,Central Penn,2017,36748,
729,Central Penn,2017,44369,
729,Central Penn,2017,44370,
729,Central Penn,2017,44377,
729,Central Penn,2017,44387,
729,Central Penn,2017,44388,
729,Central Penn,2017,44389,
729,Central Penn,2017,44390,
729,Central Penn,2017,44391,
729,Central Penn,2017,53880,
729,Central Penn,2017,53881,
729,Central Penn,2017,53882,
729,Central Penn,2017,53883,
729,Central Penn,2017,53884,
729,Central Penn,2017,53885,
729,Central Penn,2017,53886,
729,Central Penn,2017,53887,
729,Central Penn,2017,53888,
729,Central Penn,2017,55665,
729,Central Penn,2017,55666,
1045,Holy Names University,2017,41540,
1045,Holy Names University,2017,41547,
1045,Holy Names University,2017,41552,
1045,Holy Names University,2017,41553,
1045,Holy Names University,2017,41560,
1045,Holy Names University,2017,47714,
1045,Holy Names University,2017,48840,
1045,Holy Names University,2017,48845,
1045,Holy Names University,2017,54095,
1045,Holy Names University,2017,54096,
1045,Holy Names University,2017,54097,
1045,Holy Names University,2017,54098,
1045,Holy Names University,2017,54099,
1045,Holy Names University,2017,54100,
1045,Holy Names University,2017,54101,
1045,Holy Names University,2017,54102,
1045,Holy Names University,2017,54103,
1045,Holy Names University,2017,54104,
1045,Holy Names University,2017,54105,
1045,Holy Names University,2017,54106,
1045,Holy Names University,2017,54107,
1045,Holy Names University,2017,54108,
1045,Holy Names University,2017,54109,
1045,Holy Names University,2017,54110,
880,Lyon,2017,50039,
575,Westminster (PA),2017,39881,
575,Westminster (PA),2017,39883,
575,Westminster (PA),2017,39891,
575,Westminster (PA),2017,39895,
575,Westminster (PA),2017,39896,
575,Westminster (PA),2017,39897,
575,Westminster (PA),2017,42509,
575,Westminster (PA),2017,45038,
575,Westminster (PA),2017,45039,
575,Westminster (PA),2017,45040,
575,Westminster (PA),2017,45041,
575,Westminster (PA),2017,45043,
575,Westminster (PA),2017,45044,
575,Westminster (PA),2017,45045,
575,Westminster (PA),2017,45046,
575,Westminster (PA),2017,49276,
575,Westminster (PA),2017,49277,
575,Westminster (PA),2017,49278,
575,Westminster (PA),2017,49279,
575,Westminster (PA),2017,49280,
575,Westminster (PA),2017,49281,
575,Westminster (PA),2017,49282,
575,Westminster (PA),2017,49283,
575,Westminster (PA),2017,54418,
575,Westminster (PA),2017,54419,
575,Westminster (PA),2017,54420,
575,Westminster (PA),2017,54421,
575,Westminster (PA),2017,54422,
575,Westminster (PA),2017,54423,
1180,Olivet Nazarene,2017,35830,
1180,Olivet Nazarene,2017,35831,
1180,Olivet Nazarene,2017,35833,
1180,Olivet Nazarene,2017,55287,
1180,Olivet Nazarene,2017,55288,
1180,Olivet Nazarene,2017,55289,
1180,Olivet Nazarene,2017,55290,
1180,Olivet Nazarene,2017,55291,
1180,Olivet Nazarene,2017,55292,
1180,Olivet Nazarene,2017,55293,
1180,Olivet Nazarene,2017,55294,
1180,Olivet Nazarene,2017,55295,
1180,Olivet Nazarene,2017,55296,
1180,Olivet Nazarene,2017,55297,
1180,Olivet Nazarene,2017,55298,
1306,Cabrini,2017,55527,
1306,Cabrini,2017,55528,
1306,Cabrini,2017,55529,
1306,Cabrini,2017,55530,
1306,Cabrini,2017,55531,
1306,Cabrini,2017,55532,
1306,Cabrini,2017,55533,
1306,Cabrini,2017,55534,
1306,Cabrini,2017,55535,
1306,Cabrini,2017,55536,
1306,Cabrini,2017,55537,
1306,Cabrini,2017,55538,
1306,Cabrini,2017,55539,
1306,Cabrini,2017,55540,
1306,Cabrini,2017,55541,
1306,Cabrini,2017,55542,
1306,Cabrini,2017,55543,
923,Belhaven,2017,34027,
923,Belhaven,2017,34028,
923,Belhaven,2017,34029,
923,Belhaven,2017,34030,
923,Belhaven,2017,34031,
923,Belhaven,2017,34035,
923,Belhaven,2017,34036,
923,Belhaven,2017,34037,
923,Belhaven,2017,34038,
923,Belhaven,2017,34039,
923,Belhaven,2017,34040,
923,Belhaven,2017,34041,
923,Belhaven,2017,34042,
923,Belhaven,2017,34043,
923,Belhaven,2017,34044,
923,Belhaven,2017,34045,
923,Belhaven,2017,34046,
547,Dean College,2017,55496,
547,Dean College,2017,55497,
547,Dean College,2017,55498,
547,Dean College,2017,55499,
547,Dean College,2017,55500,
547,Dean College,2017,55501,
547,Dean College,2017,55502,
547,Dean College,2017,55503,
547,Dean College,2017,55504,
547,Dean College,2017,55505,
547,Dean College,2017,55506,
547,Dean College,2017,55507,
547,Dean College,2017,55508,
547,Dean College,2017,55509,
547,Dean College,2017,55510,
547,Dean College,2017,55511,
547,Dean College,2017,55512,
547,Dean College,2017,55513,
997,Allen University,2017,44870,
997,Allen University,2017,44875,
997,Allen University,2017,45880,
997,Allen University,2017,48300,
997,Allen University,2017,53729,
997,Allen University,2017,53730,
997,Allen University,2017,53731,
997,Allen University,2017,53732,
997,Allen University,2017,53733,
997,Allen University,2017,53734,
997,Allen University,2017,53735,
997,Allen University,2017,53736,
997,Allen University,2017,53737,
997,Allen University,2017,53738,
997,Allen University,2017,54706,
997,Allen University,2017,55706,
997,Allen University,2017,55846,
997,Allen University,2017,55847,
556,Westminster (MO),2017,5901,
556,Westminster (MO),2017,5902,
556,Westminster (MO),2017,5903,
556,Westminster (MO),2017,5904,
556,Westminster (MO),2017,5905,
556,Westminster (MO),2017,5906,
556,Westminster (MO),2017,5907,
556,Westminster (MO),2017,5908,
556,Westminster (MO),2017,5909,
556,Westminster (MO),2017,5910,
556,Westminster (MO),2017,5911,
556,Westminster (MO),2017,5912,
556,Westminster (MO),2017,5913,
556,Westminster (MO),2017,5914,
556,Westminster (MO),2017,5915,
556,Westminster (MO),2017,5916,
556,Westminster (MO),2017,5917,
556,Westminster (MO),2017,5918,
879,Keystone,2017,55096,
879,Keystone,2017,55097,
879,Keystone,2017,55098,
879,Keystone,2017,55099,
879,Keystone,2017,55100,
879,Keystone,2017,55101,
879,Keystone,2017,55102,
879,Keystone,2017,55103,
879,Keystone,2017,55104,
879,Keystone,2017,55105,
879,Keystone,2017,55106,
879,Keystone,2017,55107,
723,Dalton State,2017,33477,
723,Dalton State,2017,33478,
723,Dalton State,2017,33479,
723,Dalton State,2017,33480,
723,Dalton State,2017,33481,
723,Dalton State,2017,33482,
723,Dalton State,2017,33483,
723,Dalton State,2017,33484,
723,Dalton State,2017,33485,
723,Dalton State,2017,33486,
723,Dalton State,2017,33487,
723,Dalton State,2017,33488,
723,Dalton State,2017,33489,
723,Dalton State,2017,33490,
723,Dalton State,2017,33491,
723,Dalton State,2017,54491,
723,Dalton State,2017,54492,
723,Dalton State,2017,54493,
723,Dalton State,2017,54494,
723,Dalton State,2017,54495,
723,Dalton State,2017,54496,
723,Dalton State,2017,54497,
723,Dalton State,2017,54498,
723,Dalton State,2017,54499,
723,Dalton State,2017,54500,
723,Dalton State,2017,54501,
723,Dalton State,2017,54502,
723,Dalton State,2017,54503,
566,Northwest University,2017,45219,
566,Northwest University,2017,45224,
566,Northwest University,2017,45225,
566,Northwest University,2017,53122,
566,Northwest University,2017,53123,
566,Northwest University,2017,53124,
566,Northwest University,2017,53125,
566,Northwest University,2017,53126,
566,Northwest University,2017,53127,
566,Northwest University,2017,53128,
566,Northwest University,2017,53129,
566,Northwest University,2017,53130,
566,Northwest University,2017,53131,
566,Northwest University,2017,53132,
737,Pittsburgh-Bradford,2017,12621,
737,Pittsburgh-Bradford,2017,12622,
737,Pittsburgh-Bradford,2017,12623,
1296,Selma,2017,54184,
1296,Selma,2017,54185,
1296,Selma,2017,54186,
1296,Selma,2017,54187,
1296,Selma,2017,54188,
1296,Selma,2017,54189,
1296,Selma,2017,54190,
1296,Selma,2017,54191,
1296,Selma,2017,55041,
782,Michigan Tech,2017,13823,
1056,Mount St. Joseph,2017,37230,
1056,Mount St. Joseph,2017,37231,
1056,Mount St. Joseph,2017,41415,
1056,Mount St. Joseph,2017,41418,
1056,Mount St. Joseph,2017,41419,
1056,Mount St. Joseph,2017,41420,
1056,Mount St. Joseph,2017,41421,
1056,Mount St. Joseph,2017,41422,
1056,Mount St. Joseph,2017,41423,
1056,Mount St. Joseph,2017,41424,
1056,Mount St. Joseph,2017,41425,
1056,Mount St. Joseph,2017,41426,
1056,Mount St. Joseph,2017,41427,
1056,Mount St. Joseph,2017,41428,
1056,Mount St. Joseph,2017,41429,
1056,Mount St. Joseph,2017,41430,
1056,Mount St. Joseph,2017,41431,
1056,Mount St. Joseph,2017,41432,
1156,Fort Hays State,2017,30837,
1156,Fort Hays State,2017,33152,
1156,Fort Hays State,2017,33161,
1156,Fort Hays State,2017,33162,
1156,Fort Hays State,2017,33163,
1156,Fort Hays State,2017,33164,
1156,Fort Hays State,2017,33169,
1156,Fort Hays State,2017,33170,
1156,Fort Hays State,2017,33171,
1156,Fort Hays State,2017,33172,
1156,Fort Hays State,2017,33173,
1156,Fort Hays State,2017,33174,
1156,Fort Hays State,2017,33175,
1156,Fort Hays State,2017,33176,
1156,Fort Hays State,2017,55326,
570,Life Pacific,2017,28739,
570,Life Pacific,2017,43733,
570,Life Pacific,2017,43737,
570,Life Pacific,2017,47712,
570,Life Pacific,2017,47717,
570,Life Pacific,2017,47718,
570,Life Pacific,2017,47719,
570,Life Pacific,2017,47720,
570,Life Pacific,2017,47722,
570,Life Pacific,2017,49917,
570,Life Pacific,2017,54128,
570,Life Pacific,2017,54129,
570,Life Pacific,2017,54130,
570,Life Pacific,2017,54131,
570,Life Pacific,2017,54132,
570,Life Pacific,2017,54133,
570,Life Pacific,2017,54134,
570,Life Pacific,2017,54135,
570,Life Pacific,2017,54136,
570,Life Pacific,2017,54137,
570,Life Pacific,2017,54138,
570,Life Pacific,2017,54139,
570,Life Pacific,2017,54140,
570,Life Pacific,2017,54643,
570,Life Pacific,2017,54644,
1274,Concordia College (AL),2017,44718,
1274,Concordia College (AL),2017,49741,
1274,Concordia College (AL),2017,49742,
1274,Concordia College (AL),2017,49743,
1274,Concordia College (AL),2017,49744,
1274,Concordia College (AL),2017,49745,
1274,Concordia College (AL),2017,49746,
1274,Concordia College (AL),2017,49747,
1274,Concordia College (AL),2017,49748,
1274,Concordia College (AL),2017,49749,
1274,Concordia College (AL),2017,49750,
1274,Concordia College (AL),2017,49751,
1274,Concordia College (AL),2017,49752,
1274,Concordia College (AL),2017,49753,
1274,Concordia College (AL),2017,49754,
1274,Concordia College (AL),2017,49755,
1274,Concordia College (AL),2017,49756,
1274,Concordia College (AL),2017,49757,
1137,Lander,2017,38459,
1137,Lander,2017,39784,
1137,Lander,2017,55582,
1137,Lander,2017,55583,
1137,Lander,2017,55584,
1137,Lander,2017,55585,
1137,Lander,2017,55586,
1137,Lander,2017,55587,
1137,Lander,2017,55588,
1137,Lander,2017,55589,
1137,Lander,2017,55590,
1137,Lander,2017,55591,
1137,Lander,2017,55592,
1137,Lander,2017,55593,
1137,Lander,2017,55594,
1137,Lander,2017,55595,
1137,Lander,2017,55596,
367,Centenary (LA),2017,35052,
367,Centenary (LA),2017,43219,
367,Centenary (LA),2017,43221,
367,Centenary (LA),2017,43227,
367,Centenary (LA),2017,43228,
367,Centenary (LA),2017,43234,
367,Centenary (LA),2017,47388,
367,Centenary (LA),2017,47389,
367,Centenary (LA),2017,47392,
367,Centenary (LA),2017,51420,
367,Centenary (LA),2017,51421,
367,Centenary (LA),2017,51422,
983,Clayton State,2017,31249,
983,Clayton State,2017,31250,
983,Clayton State,2017,31251,
983,Clayton State,2017,31252,
983,Clayton State,2017,31253,
983,Clayton State,2017,31254,
983,Clayton State,2017,31255,
983,Clayton State,2017,31256,
983,Clayton State,2017,31257,
983,Clayton State,2017,31258,
983,Clayton State,2017,31259,
983,Clayton State,2017,31260,
983,Clayton State,2017,31261,
896,Valley City,2017,50494,
896,Valley City,2017,50495,
896,Valley City,2017,50496,
896,Valley City,2017,50497,
896,Valley City,2017,50504,
609,Coastal Georgia,2017,43132,
609,Coastal Georgia,2017,50636,
609,Coastal Georgia,2017,50637,
609,Coastal Georgia,2017,50638,
609,Coastal Georgia,2017,50640,
609,Coastal Georgia,2017,50641,
609,Coastal Georgia,2017,50643,
609,Coastal Georgia,2017,50644,
609,Coastal Georgia,2017,50645,
609,Coastal Georgia,2017,50647,
609,Coastal Georgia,2017,50648,
609,Coastal Georgia,2017,50649,
609,Coastal Georgia,2017,50650,
609,Coastal Georgia,2017,50651,
609,Coastal Georgia,2017,50652,
694,Mitchell College,2017,11475,
694,Mitchell College,2017,11476,
694,Mitchell College,2017,11477,
694,Mitchell College,2017,11478,
694,Mitchell College,2017,11479,
694,Mitchell College,2017,11480,
694,Mitchell College,2017,11481,
694,Mitchell College,2017,11482,
694,Mitchell College,2017,11483,
694,Mitchell College,2017,11484,
694,Mitchell College,2017,11485,
694,Mitchell College,2017,11486,
694,Mitchell College,2017,11487,
694,Mitchell College,2017,11488,
694,Mitchell College,2017,11489,
694,Mitchell College,2017,11490,
694,Mitchell College,2017,11491,
1211,Johnson & Wales (CO),2017,40908,
1211,Johnson & Wales (CO),2017,40909,
1211,Johnson & Wales (CO),2017,40918,
1211,Johnson & Wales (CO),2017,40919,
1211,Johnson & Wales (CO),2017,40920,
1211,Johnson & Wales (CO),2017,40921,
1211,Johnson & Wales (CO),2017,40922,
1211,Johnson & Wales (CO),2017,48911,
1211,Johnson & Wales (CO),2017,48913,
1211,Johnson & Wales (CO),2017,48916,
1211,Johnson & Wales (CO),2017,48917,
1211,Johnson & Wales (CO),2017,53850,
1211,Johnson & Wales (CO),2017,53851,
1211,Johnson & Wales (CO),2017,53852,
1211,Johnson & Wales (CO),2017,53853,
1211,Johnson & Wales (CO),2017,53854,
1211,Johnson & Wales (CO),2017,53855,
1211,Johnson & Wales (CO),2017,53856,
1211,Johnson & Wales (CO),2017,53857,
1136,North Georgia,2017,45762,
1136,North Georgia,2017,50322,
1136,North Georgia,2017,50324,
1136,North Georgia,2017,50325,
1136,North Georgia,2017,50326,
1136,North Georgia,2017,50327,
1136,North Georgia,2017,50331,
1136,North Georgia,2017,50332,
1136,North Georgia,2017,50334,
1136,North Georgia,2017,55735,
1136,North Georgia,2017,55736,
1136,North Georgia,2017,55737,
1136,North Georgia,2017,55738,
1136,North Georgia,2017,55739,
1136,North Georgia,2017,55740,
954,Greensboro College,2017,31358,
954,Greensboro College,2017,37209,
954,Greensboro College,2017,46908,
954,Greensboro College,2017,46910,
954,Greensboro College,2017,46911,
954,Greensboro College,2017,46912,
954,Greensboro College,2017,46913,
954,Greensboro College,2017,46915,
954,Greensboro College,2017,46916,
954,Greensboro College,2017,46920,
954,Greensboro College,2017,51432,
954,Greensboro College,2017,51433,
954,Greensboro College,2017,51434,
954,Greensboro College,2017,51435,
954,Greensboro College,2017,51436,
954,Greensboro College,2017,51437,
954,Greensboro College,2017,51438,
954,Greensboro College,2017,51439,
954,Greensboro College,2017,51440,
954,Greensboro College,2017,51441,
954,Greensboro College,2017,51442,
954,Greensboro College,2017,51443,
954,Greensboro College,2017,51444,
954,Greensboro College,2017,51445,
954,Greensboro College,2017,51446,
954,Greensboro College,2017,51447,
954,Greensboro College,2017,51448,
889,Pacific Union,2017,28804,
889,Pacific Union,2017,38385,
889,Pacific Union,2017,38394,
889,Pacific Union,2017,38395,
889,Pacific Union,2017,38396,
889,Pacific Union,2017,38397,
889,Pacific Union,2017,54819,
889,Pacific Union,2017,54820,
889,Pacific Union,2017,54821,
889,Pacific Union,2017,54822,
889,Pacific Union,2017,54823,
889,Pacific Union,2017,54824,
889,Pacific Union,2017,54825,
889,Pacific Union,2017,54826,
889,Pacific Union,2017,54827,
889,Pacific Union,2017,54828,
889,Pacific Union,2017,55580,
889,Pacific Union,2017,55581,
653,UT Permian Basin,2017,40804,
653,UT Permian Basin,2017,40811,
653,UT Permian Basin,2017,40813,
653,UT Permian Basin,2017,40814,1988-05-20
589,Lewis & Clark,2017,44933,
589,Lewis & Clark,2017,44935,
589,Lewis & Clark,2017,44936,
589,Lewis & Clark,2017,44937,
589,Lewis & Clark,2017,44945,
589,Lewis & Clark,2017,44946,
589,Lewis & Clark,2017,44947,
589,Lewis & Clark,2017,54226,
589,Lewis & Clark,2017,54227,
589,Lewis & Clark,2017,54228,
589,Lewis & Clark,2017,54229,
589,Lewis & Clark,2017,54230,1994-12-04
589,Lewis & Clark,2017,54231,
589,Lewis & Clark,2017,54232,
589,Lewis & Clark,2017,54233,
589,Lewis & Clark,2017,54234,
589,Lewis & Clark,2017,54235,
1122,Caltech,2017,45504,
1122,Caltech,2017,45505,
1122,Caltech,2017,45506,
1122,Caltech,2017,45508,
1122,Caltech,2017,52794,
1122,Caltech,2017,52795,
1122,Caltech,2017,52796,
1122,Caltech,2017,52797,
1122,Caltech,2017,52798,
1122,Caltech,2017,52799,
1122,Caltech,2017,52800,
1122,Caltech,2017,52801,
1122,Caltech,2017,52802,
1122,Caltech,2017,52803,
1122,Caltech,2017,52804,
1122,Caltech,2017,52805,
1006,Central Baptist College,2017,35945,
1006,Central Baptist College,2017,53136,
1006,Central Baptist College,2017,53137,1992-06-26
1006,Central Baptist College,2017,53138,
1006,Central Baptist College,2017,53139,
1006,Central Baptist College,2017,53140,
1006,Central Baptist College,2017,53141,
1006,Central Baptist College,2017,53142,
1006,Central Baptist College,2017,53143,
1006,Central Baptist College,2017,53144,
1006,Central Baptist College,2017,53145,
1006,Central Baptist College,2017,53146,
1006,Central Baptist College,2017,53147,
1006,Central Baptist College,2017,53148,
1006,Central Baptist College,2017,53149,
1006,Central Baptist College,2017,53150,
1006,Central Baptist College,2017,53151,
1006,Central Baptist College,2017,53152,
1006,Central Baptist College,2017,53153,
1006,Central Baptist College,2017,53154,
1006,Central Baptist College,2017,53155,
1006,Central Baptist College,2017,53156,
1006,Central Baptist College,2017,53157,
1006,Central Baptist College,2017,53158,
1006,Central Baptist College,2017,53159,
1006,Central Baptist College,2017,53160,
941,Bridgewater College (VA),2017,35328,
941,Bridgewater College (VA),2017,35331,
941,Bridgewater College (VA),2017,46308,
941,Bridgewater College (VA),2017,46309,
941,Bridgewater College (VA),2017,46310,
941,Bridgewater College (VA),2017,53074,
941,Bridgewater College (VA),2017,53075,
941,Bridgewater College (VA),2017,53076,
941,Bridgewater College (VA),2017,53077,
941,Bridgewater College (VA),2017,53078,
941,Bridgewater College (VA),2017,53079,
941,Bridgewater College (VA),2017,53080,
941,Bridgewater College (VA),2017,53081,
941,Bridgewater College (VA),2017,53082,
941,Bridgewater College (VA),2017,53083,
941,Bridgewater College (VA),2017,53084,
603,UT Dallas,2017,8909,
603,UT Dallas,2017,8910,
603,UT Dallas,2017,28160,
603,UT Dallas,2017,49900,
603,UT Dallas,2017,49901,
603,UT Dallas,2017,49902,
603,UT Dallas,2017,49905,
603,UT Dallas,2017,49909,
603,UT Dallas,2017,49910,
603,UT Dallas,2017,49911,
603,UT Dallas,2017,54944,
603,UT Dallas,2017,54945,
603,UT Dallas,2017,54946,
603,UT Dallas,2017,54947,
603,UT Dallas,2017,54948,
603,UT Dallas,2017,54949,
603,UT Dallas,2017,54950,
603,UT Dallas,2017,54951,
875,UT Tyler,2017,46774,
637,Southern Oregon,2017,9928,
637,Southern Oregon,2017,9929,
637,Southern Oregon,2017,9930,
637,Southern Oregon,2017,9931,
637,Southern Oregon,2017,9932,
637,Southern Oregon,2017,9933,
637,Southern Oregon,2017,9934,
637,Southern Oregon,2017,9935,
637,Southern Oregon,2017,9936,
637,Southern Oregon,2017,9937,
637,Southern Oregon,2017,9938,
637,Southern Oregon,2017,9939,
637,Southern Oregon,2017,9940,
637,Southern Oregon,2017,54716,
804,Southwestern Christian,2017,39578,
804,Southwestern Christian,2017,39579,
804,Southwestern Christian,2017,39580,
804,Southwestern Christian,2017,39581,
804,Southwestern Christian,2017,39582,
804,Southwestern Christian,2017,39583,
804,Southwestern Christian,2017,39584,
804,Southwestern Christian,2017,39585,
804,Southwestern Christian,2017,39586,
804,Southwestern Christian,2017,39587,
804,Southwestern Christian,2017,39588,
804,Southwestern Christian,2017,39589,
804,Southwestern Christian,2017,39590,
804,Southwestern Christian,2017,39591,
804,Southwestern Christian,2017,39592,
758,Harris-Stowe State,2017,49971,
758,Harris-Stowe State,2017,49978,
1018,Oklahoma Baptist,2017,36938,
1018,Oklahoma Baptist,2017,51066,
1018,Oklahoma Baptist,2017,54559,
1018,Oklahoma Baptist,2017,54560,
1018,Oklahoma Baptist,2017,54561,
1018,Oklahoma Baptist,2017,54562,
1018,Oklahoma Baptist,2017,54563,
1018,Oklahoma Baptist,2017,54564,
1018,Oklahoma Baptist,2017,54565,
1018,Oklahoma Baptist,2017,54566,
1018,Oklahoma Baptist,2017,54567,
1018,Oklahoma Baptist,2017,54568,
1018,Oklahoma Baptist,2017,54569,
1018,Oklahoma Baptist,2017,54570,
1018,Oklahoma Baptist,2017,54571,
1018,Oklahoma Baptist,2017,54572,
1018,Oklahoma Baptist,2017,54573,
1265,University of Mary,2017,48308,
1265,University of Mary,2017,48309,
1265,University of Mary,2017,48310,
1265,University of Mary,2017,48316,
1265,University of Mary,2017,48317,
1265,University of Mary,2017,48318,
1265,University of Mary,2017,48319,
1265,University of Mary,2017,48320,
1265,University of Mary,2017,53840,
1265,University of Mary,2017,53841,
1265,University of Mary,2017,53842,
1265,University of Mary,2017,53843,
1265,University of Mary,2017,53844,
1265,University of Mary,2017,53845,
1265,University of Mary,2017,53846,
1265,University of Mary,2017,53847,
1265,University of Mary,2017,53848,
1265,University of Mary,2017,53849,
652,Colorado Christian,2017,39810,
652,Colorado Christian,2017,39819,
652,Colorado Christian,2017,39820,
652,Colorado Christian,2017,53946,
652,Colorado Christian,2017,53947,
652,Colorado Christian,2017,53948,
652,Colorado Christian,2017,53949,
652,Colorado Christian,2017,53950,
652,Colorado Christian,2017,53951,
652,Colorado Christian,2017,53952,
652,Colorado Christian,2017,53953,
652,Colorado Christian,2017,53954,
652,Colorado Christian,2017,53955,
652,Colorado Christian,2017,53956,
535,Pfeiffer,2017,31113,
535,Pfeiffer,2017,39542,
535,Pfeiffer,2017,54890,
535,Pfeiffer,2017,54891,
535,Pfeiffer,2017,54892,
535,Pfeiffer,2017,54893,
535,Pfeiffer,2017,54894,
535,Pfeiffer,2017,54895,
535,Pfeiffer,2017,54896,
535,Pfeiffer,2017,54897,
535,Pfeiffer,2017,54898,
535,Pfeiffer,2017,54899,
535,Pfeiffer,2017,54900,
535,Pfeiffer,2017,54901,
535,Pfeiffer,2017,54902,
535,Pfeiffer,2017,54903,
535,Pfeiffer,2017,54904,
535,Pfeiffer,2017,54905,
565,Hawai'i Hilo,2017,50354,
565,Hawai'i Hilo,2017,50356,
565,Hawai'i Hilo,2017,50362,
565,Hawai'i Hilo,2017,50363,
565,Hawai'i Hilo,2017,50364,
565,Hawai'i Hilo,2017,50366,
565,Hawai'i Hilo,2017,50367,
565,Hawai'i Hilo,2017,54525,
565,Hawai'i Hilo,2017,54526,
565,Hawai'i Hilo,2017,54527,
565,Hawai'i Hilo,2017,54528,
565,Hawai'i Hilo,2017,54529,
565,Hawai'i Hilo,2017,54530,
565,Hawai'i Hilo,2017,54531,
565,Hawai'i Hilo,2017,54532,
565,Hawai'i Hilo,2017,54533,
565,Hawai'i Hilo,2017,54534,
565,Hawai'i Hilo,2017,54535,
565,Hawai'i Hilo,2017,54536,
728,Judson University,2017,36054,
928,Berea,2017,50007,
928,Berea,2017,50009,
928,Berea,2017,50013,
928,Berea,2017,50015,
928,Berea,2017,50016,
928,Berea,2017,50022,
928,Berea,2017,50023,
928,Berea,2017,54645,
928,Berea,2017,54646,
928,Berea,2017,54647,
928,Berea,2017,54648,
928,Berea,2017,54649,
928,Berea,2017,54650,
928,Berea,2017,54651,
987,Harding,2017,44669,
987,Harding,2017,44670,1990-05-30
987,Harding,2017,44671,1989-06-05
987,Harding,2017,44672,1989-07-17
987,Harding,2017,44678,1990-10-28
987,Harding,2017,44679,1990-09-11
809,Manhattanville,2017,55180,
809,Manhattanville,2017,55181,
809,Manhattanville,2017,55182,
809,Manhattanville,2017,55183,
809,Manhattanville,2017,55184,
809,Manhattanville,2017,55185,
809,Manhattanville,2017,55186,
809,Manhattanville,2017,55187,
809,Manhattanville,2017,55188,
809,Manhattanville,2017,55189,
809,Manhattanville,2017,55190,
809,Manhattanville,2017,55191,
809,Manhattanville,2017,55192,
809,Manhattanville,2017,55193,
809,Manhattanville,2017,55194,
809,Manhattanville,2017,55195,
809,Manhattanville,2017,55196,
881,Johnson & Wales (NC),2017,35273,
881,Johnson & Wales (NC),2017,35274,
881,Johnson & Wales (NC),2017,44781,
881,Johnson & Wales (NC),2017,44788,
881,Johnson & Wales (NC),2017,44789,
881,Johnson & Wales (NC),2017,49134,
881,Johnson & Wales (NC),2017,49135,
881,Johnson & Wales (NC),2017,54848,
881,Johnson & Wales (NC),2017,54849,
881,Johnson & Wales (NC),2017,54850,
881,Johnson & Wales (NC),2017,54851,
881,Johnson & Wales (NC),2017,54852,
881,Johnson & Wales (NC),2017,54853,
881,Johnson & Wales (NC),2017,54854,
881,Johnson & Wales (NC),2017,54855,
881,Johnson & Wales (NC),2017,54856,
881,Johnson & Wales (NC),2017,54857,
683,Southern Virginia,2017,34668,
683,Southern Virginia,2017,34669,
683,Southern Virginia,2017,34671,
683,Southern Virginia,2017,34672,
683,Southern Virginia,2017,34673,
683,Southern Virginia,2017,34674,
683,Southern Virginia,2017,34675,
683,Southern Virginia,2017,34676,
683,Southern Virginia,2017,34677,
683,Southern Virginia,2017,34678,
683,Southern Virginia,2017,34679,
683,Southern Virginia,2017,34680,
683,Southern Virginia,2017,34681,
683,Southern Virginia,2017,34682,
683,Southern Virginia,2017,34683,
683,Southern Virginia,2017,34684,
683,Southern Virginia,2017,34685,
683,Southern Virginia,2017,34686,
683,Southern Virginia,2017,34687,
683,Southern Virginia,2017,53728,
1270,Oregon Tech,2017,49083,
1270,Oregon Tech,2017,49087,
1270,Oregon Tech,2017,49097,
1270,Oregon Tech,2017,49098,
1270,Oregon Tech,2017,49099,
1270,Oregon Tech,2017,49100,
1270,Oregon Tech,2017,49101,
1270,Oregon Tech,2017,49102,
1270,Oregon Tech,2017,49103,
1270,Oregon Tech,2017,49104,
1270,Oregon Tech,2017,49105,
1270,Oregon Tech,2017,49106,
1270,Oregon Tech,2017,49107,
1270,Oregon Tech,2017,49108,
1270,Oregon Tech,2017,49109,
1213,Tampa,2017,40983,
1213,Tampa,2017,40991,
1213,Tampa,2017,40992,
1213,Tampa,2017,40993,
1213,Tampa,2017,40994,
1213,Tampa,2017,40995,
1213,Tampa,2017,40996,
1213,Tampa,2017,40997,1993-11-30
1213,Tampa,2017,40998,
1213,Tampa,2017,40999,
1213,Tampa,2017,41000,
1213,Tampa,2017,41001,
1213,Tampa,2017,41002,
1301,St. Josephs (IND),2017,50293,
1301,St. Josephs (IND),2017,50310,
1301,St. Josephs (IND),2017,54954,
1301,St. Josephs (IND),2017,54955,
1301,St. Josephs (IND),2017,54956,
1301,St. Josephs (IND),2017,54957,
1301,St. Josephs (IND),2017,54958,
1301,St. Josephs (IND),2017,54959,
1301,St. Josephs (IND),2017,54960,
1301,St. Josephs (IND),2017,54961,
1301,St. Josephs (IND),2017,54962,
1301,St. Josephs (IND),2017,54963,
1005,Union (NY),2017,54717,
1005,Union (NY),2017,54718,
1005,Union (NY),2017,54719,
1005,Union (NY),2017,54720,
1005,Union (NY),2017,54721,
1005,Union (NY),2017,54722,
1005,Union (NY),2017,54723,
1005,Union (NY),2017,54724,
1005,Union (NY),2017,54725,
1005,Union (NY),2017,54726,
1005,Union (NY),2017,54727,
1005,Union (NY),2017,54728,
1005,Union (NY),2017,54729,
1005,Union (NY),2017,54730,
1005,Union (NY),2017,54731,
1005,Union (NY),2017,54732,
1005,Union (NY),2017,54733,
1005,Union (NY),2017,54734,
699,Johnson University (TN),2017,48015,
699,Johnson University (TN),2017,48020,
699,Johnson University (TN),2017,48024,
699,Johnson University (TN),2017,48025,
699,Johnson University (TN),2017,48026,
699,Johnson University (TN),2017,48027,
699,Johnson University (TN),2017,48028,
699,Johnson University (TN),2017,48029,
699,Johnson University (TN),2017,48030,
699,Johnson University (TN),2017,48031,
699,Johnson University (TN),2017,48032,
699,Johnson University (TN),2017,48033,
699,Johnson University (TN),2017,48034,
699,Johnson University (TN),2017,48035,
699,Johnson University (TN),2017,48036,
699,Johnson University (TN),2017,48037,
699,Johnson University (TN),2017,48038,
699,Johnson University (TN),2017,48039,
699,Johnson University (TN),2017,48040,
699,Johnson University (TN),2017,48041,
699,Johnson University (TN),2017,48042,
699,Johnson University (TN),2017,48043,
1271,Staten Island,2017,49322,
1271,Staten Island,2017,49323,
1271,Staten Island,2017,49325,
1271,Staten Island,2017,49326,
1271,Staten Island,2017,49328,
1271,Staten Island,2017,49329,
1271,Staten Island,2017,49335,
1271,Staten Island,2017,49336,
1271,Staten Island,2017,49337,
1271,Staten Island,2017,49338,
1271,Staten Island,2017,49339,
1271,Staten Island,2017,49340,
1271,Staten Island,2017,49342,
1271,Staten Island,2017,49343,
1271,Staten Island,2017,49344,
1271,Staten Island,2017,49345,
1271,Staten Island,2017,55526,
1050,Master's University,2017,55401,
1050,Master's University,2017,55402,
1050,Master's University,2017,55403,
1050,Master's University,2017,55404,
1050,Master's University,2017,55405,
1050,Master's University,2017,55406,1997-02-04
1050,Master's University,2017,55407,
1050,Master's University,2017,55408,
1050,Master's University,2017,55409,
1050,Master's University,2017,55410,
1050,Master's University,2017,55411,
1050,Master's University,2017,55412,
1050,Master's University,2017,55413,
1050,Master's University,2017,55414,
1050,Master's University,2017,55415,
514,Dickinson (PA),2017,1910,
514,Dickinson (PA),2017,1911,
514,Dickinson (PA),2017,1913,
514,Dickinson (PA),2017,1915,
514,Dickinson (PA),2017,1918,
762,Ouachita Baptist,2017,47961,
762,Ouachita Baptist,2017,47963,
762,Ouachita Baptist,2017,47967,
762,Ouachita Baptist,2017,47968,
762,Ouachita Baptist,2017,47972,
531,LSU Alexandria,2017,25640,
531,LSU Alexandria,2017,31374,
531,LSU Alexandria,2017,33064,
531,LSU Alexandria,2017,54424,
531,LSU Alexandria,2017,54425,1993-09-10
531,LSU Alexandria,2017,54426,
531,LSU Alexandria,2017,54427,1994-12-06
531,LSU Alexandria,2017,54428,
531,LSU Alexandria,2017,54429,
531,LSU Alexandria,2017,54430,1994-01-18
531,LSU Alexandria,2017,54431,
531,LSU Alexandria,2017,54432,
531,LSU Alexandria,2017,54433,
531,LSU Alexandria,2017,54434,
531,LSU Alexandria,2017,54435,
531,LSU Alexandria,2017,54436,1994-09-24
531,LSU Alexandria,2017,54437,1994-05-16
531,LSU Alexandria,2017,54438,1994-05-16
531,LSU Alexandria,2017,54439,
531,LSU Alexandria,2017,54440,
531,LSU Alexandria,2017,54441,
531,LSU Alexandria,2017,54442,
531,LSU Alexandria,2017,54443,
531,LSU Alexandria,2017,54444,
531,LSU Alexandria,2017,54445,
531,LSU Alexandria,2017,54446,
531,LSU Alexandria,2017,54447,
531,LSU Alexandria,2017,54448,
531,LSU Alexandria,2017,54449,
531,LSU Alexandria,2017,54450,
531,LSU Alexandria,2017,54451,1994-01-09
531,LSU Alexandria,2017,54624,
531,LSU Alexandria,2017,54625,
531,LSU Alexandria,2017,54626,
531,LSU Alexandria,2017,54627,
531,LSU Alexandria,2017,54628,
531,LSU Alexandria,2017,54629,
531,LSU Alexandria,2017,54630,
1040,Cal State East Bay,2017,55134,
1040,Cal State East Bay,2017,55135,
1040,Cal State East Bay,2017,55136,
1040,Cal State East Bay,2017,55137,
1040,Cal State East Bay,2017,55138,
1040,Cal State East Bay,2017,55139,
1040,Cal State East Bay,2017,55140,
1040,Cal State East Bay,2017,55141,
1040,Cal State East Bay,2017,55142,
1040,Cal State East Bay,2017,55143,1995-04-20
1040,Cal State East Bay,2017,55144,
1040,Cal State East Bay,2017,55145,
1040,Cal State East Bay,2017,55146,
1040,Cal State East Bay,2017,55147,
1040,Cal State East Bay,2017,55148,
1040,Cal State East Bay,2017,55149,
1040,Cal State East Bay,2017,55150,
1130,Point,2017,31007,
1130,Point,2017,31008,
1130,Point,2017,31022,
1130,Point,2017,31023,
1130,Point,2017,55299,
1130,Point,2017,55300,
1130,Point,2017,55301,
1130,Point,2017,55302,
1130,Point,2017,55303,
1130,Point,2017,55304,1990-12-30
1130,Point,2017,55305,
1130,Point,2017,55306,
1130,Point,2017,55307,
670,La Sierra,2017,32745,
670,La Sierra,2017,32746,
670,La Sierra,2017,32747,
670,La Sierra,2017,32748,
670,La Sierra,2017,32749,
670,La Sierra,2017,32750,
670,La Sierra,2017,32751,
670,La Sierra,2017,32752,
670,La Sierra,2017,32753,
670,La Sierra,2017,32754,
670,La Sierra,2017,32755,
670,La Sierra,2017,32756,
670,La Sierra,2017,32757,
670,La Sierra,2017,32758,
670,La Sierra,2017,32759,
670,La Sierra,2017,32760,
670,La Sierra,2017,32761,
670,La Sierra,2017,32762,
670,La Sierra,2017,32763,
560,William Carey,2017,50580,
560,William Carey,2017,50581,
560,William Carey,2017,50582,
1057,Goucher,2017,39643,
1057,Goucher,2017,39659,
1057,Goucher,2017,49285,
1057,Goucher,2017,49288,
1057,Goucher,2017,49289,
1057,Goucher,2017,49290,
1057,Goucher,2017,49291,
1057,Goucher,2017,49292,
1057,Goucher,2017,49293,
1057,Goucher,2017,49294,
1057,Goucher,2017,49295,
1057,Goucher,2017,49296,
1057,Goucher,2017,49297,
1057,Goucher,2017,49298,
1057,Goucher,2017,49299,
545,St. Francis (IL),2017,39311,
545,St. Francis (IL),2017,39312,
545,St. Francis (IL),2017,39315,
545,St. Francis (IL),2017,44040,
545,St. Francis (IL),2017,47789,
545,St. Francis (IL),2017,47791,
545,St. Francis (IL),2017,47793,
545,St. Francis (IL),2017,47794,
545,St. Francis (IL),2017,47795,
545,St. Francis (IL),2017,47796,
545,St. Francis (IL),2017,47797,
545,St. Francis (IL),2017,47798,
545,St. Francis (IL),2017,52542,
545,St. Francis (IL),2017,52543,
545,St. Francis (IL),2017,52544,
545,St. Francis (IL),2017,52545,
545,St. Francis (IL),2017,52546,
545,St. Francis (IL),2017,52547,
545,St. Francis (IL),2017,52548,
545,St. Francis (IL),2017,52549,
545,St. Francis (IL),2017,52550,
545,St. Francis (IL),2017,52551,
545,St. Francis (IL),2017,52552,
940,Mayville State,2017,37257,
940,Mayville State,2017,45572,
940,Mayville State,2017,45573,
940,Mayville State,2017,45577,
940,Mayville State,2017,45578,
940,Mayville State,2017,48090,
940,Mayville State,2017,48091,
940,Mayville State,2017,48092,
940,Mayville State,2017,53814,
940,Mayville State,2017,53815,
940,Mayville State,2017,53816,
940,Mayville State,2017,53817,
940,Mayville State,2017,53818,
940,Mayville State,2017,53819,
940,Mayville State,2017,53820,
940,Mayville State,2017,53821,
940,Mayville State,2017,53822,
940,Mayville State,2017,53823,
940,Mayville State,2017,53824,
697,Mansfield,2017,11550,
697,Mansfield,2017,11551,
697,Mansfield,2017,11552,
697,Mansfield,2017,11553,
697,Mansfield,2017,11554,
697,Mansfield,2017,11555,
697,Mansfield,2017,11556,
697,Mansfield,2017,11557,
697,Mansfield,2017,11558,
697,Mansfield,2017,11559,
697,Mansfield,2017,11560,
697,Mansfield,2017,11561,
697,Mansfield,2017,11562,
697,Mansfield,2017,11563,
697,Mansfield,2017,11564,
697,Mansfield,2017,11565,
553,Dubuque,2017,45434,
553,Dubuque,2017,45435,
553,Dubuque,2017,45440,
553,Dubuque,2017,45457,
553,Dubuque,2017,50439,
553,Dubuque,2017,50440,
1190,Wesley,2017,38120,
1190,Wesley,2017,38135,
1190,Wesley,2017,38136,
1190,Wesley,2017,38137,
1190,Wesley,2017,48968,1995-01-19
1190,Wesley,2017,48972,
1190,Wesley,2017,48973,
831,Spalding,2017,43869,
831,Spalding,2017,44802,
831,Spalding,2017,44804,
831,Spalding,2017,44814,
831,Spalding,2017,54662,
831,Spalding,2017,54663,
831,Spalding,2017,54664,
831,Spalding,2017,54665,
831,Spalding,2017,54666,
831,Spalding,2017,54667,
831,Spalding,2017,54668,
831,Spalding,2017,54669,
831,Spalding,2017,54670,
831,Spalding,2017,54671,
831,Spalding,2017,54672,
831,Spalding,2017,54673,
831,Spalding,2017,54674,
831,Spalding,2017,54675,
831,Spalding,2017,54676,
831,Spalding,2017,54677,
811,Waldorf College,2017,54504,
811,Waldorf College,2017,54505,
811,Waldorf College,2017,54506,
811,Waldorf College,2017,54507,
811,Waldorf College,2017,54508,
811,Waldorf College,2017,54509,
811,Waldorf College,2017,54510,
811,Waldorf College,2017,54511,
811,Waldorf College,2017,54512,
811,Waldorf College,2017,54513,
811,Waldorf College,2017,54514,
811,Waldorf College,2017,54515,
811,Waldorf College,2017,54516,
811,Waldorf College,2017,54517,
811,Waldorf College,2017,54518,
811,Waldorf College,2017,54519,
811,Waldorf College,2017,54520,
811,Waldorf College,2017,54521,
811,Waldorf College,2017,54522,
811,Waldorf College,2017,54523,
811,Waldorf College,2017,54524,
1198,Arkansas Tech,2017,39428,
1198,Arkansas Tech,2017,39429,
1198,Arkansas Tech,2017,39430,
1198,Arkansas Tech,2017,39431,
1198,Arkansas Tech,2017,39432,
1198,Arkansas Tech,2017,39433,
1198,Arkansas Tech,2017,39434,
1198,Arkansas Tech,2017,39435,
1198,Arkansas Tech,2017,39436,
1198,Arkansas Tech,2017,39437,
1198,Arkansas Tech,2017,39438,
1198,Arkansas Tech,2017,39439,
1198,Arkansas Tech,2017,39440,
1198,Arkansas Tech,2017,39441,
1198,Arkansas Tech,2017,39442,
1115,Quincy,2017,36116,
1115,Quincy,2017,36122,
1115,Quincy,2017,49587,
587,St. Andrews,2017,39207,
587,St. Andrews,2017,39208,
587,St. Andrews,2017,39209,
587,St. Andrews,2017,49463,
587,St. Andrews,2017,49465,
587,St. Andrews,2017,49468,
587,St. Andrews,2017,49469,
587,St. Andrews,2017,49470,
587,St. Andrews,2017,49471,
587,St. Andrews,2017,49472,
587,St. Andrews,2017,49473,
587,St. Andrews,2017,49474,
587,St. Andrews,2017,49475,
587,St. Andrews,2017,49476,
587,St. Andrews,2017,49477,
587,St. Andrews,2017,49478,
587,St. Andrews,2017,49479,
587,St. Andrews,2017,49480,
1240,Miles,2017,44730,
1240,Miles,2017,44735,
1240,Miles,2017,50206,
1240,Miles,2017,50208,
1240,Miles,2017,50214,
1240,Miles,2017,50215,
1240,Miles,2017,55152,
1240,Miles,2017,55153,
1240,Miles,2017,55154,
1240,Miles,2017,55155,
1240,Miles,2017,55156,
1240,Miles,2017,55157,
1240,Miles,2017,55158,
1240,Miles,2017,55159,
1240,Miles,2017,55160,
1240,Miles,2017,55161,
1240,Miles,2017,55162,
1240,Miles,2017,55163,
1240,Miles,2017,55164,
1240,Miles,2017,55165,
1240,Miles,2017,55166,
1240,Miles,2017,55633,
604,Wayland Baptist,2017,8964,
604,Wayland Baptist,2017,8965,
604,Wayland Baptist,2017,8966,
604,Wayland Baptist,2017,51060,
604,Wayland Baptist,2017,51061,
604,Wayland Baptist,2017,51068,
604,Wayland Baptist,2017,55456,
604,Wayland Baptist,2017,55457,
604,Wayland Baptist,2017,55458,
604,Wayland Baptist,2017,55459,
604,Wayland Baptist,2017,55460,
604,Wayland Baptist,2017,55461,
604,Wayland Baptist,2017,55462,
604,Wayland Baptist,2017,55463,
604,Wayland Baptist,2017,55464,
604,Wayland Baptist,2017,55465,
1262,Wheelock College,2017,36179,
1262,Wheelock College,2017,46192,
1262,Wheelock College,2017,46198,
1262,Wheelock College,2017,46199,
1262,Wheelock College,2017,46201,
1262,Wheelock College,2017,46202,
1262,Wheelock College,2017,46203,
1262,Wheelock College,2017,46204,
1262,Wheelock College,2017,46205,
1262,Wheelock College,2017,46206,
1262,Wheelock College,2017,46207,
1262,Wheelock College,2017,46208,
1262,Wheelock College,2017,46209,
1262,Wheelock College,2017,46210,
1262,Wheelock College,2017,46211,
1262,Wheelock College,2017,55746,
842,Carroll (MT),2017,49859,
842,Carroll (MT),2017,49860,
842,Carroll (MT),2017,49861,
842,Carroll (MT),2017,49862,
842,Carroll (MT),2017,49864,
842,Carroll (MT),2017,49865,
842,Carroll (MT),2017,49866,
842,Carroll (MT),2017,49867,
842,Carroll (MT),2017,49871,
842,Carroll (MT),2017,49872,
842,Carroll (MT),2017,49873,
842,Carroll (MT),2017,49874,
842,Carroll (MT),2017,49875,
842,Carroll (MT),2017,49876,
1282,Great Falls,2017,50729,1994-03-17
1282,Great Falls,2017,50730,1996-04-04
1282,Great Falls,2017,50731,1989-06-26
1282,Great Falls,2017,50736,1997-02-20
1282,Great Falls,2017,50737,1996-10-22
1282,Great Falls,2017,50738,1996-05-08
1282,Great Falls,2017,50741,1997-09-21
1282,Great Falls,2017,50742,1997-01-01
1282,Great Falls,2017,50743,
1282,Great Falls,2017,50745,1996-02-24
1282,Great Falls,2017,50746,1991-02-02
1282,Great Falls,2017,50747,1997-07-26
1282,Great Falls,2017,50748,1997-03-09
1282,Great Falls,2017,50749,1996-10-04
1282,Great Falls,2017,54964,1992-03-13
1282,Great Falls,2017,54965,1993-11-22
1282,Great Falls,2017,54966,1994-11-19
1282,Great Falls,2017,54967,1991-03-22
1282,Great Falls,2017,54968,
1282,Great Falls,2017,54969,1992-10-06
1282,Great Falls,2017,54970,1993-08-23
1282,Great Falls,2017,54971,1992-09-04
1282,Great Falls,2017,54972,
1282,Great Falls,2017,54973,1986-10-22
506,Alice Lloyd College,2017,33827,
506,Alice Lloyd College,2017,33833,
506,Alice Lloyd College,2017,33834,
968,Mount Saint Vincent,2017,41645,
968,Mount Saint Vincent,2017,41648,
968,Mount Saint Vincent,2017,41649,
968,Mount Saint Vincent,2017,41652,
968,Mount Saint Vincent,2017,55004,
968,Mount Saint Vincent,2017,55005,
968,Mount Saint Vincent,2017,55006,
968,Mount Saint Vincent,2017,55007,
968,Mount Saint Vincent,2017,55008,
968,Mount Saint Vincent,2017,55009,
968,Mount Saint Vincent,2017,55010,
968,Mount Saint Vincent,2017,55011,
968,Mount Saint Vincent,2017,55012,
968,Mount Saint Vincent,2017,55013,
968,Mount Saint Vincent,2017,55014,
968,Mount Saint Vincent,2017,55015,
968,Mount Saint Vincent,2017,55016,
968,Mount Saint Vincent,2017,55017,
968,Mount Saint Vincent,2017,55018,
742,Arlington Baptist,2017,36143,
742,Arlington Baptist,2017,42073,
742,Arlington Baptist,2017,42076,
742,Arlington Baptist,2017,42084,
742,Arlington Baptist,2017,42093,
742,Arlington Baptist,2017,42094,
742,Arlington Baptist,2017,42095,
742,Arlington Baptist,2017,42096,
742,Arlington Baptist,2017,55339,
742,Arlington Baptist,2017,55340,
742,Arlington Baptist,2017,55341,
742,Arlington Baptist,2017,55342,
742,Arlington Baptist,2017,55343,
742,Arlington Baptist,2017,55344,
742,Arlington Baptist,2017,55345,
742,Arlington Baptist,2017,55346,
724,Nazareth College,2017,12240,
724,Nazareth College,2017,12245,
724,Nazareth College,2017,12246,
724,Nazareth College,2017,12247,
724,Nazareth College,2017,12248,
724,Nazareth College,2017,12249,
724,Nazareth College,2017,53976,
724,Nazareth College,2017,53977,
724,Nazareth College,2017,53978,
724,Nazareth College,2017,53979,
724,Nazareth College,2017,53980,
724,Nazareth College,2017,53981,
724,Nazareth College,2017,53982,
724,Nazareth College,2017,53983,
724,Nazareth College,2017,53984,
1008,St. Mary's (TX),2017,34212,
1008,St. Mary's (TX),2017,34213,
1008,St. Mary's (TX),2017,34214,
1008,St. Mary's (TX),2017,36570,1996-07-08
1008,St. Mary's (TX),2017,50524,
1008,St. Mary's (TX),2017,50525,
1008,St. Mary's (TX),2017,50526,
1008,St. Mary's (TX),2017,50528,
1008,St. Mary's (TX),2017,50531,
1008,St. Mary's (TX),2017,55042,
1008,St. Mary's (TX),2017,55043,
1008,St. Mary's (TX),2017,55044,
1008,St. Mary's (TX),2017,55045,
1008,St. Mary's (TX),2017,55046,
1008,St. Mary's (TX),2017,55047,
1008,St. Mary's (TX),2017,55048,
1008,St. Mary's (TX),2017,55049,
826,Medgar Evers,2017,43511,
826,Medgar Evers,2017,43512,
826,Medgar Evers,2017,43513,
826,Medgar Evers,2017,43514,
826,Medgar Evers,2017,43515,
826,Medgar Evers,2017,43516,
826,Medgar Evers,2017,43518,
826,Medgar Evers,2017,43519,
826,Medgar Evers,2017,43520,
826,Medgar Evers,2017,43521,
826,Medgar Evers,2017,43522,
826,Medgar Evers,2017,43523,
826,Medgar Evers,2017,43524,
826,Medgar Evers,2017,43526,
826,Medgar Evers,2017,43527,
826,Medgar Evers,2017,43528,
1055,Williams Baptist,2017,25324,
1055,Williams Baptist,2017,25329,
1055,Williams Baptist,2017,25330,
1055,Williams Baptist,2017,25332,
1055,Williams Baptist,2017,50189,
1055,Williams Baptist,2017,50192,
1055,Williams Baptist,2017,55447,
1055,Williams Baptist,2017,55448,
1055,Williams Baptist,2017,55449,
1055,Williams Baptist,2017,55450,
1055,Williams Baptist,2017,55451,
1055,Williams Baptist,2017,55452,
1055,Williams Baptist,2017,55453,
1055,Williams Baptist,2017,55454,
1055,Williams Baptist,2017,55455,
1032,Wabash College,2017,44421,
1032,Wabash College,2017,44424,
1032,Wabash College,2017,44435,
1032,Wabash College,2017,44436,
1032,Wabash College,2017,44437,
1032,Wabash College,2017,54792,
1032,Wabash College,2017,54793,
1032,Wabash College,2017,54794,
1032,Wabash College,2017,54795,
1032,Wabash College,2017,54796,
1032,Wabash College,2017,54797,
1032,Wabash College,2017,54798,
1032,Wabash College,2017,54799,
1032,Wabash College,2017,54800,
1032,Wabash College,2017,54801,
1032,Wabash College,2017,54802,
1032,Wabash College,2017,54803,
1032,Wabash College,2017,54804,
1032,Wabash College,2017,54805,
1032,Wabash College,2017,54806,
764,Montana Tech,2017,38863,
764,Montana Tech,2017,38872,
764,Montana Tech,2017,50722,
764,Montana Tech,2017,50724,
764,Montana Tech,2017,50725,
764,Montana Tech,2017,50726,
764,Montana Tech,2017,55317,
764,Montana Tech,2017,55318,
764,Montana Tech,2017,55319,
764,Montana Tech,2017,55320,
764,Montana Tech,2017,55321,
764,Montana Tech,2017,55322,
764,Montana Tech,2017,55323,
764,Montana Tech,2017,55324,
1004,Manchester,2017,37147,
1004,Manchester,2017,44625,
1169,Midwestern State,2017,34229,
1169,Midwestern State,2017,34230,
1169,Midwestern State,2017,34231,
1169,Midwestern State,2017,34232,
1169,Midwestern State,2017,34233,
1169,Midwestern State,2017,34234,
1169,Midwestern State,2017,34235,
1169,Midwestern State,2017,34239,
1169,Midwestern State,2017,34240,
1169,Midwestern State,2017,34241,
1169,Midwestern State,2017,34242,
1169,Midwestern State,2017,34243,
1169,Midwestern State,2017,34244,
1169,Midwestern State,2017,34245,
1169,Midwestern State,2017,34246,
1169,Midwestern State,2017,34247,
1165,Olivet,2017,50800,
1165,Olivet,2017,50801,
1165,Olivet,2017,50803,
1165,Olivet,2017,50808,
1165,Olivet,2017,55683,
1165,Olivet,2017,55684,
1165,Olivet,2017,55685,
1165,Olivet,2017,55686,
1165,Olivet,2017,55687,
1165,Olivet,2017,55688,
1165,Olivet,2017,55689,
1165,Olivet,2017,55690,
1165,Olivet,2017,55691,
1165,Olivet,2017,55692,
1165,Olivet,2017,55693,
1165,Olivet,2017,55694,
1165,Olivet,2017,55695,
973,Lebanon Valley,2017,53678,
973,Lebanon Valley,2017,53679,
973,Lebanon Valley,2017,53680,
973,Lebanon Valley,2017,53681,
973,Lebanon Valley,2017,53682,
973,Lebanon Valley,2017,53683,
973,Lebanon Valley,2017,53684,
973,Lebanon Valley,2017,53685,
973,Lebanon Valley,2017,53686,
973,Lebanon Valley,2017,53687,
973,Lebanon Valley,2017,53688,
973,Lebanon Valley,2017,53689,
973,Lebanon Valley,2017,53690,
973,Lebanon Valley,2017,53691,
973,Lebanon Valley,2017,53692,
973,Lebanon Valley,2017,53693,
973,Lebanon Valley,2017,53694,
973,Lebanon Valley,2017,53695,
1291,Pomona Pitzer,2017,52835,
1291,Pomona Pitzer,2017,52836,
1291,Pomona Pitzer,2017,52837,
1291,Pomona Pitzer,2017,52838,
1291,Pomona Pitzer,2017,52839,
1291,Pomona Pitzer,2017,52840,
1291,Pomona Pitzer,2017,52841,
1291,Pomona Pitzer,2017,52842,
1291,Pomona Pitzer,2017,52843,
1291,Pomona Pitzer,2017,52844,
1291,Pomona Pitzer,2017,52845,
1291,Pomona Pitzer,2017,52846,
1291,Pomona Pitzer,2017,52847,
1291,Pomona Pitzer,2017,52848,
1291,Pomona Pitzer,2017,52849,
1291,Pomona Pitzer,2017,52850,
1291,Pomona Pitzer,2017,52851,
1291,Pomona Pitzer,2017,52852,
1291,Pomona Pitzer,2017,52853,
1291,Pomona Pitzer,2017,52854,
1291,Pomona Pitzer,2017,52855,
1291,Pomona Pitzer,2017,52856,
1291,Pomona Pitzer,2017,52857,
1291,Pomona Pitzer,2017,55050,
1163,Freed-Hardeman,2017,41237,
1163,Freed-Hardeman,2017,41239,
1163,Freed-Hardeman,2017,41240,
1163,Freed-Hardeman,2017,41247,
1163,Freed-Hardeman,2017,41248,
1238,University of The Ozarks,2017,44525,
1238,University of The Ozarks,2017,44529,
1238,University of The Ozarks,2017,44530,
1238,University of The Ozarks,2017,44542,
1238,University of The Ozarks,2017,48426,
1238,University of The Ozarks,2017,48432,
1238,University of The Ozarks,2017,48437,
1238,University of The Ozarks,2017,53564,
1238,University of The Ozarks,2017,53565,
1238,University of The Ozarks,2017,53566,
1238,University of The Ozarks,2017,53567,
1238,University of The Ozarks,2017,53568,
1238,University of The Ozarks,2017,53569,
1238,University of The Ozarks,2017,53570,
1238,University of The Ozarks,2017,53571,
1238,University of The Ozarks,2017,53572,
1238,University of The Ozarks,2017,53573,
1238,University of The Ozarks,2017,53574,
1238,University of The Ozarks,2017,53575,
521,Trinity Baptist,2017,35898,
521,Trinity Baptist,2017,44598,
521,Trinity Baptist,2017,44601,
521,Trinity Baptist,2017,49227,
521,Trinity Baptist,2017,49228,
521,Trinity Baptist,2017,49235,
521,Trinity Baptist,2017,49236,
521,Trinity Baptist,2017,49237,
521,Trinity Baptist,2017,49238,
521,Trinity Baptist,2017,49239,
521,Trinity Baptist,2017,49240,
521,Trinity Baptist,2017,49242,
521,Trinity Baptist,2017,49248,
521,Trinity Baptist,2017,49249,
521,Trinity Baptist,2017,49250,
521,Trinity Baptist,2017,49251,
521,Trinity Baptist,2017,50217,
521,Trinity Baptist,2017,53644,
521,Trinity Baptist,2017,53645,
521,Trinity Baptist,2017,53646,
521,Trinity Baptist,2017,53647,
521,Trinity Baptist,2017,53648,
521,Trinity Baptist,2017,53649,
521,Trinity Baptist,2017,53650,
521,Trinity Baptist,2017,53651,
521,Trinity Baptist,2017,53652,
715,Rogers State,2017,38984,
715,Rogers State,2017,38987,
715,Rogers State,2017,38995,
715,Rogers State,2017,38996,
715,Rogers State,2017,38997,
715,Rogers State,2017,38998,
715,Rogers State,2017,38999,
715,Rogers State,2017,39000,
715,Rogers State,2017,39001,
715,Rogers State,2017,39002,
715,Rogers State,2017,39003,
715,Rogers State,2017,39004,
715,Rogers State,2017,39005,
715,Rogers State,2017,39006,
715,Rogers State,2017,39007,
715,Rogers State,2017,39008,
715,Rogers State,2017,53585,
1309,Ottawa (KS),2017,55824,
1309,Ottawa (KS),2017,55825,
1309,Ottawa (KS),2017,55826,
1309,Ottawa (KS),2017,55827,
1309,Ottawa (KS),2017,55828,
1309,Ottawa (KS),2017,55829,
1309,Ottawa (KS),2017,55830,
1309,Ottawa (KS),2017,55831,
1309,Ottawa (KS),2017,55832,
1309,Ottawa (KS),2017,55833,
1309,Ottawa (KS),2017,55834,
1309,Ottawa (KS),2017,55835,
1309,Ottawa (KS),2017,55836,
1309,Ottawa (KS),2017,55837,1997-10-23
1309,Ottawa (KS),2017,55838,
1309,Ottawa (KS),2017,55839,
1309,Ottawa (KS),2017,55840,
1309,Ottawa (KS),2017,55841,
1309,Ottawa (KS),2017,55842,
1309,Ottawa (KS),2017,55843,
932,Northwest Nazarene,2017,19013,
932,Northwest Nazarene,2017,45064,
932,Northwest Nazarene,2017,45066,
932,Northwest Nazarene,2017,45067,
932,Northwest Nazarene,2017,45070,
932,Northwest Nazarene,2017,45071,
932,Northwest Nazarene,2017,50349,
932,Northwest Nazarene,2017,50350,
932,Northwest Nazarene,2017,50351,
932,Northwest Nazarene,2017,50352,
932,Northwest Nazarene,2017,53268,1993-08-26
932,Northwest Nazarene,2017,53269,
932,Northwest Nazarene,2017,53270,
932,Northwest Nazarene,2017,53271,
932,Northwest Nazarene,2017,53272,
1158,McKendree,2017,40885,
1158,McKendree,2017,40888,
1158,McKendree,2017,40894,
1158,McKendree,2017,53783,
1158,McKendree,2017,53784,
1158,McKendree,2017,53785,
1158,McKendree,2017,53786,
1158,McKendree,2017,53787,
1158,McKendree,2017,53788,
1158,McKendree,2017,53789,
1158,McKendree,2017,53790,
1158,McKendree,2017,53791,
1158,McKendree,2017,53792,
1158,McKendree,2017,53793,
516,Mid-Atlantic Christian,2017,42208,
580,Ohio Christian,2017,29401,
580,Ohio Christian,2017,31136,
580,Ohio Christian,2017,31146,
580,Ohio Christian,2017,31147,
580,Ohio Christian,2017,31148,
580,Ohio Christian,2017,55724,
580,Ohio Christian,2017,55725,
580,Ohio Christian,2017,55726,
580,Ohio Christian,2017,55727,
580,Ohio Christian,2017,55728,
580,Ohio Christian,2017,55729,
580,Ohio Christian,2017,55730,
580,Ohio Christian,2017,55731,
580,Ohio Christian,2017,55732,
580,Ohio Christian,2017,55733,
580,Ohio Christian,2017,55734,
720,Northern New Mexico,2017,29194,
720,Northern New Mexico,2017,40299,
720,Northern New Mexico,2017,40300,
720,Northern New Mexico,2017,40301,
720,Northern New Mexico,2017,40307,
720,Northern New Mexico,2017,40308,
720,Northern New Mexico,2017,40309,
720,Northern New Mexico,2017,40310,
720,Northern New Mexico,2017,40311,
720,Northern New Mexico,2017,48148,
720,Northern New Mexico,2017,48149,
720,Northern New Mexico,2017,48150,
720,Northern New Mexico,2017,48151,
720,Northern New Mexico,2017,48152,
720,Northern New Mexico,2017,48153,
720,Northern New Mexico,2017,48154,
720,Northern New Mexico,2017,48155,
720,Northern New Mexico,2017,48156,
720,Northern New Mexico,2017,48157,
720,Northern New Mexico,2017,48158,
720,Northern New Mexico,2017,48159,
720,Northern New Mexico,2017,48160,
720,Northern New Mexico,2017,48161,
840,Covenant,2017,32649,
840,Covenant,2017,45630,
840,Covenant,2017,45631,
840,Covenant,2017,45632,
840,Covenant,2017,45633,
840,Covenant,2017,45639,
840,Covenant,2017,45640,
840,Covenant,2017,55597,
840,Covenant,2017,55598,
840,Covenant,2017,55599,
840,Covenant,2017,55600,
840,Covenant,2017,55601,
840,Covenant,2017,55602,
840,Covenant,2017,55603,
840,Covenant,2017,55604,
840,Covenant,2017,55605,
840,Covenant,2017,55606,
564,New Mexico Highlands,2017,49856,
564,New Mexico Highlands,2017,49857,
1126,Farmingdale State,2017,38015,
1126,Farmingdale State,2017,38016,
1126,Farmingdale State,2017,38017,
1126,Farmingdale State,2017,38018,
1126,Farmingdale State,2017,38019,
1126,Farmingdale State,2017,38020,
1126,Farmingdale State,2017,38021,
1126,Farmingdale State,2017,38022,
1126,Farmingdale State,2017,38023,
1126,Farmingdale State,2017,38024,
1126,Farmingdale State,2017,38025,
1126,Farmingdale State,2017,38026,
1126,Farmingdale State,2017,38027,
1126,Farmingdale State,2017,38028,
1126,Farmingdale State,2017,38029,
1278,Panhandle St (OK),2017,44471,
1278,Panhandle St (OK),2017,49950,
1278,Panhandle St (OK),2017,50443,
1278,Panhandle St (OK),2017,50444,
1278,Panhandle St (OK),2017,50449,
1278,Panhandle St (OK),2017,50454,
1278,Panhandle St (OK),2017,50455,
1278,Panhandle St (OK),2017,54046,
1278,Panhandle St (OK),2017,54047,
1278,Panhandle St (OK),2017,54048,
1278,Panhandle St (OK),2017,54049,
1278,Panhandle St (OK),2017,54050,
1278,Panhandle St (OK),2017,54051,
1278,Panhandle St (OK),2017,54052,
1278,Panhandle St (OK),2017,54053,
1278,Panhandle St (OK),2017,54054,
1278,Panhandle St (OK),2017,54055,
1278,Panhandle St (OK),2017,54056,
858,UC Merced,2017,40229,
858,UC Merced,2017,40230,
858,UC Merced,2017,40239,
858,UC Merced,2017,40240,
858,UC Merced,2017,40241,
858,UC Merced,2017,40242,
858,UC Merced,2017,40243,
858,UC Merced,2017,40244,
858,UC Merced,2017,50775,
858,UC Merced,2017,54923,
858,UC Merced,2017,54924,
858,UC Merced,2017,54925,
858,UC Merced,2017,54926,
766,Cumberland (KY),2017,41367,
766,Cumberland (KY),2017,41368,
766,Cumberland (KY),2017,41371,
766,Cumberland (KY),2017,41376,
766,Cumberland (KY),2017,41377,
680,Haskell,2017,40467,
680,Haskell,2017,40470,
993,Missouri S&T,2017,34432,
993,Missouri S&T,2017,34435,
993,Missouri S&T,2017,34436,
993,Missouri S&T,2017,34437,
993,Missouri S&T,2017,34438,
993,Missouri S&T,2017,49574,
993,Missouri S&T,2017,49577,
993,Missouri S&T,2017,49578,
993,Missouri S&T,2017,49579,
993,Missouri S&T,2017,49580,
993,Missouri S&T,2017,49581,
993,Missouri S&T,2017,49582,
993,Missouri S&T,2017,49583,
993,Missouri S&T,2017,49584,
993,Missouri S&T,2017,49585,
1147,Belmont Abbey,2017,41078,
1147,Belmont Abbey,2017,41079,
1147,Belmont Abbey,2017,41080,
1147,Belmont Abbey,2017,41081,
1147,Belmont Abbey,2017,41082,
1147,Belmont Abbey,2017,41083,
1147,Belmont Abbey,2017,41084,
1147,Belmont Abbey,2017,41085,
1147,Belmont Abbey,2017,41086,
1147,Belmont Abbey,2017,41087,
1147,Belmont Abbey,2017,41088,
1147,Belmont Abbey,2017,41089,
1147,Belmont Abbey,2017,41090,
1147,Belmont Abbey,2017,41091,
1147,Belmont Abbey,2017,41092,
1147,Belmont Abbey,2017,41093,
1147,Belmont Abbey,2017,41094,
1147,Belmont Abbey,2017,54577,
857,Vanguard,2017,34761,
857,Vanguard,2017,34762,
857,Vanguard,2017,34763,
857,Vanguard,2017,34764,
857,Vanguard,2017,34765,
857,Vanguard,2017,34766,
857,Vanguard,2017,34767,1994-04-16
857,Vanguard,2017,34768,
857,Vanguard,2017,34769,
857,Vanguard,2017,34770,
857,Vanguard,2017,34771,
857,Vanguard,2017,34772,
857,Vanguard,2017,34773,
857,Vanguard,2017,34774,
857,Vanguard,2017,34775,
857,Vanguard,2017,34776,
857,Vanguard,2017,34777,
857,Vanguard,2017,34778,
857,Vanguard,2017,34779,
1205,Pine Manor,2017,40114,
1205,Pine Manor,2017,40124,
1205,Pine Manor,2017,40127,
1227,Hiwassee,2017,43812,
1227,Hiwassee,2017,43813,
1227,Hiwassee,2017,43815,
1227,Hiwassee,2017,43816,
1227,Hiwassee,2017,43821,
1227,Hiwassee,2017,48786,
1227,Hiwassee,2017,48787,
1227,Hiwassee,2017,48788,
1227,Hiwassee,2017,48789,
1227,Hiwassee,2017,48793,
1227,Hiwassee,2017,48794,
1227,Hiwassee,2017,53407,
1227,Hiwassee,2017,53408,
1227,Hiwassee,2017,53409,
1227,Hiwassee,2017,53410,
1227,Hiwassee,2017,53411,
1227,Hiwassee,2017,53876,
1227,Hiwassee,2017,53877,
1227,Hiwassee,2017,53878,
1268,Rockhurst,2017,48611,
1268,Rockhurst,2017,48612,
814,Asbury,2017,49699,
814,Asbury,2017,49700,
814,Asbury,2017,49702,
814,Asbury,2017,49703,
814,Asbury,2017,49704,
814,Asbury,2017,49710,
814,Asbury,2017,49711,
814,Asbury,2017,49712,
814,Asbury,2017,49713,
814,Asbury,2017,49719,
814,Asbury,2017,55656,
814,Asbury,2017,55657,
814,Asbury,2017,55658,
814,Asbury,2017,55659,
814,Asbury,2017,55660,
814,Asbury,2017,55661,
814,Asbury,2017,55662,
814,Asbury,2017,55663,
814,Asbury,2017,55664,
960,E. New Mexico,2017,28185,
960,E. New Mexico,2017,44927,
960,E. New Mexico,2017,44929,
960,E. New Mexico,2017,49847,
960,E. New Mexico,2017,50508,
960,E. New Mexico,2017,50509,
960,E. New Mexico,2017,50510,
960,E. New Mexico,2017,55607,
960,E. New Mexico,2017,55608,
960,E. New Mexico,2017,55609,
960,E. New Mexico,2017,55610,
960,E. New Mexico,2017,55611,
960,E. New Mexico,2017,55612,
960,E. New Mexico,2017,55613,
960,E. New Mexico,2017,55614,
960,E. New Mexico,2017,55615,
960,E. New Mexico,2017,55616,
960,E. New Mexico,2017,55617,
960,E. New Mexico,2017,55618,
1196,Urbana,2017,38837,
1196,Urbana,2017,39043,
1196,Urbana,2017,39059,
1196,Urbana,2017,41332,
1196,Urbana,2017,55221,
1196,Urbana,2017,55222,
1196,Urbana,2017,55223,
1196,Urbana,2017,55224,
1196,Urbana,2017,55225,
1196,Urbana,2017,55226,
1196,Urbana,2017,55227,
1196,Urbana,2017,55228,
1196,Urbana,2017,55229,
1196,Urbana,2017,55230,
1196,Urbana,2017,55231,
1196,Urbana,2017,55251,
791,Brewton-Parker,2017,32826,
791,Brewton-Parker,2017,36794,
791,Brewton-Parker,2017,36827,
791,Brewton-Parker,2017,41172,
791,Brewton-Parker,2017,42569,
791,Brewton-Parker,2017,45193,
791,Brewton-Parker,2017,45195,
791,Brewton-Parker,2017,45567,
791,Brewton-Parker,2017,52558,
791,Brewton-Parker,2017,52559,
791,Brewton-Parker,2017,52560,
791,Brewton-Parker,2017,52561,
791,Brewton-Parker,2017,52562,
791,Brewton-Parker,2017,52563,
791,Brewton-Parker,2017,52564,
791,Brewton-Parker,2017,52565,
791,Brewton-Parker,2017,52566,
791,Brewton-Parker,2017,52567,
791,Brewton-Parker,2017,52568,
791,Brewton-Parker,2017,52569,
791,Brewton-Parker,2017,52570,
791,Brewton-Parker,2017,52571,
1172,Wingate,2017,34393,
1172,Wingate,2017,34394,
1172,Wingate,2017,34395,
1172,Wingate,2017,34396,
1172,Wingate,2017,34397,
1172,Wingate,2017,34398,
1172,Wingate,2017,34399,
1172,Wingate,2017,34400,
1172,Wingate,2017,34401,1992-08-13
1172,Wingate,2017,34404,
1172,Wingate,2017,34405,
1172,Wingate,2017,34406,
1172,Wingate,2017,34407,
1172,Wingate,2017,34408,
1172,Wingate,2017,34409,
1172,Wingate,2017,34410,
1113,Indiana-Kokomo,2017,31728,
1113,Indiana-Kokomo,2017,32816,
1113,Indiana-Kokomo,2017,38337,
1113,Indiana-Kokomo,2017,38340,
1113,Indiana-Kokomo,2017,38345,
1113,Indiana-Kokomo,2017,38346,
1113,Indiana-Kokomo,2017,50155,
1113,Indiana-Kokomo,2017,50156,
1113,Indiana-Kokomo,2017,50157,
1113,Indiana-Kokomo,2017,50160,
1113,Indiana-Kokomo,2017,50162,
1113,Indiana-Kokomo,2017,51740,
1113,Indiana-Kokomo,2017,51741,
1113,Indiana-Kokomo,2017,51742,
1113,Indiana-Kokomo,2017,51743,
1113,Indiana-Kokomo,2017,51744,
1113,Indiana-Kokomo,2017,51745,
1297,Madonna,2017,48559,
1297,Madonna,2017,54537,
1297,Madonna,2017,54538,
1297,Madonna,2017,54539,
1297,Madonna,2017,54540,
1297,Madonna,2017,54541,
1297,Madonna,2017,54542,
1297,Madonna,2017,54543,
1297,Madonna,2017,54544,
1297,Madonna,2017,54545,
1297,Madonna,2017,54546,
1297,Madonna,2017,54547,
1297,Madonna,2017,54548,
1297,Madonna,2017,54549,
1297,Madonna,2017,54550,
1297,Madonna,2017,54551,
906,Northland,2017,37852,
906,Northland,2017,40876,
906,Northland,2017,40883,
906,Northland,2017,41597,
906,Northland,2017,42842,
906,Northland,2017,49390,
906,Northland,2017,49391,
906,Northland,2017,49392,
906,Northland,2017,49393,
906,Northland,2017,49394,
906,Northland,2017,49395,
906,Northland,2017,49397,
906,Northland,2017,49398,
906,Northland,2017,49399,
906,Northland,2017,49400,
906,Northland,2017,49401,
906,Northland,2017,49402,
906,Northland,2017,49403,
906,Northland,2017,49404,
945,Montevallo,2017,40800,
495,LaGrange,2017,44439,
495,LaGrange,2017,44442,
495,LaGrange,2017,44444,
495,LaGrange,2017,44445,
495,LaGrange,2017,44448,
495,LaGrange,2017,44449,
495,LaGrange,2017,52159,
495,LaGrange,2017,52160,
495,LaGrange,2017,52161,
495,LaGrange,2017,52162,
495,LaGrange,2017,52163,
495,LaGrange,2017,52164,
495,LaGrange,2017,52165,
495,LaGrange,2017,52166,
495,LaGrange,2017,52167,
495,LaGrange,2017,52168,
495,LaGrange,2017,52169,
495,LaGrange,2017,52170,
495,LaGrange,2017,52171,
495,LaGrange,2017,52172,
495,LaGrange,2017,52173,
495,LaGrange,2017,52174,
495,LaGrange,2017,52175,
495,LaGrange,2017,52176,
495,LaGrange,2017,52177,
495,LaGrange,2017,52178,
495,LaGrange,2017,52179,
1307,Grace,2017,55566,
1307,Grace,2017,55567,
1307,Grace,2017,55568,
1307,Grace,2017,55569,
1307,Grace,2017,55570,
1307,Grace,2017,55571,
1307,Grace,2017,55572,
1307,Grace,2017,55573,
1307,Grace,2017,55574,
1307,Grace,2017,55575,
1307,Grace,2017,55576,
1307,Grace,2017,55577,
1307,Grace,2017,55578,
1307,Grace,2017,55579,
668,Ecclesia,2017,37583,
668,Ecclesia,2017,37592,
668,Ecclesia,2017,48570,
668,Ecclesia,2017,48571,
668,Ecclesia,2017,48573,
668,Ecclesia,2017,48577,
668,Ecclesia,2017,48578,
668,Ecclesia,2017,48579,
668,Ecclesia,2017,48583,
668,Ecclesia,2017,48584,
668,Ecclesia,2017,48585,
668,Ecclesia,2017,48586,
668,Ecclesia,2017,48587,
668,Ecclesia,2017,48588,
668,Ecclesia,2017,48589,
668,Ecclesia,2017,48590,
668,Ecclesia,2017,48591,
668,Ecclesia,2017,48592,
1277,Henderson State,2017,50336,
1277,Henderson State,2017,50337,
1277,Henderson State,2017,50338,
1277,Henderson State,2017,50341,
1277,Henderson State,2017,50342,1993-11-16
1277,Henderson State,2017,50345,
1277,Henderson State,2017,50346,
1277,Henderson State,2017,50347,
1277,Henderson State,2017,55670,
1277,Henderson State,2017,55671,
1277,Henderson State,2017,55672,
1277,Henderson State,2017,55673,
1277,Henderson State,2017,55674,
1277,Henderson State,2017,55675,
1277,Henderson State,2017,55676,
1277,Henderson State,2017,55677,
1277,Henderson State,2017,55678,
1277,Henderson State,2017,55679,
1277,Henderson State,2017,55680,
1277,Henderson State,2017,55681,
1277,Henderson State,2017,55682,1991-10-22
1121,Maryville University (MO),2017,40569,
1121,Maryville University (MO),2017,40570,
1121,Maryville University (MO),2017,40571,
1121,Maryville University (MO),2017,40572,
1121,Maryville University (MO),2017,40573,
1121,Maryville University (MO),2017,40574,
1121,Maryville University (MO),2017,40575,
1121,Maryville University (MO),2017,40576,
1121,Maryville University (MO),2017,40577,
1121,Maryville University (MO),2017,40578,
1121,Maryville University (MO),2017,40579,
1121,Maryville University (MO),2017,40580,
1121,Maryville University (MO),2017,40581,
561,Southern-New Orleans,2017,23627,
561,Southern-New Orleans,2017,23628,
561,Southern-New Orleans,2017,23629,
561,Southern-New Orleans,2017,23630,
561,Southern-New Orleans,2017,23638,
561,Southern-New Orleans,2017,23639,
561,Southern-New Orleans,2017,23646,
561,Southern-New Orleans,2017,23647,
561,Southern-New Orleans,2017,23648,
561,Southern-New Orleans,2017,23649,
561,Southern-New Orleans,2017,54248,
561,Southern-New Orleans,2017,54249,
561,Southern-New Orleans,2017,54250,
561,Southern-New Orleans,2017,54251,
561,Southern-New Orleans,2017,54252,
561,Southern-New Orleans,2017,54253,
561,Southern-New Orleans,2017,54254,
561,Southern-New Orleans,2017,54255,
561,Southern-New Orleans,2017,54256,
561,Southern-New Orleans,2017,54257,
561,Southern-New Orleans,2017,54258,
561,Southern-New Orleans,2017,54259,
561,Southern-New Orleans,2017,54260,
561,Southern-New Orleans,2017,54261,
561,Southern-New Orleans,2017,54262,
561,Southern-New Orleans,2017,54263,
561,Southern-New Orleans,2017,54264,
561,Southern-New Orleans,2017,54265,
561,Southern-New Orleans,2017,54266,
561,Southern-New Orleans,2017,54267,
561,Southern-New Orleans,2017,54268,
561,Southern-New Orleans,2017,54269,
561,Southern-New Orleans,2017,54270,
561,Southern-New Orleans,2017,54271,
561,Southern-New Orleans,2017,54272,
561,Southern-New Orleans,2017,54273,
561,Southern-New Orleans,2017,54274,
561,Southern-New Orleans,2017,54275,
561,Southern-New Orleans,2017,54276,
561,Southern-New Orleans,2017,54277,
561,Southern-New Orleans,2017,54278,
561,Southern-New Orleans,2017,54279,
561,Southern-New Orleans,2017,54280,
561,Southern-New Orleans,2017,54281,
561,Southern-New Orleans,2017,54282,
561,Southern-New Orleans,2017,54283,
561,Southern-New Orleans,2017,54284,
561,Southern-New Orleans,2017,54285,
1179,Concordia (WI),2017,35725,
1179,Concordia (WI),2017,35726,
1179,Concordia (WI),2017,35729,
1179,Concordia (WI),2017,35742,
1179,Concordia (WI),2017,35747,
1010,Lees-McRae,2017,44790,
1010,Lees-McRae,2017,48501,
1010,Lees-McRae,2017,48502,
1010,Lees-McRae,2017,48503,
1010,Lees-McRae,2017,48504,
1010,Lees-McRae,2017,48505,
1010,Lees-McRae,2017,48506,
1010,Lees-McRae,2017,48507,
1010,Lees-McRae,2017,48508,
1010,Lees-McRae,2017,48509,
1010,Lees-McRae,2017,48510,
1010,Lees-McRae,2017,54839,
1010,Lees-McRae,2017,54840,
1010,Lees-McRae,2017,54841,
1010,Lees-McRae,2017,54842,
1010,Lees-McRae,2017,54843,
1010,Lees-McRae,2017,54844,
1010,Lees-McRae,2017,54845,
1010,Lees-McRae,2017,54846,
1010,Lees-McRae,2017,54847,
597,Eureka,2017,24999,
597,Eureka,2017,25000,
597,Eureka,2017,25001,
597,Eureka,2017,39941,
597,Eureka,2017,39942,
597,Eureka,2017,39943,
597,Eureka,2017,39944,
597,Eureka,2017,39947,
597,Eureka,2017,39948,
597,Eureka,2017,39949,
597,Eureka,2017,39950,
597,Eureka,2017,39951,
597,Eureka,2017,39952,
597,Eureka,2017,39953,
597,Eureka,2017,39954,
597,Eureka,2017,39955,
597,Eureka,2017,39956,
597,Eureka,2017,43953,
597,Eureka,2017,53576,
597,Eureka,2017,53577,
597,Eureka,2017,53578,
597,Eureka,2017,53579,
597,Eureka,2017,53580,
597,Eureka,2017,53581,
597,Eureka,2017,53582,
597,Eureka,2017,53583,
597,Eureka,2017,53584,
1193,Southwest Baptist,2017,38366,2004-10-19
1193,Southwest Baptist,2017,38370,
1193,Southwest Baptist,2017,38374,
1193,Southwest Baptist,2017,38375,
1305,Daniel Webster College,2017,23597,
1305,Daniel Webster College,2017,55424,
1305,Daniel Webster College,2017,55425,
1305,Daniel Webster College,2017,55426,
1305,Daniel Webster College,2017,55427,
1305,Daniel Webster College,2017,55428,
1305,Daniel Webster College,2017,55429,
1305,Daniel Webster College,2017,55430,
1305,Daniel Webster College,2017,55431,
1305,Daniel Webster College,2017,55432,
1305,Daniel Webster College,2017,55433,
1305,Daniel Webster College,2017,55434,
1305,Daniel Webster College,2017,55435,
1305,Daniel Webster College,2017,55436,
1305,Daniel Webster College,2017,55437,
1305,Daniel Webster College,2017,55438,
1305,Daniel Webster College,2017,55439,
1305,Daniel Webster College,2017,55440,
902,Chaminade,2017,33928,
902,Chaminade,2017,39595,
902,Chaminade,2017,49439,
902,Chaminade,2017,49441,1992-10-20
902,Chaminade,2017,49443,
902,Chaminade,2017,49444,
902,Chaminade,2017,49446,
902,Chaminade,2017,49447,
902,Chaminade,2017,54332,
902,Chaminade,2017,54333,
902,Chaminade,2017,54334,1994-07-08
902,Chaminade,2017,54335,
902,Chaminade,2017,54336,
902,Chaminade,2017,54337,
1189,Gettysburg,2017,37807,2003-12-01
1189,Gettysburg,2017,37808,2003-12-01
1189,Gettysburg,2017,37809,2003-12-01
1189,Gettysburg,2017,37810,
1189,Gettysburg,2017,37814,
1189,Gettysburg,2017,37818,2003-12-01
1189,Gettysburg,2017,37819,2003-12-01
1189,Gettysburg,2017,37820,2003-12-01
1189,Gettysburg,2017,37821,2003-12-01
1189,Gettysburg,2017,37823,2003-12-01
787,Schreiner,2017,43837,
787,Schreiner,2017,45405,
787,Schreiner,2017,45408,
787,Schreiner,2017,45417,
787,Schreiner,2017,45418,
787,Schreiner,2017,49938,
787,Schreiner,2017,49940,
787,Schreiner,2017,49941,
787,Schreiner,2017,49943,
787,Schreiner,2017,49945,
787,Schreiner,2017,52200,
787,Schreiner,2017,52201,
787,Schreiner,2017,52202,
787,Schreiner,2017,52203,
787,Schreiner,2017,52204,
787,Schreiner,2017,52205,
787,Schreiner,2017,52206,
787,Schreiner,2017,52207,
787,Schreiner,2017,52208,
916,Albany St (GA),2017,23587,
916,Albany St (GA),2017,49121,
916,Albany St (GA),2017,49122,
916,Albany St (GA),2017,49123,
916,Albany St (GA),2017,49126,
916,Albany St (GA),2017,49127,
916,Albany St (GA),2017,49128,
916,Albany St (GA),2017,49129,
916,Albany St (GA),2017,49130,
916,Albany St (GA),2017,49131,
916,Albany St (GA),2017,49132,1997-05-22
916,Albany St (GA),2017,49133,
657,Truett-McConnell,2017,37379,
657,Truett-McConnell,2017,37382,
657,Truett-McConnell,2017,37396,
657,Truett-McConnell,2017,37403,
657,Truett-McConnell,2017,37404,
657,Truett-McConnell,2017,37405,
657,Truett-McConnell,2017,43818,
657,Truett-McConnell,2017,53716,
657,Truett-McConnell,2017,53717,
657,Truett-McConnell,2017,53718,
657,Truett-McConnell,2017,53719,
657,Truett-McConnell,2017,53720,
657,Truett-McConnell,2017,53721,
657,Truett-McConnell,2017,53722,
657,Truett-McConnell,2017,53723,
657,Truett-McConnell,2017,53724,
657,Truett-McConnell,2017,53725,
657,Truett-McConnell,2017,53726,
657,Truett-McConnell,2017,53727,
963,Anderson (SC),2017,35488,
963,Anderson (SC),2017,39206,
963,Anderson (SC),2017,55197,
963,Anderson (SC),2017,55198,
963,Anderson (SC),2017,55199,
963,Anderson (SC),2017,55200,
963,Anderson (SC),2017,55201,
963,Anderson (SC),2017,55202,
963,Anderson (SC),2017,55203,
963,Anderson (SC),2017,55204,
963,Anderson (SC),2017,55205,
963,Anderson (SC),2017,55206,
963,Anderson (SC),2017,55207,
963,Anderson (SC),2017,55208,
963,Anderson (SC),2017,55209,
963,Anderson (SC),2017,55210,
963,Anderson (SC),2017,55211,
592,Bethesda University,2017,44201,
592,Bethesda University,2017,44204,
592,Bethesda University,2017,49037,
592,Bethesda University,2017,49039,
592,Bethesda University,2017,49041,
592,Bethesda University,2017,49044,
592,Bethesda University,2017,49045,
592,Bethesda University,2017,49047,
592,Bethesda University,2017,49053,
592,Bethesda University,2017,49054,
592,Bethesda University,2017,49055,
592,Bethesda University,2017,54214,
592,Bethesda University,2017,54215,
592,Bethesda University,2017,54216,
592,Bethesda University,2017,54217,
592,Bethesda University,2017,54218,
592,Bethesda University,2017,54219,
592,Bethesda University,2017,54220,
592,Bethesda University,2017,54221,
592,Bethesda University,2017,54222,
592,Bethesda University,2017,54223,
592,Bethesda University,2017,54224,
592,Bethesda University,2017,54225,
592,Bethesda University,2017,54245,
592,Bethesda University,2017,55308,
592,Bethesda University,2017,55309,
592,Bethesda University,2017,55310,
592,Bethesda University,2017,55311,
592,Bethesda University,2017,55347,
592,Bethesda University,2017,55348,
1239,Pensacola Christian College,2017,44554,
1239,Pensacola Christian College,2017,44557,
1239,Pensacola Christian College,2017,44564,
907,Westmont,2017,41522,
907,Westmont,2017,41529,
907,Westmont,2017,41532,
907,Westmont,2017,41534,
1159,Cedarville,2017,33451,
1159,Cedarville,2017,33452,
1159,Cedarville,2017,33459,
933,Arkansas-Fort Smith,2017,41780,
933,Arkansas-Fort Smith,2017,50218,
933,Arkansas-Fort Smith,2017,50220,
933,Arkansas-Fort Smith,2017,50221,
933,Arkansas-Fort Smith,2017,50224,
933,Arkansas-Fort Smith,2017,50225,
933,Arkansas-Fort Smith,2017,54974,1995-03-09
933,Arkansas-Fort Smith,2017,54975,
933,Arkansas-Fort Smith,2017,54976,
933,Arkansas-Fort Smith,2017,54977,
933,Arkansas-Fort Smith,2017,54978,
933,Arkansas-Fort Smith,2017,54979,
933,Arkansas-Fort Smith,2017,54980,
933,Arkansas-Fort Smith,2017,54981,
933,Arkansas-Fort Smith,2017,54982,
933,Arkansas-Fort Smith,2017,54983,
757,Chestnut Hill College,2017,40842,
757,Chestnut Hill College,2017,40843,
757,Chestnut Hill College,2017,40847,
757,Chestnut Hill College,2017,40848,
757,Chestnut Hill College,2017,45924,
757,Chestnut Hill College,2017,54707,
757,Chestnut Hill College,2017,54708,
757,Chestnut Hill College,2017,54709,
757,Chestnut Hill College,2017,54710,
757,Chestnut Hill College,2017,54711,
757,Chestnut Hill College,2017,54712,
757,Chestnut Hill College,2017,54713,
757,Chestnut Hill College,2017,54714,
757,Chestnut Hill College,2017,54715,
773,Pacific (OR),2017,38266,
773,Pacific (OR),2017,38267,
773,Pacific (OR),2017,38268,
773,Pacific (OR),2017,38269,
773,Pacific (OR),2017,38270,
773,Pacific (OR),2017,38271,
773,Pacific (OR),2017,38272,
773,Pacific (OR),2017,38273,
773,Pacific (OR),2017,38274,
773,Pacific (OR),2017,38275,
773,Pacific (OR),2017,38276,
773,Pacific (OR),2017,38277,
773,Pacific (OR),2017,38278,
773,Pacific (OR),2017,38279,
773,Pacific (OR),2017,38280,
773,Pacific (OR),2017,38281,
773,Pacific (OR),2017,38282,
1027,Alma,2017,38899,
1027,Alma,2017,38900,
1027,Alma,2017,38901,
1027,Alma,2017,38902,
1027,Alma,2017,38903,
1027,Alma,2017,38904,
1027,Alma,2017,38905,
1027,Alma,2017,38906,
1027,Alma,2017,38907,
1027,Alma,2017,38908,
1027,Alma,2017,38909,
1027,Alma,2017,38910,
1027,Alma,2017,38913,
1027,Alma,2017,38914,
1027,Alma,2017,38915,
1027,Alma,2017,38916,
1027,Alma,2017,38917,
783,Southwestern Adventist,2017,34591,
783,Southwestern Adventist,2017,34592,
783,Southwestern Adventist,2017,34593,
783,Southwestern Adventist,2017,34594,
783,Southwestern Adventist,2017,34595,
783,Southwestern Adventist,2017,34596,
783,Southwestern Adventist,2017,34597,
783,Southwestern Adventist,2017,34598,
783,Southwestern Adventist,2017,34599,
783,Southwestern Adventist,2017,34600,
749,Merchant Marine Academy,2017,37409,
749,Merchant Marine Academy,2017,37410,
749,Merchant Marine Academy,2017,37411,
749,Merchant Marine Academy,2017,37412,
749,Merchant Marine Academy,2017,37413,
749,Merchant Marine Academy,2017,37414,
749,Merchant Marine Academy,2017,37415,
749,Merchant Marine Academy,2017,37416,
749,Merchant Marine Academy,2017,37417,
749,Merchant Marine Academy,2017,37418,
749,Merchant Marine Academy,2017,37419,
749,Merchant Marine Academy,2017,37420,
749,Merchant Marine Academy,2017,37421,
749,Merchant Marine Academy,2017,37422,
749,Merchant Marine Academy,2017,37423,
749,Merchant Marine Academy,2017,37424,
749,Merchant Marine Academy,2017,37425,
772,Hardin-Simmons,2017,44642,
772,Hardin-Simmons,2017,44650,
772,Hardin-Simmons,2017,48650,
548,Union (TN),2017,4736,
548,Union (TN),2017,4737,
548,Union (TN),2017,4738,1995-01-10
548,Union (TN),2017,4739,
548,Union (TN),2017,4740,
548,Union (TN),2017,4741,
548,Union (TN),2017,4742,
548,Union (TN),2017,4743,
548,Union (TN),2017,4744,
548,Union (TN),2017,4745,
548,Union (TN),2017,4746,
548,Union (TN),2017,50323,
1195,CS San Bernardino,2017,38713,
1195,CS San Bernardino,2017,38714,
1195,CS San Bernardino,2017,38717,
1195,CS San Bernardino,2017,38728,
962,LSU Shreveport,2017,50585,
962,LSU Shreveport,2017,50591,
962,LSU Shreveport,2017,50592,
962,LSU Shreveport,2017,50595,
962,LSU Shreveport,2017,54858,
962,LSU Shreveport,2017,54859,
962,LSU Shreveport,2017,54860,
962,LSU Shreveport,2017,54861,
962,LSU Shreveport,2017,54862,
962,LSU Shreveport,2017,54863,
962,LSU Shreveport,2017,54864,
962,LSU Shreveport,2017,54865,
962,LSU Shreveport,2017,54866,
962,LSU Shreveport,2017,54868,
962,LSU Shreveport,2017,54869,
962,LSU Shreveport,2017,54870,
615,McMurry,2017,45757,
615,McMurry,2017,48974,
615,McMurry,2017,48978,
681,Trinity Christian (IL),2017,29159,
681,Trinity Christian (IL),2017,29160,
681,Trinity Christian (IL),2017,29161,
681,Trinity Christian (IL),2017,29167,
681,Trinity Christian (IL),2017,29168,
681,Trinity Christian (IL),2017,29169,
681,Trinity Christian (IL),2017,29170,
681,Trinity Christian (IL),2017,53287,
681,Trinity Christian (IL),2017,53288,
681,Trinity Christian (IL),2017,53289,
681,Trinity Christian (IL),2017,53290,
681,Trinity Christian (IL),2017,53291,
866,Molloy,2017,29550,
866,Molloy,2017,45030,
866,Molloy,2017,45031,
866,Molloy,2017,45032,
866,Molloy,2017,45033,
866,Molloy,2017,45034,
866,Molloy,2017,45035,
866,Molloy,2017,45037,
866,Molloy,2017,49111,
866,Molloy,2017,49112,
866,Molloy,2017,49113,
866,Molloy,2017,49114,
866,Molloy,2017,49115,
866,Molloy,2017,49116,
866,Molloy,2017,49117,1995-09-19
866,Molloy,2017,49118,
866,Molloy,2017,49119,
866,Molloy,2017,49120,
497,Erskine,2017,35116,
497,Erskine,2017,35117,
497,Erskine,2017,35119,
497,Erskine,2017,35120,
497,Erskine,2017,35121,
497,Erskine,2017,35122,
497,Erskine,2017,35123,
497,Erskine,2017,35124,
497,Erskine,2017,35126,
497,Erskine,2017,35128,
497,Erskine,2017,35129,
497,Erskine,2017,35132,
497,Erskine,2017,35133,
497,Erskine,2017,35134,
497,Erskine,2017,35135,
1046,St. Thomas (FL),2017,31072,
1046,St. Thomas (FL),2017,31079,
1046,St. Thomas (FL),2017,31081,
1167,Newman University,2017,34094,1989-06-26
1167,Newman University,2017,34095,
1167,Newman University,2017,34096,
1167,Newman University,2017,34097,
1167,Newman University,2017,34098,
1167,Newman University,2017,34099,
1167,Newman University,2017,34100,
1167,Newman University,2017,34101,
1167,Newman University,2017,34102,
1167,Newman University,2017,34103,
1167,Newman University,2017,34104,
1167,Newman University,2017,34105,
1167,Newman University,2017,34106,
1167,Newman University,2017,34107,
1167,Newman University,2017,34108,
1167,Newman University,2017,34109,
1167,Newman University,2017,34110,
1167,Newman University,2017,34111,
1167,Newman University,2017,34112,
1167,Newman University,2017,34113,
1167,Newman University,2017,34114,
1167,Newman University,2017,34115,
665,North Greenville,2017,40619,
665,North Greenville,2017,40625,
665,North Greenville,2017,50402,
665,North Greenville,2017,50405,
577,Toccoa Falls,2017,40063,
577,Toccoa Falls,2017,40085,
577,Toccoa Falls,2017,40086,
577,Toccoa Falls,2017,40087,
577,Toccoa Falls,2017,40195,
577,Toccoa Falls,2017,52432,
577,Toccoa Falls,2017,52433,
577,Toccoa Falls,2017,52434,
577,Toccoa Falls,2017,52435,
577,Toccoa Falls,2017,52436,
577,Toccoa Falls,2017,52437,
577,Toccoa Falls,2017,52438,
577,Toccoa Falls,2017,52439,
577,Toccoa Falls,2017,52440,
577,Toccoa Falls,2017,52441,
577,Toccoa Falls,2017,52442,
577,Toccoa Falls,2017,54652,
550,Paul Quinn,2017,23704,
550,Paul Quinn,2017,35561,
550,Paul Quinn,2017,35562,
550,Paul Quinn,2017,35563,
550,Paul Quinn,2017,35564,
550,Paul Quinn,2017,35565,
550,Paul Quinn,2017,35566,
550,Paul Quinn,2017,35567,
550,Paul Quinn,2017,35568,
550,Paul Quinn,2017,35569,
550,Paul Quinn,2017,35570,
550,Paul Quinn,2017,35571,
550,Paul Quinn,2017,35572,
550,Paul Quinn,2017,35573,
550,Paul Quinn,2017,35574,
550,Paul Quinn,2017,35575,
550,Paul Quinn,2017,50755,
807,William Woods,2017,45872,
807,William Woods,2017,45873,
700,Edward Waters,2017,48857,
700,Edward Waters,2017,48859,
700,Edward Waters,2017,48860,
700,Edward Waters,2017,48862,
700,Edward Waters,2017,48865,
700,Edward Waters,2017,48866,
700,Edward Waters,2017,53517,
700,Edward Waters,2017,53518,
700,Edward Waters,2017,53519,
700,Edward Waters,2017,53520,
700,Edward Waters,2017,53521,
700,Edward Waters,2017,53522,
700,Edward Waters,2017,53523,
700,Edward Waters,2017,53524,
700,Edward Waters,2017,53525,
700,Edward Waters,2017,53526,
700,Edward Waters,2017,54247,
1076,Ohio Valley,2017,28210,
1076,Ohio Valley,2017,49369,
1076,Ohio Valley,2017,49370,
1076,Ohio Valley,2017,49371,
1076,Ohio Valley,2017,49372,
1076,Ohio Valley,2017,49373,
1076,Ohio Valley,2017,49374,
1076,Ohio Valley,2017,49375,
1076,Ohio Valley,2017,49376,
1076,Ohio Valley,2017,49377,
1076,Ohio Valley,2017,49378,
1076,Ohio Valley,2017,49379,
1076,Ohio Valley,2017,49380,
1076,Ohio Valley,2017,49381,
1076,Ohio Valley,2017,49382,
1076,Ohio Valley,2017,49383,
1076,Ohio Valley,2017,49384,
1076,Ohio Valley,2017,49385,
1076,Ohio Valley,2017,49386,
1076,Ohio Valley,2017,49387,
1076,Ohio Valley,2017,49388,
1076,Ohio Valley,2017,49389,
518,Frostburg State,2017,2096,
518,Frostburg State,2017,2111,
518,Frostburg State,2017,2112,
518,Frostburg State,2017,2113,
518,Frostburg State,2017,48523,
518,Frostburg State,2017,48524,
518,Frostburg State,2017,48526,
518,Frostburg State,2017,48527,
518,Frostburg State,2017,48528,
518,Frostburg State,2017,48530,
518,Frostburg State,2017,48531,
518,Frostburg State,2017,48532,
518,Frostburg State,2017,48534,
518,Frostburg State,2017,55419,
518,Frostburg State,2017,55420,
518,Frostburg State,2017,55421,
518,Frostburg State,2017,55422,
518,Frostburg State,2017,55423,
1092,Presentation College,2017,49949,
1092,Presentation College,2017,53901,
1092,Presentation College,2017,53902,
1092,Presentation College,2017,53903,
1092,Presentation College,2017,53904,
1092,Presentation College,2017,53905,
1092,Presentation College,2017,53906,
1092,Presentation College,2017,53907,
1092,Presentation College,2017,53908,
1092,Presentation College,2017,53909,
1092,Presentation College,2017,53910,
1092,Presentation College,2017,53911,
1092,Presentation College,2017,53912,
1092,Presentation College,2017,53913,
1069,Texas A&M-International,2017,50897,
1069,Texas A&M-International,2017,50899,
1069,Texas A&M-International,2017,50900,
1069,Texas A&M-International,2017,55167,
1069,Texas A&M-International,2017,55168,
1069,Texas A&M-International,2017,55169,
1069,Texas A&M-International,2017,55170,
1069,Texas A&M-International,2017,55171,
1069,Texas A&M-International,2017,55172,
1069,Texas A&M-International,2017,55173,
1069,Texas A&M-International,2017,55174,
1069,Texas A&M-International,2017,55175,
1069,Texas A&M-International,2017,55176,
1069,Texas A&M-International,2017,55177,
1069,Texas A&M-International,2017,55178,
1069,Texas A&M-International,2017,55179,
1250,Albion,2017,45254,
1250,Albion,2017,45259,
1250,Albion,2017,45260,
957,Truman State,2017,33114,
957,Truman State,2017,33115,
957,Truman State,2017,33116,
957,Truman State,2017,33121,
957,Truman State,2017,33122,
957,Truman State,2017,33123,
957,Truman State,2017,33124,
957,Truman State,2017,33125,
957,Truman State,2017,55806,
957,Truman State,2017,55807,
957,Truman State,2017,55808,
957,Truman State,2017,55809,
957,Truman State,2017,55810,
957,Truman State,2017,55811,
957,Truman State,2017,55812,
957,Truman State,2017,55813,
957,Truman State,2017,55814,
1162,Georgia Southwestern,2017,46381,
1162,Georgia Southwestern,2017,46388,
1162,Georgia Southwestern,2017,46389,
1162,Georgia Southwestern,2017,55051,
1162,Georgia Southwestern,2017,55052,
1162,Georgia Southwestern,2017,55053,
1162,Georgia Southwestern,2017,55054,1995-07-10
1162,Georgia Southwestern,2017,55055,
1162,Georgia Southwestern,2017,55056,
1162,Georgia Southwestern,2017,55057,
1162,Georgia Southwestern,2017,55058,
1162,Georgia Southwestern,2017,55059,
1162,Georgia Southwestern,2017,55060,
1162,Georgia Southwestern,2017,55061,
1273,Augustana (IL),2017,49550,
1273,Augustana (IL),2017,49554,
1273,Augustana (IL),2017,49556,
1273,Augustana (IL),2017,49561,
1273,Augustana (IL),2017,49563,
1299,Ferris State,2017,26301,
1299,Ferris State,2017,40555,
1299,Ferris State,2017,43171,1996-07-27
1299,Ferris State,2017,54687,
1299,Ferris State,2017,54688,
1299,Ferris State,2017,54689,
1299,Ferris State,2017,54690,
1299,Ferris State,2017,54691,
1299,Ferris State,2017,54692,
1299,Ferris State,2017,54693,
1299,Ferris State,2017,54694,
1299,Ferris State,2017,54695,
1299,Ferris State,2017,54696,
1299,Ferris State,2017,54697,
1299,Ferris State,2017,54698,
1299,Ferris State,2017,54699,
1299,Ferris State,2017,54700,
1093,MIT,2017,42183,
1093,MIT,2017,42186,
1093,MIT,2017,42188,
1093,MIT,2017,42191,
825,Kean,2017,41110,
825,Kean,2017,41111,
825,Kean,2017,41113,
825,Kean,2017,41114,
825,Kean,2017,41115,
825,Kean,2017,49026,
825,Kean,2017,49034,
825,Kean,2017,49035,
825,Kean,2017,55349,
825,Kean,2017,55350,
555,Fisk,2017,38855,
555,Fisk,2017,38861,
555,Fisk,2017,49957,
555,Fisk,2017,49958,
555,Fisk,2017,49960,
555,Fisk,2017,49961,
555,Fisk,2017,49962,
555,Fisk,2017,49968,
555,Fisk,2017,49969,
555,Fisk,2017,55514,
555,Fisk,2017,55515,
555,Fisk,2017,55516,
555,Fisk,2017,55517,
555,Fisk,2017,55518,
555,Fisk,2017,55519,
555,Fisk,2017,55520,
555,Fisk,2017,55521,
555,Fisk,2017,55522,
555,Fisk,2017,55523,
555,Fisk,2017,55524,
555,Fisk,2017,55525,
555,Fisk,2017,55780,
838,Washington and Lee,2017,48280,
838,Washington and Lee,2017,48281,
838,Washington and Lee,2017,48282,
838,Washington and Lee,2017,48283,
838,Washington and Lee,2017,48284,
838,Washington and Lee,2017,48285,
838,Washington and Lee,2017,48286,
838,Washington and Lee,2017,48287,
838,Washington and Lee,2017,48288,
838,Washington and Lee,2017,48289,
838,Washington and Lee,2017,48292,
838,Washington and Lee,2017,48293,
838,Washington and Lee,2017,48294,
838,Washington and Lee,2017,48295,
838,Washington and Lee,2017,48296,
838,Washington and Lee,2017,48297,
838,Washington and Lee,2017,48298,
838,Washington and Lee,2017,48299,
805,University of The Southwest,2017,45844,
805,University of The Southwest,2017,45845,
805,University of The Southwest,2017,45846,
805,University of The Southwest,2017,45847,1993-07-27
805,University of The Southwest,2017,45848,
805,University of The Southwest,2017,45849,
805,University of The Southwest,2017,45850,
805,University of The Southwest,2017,45851,
805,University of The Southwest,2017,45852,
805,University of The Southwest,2017,45853,
805,University of The Southwest,2017,45854,
805,University of The Southwest,2017,45855,
805,University of The Southwest,2017,45856,
805,University of The Southwest,2017,45857,
805,University of The Southwest,2017,45858,
833,Linfield College,2017,15526,
833,Linfield College,2017,15527,
833,Linfield College,2017,15528,
833,Linfield College,2017,15538,
833,Linfield College,2017,15539,
833,Linfield College,2017,15540,
1178,Thiel,2017,35647,
1178,Thiel,2017,35648,
1178,Thiel,2017,35649,
1178,Thiel,2017,35650,
1178,Thiel,2017,35651,
1178,Thiel,2017,35652,
1178,Thiel,2017,35653,
1178,Thiel,2017,35654,
1178,Thiel,2017,35655,
1178,Thiel,2017,35656,
1178,Thiel,2017,35657,
1178,Thiel,2017,35658,
1178,Thiel,2017,35659,
1178,Thiel,2017,35660,
1178,Thiel,2017,35661,
882,Illinois Tech,2017,44818,
882,Illinois Tech,2017,44819,
882,Illinois Tech,2017,44824,
882,Illinois Tech,2017,44825,
882,Illinois Tech,2017,44828,
882,Illinois Tech,2017,44834,
882,Illinois Tech,2017,44835,
882,Illinois Tech,2017,44836,
882,Illinois Tech,2017,53193,
882,Illinois Tech,2017,53194,
882,Illinois Tech,2017,53195,
882,Illinois Tech,2017,53196,
882,Illinois Tech,2017,53197,
882,Illinois Tech,2017,53198,
882,Illinois Tech,2017,53199,
882,Illinois Tech,2017,53200,
1033,West Coast Baptist,2017,24494,
1033,West Coast Baptist,2017,24507,
1033,West Coast Baptist,2017,24508,
1033,West Coast Baptist,2017,53208,
1033,West Coast Baptist,2017,53209,
1033,West Coast Baptist,2017,53210,
1033,West Coast Baptist,2017,53211,
1033,West Coast Baptist,2017,53212,
1033,West Coast Baptist,2017,53213,
1033,West Coast Baptist,2017,53214,
1033,West Coast Baptist,2017,53215,
1033,West Coast Baptist,2017,53216,
1033,West Coast Baptist,2017,53217,
1033,West Coast Baptist,2017,53218,
1033,West Coast Baptist,2017,53219,
1019,Old Westbury,2017,23749,
1019,Old Westbury,2017,23750,
1019,Old Westbury,2017,23751,
1019,Old Westbury,2017,23752,
1019,Old Westbury,2017,23753,
1019,Old Westbury,2017,23754,
1019,Old Westbury,2017,23755,
1019,Old Westbury,2017,23756,
1019,Old Westbury,2017,23757,
1019,Old Westbury,2017,23758,
1019,Old Westbury,2017,23759,
1019,Old Westbury,2017,23760,
1019,Old Westbury,2017,23761,
1019,Old Westbury,2017,23762,
1304,New Hope Christian College,2017,55253,
1304,New Hope Christian College,2017,55254,
1304,New Hope Christian College,2017,55255,
1304,New Hope Christian College,2017,55256,
1304,New Hope Christian College,2017,55257,
1304,New Hope Christian College,2017,55258,
1304,New Hope Christian College,2017,55259,
1304,New Hope Christian College,2017,55260,
1304,New Hope Christian College,2017,55261,
1304,New Hope Christian College,2017,55262,
1304,New Hope Christian College,2017,55263,
1304,New Hope Christian College,2017,55264,
1304,New Hope Christian College,2017,55265,
1304,New Hope Christian College,2017,55266,
1304,New Hope Christian College,2017,55267,
1304,New Hope Christian College,2017,55268,
1304,New Hope Christian College,2017,55269,
1304,New Hope Christian College,2017,55270,
563,Sul Ross State,2017,52247,
563,Sul Ross State,2017,52248,
563,Sul Ross State,2017,52249,
563,Sul Ross State,2017,52250,
563,Sul Ross State,2017,52251,
563,Sul Ross State,2017,52252,
563,Sul Ross State,2017,52253,
563,Sul Ross State,2017,52254,
563,Sul Ross State,2017,52255,
563,Sul Ross State,2017,52256,
563,Sul Ross State,2017,52257,
563,Sul Ross State,2017,52258,
563,Sul Ross State,2017,52259,
563,Sul Ross State,2017,52260,
563,Sul Ross State,2017,52261,
563,Sul Ross State,2017,52262,
563,Sul Ross State,2017,55252,
512,Hannibal-LaGrange,2017,49926,
512,Hannibal-LaGrange,2017,49927,
512,Hannibal-LaGrange,2017,49928,
512,Hannibal-LaGrange,2017,49929,
512,Hannibal-LaGrange,2017,49931,
512,Hannibal-LaGrange,2017,49932,
512,Hannibal-LaGrange,2017,49933,
512,Hannibal-LaGrange,2017,49934,
512,Hannibal-LaGrange,2017,49937,
512,Hannibal-LaGrange,2017,53455,
512,Hannibal-LaGrange,2017,53456,
512,Hannibal-LaGrange,2017,53457,
512,Hannibal-LaGrange,2017,53458,
512,Hannibal-LaGrange,2017,53459,
779,St. Thomas (TX),2017,39361,
779,St. Thomas (TX),2017,39362,
779,St. Thomas (TX),2017,39364,
779,St. Thomas (TX),2017,39368,
779,St. Thomas (TX),2017,39370,
779,St. Thomas (TX),2017,39372,
779,St. Thomas (TX),2017,39373,
779,St. Thomas (TX),2017,39374,
779,St. Thomas (TX),2017,39377,
779,St. Thomas (TX),2017,39378,
779,St. Thomas (TX),2017,39379,
779,St. Thomas (TX),2017,39380,
779,St. Thomas (TX),2017,39381,
779,St. Thomas (TX),2017,51843,
779,St. Thomas (TX),2017,51844,
779,St. Thomas (TX),2017,51845,
779,St. Thomas (TX),2017,51846,
779,St. Thomas (TX),2017,51847,
817,Muskingum,2017,51336,
817,Muskingum,2017,51337,
817,Muskingum,2017,51338,
817,Muskingum,2017,51339,
817,Muskingum,2017,51340,
817,Muskingum,2017,51341,
817,Muskingum,2017,51342,
817,Muskingum,2017,51343,
817,Muskingum,2017,51344,
817,Muskingum,2017,51345,
817,Muskingum,2017,51346,
817,Muskingum,2017,51347,
817,Muskingum,2017,51348,
817,Muskingum,2017,51349,
817,Muskingum,2017,51350,
817,Muskingum,2017,51351,
817,Muskingum,2017,51352,
817,Muskingum,2017,51353,
817,Muskingum,2017,51354,
817,Muskingum,2017,51355,
817,Muskingum,2017,51356,
817,Muskingum,2017,51357,
817,Muskingum,2017,51358,
949,Wiley,2017,50000,
949,Wiley,2017,50001,
949,Wiley,2017,50003,
1308,Marian (IN),2017,32666,
1308,Marian (IN),2017,35774,
1308,Marian (IN),2017,55643,
1308,Marian (IN),2017,55644,
1308,Marian (IN),2017,55645,
1308,Marian (IN),2017,55646,
1308,Marian (IN),2017,55647,
1308,Marian (IN),2017,55648,
1308,Marian (IN),2017,55649,
1308,Marian (IN),2017,55650,
1308,Marian (IN),2017,55651,
1308,Marian (IN),2017,55652,
1308,Marian (IN),2017,55653,
1308,Marian (IN),2017,55654,
1308,Marian (IN),2017,55655,
684,Auburn-Montgomery,2017,40213,
684,Auburn-Montgomery,2017,40214,
684,Auburn-Montgomery,2017,40215,
684,Auburn-Montgomery,2017,40216,
684,Auburn-Montgomery,2017,40217,
684,Auburn-Montgomery,2017,40218,
684,Auburn-Montgomery,2017,40219,
684,Auburn-Montgomery,2017,40220,
684,Auburn-Montgomery,2017,40221,
684,Auburn-Montgomery,2017,40222,
684,Auburn-Montgomery,2017,40223,
684,Auburn-Montgomery,2017,40224,
594,Oakwood,2017,31835,
594,Oakwood,2017,31836,
594,Oakwood,2017,31837,
594,Oakwood,2017,31838,
594,Oakwood,2017,31839,
594,Oakwood,2017,31840,
594,Oakwood,2017,31841,
594,Oakwood,2017,31842,
594,Oakwood,2017,31843,
594,Oakwood,2017,31844,
594,Oakwood,2017,31845,
594,Oakwood,2017,31846,
594,Oakwood,2017,31847,
594,Oakwood,2017,31848,
594,Oakwood,2017,31849,
594,Oakwood,2017,31850,
594,Oakwood,2017,31851,
594,Oakwood,2017,31852,
927,Coe,2017,34504,
927,Coe,2017,34505,
927,Coe,2017,34506,
927,Coe,2017,34507,
927,Coe,2017,34512,
927,Coe,2017,34513,
927,Coe,2017,34514,
927,Coe,2017,34515,
927,Coe,2017,34516,
927,Coe,2017,34517,
927,Coe,2017,47927,
927,Coe,2017,47928,
927,Coe,2017,47929,
927,Coe,2017,47933,
927,Coe,2017,47934,
927,Coe,2017,53028,
927,Coe,2017,53029,
927,Coe,2017,53030,
927,Coe,2017,53031,
927,Coe,2017,53032,
927,Coe,2017,53033,
927,Coe,2017,53034,
927,Coe,2017,53035,
927,Coe,2017,53036,
927,Coe,2017,53037,
927,Coe,2017,53038,
927,Coe,2017,53039,
1251,Fontbonne,2017,42969,
1251,Fontbonne,2017,45323,
1251,Fontbonne,2017,45333,
1251,Fontbonne,2017,45336,
1251,Fontbonne,2017,45342,
1251,Fontbonne,2017,49645,
1251,Fontbonne,2017,49653,
1251,Fontbonne,2017,49655,
1251,Fontbonne,2017,49669,
1251,Fontbonne,2017,49670,
1251,Fontbonne,2017,49671,
1251,Fontbonne,2017,54057,
1251,Fontbonne,2017,54058,
1251,Fontbonne,2017,54059,
1251,Fontbonne,2017,54060,
1251,Fontbonne,2017,54061,
1251,Fontbonne,2017,54062,
1251,Fontbonne,2017,54063,
1251,Fontbonne,2017,54064,
1251,Fontbonne,2017,54065,
1251,Fontbonne,2017,54066,
1251,Fontbonne,2017,54067,
1251,Fontbonne,2017,54068,
1225,Alaska Anchorage,2017,43333,
1225,Alaska Anchorage,2017,43340,
1225,Alaska Anchorage,2017,49603,
1225,Alaska Anchorage,2017,49608,
1225,Alaska Anchorage,2017,49611,
1225,Alaska Anchorage,2017,49612,
1225,Alaska Anchorage,2017,49613,
1225,Alaska Anchorage,2017,49614,
1225,Alaska Anchorage,2017,49615,
1225,Alaska Anchorage,2017,49616,1994-03-26
1225,Alaska Anchorage,2017,49617,
1225,Alaska Anchorage,2017,49618,
1225,Alaska Anchorage,2017,49619,
1225,Alaska Anchorage,2017,49620,
1225,Alaska Anchorage,2017,49621,
918,Warren Wilson,2017,44856,
918,Warren Wilson,2017,44859,
918,Warren Wilson,2017,48959,
918,Warren Wilson,2017,48961,
918,Warren Wilson,2017,48962,
918,Warren Wilson,2017,48964,
918,Warren Wilson,2017,54004,
918,Warren Wilson,2017,54005,
918,Warren Wilson,2017,54006,
918,Warren Wilson,2017,54007,
918,Warren Wilson,2017,54008,
918,Warren Wilson,2017,54009,
777,Crown College,2017,37277,
777,Crown College,2017,37283,
777,Crown College,2017,51389,
777,Crown College,2017,51390,
777,Crown College,2017,51391,
777,Crown College,2017,51392,
777,Crown College,2017,51393,
777,Crown College,2017,51394,
777,Crown College,2017,51395,
777,Crown College,2017,51396,
777,Crown College,2017,51397,
777,Crown College,2017,51398,
777,Crown College,2017,51399,
777,Crown College,2017,51400,
777,Crown College,2017,51401,
777,Crown College,2017,51402,
777,Crown College,2017,51403,
777,Crown College,2017,51404,
777,Crown College,2017,51405,
777,Crown College,2017,51406,
777,Crown College,2017,51407,
777,Crown College,2017,51408,
777,Crown College,2017,51409,
777,Crown College,2017,51410,
777,Crown College,2017,51411,
777,Crown College,2017,51412,
777,Crown College,2017,51413,
777,Crown College,2017,51414,
777,Crown College,2017,54552,
1298,Medaille College,2017,54578,
1298,Medaille College,2017,54579,
1298,Medaille College,2017,54580,
1298,Medaille College,2017,54581,
1298,Medaille College,2017,54582,
1298,Medaille College,2017,54583,
1298,Medaille College,2017,54584,
1298,Medaille College,2017,54585,
1298,Medaille College,2017,54586,
1298,Medaille College,2017,54587,
1298,Medaille College,2017,54588,
1298,Medaille College,2017,54589,
1298,Medaille College,2017,54590,
1298,Medaille College,2017,54591,
1298,Medaille College,2017,54592,
1298,Medaille College,2017,54593,
898,Pacific Lutheran,2017,50248,
898,Pacific Lutheran,2017,50249,
898,Pacific Lutheran,2017,50250,
898,Pacific Lutheran,2017,50251,
898,Pacific Lutheran,2017,50253,
898,Pacific Lutheran,2017,50254,
898,Pacific Lutheran,2017,50258,
898,Pacific Lutheran,2017,50262,
898,Pacific Lutheran,2017,52952,
898,Pacific Lutheran,2017,52953,
898,Pacific Lutheran,2017,52954,
898,Pacific Lutheran,2017,52955,
898,Pacific Lutheran,2017,52956,
898,Pacific Lutheran,2017,52957,
898,Pacific Lutheran,2017,52958,
898,Pacific Lutheran,2017,52959,
898,Pacific Lutheran,2017,52960,
796,UVA Wise,2017,38312,
796,UVA Wise,2017,38315,
796,UVA Wise,2017,38318,
796,UVA Wise,2017,38319,
796,UVA Wise,2017,38320,
796,UVA Wise,2017,38321,
796,UVA Wise,2017,38322,
796,UVA Wise,2017,38323,
796,UVA Wise,2017,38324,
796,UVA Wise,2017,38325,
796,UVA Wise,2017,38326,
796,UVA Wise,2017,38327,
796,UVA Wise,2017,38491,
843,Millsaps,2017,40271,
843,Millsaps,2017,40275,
843,Millsaps,2017,40276,
843,Millsaps,2017,40279,
843,Millsaps,2017,40289,
843,Millsaps,2017,40290,
843,Millsaps,2017,46240,
843,Millsaps,2017,46245,
843,Millsaps,2017,52146,
843,Millsaps,2017,52147,
843,Millsaps,2017,52148,
843,Millsaps,2017,52149,
843,Millsaps,2017,52150,
843,Millsaps,2017,52151,
843,Millsaps,2017,52152,
843,Millsaps,2017,52153,
1281,CS Monterey Bay,2017,50687,
1281,CS Monterey Bay,2017,50690,
1281,CS Monterey Bay,2017,50691,
1281,CS Monterey Bay,2017,50694,
1281,CS Monterey Bay,2017,50697,
627,Chatham University,2017,9642,
627,Chatham University,2017,9643,
627,Chatham University,2017,9644,
627,Chatham University,2017,9645,
627,Chatham University,2017,9646,
627,Chatham University,2017,9647,
627,Chatham University,2017,9648,
627,Chatham University,2017,9649,
627,Chatham University,2017,9650,
627,Chatham University,2017,9651,
627,Chatham University,2017,9652,
627,Chatham University,2017,9653,
627,Chatham University,2017,9654,
627,Chatham University,2017,9655,
627,Chatham University,2017,9656,
627,Chatham University,2017,9657,
627,Chatham University,2017,9658,
627,Chatham University,2017,9659,
627,Chatham University,2017,9660,
627,Chatham University,2017,9661,
627,Chatham University,2017,9662,
627,Chatham University,2017,9663,
1194,New York Institute Of Technology,2017,38426,
1194,New York Institute Of Technology,2017,38441,
1194,New York Institute Of Technology,2017,53529,
1194,New York Institute Of Technology,2017,53530,
1194,New York Institute Of Technology,2017,53531,
1194,New York Institute Of Technology,2017,53532,
1194,New York Institute Of Technology,2017,53533,
1194,New York Institute Of Technology,2017,53534,
1194,New York Institute Of Technology,2017,53535,
1194,New York Institute Of Technology,2017,53536,
1194,New York Institute Of Technology,2017,53537,
1194,New York Institute Of Technology,2017,53538,
1194,New York Institute Of Technology,2017,53539,
1194,New York Institute Of Technology,2017,53540,
651,Campbellsville,2017,38790,
741,Brevard,2017,38604,
741,Brevard,2017,38607,
741,Brevard,2017,38614,
741,Brevard,2017,49212,
741,Brevard,2017,49213,
741,Brevard,2017,49216,
741,Brevard,2017,49217,
741,Brevard,2017,49218,
741,Brevard,2017,49219,
741,Brevard,2017,49220,
741,Brevard,2017,49221,
741,Brevard,2017,49222,
741,Brevard,2017,49223,
741,Brevard,2017,49224,
741,Brevard,2017,49225,
741,Brevard,2017,49226,
919,Rocky Mountain,2017,37767,
919,Rocky Mountain,2017,37773,
919,Rocky Mountain,2017,37774,
919,Rocky Mountain,2017,37775,
919,Rocky Mountain,2017,37776,
919,Rocky Mountain,2017,37777,
919,Rocky Mountain,2017,37778,
919,Rocky Mountain,2017,37779,
919,Rocky Mountain,2017,37780,
919,Rocky Mountain,2017,37781,
919,Rocky Mountain,2017,37782,
919,Rocky Mountain,2017,37783,
919,Rocky Mountain,2017,37784,
919,Rocky Mountain,2017,53957,
851,Blue Mountain,2017,39786,
851,Blue Mountain,2017,39798,
851,Blue Mountain,2017,39803,
851,Blue Mountain,2017,49182,
851,Blue Mountain,2017,49184,
851,Blue Mountain,2017,49190,
851,Blue Mountain,2017,53613,
851,Blue Mountain,2017,53614,
851,Blue Mountain,2017,53615,
851,Blue Mountain,2017,53616,
851,Blue Mountain,2017,53617,
851,Blue Mountain,2017,53618,
851,Blue Mountain,2017,53619,
851,Blue Mountain,2017,53620,
851,Blue Mountain,2017,53621,
851,Blue Mountain,2017,53622,
851,Blue Mountain,2017,54489,
851,Blue Mountain,2017,55249,
631,Valley Forge,2017,46891,
631,Valley Forge,2017,46892,
631,Valley Forge,2017,46893,
631,Valley Forge,2017,46894,
631,Valley Forge,2017,46895,
631,Valley Forge,2017,46896,
631,Valley Forge,2017,46897,
631,Valley Forge,2017,46903,
631,Valley Forge,2017,55747,
631,Valley Forge,2017,55748,
631,Valley Forge,2017,55749,
631,Valley Forge,2017,55750,
631,Valley Forge,2017,55751,
631,Valley Forge,2017,55752,
631,Valley Forge,2017,55753,
631,Valley Forge,2017,55754,
984,Southern Nazarene,2017,21184,
984,Southern Nazarene,2017,21185,
984,Southern Nazarene,2017,21189,1998-02-17
984,Southern Nazarene,2017,21190,
984,Southern Nazarene,2017,21191,
984,Southern Nazarene,2017,21192,
984,Southern Nazarene,2017,21193,
984,Southern Nazarene,2017,50288,1997-02-19
984,Southern Nazarene,2017,54752,
984,Southern Nazarene,2017,54753,
984,Southern Nazarene,2017,54754,
984,Southern Nazarene,2017,54755,
984,Southern Nazarene,2017,54756,
984,Southern Nazarene,2017,54757,
984,Southern Nazarene,2017,54758,
984,Southern Nazarene,2017,54759,
1215,Thomas (GA),2017,41145,
1215,Thomas (GA),2017,41155,
1215,Thomas (GA),2017,41156,
1215,Thomas (GA),2017,41158,
1215,Thomas (GA),2017,41159,
1215,Thomas (GA),2017,41160,
1215,Thomas (GA),2017,41168,
1215,Thomas (GA),2017,41169,
1215,Thomas (GA),2017,41170,
1215,Thomas (GA),2017,41171,
1215,Thomas (GA),2017,51853,
1215,Thomas (GA),2017,51854,
1215,Thomas (GA),2017,51855,
1215,Thomas (GA),2017,51856,
1215,Thomas (GA),2017,51857,
1215,Thomas (GA),2017,51858,
1215,Thomas (GA),2017,51859,
1215,Thomas (GA),2017,51860,
1215,Thomas (GA),2017,51861,
1215,Thomas (GA),2017,55312,
965,Coker,2017,29476,
965,Coker,2017,40193,
965,Coker,2017,40194,
965,Coker,2017,40212,
965,Coker,2017,54736,
965,Coker,2017,54737,
965,Coker,2017,54738,
965,Coker,2017,54739,
965,Coker,2017,54740,
965,Coker,2017,54741,
965,Coker,2017,54742,
965,Coker,2017,54743,
965,Coker,2017,54744,
965,Coker,2017,54745,
965,Coker,2017,54746,
965,Coker,2017,54747,
965,Coker,2017,54748,
965,Coker,2017,54749,
965,Coker,2017,54750,
965,Coker,2017,54751,
730,Elizabeth City State,2017,44952,
730,Elizabeth City State,2017,50997,
730,Elizabeth City State,2017,50998,
730,Elizabeth City State,2017,51005,
730,Elizabeth City State,2017,51010,
730,Elizabeth City State,2017,53802,
730,Elizabeth City State,2017,53803,
730,Elizabeth City State,2017,53804,
730,Elizabeth City State,2017,53805,
730,Elizabeth City State,2017,53806,
730,Elizabeth City State,2017,53807,
730,Elizabeth City State,2017,53808,
730,Elizabeth City State,2017,53809,
730,Elizabeth City State,2017,53810,
730,Elizabeth City State,2017,53811,
730,Elizabeth City State,2017,53812,
730,Elizabeth City State,2017,53813,
569,Jessup University,2017,37354,
569,Jessup University,2017,37358,
569,Jessup University,2017,45620,
569,Jessup University,2017,45622,
569,Jessup University,2017,45623,
569,Jessup University,2017,45624,
569,Jessup University,2017,45626,
569,Jessup University,2017,45628,
569,Jessup University,2017,50317,
569,Jessup University,2017,50319,
569,Jessup University,2017,55327,
569,Jessup University,2017,55328,
569,Jessup University,2017,55329,
569,Jessup University,2017,55330,
569,Jessup University,2017,55331,
569,Jessup University,2017,55332,
569,Jessup University,2017,55333,
569,Jessup University,2017,55334,
569,Jessup University,2017,55335,
569,Jessup University,2017,55336,
569,Jessup University,2017,55337,
569,Jessup University,2017,55338,
500,Washington College (MD),2017,37920,
500,Washington College (MD),2017,37921,
500,Washington College (MD),2017,37922,
500,Washington College (MD),2017,37931,
500,Washington College (MD),2017,37934,
500,Washington College (MD),2017,37935,
500,Washington College (MD),2017,49449,
500,Washington College (MD),2017,49451,
500,Washington College (MD),2017,49452,
500,Washington College (MD),2017,49453,
500,Washington College (MD),2017,49454,
500,Washington College (MD),2017,49455,
500,Washington College (MD),2017,49456,
500,Washington College (MD),2017,49457,
500,Washington College (MD),2017,49458,
500,Washington College (MD),2017,49459,
500,Washington College (MD),2017,49460,
1152,Adrian,2017,51617,
1152,Adrian,2017,51618,
1152,Adrian,2017,51619,
1152,Adrian,2017,51620,
1152,Adrian,2017,51621,
1152,Adrian,2017,51622,
1152,Adrian,2017,51623,
1152,Adrian,2017,51624,
1152,Adrian,2017,51625,
1152,Adrian,2017,51626,
1152,Adrian,2017,51627,
1152,Adrian,2017,51628,
1152,Adrian,2017,51629,
1152,Adrian,2017,51630,
1152,Adrian,2017,51631,
1152,Adrian,2017,51632,
1152,Adrian,2017,51633,
1152,Adrian,2017,54780,
1226,St. Edward's,2017,32512,
1226,St. Edward's,2017,41507,
1226,St. Edward's,2017,43644,
1226,St. Edward's,2017,43645,
1226,St. Edward's,2017,43646,
1226,St. Edward's,2017,43647,
1226,St. Edward's,2017,43649,
1226,St. Edward's,2017,44285,
1226,St. Edward's,2017,48838,
1226,St. Edward's,2017,48839,
1226,St. Edward's,2017,53794,
1226,St. Edward's,2017,53795,
1226,St. Edward's,2017,53796,
1226,St. Edward's,2017,53797,
1226,St. Edward's,2017,53798,
1226,St. Edward's,2017,53799,
1226,St. Edward's,2017,53800,
1226,St. Edward's,2017,53801,
770,Bryn Athyn,2017,28661,
770,Bryn Athyn,2017,28662,
770,Bryn Athyn,2017,28663,
770,Bryn Athyn,2017,50764,
770,Bryn Athyn,2017,50765,
770,Bryn Athyn,2017,50768,
770,Bryn Athyn,2017,50770,
770,Bryn Athyn,2017,54678,
770,Bryn Athyn,2017,54679,
770,Bryn Athyn,2017,54680,
770,Bryn Athyn,2017,54681,
770,Bryn Athyn,2017,54682,
770,Bryn Athyn,2017,54683,
770,Bryn Athyn,2017,54684,
770,Bryn Athyn,2017,54685,
770,Bryn Athyn,2017,54686,
540,Bethel (TN),2017,33602,
540,Bethel (TN),2017,33604,
540,Bethel (TN),2017,33611,
540,Bethel (TN),2017,41331,
540,Bethel (TN),2017,43534,
540,Bethel (TN),2017,49482,
540,Bethel (TN),2017,49483,
540,Bethel (TN),2017,49484,
540,Bethel (TN),2017,49487,
540,Bethel (TN),2017,49488,
540,Bethel (TN),2017,49489,
540,Bethel (TN),2017,49490,
540,Bethel (TN),2017,49491,
540,Bethel (TN),2017,49492,
540,Bethel (TN),2017,49493,
540,Bethel (TN),2017,55232,
540,Bethel (TN),2017,55233,
540,Bethel (TN),2017,55234,
540,Bethel (TN),2017,55235,
540,Bethel (TN),2017,55236,
540,Bethel (TN),2017,55237,
540,Bethel (TN),2017,55238,
540,Bethel (TN),2017,55239,
540,Bethel (TN),2017,55240,
540,Bethel (TN),2017,55241,
540,Bethel (TN),2017,55242,
540,Bethel (TN),2017,55243,
540,Bethel (TN),2017,55244,
540,Bethel (TN),2017,55245,
540,Bethel (TN),2017,55246,
540,Bethel (TN),2017,55247,
540,Bethel (TN),2017,55248,
543,Northeastern State,2017,34786,
543,Northeastern State,2017,34787,
543,Northeastern State,2017,34788,
543,Northeastern State,2017,34789,
543,Northeastern State,2017,34790,
543,Northeastern State,2017,34791,
543,Northeastern State,2017,34792,
543,Northeastern State,2017,34793,
543,Northeastern State,2017,34794,
543,Northeastern State,2017,34795,
543,Northeastern State,2017,34796,
543,Northeastern State,2017,34797,
543,Northeastern State,2017,34798,
543,Northeastern State,2017,34799,
543,Northeastern State,2017,34800,
543,Northeastern State,2017,34801,
543,Northeastern State,2017,34802,
543,Northeastern State,2017,34803,
543,Northeastern State,2017,34804,
543,Northeastern State,2017,34805,
543,Northeastern State,2017,34806,
543,Northeastern State,2017,54192,
532,Mississippi College,2017,29794,
532,Mississippi College,2017,31212,
532,Mississippi College,2017,49797,
532,Mississippi College,2017,49798,
532,Mississippi College,2017,49799,
532,Mississippi College,2017,49800,
532,Mississippi College,2017,49803,
532,Mississippi College,2017,49806,
532,Mississippi College,2017,53958,
532,Mississippi College,2017,53959,
532,Mississippi College,2017,53960,1994-07-15
532,Mississippi College,2017,53961,
532,Mississippi College,2017,53962,
532,Mississippi College,2017,53963,
532,Mississippi College,2017,53964,
976,Notre Dame College (OH),2017,41464,
976,Notre Dame College (OH),2017,45263,
976,Notre Dame College (OH),2017,45511,
976,Notre Dame College (OH),2017,45512,1995-12-18
976,Notre Dame College (OH),2017,45520,
976,Notre Dame College (OH),2017,45521,
976,Notre Dame College (OH),2017,45529,
976,Notre Dame College (OH),2017,50369,
976,Notre Dame College (OH),2017,50371,
976,Notre Dame College (OH),2017,50372,
976,Notre Dame College (OH),2017,50374,
976,Notre Dame College (OH),2017,50375,
976,Notre Dame College (OH),2017,54735,
719,Texas Lutheran,2017,40288,
719,Texas Lutheran,2017,44543,
719,Texas Lutheran,2017,44544,
719,Texas Lutheran,2017,44545,
719,Texas Lutheran,2017,44548,
719,Texas Lutheran,2017,44550,
719,Texas Lutheran,2017,44551,
719,Texas Lutheran,2017,50174,
719,Texas Lutheran,2017,50178,
719,Texas Lutheran,2017,50179,
719,Texas Lutheran,2017,50180,
719,Texas Lutheran,2017,55019,
719,Texas Lutheran,2017,55020,
719,Texas Lutheran,2017,55021,
719,Texas Lutheran,2017,55022,
719,Texas Lutheran,2017,55023,
719,Texas Lutheran,2017,55024,
719,Texas Lutheran,2017,55025,
719,Texas Lutheran,2017,55026,
719,Texas Lutheran,2017,55027,
719,Texas Lutheran,2017,55028,
789,Chadron State,2017,14005,
789,Chadron State,2017,14006,
789,Chadron State,2017,14007,
789,Chadron State,2017,14008,
789,Chadron State,2017,14009,
789,Chadron State,2017,14010,
789,Chadron State,2017,14011,
789,Chadron State,2017,14012,
789,Chadron State,2017,14013,
789,Chadron State,2017,14014,
789,Chadron State,2017,14015,
789,Chadron State,2017,14016,
789,Chadron State,2017,14017,
789,Chadron State,2017,14018,
789,Chadron State,2017,14019,
593,SUNY-Oneonta,2017,39629,
593,SUNY-Oneonta,2017,39630,
593,SUNY-Oneonta,2017,39631,
593,SUNY-Oneonta,2017,39633,
593,SUNY-Oneonta,2017,49177,
593,SUNY-Oneonta,2017,49179,
593,SUNY-Oneonta,2017,53889,
593,SUNY-Oneonta,2017,53890,
593,SUNY-Oneonta,2017,53891,
593,SUNY-Oneonta,2017,53892,
593,SUNY-Oneonta,2017,53893,
593,SUNY-Oneonta,2017,53894,
593,SUNY-Oneonta,2017,53895,
593,SUNY-Oneonta,2017,53896,
1007,Huston-Tillotson,2017,41506,
1007,Huston-Tillotson,2017,41508,
1007,Huston-Tillotson,2017,41513,
1007,Huston-Tillotson,2017,55619,
1007,Huston-Tillotson,2017,55620,
1007,Huston-Tillotson,2017,55621,
1007,Huston-Tillotson,2017,55622,
1007,Huston-Tillotson,2017,55623,
1007,Huston-Tillotson,2017,55624,
1007,Huston-Tillotson,2017,55625,
1007,Huston-Tillotson,2017,55626,
1007,Huston-Tillotson,2017,55627,
1007,Huston-Tillotson,2017,55628,
1007,Huston-Tillotson,2017,55629,
1007,Huston-Tillotson,2017,55630,
1007,Huston-Tillotson,2017,55631,
1007,Huston-Tillotson,2017,55632,
661,Randall University,2017,40045,
661,Randall University,2017,40049,
661,Randall University,2017,40050,
661,Randall University,2017,40051,
661,Randall University,2017,40053,
661,Randall University,2017,40059,
661,Randall University,2017,40060,
661,Randall University,2017,40061,
661,Randall University,2017,40062,
661,Randall University,2017,55279,
661,Randall University,2017,55280,
661,Randall University,2017,55281,
661,Randall University,2017,55282,
661,Randall University,2017,55283,
661,Randall University,2017,55284,
661,Randall University,2017,55285,
661,Randall University,2017,55286,
661,Randall University,2017,55888,
1184,Hiram,2017,36832,
1184,Hiram,2017,36849,
1184,Hiram,2017,54165,
1184,Hiram,2017,54166,
1184,Hiram,2017,54167,
1184,Hiram,2017,54168,
1184,Hiram,2017,54169,
1184,Hiram,2017,54170,
1184,Hiram,2017,54171,
1184,Hiram,2017,54172,
1184,Hiram,2017,54173,
1184,Hiram,2017,54174,
1184,Hiram,2017,54175,
1184,Hiram,2017,54176,
1184,Hiram,2017,54177,
1184,Hiram,2017,54178,
1184,Hiram,2017,54179,
1184,Hiram,2017,54180,
1184,Hiram,2017,54181,
1186,Arkansas-Monticello,2017,25331,
1186,Arkansas-Monticello,2017,30838,
1186,Arkansas-Monticello,2017,30839,
1186,Arkansas-Monticello,2017,45742,
1186,Arkansas-Monticello,2017,54614,
1186,Arkansas-Monticello,2017,54615,
1186,Arkansas-Monticello,2017,54616,
1186,Arkansas-Monticello,2017,54617,
1186,Arkansas-Monticello,2017,54618,
1186,Arkansas-Monticello,2017,54619,
1186,Arkansas-Monticello,2017,54620,
1186,Arkansas-Monticello,2017,54621,
1186,Arkansas-Monticello,2017,54622,
1186,Arkansas-Monticello,2017,54623,1994-12-06
519,NC Wesleyan,2017,38918,
519,NC Wesleyan,2017,38919,
519,NC Wesleyan,2017,38920,
519,NC Wesleyan,2017,38922,
519,NC Wesleyan,2017,38928,
519,NC Wesleyan,2017,38933,
519,NC Wesleyan,2017,38934,
519,NC Wesleyan,2017,38935,
519,NC Wesleyan,2017,38936,
519,NC Wesleyan,2017,44955,
519,NC Wesleyan,2017,48044,
519,NC Wesleyan,2017,48045,
519,NC Wesleyan,2017,48047,
519,NC Wesleyan,2017,48048,
519,NC Wesleyan,2017,55316,
846,Jarvis Christian,2017,36074,
846,Jarvis Christian,2017,36092,
846,Jarvis Christian,2017,36093,
846,Jarvis Christian,2017,48948,
846,Jarvis Christian,2017,48949,
846,Jarvis Christian,2017,48950,
846,Jarvis Christian,2017,48955,
846,Jarvis Christian,2017,48956,
846,Jarvis Christian,2017,48957,
846,Jarvis Christian,2017,54349,
846,Jarvis Christian,2017,54350,
846,Jarvis Christian,2017,54351,
846,Jarvis Christian,2017,54352,
846,Jarvis Christian,2017,54353,
846,Jarvis Christian,2017,54354,
846,Jarvis Christian,2017,54355,
846,Jarvis Christian,2017,54356,
846,Jarvis Christian,2017,54357,
846,Jarvis Christian,2017,54358,
846,Jarvis Christian,2017,54359,
846,Jarvis Christian,2017,54360,
846,Jarvis Christian,2017,54361,
846,Jarvis Christian,2017,54362,
846,Jarvis Christian,2017,54363,
846,Jarvis Christian,2017,54364,
846,Jarvis Christian,2017,54574,
846,Jarvis Christian,2017,54575,
673,Texas College,2017,10863,
673,Texas College,2017,10864,
673,Texas College,2017,10865,
673,Texas College,2017,10866,
673,Texas College,2017,10867,
673,Texas College,2017,10868,
673,Texas College,2017,10869,
673,Texas College,2017,10870,
673,Texas College,2017,10871,
673,Texas College,2017,10872,
673,Texas College,2017,10873,
673,Texas College,2017,10874,
673,Texas College,2017,10875,
673,Texas College,2017,10876,
673,Texas College,2017,10877,
931,George Fox,2017,28575,
931,George Fox,2017,28576,
931,George Fox,2017,28582,
931,George Fox,2017,28583,
931,George Fox,2017,28584,
931,George Fox,2017,28586,
931,George Fox,2017,28587,
931,George Fox,2017,28588,
931,George Fox,2017,28589,
931,George Fox,2017,54141,
931,George Fox,2017,54142,
931,George Fox,2017,54143,
931,George Fox,2017,54144,
931,George Fox,2017,54145,
931,George Fox,2017,54146,
931,George Fox,2017,54147,
931,George Fox,2017,54148,
931,George Fox,2017,54149,
931,George Fox,2017,54150,
656,Western Oregon,2017,28581,
656,Western Oregon,2017,54761,
656,Western Oregon,2017,54762,
656,Western Oregon,2017,54763,
656,Western Oregon,2017,54764,
656,Western Oregon,2017,54765,
656,Western Oregon,2017,54766,
656,Western Oregon,2017,54767,
656,Western Oregon,2017,54768,
656,Western Oregon,2017,54769,
656,Western Oregon,2017,54770,
656,Western Oregon,2017,54771,
656,Western Oregon,2017,54772,
656,Western Oregon,2017,54773,
656,Western Oregon,2017,54774,
656,Western Oregon,2017,54775,
656,Western Oregon,2017,54776,
656,Western Oregon,2017,54777,
656,Western Oregon,2017,54778,
656,Western Oregon,2017,54779,1994-05-17
1292,Kenyon,2017,53419,
1292,Kenyon,2017,53420,
1292,Kenyon,2017,53421,
1292,Kenyon,2017,53422,
1292,Kenyon,2017,53423,
1292,Kenyon,2017,53424,
1292,Kenyon,2017,53425,
1292,Kenyon,2017,53426,
1292,Kenyon,2017,53427,
1292,Kenyon,2017,53428,
1292,Kenyon,2017,53429,
1292,Kenyon,2017,53430,
1292,Kenyon,2017,53431,
1292,Kenyon,2017,53432,
1292,Kenyon,2017,53433,
1292,Kenyon,2017,53434,
1292,Kenyon,2017,53435,
1292,Kenyon,2017,53436,
1203,East Central (OK),2017,39924,
1203,East Central (OK),2017,39933,
1203,East Central (OK),2017,39937,
1203,East Central (OK),2017,39938,
1203,East Central (OK),2017,39939,
1203,East Central (OK),2017,55698,
1203,East Central (OK),2017,55699,1993-12-02
1203,East Central (OK),2017,55700,
1203,East Central (OK),2017,55701,
1203,East Central (OK),2017,55702,1994-10-08
1203,East Central (OK),2017,55703,
1203,East Central (OK),2017,55704,
1203,East Central (OK),2017,55705,
581,Boyce,2017,48888,
581,Boyce,2017,48889,
581,Boyce,2017,48893,
581,Boyce,2017,54931,
581,Boyce,2017,54932,
581,Boyce,2017,54933,
581,Boyce,2017,54934,
581,Boyce,2017,54935,
581,Boyce,2017,54936,
581,Boyce,2017,54937,
581,Boyce,2017,54938,
581,Boyce,2017,54939,
581,Boyce,2017,54940,
581,Boyce,2017,54941,
581,Boyce,2017,54942,
820,Fort Valley State,2017,42699,
820,Fort Valley State,2017,42709,
820,Fort Valley State,2017,54286,
820,Fort Valley State,2017,54287,
820,Fort Valley State,2017,54288,
820,Fort Valley State,2017,54289,
820,Fort Valley State,2017,54290,
820,Fort Valley State,2017,54291,
820,Fort Valley State,2017,54292,
820,Fort Valley State,2017,54293,
820,Fort Valley State,2017,54294,
820,Fort Valley State,2017,54295,
820,Fort Valley State,2017,54296,
820,Fort Valley State,2017,54297,
820,Fort Valley State,2017,54298,
820,Fort Valley State,2017,54299,
820,Fort Valley State,2017,54300,
820,Fort Valley State,2017,54301,
820,Fort Valley State,2017,54302,
820,Fort Valley State,2017,54303,
820,Fort Valley State,2017,54304,
820,Fort Valley State,2017,54305,1991-09-08
820,Fort Valley State,2017,55667,
820,Fort Valley State,2017,55668,
820,Fort Valley State,2017,55669,
820,Fort Valley State,2017,55697,
679,Capital,2017,11057,
679,Capital,2017,11058,
679,Capital,2017,11059,
679,Capital,2017,11060,
679,Capital,2017,11061,
679,Capital,2017,11062,
679,Capital,2017,11063,
679,Capital,2017,11064,
679,Capital,2017,11065,
679,Capital,2017,11066,
679,Capital,2017,11067,
679,Capital,2017,11068,
679,Capital,2017,11069,
679,Capital,2017,11070,
679,Capital,2017,11071,
493,Oglethorpe,2017,43609,
493,Oglethorpe,2017,43610,
493,Oglethorpe,2017,43611,
493,Oglethorpe,2017,43612,
493,Oglethorpe,2017,43623,
493,Oglethorpe,2017,46252,
493,Oglethorpe,2017,46253,
493,Oglethorpe,2017,46254,
493,Oglethorpe,2017,46255,
493,Oglethorpe,2017,46256,
493,Oglethorpe,2017,46257,
493,Oglethorpe,2017,46258,
493,Oglethorpe,2017,54995,
493,Oglethorpe,2017,54996,
493,Oglethorpe,2017,54997,
493,Oglethorpe,2017,54998,
493,Oglethorpe,2017,54999,
493,Oglethorpe,2017,55000,
493,Oglethorpe,2017,55001,
493,Oglethorpe,2017,55002,
493,Oglethorpe,2017,55003,
935,Oak Hills Christian,2017,50985,
935,Oak Hills Christian,2017,50986,
935,Oak Hills Christian,2017,50991,
935,Oak Hills Christian,2017,50996,
935,Oak Hills Christian,2017,53469,
935,Oak Hills Christian,2017,53470,
935,Oak Hills Christian,2017,53471,
935,Oak Hills Christian,2017,53472,
935,Oak Hills Christian,2017,53473,
935,Oak Hills Christian,2017,53474,
935,Oak Hills Christian,2017,53475,
935,Oak Hills Christian,2017,53476,
935,Oak Hills Christian,2017,53477,
935,Oak Hills Christian,2017,53478,
1148,Bacone,2017,38794,
1148,Bacone,2017,38801,
1148,Bacone,2017,38802,
1148,Bacone,2017,38803,
1148,Bacone,2017,38804,
1148,Bacone,2017,38805,
1148,Bacone,2017,38806,
1148,Bacone,2017,38807,
1148,Bacone,2017,38808,
1148,Bacone,2017,38809,
1148,Bacone,2017,38810,
1148,Bacone,2017,38811,
654,Corban College,2017,10349,
654,Corban College,2017,10363,
654,Corban College,2017,45482,
654,Corban College,2017,45714,
654,Corban College,2017,45716,
654,Corban College,2017,45718,
654,Corban College,2017,45719,
654,Corban College,2017,45720,
654,Corban College,2017,45721,
654,Corban College,2017,45722,
654,Corban College,2017,45723,
654,Corban College,2017,45724,
654,Corban College,2017,45725,
654,Corban College,2017,45726,
654,Corban College,2017,45727,
654,Corban College,2017,45728,
654,Corban College,2017,45729,
654,Corban College,2017,45730,
1183,Notre Dame de Namur,2017,48728,
1183,Notre Dame de Namur,2017,48733,
966,Antelope Valley,2017,28529,
966,Antelope Valley,2017,28530,
966,Antelope Valley,2017,47587,
966,Antelope Valley,2017,47589,
966,Antelope Valley,2017,47590,
966,Antelope Valley,2017,47594,
966,Antelope Valley,2017,47595,
966,Antelope Valley,2017,47597,
966,Antelope Valley,2017,47598,
966,Antelope Valley,2017,52605,
966,Antelope Valley,2017,52606,
966,Antelope Valley,2017,52607,
966,Antelope Valley,2017,52608,
966,Antelope Valley,2017,52609,
966,Antelope Valley,2017,52610,
966,Antelope Valley,2017,52611,
966,Antelope Valley,2017,52612,
966,Antelope Valley,2017,52613,
635,Taylor,2017,9871,
635,Taylor,2017,9872,
635,Taylor,2017,9873,
635,Taylor,2017,9874,
635,Taylor,2017,9875,
635,Taylor,2017,9876,
635,Taylor,2017,9877,
635,Taylor,2017,9878,
635,Taylor,2017,9879,
635,Taylor,2017,9880,
635,Taylor,2017,9881,
635,Taylor,2017,9882,
635,Taylor,2017,9883,
1202,Geneva,2017,39862,
1202,Geneva,2017,39863,
1202,Geneva,2017,39864,
1202,Geneva,2017,39865,
1202,Geneva,2017,39866,
1202,Geneva,2017,39867,
1202,Geneva,2017,39868,
1202,Geneva,2017,39869,
1202,Geneva,2017,39870,
1202,Geneva,2017,39871,
1202,Geneva,2017,39872,
1202,Geneva,2017,39873,
1202,Geneva,2017,39874,
1202,Geneva,2017,39875,
1202,Geneva,2017,39876,
1202,Geneva,2017,39877,
1202,Geneva,2017,39878,
1202,Geneva,2017,39879,
638,Mount Saint Mary (NY),2017,53696,
638,Mount Saint Mary (NY),2017,53697,
638,Mount Saint Mary (NY),2017,53698,
638,Mount Saint Mary (NY),2017,53699,
638,Mount Saint Mary (NY),2017,53700,
638,Mount Saint Mary (NY),2017,53701,
638,Mount Saint Mary (NY),2017,53702,
638,Mount Saint Mary (NY),2017,53703,
638,Mount Saint Mary (NY),2017,53704,
638,Mount Saint Mary (NY),2017,53705,
638,Mount Saint Mary (NY),2017,53706,
638,Mount Saint Mary (NY),2017,53707,
638,Mount Saint Mary (NY),2017,53708,
638,Mount Saint Mary (NY),2017,53709,
638,Mount Saint Mary (NY),2017,53710,
638,Mount Saint Mary (NY),2017,53711,
638,Mount Saint Mary (NY),2017,53712,
638,Mount Saint Mary (NY),2017,53713,
722,Texas A&M-Kingsville,2017,12173,
722,Texas A&M-Kingsville,2017,12174,
722,Texas A&M-Kingsville,2017,12175,
722,Texas A&M-Kingsville,2017,12176,
722,Texas A&M-Kingsville,2017,12177,
722,Texas A&M-Kingsville,2017,12178,
722,Texas A&M-Kingsville,2017,12179,
722,Texas A&M-Kingsville,2017,12180,
722,Texas A&M-Kingsville,2017,12181,
722,Texas A&M-Kingsville,2017,12182,
722,Texas A&M-Kingsville,2017,12183,
722,Texas A&M-Kingsville,2017,12184,
722,Texas A&M-Kingsville,2017,12185,
722,Texas A&M-Kingsville,2017,12186,
722,Texas A&M-Kingsville,2017,12187,
722,Texas A&M-Kingsville,2017,12188,
722,Texas A&M-Kingsville,2017,12189,
722,Texas A&M-Kingsville,2017,12190,
1078,Maine-Farmington,2017,28295,
1078,Maine-Farmington,2017,28296,
1078,Maine-Farmington,2017,28297,
1078,Maine-Farmington,2017,28298,
1078,Maine-Farmington,2017,28299,
1078,Maine-Farmington,2017,28300,
1078,Maine-Farmington,2017,28301,
1078,Maine-Farmington,2017,28302,
1078,Maine-Farmington,2017,28303,2004-11-19
1078,Maine-Farmington,2017,28305,
1078,Maine-Farmington,2017,28306,
646,Carolina University,2017,41264,
646,Carolina University,2017,46822,
646,Carolina University,2017,46824,
646,Carolina University,2017,46829,
646,Carolina University,2017,46830,
646,Carolina University,2017,46831,
646,Carolina University,2017,46833,
646,Carolina University,2017,46834,
646,Carolina University,2017,46835,
646,Carolina University,2017,46836,
646,Carolina University,2017,46837,
725,Averett,2017,37950,
725,Averett,2017,37951,
725,Averett,2017,37960,
725,Averett,2017,37961,
725,Averett,2017,37964,
725,Averett,2017,37968,
725,Averett,2017,37969,1997-01-20
725,Averett,2017,53253,1996-06-10
725,Averett,2017,53254,1995-06-25
725,Averett,2017,53255,1995-05-19
725,Averett,2017,53256,1996-05-15
725,Averett,2017,53257,
725,Averett,2017,53258,
725,Averett,2017,53259,
725,Averett,2017,53260,
725,Averett,2017,53261,
725,Averett,2017,53262,
725,Averett,2017,53263,1995-10-06
744,Warner University,2017,14613,
744,Warner University,2017,14614,
744,Warner University,2017,14615,
744,Warner University,2017,14616,
744,Warner University,2017,14617,
744,Warner University,2017,14618,
744,Warner University,2017,14619,
744,Warner University,2017,14620,
744,Warner University,2017,14621,
744,Warner University,2017,14622,
744,Warner University,2017,14623,
744,Warner University,2017,14624,
744,Warner University,2017,14625,
744,Warner University,2017,14626,
744,Warner University,2017,14627,
985,Illinois-Springfield,2017,36988,
985,Illinois-Springfield,2017,39985,
985,Illinois-Springfield,2017,39989,
985,Illinois-Springfield,2017,39990,
985,Illinois-Springfield,2017,39991,
985,Illinois-Springfield,2017,39994,
985,Illinois-Springfield,2017,39995,
985,Illinois-Springfield,2017,39996,
985,Illinois-Springfield,2017,39997,
985,Illinois-Springfield,2017,39998,
985,Illinois-Springfield,2017,52308,
985,Illinois-Springfield,2017,52309,
985,Illinois-Springfield,2017,52310,
985,Illinois-Springfield,2017,52311,
985,Illinois-Springfield,2017,52312,
1230,Buena Vista,2017,43926,
1230,Buena Vista,2017,43936,
1230,Buena Vista,2017,54452,
1230,Buena Vista,2017,54453,
1230,Buena Vista,2017,54454,
1230,Buena Vista,2017,54455,
1230,Buena Vista,2017,54456,
1230,Buena Vista,2017,54457,
1230,Buena Vista,2017,54458,
1230,Buena Vista,2017,54459,
1230,Buena Vista,2017,54460,
1230,Buena Vista,2017,54461,
1230,Buena Vista,2017,54462,
1230,Buena Vista,2017,54463,
1230,Buena Vista,2017,54464,
1230,Buena Vista,2017,54465,2003-11-19
1230,Buena Vista,2017,54466,2003-11-19
1230,Buena Vista,2017,54467,2003-11-19
1230,Buena Vista,2017,54468,2003-11-19
1230,Buena Vista,2017,54469,2003-11-19
1230,Buena Vista,2017,54470,2003-11-19
1230,Buena Vista,2017,54471,2003-11-19
1230,Buena Vista,2017,54472,2003-11-19
1230,Buena Vista,2017,54473,2003-11-19
1230,Buena Vista,2017,54474,2003-11-19
1230,Buena Vista,2017,54475,2003-11-19
1230,Buena Vista,2017,54476,2003-11-19
1230,Buena Vista,2017,54477,2003-11-19
1230,Buena Vista,2017,54478,2003-11-19
1230,Buena Vista,2017,54479,
1230,Buena Vista,2017,54480,2003-11-19
1230,Buena Vista,2017,54481,2003-11-19
1230,Buena Vista,2017,54482,2003-11-19
1230,Buena Vista,2017,54483,2003-11-19
1230,Buena Vista,2017,54484,2003-11-19
1230,Buena Vista,2017,54485,2003-11-19
1230,Buena Vista,2017,54486,2003-11-19
1230,Buena Vista,2017,54487,2003-11-19
1230,Buena Vista,2017,54488,2003-11-19
707,Kentucky State,2017,48897,
707,Kentucky State,2017,48898,
707,Kentucky State,2017,48907,
707,Kentucky State,2017,48909,
855,Oakland City,2017,36137,
855,Oakland City,2017,39060,
855,Oakland City,2017,42759,
855,Oakland City,2017,42764,
855,Oakland City,2017,48807,
855,Oakland City,2017,48808,
855,Oakland City,2017,48809,
855,Oakland City,2017,48810,
855,Oakland City,2017,48812,
855,Oakland City,2017,48813,
855,Oakland City,2017,53586,
855,Oakland City,2017,53587,
855,Oakland City,2017,53588,
855,Oakland City,2017,53589,
877,Eastern Mennonite,2017,42442,
877,Eastern Mennonite,2017,42443,
877,Eastern Mennonite,2017,42444,
877,Eastern Mennonite,2017,42445,
877,Eastern Mennonite,2017,42447,
877,Eastern Mennonite,2017,42448,
877,Eastern Mennonite,2017,42449,
877,Eastern Mennonite,2017,42452,
877,Eastern Mennonite,2017,42453,
877,Eastern Mennonite,2017,42455,
877,Eastern Mennonite,2017,42464,
877,Eastern Mennonite,2017,55634,
877,Eastern Mennonite,2017,55635,
877,Eastern Mennonite,2017,55636,
877,Eastern Mennonite,2017,55637,
877,Eastern Mennonite,2017,55638,
877,Eastern Mennonite,2017,55639,
877,Eastern Mennonite,2017,55640,
877,Eastern Mennonite,2017,55641,
877,Eastern Mennonite,2017,55642,
571,San Francisco State,2017,41119,
571,San Francisco State,2017,41126,
571,San Francisco State,2017,41127,
571,San Francisco State,2017,41128,
571,San Francisco State,2017,41132,
571,San Francisco State,2017,41133,
571,San Francisco State,2017,54984,
571,San Francisco State,2017,54985,
571,San Francisco State,2017,54986,
571,San Francisco State,2017,54987,
571,San Francisco State,2017,54988,
571,San Francisco State,2017,54989,
571,San Francisco State,2017,54990,1994-08-13
571,San Francisco State,2017,54991,
693,Fisher College,2017,20263,
693,Fisher College,2017,53985,
693,Fisher College,2017,53986,
693,Fisher College,2017,53987,
693,Fisher College,2017,53988,
693,Fisher College,2017,53989,
693,Fisher College,2017,53990,
693,Fisher College,2017,53991,
693,Fisher College,2017,53992,
693,Fisher College,2017,53993,
693,Fisher College,2017,53994,
693,Fisher College,2017,53995,
693,Fisher College,2017,53996,
693,Fisher College,2017,53997,
693,Fisher College,2017,53998,
693,Fisher College,2017,53999,
693,Fisher College,2017,54000,
693,Fisher College,2017,54001,
693,Fisher College,2017,54002,
693,Fisher College,2017,54003,
622,Xavier (LA),2017,38060,
622,Xavier (LA),2017,38061,
622,Xavier (LA),2017,38062,
622,Xavier (LA),2017,38063,
622,Xavier (LA),2017,38064,
622,Xavier (LA),2017,38065,
622,Xavier (LA),2017,38066,
622,Xavier (LA),2017,38067,
622,Xavier (LA),2017,38068,
622,Xavier (LA),2017,38069,
622,Xavier (LA),2017,38070,
622,Xavier (LA),2017,38071,
622,Xavier (LA),2017,38072,
622,Xavier (LA),2017,54326,
732,Our Lady Of The Lake,2017,47373,
732,Our Lady Of The Lake,2017,47374,
732,Our Lady Of The Lake,2017,47375,
732,Our Lady Of The Lake,2017,52132,
732,Our Lady Of The Lake,2017,52133,
732,Our Lady Of The Lake,2017,52134,
732,Our Lady Of The Lake,2017,52135,
732,Our Lady Of The Lake,2017,52136,
732,Our Lady Of The Lake,2017,52137,
732,Our Lady Of The Lake,2017,52138,
732,Our Lady Of The Lake,2017,52139,
732,Our Lady Of The Lake,2017,52140,
732,Our Lady Of The Lake,2017,52141,
732,Our Lady Of The Lake,2017,52142,
967,Trevecca Nazarene,2017,40525,
967,Trevecca Nazarene,2017,40537,
967,Trevecca Nazarene,2017,46158,1998-03-10
967,Trevecca Nazarene,2017,46159,
967,Trevecca Nazarene,2017,46160,
967,Trevecca Nazarene,2017,46161,
967,Trevecca Nazarene,2017,50814,
967,Trevecca Nazarene,2017,55890,
967,Trevecca Nazarene,2017,55891,
967,Trevecca Nazarene,2017,55892,1994-06-13
967,Trevecca Nazarene,2017,55893,
967,Trevecca Nazarene,2017,55894,
967,Trevecca Nazarene,2017,55895,
967,Trevecca Nazarene,2017,55896,
967,Trevecca Nazarene,2017,55897,
821,Benedictine (AZ),2017,39111,
821,Benedictine (AZ),2017,39112,
821,Benedictine (AZ),2017,39118,
821,Benedictine (AZ),2017,39121,
821,Benedictine (AZ),2017,49406,
821,Benedictine (AZ),2017,49407,
821,Benedictine (AZ),2017,49409,
821,Benedictine (AZ),2017,49410,
821,Benedictine (AZ),2017,49411,
821,Benedictine (AZ),2017,49412,
821,Benedictine (AZ),2017,49413,
821,Benedictine (AZ),2017,49414,
821,Benedictine (AZ),2017,49415,
821,Benedictine (AZ),2017,49419,
821,Benedictine (AZ),2017,49420,
821,Benedictine (AZ),2017,49421,
821,Benedictine (AZ),2017,49422,
821,Benedictine (AZ),2017,54069,
821,Benedictine (AZ),2017,54070,
821,Benedictine (AZ),2017,54071,
821,Benedictine (AZ),2017,54072,
821,Benedictine (AZ),2017,54073,
821,Benedictine (AZ),2017,54074,
821,Benedictine (AZ),2017,54075,
821,Benedictine (AZ),2017,54076,
821,Benedictine (AZ),2017,54077,
821,Benedictine (AZ),2017,54078,
751,Montreat,2017,23551,
751,Montreat,2017,23552,
751,Montreat,2017,23553,
751,Montreat,2017,23561,
751,Montreat,2017,23562,
751,Montreat,2017,23563,
751,Montreat,2017,23564,
751,Montreat,2017,23565,
751,Montreat,2017,44858,
751,Montreat,2017,55214,
751,Montreat,2017,55215,
751,Montreat,2017,55216,
751,Montreat,2017,55217,
751,Montreat,2017,55218,
751,Montreat,2017,55219,
751,Montreat,2017,55220,
751,Montreat,2017,55723,
1224,Sewanee,2017,43105,
1224,Sewanee,2017,43106,
1224,Sewanee,2017,43107,
1224,Sewanee,2017,43108,
1224,Sewanee,2017,43117,
1224,Sewanee,2017,43118,
1224,Sewanee,2017,43119,
1224,Sewanee,2017,43120,
1224,Sewanee,2017,51322,
1224,Sewanee,2017,51323,
1224,Sewanee,2017,51324,
1224,Sewanee,2017,51325,
1224,Sewanee,2017,51326,
1224,Sewanee,2017,51327,
1224,Sewanee,2017,51328,
1224,Sewanee,2017,51329,
1224,Sewanee,2017,51330,
1224,Sewanee,2017,51331,
1133,Tougaloo,2017,31213,
1133,Tougaloo,2017,31214,
1133,Tougaloo,2017,50237,
1133,Tougaloo,2017,50239,
1133,Tougaloo,2017,50240,
1133,Tougaloo,2017,52234,
1133,Tougaloo,2017,52235,
1133,Tougaloo,2017,52236,
1133,Tougaloo,2017,52237,
1133,Tougaloo,2017,52238,
1133,Tougaloo,2017,52239,
1133,Tougaloo,2017,52240,
1133,Tougaloo,2017,52241,
1303,Austin,2017,55075,
1303,Austin,2017,55076,
1303,Austin,2017,55077,
1303,Austin,2017,55078,
1303,Austin,2017,55079,
1303,Austin,2017,55080,
1303,Austin,2017,55081,
1303,Austin,2017,55082,
1303,Austin,2017,55083,
1303,Austin,2017,55084,
1303,Austin,2017,55085,
1303,Austin,2017,55086,
1303,Austin,2017,55087,
1303,Austin,2017,55088,
1303,Austin,2017,55089,
1303,Austin,2017,55090,
1303,Austin,2017,55091,
1303,Austin,2017,55092,
1303,Austin,2017,55093,
1303,Austin,2017,55094,
1303,Austin,2017,55095,
991,San Diego Christian,2017,29217,
991,San Diego Christian,2017,40101,
991,San Diego Christian,2017,40108,
991,San Diego Christian,2017,40109,
991,San Diego Christian,2017,47605,
991,San Diego Christian,2017,47606,
991,San Diego Christian,2017,47608,
991,San Diego Christian,2017,47613,
991,San Diego Christian,2017,53371,
991,San Diego Christian,2017,53372,
991,San Diego Christian,2017,53373,
991,San Diego Christian,2017,53374,
991,San Diego Christian,2017,53375,
991,San Diego Christian,2017,53376,
991,San Diego Christian,2017,53377,
991,San Diego Christian,2017,53378,
991,San Diego Christian,2017,53379,
991,San Diego Christian,2017,53380,
708,Ferrum,2017,37178,
708,Ferrum,2017,37186,
708,Ferrum,2017,37197,
708,Ferrum,2017,37198,
708,Ferrum,2017,48980,
708,Ferrum,2017,48981,
708,Ferrum,2017,48985,
708,Ferrum,2017,53177,
708,Ferrum,2017,53178,
708,Ferrum,2017,53179,
708,Ferrum,2017,53180,
708,Ferrum,2017,53181,
708,Ferrum,2017,53182,
708,Ferrum,2017,53183,
708,Ferrum,2017,53184,
708,Ferrum,2017,53185,
708,Ferrum,2017,53186,
708,Ferrum,2017,53187,
708,Ferrum,2017,55212,
708,Ferrum,2017,55213,
1110,Roosevelt,2017,53590,
1110,Roosevelt,2017,53591,
1110,Roosevelt,2017,53592,
1110,Roosevelt,2017,53593,
1110,Roosevelt,2017,53594,
1110,Roosevelt,2017,53595,
1110,Roosevelt,2017,53596,
1110,Roosevelt,2017,53597,
1110,Roosevelt,2017,53598,
1110,Roosevelt,2017,53599,
1110,Roosevelt,2017,53600,
1110,Roosevelt,2017,53601,
1110,Roosevelt,2017,53602,
1110,Roosevelt,2017,53603,
1110,Roosevelt,2017,53604,
1110,Roosevelt,2017,53605,
1110,Roosevelt,2017,53606,
795,Rust,2017,49822,
795,Rust,2017,49829,
795,Rust,2017,55467,
795,Rust,2017,55468,
795,Rust,2017,55469,
795,Rust,2017,55470,
795,Rust,2017,55471,
795,Rust,2017,55472,
795,Rust,2017,55473,
795,Rust,2017,55474,
795,Rust,2017,55475,
795,Rust,2017,55476,
795,Rust,2017,55477,
795,Rust,2017,55478,
795,Rust,2017,55479,
795,Rust,2017,55480,
795,Rust,2017,55481,
795,Rust,2017,55482,
795,Rust,2017,55483,
795,Rust,2017,55484,
795,Rust,2017,55485,
795,Rust,2017,55486,
795,Rust,2017,55487,
795,Rust,2017,55488,
795,Rust,2017,55489,
795,Rust,2017,55490,
795,Rust,2017,55491,
795,Rust,2017,55492,
795,Rust,2017,55493,
795,Rust,2017,55494,
795,Rust,2017,55495,
632,Voorhees,2017,45384,
632,Voorhees,2017,45387,
632,Voorhees,2017,45390,
632,Voorhees,2017,45391,
632,Voorhees,2017,45392,
632,Voorhees,2017,45393,
632,Voorhees,2017,45394,
632,Voorhees,2017,45395,
632,Voorhees,2017,45396,
632,Voorhees,2017,45397,
632,Voorhees,2017,45398,
632,Voorhees,2017,45399,
632,Voorhees,2017,45400,
632,Voorhees,2017,45401,
632,Voorhees,2017,45402,
632,Voorhees,2017,45403,
1154,Salem University,2017,32967,
1154,Salem University,2017,32968,
1154,Salem University,2017,32969,
1154,Salem University,2017,32970,
1154,Salem University,2017,32971,
1154,Salem University,2017,32972,
1154,Salem University,2017,32973,
1154,Salem University,2017,32983,
1154,Salem University,2017,32984,
1154,Salem University,2017,32985,
1154,Salem University,2017,32986,
1154,Salem University,2017,32987,
1154,Salem University,2017,32988,
1154,Salem University,2017,32989,
1154,Salem University,2017,32990,
1154,Salem University,2017,32991,
1154,Salem University,2017,39977,
1154,Salem University,2017,54182,
1154,Salem University,2017,54183,
950,CS Dominguez Hills,2017,43759,
950,CS Dominguez Hills,2017,54111,
950,CS Dominguez Hills,2017,54112,
950,CS Dominguez Hills,2017,54113,
950,CS Dominguez Hills,2017,54114,
950,CS Dominguez Hills,2017,54115,
950,CS Dominguez Hills,2017,54116,
950,CS Dominguez Hills,2017,54117,
950,CS Dominguez Hills,2017,54118,
950,CS Dominguez Hills,2017,54119,
950,CS Dominguez Hills,2017,54120,
950,CS Dominguez Hills,2017,54121,
950,CS Dominguez Hills,2017,54122,
950,CS Dominguez Hills,2017,54123,
950,CS Dominguez Hills,2017,54124,
950,CS Dominguez Hills,2017,54125,
950,CS Dominguez Hills,2017,54126,
950,CS Dominguez Hills,2017,54127,
691,Southern Wesleyan,2017,38468,
691,Southern Wesleyan,2017,38469,
691,Southern Wesleyan,2017,38470,
691,Southern Wesleyan,2017,38476,
691,Southern Wesleyan,2017,50519,
691,Southern Wesleyan,2017,50521,
691,Southern Wesleyan,2017,54829,
691,Southern Wesleyan,2017,54830,
691,Southern Wesleyan,2017,54831,1995-02-28
691,Southern Wesleyan,2017,54832,
691,Southern Wesleyan,2017,54833,
691,Southern Wesleyan,2017,54834,
691,Southern Wesleyan,2017,54835,
691,Southern Wesleyan,2017,54836,
691,Southern Wesleyan,2017,54837,
691,Southern Wesleyan,2017,54838,
767,Lesley University,2017,39322,
767,Lesley University,2017,39323,
767,Lesley University,2017,39324,
767,Lesley University,2017,39325,
767,Lesley University,2017,39326,
767,Lesley University,2017,39327,
767,Lesley University,2017,39328,
767,Lesley University,2017,39329,
767,Lesley University,2017,39330,
767,Lesley University,2017,39331,
767,Lesley University,2017,39332,
767,Lesley University,2017,39333,
641,Goshen,2017,22497,
641,Goshen,2017,22509,
641,Goshen,2017,44361,
641,Goshen,2017,44363,
641,Goshen,2017,44368,
641,Goshen,2017,54153,
641,Goshen,2017,54154,
641,Goshen,2017,54155,
641,Goshen,2017,54156,
641,Goshen,2017,54157,
641,Goshen,2017,54158,
641,Goshen,2017,54159,
641,Goshen,2017,54160,
641,Goshen,2017,54161,
641,Goshen,2017,54162,
641,Goshen,2017,54163,
641,Goshen,2017,54164,
1067,Cumberland (TN),2017,53760,
1067,Cumberland (TN),2017,53761,
1067,Cumberland (TN),2017,53762,
1067,Cumberland (TN),2017,53763,
1067,Cumberland (TN),2017,53764,
1067,Cumberland (TN),2017,53765,
1067,Cumberland (TN),2017,53766,
1067,Cumberland (TN),2017,53767,1993-12-04
1067,Cumberland (TN),2017,53768,
1067,Cumberland (TN),2017,53769,
1067,Cumberland (TN),2017,53770,
1067,Cumberland (TN),2017,53771,
1067,Cumberland (TN),2017,53772,1995-10-30
1067,Cumberland (TN),2017,53773,
1067,Cumberland (TN),2017,53774,
1067,Cumberland (TN),2017,53775,
1067,Cumberland (TN),2017,53776,
1067,Cumberland (TN),2017,53777,
1067,Cumberland (TN),2017,53778,
1067,Cumberland (TN),2017,53779,
1067,Cumberland (TN),2017,53780,
1067,Cumberland (TN),2017,53781,
1067,Cumberland (TN),2017,53782,
951,Milwaukee School Of Engineering,2017,52107,
951,Milwaukee School Of Engineering,2017,52108,
951,Milwaukee School Of Engineering,2017,52109,
951,Milwaukee School Of Engineering,2017,52110,
951,Milwaukee School Of Engineering,2017,52111,
951,Milwaukee School Of Engineering,2017,52112,
951,Milwaukee School Of Engineering,2017,52113,
951,Milwaukee School Of Engineering,2017,52114,
951,Milwaukee School Of Engineering,2017,52115,
951,Milwaukee School Of Engineering,2017,52116,
951,Milwaukee School Of Engineering,2017,52117,
951,Milwaukee School Of Engineering,2017,52118,
951,Milwaukee School Of Engineering,2017,52119,
951,Milwaukee School Of Engineering,2017,52120,
951,Milwaukee School Of Engineering,2017,52121,
951,Milwaukee School Of Engineering,2017,52122,
951,Milwaukee School Of Engineering,2017,52123,
951,Milwaukee School Of Engineering,2017,52124,
951,Milwaukee School Of Engineering,2017,52125,
951,Milwaukee School Of Engineering,2017,52126,
934,Ohio Dominican,2017,22508,
934,Ohio Dominican,2017,54306,
934,Ohio Dominican,2017,54307,
934,Ohio Dominican,2017,54308,
934,Ohio Dominican,2017,54309,
934,Ohio Dominican,2017,54310,
934,Ohio Dominican,2017,54311,
934,Ohio Dominican,2017,54312,
934,Ohio Dominican,2017,54313,
934,Ohio Dominican,2017,54314,
934,Ohio Dominican,2017,54315,
934,Ohio Dominican,2017,54316,
934,Ohio Dominican,2017,54317,
934,Ohio Dominican,2017,54318,
934,Ohio Dominican,2017,54319,
934,Ohio Dominican,2017,54320,
934,Ohio Dominican,2017,54321,
934,Ohio Dominican,2017,54322,
934,Ohio Dominican,2017,54323,
934,Ohio Dominican,2017,54324,
934,Ohio Dominican,2017,54325,
534,Dallas Christian,2017,32447,
534,Dallas Christian,2017,40420,
534,Dallas Christian,2017,49987,
534,Dallas Christian,2017,49988,
534,Dallas Christian,2017,49990,
534,Dallas Christian,2017,49991,
534,Dallas Christian,2017,54193,
534,Dallas Christian,2017,54194,
534,Dallas Christian,2017,54195,
534,Dallas Christian,2017,54196,
534,Dallas Christian,2017,54197,
534,Dallas Christian,2017,54198,
534,Dallas Christian,2017,54199,
534,Dallas Christian,2017,54200,
534,Dallas Christian,2017,54201,
534,Dallas Christian,2017,54202,
534,Dallas Christian,2017,54203,
534,Dallas Christian,2017,54204,
534,Dallas Christian,2017,54205,
534,Dallas Christian,2017,54206,
534,Dallas Christian,2017,54207,
534,Dallas Christian,2017,54208,
534,Dallas Christian,2017,54209,
534,Dallas Christian,2017,54210,
534,Dallas Christian,2017,54211,
534,Dallas Christian,2017,54212,
534,Dallas Christian,2017,54213,
835,Johnson University Florida,2017,36774,
835,Johnson University Florida,2017,41271,
835,Johnson University Florida,2017,46928,
835,Johnson University Florida,2017,46929,
835,Johnson University Florida,2017,46934,
835,Johnson University Florida,2017,46937,
835,Johnson University Florida,2017,53400,
835,Johnson University Florida,2017,53401,
835,Johnson University Florida,2017,53402,
835,Johnson University Florida,2017,53403,
835,Johnson University Florida,2017,53404,
835,Johnson University Florida,2017,53405,
835,Johnson University Florida,2017,53406,
688,East-West University,2017,24185,
688,East-West University,2017,24690,
688,East-West University,2017,45227,
688,East-West University,2017,45228,
688,East-West University,2017,45229,
688,East-West University,2017,45230,
688,East-West University,2017,45239,
688,East-West University,2017,45240,
688,East-West University,2017,45241,
688,East-West University,2017,45242,
688,East-West University,2017,45243,
688,East-West University,2017,45244,
688,East-West University,2017,45245,
721,Hawai'i Pacific,2017,33398,
703,Minnesota Crookston,2017,11725,
703,Minnesota Crookston,2017,11726,
703,Minnesota Crookston,2017,11727,
703,Minnesota Crookston,2017,11728,
703,Minnesota Crookston,2017,11729,
703,Minnesota Crookston,2017,11730,
703,Minnesota Crookston,2017,11731,
703,Minnesota Crookston,2017,11732,
703,Minnesota Crookston,2017,11733,
703,Minnesota Crookston,2017,11734,
703,Minnesota Crookston,2017,11735,
703,Minnesota Crookston,2017,11736,
703,Minnesota Crookston,2017,11737,
703,Minnesota Crookston,2017,11738,
703,Minnesota Crookston,2017,45571,
1066,Salve Regina,2017,30121,
1066,Salve Regina,2017,45020,
1066,Salve Regina,2017,45021,
1066,Salve Regina,2017,53660,
1066,Salve Regina,2017,53661,
1066,Salve Regina,2017,53662,
1066,Salve Regina,2017,53663,
1066,Salve Regina,2017,53664,
1066,Salve Regina,2017,53665,
1066,Salve Regina,2017,53666,
1066,Salve Regina,2017,53667,
1066,Salve Regina,2017,53668,
1066,Salve Regina,2017,53669,
1066,Salve Regina,2017,53670,
1066,Salve Regina,2017,53671,
1066,Salve Regina,2017,53672,
1066,Salve Regina,2017,53673,
1066,Salve Regina,2017,53674,
1066,Salve Regina,2017,53675,
1066,Salve Regina,2017,53676,
1066,Salve Regina,2017,53677,
567,Northwest Indian,2017,25002,
567,Northwest Indian,2017,25003,
567,Northwest Indian,2017,25004,
567,Northwest Indian,2017,25005,
567,Northwest Indian,2017,25006,
567,Northwest Indian,2017,25007,
567,Northwest Indian,2017,25008,
567,Northwest Indian,2017,25009,
567,Northwest Indian,2017,25010,
567,Northwest Indian,2017,25011,
567,Northwest Indian,2017,25012,
567,Northwest Indian,2017,25013,
567,Northwest Indian,2017,25014,
567,Northwest Indian,2017,25015,
567,Northwest Indian,2017,25016,
567,Northwest Indian,2017,25017,
567,Northwest Indian,2017,25019,
567,Northwest Indian,2017,25020,
567,Northwest Indian,2017,25021,
567,Northwest Indian,2017,25022,
567,Northwest Indian,2017,25023,
567,Northwest Indian,2017,25024,
567,Northwest Indian,2017,25025,
567,Northwest Indian,2017,25026,
567,Northwest Indian,2017,25027,
567,Northwest Indian,2017,25129,
660,Crowley's Ridge,2017,32947,
660,Crowley's Ridge,2017,39802,
660,Crowley's Ridge,2017,41720,
660,Crowley's Ridge,2017,41721,
660,Crowley's Ridge,2017,41722,
660,Crowley's Ridge,2017,41723,
660,Crowley's Ridge,2017,41724,
660,Crowley's Ridge,2017,41725,
660,Crowley's Ridge,2017,41726,
660,Crowley's Ridge,2017,41727,
660,Crowley's Ridge,2017,41728,
660,Crowley's Ridge,2017,41729,
660,Crowley's Ridge,2017,41730,
660,Crowley's Ridge,2017,41731,
660,Crowley's Ridge,2017,41732,
660,Crowley's Ridge,2017,41733,
660,Crowley's Ridge,2017,41734,
660,Crowley's Ridge,2017,54943,
658,Emerson,2017,39157,
658,Emerson,2017,39160,
658,Emerson,2017,39165,
658,Emerson,2017,39166,
658,Emerson,2017,48632,
658,Emerson,2017,48633,
658,Emerson,2017,48634,
658,Emerson,2017,48636,
658,Emerson,2017,48639,
658,Emerson,2017,55035,
658,Emerson,2017,55036,
658,Emerson,2017,55037,
658,Emerson,2017,55038,
658,Emerson,2017,55039,
658,Emerson,2017,55040,
557,Champion Christian,2017,45001,
557,Champion Christian,2017,45002,
557,Champion Christian,2017,45003,
557,Champion Christian,2017,45004,
557,Champion Christian,2017,45005,
557,Champion Christian,2017,45006,
557,Champion Christian,2017,45007,
557,Champion Christian,2017,45008,
557,Champion Christian,2017,45009,
557,Champion Christian,2017,45010,
557,Champion Christian,2017,45011,
557,Champion Christian,2017,45012,
557,Champion Christian,2017,45013,
557,Champion Christian,2017,45014,
557,Champion Christian,2017,45015,
557,Champion Christian,2017,45016,
557,Champion Christian,2017,45017,
778,West Virginia Wesleyan,2017,31409,
778,West Virginia Wesleyan,2017,36960,
778,West Virginia Wesleyan,2017,38791,
778,West Virginia Wesleyan,2017,55362,
778,West Virginia Wesleyan,2017,55363,
778,West Virginia Wesleyan,2017,55364,
778,West Virginia Wesleyan,2017,55365,
778,West Virginia Wesleyan,2017,55366,
778,West Virginia Wesleyan,2017,55367,
778,West Virginia Wesleyan,2017,55368,
778,West Virginia Wesleyan,2017,55369,
778,West Virginia Wesleyan,2017,55370,
778,West Virginia Wesleyan,2017,55371,
778,West Virginia Wesleyan,2017,55372,
778,West Virginia Wesleyan,2017,55373,
778,West Virginia Wesleyan,2017,55374,
778,West Virginia Wesleyan,2017,55375,
1013,Bushnell,2017,31316,1994-03-17
1013,Bushnell,2017,31317,1992-04-08
1013,Bushnell,2017,31318,1992-10-01
1013,Bushnell,2017,31319,2003-11-21
1013,Bushnell,2017,31320,
1013,Bushnell,2017,31321,
1013,Bushnell,2017,31322,
1013,Bushnell,2017,31323,
1013,Bushnell,2017,31324,
1013,Bushnell,2017,31325,
1013,Bushnell,2017,31326,
1013,Bushnell,2017,31327,
1013,Bushnell,2017,31328,
1013,Bushnell,2017,31329,
621,Brescia,2017,38226,
621,Brescia,2017,38228,
621,Brescia,2017,38241,
621,Brescia,2017,38245,
621,Brescia,2017,38246,
621,Brescia,2017,38247,
621,Brescia,2017,44809,
621,Brescia,2017,47050,
621,Brescia,2017,47051,
621,Brescia,2017,47052,
621,Brescia,2017,47053,
621,Brescia,2017,47055,
621,Brescia,2017,47058,
621,Brescia,2017,47059,
621,Brescia,2017,47060,
621,Brescia,2017,55441,
621,Brescia,2017,55442,
621,Brescia,2017,55443,
621,Brescia,2017,55444,
621,Brescia,2017,55445,
621,Brescia,2017,55446,
1068,Shenandoah,2017,11395,
1068,Shenandoah,2017,38285,
1068,Shenandoah,2017,38291,
1068,Shenandoah,2017,38296,
1068,Shenandoah,2017,38301,
1068,Shenandoah,2017,49300,
1068,Shenandoah,2017,49301,
1068,Shenandoah,2017,49302,
1068,Shenandoah,2017,49303,
1068,Shenandoah,2017,49305,
1068,Shenandoah,2017,49306,
1068,Shenandoah,2017,49311,
1068,Shenandoah,2017,49312,
1068,Shenandoah,2017,49313,
1068,Shenandoah,2017,49314,
1068,Shenandoah,2017,49315,
1068,Shenandoah,2017,49316,
1068,Shenandoah,2017,49317,
1068,Shenandoah,2017,49318,
1068,Shenandoah,2017,49319,
1068,Shenandoah,2017,49320,
1068,Shenandoah,2017,49321,
1287,Rowan,2017,51044,
1287,Rowan,2017,51045,
1287,Rowan,2017,51046,
1287,Rowan,2017,51050,
1287,Rowan,2017,51051,
1287,Rowan,2017,51052,
1287,Rowan,2017,51056,
1287,Rowan,2017,51057,
1287,Rowan,2017,51058,
1287,Rowan,2017,51059,
1287,Rowan,2017,54594,
1287,Rowan,2017,54595,
1287,Rowan,2017,54596,
1287,Rowan,2017,54597,
1287,Rowan,2017,54598,
1287,Rowan,2017,54599,
1287,Rowan,2017,54600,
1025,Multnomah University,2017,40688,
1025,Multnomah University,2017,40689,
1025,Multnomah University,2017,40696,
1025,Multnomah University,2017,40697,
1025,Multnomah University,2017,40698,
1025,Multnomah University,2017,50166,
1111,Palm Beach Atlantic,2017,38560,
1111,Palm Beach Atlantic,2017,38561,
1111,Palm Beach Atlantic,2017,38562,
1111,Palm Beach Atlantic,2017,38572,
1111,Palm Beach Atlantic,2017,38573,
1111,Palm Beach Atlantic,2017,38574,
1111,Palm Beach Atlantic,2017,55755,
1111,Palm Beach Atlantic,2017,55756,
1111,Palm Beach Atlantic,2017,55757,
1111,Palm Beach Atlantic,2017,55758,
1111,Palm Beach Atlantic,2017,55759,
1111,Palm Beach Atlantic,2017,55760,
1111,Palm Beach Atlantic,2017,55761,
1111,Palm Beach Atlantic,2017,55762,
1111,Palm Beach Atlantic,2017,55763,
1111,Palm Beach Atlantic,2017,55764,
1111,Palm Beach Atlantic,2017,55765,
1111,Palm Beach Atlantic,2017,55766,
1111,Palm Beach Atlantic,2017,55767,
1111,Palm Beach Atlantic,2017,55768,
1111,Palm Beach Atlantic,2017,55769,
1111,Palm Beach Atlantic,2017,55770,
1111,Palm Beach Atlantic,2017,55771,
1111,Palm Beach Atlantic,2017,55772,
1111,Palm Beach Atlantic,2017,55773,
1111,Palm Beach Atlantic,2017,55774,1992-10-26
1111,Palm Beach Atlantic,2017,55775,1993-07-28
1111,Palm Beach Atlantic,2017,55776,1993-02-09
1279,Catholic,2017,50473,
1279,Catholic,2017,50479,
1279,Catholic,2017,50486,
1279,Catholic,2017,50487,
1279,Catholic,2017,50492,
648,LeTourneau,2017,36930,
648,LeTourneau,2017,48411,
648,LeTourneau,2017,48412,
648,LeTourneau,2017,48413,
648,LeTourneau,2017,48414,
648,LeTourneau,2017,48416,
648,LeTourneau,2017,48417,
648,LeTourneau,2017,48418,
648,LeTourneau,2017,48421,
648,LeTourneau,2017,48422,
648,LeTourneau,2017,48423,
648,LeTourneau,2017,48424,
648,LeTourneau,2017,48425,
648,LeTourneau,2017,53108,1995-05-25
648,LeTourneau,2017,53109,
648,LeTourneau,2017,53110,
648,LeTourneau,2017,53111,
648,LeTourneau,2017,53112,
648,LeTourneau,2017,53113,
992,Rochester University (MI),2017,34604,
992,Rochester University (MI),2017,34605,
992,Rochester University (MI),2017,34616,
992,Rochester University (MI),2017,34617,
992,Rochester University (MI),2017,34620,
992,Rochester University (MI),2017,34623,
992,Rochester University (MI),2017,34624,
992,Rochester University (MI),2017,34625,
992,Rochester University (MI),2017,50854,
992,Rochester University (MI),2017,50855,
992,Rochester University (MI),2017,50856,
992,Rochester University (MI),2017,53636,
992,Rochester University (MI),2017,53637,
992,Rochester University (MI),2017,53638,
992,Rochester University (MI),2017,53639,
992,Rochester University (MI),2017,53640,
992,Rochester University (MI),2017,53641,
992,Rochester University (MI),2017,53642,
992,Rochester University (MI),2017,53643,
1112,Moravian,2017,55377,
1112,Moravian,2017,55378,
1112,Moravian,2017,55379,
1112,Moravian,2017,55380,
1112,Moravian,2017,55381,
1112,Moravian,2017,55382,
1112,Moravian,2017,55383,
1112,Moravian,2017,55384,
1112,Moravian,2017,55385,
1112,Moravian,2017,55386,
1112,Moravian,2017,55387,
1112,Moravian,2017,55388,
1112,Moravian,2017,55389,
1112,Moravian,2017,55390,
1112,Moravian,2017,55391,
1112,Moravian,2017,55392,
1112,Moravian,2017,55393,
1112,Moravian,2017,55394,
517,Columbia International,2017,42625,
517,Columbia International,2017,42626,
517,Columbia International,2017,46520,
517,Columbia International,2017,48511,
517,Columbia International,2017,48513,
517,Columbia International,2017,48515,
517,Columbia International,2017,48520,
517,Columbia International,2017,48521,
517,Columbia International,2017,48522,
517,Columbia International,2017,53754,
517,Columbia International,2017,53755,
517,Columbia International,2017,53756,
517,Columbia International,2017,53757,
517,Columbia International,2017,53758,
517,Columbia International,2017,53759,
1290,Claflin,2017,51986,
1290,Claflin,2017,51987,
1290,Claflin,2017,51988,
1290,Claflin,2017,51989,
1290,Claflin,2017,51990,
1290,Claflin,2017,51991,
1290,Claflin,2017,51992,
1290,Claflin,2017,51993,
1290,Claflin,2017,51994,
1290,Claflin,2017,51995,
1290,Claflin,2017,51996,
1290,Claflin,2017,51997,
1290,Claflin,2017,51998,
1290,Claflin,2017,51999,
1290,Claflin,2017,52000,
1290,Claflin,2017,52001,
1290,Claflin,2017,52002,
1290,Claflin,2017,52003,
574,Chapman,2017,48696,
574,Chapman,2017,48697,
574,Chapman,2017,48698,
574,Chapman,2017,48699,
854,Sonoma State,2017,36432,
854,Sonoma State,2017,44576,
854,Sonoma State,2017,44577,
854,Sonoma State,2017,44578,
854,Sonoma State,2017,44579,
854,Sonoma State,2017,49424,
854,Sonoma State,2017,49425,
854,Sonoma State,2017,49426,
854,Sonoma State,2017,49427,
854,Sonoma State,2017,49428,
854,Sonoma State,2017,49429,
854,Sonoma State,2017,49430,
854,Sonoma State,2017,49431,
854,Sonoma State,2017,49432,
854,Sonoma State,2017,49433,
854,Sonoma State,2017,49434,
854,Sonoma State,2017,49435,
854,Sonoma State,2017,49436,
888,Reinhardt,2017,37594,
888,Reinhardt,2017,37600,
888,Reinhardt,2017,37601,
888,Reinhardt,2017,37602,
888,Reinhardt,2017,37603,
888,Reinhardt,2017,42792,
888,Reinhardt,2017,48560,
888,Reinhardt,2017,48561,
888,Reinhardt,2017,48564,
888,Reinhardt,2017,48566,
888,Reinhardt,2017,48567,
888,Reinhardt,2017,48568,
888,Reinhardt,2017,54653,
888,Reinhardt,2017,54654,
888,Reinhardt,2017,54655,
888,Reinhardt,2017,54656,
888,Reinhardt,2017,54657,
888,Reinhardt,2017,54658,
888,Reinhardt,2017,54659,
888,Reinhardt,2017,54660,
888,Reinhardt,2017,54661,
678,Central State (OH),2017,11038,
678,Central State (OH),2017,45425,
678,Central State (OH),2017,50292,
678,Central State (OH),2017,50295,
678,Central State (OH),2017,50299,
1204,Missouri-St. Louis,2017,40012,
1204,Missouri-St. Louis,2017,40013,
1204,Missouri-St. Louis,2017,40014,
1204,Missouri-St. Louis,2017,40015,
1204,Missouri-St. Louis,2017,40016,
1204,Missouri-St. Louis,2017,40017,1987-07-22
1204,Missouri-St. Louis,2017,40018,1986-07-10
1204,Missouri-St. Louis,2017,40024,
1204,Missouri-St. Louis,2017,40025,1989-11-21
1204,Missouri-St. Louis,2017,40026,
1204,Missouri-St. Louis,2017,40027,
1204,Missouri-St. Louis,2017,40028,
1204,Missouri-St. Louis,2017,40029,
1204,Missouri-St. Louis,2017,40030,
1204,Missouri-St. Louis,2017,40031,
1204,Missouri-St. Louis,2017,40032,
1204,Missouri-St. Louis,2017,40033,
1204,Missouri-St. Louis,2017,40034,1990-08-17
1204,Missouri-St. Louis,2017,40035,1987-10-31
1204,Missouri-St. Louis,2017,40036,1989-05-16
1204,Missouri-St. Louis,2017,40037,1990-12-04
1204,Missouri-St. Louis,2017,40038,1988-11-19
1204,Missouri-St. Louis,2017,40039,1989-05-19
1204,Missouri-St. Louis,2017,40040,1989-08-23
1204,Missouri-St. Louis,2017,40041,1984-04-02
1204,Missouri-St. Louis,2017,40042,1987-12-10
1204,Missouri-St. Louis,2017,40043,
1204,Missouri-St. Louis,2017,40044,
1204,Missouri-St. Louis,2017,54246,
1214,Widener,2017,41018,
1214,Widener,2017,41019,
1214,Widener,2017,41020,
1214,Widener,2017,41021,
1214,Widener,2017,41022,
1214,Widener,2017,41023,
1214,Widener,2017,41024,
1214,Widener,2017,41025,
1214,Widener,2017,41026,
1214,Widener,2017,41027,
1214,Widener,2017,41028,
1214,Widener,2017,41029,
1214,Widener,2017,41030,
1214,Widener,2017,41031,
1214,Widener,2017,41032,
1214,Widener,2017,41033,
1038,Saint Martin's,2017,34322,
1038,Saint Martin's,2017,34323,
1038,Saint Martin's,2017,34331,
1038,Saint Martin's,2017,34332,
1038,Saint Martin's,2017,34333,
948,Adams State,2017,33802,
990,Shorter,2017,21775,1988-04-21
990,Shorter,2017,21792,1987-11-19
990,Shorter,2017,21793,1988-04-15
990,Shorter,2017,21800,1988-07-10
650,Loyola New Orleans,2017,44792,
650,Loyola New Orleans,2017,44794,
650,Loyola New Orleans,2017,44798,
650,Loyola New Orleans,2017,49979,
650,Loyola New Orleans,2017,49980,
650,Loyola New Orleans,2017,49981,
650,Loyola New Orleans,2017,49984,
650,Loyola New Orleans,2017,55029,
650,Loyola New Orleans,2017,55030,
650,Loyola New Orleans,2017,55031,
650,Loyola New Orleans,2017,55032,
650,Loyola New Orleans,2017,55033,
650,Loyola New Orleans,2017,55034,
998,Methodist,2017,44959,
998,Methodist,2017,46757,
998,Methodist,2017,46758,
998,Methodist,2017,46759,
998,Methodist,2017,46760,
998,Methodist,2017,46761,
998,Methodist,2017,46766,
998,Methodist,2017,46768,
998,Methodist,2017,54807,
998,Methodist,2017,54808,
998,Methodist,2017,54809,
998,Methodist,2017,54810,
998,Methodist,2017,54811,
998,Methodist,2017,54812,
998,Methodist,2017,54813,
998,Methodist,2017,54814,
998,Methodist,2017,54815,
998,Methodist,2017,54816,
1097,Chowan,2017,34341,
1097,Chowan,2017,34342,
1097,Chowan,2017,34343,
1097,Chowan,2017,34344,
1097,Chowan,2017,34345,
1097,Chowan,2017,34347,
1097,Chowan,2017,34348,
1097,Chowan,2017,34349,
1097,Chowan,2017,34350,
1097,Chowan,2017,34351,
1097,Chowan,2017,34352,
1097,Chowan,2017,34353,
1097,Chowan,2017,34354,
666,Florida National,2017,45881,
666,Florida National,2017,45902,
666,Florida National,2017,45903,
666,Florida National,2017,54365,
666,Florida National,2017,54366,
666,Florida National,2017,54367,
666,Florida National,2017,54368,
666,Florida National,2017,54369,
666,Florida National,2017,54370,
666,Florida National,2017,54371,
666,Florida National,2017,54372,
666,Florida National,2017,54373,
666,Florida National,2017,54374,
666,Florida National,2017,54375,
666,Florida National,2017,54376,
666,Florida National,2017,54377,
666,Florida National,2017,54378,
666,Florida National,2017,54379,
666,Florida National,2017,54380,
666,Florida National,2017,54381,
666,Florida National,2017,54382,
666,Florida National,2017,54383,
666,Florida National,2017,54384,
666,Florida National,2017,54385,
666,Florida National,2017,54386,
666,Florida National,2017,54387,
666,Florida National,2017,54388,
666,Florida National,2017,54389,
666,Florida National,2017,54390,
666,Florida National,2017,54391,
666,Florida National,2017,54392,
666,Florida National,2017,54393,
666,Florida National,2017,54394,
666,Florida National,2017,54395,
666,Florida National,2017,54396,
666,Florida National,2017,54397,
682,Gallaudet,2017,39904,
682,Gallaudet,2017,39907,
682,Gallaudet,2017,39908,
682,Gallaudet,2017,39909,
682,Gallaudet,2017,39910,
682,Gallaudet,2017,39911,
682,Gallaudet,2017,39912,
682,Gallaudet,2017,39913,
682,Gallaudet,2017,39914,
682,Gallaudet,2017,39915,
682,Gallaudet,2017,39916,
682,Gallaudet,2017,39917,
682,Gallaudet,2017,39918,
682,Gallaudet,2017,39919,
608,Franklin,2017,29712,
608,Franklin,2017,29714,
608,Franklin,2017,29715,
608,Franklin,2017,29723,
608,Franklin,2017,29724,
978,Emory & Henry,2017,39710,
978,Emory & Henry,2017,39711,
978,Emory & Henry,2017,39712,
978,Emory & Henry,2017,39713,
978,Emory & Henry,2017,39714,
978,Emory & Henry,2017,39715,
978,Emory & Henry,2017,39716,
978,Emory & Henry,2017,39717,
978,Emory & Henry,2017,39718,
978,Emory & Henry,2017,39719,
978,Emory & Henry,2017,39720,
978,Emory & Henry,2017,39721,
978,Emory & Henry,2017,39722,
978,Emory & Henry,2017,39723,
978,Emory & Henry,2017,39724,
978,Emory & Henry,2017,39725,
978,Emory & Henry,2017,39726,
978,Emory & Henry,2017,39727,
978,Emory & Henry,2017,39728,
978,Emory & Henry,2017,39729,
978,Emory & Henry,2017,39730,
912,Hood College,2017,11380,
912,Hood College,2017,34746,
912,Hood College,2017,45670,
912,Hood College,2017,45673,
912,Hood College,2017,45674,
912,Hood College,2017,45683,
912,Hood College,2017,45684,
912,Hood College,2017,51374,
912,Hood College,2017,51375,
912,Hood College,2017,51376,
912,Hood College,2017,51377,
912,Hood College,2017,51378,
912,Hood College,2017,51379,
912,Hood College,2017,51380,
912,Hood College,2017,51381,
912,Hood College,2017,51382,
912,Hood College,2017,51383,
912,Hood College,2017,51384,
912,Hood College,2017,51385,
743,Aquinas,2017,40933,
743,Aquinas,2017,40939,
743,Aquinas,2017,40940,
743,Aquinas,2017,40941,
743,Aquinas,2017,40942,
760,Holy Family University,2017,41051,1990-01-29
760,Holy Family University,2017,41053,
829,Morehouse,2017,41737,
829,Morehouse,2017,41738,
829,Morehouse,2017,41739,
829,Morehouse,2017,41750,
829,Morehouse,2017,41751,
829,Morehouse,2017,41752,
829,Morehouse,2017,41753,
829,Morehouse,2017,41754,
829,Morehouse,2017,41755,
829,Morehouse,2017,41756,
829,Morehouse,2017,41757,
829,Morehouse,2017,41758,
829,Morehouse,2017,41759,
829,Morehouse,2017,41760,
829,Morehouse,2017,41761,
829,Morehouse,2017,41762,
829,Morehouse,2017,54781,
829,Morehouse,2017,54782,
611,Ohio Wesleyan,2017,28323,2003-11-21
611,Ohio Wesleyan,2017,28324,2003-11-21
611,Ohio Wesleyan,2017,28325,2003-11-21
611,Ohio Wesleyan,2017,28326,2003-11-21
611,Ohio Wesleyan,2017,28334,2003-11-21
611,Ohio Wesleyan,2017,28336,2003-11-21
611,Ohio Wesleyan,2017,28338,2003-11-21
611,Ohio Wesleyan,2017,28339,2003-11-21
611,Ohio Wesleyan,2017,28340,2003-11-21
611,Ohio Wesleyan,2017,28341,2003-11-21
671,John Jay College,2017,30362,
671,John Jay College,2017,30367,
671,John Jay College,2017,30368,
671,John Jay College,2017,30369,
671,John Jay College,2017,30370,
671,John Jay College,2017,30371,
671,John Jay College,2017,50610,
671,John Jay College,2017,51573,
671,John Jay College,2017,51574,
671,John Jay College,2017,51575,
671,John Jay College,2017,51576,
671,John Jay College,2017,51577,
671,John Jay College,2017,51578,
671,John Jay College,2017,51579,
671,John Jay College,2017,51580,
671,John Jay College,2017,51581,
671,John Jay College,2017,51582,
671,John Jay College,2017,51583,
909,Clarks Summit,2017,15652,
909,Clarks Summit,2017,40492,
909,Clarks Summit,2017,40493,
909,Clarks Summit,2017,40503,
909,Clarks Summit,2017,40513,
909,Clarks Summit,2017,40514,
909,Clarks Summit,2017,52090,
909,Clarks Summit,2017,52091,
909,Clarks Summit,2017,52092,
909,Clarks Summit,2017,52093,
909,Clarks Summit,2017,52094,
909,Clarks Summit,2017,52095,
909,Clarks Summit,2017,52096,
909,Clarks Summit,2017,52097,
909,Clarks Summit,2017,52098,
909,Clarks Summit,2017,55313,
909,Clarks Summit,2017,55314,
909,Clarks Summit,2017,55315,
1053,Cal State LA,2017,41576,
1053,Cal State LA,2017,41577,
1053,Cal State LA,2017,41578,
1053,Cal State LA,2017,41579,
1053,Cal State LA,2017,41580,1992-05-06
1053,Cal State LA,2017,41581,
1053,Cal State LA,2017,41582,
1053,Cal State LA,2017,41583,
1053,Cal State LA,2017,41584,
1053,Cal State LA,2017,41585,
1053,Cal State LA,2017,41586,
1053,Cal State LA,2017,41587,
1053,Cal State LA,2017,41588,
1053,Cal State LA,2017,41589,
1053,Cal State LA,2017,41590,
1024,Mars Hill,2017,33197,
1024,Mars Hill,2017,42151,
1024,Mars Hill,2017,42152,
1024,Mars Hill,2017,42155,
1024,Mars Hill,2017,49196,
1024,Mars Hill,2017,49197,
1024,Mars Hill,2017,49198,
1024,Mars Hill,2017,49199,
1024,Mars Hill,2017,49202,
1024,Mars Hill,2017,49203,
1024,Mars Hill,2017,49204,
1024,Mars Hill,2017,49205,
1024,Mars Hill,2017,49206,
1024,Mars Hill,2017,49207,
1024,Mars Hill,2017,49208,
1024,Mars Hill,2017,49209,
1024,Mars Hill,2017,49210,
747,Trinity (FL),2017,28373,
747,Trinity (FL),2017,28374,
747,Trinity (FL),2017,28375,
747,Trinity (FL),2017,28376,
747,Trinity (FL),2017,28377,
747,Trinity (FL),2017,28378,
747,Trinity (FL),2017,28379,
747,Trinity (FL),2017,28380,
747,Trinity (FL),2017,28381,
747,Trinity (FL),2017,28382,
747,Trinity (FL),2017,28383,
747,Trinity (FL),2017,28384,
747,Trinity (FL),2017,28385,
747,Trinity (FL),2017,28386,
747,Trinity (FL),2017,28387,
747,Trinity (FL),2017,28388,
747,Trinity (FL),2017,28389,
747,Trinity (FL),2017,28390,
747,Trinity (FL),2017,28391,
747,Trinity (FL),2017,28392,
747,Trinity (FL),2017,28393,
747,Trinity (FL),2017,28394,
747,Trinity (FL),2017,28395,
747,Trinity (FL),2017,46931,
747,Trinity (FL),2017,54151,
747,Trinity (FL),2017,54152,
771,Middle Georgia State,2017,40720,
771,Middle Georgia State,2017,40721,
771,Middle Georgia State,2017,48753,
771,Middle Georgia State,2017,48754,
771,Middle Georgia State,2017,53965,
771,Middle Georgia State,2017,53966,
771,Middle Georgia State,2017,53967,
771,Middle Georgia State,2017,53968,
771,Middle Georgia State,2017,53969,
771,Middle Georgia State,2017,53970,
771,Middle Georgia State,2017,53971,
771,Middle Georgia State,2017,53972,
771,Middle Georgia State,2017,53973,
771,Middle Georgia State,2017,53974,
771,Middle Georgia State,2017,53975,
1259,McGill,2017,55783,
1259,McGill,2017,55784,
1259,McGill,2017,55785,
1259,McGill,2017,55786,
1259,McGill,2017,55787,
1259,McGill,2017,55788,
1259,McGill,2017,55789,
1259,McGill,2017,55790,
1259,McGill,2017,55791,
1259,McGill,2017,55792,
1259,McGill,2017,55793,
1259,McGill,2017,55794,
1259,McGill,2017,55795,
1259,McGill,2017,55796,
1259,McGill,2017,55797,
1259,McGill,2017,55798,
1259,McGill,2017,55799,
1259,McGill,2017,55800,
1259,McGill,2017,55801,
1259,McGill,2017,55802,
1259,McGill,2017,55803,
1266,Wentworth Institute Of Technology,2017,48336,
1266,Wentworth Institute Of Technology,2017,48338,
1266,Wentworth Institute Of Technology,2017,48339,
1266,Wentworth Institute Of Technology,2017,48342,
1266,Wentworth Institute Of Technology,2017,48343,
1266,Wentworth Institute Of Technology,2017,48349,
1266,Wentworth Institute Of Technology,2017,48352,
1266,Wentworth Institute Of Technology,2017,48353,
573,La Verne,2017,45809,
573,La Verne,2017,45815,
573,La Verne,2017,47694,
573,La Verne,2017,47695,
573,La Verne,2017,47696,
573,La Verne,2017,47697,
573,La Verne,2017,47700,
573,La Verne,2017,47701,
573,La Verne,2017,47703,
864,John Brown,2017,14848,
864,John Brown,2017,39222,
864,John Brown,2017,49976,
864,John Brown,2017,55117,
864,John Brown,2017,55118,
864,John Brown,2017,55119,
864,John Brown,2017,55120,
864,John Brown,2017,55121,
864,John Brown,2017,55122,
864,John Brown,2017,55123,
864,John Brown,2017,55124,
864,John Brown,2017,55125,
864,John Brown,2017,55126,
522,William Peace,2017,41203,
522,William Peace,2017,41204,
522,William Peace,2017,41205,
522,William Peace,2017,41219,
522,William Peace,2017,41220,
522,William Peace,2017,41222,
522,William Peace,2017,41223,
522,William Peace,2017,41224,
522,William Peace,2017,41225,
522,William Peace,2017,48055,
522,William Peace,2017,48056,
522,William Peace,2017,48057,
522,William Peace,2017,48059,
522,William Peace,2017,52210,
522,William Peace,2017,52211,
522,William Peace,2017,52212,
522,William Peace,2017,52213,
522,William Peace,2017,52214,
522,William Peace,2017,52215,
522,William Peace,2017,52216,
1059,Florida College,2017,39734,
1059,Florida College,2017,39740,
1059,Florida College,2017,39741,
1059,Florida College,2017,39742,
1059,Florida College,2017,39747,
1059,Florida College,2017,39748,
1059,Florida College,2017,49692,
1059,Florida College,2017,49693,
1059,Florida College,2017,49694,
1059,Florida College,2017,49696,
1059,Florida College,2017,49697,
1059,Florida College,2017,49698,
1059,Florida College,2017,54604,
1059,Florida College,2017,54605,
1059,Florida College,2017,54606,
1059,Florida College,2017,54607,
1059,Florida College,2017,54608,
1059,Florida College,2017,54609,
1059,Florida College,2017,54610,
1059,Florida College,2017,54611,
1059,Florida College,2017,54612,
1059,Florida College,2017,54613,
1300,Messiah,2017,54871,
1300,Messiah,2017,54872,
1300,Messiah,2017,54873,
1300,Messiah,2017,54874,
1300,Messiah,2017,54875,
1300,Messiah,2017,54876,
1300,Messiah,2017,54877,
1300,Messiah,2017,54878,
1300,Messiah,2017,54879,
1300,Messiah,2017,54880,
1300,Messiah,2017,54881,
1300,Messiah,2017,54882,
1300,Messiah,2017,54883,
1300,Messiah,2017,54884,
1300,Messiah,2017,54885,
1300,Messiah,2017,54886,
1300,Messiah,2017,54887,
1300,Messiah,2017,54888,
1300,Messiah,2017,54889,
1206,Rio Grande,2017,32956,
1206,Rio Grande,2017,40260,
1206,Rio Grande,2017,40266,
1206,Rio Grande,2017,40267,
859,Maine-Presque Isle,2017,50266,
859,Maine-Presque Isle,2017,50267,
859,Maine-Presque Isle,2017,50269,
859,Maine-Presque Isle,2017,54631,
859,Maine-Presque Isle,2017,54632,
859,Maine-Presque Isle,2017,54633,
859,Maine-Presque Isle,2017,54634,
859,Maine-Presque Isle,2017,54635,
859,Maine-Presque Isle,2017,54636,
859,Maine-Presque Isle,2017,54637,
859,Maine-Presque Isle,2017,54638,
859,Maine-Presque Isle,2017,54639,
659,Tusculum,2017,38461,
659,Tusculum,2017,50309,
659,Tusculum,2017,50813,
659,Tusculum,2017,50815,
659,Tusculum,2017,50816,
659,Tusculum,2017,50819,
659,Tusculum,2017,50821,
659,Tusculum,2017,50822,
659,Tusculum,2017,50826,
659,Tusculum,2017,50827,
659,Tusculum,2017,50828,
659,Tusculum,2017,50829,
659,Tusculum,2017,55848,
659,Tusculum,2017,55849,
659,Tusculum,2017,55850,
659,Tusculum,2017,55851,
659,Tusculum,2017,55852,
659,Tusculum,2017,55853,
659,Tusculum,2017,55854,
659,Tusculum,2017,55855,
659,Tusculum,2017,55856,
584,Virginia-Lynchburg,2017,28423,
584,Virginia-Lynchburg,2017,28424,
584,Virginia-Lynchburg,2017,28425,
584,Virginia-Lynchburg,2017,28426,
584,Virginia-Lynchburg,2017,28427,
584,Virginia-Lynchburg,2017,28428,
584,Virginia-Lynchburg,2017,28429,
584,Virginia-Lynchburg,2017,28430,
584,Virginia-Lynchburg,2017,28431,
584,Virginia-Lynchburg,2017,28432,
584,Virginia-Lynchburg,2017,28433,
584,Virginia-Lynchburg,2017,28434,
584,Virginia-Lynchburg,2017,28435,
584,Virginia-Lynchburg,2017,28436,
503,Piedmont,2017,40538,
503,Piedmont,2017,40541,
503,Piedmont,2017,40544,
503,Piedmont,2017,40545,
503,Piedmont,2017,40546,
503,Piedmont,2017,44949,
503,Piedmont,2017,48880,
503,Piedmont,2017,48881,
503,Piedmont,2017,48882,
503,Piedmont,2017,48884,
503,Piedmont,2017,48885,
503,Piedmont,2017,53747,
503,Piedmont,2017,53748,
503,Piedmont,2017,53749,
503,Piedmont,2017,53750,
503,Piedmont,2017,53751,
503,Piedmont,2017,53752,
503,Piedmont,2017,53753,
1249,Western State Colorado University,2017,45206,
1249,Western State Colorado University,2017,45207,
1249,Western State Colorado University,2017,45212,
1249,Western State Colorado University,2017,45213,
1249,Western State Colorado University,2017,45216,
1249,Western State Colorado University,2017,47172,
1249,Western State Colorado University,2017,50231,
1249,Western State Colorado University,2017,50232,
1249,Western State Colorado University,2017,50234,
1249,Western State Colorado University,2017,50235,
1249,Western State Colorado University,2017,52944,
1249,Western State Colorado University,2017,52945,
1249,Western State Colorado University,2017,52946,
1249,Western State Colorado University,2017,52947,
1168,Catawba,2017,34126,
1168,Catawba,2017,34127,
1168,Catawba,2017,34128,
1168,Catawba,2017,34129,
1168,Catawba,2017,34132,
1168,Catawba,2017,34133,
1168,Catawba,2017,34134,
1168,Catawba,2017,34135,
1168,Catawba,2017,34141,
1168,Catawba,2017,34142,
1168,Catawba,2017,34143,
1168,Catawba,2017,34144,
1168,Catawba,2017,34145,
1168,Catawba,2017,34146,
1168,Catawba,2017,34147,
1168,Catawba,2017,34148,
1168,Catawba,2017,34149,
1168,Catawba,2017,34150,
1168,Catawba,2017,34151,
784,Tennessee Wesleyan,2017,40423,
784,Tennessee Wesleyan,2017,40432,
784,Tennessee Wesleyan,2017,40433,
784,Tennessee Wesleyan,2017,40434,
784,Tennessee Wesleyan,2017,40435,
784,Tennessee Wesleyan,2017,40443,
784,Tennessee Wesleyan,2017,40444,
784,Tennessee Wesleyan,2017,40445,
784,Tennessee Wesleyan,2017,40446,
784,Tennessee Wesleyan,2017,55271,
784,Tennessee Wesleyan,2017,55272,
784,Tennessee Wesleyan,2017,55273,
784,Tennessee Wesleyan,2017,55274,
784,Tennessee Wesleyan,2017,55275,
784,Tennessee Wesleyan,2017,55276,
753,Sarah Lawrence,2017,39099,
753,Sarah Lawrence,2017,50971,
753,Sarah Lawrence,2017,50972,
753,Sarah Lawrence,2017,50973,
753,Sarah Lawrence,2017,50976,
753,Sarah Lawrence,2017,50977,
753,Sarah Lawrence,2017,50978,
753,Sarah Lawrence,2017,50979,
753,Sarah Lawrence,2017,52057,
753,Sarah Lawrence,2017,52058,
753,Sarah Lawrence,2017,52059,
753,Sarah Lawrence,2017,52060,
753,Sarah Lawrence,2017,52061,
753,Sarah Lawrence,2017,52062,
753,Sarah Lawrence,2017,52063,
753,Sarah Lawrence,2017,52064,
753,Sarah Lawrence,2017,52065,
753,Sarah Lawrence,2017,52066,
1034,Montana-Western,2017,34167,
972,Indiana University Northwest,2017,38838,
972,Indiana University Northwest,2017,38839,
972,Indiana University Northwest,2017,53437,
972,Indiana University Northwest,2017,53438,
972,Indiana University Northwest,2017,53439,
972,Indiana University Northwest,2017,53440,
972,Indiana University Northwest,2017,53441,
972,Indiana University Northwest,2017,53442,
972,Indiana University Northwest,2017,53443,
972,Indiana University Northwest,2017,53444,
972,Indiana University Northwest,2017,53445,
972,Indiana University Northwest,2017,53446,
972,Indiana University Northwest,2017,53447,
972,Indiana University Northwest,2017,53448,
972,Indiana University Northwest,2017,53449,
1294,Wayne State (NE),2017,53914,
1294,Wayne State (NE),2017,53915,
1294,Wayne State (NE),2017,53916,
1294,Wayne State (NE),2017,53917,
1294,Wayne State (NE),2017,53918,
1294,Wayne State (NE),2017,53919,
1294,Wayne State (NE),2017,53920,
1294,Wayne State (NE),2017,53921,
1294,Wayne State (NE),2017,53922,
1294,Wayne State (NE),2017,53923,
1294,Wayne State (NE),2017,53924,
1294,Wayne State (NE),2017,53925,
1294,Wayne State (NE),2017,53926,
1294,Wayne State (NE),2017,53927,
1294,Wayne State (NE),2017,53928,
808,Johnson & Wales (RI),2017,41626,
808,Johnson & Wales (RI),2017,41632,
808,Johnson & Wales (RI),2017,41633,
808,Johnson & Wales (RI),2017,41637,
808,Johnson & Wales (RI),2017,47894,
808,Johnson & Wales (RI),2017,47898,
808,Johnson & Wales (RI),2017,47899,
808,Johnson & Wales (RI),2017,47900,
808,Johnson & Wales (RI),2017,47901,
808,Johnson & Wales (RI),2017,47902,
808,Johnson & Wales (RI),2017,47903,
808,Johnson & Wales (RI),2017,47904,
808,Johnson & Wales (RI),2017,47905,
808,Johnson & Wales (RI),2017,47906,
808,Johnson & Wales (RI),2017,47907,
808,Johnson & Wales (RI),2017,47908,
808,Johnson & Wales (RI),2017,47909,
808,Johnson & Wales (RI),2017,47910,
808,Johnson & Wales (RI),2017,47911,
808,Johnson & Wales (RI),2017,47912,
808,Johnson & Wales (RI),2017,55151,
874,St. Mary's (MD),2017,34453,
874,St. Mary's (MD),2017,34464,
874,St. Mary's (MD),2017,34465,
874,St. Mary's (MD),2017,34466,
874,St. Mary's (MD),2017,34467,
874,St. Mary's (MD),2017,49878,
874,St. Mary's (MD),2017,49879,
874,St. Mary's (MD),2017,49883,
874,St. Mary's (MD),2017,49884,
874,St. Mary's (MD),2017,49885,
874,St. Mary's (MD),2017,49886,
874,St. Mary's (MD),2017,49888,
874,St. Mary's (MD),2017,54010,
874,St. Mary's (MD),2017,54011,
874,St. Mary's (MD),2017,54012,
874,St. Mary's (MD),2017,54013,
874,St. Mary's (MD),2017,54014,
874,St. Mary's (MD),2017,54015,
874,St. Mary's (MD),2017,54016,
874,St. Mary's (MD),2017,54017,
874,St. Mary's (MD),2017,54018,
874,St. Mary's (MD),2017,54019,
874,St. Mary's (MD),2017,54020,
874,St. Mary's (MD),2017,54021,
874,St. Mary's (MD),2017,54022,
874,St. Mary's (MD),2017,54023,
874,St. Mary's (MD),2017,54024,
874,St. Mary's (MD),2017,54025,1992-06-17
1302,Missouri Western,2017,55062,
1302,Missouri Western,2017,55063,
1302,Missouri Western,2017,55064,
1302,Missouri Western,2017,55065,
1302,Missouri Western,2017,55066,
1302,Missouri Western,2017,55067,
1302,Missouri Western,2017,55068,
1302,Missouri Western,2017,55069,
1302,Missouri Western,2017,55070,
1302,Missouri Western,2017,55071,
1302,Missouri Western,2017,55072,
1302,Missouri Western,2017,55073,
1302,Missouri Western,2017,55074,
1160,William Jewell,2017,33686,
1160,William Jewell,2017,33692,
1160,William Jewell,2017,33693,
1160,William Jewell,2017,33694,
1160,William Jewell,2017,33695,
1160,William Jewell,2017,33697,
1160,William Jewell,2017,33698,
1160,William Jewell,2017,55127,
1160,William Jewell,2017,55128,
1160,William Jewell,2017,55129,
1160,William Jewell,2017,55130,
1160,William Jewell,2017,55131,
1160,William Jewell,2017,55132,
908,Limestone,2017,50778,
908,Limestone,2017,50779,
908,Limestone,2017,50780,
908,Limestone,2017,50781,
908,Limestone,2017,50782,
908,Limestone,2017,50790,
908,Limestone,2017,50792,
908,Limestone,2017,50793,
908,Limestone,2017,54927,
908,Limestone,2017,54928,
908,Limestone,2017,54929,1994-03-16
908,Limestone,2017,54930,
1161,Emporia St,2017,33854,
1084,Phoenix,2017,39119,
1084,Phoenix,2017,39120,
1084,Phoenix,2017,52743,
1084,Phoenix,2017,52744,1993-07-22
1084,Phoenix,2017,52745,
1084,Phoenix,2017,52746,
1084,Phoenix,2017,52747,
1084,Phoenix,2017,52748,
1084,Phoenix,2017,52749,
1084,Phoenix,2017,52750,
1084,Phoenix,2017,52751,
1084,Phoenix,2017,52752,
1084,Phoenix,2017,52753,
1084,Phoenix,2017,52754,
1084,Phoenix,2017,52755,
1084,Phoenix,2017,52756,
1084,Phoenix,2017,52757,
1084,Phoenix,2017,52758,
1084,Phoenix,2017,52759,
1084,Phoenix,2017,52760,
538,Randolph College,2017,38492,
538,Randolph College,2017,38497,
925,FDU Florham,2017,48769,
925,FDU Florham,2017,48770,
925,FDU Florham,2017,48771,
925,FDU Florham,2017,48773,
925,FDU Florham,2017,48775,
925,FDU Florham,2017,48776,
925,FDU Florham,2017,48777,
925,FDU Florham,2017,48778,
925,FDU Florham,2017,48780,
925,FDU Florham,2017,48781,
925,FDU Florham,2017,48782,
925,FDU Florham,2017,53653,
925,FDU Florham,2017,53654,
925,FDU Florham,2017,53655,
925,FDU Florham,2017,53656,
925,FDU Florham,2017,53657,
925,FDU Florham,2017,53658,
925,FDU Florham,2017,53659,
1119,Redlands,2017,39265,
1119,Redlands,2017,39272,
1119,Redlands,2017,39274,
1119,Redlands,2017,39275,
616,Concordia-Ann Arbor,2017,50888,
616,Concordia-Ann Arbor,2017,50889,
616,Concordia-Ann Arbor,2017,50890,
616,Concordia-Ann Arbor,2017,50892,
