teamId,team,season,playerId,dateOfBirth
96,George Washington,2015,42670,
96,George Washington,2015,44052,
96,George Washington,2015,44340,
96,George Washington,2015,46865,1994-10-13
96,George Washington,2015,47727,
96,George Washington,2015,47917,1995-02-27
96,George Washington,2015,51646,1994-02-09
96,George Washington,2015,51648,
96,George Washington,2015,53286,1993-09-04
96,George Washington,2015,53714,1992-08-19
96,George Washington,2015,53715,1993-11-30
96,George Washington,2015,56513,1993-07-17
96,George Washington,2015,56514,1993-05-17
96,George Washington,2015,61410,1992-12-09
251,Saint Joseph's,2015,46181,
251,Saint Joseph's,2015,48080,
251,Saint Joseph's,2015,48084,
251,Saint Joseph's,2015,48085,
251,Saint Joseph's,2015,53251,1994-08-10
251,Saint Joseph's,2015,53252,1992-11-05
251,Saint Joseph's,2015,57003,1994-07-04
251,Saint Joseph's,2015,57004,1994-06-09
251,Saint Joseph's,2015,57005,1992-07-20
251,Saint Joseph's,2015,57006,1992-11-15
251,Saint Joseph's,2015,60975,1992-07-06
251,Saint Joseph's,2015,60976,1992-11-30
251,Saint Joseph's,2015,65862,1992-03-09
251,Saint Joseph's,2015,65863,
251,Saint Joseph's,2015,65864,
251,Saint Joseph's,2015,65865,1991-03-01
251,Saint Joseph's,2015,65866,1991-10-23
251,Saint Joseph's,2015,65867,1993-07-11
251,Saint Joseph's,2015,65868,1991-12-09
251,Saint Joseph's,2015,48082,
251,Saint Joseph's,2015,48079,1995-02-18
240,Rhode Island,2015,46851,1995-02-10
240,Rhode Island,2015,46852,1995-10-03
240,Rhode Island,2015,46855,
240,Rhode Island,2015,51288,1995-11-22
240,Rhode Island,2015,56990,1990-09-14
240,Rhode Island,2015,56991,
240,Rhode Island,2015,56992,1993-11-22
240,Rhode Island,2015,56994,1993-12-12
240,Rhode Island,2015,60978,1991-10-10
240,Rhode Island,2015,60979,1994-01-21
240,Rhode Island,2015,61393,1993-06-03
240,Rhode Island,2015,61394,1992-11-26
240,Rhode Island,2015,65877,1992-06-01
240,Rhode Island,2015,65878,1993-03-10
240,Rhode Island,2015,47037,1995-03-02
240,Rhode Island,2015,56254,1992-05-17
240,Rhode Island,2015,56206,1992-09-01
277,St. Bonaventure,2015,42249,
277,St. Bonaventure,2015,47108,
277,St. Bonaventure,2015,47110,1996-05-04
277,St. Bonaventure,2015,53173,
277,St. Bonaventure,2015,57059,1991-08-07
277,St. Bonaventure,2015,57060,1994-04-14
277,St. Bonaventure,2015,57692,1991-12-21
277,St. Bonaventure,2015,63002,
277,St. Bonaventure,2015,63003,
277,St. Bonaventure,2015,63004,
277,St. Bonaventure,2015,63005,
277,St. Bonaventure,2015,63006,
277,St. Bonaventure,2015,63007,1991-07-15
277,St. Bonaventure,2015,63008,
277,St. Bonaventure,2015,63009,
64,Dayton,2015,46510,
64,Dayton,2015,46514,
64,Dayton,2015,51677,1994-11-11
64,Dayton,2015,51678,1995-01-07
64,Dayton,2015,51679,1994-07-01
64,Dayton,2015,51682,
64,Dayton,2015,51683,1995-01-06
64,Dayton,2015,56473,
64,Dayton,2015,56474,1993-09-15
64,Dayton,2015,56476,1994-11-13
64,Dayton,2015,60318,1993-11-17
64,Dayton,2015,61399,1994-04-07
64,Dayton,2015,61400,1992-08-01
64,Dayton,2015,61401,1993-12-25
64,Dayton,2015,61402,
64,Dayton,2015,61403,
64,Dayton,2015,61404,
64,Dayton,2015,61405,1992-06-27
242,Richmond,2015,39779,
242,Richmond,2015,42004,
242,Richmond,2015,43864,
242,Richmond,2015,46483,
242,Richmond,2015,46485,
242,Richmond,2015,50339,
242,Richmond,2015,51783,
242,Richmond,2015,51784,1994-07-22
242,Richmond,2015,51785,1994-11-18
242,Richmond,2015,51787,
242,Richmond,2015,56426,
242,Richmond,2015,56427,1993-12-29
242,Richmond,2015,56428,
242,Richmond,2015,56430,
242,Richmond,2015,58542,1993-02-02
242,Richmond,2015,61755,
242,Richmond,2015,61756,1992-10-26
137,La Salle,2015,47921,
137,La Salle,2015,47923,
137,La Salle,2015,47926,
137,La Salle,2015,51822,1993-11-05
137,La Salle,2015,51823,
137,La Salle,2015,51825,1994-03-06
137,La Salle,2015,51826,
137,La Salle,2015,55857,
137,La Salle,2015,55858,
137,La Salle,2015,55859,
137,La Salle,2015,55861,
137,La Salle,2015,62858,
137,La Salle,2015,55862,
252,Saint Louis,2015,42319,
252,Saint Louis,2015,43975,
252,Saint Louis,2015,44179,
252,Saint Louis,2015,47099,
252,Saint Louis,2015,47101,
252,Saint Louis,2015,50218,
252,Saint Louis,2015,52371,1992-09-18
252,Saint Louis,2015,52372,1994-06-20
252,Saint Louis,2015,52373,
252,Saint Louis,2015,57302,
252,Saint Louis,2015,57355,
252,Saint Louis,2015,58178,1992-04-06
252,Saint Louis,2015,58179,
252,Saint Louis,2015,60640,
252,Saint Louis,2015,63046,
252,Saint Louis,2015,63047,
252,Saint Louis,2015,63048,
252,Saint Louis,2015,63049,
91,Fordham,2015,41861,1996-11-04
91,Fordham,2015,46504,
91,Fordham,2015,46505,
91,Fordham,2015,46620,1995-04-24
91,Fordham,2015,47520,1993-11-12
91,Fordham,2015,47642,
91,Fordham,2015,51769,1994-12-28
91,Fordham,2015,53743,1994-04-01
91,Fordham,2015,58029,1992-08-16
91,Fordham,2015,58030,1993-07-27
91,Fordham,2015,58031,
91,Fordham,2015,58032,
91,Fordham,2015,62028,1993-04-22
91,Fordham,2015,62029,
91,Fordham,2015,62030,
91,Fordham,2015,62031,1993-11-01
91,Fordham,2015,62032,
333,VCU,2015,42414,1995-01-11
333,VCU,2015,46491,1996-02-02
333,VCU,2015,46493,
333,VCU,2015,46619,1995-08-15
333,VCU,2015,47234,1996-07-06
333,VCU,2015,47854,1995-10-10
333,VCU,2015,51796,1995-09-04
333,VCU,2015,51797,1992-06-05
333,VCU,2015,51798,1993-09-19
333,VCU,2015,51799,1994-04-22
333,VCU,2015,51800,1994-11-23
333,VCU,2015,56532,1994-06-17
333,VCU,2015,61235,1993-10-28
333,VCU,2015,61236,1992-08-13
333,VCU,2015,61237,1992-12-29
63,Davidson,2015,42422,
63,Davidson,2015,46524,1995-11-10
63,Davidson,2015,46525,
63,Davidson,2015,46526,
63,Davidson,2015,46527,
63,Davidson,2015,53311,1994-10-03
63,Davidson,2015,53312,1993-11-25
63,Davidson,2015,53313,
63,Davidson,2015,53314,1995-05-12
63,Davidson,2015,53315,1995-01-29
63,Davidson,2015,57949,1993-10-30
63,Davidson,2015,57950,1994-09-18
63,Davidson,2015,57951,1993-04-11
63,Davidson,2015,57952,
63,Davidson,2015,62791,1992-12-19
63,Davidson,2015,62792,1991-12-10
95,George Mason,2015,41842,1996-06-24
95,George Mason,2015,42008,
95,George Mason,2015,42497,
95,George Mason,2015,43475,
95,George Mason,2015,53243,
95,George Mason,2015,53244,1994-12-22
95,George Mason,2015,53248,
95,George Mason,2015,56569,
95,George Mason,2015,56570,1993-06-10
95,George Mason,2015,56571,
95,George Mason,2015,56572,1992-09-16
95,George Mason,2015,56573,
95,George Mason,2015,61717,
95,George Mason,2015,61718,
95,George Mason,2015,61719,
200,North Carolina,2015,46063,1995-11-05
200,North Carolina,2015,46066,1995-04-01
200,North Carolina,2015,52675,1995-03-28
200,North Carolina,2015,52676,1994-07-27
200,North Carolina,2015,52677,1995-02-05
200,North Carolina,2015,52680,1994-01-13
200,North Carolina,2015,52681,1992-07-27
200,North Carolina,2015,56591,1994-06-27
200,North Carolina,2015,56593,1994-01-22
200,North Carolina,2015,56594,
200,North Carolina,2015,56595,
200,North Carolina,2015,56596,1993-09-11
200,North Carolina,2015,61022,
200,North Carolina,2015,61023,1993-09-15
200,North Carolina,2015,61024,1993-01-12
200,North Carolina,2015,61025,1992-07-15
200,North Carolina,2015,61026,1991-04-09
72,Duke,2015,46005,1995-10-08
72,Duke,2015,46661,1995-01-16
72,Duke,2015,51894,1993-05-07
72,Duke,2015,51896,1994-12-05
72,Duke,2015,51898,1994-06-15
72,Duke,2015,55934,1994-03-09
72,Duke,2015,56542,1992-07-14
72,Duke,2015,61225,1996-03-26
72,Duke,2015,61226,1995-12-15
72,Duke,2015,61227,1996-05-10
72,Duke,2015,61228,1993-03-23
72,Duke,2015,61229,
72,Duke,2015,52385,1994-12-05
185,NC State,2015,41843,1995-09-28
185,NC State,2015,41844,1995-09-28
185,NC State,2015,46729,1995-12-10
185,NC State,2015,46734,
185,NC State,2015,48479,1993-08-18
185,NC State,2015,51917,1994-03-21
185,NC State,2015,51918,1995-03-09
185,NC State,2015,51920,1994-11-29
185,NC State,2015,51921,
185,NC State,2015,53065,1994-06-03
185,NC State,2015,56997,1994-07-25
185,NC State,2015,56998,1994-01-05
185,NC State,2015,61496,1991-10-13
185,NC State,2015,61497,1991-09-22
185,NC State,2015,61498,1993-06-04
185,NC State,2015,61499,1990-03-03
339,Virginia,2015,42529,1996-02-11
339,Virginia,2015,43030,1995-07-26
339,Virginia,2015,46655,1995-09-23
339,Virginia,2015,46656,1995-07-07
339,Virginia,2015,47149,1995-05-04
339,Virginia,2015,51179,1994-10-03
339,Virginia,2015,51180,
339,Virginia,2015,55939,1992-10-17
339,Virginia,2015,55940,1994-10-10
339,Virginia,2015,55941,1992-12-11
339,Virginia,2015,55942,
339,Virginia,2015,55943,
339,Virginia,2015,61027,1993-11-19
339,Virginia,2015,61028,1992-09-17
339,Virginia,2015,61029,
339,Virginia,2015,61030,
339,Virginia,2015,42180,
342,Wake Forest,2015,43498,1996-03-13
342,Wake Forest,2015,46420,1994-11-04
342,Wake Forest,2015,46443,1995-03-29
342,Wake Forest,2015,46878,1994-11-25
342,Wake Forest,2015,46880,
342,Wake Forest,2015,51568,1993-10-20
342,Wake Forest,2015,52045,1996-06-11
342,Wake Forest,2015,52047,1994-11-05
342,Wake Forest,2015,52400,1993-06-02
342,Wake Forest,2015,57014,1994-05-17
342,Wake Forest,2015,57015,1994-01-10
342,Wake Forest,2015,57016,1993-12-10
342,Wake Forest,2015,57017,
342,Wake Forest,2015,57018,
342,Wake Forest,2015,57019,1994-06-01
342,Wake Forest,2015,57835,1992-10-20
342,Wake Forest,2015,58119,1993-12-01
342,Wake Forest,2015,61509,1991-09-12
342,Wake Forest,2015,61510,1992-10-05
52,Clemson,2015,46724,1995-03-19
52,Clemson,2015,46725,1995-12-16
52,Clemson,2015,46770,1995-07-13
52,Clemson,2015,51931,1993-09-16
52,Clemson,2015,51932,1994-04-11
52,Clemson,2015,51933,1994-01-20
52,Clemson,2015,51934,
52,Clemson,2015,55916,1994-01-06
52,Clemson,2015,55917,1994-04-09
52,Clemson,2015,55918,1993-11-02
52,Clemson,2015,61522,1992-01-01
52,Clemson,2015,61523,1993-01-12
52,Clemson,2015,61524,1994-09-04
101,Georgia Tech,2015,44093,1994-11-24
101,Georgia Tech,2015,46131,1995-11-12
101,Georgia Tech,2015,46133,1994-10-26
101,Georgia Tech,2015,47232,1995-05-16
101,Georgia Tech,2015,52026,1993-03-21
101,Georgia Tech,2015,52462,1995-03-01
101,Georgia Tech,2015,52466,1993-08-29
101,Georgia Tech,2015,52467,1995-08-08
101,Georgia Tech,2015,52469,1994-12-28
101,Georgia Tech,2015,57259,1993-10-23
101,Georgia Tech,2015,57260,1992-09-25
101,Georgia Tech,2015,57261,1994-03-28
101,Georgia Tech,2015,57264,1995-04-26
101,Georgia Tech,2015,61514,1990-11-26
101,Georgia Tech,2015,61515,1992-06-23
101,Georgia Tech,2015,61516,1993-04-05
101,Georgia Tech,2015,61517,1996-03-18
101,Georgia Tech,2015,61518,1993-11-30
90,Florida State,2015,41901,1996-06-19
90,Florida State,2015,43709,1996-01-17
90,Florida State,2015,48647,1991-08-15
90,Florida State,2015,53070,1993-01-05
90,Florida State,2015,53072,1994-04-29
90,Florida State,2015,53073,1994-09-16
90,Florida State,2015,53169,1993-11-27
90,Florida State,2015,58152,1993-04-05
90,Florida State,2015,58154,
90,Florida State,2015,58155,1993-01-27
90,Florida State,2015,58157,1993-09-03
90,Florida State,2015,62763,1989-10-01
90,Florida State,2015,62764,1991-12-03
168,Miami,2015,43082,1996-07-31
168,Miami,2015,46076,
168,Miami,2015,46077,1994-12-29
168,Miami,2015,46225,1995-08-16
168,Miami,2015,47321,1994-01-21
168,Miami,2015,51462,1995-11-14
168,Miami,2015,51924,1993-12-14
168,Miami,2015,51925,1995-06-11
168,Miami,2015,56464,1991-10-24
168,Miami,2015,56465,1994-07-23
168,Miami,2015,56466,1992-12-21
168,Miami,2015,56467,1992-12-05
168,Miami,2015,61501,1991-09-06
168,Miami,2015,61502,1995-04-05
340,Virginia Tech,2015,41894,1996-05-21
340,Virginia Tech,2015,43983,1995-03-21
340,Virginia Tech,2015,44100,1994-11-16
340,Virginia Tech,2015,46336,
340,Virginia Tech,2015,46339,1996-01-14
340,Virginia Tech,2015,52671,1994-05-30
340,Virginia Tech,2015,52673,1994-10-20
340,Virginia Tech,2015,52674,
340,Virginia Tech,2015,57045,
340,Virginia Tech,2015,57262,
340,Virginia Tech,2015,57919,
340,Virginia Tech,2015,61542,1994-01-24
340,Virginia Tech,2015,61543,1992-07-29
340,Virginia Tech,2015,61544,
26,Boston College,2015,46528,1993-06-17
26,Boston College,2015,47771,
26,Boston College,2015,47865,1993-11-14
26,Boston College,2015,51888,1994-09-26
26,Boston College,2015,57365,1993-02-22
26,Boston College,2015,57780,1992-02-29
26,Boston College,2015,57782,1994-08-30
26,Boston College,2015,57783,1994-02-28
26,Boston College,2015,58145,1993-05-12
26,Boston College,2015,61529,1991-12-25
26,Boston College,2015,61530,1992-03-24
26,Boston College,2015,61531,1993-02-15
26,Boston College,2015,61532,1992-02-27
26,Boston College,2015,61533,1992-01-24
26,Boston College,2015,61534,1993-03-11
26,Boston College,2015,61535,1991-12-01
286,Syracuse,2015,43194,1996-02-15
286,Syracuse,2015,47886,1993-01-24
286,Syracuse,2015,47922,1995-12-21
286,Syracuse,2015,51249,1994-11-27
286,Syracuse,2015,51250,1992-10-16
286,Syracuse,2015,51252,
286,Syracuse,2015,51256,
286,Syracuse,2015,53172,
286,Syracuse,2015,56408,1992-06-05
286,Syracuse,2015,56410,1992-08-01
286,Syracuse,2015,56411,1994-01-18
286,Syracuse,2015,61465,1991-12-01
286,Syracuse,2015,61466,1995-02-05
286,Syracuse,2015,61467,1991-07-07
286,Syracuse,2015,61468,
213,Notre Dame,2015,47812,1996-01-12
213,Notre Dame,2015,47813,
213,Notre Dame,2015,47814,1996-03-15
213,Notre Dame,2015,47815,
213,Notre Dame,2015,47816,1995-01-08
213,Notre Dame,2015,53045,1995-01-15
213,Notre Dame,2015,53046,1995-02-10
213,Notre Dame,2015,56026,1993-07-08
213,Notre Dame,2015,56027,1994-09-07
213,Notre Dame,2015,56028,1993-08-10
213,Notre Dame,2015,57213,1992-09-11
213,Notre Dame,2015,62362,1993-01-06
213,Notre Dame,2015,62363,1992-10-09
229,Pittsburgh,2015,39430,
229,Pittsburgh,2015,41851,1996-03-03
229,Pittsburgh,2015,43715,1995-09-10
229,Pittsburgh,2015,46711,1994-04-17
229,Pittsburgh,2015,47856,1994-07-11
229,Pittsburgh,2015,51905,1994-09-05
229,Pittsburgh,2015,51906,1994-07-24
229,Pittsburgh,2015,51907,1993-01-13
229,Pittsburgh,2015,51908,1994-02-22
229,Pittsburgh,2015,56209,1992-06-17
229,Pittsburgh,2015,57229,1992-06-10
229,Pittsburgh,2015,58544,1994-03-04
229,Pittsburgh,2015,58546,1992-04-25
229,Pittsburgh,2015,61648,1990-09-21
229,Pittsburgh,2015,61649,1992-04-21
229,Pittsburgh,2015,61650,1992-01-01
150,Louisville,2015,43454,1995-07-21
150,Louisville,2015,43095,
150,Louisville,2015,47072,1995-03-18
150,Louisville,2015,48147,1994-12-05
150,Louisville,2015,48220,1995-05-09
150,Louisville,2015,48223,
150,Louisville,2015,51191,1992-10-08
150,Louisville,2015,51192,1996-08-07
150,Louisville,2015,51195,1994-09-28
150,Louisville,2015,56400,1996-11-01
150,Louisville,2015,61763,1994-01-26
150,Louisville,2015,61764,1992-02-11
150,Louisville,2015,61765,1991-07-03
150,Louisville,2015,61766,1994-03-17
150,Louisville,2015,61767,
150,Louisville,2015,65924,
150,Louisville,2015,43865,1994-11-28
283,Stetson,2015,46185,
283,Stetson,2015,46186,
283,Stetson,2015,46187,
283,Stetson,2015,46190,
283,Stetson,2015,52128,
283,Stetson,2015,52304,
283,Stetson,2015,52306,
283,Stetson,2015,52307,
283,Stetson,2015,62070,
283,Stetson,2015,62071,
283,Stetson,2015,62072,
283,Stetson,2015,62073,1992-10-29
283,Stetson,2015,62074,
283,Stetson,2015,62075,
127,Jacksonville,2015,47003,
127,Jacksonville,2015,53359,1994-08-24
127,Jacksonville,2015,53360,1995-04-23
127,Jacksonville,2015,53361,1993-04-17
127,Jacksonville,2015,53364,
127,Jacksonville,2015,53365,
127,Jacksonville,2015,57749,
127,Jacksonville,2015,57750,1994-04-10
127,Jacksonville,2015,57751,
127,Jacksonville,2015,57753,1994-04-25
127,Jacksonville,2015,57754,
127,Jacksonville,2015,62253,
127,Jacksonville,2015,62254,1995-07-14
127,Jacksonville,2015,62255,
127,Jacksonville,2015,62256,
127,Jacksonville,2015,62257,1992-09-30
143,Lipscomb,2015,43125,
143,Lipscomb,2015,45943,
143,Lipscomb,2015,45944,
143,Lipscomb,2015,45945,
143,Lipscomb,2015,46020,
143,Lipscomb,2015,51332,
143,Lipscomb,2015,51333,
143,Lipscomb,2015,51334,
143,Lipscomb,2015,52722,
143,Lipscomb,2015,57586,
143,Lipscomb,2015,57587,
143,Lipscomb,2015,57588,
143,Lipscomb,2015,62356,
143,Lipscomb,2015,62357,1992-03-18
143,Lipscomb,2015,62358,1993-07-09
143,Lipscomb,2015,62359,
88,Florida Gulf Coast,2015,44063,
88,Florida Gulf Coast,2015,47852,
88,Florida Gulf Coast,2015,52048,1992-08-20
88,Florida Gulf Coast,2015,52049,1993-02-05
88,Florida Gulf Coast,2015,53205,1992-09-26
88,Florida Gulf Coast,2015,54399,1993-12-30
88,Florida Gulf Coast,2015,57745,1993-01-11
88,Florida Gulf Coast,2015,57746,1992-04-28
88,Florida Gulf Coast,2015,62808,1993-01-18
88,Florida Gulf Coast,2015,62809,1992-05-09
88,Florida Gulf Coast,2015,62810,1992-06-04
88,Florida Gulf Coast,2015,62811,
88,Florida Gulf Coast,2015,62812,1992-02-08
88,Florida Gulf Coast,2015,62813,
88,Florida Gulf Coast,2015,62814,1992-09-15
88,Florida Gulf Coast,2015,62815,1991-11-15
88,Florida Gulf Coast,2015,62816,1994-05-12
203,North Florida,2015,46007,
203,North Florida,2015,46008,
203,North Florida,2015,52773,1994-11-22
203,North Florida,2015,52774,1995-09-19
203,North Florida,2015,52775,1994-08-13
203,North Florida,2015,52776,1994-10-27
203,North Florida,2015,52777,1993-12-07
203,North Florida,2015,52779,
203,North Florida,2015,57008,1994-03-01
203,North Florida,2015,57009,1992-12-07
203,North Florida,2015,57010,1993-12-10
203,North Florida,2015,57011,1993-10-02
203,North Florida,2015,61469,1993-07-12
203,North Florida,2015,61470,1993-03-25
133,Kennesaw State,2015,46598,
133,Kennesaw State,2015,46599,
133,Kennesaw State,2015,52768,1994-01-26
133,Kennesaw State,2015,52771,
133,Kennesaw State,2015,56959,1991-12-29
133,Kennesaw State,2015,57246,1994-10-03
133,Kennesaw State,2015,57247,1994-04-26
133,Kennesaw State,2015,57248,1991-11-28
133,Kennesaw State,2015,61457,
133,Kennesaw State,2015,61458,1993-08-27
133,Kennesaw State,2015,61459,
133,Kennesaw State,2015,61460,1993-06-22
133,Kennesaw State,2015,61461,1992-10-29
133,Kennesaw State,2015,61462,
133,Kennesaw State,2015,61463,
133,Kennesaw State,2015,61464,
268,South Carolina Upstate,2015,44299,1995-08-25
268,South Carolina Upstate,2015,46082,1996-03-11
268,South Carolina Upstate,2015,46084,1995-10-02
268,South Carolina Upstate,2015,51079,1995-02-04
268,South Carolina Upstate,2015,51080,1994-03-25
268,South Carolina Upstate,2015,54425,1993-09-10
268,South Carolina Upstate,2015,54623,1994-12-06
268,South Carolina Upstate,2015,57464,
268,South Carolina Upstate,2015,57465,1993-01-13
268,South Carolina Upstate,2015,63027,1992-10-01
268,South Carolina Upstate,2015,63028,1992-01-10
268,South Carolina Upstate,2015,63029,1992-10-08
268,South Carolina Upstate,2015,63030,1992-06-06
268,South Carolina Upstate,2015,63031,1994-05-02
210,Northern Kentucky,2015,42393,
210,Northern Kentucky,2015,46561,
210,Northern Kentucky,2015,51481,1995-03-12
210,Northern Kentucky,2015,51482,1994-10-03
210,Northern Kentucky,2015,56574,1992-12-21
210,Northern Kentucky,2015,56575,1993-11-27
210,Northern Kentucky,2015,56576,1995-07-13
210,Northern Kentucky,2015,56577,1993-04-01
210,Northern Kentucky,2015,56579,1994-04-19
210,Northern Kentucky,2015,56580,1993-09-17
210,Northern Kentucky,2015,56581,1993-08-17
210,Northern Kentucky,2015,61000,1992-08-21
210,Northern Kentucky,2015,61001,1991-09-04
210,Northern Kentucky,2015,61002,1994-03-12
210,Northern Kentucky,2015,61003,1992-03-31
337,Vermont,2015,42018,
337,Vermont,2015,44046,
337,Vermont,2015,48208,
337,Vermont,2015,48209,
337,Vermont,2015,48210,
337,Vermont,2015,48212,
337,Vermont,2015,48798,
337,Vermont,2015,53055,1995-09-26
337,Vermont,2015,53056,
337,Vermont,2015,53057,1993-08-16
337,Vermont,2015,56086,1993-03-07
337,Vermont,2015,62828,1991-05-22
337,Vermont,2015,62829,1991-11-11
337,Vermont,2015,62830,1993-10-13
154,Maine,2015,43129,
154,Maine,2015,44177,
154,Maine,2015,46888,
154,Maine,2015,52666,1994-02-13
154,Maine,2015,52668,
154,Maine,2015,52669,
154,Maine,2015,52670,
154,Maine,2015,56722,1993-01-26
154,Maine,2015,56724,1993-03-07
154,Maine,2015,60932,
154,Maine,2015,60933,1993-10-23
154,Maine,2015,60934,
154,Maine,2015,60935,1991-03-22
154,Maine,2015,62951,1992-03-01
154,Maine,2015,62952,
363,Hartford,2015,42327,
363,Hartford,2015,47083,
363,Hartford,2015,47090,
363,Hartford,2015,51609,1993-04-13
363,Hartford,2015,51611,
363,Hartford,2015,53303,1993-12-02
363,Hartford,2015,57028,
363,Hartford,2015,57029,
363,Hartford,2015,57030,
363,Hartford,2015,57031,
363,Hartford,2015,61836,
363,Hartford,2015,61837,
363,Hartford,2015,61838,
363,Hartford,2015,61839,
363,Hartford,2015,61840,
363,Hartford,2015,61841,
363,Hartford,2015,61842,
363,Hartford,2015,61843,
190,New Hampshire,2015,46212,
190,New Hampshire,2015,46213,1995-02-12
190,New Hampshire,2015,46215,
190,New Hampshire,2015,46217,
190,New Hampshire,2015,51364,1995-01-24
190,New Hampshire,2015,51365,1994-11-24
190,New Hampshire,2015,51366,1992-08-23
190,New Hampshire,2015,56720,
190,New Hampshire,2015,56721,1994-08-24
190,New Hampshire,2015,58163,1994-04-22
190,New Hampshire,2015,61525,1994-09-13
190,New Hampshire,2015,61526,1991-12-27
190,New Hampshire,2015,61527,1993-08-14
190,New Hampshire,2015,61528,
306,UAlbany,2015,42331,1995-03-15
306,UAlbany,2015,46476,1995-10-27
306,UAlbany,2015,51937,1994-03-25
306,UAlbany,2015,51940,1994-10-30
306,UAlbany,2015,52809,1993-01-08
306,UAlbany,2015,56134,
306,UAlbany,2015,56597,1994-09-26
306,UAlbany,2015,56598,1993-12-08
306,UAlbany,2015,56599,1992-02-05
306,UAlbany,2015,56600,1994-01-08
306,UAlbany,2015,56607,1992-03-30
306,UAlbany,2015,57307,1996-03-09
306,UAlbany,2015,63010,1992-02-24
306,UAlbany,2015,63011,1995-04-14
306,UAlbany,2015,63012,1992-12-16
285,Stony Brook,2015,46663,
285,Stony Brook,2015,46666,
285,Stony Brook,2015,46668,
285,Stony Brook,2015,51605,
285,Stony Brook,2015,51606,1993-06-11
285,Stony Brook,2015,51607,1994-07-22
285,Stony Brook,2015,54700,
285,Stony Brook,2015,56116,1992-01-27
285,Stony Brook,2015,57909,1994-01-31
285,Stony Brook,2015,57910,1994-01-17
285,Stony Brook,2015,57911,1992-12-30
285,Stony Brook,2015,57912,1992-04-30
285,Stony Brook,2015,61370,1994-03-31
285,Stony Brook,2015,61371,1992-12-30
317,UMBC,2015,46250,
317,UMBC,2015,47233,
317,UMBC,2015,50980,
317,UMBC,2015,50981,
317,UMBC,2015,51386,
317,UMBC,2015,51388,
317,UMBC,2015,56548,
317,UMBC,2015,57012,1993-08-24
317,UMBC,2015,57013,
317,UMBC,2015,62076,1993-07-11
317,UMBC,2015,62077,1991-11-16
317,UMBC,2015,62078,1992-11-04
317,UMBC,2015,62079,1994-05-22
317,UMBC,2015,65513,
317,UMBC,2015,65751,
24,Binghamton,2015,46458,1994-12-09
24,Binghamton,2015,46459,1994-10-31
24,Binghamton,2015,46460,1994-03-12
24,Binghamton,2015,46461,1996-10-01
24,Binghamton,2015,46463,1995-10-20
24,Binghamton,2015,46464,1994-02-09
24,Binghamton,2015,46465,1993-11-06
24,Binghamton,2015,48008,1994-08-01
24,Binghamton,2015,52015,1994-09-13
24,Binghamton,2015,52016,1994-08-30
24,Binghamton,2015,52023,1994-01-16
24,Binghamton,2015,57057,1995-02-25
24,Binghamton,2015,57058,1993-07-14
24,Binghamton,2015,62360,1994-10-03
24,Binghamton,2015,62361,1992-04-14
318,UMass Lowell,2015,35440,
318,UMass Lowell,2015,46445,
318,UMass Lowell,2015,46448,
318,UMass Lowell,2015,46449,
318,UMass Lowell,2015,51427,
318,UMass Lowell,2015,51430,
318,UMass Lowell,2015,57040,
318,UMass Lowell,2015,57041,
318,UMass Lowell,2015,57123,
318,UMass Lowell,2015,61069,
318,UMass Lowell,2015,61070,
318,UMass Lowell,2015,61071,
318,UMass Lowell,2015,61072,1992-07-25
318,UMass Lowell,2015,61073,
113,Houston,2015,47262,
113,Houston,2015,52377,1992-11-02
113,Houston,2015,52380,1992-05-27
113,Houston,2015,52636,1993-03-26
113,Houston,2015,52783,1993-12-12
113,Houston,2015,53544,1993-01-30
113,Houston,2015,53631,1993-12-11
113,Houston,2015,58782,1994-07-07
113,Houston,2015,58783,1993-09-05
113,Houston,2015,58784,1993-10-16
113,Houston,2015,58785,1993-10-09
113,Houston,2015,62117,1992-10-15
113,Houston,2015,62118,1994-09-13
113,Houston,2015,62119,1992-09-19
113,Houston,2015,62120,1991-08-15
113,Houston,2015,62121,1995-05-23
163,Memphis,2015,42641,
163,Memphis,2015,46166,1995-08-05
163,Memphis,2015,47319,1994-10-22
163,Memphis,2015,51181,1994-09-20
163,Memphis,2015,51287,1993-08-06
163,Memphis,2015,53282,
163,Memphis,2015,53612,1995-05-20
163,Memphis,2015,57987,1994-09-01
163,Memphis,2015,57989,1992-11-16
163,Memphis,2015,57992,
163,Memphis,2015,57994,1993-04-01
163,Memphis,2015,63475,1990-12-11
163,Memphis,2015,63476,
163,Memphis,2015,63477,
51,Cincinnati,2015,46413,1994-02-26
51,Cincinnati,2015,48476,1994-11-16
51,Cincinnati,2015,51818,1995-06-11
51,Cincinnati,2015,51819,1995-11-29
51,Cincinnati,2015,51820,1994-11-22
51,Cincinnati,2015,51821,1994-10-22
51,Cincinnati,2015,56521,1992-03-25
51,Cincinnati,2015,56522,1993-03-10
51,Cincinnati,2015,56523,1993-04-05
51,Cincinnati,2015,56524,1994-09-02
51,Cincinnati,2015,57799,1990-11-24
51,Cincinnati,2015,62115,1992-09-04
51,Cincinnati,2015,62116,1994-02-25
51,Cincinnati,2015,64207,
51,Cincinnati,2015,64919,
51,Cincinnati,2015,65775,1991-08-09
51,Cincinnati,2015,65776,1991-02-05
51,Cincinnati,2015,65777,1990-10-13
248,SMU,2015,47239,1994-11-24
248,SMU,2015,47435,1994-02-03
248,SMU,2015,52386,1995-05-13
248,SMU,2015,52387,1995-02-10
248,SMU,2015,52389,1995-02-21
248,SMU,2015,58000,1991-08-03
248,SMU,2015,58001,1992-07-01
248,SMU,2015,58002,1992-11-08
248,SMU,2015,61088,1991-07-31
248,SMU,2015,61089,1990-07-02
248,SMU,2015,61090,1993-05-07
248,SMU,2015,61091,1991-08-12
248,SMU,2015,61092,1993-06-02
248,SMU,2015,61093,1992-11-10
289,Temple,2015,48869,1995-09-19
289,Temple,2015,48870,
289,Temple,2015,51827,
289,Temple,2015,51828,
289,Temple,2015,51830,
289,Temple,2015,56586,
289,Temple,2015,56587,1993-04-11
289,Temple,2015,56588,
289,Temple,2015,56589,1992-12-18
289,Temple,2015,56590,
289,Temple,2015,61782,
289,Temple,2015,61783,
289,Temple,2015,61784,
289,Temple,2015,61785,1991-03-14
312,UCF,2015,41977,1996-11-02
312,UCF,2015,47104,
312,UCF,2015,47273,1995-03-15
312,UCF,2015,47277,
312,UCF,2015,47853,1995-10-02
312,UCF,2015,53549,1993-10-14
312,UCF,2015,57944,
312,UCF,2015,57945,
312,UCF,2015,57946,
312,UCF,2015,57947,
312,UCF,2015,63205,1992-06-30
312,UCF,2015,63206,
312,UCF,2015,63207,
312,UCF,2015,63208,
312,UCF,2015,63209,
304,Tulsa,2015,46467,1994-02-02
304,Tulsa,2015,47192,1994-06-22
304,Tulsa,2015,52411,1993-12-25
304,Tulsa,2015,52651,1994-11-29
304,Tulsa,2015,57851,1994-02-19
304,Tulsa,2015,57852,1993-03-29
304,Tulsa,2015,57853,1993-10-06
304,Tulsa,2015,57854,1994-01-24
304,Tulsa,2015,57855,1994-11-02
304,Tulsa,2015,57856,1993-06-01
304,Tulsa,2015,57857,1993-08-12
304,Tulsa,2015,57858,1992-08-15
304,Tulsa,2015,57859,1993-06-02
304,Tulsa,2015,63039,
271,South Florida,2015,31480,
271,South Florida,2015,42311,1994-07-21
271,South Florida,2015,42639,1995-10-22
271,South Florida,2015,46866,1995-05-29
271,South Florida,2015,47187,1995-07-14
271,South Florida,2015,51672,
271,South Florida,2015,51834,
271,South Florida,2015,57240,
271,South Florida,2015,57242,1993-12-01
271,South Florida,2015,57243,1992-08-21
271,South Florida,2015,57245,
271,South Florida,2015,57468,1992-07-03
271,South Florida,2015,61612,
314,UConn,2015,46621,
314,UConn,2015,47251,1994-06-11
314,UConn,2015,50589,1995-08-18
314,UConn,2015,51238,1993-07-14
314,UConn,2015,51239,1994-02-11
314,UConn,2015,51240,1994-02-14
314,UConn,2015,53744,1992-05-12
314,UConn,2015,56726,1995-08-08
314,UConn,2015,56728,1994-04-13
314,UConn,2015,56729,1993-11-26
314,UConn,2015,56730,1993-11-03
314,UConn,2015,61066,1992-12-27
314,UConn,2015,61067,
314,UConn,2015,61068,1993-07-26
314,UConn,2015,64835,
314,UConn,2015,64836,1991-07-15
74,East Carolina,2015,43144,
74,East Carolina,2015,47510,1995-10-26
74,East Carolina,2015,48440,
74,East Carolina,2015,52401,1994-05-05
74,East Carolina,2015,52402,1992-10-14
74,East Carolina,2015,56906,1993-05-21
74,East Carolina,2015,56907,1992-08-22
74,East Carolina,2015,56908,1992-05-02
74,East Carolina,2015,56909,
74,East Carolina,2015,56911,1994-06-17
74,East Carolina,2015,56913,1992-10-21
74,East Carolina,2015,61625,1993-01-31
74,East Carolina,2015,61626,1992-11-05
74,East Carolina,2015,61627,1992-10-30
74,East Carolina,2015,61628,1993-10-04
74,East Carolina,2015,61629,1992-09-13
303,Tulane,2015,43021,1996-08-08
303,Tulane,2015,46421,
303,Tulane,2015,47062,1995-05-23
303,Tulane,2015,47093,1993-12-15
303,Tulane,2015,47231,
303,Tulane,2015,47369,1994-10-18
303,Tulane,2015,48207,1994-12-22
303,Tulane,2015,52682,1995-06-19
303,Tulane,2015,52683,1994-01-31
303,Tulane,2015,57441,1993-01-17
303,Tulane,2015,63394,1993-07-21
303,Tulane,2015,63395,1993-07-09
303,Tulane,2015,63396,1993-02-19
303,Tulane,2015,63397,
303,Tulane,2015,197821,1995-07-02
131,Kansas,2015,46030,1997-06-10
131,Kansas,2015,46031,1995-02-22
131,Kansas,2015,52699,1993-10-03
131,Kansas,2015,52701,1994-04-03
131,Kansas,2015,52702,
131,Kansas,2015,57085,1993-09-14
131,Kansas,2015,57086,
131,Kansas,2015,57087,1994-09-30
131,Kansas,2015,57088,1992-03-05
131,Kansas,2015,57089,
131,Kansas,2015,57090,
131,Kansas,2015,57417,
131,Kansas,2015,61014,1995-11-16
131,Kansas,2015,61015,1995-12-09
131,Kansas,2015,61016,
131,Kansas,2015,65853,
295,Texas,2015,47343,1994-12-14
295,Texas,2015,47345,
295,Texas,2015,52497,1993-02-19
295,Texas,2015,52498,1994-09-07
295,Texas,2015,57604,1994-08-31
295,Texas,2015,57605,1993-10-27
295,Texas,2015,57606,1994-07-11
295,Texas,2015,57607,1995-03-02
295,Texas,2015,57608,1994-06-03
295,Texas,2015,57609,1994-07-28
295,Texas,2015,57610,1994-02-06
295,Texas,2015,62273,1992-12-09
295,Texas,2015,62274,1996-03-24
295,Texas,2015,62275,1993-11-22
295,Texas,2015,62276,1992-10-24
295,Texas,2015,47526,1995-12-31
295,Texas,2015,52327,1994-01-29
217,Oklahoma,2015,44175,
217,Oklahoma,2015,46634,
217,Oklahoma,2015,48323,1995-04-19
217,Oklahoma,2015,48334,
217,Oklahoma,2015,52821,
217,Oklahoma,2015,53464,
217,Oklahoma,2015,53465,
217,Oklahoma,2015,53467,
217,Oklahoma,2015,58426,
217,Oklahoma,2015,58427,1992-12-17
217,Oklahoma,2015,58428,1994-03-13
217,Oklahoma,2015,58429,
217,Oklahoma,2015,58430,
217,Oklahoma,2015,63087,1993-02-27
217,Oklahoma,2015,63088,
217,Oklahoma,2015,63089,
217,Oklahoma,2015,63090,
218,Oklahoma State,2015,42690,1996-05-29
218,Oklahoma State,2015,47127,1995-07-17
218,Oklahoma State,2015,47405,1996-08-02
218,Oklahoma State,2015,47406,1994-05-05
218,Oklahoma State,2015,47410,1994-11-06
218,Oklahoma State,2015,52429,1994-09-26
218,Oklahoma State,2015,52431,1993-04-27
218,Oklahoma State,2015,57051,1992-09-22
218,Oklahoma State,2015,57053,1992-03-30
218,Oklahoma State,2015,57056,1992-04-13
218,Oklahoma State,2015,62171,1992-06-30
218,Oklahoma State,2015,62172,1992-11-22
218,Oklahoma State,2015,62173,1992-09-13
218,Oklahoma State,2015,62174,1990-12-04
218,Oklahoma State,2015,62175,1992-06-01
218,Oklahoma State,2015,62176,1992-08-09
20,Baylor,2015,46227,
20,Baylor,2015,46731,1994-10-30
20,Baylor,2015,51841,1994-09-12
20,Baylor,2015,51842,1995-05-04
20,Baylor,2015,56050,1994-03-22
20,Baylor,2015,56051,1994-01-07
20,Baylor,2015,56052,
20,Baylor,2015,56053,1994-03-30
20,Baylor,2015,56054,
20,Baylor,2015,62463,1993-06-05
20,Baylor,2015,62464,1992-01-24
20,Baylor,2015,62465,1992-01-05
20,Baylor,2015,62466,
125,Iowa State,2015,51755,1993-03-16
125,Iowa State,2015,41788,1995-06-28
125,Iowa State,2015,47630,1995-01-05
125,Iowa State,2015,51296,1994-08-04
125,Iowa State,2015,51297,1995-06-27
125,Iowa State,2015,51298,1993-08-03
125,Iowa State,2015,56176,
125,Iowa State,2015,56177,1993-06-17
125,Iowa State,2015,56178,1993-09-25
125,Iowa State,2015,57984,1993-05-26
125,Iowa State,2015,62182,1992-06-30
125,Iowa State,2015,62183,1992-08-21
125,Iowa State,2015,62184,1992-10-11
125,Iowa State,2015,62185,1996-06-22
125,Iowa State,2015,62186,1995-08-03
132,Kansas State,2015,46125,1994-12-02
132,Kansas State,2015,46657,1995-01-20
132,Kansas State,2015,47496,1994-09-30
132,Kansas State,2015,47519,1995-06-03
132,Kansas State,2015,48804,1995-12-10
132,Kansas State,2015,51572,
132,Kansas State,2015,52495,1995-05-15
132,Kansas State,2015,52624,1994-12-20
132,Kansas State,2015,52625,1993-10-08
132,Kansas State,2015,53092,
132,Kansas State,2015,56946,1993-04-18
132,Kansas State,2015,56947,1992-10-31
132,Kansas State,2015,56949,1993-04-08
132,Kansas State,2015,62404,1993-01-11
132,Kansas State,2015,62405,1993-02-25
132,Kansas State,2015,62406,1991-09-13
298,Texas Tech,2015,42662,1995-09-14
298,Texas Tech,2015,46477,1994-10-13
298,Texas Tech,2015,47254,
298,Texas Tech,2015,47309,1995-05-09
298,Texas Tech,2015,47472,1996-01-05
298,Texas Tech,2015,47475,
298,Texas Tech,2015,47476,1996-08-23
298,Texas Tech,2015,52036,1992-06-27
298,Texas Tech,2015,56165,1994-10-21
298,Texas Tech,2015,57399,
298,Texas Tech,2015,57400,1993-03-14
298,Texas Tech,2015,62395,1993-04-08
298,Texas Tech,2015,62396,1993-01-04
298,Texas Tech,2015,62397,1991-10-16
298,Texas Tech,2015,62398,
298,Texas Tech,2015,65818,
66,Delaware,2015,41868,
66,Delaware,2015,42668,
66,Delaware,2015,46480,
66,Delaware,2015,46481,
66,Delaware,2015,51533,
66,Delaware,2015,51534,1995-06-30
66,Delaware,2015,51535,1995-03-11
66,Delaware,2015,51536,1993-11-20
66,Delaware,2015,51538,
66,Delaware,2015,51886,1994-05-08
66,Delaware,2015,56930,1993-01-20
66,Delaware,2015,56932,1994-08-06
66,Delaware,2015,63304,1992-10-06
66,Delaware,2015,63305,
66,Delaware,2015,63306,1993-06-07
66,Delaware,2015,63307,1993-05-05
347,West Virginia,2015,48746,1995-01-05
347,West Virginia,2015,48747,1995-09-14
347,West Virginia,2015,51261,
347,West Virginia,2015,51262,1995-03-21
347,West Virginia,2015,51263,1993-08-10
347,West Virginia,2015,51264,1995-01-18
347,West Virginia,2015,51266,1992-12-28
347,West Virginia,2015,56582,1994-05-31
347,West Virginia,2015,56583,1991-11-26
347,West Virginia,2015,56584,1994-07-30
347,West Virginia,2015,56585,1993-10-11
347,West Virginia,2015,61681,1992-05-21
347,West Virginia,2015,61682,1994-12-11
347,West Virginia,2015,61683,1993-03-24
347,West Virginia,2015,61684,
347,West Virginia,2015,61685,1992-06-03
347,West Virginia,2015,61686,1992-11-19
287,TCU,2015,46769,
287,TCU,2015,47489,
287,TCU,2015,48129,
287,TCU,2015,51848,
287,TCU,2015,51849,1993-05-23
287,TCU,2015,51850,
287,TCU,2015,51852,
287,TCU,2015,57479,
287,TCU,2015,57480,1992-10-27
287,TCU,2015,62157,
287,TCU,2015,62158,1991-04-20
287,TCU,2015,62159,
287,TCU,2015,62160,1992-10-22
287,TCU,2015,62161,1991-11-05
287,TCU,2015,62162,
287,TCU,2015,47485,1994-12-02
338,Villanova,2015,41862,1995-12-31
338,Villanova,2015,46041,1996-08-30
338,Villanova,2015,51165,1993-10-13
338,Villanova,2015,51166,1993-11-20
338,Villanova,2015,51167,1995-03-06
338,Villanova,2015,53002,1991-12-26
338,Villanova,2015,55959,1993-12-15
338,Villanova,2015,55960,1994-03-26
338,Villanova,2015,55961,1992-11-29
338,Villanova,2015,55962,1994-04-22
338,Villanova,2015,55963,1994-07-08
338,Villanova,2015,61051,1991-11-27
338,Villanova,2015,61052,1993-04-12
97,Georgetown,2015,41888,1995-10-24
97,Georgetown,2015,42488,
97,Georgetown,2015,43182,1996-08-21
97,Georgetown,2015,49274,
97,Georgetown,2015,53024,
97,Georgetown,2015,53026,1994-09-10
97,Georgetown,2015,53027,
97,Georgetown,2015,57705,1992-12-20
97,Georgetown,2015,62749,
97,Georgetown,2015,62750,1992-05-14
97,Georgetown,2015,62751,
97,Georgetown,2015,62752,
97,Georgetown,2015,62753,
97,Georgetown,2015,65895,
97,Georgetown,2015,43080,1995-06-13
279,St. John's,2015,43960,1994-10-20
279,St. John's,2015,46596,
279,St. John's,2015,51194,1995-04-08
279,St. John's,2015,52891,
279,St. John's,2015,56211,
279,St. John's,2015,57579,1993-11-14
279,St. John's,2015,61477,1992-05-06
279,St. John's,2015,61478,
279,St. John's,2015,61479,
279,St. John's,2015,61480,
279,St. John's,2015,61481,
279,St. John's,2015,61482,
279,St. John's,2015,61483,
279,St. John's,2015,61484,
279,St. John's,2015,61485,
279,St. John's,2015,61486,
279,St. John's,2015,61487,1992-02-09
279,St. John's,2015,61488,
279,St. John's,2015,65004,
235,Providence,2015,42519,
235,Providence,2015,45351,
235,Providence,2015,46585,1994-06-03
235,Providence,2015,46586,
235,Providence,2015,46587,
235,Providence,2015,46588,
235,Providence,2015,53301,1993-01-14
235,Providence,2015,53528,1994-02-24
235,Providence,2015,57505,1993-09-01
235,Providence,2015,57935,1995-03-29
235,Providence,2015,57936,1994-03-18
235,Providence,2015,63013,1991-10-25
235,Providence,2015,63014,1992-01-06
235,Providence,2015,63015,1992-08-05
263,Seton Hall,2015,58244,1991-09-22
263,Seton Hall,2015,42000,
263,Seton Hall,2015,46345,1996-03-23
263,Seton Hall,2015,46346,1994-11-20
263,Seton Hall,2015,46347,1995-10-03
263,Seton Hall,2015,46348,1996-07-16
263,Seton Hall,2015,47100,
263,Seton Hall,2015,51649,1994-03-12
263,Seton Hall,2015,56455,1995-03-08
263,Seton Hall,2015,56727,1993-07-17
263,Seton Hall,2015,63099,1991-03-12
263,Seton Hall,2015,63100,1991-05-11
263,Seton Hall,2015,63101,1991-04-29
263,Seton Hall,2015,63102,
263,Seton Hall,2015,65843,1992-09-11
263,Seton Hall,2015,65844,1989-08-29
263,Seton Hall,2015,65923,
157,Marquette,2015,41941,1995-09-22
157,Marquette,2015,48996,1994-09-22
157,Marquette,2015,51074,1993-02-15
157,Marquette,2015,51459,1994-03-18
157,Marquette,2015,52581,1995-04-12
157,Marquette,2015,57446,
157,Marquette,2015,57447,1994-05-04
157,Marquette,2015,62449,1993-04-10
157,Marquette,2015,62450,1992-05-03
157,Marquette,2015,62451,1992-01-29
157,Marquette,2015,65115,
157,Marquette,2015,65552,
157,Marquette,2015,51458,1994-10-29
157,Marquette,2015,51295,1994-01-31
61,Creighton,2015,43271,
61,Creighton,2015,47517,1995-01-16
61,Creighton,2015,47521,1994-12-25
61,Creighton,2015,47945,1995-09-03
61,Creighton,2015,51277,
61,Creighton,2015,51279,1993-03-08
61,Creighton,2015,51280,1994-06-06
61,Creighton,2015,51281,1993-09-25
61,Creighton,2015,58083,1993-02-12
61,Creighton,2015,58085,1993-02-07
61,Creighton,2015,62408,1992-06-27
61,Creighton,2015,62409,1992-08-27
61,Creighton,2015,62410,1993-04-28
61,Creighton,2015,62411,1992-03-24
61,Creighton,2015,62412,
61,Creighton,2015,62413,1993-08-27
61,Creighton,2015,62414,1992-11-01
359,Xavier,2015,42112,
359,Xavier,2015,46096,1995-06-05
359,Xavier,2015,46097,1994-11-04
359,Xavier,2015,46100,
359,Xavier,2015,47497,
359,Xavier,2015,47805,1995-05-26
359,Xavier,2015,51171,1995-12-31
359,Xavier,2015,51175,1994-11-04
359,Xavier,2015,51178,1993-11-02
359,Xavier,2015,56388,1992-12-30
359,Xavier,2015,56389,1992-08-17
359,Xavier,2015,56390,1992-11-02
359,Xavier,2015,56391,1994-02-19
359,Xavier,2015,61673,1992-03-05
359,Xavier,2015,61674,1993-03-10
359,Xavier,2015,61675,
65,DePaul,2015,47473,
65,DePaul,2015,47820,
65,DePaul,2015,53498,1994-10-16
65,DePaul,2015,53499,
65,DePaul,2015,53503,
65,DePaul,2015,58059,
65,DePaul,2015,58060,1992-12-23
65,DePaul,2015,58061,
65,DePaul,2015,58062,
65,DePaul,2015,58063,
65,DePaul,2015,62608,
65,DePaul,2015,62609,
65,DePaul,2015,62610,
65,DePaul,2015,62611,
65,DePaul,2015,47819,
34,Butler,2015,46603,
34,Butler,2015,46604,1995-08-03
34,Butler,2015,47071,
34,Butler,2015,53281,1994-06-14
34,Butler,2015,53283,1993-05-14
34,Butler,2015,53284,
34,Butler,2015,53285,1994-04-05
34,Butler,2015,57689,1993-01-25
34,Butler,2015,57690,1993-06-18
34,Butler,2015,57691,1992-05-25
34,Butler,2015,62953,1993-04-22
34,Butler,2015,62954,1992-07-03
34,Butler,2015,62955,1992-05-14
345,Weber State,2015,43387,
345,Weber State,2015,47091,1995-12-19
345,Weber State,2015,47444,
345,Weber State,2015,52614,1994-08-21
345,Weber State,2015,52615,1995-03-24
345,Weber State,2015,55923,1994-07-13
345,Weber State,2015,57454,1994-01-28
345,Weber State,2015,57455,
345,Weber State,2015,57456,
345,Weber State,2015,62427,
345,Weber State,2015,62428,
345,Weber State,2015,62429,1992-11-06
345,Weber State,2015,62430,
345,Weber State,2015,62431,
345,Weber State,2015,62432,
345,Weber State,2015,62433,
179,Montana,2015,47413,
179,Montana,2015,53005,1994-07-08
179,Montana,2015,53007,
179,Montana,2015,53009,1995-04-08
179,Montana,2015,53010,1994-03-02
179,Montana,2015,57368,1992-02-18
179,Montana,2015,57369,1993-05-25
179,Montana,2015,57370,
179,Montana,2015,63063,1991-08-08
179,Montana,2015,63064,1992-11-23
179,Montana,2015,63065,1992-06-26
179,Montana,2015,63066,1994-03-22
179,Montana,2015,63067,1994-12-14
180,Montana State,2015,46235,
180,Montana State,2015,47166,
180,Montana State,2015,57666,1994-01-14
180,Montana State,2015,57668,1994-01-18
180,Montana State,2015,57671,1994-07-07
180,Montana State,2015,57672,
180,Montana State,2015,59031,
180,Montana State,2015,59481,1992-10-09
180,Montana State,2015,59482,1993-05-14
180,Montana State,2015,59484,1991-02-22
180,Montana State,2015,62701,1993-04-20
180,Montana State,2015,62702,
180,Montana State,2015,63420,1993-12-29
116,Idaho State,2015,43961,
116,Idaho State,2015,44199,
116,Idaho State,2015,47667,
116,Idaho State,2015,47668,
116,Idaho State,2015,54964,1992-03-13
116,Idaho State,2015,57561,1995-01-20
116,Idaho State,2015,57563,
116,Idaho State,2015,57565,1993-04-12
116,Idaho State,2015,57566,
116,Idaho State,2015,62632,1992-11-16
116,Idaho State,2015,62633,
116,Idaho State,2015,62634,
116,Idaho State,2015,62635,1992-03-03
116,Idaho State,2015,62636,
116,Idaho State,2015,62637,
206,Northern Arizona,2015,36722,
206,Northern Arizona,2015,41580,1992-05-06
206,Northern Arizona,2015,46015,
206,Northern Arizona,2015,52900,1995-01-10
206,Northern Arizona,2015,52901,1993-12-22
206,Northern Arizona,2015,52903,
206,Northern Arizona,2015,53239,1994-10-01
206,Northern Arizona,2015,57251,1994-07-20
206,Northern Arizona,2015,57253,1994-02-11
206,Northern Arizona,2015,57255,
206,Northern Arizona,2015,61666,1992-09-03
206,Northern Arizona,2015,61667,1993-06-23
206,Northern Arizona,2015,61668,1993-06-16
206,Northern Arizona,2015,61669,1991-05-15
206,Northern Arizona,2015,61670,1990-09-09
206,Northern Arizona,2015,61671,
206,Northern Arizona,2015,61672,1995-03-03
80,Eastern Washington,2015,42516,
80,Eastern Washington,2015,46300,
80,Eastern Washington,2015,46301,1995-06-17
80,Eastern Washington,2015,57300,1993-10-02
80,Eastern Washington,2015,57301,1993-07-07
80,Eastern Washington,2015,57304,
80,Eastern Washington,2015,57305,
80,Eastern Washington,2015,57306,
80,Eastern Washington,2015,60050,1992-08-11
80,Eastern Washington,2015,61120,1993-12-28
80,Eastern Washington,2015,61121,
80,Eastern Washington,2015,61122,1993-07-17
80,Eastern Washington,2015,61123,1992-09-27
80,Eastern Washington,2015,61124,1992-03-20
80,Eastern Washington,2015,61125,
80,Eastern Washington,2015,61126,1993-01-04
80,Eastern Washington,2015,65892,
80,Eastern Washington,2015,65893,
80,Eastern Washington,2015,65894,
231,Portland State,2015,39811,
231,Portland State,2015,47337,
231,Portland State,2015,52630,1995-01-22
231,Portland State,2015,52631,1993-10-01
231,Portland State,2015,52632,
231,Portland State,2015,52634,
231,Portland State,2015,57349,
231,Portland State,2015,57350,
231,Portland State,2015,63074,1991-01-21
231,Portland State,2015,63075,1991-09-23
231,Portland State,2015,63076,1992-03-04
231,Portland State,2015,63077,1991-12-20
231,Portland State,2015,63078,1991-09-16
231,Portland State,2015,63079,
231,Portland State,2015,63080,1991-08-07
231,Portland State,2015,63081,1991-03-01
231,Portland State,2015,63082,1992-02-01
207,Northern Colorado,2015,41590,
207,Northern Colorado,2015,47193,
207,Northern Colorado,2015,47217,1994-12-25
207,Northern Colorado,2015,53276,1993-09-13
207,Northern Colorado,2015,55143,1995-04-20
207,Northern Colorado,2015,57079,1992-12-21
207,Northern Colorado,2015,57081,
207,Northern Colorado,2015,58612,
207,Northern Colorado,2015,62386,
207,Northern Colorado,2015,62387,1992-12-11
207,Northern Colorado,2015,62388,1991-10-14
207,Northern Colorado,2015,62389,1991-06-21
207,Northern Colorado,2015,62390,1992-12-19
207,Northern Colorado,2015,62391,1992-04-07
207,Northern Colorado,2015,62392,1994-07-13
249,Sacramento State,2015,44249,1996-06-09
249,Sacramento State,2015,47561,
249,Sacramento State,2015,47563,
249,Sacramento State,2015,47564,
249,Sacramento State,2015,52653,
249,Sacramento State,2015,52654,1995-02-06
249,Sacramento State,2015,52655,
249,Sacramento State,2015,56731,
249,Sacramento State,2015,56732,
249,Sacramento State,2015,56733,
249,Sacramento State,2015,61053,
249,Sacramento State,2015,61054,1992-06-02
249,Sacramento State,2015,61055,
249,Sacramento State,2015,61056,
276,Southern Utah,2015,47659,
276,Southern Utah,2015,51370,
276,Southern Utah,2015,52412,
276,Southern Utah,2015,52415,
276,Southern Utah,2015,52935,
276,Southern Utah,2015,56002,
276,Southern Utah,2015,56003,
276,Southern Utah,2015,56004,
276,Southern Utah,2015,56005,
276,Southern Utah,2015,56006,
276,Southern Utah,2015,62399,1992-04-12
276,Southern Utah,2015,62400,
276,Southern Utah,2015,62401,
276,Southern Utah,2015,62402,1992-02-02
276,Southern Utah,2015,62403,
276,Southern Utah,2015,63999,
276,Southern Utah,2015,64000,
276,Southern Utah,2015,64001,
276,Southern Utah,2015,64002,
276,Southern Utah,2015,64003,
276,Southern Utah,2015,64004,
276,Southern Utah,2015,64005,
276,Southern Utah,2015,64006,
276,Southern Utah,2015,64007,
276,Southern Utah,2015,64008,
276,Southern Utah,2015,64009,
276,Southern Utah,2015,64010,
276,Southern Utah,2015,47678,
201,North Dakota,2015,41813,
201,North Dakota,2015,47137,
201,North Dakota,2015,51416,
201,North Dakota,2015,51418,
201,North Dakota,2015,53800,
201,North Dakota,2015,56130,
201,North Dakota,2015,56131,1993-05-11
201,North Dakota,2015,56132,
201,North Dakota,2015,56133,
201,North Dakota,2015,59521,
201,North Dakota,2015,62834,
201,North Dakota,2015,62835,
201,North Dakota,2015,62836,1992-11-14
201,North Dakota,2015,62837,1992-01-25
201,North Dakota,2015,62838,
201,North Dakota,2015,62839,1993-02-26
201,North Dakota,2015,62840,
354,Winthrop,2015,4738,1995-01-10
354,Winthrop,2015,46533,1995-08-19
354,Winthrop,2015,46535,1995-12-15
354,Winthrop,2015,46536,
354,Winthrop,2015,46538,
354,Winthrop,2015,48145,1994-11-25
354,Winthrop,2015,53188,1994-03-07
354,Winthrop,2015,53189,1995-09-29
354,Winthrop,2015,53190,
354,Winthrop,2015,53191,1994-04-02
354,Winthrop,2015,53192,1995-05-14
354,Winthrop,2015,56438,1993-03-22
354,Winthrop,2015,57683,1993-01-26
354,Winthrop,2015,57818,1993-06-07
354,Winthrop,2015,62895,1992-03-26
354,Winthrop,2015,62896,1992-12-07
354,Winthrop,2015,62897,
354,Winthrop,2015,62898,1992-07-25
239,Radford,2015,46394,
239,Radford,2015,52042,
239,Radford,2015,57698,
239,Radford,2015,57699,
239,Radford,2015,57700,
239,Radford,2015,57701,
239,Radford,2015,57702,
239,Radford,2015,57703,
239,Radford,2015,57704,
239,Radford,2015,61748,
239,Radford,2015,61749,1993-07-23
239,Radford,2015,61750,
239,Radford,2015,61751,
239,Radford,2015,61752,
239,Radford,2015,61753,
239,Radford,2015,61754,
319,UNC Asheville,2015,46844,
319,UNC Asheville,2015,46846,
319,UNC Asheville,2015,46847,
319,UNC Asheville,2015,46849,
319,UNC Asheville,2015,47514,1994-06-18
319,UNC Asheville,2015,51790,
319,UNC Asheville,2015,51791,
319,UNC Asheville,2015,51794,
319,UNC Asheville,2015,51795,
319,UNC Asheville,2015,52876,
319,UNC Asheville,2015,56440,
319,UNC Asheville,2015,56441,1992-11-22
319,UNC Asheville,2015,61503,1992-10-27
319,UNC Asheville,2015,61504,
319,UNC Asheville,2015,61505,1992-10-14
319,UNC Asheville,2015,61506,
319,UNC Asheville,2015,61507,1991-05-05
319,UNC Asheville,2015,61508,
47,Charleston Southern,2015,46517,
47,Charleston Southern,2015,50756,
47,Charleston Southern,2015,53066,
47,Charleston Southern,2015,53068,
47,Charleston Southern,2015,55591,
47,Charleston Southern,2015,55944,
47,Charleston Southern,2015,55945,
47,Charleston Southern,2015,55948,
47,Charleston Southern,2015,55950,
47,Charleston Southern,2015,55951,
47,Charleston Southern,2015,61416,1992-09-05
47,Charleston Southern,2015,61417,1991-12-31
47,Charleston Southern,2015,61418,1993-04-13
47,Charleston Southern,2015,61419,1993-06-03
47,Charleston Southern,2015,61420,
47,Charleston Southern,2015,61421,
47,Charleston Southern,2015,64206,
54,Coastal Carolina,2015,46963,1993-04-13
54,Coastal Carolina,2015,52729,1994-01-11
54,Coastal Carolina,2015,52730,1994-05-19
54,Coastal Carolina,2015,52731,1994-05-02
54,Coastal Carolina,2015,55781,1994-05-28
54,Coastal Carolina,2015,57291,1993-02-01
54,Coastal Carolina,2015,57292,
54,Coastal Carolina,2015,57293,1992-03-25
54,Coastal Carolina,2015,57294,1993-01-16
54,Coastal Carolina,2015,57354,1992-12-08
54,Coastal Carolina,2015,61733,1992-05-08
54,Coastal Carolina,2015,61734,1994-03-24
54,Coastal Carolina,2015,61735,1991-09-20
142,Liberty,2015,46024,
142,Liberty,2015,46397,
142,Liberty,2015,46398,
142,Liberty,2015,52703,
142,Liberty,2015,53174,1993-12-24
142,Liberty,2015,56166,
142,Liberty,2015,56421,
142,Liberty,2015,62239,
142,Liberty,2015,62240,
142,Liberty,2015,62241,
142,Liberty,2015,62242,
142,Liberty,2015,62243,
142,Liberty,2015,62244,1994-05-11
142,Liberty,2015,62245,
109,High Point,2015,62598,1990-09-02
109,High Point,2015,57393,1993-10-27
109,High Point,2015,57397,1994-03-10
109,High Point,2015,53264,1993-04-18
109,High Point,2015,55133,1995-01-26
109,High Point,2015,57394,1992-04-28
109,High Point,2015,57396,
109,High Point,2015,62599,1993-05-21
109,High Point,2015,62600,1993-02-08
109,High Point,2015,65888,
109,High Point,2015,53265,1994-03-28
109,High Point,2015,62597,1992-07-29
109,High Point,2015,57395,1994-07-20
109,High Point,2015,53266,
109,High Point,2015,47028,
109,High Point,2015,57398,
94,Gardner-Webb,2015,42411,
94,Gardner-Webb,2015,42413,
94,Gardner-Webb,2015,45964,
94,Gardner-Webb,2015,52383,
94,Gardner-Webb,2015,57481,
94,Gardner-Webb,2015,57482,
94,Gardner-Webb,2015,57483,1993-10-14
94,Gardner-Webb,2015,57484,
94,Gardner-Webb,2015,57485,
94,Gardner-Webb,2015,57486,
94,Gardner-Webb,2015,62754,
94,Gardner-Webb,2015,62755,
94,Gardner-Webb,2015,62756,
94,Gardner-Webb,2015,62757,
94,Gardner-Webb,2015,62758,
147,Longwood,2015,42206,
147,Longwood,2015,46557,
147,Longwood,2015,47955,
147,Longwood,2015,53412,
147,Longwood,2015,53414,
147,Longwood,2015,56356,1993-05-30
147,Longwood,2015,56361,
147,Longwood,2015,56362,1994-05-10
147,Longwood,2015,56363,1993-06-04
147,Longwood,2015,56364,
147,Longwood,2015,61413,
147,Longwood,2015,61414,
147,Longwood,2015,61415,1991-03-31
233,Presbyterian,2015,42472,
233,Presbyterian,2015,43441,
233,Presbyterian,2015,46642,
233,Presbyterian,2015,46643,
233,Presbyterian,2015,46644,
233,Presbyterian,2015,46645,
233,Presbyterian,2015,51804,1995-08-13
233,Presbyterian,2015,51806,1995-01-05
233,Presbyterian,2015,51809,1994-11-19
233,Presbyterian,2015,56323,1995-03-03
233,Presbyterian,2015,56326,1992-12-08
233,Presbyterian,2015,60503,1993-12-15
233,Presbyterian,2015,61222,1992-01-20
233,Presbyterian,2015,61223,
233,Presbyterian,2015,61224,
236,Purdue,2015,44088,
236,Purdue,2015,46127,1996-04-05
236,Purdue,2015,46128,1995-10-02
236,Purdue,2015,46129,
236,Purdue,2015,46130,1995-07-11
236,Purdue,2015,46540,1994-07-27
236,Purdue,2015,47628,1994-11-11
236,Purdue,2015,51206,
236,Purdue,2015,51208,1994-12-27
236,Purdue,2015,56616,1993-08-30
236,Purdue,2015,56618,1993-10-15
236,Purdue,2015,56619,1992-08-27
236,Purdue,2015,61432,1991-10-23
236,Purdue,2015,61433,1994-06-09
236,Purdue,2015,61434,1991-08-24
121,Indiana,2015,35507,
121,Indiana,2015,46710,1995-05-27
121,Indiana,2015,46713,
121,Indiana,2015,46714,1994-06-27
121,Indiana,2015,46856,1995-07-11
121,Indiana,2015,47261,1995-12-29
121,Indiana,2015,47618,1996-01-11
121,Indiana,2015,52697,1995-04-22
121,Indiana,2015,55995,1994-12-30
121,Indiana,2015,55996,1993-05-09
121,Indiana,2015,55997,
121,Indiana,2015,56000,1992-12-18
121,Indiana,2015,56001,
121,Indiana,2015,61324,
121,Indiana,2015,61325,
121,Indiana,2015,65925,
121,Indiana,2015,51771,1993-01-29
118,Illinois,2015,42235,1994-11-07
118,Illinois,2015,42935,
118,Illinois,2015,46544,1995-08-03
118,Illinois,2015,47332,1996-01-31
118,Illinois,2015,47335,
118,Illinois,2015,52316,1993-12-07
118,Illinois,2015,52599,1994-08-28
118,Illinois,2015,52600,1995-10-26
118,Illinois,2015,52601,1992-02-06
118,Illinois,2015,52603,1995-01-16
118,Illinois,2015,52604,
118,Illinois,2015,57979,1992-07-31
118,Illinois,2015,62315,1992-10-22
118,Illinois,2015,62316,1992-07-14
118,Illinois,2015,62317,
118,Illinois,2015,65770,
216,Ohio State,2015,34922,
216,Ohio State,2015,46698,1996-01-23
216,Ohio State,2015,46699,1995-10-28
216,Ohio State,2015,46700,
216,Ohio State,2015,52684,
216,Ohio State,2015,52685,1994-06-12
216,Ohio State,2015,58118,
216,Ohio State,2015,61074,1992-11-11
216,Ohio State,2015,61075,
216,Ohio State,2015,61076,1996-02-23
216,Ohio State,2015,61077,1992-12-21
216,Ohio State,2015,61078,
216,Ohio State,2015,61079,
216,Ohio State,2015,61080,
124,Iowa,2015,43938,
124,Iowa,2015,43951,1996-03-26
124,Iowa,2015,47552,
124,Iowa,2015,47553,
124,Iowa,2015,48227,
124,Iowa,2015,52772,1994-03-30
124,Iowa,2015,57487,1993-05-19
124,Iowa,2015,57488,1994-01-13
124,Iowa,2015,57489,1993-11-09
124,Iowa,2015,57490,1994-08-15
124,Iowa,2015,57491,1992-11-24
124,Iowa,2015,62439,1992-09-10
124,Iowa,2015,62440,1991-12-29
124,Iowa,2015,62441,1993-05-19
124,Iowa,2015,62442,1992-04-01
124,Iowa,2015,65869,
355,Wisconsin,2015,43066,
355,Wisconsin,2015,46674,
355,Wisconsin,2015,46675,
355,Wisconsin,2015,46676,
355,Wisconsin,2015,47092,1994-12-12
355,Wisconsin,2015,52488,1995-07-31
355,Wisconsin,2015,52489,1994-12-06
355,Wisconsin,2015,52490,1994-11-13
355,Wisconsin,2015,52491,
355,Wisconsin,2015,52811,
355,Wisconsin,2015,56022,
355,Wisconsin,2015,61004,1994-05-08
355,Wisconsin,2015,61005,1993-04-04
355,Wisconsin,2015,61006,1992-12-11
355,Wisconsin,2015,61007,1992-02-12
355,Wisconsin,2015,61008,1991-12-04
173,Minnesota,2015,44244,1995-10-06
173,Minnesota,2015,46087,1995-07-25
173,Minnesota,2015,46088,
173,Minnesota,2015,46089,1993-12-15
173,Minnesota,2015,52483,
173,Minnesota,2015,53011,1993-04-03
173,Minnesota,2015,57377,1993-09-24
173,Minnesota,2015,57378,1992-11-17
173,Minnesota,2015,57379,
173,Minnesota,2015,61757,1991-11-21
173,Minnesota,2015,61758,1992-12-05
173,Minnesota,2015,61759,1992-12-11
173,Minnesota,2015,61760,1992-01-04
173,Minnesota,2015,61761,1993-11-28
173,Minnesota,2015,61762,1993-01-26
170,Michigan,2015,41976,1995-05-08
170,Michigan,2015,42309,1996-05-31
170,Michigan,2015,46328,1996-06-01
170,Michigan,2015,46703,1994-05-10
170,Michigan,2015,46723,1995-05-05
170,Michigan,2015,48112,1994-04-22
170,Michigan,2015,48113,1994-09-01
170,Michigan,2015,51207,1992-08-24
170,Michigan,2015,52713,1994-09-05
170,Michigan,2015,52714,1995-04-03
170,Michigan,2015,52715,1996-02-19
170,Michigan,2015,52716,1995-05-03
170,Michigan,2015,55998,1993-06-07
170,Michigan,2015,56069,1994-08-25
170,Michigan,2015,62736,1994-10-18
170,Michigan,2015,65896,
170,Michigan,2015,65897,
169,Michigan State,2015,41985,
169,Michigan State,2015,42544,1996-09-11
169,Michigan State,2015,42972,1996-04-01
169,Michigan State,2015,46011,1995-11-10
169,Michigan State,2015,46013,
169,Michigan State,2015,51949,1993-11-26
169,Michigan State,2015,51950,
169,Michigan State,2015,51951,1995-04-09
169,Michigan State,2015,55983,1993-08-05
169,Michigan State,2015,55984,1993-11-16
169,Michigan State,2015,55985,1993-07-23
169,Michigan State,2015,55987,1993-05-29
169,Michigan State,2015,60972,1993-02-01
169,Michigan State,2015,60973,1991-12-30
169,Michigan State,2015,60974,1993-01-22
169,Michigan State,2015,62452,1993-11-06
212,Northwestern,2015,42994,
212,Northwestern,2015,43946,1995-12-19
212,Northwestern,2015,45987,
212,Northwestern,2015,46116,
212,Northwestern,2015,46117,1996-05-20
212,Northwestern,2015,52479,1994-04-29
212,Northwestern,2015,52480,
212,Northwestern,2015,57043,1993-10-15
212,Northwestern,2015,57044,1993-05-21
212,Northwestern,2015,61903,1991-11-30
212,Northwestern,2015,61904,1992-10-14
212,Northwestern,2015,61905,1993-02-08
212,Northwestern,2015,61906,
226,Penn State,2015,46283,
226,Penn State,2015,46285,
226,Penn State,2015,46740,
226,Penn State,2015,47250,1994-05-20
226,Penn State,2015,47862,
226,Penn State,2015,57721,1994-08-01
226,Penn State,2015,57722,
226,Penn State,2015,57723,1993-11-18
226,Penn State,2015,57724,
226,Penn State,2015,61307,1993-01-09
226,Penn State,2015,61308,1992-05-22
226,Penn State,2015,61309,1992-08-29
226,Penn State,2015,61310,1991-12-09
226,Penn State,2015,61311,1993-05-21
160,Maryland,2015,42673,
160,Maryland,2015,42975,
160,Maryland,2015,46659,
160,Maryland,2015,46662,
160,Maryland,2015,51307,1994-05-10
160,Maryland,2015,51308,1995-02-02
160,Maryland,2015,55931,1994-03-07
160,Maryland,2015,55932,1994-04-04
160,Maryland,2015,55935,1992-12-16
160,Maryland,2015,55936,
160,Maryland,2015,61691,
160,Maryland,2015,61692,1992-04-15
160,Maryland,2015,61693,1992-10-17
160,Maryland,2015,61694,1992-11-12
160,Maryland,2015,61695,1992-11-26
160,Maryland,2015,61696,1991-08-02
188,Nebraska,2015,43858,1995-12-06
188,Nebraska,2015,48099,1995-05-02
188,Nebraska,2015,51251,1993-06-16
188,Nebraska,2015,53510,1995-05-29
188,Nebraska,2015,58012,1995-03-02
188,Nebraska,2015,58013,1994-06-05
188,Nebraska,2015,58014,1994-04-28
188,Nebraska,2015,63091,1992-04-24
188,Nebraska,2015,63092,1993-02-22
188,Nebraska,2015,63093,1992-10-08
188,Nebraska,2015,63094,1991-12-25
188,Nebraska,2015,63095,
188,Nebraska,2015,63096,1991-07-01
188,Nebraska,2015,63097,1995-10-20
188,Nebraska,2015,63098,1990-07-17
245,Rutgers,2015,42669,
245,Rutgers,2015,42974,
245,Rutgers,2015,43158,
245,Rutgers,2015,44071,
245,Rutgers,2015,46236,1994-06-04
245,Rutgers,2015,46691,
245,Rutgers,2015,46693,
245,Rutgers,2015,51936,
245,Rutgers,2015,52504,1993-10-21
245,Rutgers,2015,56318,1992-03-09
245,Rutgers,2015,56319,1992-11-02
245,Rutgers,2015,56320,
245,Rutgers,2015,56321,
245,Rutgers,2015,63229,1993-02-25
245,Rutgers,2015,63230,1991-12-12
245,Rutgers,2015,63231,1993-05-19
245,Rutgers,2015,63232,1992-10-27
145,Long Beach State,2015,41579,
145,Long Beach State,2015,42748,
145,Long Beach State,2015,43990,
145,Long Beach State,2015,46331,
145,Long Beach State,2015,47662,
145,Long Beach State,2015,47734,1994-08-02
145,Long Beach State,2015,48200,
145,Long Beach State,2015,52814,
145,Long Beach State,2015,52815,
145,Long Beach State,2015,55887,1989-01-26
145,Long Beach State,2015,57883,1993-02-25
145,Long Beach State,2015,57884,
145,Long Beach State,2015,61557,
145,Long Beach State,2015,61558,
145,Long Beach State,2015,61559,
145,Long Beach State,2015,61560,1990-02-24
145,Long Beach State,2015,61561,
145,Long Beach State,2015,61562,1991-05-16
308,UC Irvine,2015,43380,
308,UC Irvine,2015,43385,
308,UC Irvine,2015,52831,1994-11-07
308,UC Irvine,2015,52832,1995-03-06
308,UC Irvine,2015,52834,1995-06-29
308,UC Irvine,2015,54952,
308,UC Irvine,2015,57541,1993-05-13
308,UC Irvine,2015,57542,1994-03-28
308,UC Irvine,2015,57543,1992-09-08
308,UC Irvine,2015,57544,1993-09-14
308,UC Irvine,2015,57546,1993-06-14
308,UC Irvine,2015,57547,
308,UC Irvine,2015,62492,1992-11-09
308,UC Irvine,2015,62493,1992-01-10
308,UC Irvine,2015,62494,1992-04-30
308,UC Irvine,2015,62495,1992-11-07
308,UC Irvine,2015,65411,
308,UC Irvine,2015,65412,
308,UC Irvine,2015,65413,
308,UC Irvine,2015,65414,
308,UC Irvine,2015,65415,
308,UC Irvine,2015,65416,
308,UC Irvine,2015,65417,
308,UC Irvine,2015,65418,
308,UC Irvine,2015,65419,
308,UC Irvine,2015,65420,
308,UC Irvine,2015,65421,
308,UC Irvine,2015,65422,
308,UC Irvine,2015,65423,
308,UC Irvine,2015,65424,
308,UC Irvine,2015,65425,
37,Cal State Fullerton,2015,44190,
37,Cal State Fullerton,2015,47587,
37,Cal State Fullerton,2015,52812,
37,Cal State Fullerton,2015,57591,
37,Cal State Fullerton,2015,57592,
37,Cal State Fullerton,2015,57593,
37,Cal State Fullerton,2015,57594,
37,Cal State Fullerton,2015,62496,
37,Cal State Fullerton,2015,62497,1992-07-24
37,Cal State Fullerton,2015,62498,
37,Cal State Fullerton,2015,62499,1991-10-11
37,Cal State Fullerton,2015,62500,
37,Cal State Fullerton,2015,62501,
37,Cal State Fullerton,2015,62502,
37,Cal State Fullerton,2015,62503,
37,Cal State Fullerton,2015,62504,1993-08-19
35,Cal Poly,2015,43997,1995-11-20
35,Cal Poly,2015,44337,
35,Cal Poly,2015,46607,
35,Cal Poly,2015,52920,1994-10-04
35,Cal Poly,2015,52921,
35,Cal Poly,2015,52922,1993-09-12
35,Cal Poly,2015,52925,1994-11-22
35,Cal Poly,2015,57567,1993-04-22
35,Cal Poly,2015,57568,1993-01-14
35,Cal Poly,2015,57569,1994-06-08
35,Cal Poly,2015,57570,1992-07-16
35,Cal Poly,2015,57572,
35,Cal Poly,2015,62965,1992-06-12
35,Cal Poly,2015,62966,1992-11-06
35,Cal Poly,2015,62967,1990-02-13
35,Cal Poly,2015,62968,1991-11-14
35,Cal Poly,2015,62969,
38,Cal State Northridge,2015,28530,
38,Cal State Northridge,2015,37721,
38,Cal State Northridge,2015,44655,
38,Cal State Northridge,2015,47680,
38,Cal State Northridge,2015,47724,
38,Cal State Northridge,2015,47726,
38,Cal State Northridge,2015,52860,1994-11-01
38,Cal State Northridge,2015,52864,
38,Cal State Northridge,2015,56891,1992-12-31
38,Cal State Northridge,2015,56892,1994-03-09
38,Cal State Northridge,2015,62520,1993-04-29
38,Cal State Northridge,2015,62521,1992-04-02
38,Cal State Northridge,2015,62522,1991-08-05
38,Cal State Northridge,2015,62523,
38,Cal State Northridge,2015,62524,1993-06-24
38,Cal State Northridge,2015,62525,1992-04-22
309,UC Riverside,2015,47768,
309,UC Riverside,2015,47775,
309,UC Riverside,2015,47776,
309,UC Riverside,2015,47781,
309,UC Riverside,2015,47782,1993-03-29
309,UC Riverside,2015,62975,
309,UC Riverside,2015,62976,
309,UC Riverside,2015,62977,
309,UC Riverside,2015,62978,1992-10-13
309,UC Riverside,2015,62979,
309,UC Riverside,2015,62980,
309,UC Riverside,2015,62981,
309,UC Riverside,2015,62982,
309,UC Riverside,2015,62983,
307,UC Davis,2015,42205,
307,UC Davis,2015,48628,
307,UC Davis,2015,52017,
307,UC Davis,2015,52019,
307,UC Davis,2015,52020,
307,UC Davis,2015,52021,
307,UC Davis,2015,57219,
307,UC Davis,2015,57220,1992-02-22
307,UC Davis,2015,57221,1994-10-01
307,UC Davis,2015,57222,
307,UC Davis,2015,63224,
307,UC Davis,2015,63225,
307,UC Davis,2015,63226,1991-08-10
307,UC Davis,2015,63227,
307,UC Davis,2015,63228,
108,Hawai'i,2015,42684,
108,Hawai'i,2015,44262,
108,Hawai'i,2015,47750,1995-02-14
108,Hawai'i,2015,47752,
108,Hawai'i,2015,52914,1993-11-03
108,Hawai'i,2015,57673,1993-08-04
108,Hawai'i,2015,57674,
108,Hawai'i,2015,57675,1993-02-13
108,Hawai'i,2015,57676,1993-06-15
108,Hawai'i,2015,57679,1995-10-04
108,Hawai'i,2015,57680,1994-03-02
108,Hawai'i,2015,62714,1992-11-26
108,Hawai'i,2015,62715,1993-01-07
108,Hawai'i,2015,63085,
108,Hawai'i,2015,63086,1993-06-03
321,UNC Wilmington,2015,51935,
321,UNC Wilmington,2015,48051,
321,UNC Wilmington,2015,48052,
321,UNC Wilmington,2015,48053,
321,UNC Wilmington,2015,51969,
321,UNC Wilmington,2015,52004,
321,UNC Wilmington,2015,52006,
321,UNC Wilmington,2015,52007,
321,UNC Wilmington,2015,56292,
321,UNC Wilmington,2015,56293,
321,UNC Wilmington,2015,56295,1992-10-26
321,UNC Wilmington,2015,57387,1992-10-22
321,UNC Wilmington,2015,62989,
321,UNC Wilmington,2015,62990,
321,UNC Wilmington,2015,62991,
321,UNC Wilmington,2015,62992,1994-01-29
129,James Madison,2015,46312,
129,James Madison,2015,51539,
129,James Madison,2015,51540,
129,James Madison,2015,51542,
129,James Madison,2015,51543,
129,James Madison,2015,51544,
129,James Madison,2015,51545,1993-02-13
129,James Madison,2015,56422,1993-07-12
129,James Madison,2015,56423,
129,James Madison,2015,56424,1992-11-24
129,James Madison,2015,56425,
129,James Madison,2015,61031,
129,James Madison,2015,61032,
129,James Madison,2015,61033,
129,James Madison,2015,61034,1993-06-26
110,Hofstra,2015,46424,
110,Hofstra,2015,47228,
110,Hofstra,2015,51452,
110,Hofstra,2015,51528,
110,Hofstra,2015,51531,
110,Hofstra,2015,56708,1992-02-09
110,Hofstra,2015,56709,1992-02-08
110,Hofstra,2015,56710,
110,Hofstra,2015,56711,1992-07-14
110,Hofstra,2015,62258,
110,Hofstra,2015,62259,
110,Hofstra,2015,62260,1991-11-14
71,Drexel,2015,37726,
71,Drexel,2015,46438,
71,Drexel,2015,46439,
71,Drexel,2015,46440,
71,Drexel,2015,51686,
71,Drexel,2015,51687,
71,Drexel,2015,51691,
71,Drexel,2015,56401,1992-10-21
71,Drexel,2015,56999,
71,Drexel,2015,57000,1994-09-04
71,Drexel,2015,57001,
71,Drexel,2015,61941,1992-06-16
71,Drexel,2015,61942,1990-02-20
205,Northeastern,2015,46805,
205,Northeastern,2015,51665,1994-10-26
205,Northeastern,2015,51667,
205,Northeastern,2015,51786,
205,Northeastern,2015,56332,1993-01-20
205,Northeastern,2015,56333,
205,Northeastern,2015,56334,1993-11-24
205,Northeastern,2015,56335,
205,Northeastern,2015,63104,
205,Northeastern,2015,63105,1993-01-25
205,Northeastern,2015,63106,
205,Northeastern,2015,63107,
46,Charleston,2015,42156,
46,Charleston,2015,42477,
46,Charleston,2015,43834,
46,Charleston,2015,46122,
46,Charleston,2015,46427,
46,Charleston,2015,46428,1995-11-01
46,Charleston,2015,46429,
46,Charleston,2015,51765,1994-03-24
46,Charleston,2015,52056,1994-01-07
46,Charleston,2015,56437,1992-06-14
46,Charleston,2015,56439,
46,Charleston,2015,57585,1991-08-30
46,Charleston,2015,62228,1991-12-10
46,Charleston,2015,62229,1993-01-28
46,Charleston,2015,62230,1992-06-25
81,Elon,2015,45996,1994-09-11
81,Elon,2015,45997,
81,Elon,2015,45998,
81,Elon,2015,45999,
81,Elon,2015,46000,
81,Elon,2015,48178,1995-04-19
81,Elon,2015,52217,1994-09-15
81,Elon,2015,52218,1994-02-25
81,Elon,2015,52219,1994-06-08
81,Elon,2015,52220,1994-12-16
81,Elon,2015,57223,1993-08-28
81,Elon,2015,57224,1994-03-27
81,Elon,2015,57226,1994-07-22
81,Elon,2015,57227,1993-10-29
81,Elon,2015,62012,1992-03-21
81,Elon,2015,62013,1993-08-26
81,Elon,2015,62014,1993-07-07
81,Elon,2015,65848,
81,Elon,2015,65849,
81,Elon,2015,65850,
81,Elon,2015,65851,
81,Elon,2015,65852,
305,UAB,2015,42858,
305,UAB,2015,43939,
305,UAB,2015,47005,1995-01-10
305,UAB,2015,47006,1996-07-27
305,UAB,2015,52229,1994-01-10
305,UAB,2015,52230,1994-05-30
305,UAB,2015,52232,1994-11-10
305,UAB,2015,52233,1994-08-10
305,UAB,2015,57502,
305,UAB,2015,57503,
305,UAB,2015,63036,1992-02-28
305,UAB,2015,63037,
305,UAB,2015,63038,1991-04-10
275,Southern Miss,2015,42689,
275,Southern Miss,2015,43257,1995-11-24
275,Southern Miss,2015,51700,1993-08-03
275,Southern Miss,2015,52037,1994-01-02
275,Southern Miss,2015,52154,1992-11-11
275,Southern Miss,2015,52246,1994-03-25
275,Southern Miss,2015,57084,1993-12-21
275,Southern Miss,2015,57985,1993-08-01
275,Southern Miss,2015,57986,1993-06-29
275,Southern Miss,2015,61991,1992-09-02
275,Southern Miss,2015,61992,1994-07-31
275,Southern Miss,2015,61993,1992-09-21
275,Southern Miss,2015,61994,1990-12-21
275,Southern Miss,2015,35423,
327,UTEP,2015,43752,
327,UTEP,2015,47200,
327,UTEP,2015,47433,1993-02-06
327,UTEP,2015,47434,
327,UTEP,2015,47436,1994-12-02
327,UTEP,2015,58069,1992-09-03
327,UTEP,2015,58071,1992-12-23
327,UTEP,2015,58072,1993-07-27
327,UTEP,2015,58074,1994-04-28
327,UTEP,2015,59522,1995-07-29
327,UTEP,2015,62538,1994-08-05
327,UTEP,2015,62539,1992-05-12
327,UTEP,2015,62540,1991-12-18
327,UTEP,2015,62541,1993-02-10
327,UTEP,2015,42962,
158,Marshall,2015,43497,
158,Marshall,2015,47045,
158,Marshall,2015,53016,
158,Marshall,2015,53017,1993-09-10
158,Marshall,2015,53018,
158,Marshall,2015,53020,
158,Marshall,2015,56700,1992-12-17
158,Marshall,2015,58849,1993-08-12
158,Marshall,2015,58850,1991-01-31
158,Marshall,2015,58851,
158,Marshall,2015,60721,1991-03-31
158,Marshall,2015,61362,
158,Marshall,2015,61363,1992-05-04
158,Marshall,2015,61364,1993-12-29
158,Marshall,2015,61365,
149,Louisiana Tech,2015,41979,1995-12-21
149,Louisiana Tech,2015,43556,1996-01-24
149,Louisiana Tech,2015,46705,1993-12-05
149,Louisiana Tech,2015,46785,
149,Louisiana Tech,2015,46786,1995-02-11
149,Louisiana Tech,2015,46788,1993-12-20
149,Louisiana Tech,2015,51294,1993-12-14
149,Louisiana Tech,2015,53229,1995-09-03
149,Louisiana Tech,2015,56674,1996-03-05
149,Louisiana Tech,2015,56675,1993-10-05
149,Louisiana Tech,2015,62318,1991-11-26
149,Louisiana Tech,2015,62319,1993-01-28
149,Louisiana Tech,2015,62320,1993-04-16
241,Rice,2015,42070,
241,Rice,2015,42750,
241,Rice,2015,46248,
241,Rice,2015,47074,
241,Rice,2015,47077,
241,Rice,2015,48473,1994-11-05
241,Rice,2015,49444,
241,Rice,2015,53389,
241,Rice,2015,53390,1994-09-22
241,Rice,2015,55988,1994-07-29
241,Rice,2015,62542,1992-10-17
241,Rice,2015,62543,1992-04-09
241,Rice,2015,62544,1992-12-24
241,Rice,2015,62545,1995-03-02
241,Rice,2015,62546,1993-03-09
241,Rice,2015,62547,1995-01-10
241,Rice,2015,64493,
171,Middle Tennessee,2015,45766,
171,Middle Tennessee,2015,46167,1995-08-08
171,Middle Tennessee,2015,46168,
171,Middle Tennessee,2015,49759,1995-06-14
171,Middle Tennessee,2015,51316,1995-04-07
171,Middle Tennessee,2015,51320,1994-06-16
171,Middle Tennessee,2015,58584,1994-01-25
171,Middle Tennessee,2015,58585,1993-06-07
171,Middle Tennessee,2015,58586,1992-02-02
171,Middle Tennessee,2015,58587,1996-07-10
171,Middle Tennessee,2015,62000,1993-03-01
171,Middle Tennessee,2015,62001,1991-12-14
171,Middle Tennessee,2015,62002,
171,Middle Tennessee,2015,62003,
171,Middle Tennessee,2015,62004,1992-09-11
350,Western Kentucky,2015,43126,
350,Western Kentucky,2015,47147,
350,Western Kentucky,2015,47302,
350,Western Kentucky,2015,50586,
350,Western Kentucky,2015,53300,1995-06-12
350,Western Kentucky,2015,53500,1993-07-29
350,Western Kentucky,2015,55054,1995-07-10
350,Western Kentucky,2015,57976,1992-05-20
350,Western Kentucky,2015,57980,1992-09-05
350,Western Kentucky,2015,62960,1992-07-19
350,Western Kentucky,2015,62961,1993-06-16
350,Western Kentucky,2015,62962,1992-06-16
350,Western Kentucky,2015,62963,1992-01-12
350,Western Kentucky,2015,62964,
204,North Texas,2015,43313,
204,North Texas,2015,51882,
204,North Texas,2015,52267,
204,North Texas,2015,52268,
204,North Texas,2015,52503,
204,North Texas,2015,57212,
204,North Texas,2015,57214,1994-01-14
204,North Texas,2015,61212,1991-09-09
204,North Texas,2015,61213,1992-03-09
204,North Texas,2015,61214,
204,North Texas,2015,61215,
204,North Texas,2015,61216,
204,North Texas,2015,61217,
204,North Texas,2015,61218,
204,North Texas,2015,61219,
204,North Texas,2015,61220,
204,North Texas,2015,61221,1992-01-12
219,Old Dominion,2015,43033,
219,Old Dominion,2015,46419,
219,Old Dominion,2015,51548,
219,Old Dominion,2015,51549,
219,Old Dominion,2015,52005,1993-06-28
219,Old Dominion,2015,56625,1993-12-26
219,Old Dominion,2015,56626,1992-10-12
219,Old Dominion,2015,56627,1993-02-01
219,Old Dominion,2015,56628,
219,Old Dominion,2015,62993,1992-06-16
219,Old Dominion,2015,62994,1991-09-21
219,Old Dominion,2015,62995,1994-02-26
219,Old Dominion,2015,62996,1993-12-27
219,Old Dominion,2015,62997,
219,Old Dominion,2015,62998,
89,Florida International,2015,43052,
89,Florida International,2015,46184,
89,Florida International,2015,47039,1994-03-07
89,Florida International,2015,51562,1991-12-09
89,Florida International,2015,56274,
89,Florida International,2015,56275,1993-07-11
89,Florida International,2015,56276,1994-01-09
89,Florida International,2015,56284,
89,Florida International,2015,61706,
89,Florida International,2015,61707,1991-12-09
89,Florida International,2015,61708,
89,Florida International,2015,61709,1992-09-06
89,Florida International,2015,61710,1994-12-08
89,Florida International,2015,61711,
89,Florida International,2015,61712,1993-06-02
89,Florida International,2015,64569,
86,Florida Atlantic,2015,48146,
86,Florida Atlantic,2015,52877,1993-07-11
86,Florida Atlantic,2015,55976,
86,Florida Atlantic,2015,55977,
86,Florida Atlantic,2015,55979,
86,Florida Atlantic,2015,55980,
86,Florida Atlantic,2015,55982,1994-09-28
86,Florida Atlantic,2015,62005,
86,Florida Atlantic,2015,62006,
86,Florida Atlantic,2015,62007,
86,Florida Atlantic,2015,62008,
86,Florida Atlantic,2015,62009,
86,Florida Atlantic,2015,62010,
86,Florida Atlantic,2015,62011,
86,Florida Atlantic,2015,47245,
328,UTSA,2015,45985,1995-11-27
328,UTSA,2015,48328,
328,UTSA,2015,48330,
328,UTSA,2015,52817,1993-12-22
328,UTSA,2015,52822,
328,UTSA,2015,53119,1993-07-18
328,UTSA,2015,54983,
328,UTSA,2015,56851,
328,UTSA,2015,56853,1991-11-10
328,UTSA,2015,61974,1991-04-09
328,UTSA,2015,61975,
328,UTSA,2015,61976,
328,UTSA,2015,61977,1994-08-26
328,UTSA,2015,61978,1996-04-12
328,UTSA,2015,61979,
328,UTSA,2015,64852,
69,Detroit Mercy,2015,46330,
69,Detroit Mercy,2015,51634,1994-03-11
69,Detroit Mercy,2015,51635,
69,Detroit Mercy,2015,51636,
69,Detroit Mercy,2015,51638,
69,Detroit Mercy,2015,58285,
69,Detroit Mercy,2015,58287,1992-06-07
69,Detroit Mercy,2015,58288,1995-08-29
69,Detroit Mercy,2015,58893,1993-09-03
69,Detroit Mercy,2015,58998,1991-10-30
69,Detroit Mercy,2015,61273,1992-02-05
69,Detroit Mercy,2015,61274,1993-03-01
69,Detroit Mercy,2015,61275,
357,Wright State,2015,43492,
357,Wright State,2015,47128,
357,Wright State,2015,47129,
357,Wright State,2015,47132,1996-03-02
357,Wright State,2015,47333,1995-02-27
357,Wright State,2015,50304,
357,Wright State,2015,52315,1993-09-12
357,Wright State,2015,56200,1993-11-24
357,Wright State,2015,56201,
357,Wright State,2015,56204,
357,Wright State,2015,56205,1993-09-01
357,Wright State,2015,61294,1992-05-31
357,Wright State,2015,61295,1993-02-13
357,Wright State,2015,61296,1990-11-04
357,Wright State,2015,61297,
357,Wright State,2015,61298,1996-02-03
357,Wright State,2015,61299,1994-09-27
105,Green Bay,2015,46099,
105,Green Bay,2015,48668,
105,Green Bay,2015,53049,
105,Green Bay,2015,53052,
105,Green Bay,2015,53053,
105,Green Bay,2015,57424,
105,Green Bay,2015,57425,
105,Green Bay,2015,57426,
105,Green Bay,2015,62889,
105,Green Bay,2015,62890,1993-12-30
105,Green Bay,2015,62891,1992-09-17
105,Green Bay,2015,62892,1996-01-26
105,Green Bay,2015,62893,
105,Green Bay,2015,65841,1991-01-14
105,Green Bay,2015,65842,
172,Milwaukee,2015,43096,
172,Milwaukee,2015,46653,
172,Milwaukee,2015,46995,
172,Milwaukee,2015,46997,
172,Milwaukee,2015,52046,1993-08-12
172,Milwaukee,2015,52127,1994-07-29
172,Milwaukee,2015,52129,
172,Milwaukee,2015,52130,
172,Milwaukee,2015,52484,1994-03-10
172,Milwaukee,2015,56660,1992-12-19
172,Milwaukee,2015,56661,1993-01-25
172,Milwaukee,2015,56662,1992-10-19
172,Milwaukee,2015,56663,1995-06-13
172,Milwaukee,2015,62482,1992-06-13
172,Milwaukee,2015,62483,
172,Milwaukee,2015,62484,
172,Milwaukee,2015,62485,1992-01-22
53,Cleveland State,2015,33392,
53,Cleveland State,2015,48068,1995-02-15
53,Cleveland State,2015,48069,
53,Cleveland State,2015,48074,
53,Cleveland State,2015,51453,1993-07-19
53,Cleveland State,2015,53234,
53,Cleveland State,2015,53236,1995-02-05
53,Cleveland State,2015,55952,1992-04-19
53,Cleveland State,2015,56402,1992-10-18
53,Cleveland State,2015,58075,1992-09-25
53,Cleveland State,2015,58076,1994-01-08
53,Cleveland State,2015,58078,
53,Cleveland State,2015,58079,1994-07-23
53,Cleveland State,2015,61651,1993-08-17
53,Cleveland State,2015,61652,1994-01-27
53,Cleveland State,2015,61653,
53,Cleveland State,2015,61654,
315,UIC,2015,46965,1995-09-21
315,UIC,2015,52977,1994-12-23
315,UIC,2015,56979,1992-11-26
315,UIC,2015,56980,
315,UIC,2015,56983,1994-10-22
315,UIC,2015,56984,1993-12-19
315,UIC,2015,56985,
315,UIC,2015,58455,1992-09-22
315,UIC,2015,62601,1993-08-14
315,UIC,2015,62602,1992-02-24
315,UIC,2015,62603,1993-08-28
315,UIC,2015,62604,1993-07-20
315,UIC,2015,62605,
315,UIC,2015,62606,1995-01-13
315,UIC,2015,62607,1992-08-04
361,Youngstown State,2015,39743,
361,Youngstown State,2015,43043,
361,Youngstown State,2015,46177,
361,Youngstown State,2015,48181,
361,Youngstown State,2015,48182,
361,Youngstown State,2015,48186,
361,Youngstown State,2015,51747,
361,Youngstown State,2015,53322,
361,Youngstown State,2015,53326,1994-05-28
361,Youngstown State,2015,53328,
361,Youngstown State,2015,54929,1994-03-16
361,Youngstown State,2015,63022,1991-12-06
361,Youngstown State,2015,63023,1993-07-12
361,Youngstown State,2015,63024,1991-12-06
361,Youngstown State,2015,63025,
361,Youngstown State,2015,63026,1992-09-12
335,Valparaiso,2015,41916,
335,Valparaiso,2015,47125,
335,Valparaiso,2015,47126,
335,Valparaiso,2015,47644,1995-05-23
335,Valparaiso,2015,52417,1995-04-13
335,Valparaiso,2015,52418,1994-12-30
335,Valparaiso,2015,52419,1994-07-22
335,Valparaiso,2015,52420,
335,Valparaiso,2015,52423,1994-06-22
335,Valparaiso,2015,57147,1992-01-16
335,Valparaiso,2015,57148,
335,Valparaiso,2015,57149,1994-04-26
335,Valparaiso,2015,57150,1992-10-27
335,Valparaiso,2015,62252,1989-10-29
214,Oakland,2015,43636,
214,Oakland,2015,46547,
214,Oakland,2015,46548,
214,Oakland,2015,46549,
214,Oakland,2015,50578,
214,Oakland,2015,51231,
214,Oakland,2015,51757,
214,Oakland,2015,58701,1992-11-29
214,Oakland,2015,58702,1995-03-29
214,Oakland,2015,58703,
214,Oakland,2015,62177,1992-10-09
214,Oakland,2015,62178,
214,Oakland,2015,62179,1992-10-19
214,Oakland,2015,62180,1991-12-19
214,Oakland,2015,62181,
214,Oakland,2015,64457,
214,Oakland,2015,64458,
214,Oakland,2015,64459,
214,Oakland,2015,64460,
214,Oakland,2015,64461,
214,Oakland,2015,64462,
214,Oakland,2015,64463,
214,Oakland,2015,64464,
214,Oakland,2015,64465,
214,Oakland,2015,64466,
214,Oakland,2015,64467,
234,Princeton,2015,47524,1993-09-15
234,Princeton,2015,47704,
234,Princeton,2015,48454,
234,Princeton,2015,48455,
234,Princeton,2015,48456,
234,Princeton,2015,48457,
234,Princeton,2015,53624,
234,Princeton,2015,53625,
234,Princeton,2015,53626,
234,Princeton,2015,53627,
234,Princeton,2015,53628,
234,Princeton,2015,56261,1993-11-02
234,Princeton,2015,56707,1992-05-23
234,Princeton,2015,61638,
234,Princeton,2015,61639,1993-01-01
234,Princeton,2015,61640,1992-08-13
234,Princeton,2015,61641,
234,Princeton,2015,61642,1991-07-14
234,Princeton,2015,65857,
234,Princeton,2015,65858,1993-01-12
234,Princeton,2015,65859,1991-09-02
234,Princeton,2015,65860,1991-04-14
234,Princeton,2015,65861,1992-06-14
234,Princeton,2015,65909,
234,Princeton,2015,65910,
234,Princeton,2015,65911,
234,Princeton,2015,65912,
234,Princeton,2015,65913,
234,Princeton,2015,65914,
234,Princeton,2015,65915,
234,Princeton,2015,65916,
234,Princeton,2015,65917,
234,Princeton,2015,65918,
234,Princeton,2015,65919,
234,Princeton,2015,65920,
234,Princeton,2015,65921,
234,Princeton,2015,65922,
227,Pennsylvania,2015,42358,
227,Pennsylvania,2015,42749,
227,Pennsylvania,2015,44090,
227,Pennsylvania,2015,51196,
227,Pennsylvania,2015,51589,
227,Pennsylvania,2015,51590,
227,Pennsylvania,2015,56181,
227,Pennsylvania,2015,56182,
227,Pennsylvania,2015,56183,
227,Pennsylvania,2015,56184,
227,Pennsylvania,2015,62947,
227,Pennsylvania,2015,62948,
227,Pennsylvania,2015,62949,
227,Pennsylvania,2015,62950,
227,Pennsylvania,2015,47832,
227,Pennsylvania,2015,47833,
360,Yale,2015,43321,
360,Yale,2015,47516,
360,Yale,2015,53504,
360,Yale,2015,53505,
360,Yale,2015,53506,
360,Yale,2015,53507,
360,Yale,2015,54118,
360,Yale,2015,56118,
360,Yale,2015,56119,
360,Yale,2015,56120,
360,Yale,2015,56121,
360,Yale,2015,56124,
360,Yale,2015,61180,
360,Yale,2015,61181,
360,Yale,2015,61182,
360,Yale,2015,61183,
360,Yale,2015,61184,
360,Yale,2015,61185,
58,Columbia,2015,43170,1996-03-30
58,Columbia,2015,46036,
58,Columbia,2015,51599,1995-08-17
58,Columbia,2015,51600,1995-02-15
58,Columbia,2015,51601,
58,Columbia,2015,51602,1994-06-05
58,Columbia,2015,51604,1994-02-04
58,Columbia,2015,52939,
58,Columbia,2015,56083,1991-09-20
58,Columbia,2015,56084,
58,Columbia,2015,56085,1992-12-31
58,Columbia,2015,61366,1993-04-30
58,Columbia,2015,61367,1990-09-01
58,Columbia,2015,61368,
58,Columbia,2015,61369,1993-01-27
58,Columbia,2015,65898,
58,Columbia,2015,65899,
58,Columbia,2015,65900,
58,Columbia,2015,65901,
58,Columbia,2015,65902,
58,Columbia,2015,65903,
58,Columbia,2015,65904,
58,Columbia,2015,65905,
58,Columbia,2015,65906,
58,Columbia,2015,65907,
58,Columbia,2015,65908,
60,Cornell,2015,42861,
60,Cornell,2015,46622,
60,Cornell,2015,46736,
60,Cornell,2015,46737,
60,Cornell,2015,46738,
60,Cornell,2015,52009,
60,Cornell,2015,52010,
60,Cornell,2015,52011,
60,Cornell,2015,52013,
60,Cornell,2015,52014,
60,Cornell,2015,56725,
60,Cornell,2015,57258,
60,Cornell,2015,57898,
60,Cornell,2015,61713,
60,Cornell,2015,61714,
60,Cornell,2015,61715,
60,Cornell,2015,61716,
62,Dartmouth,2015,47021,1994-05-05
62,Dartmouth,2015,47857,
62,Dartmouth,2015,47858,
62,Dartmouth,2015,47859,
62,Dartmouth,2015,51282,1995-02-19
62,Dartmouth,2015,51283,1994-10-08
62,Dartmouth,2015,51284,1993-12-09
62,Dartmouth,2015,51286,1994-03-07
62,Dartmouth,2015,56447,1994-03-22
62,Dartmouth,2015,56448,
62,Dartmouth,2015,56449,1993-11-02
62,Dartmouth,2015,56450,1994-01-10
62,Dartmouth,2015,56451,1992-09-04
62,Dartmouth,2015,56452,1993-01-02
62,Dartmouth,2015,56453,1995-03-22
62,Dartmouth,2015,56515,1993-10-05
62,Dartmouth,2015,62999,1993-04-19
62,Dartmouth,2015,63000,
62,Dartmouth,2015,63001,1991-05-01
107,Harvard,2015,46406,
107,Harvard,2015,46407,
107,Harvard,2015,46408,
107,Harvard,2015,46864,
107,Harvard,2015,52982,
107,Harvard,2015,52983,
107,Harvard,2015,52984,
107,Harvard,2015,52985,
107,Harvard,2015,56768,
107,Harvard,2015,56769,
107,Harvard,2015,56770,
107,Harvard,2015,61100,
107,Harvard,2015,61101,
107,Harvard,2015,61102,1993-06-16
107,Harvard,2015,61103,
107,Harvard,2015,61104,
107,Harvard,2015,61105,
107,Harvard,2015,61106,
30,Brown,2015,46628,
30,Brown,2015,47914,
30,Brown,2015,47915,
30,Brown,2015,47988,
30,Brown,2015,51810,
30,Brown,2015,51811,
30,Brown,2015,51812,
30,Brown,2015,51815,
30,Brown,2015,51816,
30,Brown,2015,57265,
30,Brown,2015,57266,
30,Brown,2015,57267,1991-09-29
30,Brown,2015,58545,1991-10-10
30,Brown,2015,62146,1992-07-23
30,Brown,2015,62147,1991-03-27
30,Brown,2015,62148,
30,Brown,2015,62149,1991-09-13
123,Iona,2015,42310,
123,Iona,2015,46466,1994-01-26
123,Iona,2015,47279,
123,Iona,2015,52918,
123,Iona,2015,53746,1992-11-18
123,Iona,2015,58120,
123,Iona,2015,58121,1992-07-10
123,Iona,2015,58123,
123,Iona,2015,58124,
123,Iona,2015,58125,
123,Iona,2015,61655,1990-04-09
123,Iona,2015,61656,
123,Iona,2015,61657,1993-12-15
123,Iona,2015,61658,
123,Iona,2015,65715,
254,Saint Peter's,2015,53541,1995-04-30
254,Saint Peter's,2015,53542,1995-04-25
254,Saint Peter's,2015,53543,
254,Saint Peter's,2015,57268,
254,Saint Peter's,2015,57269,
254,Saint Peter's,2015,57270,
254,Saint Peter's,2015,62140,1992-12-10
254,Saint Peter's,2015,62141,1991-12-22
254,Saint Peter's,2015,62142,1992-07-06
254,Saint Peter's,2015,62143,1992-02-19
254,Saint Peter's,2015,62144,
254,Saint Peter's,2015,62145,
254,Saint Peter's,2015,63121,
254,Saint Peter's,2015,63122,
254,Saint Peter's,2015,63863,
254,Saint Peter's,2015,63864,
254,Saint Peter's,2015,63865,
254,Saint Peter's,2015,63866,
254,Saint Peter's,2015,64733,
83,Fairfield,2015,42002,
83,Fairfield,2015,47836,
83,Fairfield,2015,47837,1995-08-09
83,Fairfield,2015,47840,
83,Fairfield,2015,51716,1994-03-25
83,Fairfield,2015,51717,
83,Fairfield,2015,51719,
83,Fairfield,2015,56113,
83,Fairfield,2015,56114,
83,Fairfield,2015,56115,
83,Fairfield,2015,56117,
83,Fairfield,2015,59598,
83,Fairfield,2015,61155,
83,Fairfield,2015,61156,1991-09-19
83,Fairfield,2015,61157,
83,Fairfield,2015,61158,
83,Fairfield,2015,61159,
155,Manhattan,2015,43160,
155,Manhattan,2015,48761,
155,Manhattan,2015,48762,1994-09-22
155,Manhattan,2015,48764,
155,Manhattan,2015,51706,1995-12-03
155,Manhattan,2015,53515,
155,Manhattan,2015,58414,1994-03-05
155,Manhattan,2015,58415,1995-03-15
155,Manhattan,2015,58416,
155,Manhattan,2015,58419,1991-04-05
155,Manhattan,2015,60890,1992-01-27
155,Manhattan,2015,60891,1992-05-16
155,Manhattan,2015,60892,1993-03-30
155,Manhattan,2015,65749,
155,Manhattan,2015,58418,1995-02-03
264,Siena,2015,43409,
264,Siena,2015,46957,
264,Siena,2015,46962,1993-05-19
264,Siena,2015,53393,
264,Siena,2015,53394,
264,Siena,2015,53395,
264,Siena,2015,53396,
264,Siena,2015,53397,
264,Siena,2015,53399,
264,Siena,2015,56535,
264,Siena,2015,56536,
264,Siena,2015,56537,
264,Siena,2015,56538,
264,Siena,2015,56540,
264,Siena,2015,60958,
264,Siena,2015,60959,
264,Siena,2015,61630,
264,Siena,2015,65750,
194,Niagara,2015,43458,
194,Niagara,2015,46311,
194,Niagara,2015,46636,
194,Niagara,2015,46952,
194,Niagara,2015,47105,
194,Niagara,2015,47758,
194,Niagara,2015,50335,
194,Niagara,2015,51653,
194,Niagara,2015,56621,1994-06-24
194,Niagara,2015,56624,
194,Niagara,2015,61643,1992-01-01
194,Niagara,2015,61644,
194,Niagara,2015,61645,
194,Niagara,2015,61646,
194,Niagara,2015,61647,
42,Canisius,2015,44145,
42,Canisius,2015,46469,1994-10-27
42,Canisius,2015,47527,1994-04-20
42,Canisius,2015,47841,1994-04-08
42,Canisius,2015,53493,1994-01-03
42,Canisius,2015,56701,1993-05-10
42,Canisius,2015,56702,
42,Canisius,2015,56704,1995-04-19
42,Canisius,2015,56705,
42,Canisius,2015,56706,
42,Canisius,2015,62831,1993-04-20
42,Canisius,2015,62832,
42,Canisius,2015,62833,1993-02-21
42,Canisius,2015,65528,
42,Canisius,2015,65529,
42,Canisius,2015,65530,
42,Canisius,2015,65531,
42,Canisius,2015,65532,
42,Canisius,2015,65533,
42,Canisius,2015,65534,
42,Canisius,2015,65535,
42,Canisius,2015,65536,
42,Canisius,2015,65537,
42,Canisius,2015,65538,
42,Canisius,2015,65854,1990-10-16
42,Canisius,2015,65855,1992-04-10
42,Canisius,2015,65856,1990-12-11
243,Rider,2015,41971,
243,Rider,2015,51698,
243,Rider,2015,51699,
243,Rider,2015,51701,
243,Rider,2015,56262,1992-11-12
243,Rider,2015,56263,1992-11-08
243,Rider,2015,56264,
243,Rider,2015,56265,1992-10-05
243,Rider,2015,56266,1993-06-16
243,Rider,2015,56268,
243,Rider,2015,61634,
243,Rider,2015,61635,1992-05-03
243,Rider,2015,61636,1992-03-29
243,Rider,2015,61637,1993-04-05
156,Marist,2015,33929,
156,Marist,2015,39757,
156,Marist,2015,43200,
156,Marist,2015,48066,
156,Marist,2015,51891,
156,Marist,2015,51892,
156,Marist,2015,54992,
156,Marist,2015,54994,
156,Marist,2015,56301,
156,Marist,2015,61659,
156,Marist,2015,61660,
156,Marist,2015,61661,
156,Marist,2015,61662,
156,Marist,2015,61663,
238,Quinnipiac,2015,41991,1994-09-04
238,Quinnipiac,2015,44048,
238,Quinnipiac,2015,47860,
238,Quinnipiac,2015,47861,1994-07-20
238,Quinnipiac,2015,47864,
238,Quinnipiac,2015,52040,
238,Quinnipiac,2015,56185,
238,Quinnipiac,2015,56186,
238,Quinnipiac,2015,56187,1992-09-16
238,Quinnipiac,2015,61186,1993-12-15
238,Quinnipiac,2015,61187,1993-02-14
238,Quinnipiac,2015,61188,1994-08-15
238,Quinnipiac,2015,61189,1993-04-06
238,Quinnipiac,2015,61190,1993-05-28
238,Quinnipiac,2015,61191,1994-06-03
238,Quinnipiac,2015,61192,1992-12-16
238,Quinnipiac,2015,61193,1993-02-26
178,Monmouth,2015,47350,
178,Monmouth,2015,47351,1995-03-23
178,Monmouth,2015,47352,
178,Monmouth,2015,47353,
178,Monmouth,2015,51692,1995-09-15
178,Monmouth,2015,51693,1995-04-12
178,Monmouth,2015,51694,1995-11-12
178,Monmouth,2015,51695,1994-05-01
178,Monmouth,2015,51696,1993-12-20
178,Monmouth,2015,51697,1994-08-07
178,Monmouth,2015,57659,1993-01-04
178,Monmouth,2015,61676,1992-01-02
178,Monmouth,2015,61677,1993-04-22
178,Monmouth,2015,61678,1993-03-12
178,Monmouth,2015,61679,
178,Monmouth,2015,61680,1994-02-19
178,Monmouth,2015,65514,
178,Monmouth,2015,65515,
178,Monmouth,2015,65516,
178,Monmouth,2015,65517,
178,Monmouth,2015,65518,
178,Monmouth,2015,65519,
178,Monmouth,2015,65520,
178,Monmouth,2015,65521,
178,Monmouth,2015,65522,
178,Monmouth,2015,65523,
178,Monmouth,2015,65524,
178,Monmouth,2015,65525,
178,Monmouth,2015,65526,
178,Monmouth,2015,65527,
215,Ohio,2015,43948,1995-02-01
215,Ohio,2015,47876,
215,Ohio,2015,47882,
215,Ohio,2015,47977,1993-12-19
215,Ohio,2015,47980,1995-03-29
215,Ohio,2015,48114,1995-04-08
215,Ohio,2015,53093,1994-12-24
215,Ohio,2015,53094,1993-07-13
215,Ohio,2015,53096,1995-08-05
215,Ohio,2015,57748,1992-07-26
215,Ohio,2015,62822,1992-06-18
215,Ohio,2015,62823,1992-04-21
215,Ohio,2015,62824,
215,Ohio,2015,62825,
215,Ohio,2015,62826,1992-08-14
215,Ohio,2015,62827,1989-10-02
300,Toledo,2015,42466,
300,Toledo,2015,51075,1994-08-26
300,Toledo,2015,51077,1994-02-22
300,Toledo,2015,51078,1995-02-25
300,Toledo,2015,52767,1995-02-09
300,Toledo,2015,57785,1994-02-03
300,Toledo,2015,63127,1992-09-01
300,Toledo,2015,63128,1993-07-15
300,Toledo,2015,63129,1992-10-24
300,Toledo,2015,63130,1996-02-10
300,Toledo,2015,63131,1992-08-04
300,Toledo,2015,63132,
300,Toledo,2015,64125,
167,Miami (OH),2015,46496,
167,Miami (OH),2015,46497,
167,Miami (OH),2015,51362,
167,Miami (OH),2015,51363,1993-10-09
167,Miami (OH),2015,56380,
167,Miami (OH),2015,56381,1993-06-23
167,Miami (OH),2015,56382,
167,Miami (OH),2015,56383,1994-01-11
167,Miami (OH),2015,56384,1993-01-25
167,Miami (OH),2015,56385,
167,Miami (OH),2015,56386,
167,Miami (OH),2015,59021,
167,Miami (OH),2015,63123,
167,Miami (OH),2015,63124,
167,Miami (OH),2015,63125,
167,Miami (OH),2015,63126,
134,Kent State,2015,37722,
134,Kent State,2015,52333,1991-07-26
134,Kent State,2015,53227,1994-04-02
134,Kent State,2015,53228,1992-10-09
134,Kent State,2015,53231,1994-05-16
134,Kent State,2015,53330,
134,Kent State,2015,57896,1993-04-02
134,Kent State,2015,57897,1994-05-27
134,Kent State,2015,57899,1991-12-20
134,Kent State,2015,59508,1994-02-07
134,Kent State,2015,63016,1992-02-08
134,Kent State,2015,63017,1992-06-06
134,Kent State,2015,63018,1991-10-14
134,Kent State,2015,63019,1993-04-09
134,Kent State,2015,63020,1995-03-04
134,Kent State,2015,63021,1991-03-24
353,William & Mary,2015,43184,1995-08-21
353,William & Mary,2015,43594,
353,William & Mary,2015,47019,1995-04-06
353,William & Mary,2015,47020,1995-03-28
353,William & Mary,2015,47022,
353,William & Mary,2015,47026,
353,William & Mary,2015,53085,
353,William & Mary,2015,53086,
353,William & Mary,2015,53087,1994-02-13
353,William & Mary,2015,53088,
353,William & Mary,2015,56995,
353,William & Mary,2015,56996,
353,William & Mary,2015,61194,1993-02-09
353,William & Mary,2015,61195,
353,William & Mary,2015,61196,
28,Bowling Green,2015,46437,1996-07-08
28,Bowling Green,2015,46956,1993-06-27
28,Bowling Green,2015,51752,1994-10-12
28,Bowling Green,2015,51753,1996-07-09
28,Bowling Green,2015,57767,1993-03-15
28,Bowling Green,2015,57768,1991-12-09
28,Bowling Green,2015,57769,1994-10-04
28,Bowling Green,2015,57770,1993-05-03
28,Bowling Green,2015,57771,1993-12-29
28,Bowling Green,2015,57772,1993-08-19
28,Bowling Green,2015,59973,1993-08-25
28,Bowling Green,2015,62859,1993-10-15
28,Bowling Green,2015,62860,1992-07-30
28,Bowling Green,2015,62861,1994-10-28
28,Bowling Green,2015,62862,1993-06-07
28,Bowling Green,2015,62863,1992-01-29
28,Bowling Green,2015,62864,
351,Western Michigan,2015,46321,1993-05-07
351,Western Michigan,2015,47867,1995-05-14
351,Western Michigan,2015,47868,
351,Western Michigan,2015,51735,1994-10-30
351,Western Michigan,2015,51887,1993-12-28
351,Western Michigan,2015,52464,1993-06-15
351,Western Michigan,2015,58055,1994-07-07
351,Western Michigan,2015,58056,1994-03-23
351,Western Michigan,2015,58057,1993-07-07
351,Western Michigan,2015,58058,
351,Western Michigan,2015,59406,1994-02-01
351,Western Michigan,2015,63117,1991-12-04
351,Western Michigan,2015,63118,1991-07-22
351,Western Michigan,2015,63119,1994-02-26
351,Western Michigan,2015,63120,1992-01-26
19,Ball State,2015,46506,1995-04-09
19,Ball State,2015,46507,
19,Ball State,2015,46508,1995-09-06
19,Ball State,2015,47130,1995-09-10
19,Ball State,2015,48766,1994-08-08
19,Ball State,2015,52366,1994-09-19
19,Ball State,2015,52368,1995-09-25
19,Ball State,2015,52369,1993-06-01
19,Ball State,2015,57070,1993-01-22
19,Ball State,2015,57071,1992-05-18
19,Ball State,2015,57072,1993-04-08
19,Ball State,2015,57074,1993-12-22
19,Ball State,2015,61107,1991-09-23
19,Ball State,2015,61108,1992-12-20
19,Ball State,2015,61109,1995-06-17
79,Eastern Michigan,2015,44026,
79,Eastern Michigan,2015,46155,1995-09-03
79,Eastern Michigan,2015,51902,1993-02-08
79,Eastern Michigan,2015,52465,
79,Eastern Michigan,2015,53772,1995-10-30
79,Eastern Michigan,2015,56089,
79,Eastern Michigan,2015,56090,
79,Eastern Michigan,2015,56093,1993-07-19
79,Eastern Michigan,2015,56890,
79,Eastern Michigan,2015,61144,
79,Eastern Michigan,2015,61145,
79,Eastern Michigan,2015,61146,1992-03-28
79,Eastern Michigan,2015,61147,1992-10-09
79,Eastern Michigan,2015,61148,1992-08-12
79,Eastern Michigan,2015,61149,
45,Central Michigan,2015,33276,
45,Central Michigan,2015,46271,
45,Central Michigan,2015,46272,
45,Central Michigan,2015,46274,
45,Central Michigan,2015,46277,
45,Central Michigan,2015,50305,
45,Central Michigan,2015,51746,
45,Central Michigan,2015,51748,
45,Central Michigan,2015,51749,
45,Central Michigan,2015,51750,
45,Central Michigan,2015,56137,
45,Central Michigan,2015,56138,
45,Central Michigan,2015,56139,
45,Central Michigan,2015,56140,
45,Central Michigan,2015,56141,
45,Central Michigan,2015,61553,
45,Central Michigan,2015,61554,
45,Central Michigan,2015,61555,
45,Central Michigan,2015,61556,
3,Akron,2015,38327,
3,Akron,2015,44354,
3,Akron,2015,46872,1995-06-17
3,Akron,2015,48164,
3,Akron,2015,48441,1994-10-26
3,Akron,2015,53316,1995-08-21
3,Akron,2015,53317,1994-11-07
3,Akron,2015,53318,
3,Akron,2015,58080,1993-09-03
3,Akron,2015,58081,1993-07-06
3,Akron,2015,58082,1993-08-31
3,Akron,2015,62080,1991-11-10
3,Akron,2015,62081,1993-01-12
3,Akron,2015,62082,
3,Akron,2015,62083,1992-08-21
33,Buffalo,2015,43442,
33,Buffalo,2015,44276,
33,Buffalo,2015,47673,1994-07-19
33,Buffalo,2015,49587,
33,Buffalo,2015,52360,
33,Buffalo,2015,52363,
33,Buffalo,2015,54693,
33,Buffalo,2015,57333,1993-04-16
33,Buffalo,2015,57335,
33,Buffalo,2015,61770,1993-06-19
33,Buffalo,2015,61771,
33,Buffalo,2015,61772,1993-01-20
33,Buffalo,2015,61773,1991-10-12
267,South Carolina State,2015,34888,
267,South Carolina State,2015,46670,
267,South Carolina State,2015,47242,
267,South Carolina State,2015,47583,
267,South Carolina State,2015,52367,
267,South Carolina State,2015,52737,
267,South Carolina State,2015,52740,
267,South Carolina State,2015,56431,1992-03-12
267,South Carolina State,2015,56432,1993-02-27
267,South Carolina State,2015,56433,
267,South Carolina State,2015,56436,
267,South Carolina State,2015,62511,
267,South Carolina State,2015,62512,1992-11-10
267,South Carolina State,2015,62513,
267,South Carolina State,2015,62514,1994-08-31
267,South Carolina State,2015,64162,
198,North Carolina A&T,2015,42621,
198,North Carolina A&T,2015,46730,1995-02-20
198,North Carolina A&T,2015,46925,
198,North Carolina A&T,2015,46926,1995-05-05
198,North Carolina A&T,2015,51449,
198,North Carolina A&T,2015,51451,1995-08-26
198,North Carolina A&T,2015,56606,1994-10-29
198,North Carolina A&T,2015,56609,1995-09-26
198,North Carolina A&T,2015,56610,
198,North Carolina A&T,2015,56611,
198,North Carolina A&T,2015,56612,
198,North Carolina A&T,2015,56613,1993-09-03
198,North Carolina A&T,2015,56614,
198,North Carolina A&T,2015,61792,
198,North Carolina A&T,2015,61793,
198,North Carolina A&T,2015,61794,
198,North Carolina A&T,2015,61795,1993-05-18
198,North Carolina A&T,2015,65070,1993-07-01
198,North Carolina A&T,2015,65752,
114,Howard,2015,41835,
114,Howard,2015,43485,
114,Howard,2015,46857,
114,Howard,2015,47144,
114,Howard,2015,52705,
114,Howard,2015,52706,
114,Howard,2015,52707,
114,Howard,2015,52708,
114,Howard,2015,52709,
114,Howard,2015,52710,
114,Howard,2015,52712,
114,Howard,2015,57693,
114,Howard,2015,57694,
114,Howard,2015,57696,
114,Howard,2015,60982,
114,Howard,2015,60983,
114,Howard,2015,60984,1992-10-19
114,Howard,2015,61500,
67,Delaware State,2015,46747,
67,Delaware State,2015,46750,
67,Delaware State,2015,46756,
67,Delaware State,2015,52100,1994-12-19
67,Delaware State,2015,52101,1993-02-12
67,Delaware State,2015,52103,
67,Delaware State,2015,56933,
67,Delaware State,2015,56934,1993-02-22
67,Delaware State,2015,56935,1991-09-28
67,Delaware State,2015,56936,1992-12-05
67,Delaware State,2015,56937,1992-07-28
67,Delaware State,2015,56938,1993-12-30
67,Delaware State,2015,62941,1991-09-08
67,Delaware State,2015,62942,1992-05-05
67,Delaware State,2015,62943,1995-03-08
67,Delaware State,2015,62944,1992-01-29
67,Delaware State,2015,62945,
67,Delaware State,2015,62946,1992-08-20
59,Coppin State,2015,46415,1994-06-23
59,Coppin State,2015,47759,
59,Coppin State,2015,53608,1993-08-19
59,Coppin State,2015,56248,1994-06-15
59,Coppin State,2015,56250,
59,Coppin State,2015,58543,1993-11-01
59,Coppin State,2015,62676,1993-10-15
59,Coppin State,2015,62677,1991-04-17
59,Coppin State,2015,62678,1993-11-27
59,Coppin State,2015,62679,1993-06-30
59,Coppin State,2015,62680,1992-03-09
59,Coppin State,2015,62681,
59,Coppin State,2015,62682,1993-02-20
59,Coppin State,2015,62683,1993-10-01
182,Morgan State,2015,52374,
182,Morgan State,2015,52376,
182,Morgan State,2015,54907,
182,Morgan State,2015,54908,
182,Morgan State,2015,54909,
182,Morgan State,2015,54911,
182,Morgan State,2015,54912,
182,Morgan State,2015,54913,
182,Morgan State,2015,55937,
182,Morgan State,2015,55938,1995-02-23
182,Morgan State,2015,61300,1991-06-17
182,Morgan State,2015,61301,
182,Morgan State,2015,61302,
182,Morgan State,2015,61303,
182,Morgan State,2015,61304,
182,Morgan State,2015,61305,
182,Morgan State,2015,61306,
182,Morgan State,2015,63973,
196,Norfolk State,2015,42052,
196,Norfolk State,2015,43195,
196,Norfolk State,2015,51173,1994-01-31
196,Norfolk State,2015,57885,1992-02-21
196,Norfolk State,2015,57886,
196,Norfolk State,2015,57888,
196,Norfolk State,2015,61803,1992-04-22
196,Norfolk State,2015,61804,
196,Norfolk State,2015,61805,
196,Norfolk State,2015,61806,1991-10-25
196,Norfolk State,2015,61807,
196,Norfolk State,2015,61808,1991-09-27
196,Norfolk State,2015,61809,1991-12-27
196,Norfolk State,2015,61810,1992-04-06
23,Bethune-Cookman,2015,52534,
23,Bethune-Cookman,2015,53202,
23,Bethune-Cookman,2015,56873,1993-02-17
23,Bethune-Cookman,2015,57639,
23,Bethune-Cookman,2015,58496,1994-06-24
23,Bethune-Cookman,2015,62737,
23,Bethune-Cookman,2015,62738,
23,Bethune-Cookman,2015,62739,1992-05-11
23,Bethune-Cookman,2015,62740,1990-11-15
23,Bethune-Cookman,2015,62741,1993-03-28
23,Bethune-Cookman,2015,62742,1992-02-17
23,Bethune-Cookman,2015,62743,1991-09-24
23,Bethune-Cookman,2015,65088,1992-07-27
159,Maryland Eastern Shore,2015,43176,
159,Maryland Eastern Shore,2015,50188,
159,Maryland Eastern Shore,2015,50760,
159,Maryland Eastern Shore,2015,56394,1993-11-21
159,Maryland Eastern Shore,2015,56939,
159,Maryland Eastern Shore,2015,56940,
159,Maryland Eastern Shore,2015,56941,1993-12-25
159,Maryland Eastern Shore,2015,56943,
159,Maryland Eastern Shore,2015,56944,1993-10-05
159,Maryland Eastern Shore,2015,61536,1992-07-02
159,Maryland Eastern Shore,2015,61537,1992-10-02
159,Maryland Eastern Shore,2015,61538,1992-07-04
159,Maryland Eastern Shore,2015,61539,
159,Maryland Eastern Shore,2015,61540,
159,Maryland Eastern Shore,2015,61541,1993-02-08
106,Hampton,2015,47030,
106,Hampton,2015,51527,1992-11-21
106,Hampton,2015,51702,1994-02-22
106,Hampton,2015,51704,
106,Hampton,2015,57808,1992-12-16
106,Hampton,2015,57809,
106,Hampton,2015,57810,1992-09-24
106,Hampton,2015,57811,1992-12-31
106,Hampton,2015,57812,1994-06-16
106,Hampton,2015,57813,1991-07-21
106,Hampton,2015,57814,
106,Hampton,2015,57815,1992-10-28
106,Hampton,2015,57816,1992-09-11
106,Hampton,2015,57817,1992-02-25
106,Hampton,2015,62437,1994-11-16
106,Hampton,2015,62438,1992-04-06
199,North Carolina Central,2015,46954,
199,North Carolina Central,2015,46960,
199,North Carolina Central,2015,46964,1992-12-16
199,North Carolina Central,2015,56478,
199,North Carolina Central,2015,56480,1993-09-09
199,North Carolina Central,2015,56481,1993-04-08
199,North Carolina Central,2015,56483,1995-08-08
199,North Carolina Central,2015,56484,1991-09-27
199,North Carolina Central,2015,61017,1994-04-06
199,North Carolina Central,2015,61018,1991-06-25
199,North Carolina Central,2015,61019,
199,North Carolina Central,2015,61020,
199,North Carolina Central,2015,61021,1992-09-04
380,Savannah State,2015,48552,1991-11-15
380,Savannah State,2015,48555,
380,Savannah State,2015,56796,
380,Savannah State,2015,56801,
380,Savannah State,2015,56803,
380,Savannah State,2015,56804,
380,Savannah State,2015,61276,1995-05-19
380,Savannah State,2015,61277,1993-02-05
380,Savannah State,2015,61278,1992-05-26
380,Savannah State,2015,61279,
380,Savannah State,2015,61280,1994-11-18
380,Savannah State,2015,61281,
380,Savannah State,2015,61282,1990-05-11
380,Savannah State,2015,61283,
380,Savannah State,2015,63164,
380,Savannah State,2015,48551,1993-11-17
352,Wichita State,2015,46050,1995-09-28
352,Wichita State,2015,46051,1994-02-23
352,Wichita State,2015,46054,1995-08-22
352,Wichita State,2015,46055,1993-11-24
352,Wichita State,2015,46239,1995-08-01
352,Wichita State,2015,47269,1994-11-12
352,Wichita State,2015,51770,
352,Wichita State,2015,52741,1994-05-04
352,Wichita State,2015,52742,1993-09-06
352,Wichita State,2015,55953,1994-02-25
352,Wichita State,2015,55954,1993-03-30
352,Wichita State,2015,55955,1992-10-13
352,Wichita State,2015,55956,
352,Wichita State,2015,61042,1992-10-15
352,Wichita State,2015,61043,1993-05-27
352,Wichita State,2015,61044,
273,Southern Illinois,2015,41841,1996-01-15
273,Southern Illinois,2015,42809,
273,Southern Illinois,2015,43972,1995-11-19
273,Southern Illinois,2015,46531,
273,Southern Illinois,2015,46532,1993-12-26
273,Southern Illinois,2015,47220,
273,Southern Illinois,2015,52317,
273,Southern Illinois,2015,52735,1993-04-05
273,Southern Illinois,2015,57101,1994-05-06
273,Southern Illinois,2015,57102,
273,Southern Illinois,2015,57103,1991-12-15
273,Southern Illinois,2015,63043,1993-08-01
273,Southern Illinois,2015,63044,
273,Southern Illinois,2015,63045,1992-12-15
119,Illinois State,2015,46086,1994-11-30
119,Illinois State,2015,46889,
119,Illinois State,2015,46955,
119,Illinois State,2015,52322,1994-07-12
119,Illinois State,2015,52323,1995-04-20
119,Illinois State,2015,53547,1994-02-16
119,Illinois State,2015,53874,1993-06-05
119,Illinois State,2015,53875,
119,Illinois State,2015,63184,1991-04-30
119,Illinois State,2015,63185,1992-08-12
119,Illinois State,2015,63186,1992-03-23
119,Illinois State,2015,63187,
119,Illinois State,2015,63188,
119,Illinois State,2015,47764,1994-07-19
122,Indiana State,2015,42779,
122,Indiana State,2015,46704,
122,Indiana State,2015,46706,1994-07-27
122,Indiana State,2015,50311,1994-09-20
122,Indiana State,2015,52345,1993-12-27
122,Indiana State,2015,52348,1994-06-14
122,Indiana State,2015,56243,1991-07-23
122,Indiana State,2015,56244,1991-08-23
122,Indiana State,2015,56245,
122,Indiana State,2015,56246,1992-08-12
122,Indiana State,2015,56247,
122,Indiana State,2015,59762,
122,Indiana State,2015,62122,1991-11-16
122,Indiana State,2015,62123,1991-06-04
122,Indiana State,2015,62124,
209,Northern Iowa,2015,42825,
209,Northern Iowa,2015,46048,1995-05-03
209,Northern Iowa,2015,46056,1995-05-23
209,Northern Iowa,2015,46057,1994-08-26
209,Northern Iowa,2015,46060,1995-07-06
209,Northern Iowa,2015,53040,1995-05-08
209,Northern Iowa,2015,57711,1993-03-26
209,Northern Iowa,2015,57712,1993-05-20
209,Northern Iowa,2015,57713,
209,Northern Iowa,2015,62841,1992-09-05
209,Northern Iowa,2015,62842,1993-05-10
209,Northern Iowa,2015,62843,1993-03-22
209,Northern Iowa,2015,62844,1992-01-05
209,Northern Iowa,2015,62845,
209,Northern Iowa,2015,62846,1993-02-28
209,Northern Iowa,2015,62847,1992-02-05
82,Evansville,2015,47158,
82,Evansville,2015,47159,
82,Evansville,2015,51186,
82,Evansville,2015,51187,
82,Evansville,2015,51188,
82,Evansville,2015,51189,1992-12-15
82,Evansville,2015,51190,
82,Evansville,2015,58127,1992-09-01
82,Evansville,2015,58128,
82,Evansville,2015,58129,
82,Evansville,2015,58131,1994-09-01
82,Evansville,2015,62879,
82,Evansville,2015,62880,
151,Loyola Chicago,2015,47134,1996-08-15
151,Loyola Chicago,2015,47135,
151,Loyola Chicago,2015,52536,1993-10-31
151,Loyola Chicago,2015,56854,
151,Loyola Chicago,2015,56855,
151,Loyola Chicago,2015,56856,1993-10-22
151,Loyola Chicago,2015,56857,
151,Loyola Chicago,2015,56858,
151,Loyola Chicago,2015,56859,1994-02-15
151,Loyola Chicago,2015,56860,
151,Loyola Chicago,2015,62265,1992-06-21
151,Loyola Chicago,2015,62266,1992-07-29
151,Loyola Chicago,2015,62267,
151,Loyola Chicago,2015,62268,1993-05-06
151,Loyola Chicago,2015,65241,
257,San Diego State,2015,42915,1995-11-17
257,San Diego State,2015,47615,1996-07-25
257,San Diego State,2015,47617,1996-04-05
257,San Diego State,2015,48189,
257,San Diego State,2015,52970,1995-02-04
257,San Diego State,2015,52972,1994-12-29
257,San Diego State,2015,52973,1993-09-29
257,San Diego State,2015,52974,1995-02-07
257,San Diego State,2015,54990,1994-08-13
257,San Diego State,2015,57640,1994-07-11
257,San Diego State,2015,57641,1993-09-22
257,San Diego State,2015,57642,1993-07-15
257,San Diego State,2015,62526,1992-04-08
257,San Diego State,2015,62527,1992-01-30
257,San Diego State,2015,62528,1991-12-10
257,San Diego State,2015,62529,1995-02-07
257,San Diego State,2015,62530,
322,UNLV,2015,36341,
322,UNLV,2015,44358,
322,UNLV,2015,46012,1994-08-22
322,UNLV,2015,47407,1995-09-18
322,UNLV,2015,49441,1992-10-20
322,UNLV,2015,52638,1994-12-01
322,UNLV,2015,57574,
322,UNLV,2015,57576,1992-09-23
322,UNLV,2015,57578,1995-10-25
322,UNLV,2015,59228,1993-04-23
322,UNLV,2015,62671,1995-09-27
322,UNLV,2015,62672,1996-08-16
322,UNLV,2015,62673,1991-10-09
322,UNLV,2015,62674,
322,UNLV,2015,62675,1993-03-11
191,New Mexico,2015,47765,1995-02-19
191,New Mexico,2015,47831,1994-03-18
191,New Mexico,2015,48162,
191,New Mexico,2015,48163,
191,New Mexico,2015,51106,
191,New Mexico,2015,52871,1993-11-06
191,New Mexico,2015,52872,1992-11-01
191,New Mexico,2015,52873,
191,New Mexico,2015,52875,
191,New Mexico,2015,56637,1994-01-10
191,New Mexico,2015,56638,
191,New Mexico,2015,57249,1992-09-29
191,New Mexico,2015,60924,
191,New Mexico,2015,62638,1992-08-27
191,New Mexico,2015,62639,1992-03-06
57,Colorado State,2015,43653,
57,Colorado State,2015,48098,1994-11-23
57,Colorado State,2015,51254,1994-03-31
57,Colorado State,2015,53461,1993-11-26
57,Colorado State,2015,57706,1992-06-24
57,Colorado State,2015,57707,1994-03-30
57,Colorado State,2015,57708,
57,Colorado State,2015,57709,1993-10-02
57,Colorado State,2015,57710,1992-02-28
57,Colorado State,2015,63068,1992-03-18
57,Colorado State,2015,63069,1991-10-11
57,Colorado State,2015,63070,1991-10-30
57,Colorado State,2015,63071,1991-07-12
57,Colorado State,2015,63072,
57,Colorado State,2015,63073,1992-08-19
358,Wyoming,2015,46472,
358,Wyoming,2015,47504,1994-11-10
358,Wyoming,2015,47508,
358,Wyoming,2015,52948,
358,Wyoming,2015,52949,1994-05-08
358,Wyoming,2015,52950,
358,Wyoming,2015,57288,1993-11-16
358,Wyoming,2015,57289,1995-06-06
358,Wyoming,2015,63165,1991-08-23
358,Wyoming,2015,63166,1993-01-01
358,Wyoming,2015,63167,1992-11-30
358,Wyoming,2015,63168,1992-04-10
358,Wyoming,2015,63169,1991-08-19
358,Wyoming,2015,63170,1993-02-03
2,Air Force,2015,42664,1995-02-07
2,Air Force,2015,48358,
2,Air Force,2015,48359,
2,Air Force,2015,48360,
2,Air Force,2015,48363,
2,Air Force,2015,48364,
2,Air Force,2015,51511,
2,Air Force,2015,51512,
2,Air Force,2015,51513,
2,Air Force,2015,51514,
2,Air Force,2015,57092,
2,Air Force,2015,57093,
2,Air Force,2015,57094,
2,Air Force,2015,57096,
2,Air Force,2015,62084,
2,Air Force,2015,62085,
2,Air Force,2015,62086,
2,Air Force,2015,62087,
2,Air Force,2015,62088,
2,Air Force,2015,62089,
2,Air Force,2015,62090,
2,Air Force,2015,63741,
25,Boise State,2015,44349,
25,Boise State,2015,44351,
25,Boise State,2015,47643,1996-04-26
25,Boise State,2015,53133,
25,Boise State,2015,57361,1993-08-19
25,Boise State,2015,57362,1992-02-25
25,Boise State,2015,57363,
25,Boise State,2015,57364,
25,Boise State,2015,59030,
25,Boise State,2015,61245,
25,Boise State,2015,61246,
25,Boise State,2015,61247,
25,Boise State,2015,61248,
25,Boise State,2015,61249,
25,Boise State,2015,61250,
25,Boise State,2015,61251,
189,Nevada,2015,43771,
189,Nevada,2015,47627,
189,Nevada,2015,51227,
189,Nevada,2015,53268,1993-08-26
189,Nevada,2015,57295,
189,Nevada,2015,57296,
189,Nevada,2015,57297,
189,Nevada,2015,57299,
189,Nevada,2015,60436,
189,Nevada,2015,60656,
189,Nevada,2015,60657,
189,Nevada,2015,60658,
189,Nevada,2015,60659,1991-12-10
329,Utah State,2015,41508,
329,Utah State,2015,43381,
329,Utah State,2015,47169,
329,Utah State,2015,47443,
329,Utah State,2015,47660,
329,Utah State,2015,47893,
329,Utah State,2015,51962,1993-03-19
329,Utah State,2015,52828,1995-08-21
329,Utah State,2015,57448,
329,Utah State,2015,57449,
329,Utah State,2015,57450,
329,Utah State,2015,57451,
329,Utah State,2015,57452,
329,Utah State,2015,57453,
329,Utah State,2015,62434,
329,Utah State,2015,62435,
329,Utah State,2015,62436,1993-03-18
92,Fresno State,2015,36781,
92,Fresno State,2015,47015,
92,Fresno State,2015,52824,1994-12-30
92,Fresno State,2015,52826,1994-10-03
92,Fresno State,2015,56456,1992-09-28
92,Fresno State,2015,57635,1993-12-16
92,Fresno State,2015,57636,1992-07-14
92,Fresno State,2015,57638,1992-06-09
92,Fresno State,2015,62612,1995-06-01
92,Fresno State,2015,62613,1992-01-25
92,Fresno State,2015,62614,
92,Fresno State,2015,62615,
92,Fresno State,2015,62616,
260,San José State,2015,47600,1994-03-15
260,San José State,2015,47601,
260,San José State,2015,50635,1994-05-20
260,San José State,2015,51149,
260,San José State,2015,51926,1994-01-06
260,San José State,2015,53220,1994-09-24
260,San José State,2015,58109,1993-08-14
260,San José State,2015,58110,1993-09-10
260,San José State,2015,58111,1995-07-16
260,San José State,2015,58112,1993-12-29
260,San José State,2015,58113,1995-12-21
260,San José State,2015,61951,1992-09-18
260,San José State,2015,61952,1996-08-15
260,San José State,2015,61953,
260,San José State,2015,61954,1992-10-02
260,San José State,2015,61955,1992-10-11
260,San José State,2015,64810,
84,Fairleigh Dickinson,2015,41789,1995-09-03
84,Fairleigh Dickinson,2015,46342,
84,Fairleigh Dickinson,2015,46344,
84,Fairleigh Dickinson,2015,47252,1995-05-20
84,Fairleigh Dickinson,2015,47835,
84,Fairleigh Dickinson,2015,51564,1994-01-04
84,Fairleigh Dickinson,2015,51566,
84,Fairleigh Dickinson,2015,55958,
84,Fairleigh Dickinson,2015,61372,
84,Fairleigh Dickinson,2015,61373,1992-01-30
84,Fairleigh Dickinson,2015,61374,
84,Fairleigh Dickinson,2015,61375,1994-12-09
84,Fairleigh Dickinson,2015,61376,
84,Fairleigh Dickinson,2015,61377,1995-03-01
341,Wagner,2015,41845,
341,Wagner,2015,41993,
341,Wagner,2015,42618,
341,Wagner,2015,46921,
341,Wagner,2015,48007,
341,Wagner,2015,51234,1994-04-21
341,Wagner,2015,51236,1994-09-08
341,Wagner,2015,56207,1992-11-20
341,Wagner,2015,59768,
341,Wagner,2015,61687,1992-05-15
341,Wagner,2015,61688,1994-05-07
341,Wagner,2015,61689,1993-01-29
341,Wagner,2015,61690,1994-01-19
341,Wagner,2015,63516,
341,Wagner,2015,63517,
244,Robert Morris,2015,41918,1995-04-21
244,Robert Morris,2015,41962,
244,Robert Morris,2015,51591,1994-03-04
244,Robert Morris,2015,51593,1994-01-25
244,Robert Morris,2015,51597,
244,Robert Morris,2015,53025,1992-10-14
244,Robert Morris,2015,53334,
244,Robert Morris,2015,56179,
244,Robert Morris,2015,57889,1992-08-09
244,Robert Morris,2015,61573,1993-04-22
244,Robert Morris,2015,61574,1992-09-01
244,Robert Morris,2015,61575,
244,Robert Morris,2015,61576,
244,Robert Morris,2015,61577,
244,Robert Morris,2015,64624,
146,Long Island University,2015,47227,
146,Long Island University,2015,47263,
146,Long Island University,2015,51584,1993-12-01
146,Long Island University,2015,51585,
146,Long Island University,2015,51587,
146,Long Island University,2015,58306,
146,Long Island University,2015,58307,
146,Long Island University,2015,58309,
146,Long Island University,2015,58310,
146,Long Island University,2015,64346,
146,Long Island University,2015,64347,
146,Long Island University,2015,64348,1993-01-01
146,Long Island University,2015,64349,
146,Long Island University,2015,64350,
146,Long Island University,2015,64351,
364,St. Francis Brooklyn,2015,43530,
364,St. Francis Brooklyn,2015,43532,
364,St. Francis Brooklyn,2015,48000,
364,St. Francis Brooklyn,2015,53416,
364,St. Francis Brooklyn,2015,57773,
364,St. Francis Brooklyn,2015,57774,
364,St. Francis Brooklyn,2015,57775,
364,St. Francis Brooklyn,2015,57776,
364,St. Francis Brooklyn,2015,57777,
364,St. Francis Brooklyn,2015,62744,1993-05-05
364,St. Francis Brooklyn,2015,62745,1992-09-23
364,St. Francis Brooklyn,2015,62746,1993-02-21
364,St. Francis Brooklyn,2015,62747,1991-08-02
364,St. Francis Brooklyn,2015,62748,
278,St. Francis (PA),2015,39522,
278,St. Francis (PA),2015,47824,
278,St. Francis (PA),2015,47826,
278,St. Francis (PA),2015,53170,
278,St. Francis (PA),2015,53171,
278,St. Francis (PA),2015,56023,1993-08-18
278,St. Francis (PA),2015,56024,1994-07-09
278,St. Francis (PA),2015,56025,1991-11-29
278,St. Francis (PA),2015,62107,1992-01-29
278,St. Francis (PA),2015,62108,1993-07-19
278,St. Francis (PA),2015,62109,1992-12-04
278,St. Francis (PA),2015,62110,
278,St. Francis (PA),2015,62111,
278,St. Francis (PA),2015,62112,
278,St. Francis (PA),2015,62113,
278,St. Francis (PA),2015,62114,1992-11-13
183,Mount St. Mary's,2015,42197,
183,Mount St. Mary's,2015,47509,1996-02-15
183,Mount St. Mary's,2015,47513,
183,Mount St. Mary's,2015,47949,1994-02-18
183,Mount St. Mary's,2015,47950,1995-08-18
183,Mount St. Mary's,2015,51257,1995-02-06
183,Mount St. Mary's,2015,51258,1995-11-21
183,Mount St. Mary's,2015,55926,1993-10-07
183,Mount St. Mary's,2015,55927,1992-06-03
183,Mount St. Mary's,2015,55928,
183,Mount St. Mary's,2015,55929,
183,Mount St. Mary's,2015,55930,1993-08-12
183,Mount St. Mary's,2015,56797,1993-03-04
183,Mount St. Mary's,2015,60485,1995-10-28
183,Mount St. Mary's,2015,60991,1990-12-28
183,Mount St. Mary's,2015,60992,1992-06-15
183,Mount St. Mary's,2015,60993,1992-12-16
183,Mount St. Mary's,2015,65767,
44,Central Connecticut,2015,47078,
44,Central Connecticut,2015,47080,
44,Central Connecticut,2015,47109,1994-09-01
44,Central Connecticut,2015,51613,
44,Central Connecticut,2015,51616,
44,Central Connecticut,2015,56703,
44,Central Connecticut,2015,57032,
44,Central Connecticut,2015,57038,1994-02-07
44,Central Connecticut,2015,61150,
44,Central Connecticut,2015,61151,
44,Central Connecticut,2015,61152,
44,Central Connecticut,2015,61153,
44,Central Connecticut,2015,61154,
250,Sacred Heart,2015,43473,
250,Sacred Heart,2015,46324,
250,Sacred Heart,2015,46326,
250,Sacred Heart,2015,50843,
250,Sacred Heart,2015,51712,1993-06-15
250,Sacred Heart,2015,51713,1994-06-23
250,Sacred Heart,2015,51715,1994-03-16
250,Sacred Heart,2015,56189,
250,Sacred Heart,2015,56190,
250,Sacred Heart,2015,56191,1992-11-19
250,Sacred Heart,2015,61844,1992-02-02
250,Sacred Heart,2015,61845,1992-11-27
250,Sacred Heart,2015,61846,1991-11-27
250,Sacred Heart,2015,61847,
250,Sacred Heart,2015,61848,
31,Bryant,2015,46624,
31,Bryant,2015,46625,
31,Bryant,2015,46626,1994-11-04
31,Bryant,2015,53042,1995-03-15
31,Bryant,2015,53043,1995-08-03
31,Bryant,2015,53044,1995-03-30
31,Bryant,2015,58016,1993-05-06
31,Bryant,2015,58017,1993-07-10
31,Bryant,2015,58019,1994-02-07
31,Bryant,2015,58020,1994-12-01
31,Bryant,2015,58021,1992-04-09
31,Bryant,2015,61062,1992-07-08
31,Bryant,2015,61063,1991-11-14
31,Bryant,2015,61064,
31,Bryant,2015,61065,
184,Murray State,2015,51867,1994-01-16
184,Murray State,2015,52330,1994-03-12
184,Murray State,2015,53108,1995-05-25
184,Murray State,2015,56832,
184,Murray State,2015,56833,1993-10-18
184,Murray State,2015,56836,1993-08-14
184,Murray State,2015,56838,
184,Murray State,2015,58974,1993-01-21
184,Murray State,2015,58975,1993-06-22
184,Murray State,2015,58976,1990-09-22
184,Murray State,2015,58977,1994-08-08
184,Murray State,2015,58978,1992-09-27
181,Morehead State,2015,52085,
181,Morehead State,2015,52734,1994-07-21
181,Morehead State,2015,56752,
181,Morehead State,2015,56753,
181,Morehead State,2015,56754,1992-07-29
181,Morehead State,2015,56755,1992-08-07
181,Morehead State,2015,62660,1991-08-09
181,Morehead State,2015,62661,1992-06-03
181,Morehead State,2015,62662,1992-02-12
181,Morehead State,2015,62663,1992-06-02
181,Morehead State,2015,62664,
181,Morehead State,2015,62665,
181,Morehead State,2015,62666,1992-10-28
181,Morehead State,2015,62667,1992-07-29
181,Morehead State,2015,62668,
181,Morehead State,2015,62669,
181,Morehead State,2015,62670,1992-08-25
291,Tennessee Tech,2015,46486,1994-11-28
291,Tennessee Tech,2015,47367,1994-11-16
291,Tennessee Tech,2015,47368,
291,Tennessee Tech,2015,49898,
291,Tennessee Tech,2015,53960,1994-07-15
291,Tennessee Tech,2015,58050,
291,Tennessee Tech,2015,58051,1994-04-13
291,Tennessee Tech,2015,58052,
291,Tennessee Tech,2015,58054,1992-11-27
291,Tennessee Tech,2015,61257,1993-05-22
291,Tennessee Tech,2015,61258,1988-04-21
291,Tennessee Tech,2015,61259,
291,Tennessee Tech,2015,61260,1992-03-13
291,Tennessee Tech,2015,61261,1991-12-11
78,Eastern Kentucky,2015,41958,
78,Eastern Kentucky,2015,47161,
78,Eastern Kentucky,2015,51767,
78,Eastern Kentucky,2015,52338,
78,Eastern Kentucky,2015,52339,
78,Eastern Kentucky,2015,52343,
78,Eastern Kentucky,2015,56253,
78,Eastern Kentucky,2015,56256,
78,Eastern Kentucky,2015,56257,1993-07-20
78,Eastern Kentucky,2015,56258,
78,Eastern Kentucky,2015,61284,
78,Eastern Kentucky,2015,61285,
78,Eastern Kentucky,2015,61286,1992-08-05
78,Eastern Kentucky,2015,61287,
78,Eastern Kentucky,2015,61288,1991-10-26
78,Eastern Kentucky,2015,61289,
17,Austin Peay,2015,21811,1992-09-20
17,Austin Peay,2015,42767,
17,Austin Peay,2015,47579,
17,Austin Peay,2015,51670,
17,Austin Peay,2015,51671,
17,Austin Peay,2015,51676,
17,Austin Peay,2015,56964,1994-06-29
17,Austin Peay,2015,56965,
17,Austin Peay,2015,59011,1991-06-07
17,Austin Peay,2015,62956,1992-04-09
17,Austin Peay,2015,62957,1993-01-09
17,Austin Peay,2015,62958,1992-04-30
17,Austin Peay,2015,62959,1991-01-28
290,Tennessee State,2015,43727,
290,Tennessee State,2015,46025,
290,Tennessee State,2015,46363,
290,Tennessee State,2015,48569,1994-08-17
290,Tennessee State,2015,56677,
290,Tennessee State,2015,56680,1992-12-14
290,Tennessee State,2015,56682,
290,Tennessee State,2015,56683,
290,Tennessee State,2015,61818,
290,Tennessee State,2015,61819,
290,Tennessee State,2015,61820,1991-12-21
290,Tennessee State,2015,61821,1994-04-02
290,Tennessee State,2015,61822,
272,Southeast Missouri State,2015,50220,
272,Southeast Missouri State,2015,50225,
272,Southeast Missouri State,2015,50752,1994-01-06
272,Southeast Missouri State,2015,52594,
272,Southeast Missouri State,2015,52595,1995-02-22
272,Southeast Missouri State,2015,52596,1994-02-02
272,Southeast Missouri State,2015,56460,1992-10-06
272,Southeast Missouri State,2015,56469,1991-10-04
272,Southeast Missouri State,2015,56472,
272,Southeast Missouri State,2015,62364,1993-08-26
272,Southeast Missouri State,2015,62365,1993-01-15
272,Southeast Missouri State,2015,62366,
272,Southeast Missouri State,2015,62367,1991-11-27
272,Southeast Missouri State,2015,62368,
272,Southeast Missouri State,2015,62369,1990-12-01
272,Southeast Missouri State,2015,62370,1992-05-08
325,UT Martin,2015,39045,
325,UT Martin,2015,43051,
325,UT Martin,2015,50841,
325,UT Martin,2015,51963,1995-02-10
325,UT Martin,2015,51964,1993-07-16
325,UT Martin,2015,56501,1994-05-03
325,UT Martin,2015,57046,1992-09-25
325,UT Martin,2015,57047,1992-11-17
325,UT Martin,2015,57049,
325,UT Martin,2015,57050,1993-11-27
325,UT Martin,2015,62443,
325,UT Martin,2015,62444,1991-01-07
325,UT Martin,2015,62445,1991-09-17
325,UT Martin,2015,62446,
325,UT Martin,2015,62447,
325,UT Martin,2015,62448,1992-12-18
77,Eastern Illinois,2015,43020,
77,Eastern Illinois,2015,52557,
77,Eastern Illinois,2015,55989,
77,Eastern Illinois,2015,55992,
77,Eastern Illinois,2015,55993,
77,Eastern Illinois,2015,55994,
77,Eastern Illinois,2015,57054,1992-03-27
77,Eastern Illinois,2015,62198,
77,Eastern Illinois,2015,62199,
77,Eastern Illinois,2015,62200,1992-01-01
77,Eastern Illinois,2015,62201,
77,Eastern Illinois,2015,62202,1990-10-23
77,Eastern Illinois,2015,62203,
77,Eastern Illinois,2015,62204,
77,Eastern Illinois,2015,62205,
22,Belmont,2015,47686,
22,Belmont,2015,47687,1995-02-08
22,Belmont,2015,47688,1994-10-27
22,Belmont,2015,47689,
22,Belmont,2015,47690,1994-11-18
22,Belmont,2015,53858,1994-04-17
22,Belmont,2015,53859,
22,Belmont,2015,53860,1995-02-21
22,Belmont,2015,53861,1995-01-02
22,Belmont,2015,57443,1993-08-05
22,Belmont,2015,57444,1993-07-01
22,Belmont,2015,61290,1992-05-26
22,Belmont,2015,61291,1994-08-02
22,Belmont,2015,61292,1992-07-11
22,Belmont,2015,61293,1991-03-02
128,Jacksonville State,2015,34621,
128,Jacksonville State,2015,43027,
128,Jacksonville State,2015,47065,
128,Jacksonville State,2015,47278,1993-09-08
128,Jacksonville State,2015,52555,1994-06-23
128,Jacksonville State,2015,56135,
128,Jacksonville State,2015,56136,1992-10-15
128,Jacksonville State,2015,61351,1991-06-20
128,Jacksonville State,2015,61352,1993-07-24
128,Jacksonville State,2015,61353,1994-10-07
128,Jacksonville State,2015,61354,1992-08-08
128,Jacksonville State,2015,61355,
128,Jacksonville State,2015,61356,
128,Jacksonville State,2015,61357,
128,Jacksonville State,2015,61358,1995-02-05
128,Jacksonville State,2015,61359,1990-06-23
128,Jacksonville State,2015,61360,1993-12-21
128,Jacksonville State,2015,61361,
247,SIU Edwardsville,2015,46118,
247,SIU Edwardsville,2015,46119,
247,SIU Edwardsville,2015,57351,1992-05-09
247,SIU Edwardsville,2015,57388,
247,SIU Edwardsville,2015,57389,
247,SIU Edwardsville,2015,57390,
247,SIU Edwardsville,2015,57392,
247,SIU Edwardsville,2015,61831,
247,SIU Edwardsville,2015,61832,
247,SIU Edwardsville,2015,61833,
247,SIU Edwardsville,2015,61834,1992-07-27
247,SIU Edwardsville,2015,61835,
247,SIU Edwardsville,2015,65870,
247,SIU Edwardsville,2015,65871,
247,SIU Edwardsville,2015,65872,
247,SIU Edwardsville,2015,65873,
247,SIU Edwardsville,2015,65874,
247,SIU Edwardsville,2015,65875,1990-09-01
32,Bucknell,2015,42929,1995-05-05
32,Bucknell,2015,47347,1996-06-21
32,Bucknell,2015,47348,1995-10-21
32,Bucknell,2015,47349,
32,Bucknell,2015,51709,1994-10-06
32,Bucknell,2015,51710,1994-05-31
32,Bucknell,2015,51711,1994-12-16
32,Bucknell,2015,56496,1994-02-19
32,Bucknell,2015,56497,1993-03-13
32,Bucknell,2015,56498,1994-03-13
32,Bucknell,2015,56499,1994-02-04
32,Bucknell,2015,56608,1991-10-09
32,Bucknell,2015,61664,1992-11-12
32,Bucknell,2015,61665,1992-05-30
55,Colgate,2015,46614,1995-05-13
55,Colgate,2015,46615,
55,Colgate,2015,46617,
55,Colgate,2015,46618,
55,Colgate,2015,51244,
55,Colgate,2015,51245,
55,Colgate,2015,56567,
55,Colgate,2015,56568,
55,Colgate,2015,62848,
55,Colgate,2015,62849,1990-12-15
55,Colgate,2015,62850,
55,Colgate,2015,62851,
55,Colgate,2015,62852,
55,Colgate,2015,62853,
55,Colgate,2015,62854,
55,Colgate,2015,62855,
55,Colgate,2015,62856,
55,Colgate,2015,62857,
111,Holy Cross,2015,43086,
111,Holy Cross,2015,53486,
111,Holy Cross,2015,53487,
111,Holy Cross,2015,53488,
111,Holy Cross,2015,53489,
111,Holy Cross,2015,53739,
111,Holy Cross,2015,56297,
111,Holy Cross,2015,56298,
111,Holy Cross,2015,56299,
111,Holy Cross,2015,56300,
111,Holy Cross,2015,63192,
111,Holy Cross,2015,63193,1993-03-06
111,Holy Cross,2015,63194,
111,Holy Cross,2015,63195,
111,Holy Cross,2015,63196,
111,Holy Cross,2015,63197,
111,Holy Cross,2015,63672,
111,Holy Cross,2015,63673,
141,Lehigh,2015,44095,
141,Lehigh,2015,48060,
141,Lehigh,2015,51168,1995-04-28
141,Lehigh,2015,51169,
141,Lehigh,2015,51170,
141,Lehigh,2015,56403,
141,Lehigh,2015,56404,
141,Lehigh,2015,56405,
141,Lehigh,2015,56406,
141,Lehigh,2015,56407,
141,Lehigh,2015,61045,1992-08-24
141,Lehigh,2015,61046,
141,Lehigh,2015,61047,
141,Lehigh,2015,61048,1992-03-14
141,Lehigh,2015,61049,1993-05-23
141,Lehigh,2015,61050,1992-02-04
187,Navy,2015,42303,
187,Navy,2015,47534,
187,Navy,2015,47535,
187,Navy,2015,47536,
187,Navy,2015,47538,
187,Navy,2015,52687,
187,Navy,2015,52688,
187,Navy,2015,52689,
187,Navy,2015,52690,
187,Navy,2015,52694,
187,Navy,2015,57517,1993-02-21
187,Navy,2015,57518,1994-01-13
187,Navy,2015,57519,1994-08-11
187,Navy,2015,57520,
187,Navy,2015,62453,1993-04-19
187,Navy,2015,62454,1992-01-25
187,Navy,2015,62455,1992-03-13
187,Navy,2015,62456,
187,Navy,2015,62457,1992-09-10
138,Lafayette,2015,46494,
138,Lafayette,2015,46495,
138,Lafayette,2015,47199,1994-12-07
138,Lafayette,2015,47532,1995-02-28
138,Lafayette,2015,51162,1994-03-21
138,Lafayette,2015,56508,1993-06-24
138,Lafayette,2015,56509,1993-12-17
138,Lafayette,2015,56510,1993-03-31
138,Lafayette,2015,56511,1992-12-22
138,Lafayette,2015,56512,1994-08-06
138,Lafayette,2015,61568,1992-08-29
138,Lafayette,2015,61569,1993-03-24
138,Lafayette,2015,61570,1992-07-20
138,Lafayette,2015,61571,1993-05-01
138,Lafayette,2015,61572,1994-02-11
15,Army,2015,42402,
15,Army,2015,45948,
15,Army,2015,45949,
15,Army,2015,52991,
15,Army,2015,52992,
15,Army,2015,52993,
15,Army,2015,52994,
15,Army,2015,54762,
15,Army,2015,56149,
15,Army,2015,56150,
15,Army,2015,56151,
15,Army,2015,56152,
15,Army,2015,56153,
15,Army,2015,56154,
15,Army,2015,56155,
15,Army,2015,56156,
15,Army,2015,56157,
15,Army,2015,56158,
15,Army,2015,62091,
15,Army,2015,62092,
15,Army,2015,62093,
15,Army,2015,62094,
15,Army,2015,62095,
15,Army,2015,62096,
15,Army,2015,62097,
8,American University,2015,35585,1994-05-12
8,American University,2015,48623,
8,American University,2015,51303,1993-11-27
8,American University,2015,51304,
8,American University,2015,51305,1995-01-17
8,American University,2015,51306,1994-08-17
8,American University,2015,56986,1992-11-17
8,American University,2015,56987,1994-01-19
8,American University,2015,56988,1993-01-03
8,American University,2015,60409,1995-05-14
8,American University,2015,61774,1991-12-12
8,American University,2015,61775,1994-02-03
8,American University,2015,61776,1992-10-18
8,American University,2015,61777,1991-07-02
8,American University,2015,61778,1992-05-20
8,American University,2015,61779,1992-05-29
8,American University,2015,61780,
8,American University,2015,61781,1994-08-30
8,American University,2015,65795,
8,American University,2015,65796,
8,American University,2015,65797,1992-07-12
8,American University,2015,65798,1990-05-09
8,American University,2015,65799,1990-05-09
27,Boston University,2015,42642,
27,Boston University,2015,46806,
27,Boston University,2015,46807,1995-01-20
27,Boston University,2015,46808,
27,Boston University,2015,46809,
27,Boston University,2015,51657,1994-07-02
27,Boston University,2015,51659,1992-12-06
27,Boston University,2015,51660,1994-09-04
27,Boston University,2015,51661,
27,Boston University,2015,51663,1995-03-01
27,Boston University,2015,56336,1993-10-14
27,Boston University,2015,56337,1993-04-29
27,Boston University,2015,56338,1994-09-22
27,Boston University,2015,63103,1993-01-27
152,Loyola Maryland,2015,42928,
152,Loyola Maryland,2015,46112,
152,Loyola Maryland,2015,46113,
152,Loyola Maryland,2015,46115,
152,Loyola Maryland,2015,51650,1993-11-26
152,Loyola Maryland,2015,51651,
152,Loyola Maryland,2015,56296,
152,Loyola Maryland,2015,56685,1994-03-30
152,Loyola Maryland,2015,56686,1993-10-17
152,Loyola Maryland,2015,56687,1992-08-28
152,Loyola Maryland,2015,56688,1993-06-19
152,Loyola Maryland,2015,56689,1993-07-04
152,Loyola Maryland,2015,62393,1991-08-09
152,Loyola Maryland,2015,62394,1991-11-25
135,Kentucky,2015,47783,1994-09-14
135,Kentucky,2015,51979,1995-06-21
135,Kentucky,2015,51985,1994-06-27
135,Kentucky,2015,56603,1996-01-05
135,Kentucky,2015,56604,1993-09-06
135,Kentucky,2015,56605,1993-03-23
135,Kentucky,2015,62060,1995-11-15
135,Kentucky,2015,62061,1993-08-18
135,Kentucky,2015,62062,1994-10-28
135,Kentucky,2015,62063,1994-10-28
135,Kentucky,2015,62064,1995-11-05
135,Kentucky,2015,62065,1995-09-22
135,Kentucky,2015,62066,1996-10-30
135,Kentucky,2015,62067,1991-02-15
135,Kentucky,2015,62068,1992-04-02
135,Kentucky,2015,62069,1991-12-06
135,Kentucky,2015,65890,1991-05-08
135,Kentucky,2015,65891,1991-05-09
5,Alabama,2015,43060,
5,Alabama,2015,43593,
5,Alabama,2015,43717,
5,Alabama,2015,46563,
5,Alabama,2015,51557,1991-02-16
5,Alabama,2015,52732,1995-09-03
5,Alabama,2015,52733,1994-11-13
5,Alabama,2015,53609,1993-08-07
5,Alabama,2015,56459,1993-02-02
5,Alabama,2015,57250,1993-07-06
5,Alabama,2015,62280,1992-10-03
5,Alabama,2015,62281,1993-03-20
5,Alabama,2015,62282,
5,Alabama,2015,62283,1993-09-13
5,Alabama,2015,62284,
5,Alabama,2015,62285,1992-10-18
292,Tennessee,2015,42661,1995-01-30
292,Tennessee,2015,42766,1994-07-10
292,Tennessee,2015,43712,1995-03-23
292,Tennessee,2015,44075,1993-10-12
292,Tennessee,2015,51961,1995-08-19
292,Tennessee,2015,53307,1995-10-08
292,Tennessee,2015,56443,1993-11-03
292,Tennessee,2015,56444,1994-03-25
292,Tennessee,2015,56445,1993-06-25
292,Tennessee,2015,56446,1991-11-10
292,Tennessee,2015,61230,1993-09-15
292,Tennessee,2015,61231,1994-05-04
292,Tennessee,2015,61232,1992-01-11
292,Tennessee,2015,61233,1992-11-03
292,Tennessee,2015,61234,1993-08-05
87,Florida,2015,42667,
87,Florida,2015,48474,1995-11-21
87,Florida,2015,48475,1994-10-31
87,Florida,2015,52053,1995-03-07
87,Florida,2015,52054,1993-12-03
87,Florida,2015,52443,1994-04-08
87,Florida,2015,57513,1993-05-04
87,Florida,2015,57514,1993-08-26
87,Florida,2015,57516,
87,Florida,2015,57781,1991-05-06
87,Florida,2015,61197,1991-10-16
87,Florida,2015,61198,1994-03-08
87,Florida,2015,61199,1992-05-28
87,Florida,2015,61200,1993-11-24
87,Florida,2015,61201,1994-12-22
87,Florida,2015,61202,1992-02-10
87,Florida,2015,51664,1993-06-03
336,Vanderbilt,2015,41917,
336,Vanderbilt,2015,47584,1996-08-20
336,Vanderbilt,2015,47585,1996-03-31
336,Vanderbilt,2015,47586,1996-06-15
336,Vanderbilt,2015,51455,1995-07-15
336,Vanderbilt,2015,51456,1994-05-26
336,Vanderbilt,2015,51457,
336,Vanderbilt,2015,56968,1995-06-30
336,Vanderbilt,2015,56969,1996-03-29
336,Vanderbilt,2015,56970,1992-01-28
336,Vanderbilt,2015,56971,1993-10-26
336,Vanderbilt,2015,56972,1994-08-26
336,Vanderbilt,2015,63135,1992-06-12
336,Vanderbilt,2015,63841,1992-05-23
136,LSU,2015,43315,1995-11-15
136,LSU,2015,47310,1996-04-28
136,LSU,2015,52524,1996-09-27
136,LSU,2015,52806,1995-01-02
136,LSU,2015,53104,1993-11-14
136,LSU,2015,53106,1995-04-04
136,LSU,2015,56038,1994-10-27
136,LSU,2015,56039,1995-02-23
136,LSU,2015,56040,1993-09-09
136,LSU,2015,56041,1992-01-30
136,LSU,2015,62759,1994-07-09
136,LSU,2015,62760,1994-05-24
136,LSU,2015,62761,1990-08-01
136,LSU,2015,62762,1991-11-23
136,LSU,2015,42178,
16,Auburn,2015,61041,1991-01-04
16,Auburn,2015,42433,
16,Auburn,2015,43314,
16,Auburn,2015,44260,
16,Auburn,2015,47285,
16,Auburn,2015,47287,
16,Auburn,2015,47399,1994-03-07
16,Auburn,2015,57504,1993-05-01
16,Auburn,2015,57506,1993-04-14
16,Auburn,2015,57507,1993-11-05
16,Auburn,2015,57511,
16,Auburn,2015,57512,1995-05-26
16,Auburn,2015,62486,1992-05-24
16,Auburn,2015,62487,1992-07-05
16,Auburn,2015,62488,
16,Auburn,2015,62489,
16,Auburn,2015,62490,1994-03-09
16,Auburn,2015,52786,
174,Mississippi State,2015,44078,
174,Mississippi State,2015,44245,1996-06-03
174,Mississippi State,2015,46362,
174,Mississippi State,2015,47973,
174,Mississippi State,2015,50038,1996-06-03
174,Mississippi State,2015,52505,1995-06-16
174,Mississippi State,2015,57311,1993-10-19
174,Mississippi State,2015,57312,
174,Mississippi State,2015,57313,1993-06-13
174,Mississippi State,2015,57314,1994-01-16
174,Mississippi State,2015,57315,1992-08-25
174,Mississippi State,2015,57318,
174,Mississippi State,2015,61241,1992-10-10
174,Mississippi State,2015,61242,1992-12-26
174,Mississippi State,2015,61243,
174,Mississippi State,2015,61244,
98,Georgia,2015,46631,1996-08-14
98,Georgia,2015,46633,1994-09-07
98,Georgia,2015,51927,1995-06-25
98,Georgia,2015,51928,1995-09-19
98,Georgia,2015,51929,1994-01-19
98,Georgia,2015,51930,1994-07-12
98,Georgia,2015,54977,
98,Georgia,2015,56506,1994-08-12
98,Georgia,2015,56507,1994-01-28
98,Georgia,2015,57348,1993-06-26
98,Georgia,2015,58007,1993-02-26
98,Georgia,2015,61511,1992-02-23
98,Georgia,2015,61512,1992-08-12
98,Georgia,2015,61513,1992-09-17
220,Ole Miss,2015,47148,1994-01-16
220,Ole Miss,2015,47202,
220,Ole Miss,2015,47318,
220,Ole Miss,2015,51974,1994-07-15
220,Ole Miss,2015,53634,1992-12-17
220,Ole Miss,2015,56167,1993-10-06
220,Ole Miss,2015,56168,1993-08-19
220,Ole Miss,2015,56169,1993-09-29
220,Ole Miss,2015,57972,1993-11-19
220,Ole Miss,2015,61422,1993-03-16
220,Ole Miss,2015,61423,1992-11-15
220,Ole Miss,2015,61424,1992-06-04
220,Ole Miss,2015,61425,1991-08-21
220,Ole Miss,2015,61426,1993-07-26
12,Arkansas,2015,43031,1995-12-12
12,Arkansas,2015,47293,
12,Arkansas,2015,47296,
12,Arkansas,2015,51317,1994-06-12
12,Arkansas,2015,52513,1994-11-16
12,Arkansas,2015,52514,1993-09-02
12,Arkansas,2015,52515,1994-10-24
12,Arkansas,2015,56957,1992-07-29
12,Arkansas,2015,56958,
12,Arkansas,2015,56960,1993-12-20
12,Arkansas,2015,63177,1995-02-10
12,Arkansas,2015,63178,1990-11-23
12,Arkansas,2015,63179,1994-01-20
12,Arkansas,2015,63180,1992-05-23
266,South Carolina,2015,43100,
266,South Carolina,2015,47728,
266,South Carolina,2015,51463,1994-11-24
266,South Carolina,2015,51464,1994-09-07
266,South Carolina,2015,51467,
266,South Carolina,2015,51470,
266,South Carolina,2015,51824,
266,South Carolina,2015,57891,
266,South Carolina,2015,57892,
266,South Carolina,2015,57893,1993-01-07
266,South Carolina,2015,57895,
266,South Carolina,2015,61471,1992-07-28
266,South Carolina,2015,61472,
266,South Carolina,2015,61473,
293,Texas A&M,2015,42603,1994-09-02
293,Texas A&M,2015,43058,
293,Texas A&M,2015,43465,1995-05-20
293,Texas A&M,2015,43728,1996-06-20
293,Texas A&M,2015,48995,
293,Texas A&M,2015,52723,1994-02-26
293,Texas A&M,2015,52858,1993-09-11
293,Texas A&M,2015,55957,
293,Texas A&M,2015,57466,1994-02-28
293,Texas A&M,2015,57467,1993-06-07
293,Texas A&M,2015,57470,1994-01-21
293,Texas A&M,2015,57471,1993-08-27
293,Texas A&M,2015,57697,1993-06-14
293,Texas A&M,2015,61895,1990-09-28
293,Texas A&M,2015,61896,1993-05-05
293,Texas A&M,2015,61897,
293,Texas A&M,2015,61898,
293,Texas A&M,2015,57472,1993-05-27
177,Missouri,2015,42973,1995-06-27
177,Missouri,2015,43098,1996-05-06
177,Missouri,2015,44683,
177,Missouri,2015,46108,1995-05-22
177,Missouri,2015,47619,
177,Missouri,2015,47846,1994-12-12
177,Missouri,2015,57405,1993-11-12
177,Missouri,2015,57406,
177,Missouri,2015,57407,1995-01-13
177,Missouri,2015,57409,1994-10-07
177,Missouri,2015,57806,1992-09-19
177,Missouri,2015,62336,1992-10-28
177,Missouri,2015,62337,1992-09-04
274,Southern,2015,43050,
274,Southern,2015,47326,1995-05-17
274,Southern,2015,47330,
274,Southern,2015,47331,
274,Southern,2015,53089,
274,Southern,2015,53091,1994-10-01
274,Southern,2015,56951,1994-06-23
274,Southern,2015,56952,1992-03-03
274,Southern,2015,56955,
274,Southern,2015,62321,1992-06-26
274,Southern,2015,62322,
274,Southern,2015,62323,1991-07-11
274,Southern,2015,62324,1993-03-23
274,Southern,2015,62325,1992-09-11
274,Southern,2015,62326,1994-02-12
274,Southern,2015,62327,
274,Southern,2015,62328,1992-01-10
296,Texas Southern,2015,53333,1994-12-01
296,Texas Southern,2015,53335,
296,Texas Southern,2015,56630,
296,Texas Southern,2015,56631,1992-10-22
296,Texas Southern,2015,56632,1993-11-01
296,Texas Southern,2015,56634,
296,Texas Southern,2015,56635,
296,Texas Southern,2015,59146,1993-08-08
296,Texas Southern,2015,60351,1994-10-18
296,Texas Southern,2015,61114,
296,Texas Southern,2015,61115,1992-02-17
296,Texas Southern,2015,61116,
296,Texas Southern,2015,61117,
296,Texas Southern,2015,61118,
296,Texas Southern,2015,61119,1993-05-07
126,Jackson State,2015,46251,
126,Jackson State,2015,51368,
126,Jackson State,2015,51369,
126,Jackson State,2015,51372,
126,Jackson State,2015,54817,
126,Jackson State,2015,57615,1993-12-21
126,Jackson State,2015,57616,
126,Jackson State,2015,57618,
126,Jackson State,2015,57622,
126,Jackson State,2015,60427,
126,Jackson State,2015,60603,
126,Jackson State,2015,61489,1992-07-22
126,Jackson State,2015,61490,
126,Jackson State,2015,61491,
126,Jackson State,2015,61492,
126,Jackson State,2015,61493,
126,Jackson State,2015,61494,
126,Jackson State,2015,61495,
126,Jackson State,2015,64017,
126,Jackson State,2015,64018,
7,Alcorn State,2015,28630,
7,Alcorn State,2015,42985,
7,Alcorn State,2015,47304,
7,Alcorn State,2015,52533,
7,Alcorn State,2015,56676,
7,Alcorn State,2015,58895,
7,Alcorn State,2015,58896,
7,Alcorn State,2015,58898,
7,Alcorn State,2015,58899,
7,Alcorn State,2015,58900,
7,Alcorn State,2015,59529,
7,Alcorn State,2015,62553,
7,Alcorn State,2015,62554,
7,Alcorn State,2015,62555,
7,Alcorn State,2015,62556,
7,Alcorn State,2015,62557,
7,Alcorn State,2015,62558,
7,Alcorn State,2015,62559,
7,Alcorn State,2015,62560,
7,Alcorn State,2015,62561,
7,Alcorn State,2015,65772,
6,Alabama State,2015,46360,
6,Alabama State,2015,46361,1995-05-30
6,Alabama State,2015,53292,1993-09-25
6,Alabama State,2015,57913,
6,Alabama State,2015,57914,
6,Alabama State,2015,57915,1993-12-27
6,Alabama State,2015,57916,1994-06-30
6,Alabama State,2015,62217,1993-05-24
6,Alabama State,2015,62218,1993-02-12
6,Alabama State,2015,62219,1993-02-01
6,Alabama State,2015,62220,1994-01-20
6,Alabama State,2015,62221,1993-08-19
6,Alabama State,2015,62222,1989-09-21
6,Alabama State,2015,62223,
6,Alabama State,2015,62224,
6,Alabama State,2015,62225,
6,Alabama State,2015,62226,
6,Alabama State,2015,62227,1994-09-03
103,Grambling,2015,52311,
103,Grambling,2015,52394,
103,Grambling,2015,52395,
103,Grambling,2015,52397,
103,Grambling,2015,56898,
103,Grambling,2015,56902,
103,Grambling,2015,56903,
103,Grambling,2015,56905,
103,Grambling,2015,59533,
103,Grambling,2015,61406,
103,Grambling,2015,61407,1993-02-27
103,Grambling,2015,61408,
103,Grambling,2015,61409,
103,Grambling,2015,63549,
175,Mississippi Valley State,2015,39441,
175,Mississippi Valley State,2015,43355,
175,Mississippi Valley State,2015,52473,
175,Mississippi Valley State,2015,52476,
175,Mississippi Valley State,2015,52478,
175,Mississippi Valley State,2015,58006,
175,Mississippi Valley State,2015,61312,
175,Mississippi Valley State,2015,61313,
175,Mississippi Valley State,2015,61314,
175,Mississippi Valley State,2015,61315,
175,Mississippi Valley State,2015,61316,
175,Mississippi Valley State,2015,61317,
175,Mississippi Valley State,2015,61318,1992-01-08
175,Mississippi Valley State,2015,61319,
175,Mississippi Valley State,2015,61320,
175,Mississippi Valley State,2015,61321,
175,Mississippi Valley State,2015,61322,
175,Mississippi Valley State,2015,61323,
175,Mississippi Valley State,2015,65764,
175,Mississippi Valley State,2015,65771,
232,Prairie View A&M,2015,47650,
232,Prairie View A&M,2015,52643,
232,Prairie View A&M,2015,52644,
232,Prairie View A&M,2015,52645,
232,Prairie View A&M,2015,52647,
232,Prairie View A&M,2015,56525,
232,Prairie View A&M,2015,56526,
232,Prairie View A&M,2015,56527,
232,Prairie View A&M,2015,62150,1992-03-18
232,Prairie View A&M,2015,62151,
232,Prairie View A&M,2015,62152,1993-03-11
232,Prairie View A&M,2015,62153,
232,Prairie View A&M,2015,62154,
232,Prairie View A&M,2015,62155,
232,Prairie View A&M,2015,62156,
232,Prairie View A&M,2015,65166,
4,Alabama A&M,2015,46696,
4,Alabama A&M,2015,47873,
4,Alabama A&M,2015,47976,
4,Alabama A&M,2015,52517,
4,Alabama A&M,2015,52518,
4,Alabama A&M,2015,52521,1994-01-07
4,Alabama A&M,2015,52522,
4,Alabama A&M,2015,57430,1994-07-27
4,Alabama A&M,2015,57432,
4,Alabama A&M,2015,57433,
4,Alabama A&M,2015,57434,
4,Alabama A&M,2015,57435,
4,Alabama A&M,2015,57436,1993-10-01
4,Alabama A&M,2015,57438,1994-02-18
4,Alabama A&M,2015,57439,1994-04-07
4,Alabama A&M,2015,61395,
4,Alabama A&M,2015,61396,
4,Alabama A&M,2015,61397,
4,Alabama A&M,2015,61398,
14,Arkansas-Pine Bluff,2015,47746,
14,Arkansas-Pine Bluff,2015,52221,
14,Arkansas-Pine Bluff,2015,52222,
14,Arkansas-Pine Bluff,2015,55250,
14,Arkansas-Pine Bluff,2015,57643,
14,Arkansas-Pine Bluff,2015,57644,
14,Arkansas-Pine Bluff,2015,57645,
14,Arkansas-Pine Bluff,2015,57646,
14,Arkansas-Pine Bluff,2015,57647,
14,Arkansas-Pine Bluff,2015,57648,
14,Arkansas-Pine Bluff,2015,62709,
14,Arkansas-Pine Bluff,2015,62710,
14,Arkansas-Pine Bluff,2015,62711,
14,Arkansas-Pine Bluff,2015,62712,
14,Arkansas-Pine Bluff,2015,62713,
14,Arkansas-Pine Bluff,2015,63057,
14,Arkansas-Pine Bluff,2015,63058,
14,Arkansas-Pine Bluff,2015,63059,
14,Arkansas-Pine Bluff,2015,63060,
14,Arkansas-Pine Bluff,2015,63061,
14,Arkansas-Pine Bluff,2015,63062,
49,Chattanooga,2015,51954,1993-10-19
49,Chattanooga,2015,51955,1994-06-18
49,Chattanooga,2015,51956,1995-09-11
49,Chattanooga,2015,51958,1993-10-11
49,Chattanooga,2015,51960,
49,Chattanooga,2015,51966,
49,Chattanooga,2015,53879,
49,Chattanooga,2015,56500,1994-02-04
49,Chattanooga,2015,56503,
49,Chattanooga,2015,56505,1993-06-28
49,Chattanooga,2015,61175,1992-02-05
49,Chattanooga,2015,61176,
49,Chattanooga,2015,61177,1992-12-15
49,Chattanooga,2015,61178,
49,Chattanooga,2015,61179,1990-05-19
299,The Citadel,2015,42535,
299,The Citadel,2015,51758,
299,The Citadel,2015,51759,
299,The Citadel,2015,51760,
299,The Citadel,2015,57681,1993-07-24
299,The Citadel,2015,57685,
299,The Citadel,2015,61160,1993-02-10
299,The Citadel,2015,61161,1993-03-22
299,The Citadel,2015,61162,1993-07-30
299,The Citadel,2015,61163,1992-10-12
299,The Citadel,2015,61164,
348,Western Carolina,2015,46716,
348,Western Carolina,2015,46717,
348,Western Carolina,2015,46718,
348,Western Carolina,2015,46719,
348,Western Carolina,2015,46733,
348,Western Carolina,2015,56516,
348,Western Carolina,2015,56517,
348,Western Carolina,2015,56518,
348,Western Carolina,2015,56519,
348,Western Carolina,2015,56520,
348,Western Carolina,2015,61238,
348,Western Carolina,2015,61239,
348,Western Carolina,2015,61240,
356,Wofford,2015,37725,
356,Wofford,2015,41853,
356,Wofford,2015,46639,
356,Wofford,2015,46641,
356,Wofford,2015,53097,
356,Wofford,2015,53098,1994-04-14
356,Wofford,2015,53099,1994-10-05
356,Wofford,2015,53102,1995-05-20
356,Wofford,2015,57401,1993-07-15
356,Wofford,2015,57402,1993-12-20
356,Wofford,2015,57403,1993-11-19
356,Wofford,2015,57404,1993-08-07
356,Wofford,2015,62691,1992-08-27
356,Wofford,2015,62692,1992-09-07
356,Wofford,2015,62693,1993-03-19
356,Wofford,2015,62694,1995-08-06
320,UNC Greensboro,2015,42613,
320,UNC Greensboro,2015,46649,1995-07-25
320,UNC Greensboro,2015,46650,
320,UNC Greensboro,2015,46651,
320,UNC Greensboro,2015,47186,
320,UNC Greensboro,2015,51182,1994-07-01
320,UNC Greensboro,2015,51183,
320,UNC Greensboro,2015,51185,
320,UNC Greensboro,2015,57844,
320,UNC Greensboro,2015,57845,1992-09-05
320,UNC Greensboro,2015,57846,
320,UNC Greensboro,2015,61442,1992-02-26
320,UNC Greensboro,2015,61443,1993-01-23
320,UNC Greensboro,2015,61444,1991-08-13
320,UNC Greensboro,2015,61445,
320,UNC Greensboro,2015,61446,
93,Furman,2015,46573,
93,Furman,2015,46574,
93,Furman,2015,46575,
93,Furman,2015,46576,
93,Furman,2015,46579,
93,Furman,2015,51801,
93,Furman,2015,51802,
93,Furman,2015,56327,
93,Furman,2015,56328,
93,Furman,2015,56329,
93,Furman,2015,56330,1994-03-09
93,Furman,2015,56331,
93,Furman,2015,62231,
93,Furman,2015,62232,
256,Samford,2015,43863,
256,Samford,2015,47289,
256,Samford,2015,47290,
256,Samford,2015,47291,
256,Samford,2015,47916,1993-11-18
256,Samford,2015,48143,1996-04-11
256,Samford,2015,56393,
256,Samford,2015,56395,
256,Samford,2015,56397,
256,Samford,2015,56398,
256,Samford,2015,61427,1992-04-01
256,Samford,2015,61428,1992-06-28
256,Samford,2015,61429,1992-12-17
256,Samford,2015,61430,1994-10-02
256,Samford,2015,61431,1994-06-03
164,Mercer,2015,47265,
164,Mercer,2015,47266,
164,Mercer,2015,47267,
164,Mercer,2015,47268,1995-12-07
164,Mercer,2015,50342,1993-11-16
164,Mercer,2015,51107,
164,Mercer,2015,56650,
164,Mercer,2015,56651,1993-09-30
164,Mercer,2015,56652,1992-08-24
164,Mercer,2015,56653,1994-06-28
164,Mercer,2015,56654,
164,Mercer,2015,56655,1993-11-23
164,Mercer,2015,56656,
164,Mercer,2015,57575,1993-06-03
164,Mercer,2015,57764,1994-12-04
164,Mercer,2015,61455,1992-01-25
164,Mercer,2015,61456,1992-05-09
164,Mercer,2015,64205,
162,McNeese,2015,47257,1996-03-22
162,McNeese,2015,51203,1995-09-06
162,McNeese,2015,51204,
162,McNeese,2015,54866,
162,McNeese,2015,56030,1994-01-11
162,McNeese,2015,56031,1992-12-17
162,McNeese,2015,56032,1992-12-14
162,McNeese,2015,56033,
162,McNeese,2015,56034,1993-02-08
162,McNeese,2015,62458,1991-05-07
162,McNeese,2015,62459,1993-05-27
162,McNeese,2015,62460,
162,McNeese,2015,62461,1993-11-21
162,McNeese,2015,62462,1995-05-05
255,Sam Houston,2015,42597,
255,Sam Houston,2015,42600,
255,Sam Houston,2015,48106,
255,Sam Houston,2015,53114,1993-05-11
255,Sam Houston,2015,53115,1993-10-06
255,Sam Houston,2015,53116,1994-03-14
255,Sam Houston,2015,53118,1994-11-05
255,Sam Houston,2015,57999,1993-10-20
255,Sam Houston,2015,61127,
255,Sam Houston,2015,61128,1992-11-18
255,Sam Houston,2015,61129,1993-07-20
255,Sam Houston,2015,61130,1993-05-28
255,Sam Houston,2015,61131,
255,Sam Houston,2015,61132,1991-09-09
255,Sam Houston,2015,61133,1992-10-09
255,Sam Houston,2015,61134,1992-09-16
255,Sam Houston,2015,61135,
255,Sam Houston,2015,65889,
211,Northwestern State,2015,47338,
211,Northwestern State,2015,47341,1993-04-12
211,Northwestern State,2015,52717,1994-07-21
211,Northwestern State,2015,52718,1994-09-06
211,Northwestern State,2015,52719,1996-04-10
211,Northwestern State,2015,52720,1995-03-24
211,Northwestern State,2015,56159,1993-11-05
211,Northwestern State,2015,56161,
211,Northwestern State,2015,61888,1992-09-20
211,Northwestern State,2015,61889,
211,Northwestern State,2015,61890,
211,Northwestern State,2015,61891,1993-02-12
211,Northwestern State,2015,61892,
211,Northwestern State,2015,61893,1992-10-03
211,Northwestern State,2015,61894,
195,Nicholls,2015,41928,
195,Nicholls,2015,47191,
195,Nicholls,2015,51877,
195,Nicholls,2015,51878,
195,Nicholls,2015,51881,
195,Nicholls,2015,51883,1994-12-01
195,Nicholls,2015,58144,
195,Nicholls,2015,58146,
195,Nicholls,2015,58147,
195,Nicholls,2015,58151,
195,Nicholls,2015,58982,
195,Nicholls,2015,63413,
195,Nicholls,2015,63414,
195,Nicholls,2015,63415,1993-01-20
195,Nicholls,2015,63416,1994-05-26
195,Nicholls,2015,63417,
195,Nicholls,2015,63418,
195,Nicholls,2015,63419,1992-10-13
246,SE Louisiana,2015,39442,
246,SE Louisiana,2015,43686,
246,SE Louisiana,2015,47394,
246,SE Louisiana,2015,47398,
246,SE Louisiana,2015,52158,
246,SE Louisiana,2015,57473,1992-07-16
246,SE Louisiana,2015,57474,
246,SE Louisiana,2015,57475,1992-07-03
246,SE Louisiana,2015,57478,
246,SE Louisiana,2015,60812,
246,SE Louisiana,2015,62163,1992-07-24
246,SE Louisiana,2015,62164,
246,SE Louisiana,2015,62165,
246,SE Louisiana,2015,62166,1991-08-13
246,SE Louisiana,2015,62167,
246,SE Louisiana,2015,62168,
246,SE Louisiana,2015,62169,1991-06-19
246,SE Louisiana,2015,62170,
294,Texas A&M-Corpus Christi,2015,41890,1995-08-01
294,Texas A&M-Corpus Christi,2015,43701,1994-12-13
294,Texas A&M-Corpus Christi,2015,47380,
294,Texas A&M-Corpus Christi,2015,47384,
294,Texas A&M-Corpus Christi,2015,52143,1994-08-15
294,Texas A&M-Corpus Christi,2015,52144,1993-03-03
294,Texas A&M-Corpus Christi,2015,52145,1993-02-12
294,Texas A&M-Corpus Christi,2015,57158,1991-12-01
294,Texas A&M-Corpus Christi,2015,57159,1993-10-12
294,Texas A&M-Corpus Christi,2015,57160,1994-07-23
294,Texas A&M-Corpus Christi,2015,57161,1993-08-26
294,Texas A&M-Corpus Christi,2015,57162,1994-01-01
294,Texas A&M-Corpus Christi,2015,57163,1993-07-21
294,Texas A&M-Corpus Christi,2015,57164,
294,Texas A&M-Corpus Christi,2015,61863,1992-10-07
294,Texas A&M-Corpus Christi,2015,61864,
294,Texas A&M-Corpus Christi,2015,64016,
294,Texas A&M-Corpus Christi,2015,65845,
1,Abilene Christian,2015,47237,
1,Abilene Christian,2015,47386,
1,Abilene Christian,2015,47387,
1,Abilene Christian,2015,52198,1994-07-28
1,Abilene Christian,2015,56233,
1,Abilene Christian,2015,56234,1994-07-08
1,Abilene Christian,2015,56235,1993-06-25
1,Abilene Christian,2015,56236,
1,Abilene Christian,2015,61880,1993-11-04
1,Abilene Christian,2015,61881,1992-02-02
1,Abilene Christian,2015,61882,1990-02-13
1,Abilene Christian,2015,61883,
1,Abilene Christian,2015,61884,1993-01-11
1,Abilene Christian,2015,61885,1992-09-02
1,Abilene Christian,2015,61886,
1,Abilene Christian,2015,61887,1994-08-20
193,New Orleans,2015,46229,
193,New Orleans,2015,46316,
193,New Orleans,2015,46590,
193,New Orleans,2015,46591,1995-02-19
193,New Orleans,2015,46593,
193,New Orleans,2015,52180,
193,New Orleans,2015,52181,
193,New Orleans,2015,52187,1994-10-18
193,New Orleans,2015,52648,1994-08-19
193,New Orleans,2015,55924,1990-10-12
193,New Orleans,2015,57765,1992-11-12
193,New Orleans,2015,57766,1994-05-11
193,New Orleans,2015,63559,1992-01-16
193,New Orleans,2015,63560,
193,New Orleans,2015,63839,
193,New Orleans,2015,63840,
120,Incarnate Word,2015,42871,
120,Incarnate Word,2015,47210,
120,Incarnate Word,2015,47213,1995-08-19
120,Incarnate Word,2015,48198,
120,Incarnate Word,2015,52263,1993-11-03
120,Incarnate Word,2015,52492,1993-09-27
120,Incarnate Word,2015,52493,1993-12-06
120,Incarnate Word,2015,57500,1994-01-26
120,Incarnate Word,2015,57501,1994-01-19
120,Incarnate Word,2015,62301,
120,Incarnate Word,2015,62302,1994-06-07
120,Incarnate Word,2015,62303,1990-09-21
120,Incarnate Word,2015,62304,1995-05-22
120,Incarnate Word,2015,62305,1993-04-18
112,Houston Christian,2015,42615,1996-03-20
112,Houston Christian,2015,43713,
112,Houston Christian,2015,43714,1995-01-26
112,Houston Christian,2015,52027,1994-01-06
112,Houston Christian,2015,52029,1994-12-25
112,Houston Christian,2015,52030,1995-01-24
112,Houston Christian,2015,52031,1994-11-02
112,Houston Christian,2015,54996,
112,Houston Christian,2015,57336,1994-02-15
112,Houston Christian,2015,57337,
112,Houston Christian,2015,57338,1992-07-07
112,Houston Christian,2015,57339,
112,Houston Christian,2015,61899,1990-07-05
112,Houston Christian,2015,61900,1993-03-22
112,Houston Christian,2015,61901,1993-01-30
112,Houston Christian,2015,61902,
43,Central Arkansas,2015,43034,
43,Central Arkansas,2015,46218,
43,Central Arkansas,2015,46219,
43,Central Arkansas,2015,46220,1996-01-06
43,Central Arkansas,2015,46221,
43,Central Arkansas,2015,46222,
43,Central Arkansas,2015,52485,
43,Central Arkansas,2015,52487,
43,Central Arkansas,2015,57847,
43,Central Arkansas,2015,57848,
43,Central Arkansas,2015,57849,
43,Central Arkansas,2015,57850,
43,Central Arkansas,2015,59874,
43,Central Arkansas,2015,62407,
349,Western Illinois,2015,48117,
349,Western Illinois,2015,48118,
349,Western Illinois,2015,52620,
349,Western Illinois,2015,52621,
349,Western Illinois,2015,52622,
349,Western Illinois,2015,56014,
349,Western Illinois,2015,56015,
349,Western Illinois,2015,56016,
349,Western Illinois,2015,56018,
349,Western Illinois,2015,56019,
349,Western Illinois,2015,62102,
349,Western Illinois,2015,62103,
349,Western Illinois,2015,62104,1993-09-01
349,Western Illinois,2015,62105,
349,Western Illinois,2015,62106,
270,South Dakota State,2015,42943,1995-10-30
270,South Dakota State,2015,42945,1995-07-02
270,South Dakota State,2015,46126,1993-08-31
270,South Dakota State,2015,46534,1995-03-16
270,South Dakota State,2015,47557,
270,South Dakota State,2015,47558,
270,South Dakota State,2015,47560,1994-04-28
270,South Dakota State,2015,49616,1994-03-26
270,South Dakota State,2015,57458,1993-08-20
270,South Dakota State,2015,57459,
270,South Dakota State,2015,57460,
270,South Dakota State,2015,57461,
270,South Dakota State,2015,57462,1992-04-18
270,South Dakota State,2015,57463,
270,South Dakota State,2015,61768,1991-11-21
270,South Dakota State,2015,61769,1992-03-30
202,North Dakota State,2015,47982,1994-08-02
202,North Dakota State,2015,47983,
202,North Dakota State,2015,47984,
202,North Dakota State,2015,52451,1994-03-11
202,North Dakota State,2015,52452,1995-06-10
202,North Dakota State,2015,52453,
202,North Dakota State,2015,57215,1994-07-21
202,North Dakota State,2015,57216,
202,North Dakota State,2015,57217,
202,North Dakota State,2015,57218,1992-12-09
202,North Dakota State,2015,62269,1991-10-22
202,North Dakota State,2015,62270,
202,North Dakota State,2015,62271,1994-06-16
202,North Dakota State,2015,62272,1993-08-05
202,North Dakota State,2015,63398,
202,North Dakota State,2015,63399,
202,North Dakota State,2015,64795,
115,IU Indianapolis,2015,43163,1995-10-23
115,IU Indianapolis,2015,47884,
115,IU Indianapolis,2015,52331,1994-01-05
115,IU Indianapolis,2015,52332,
115,IU Indianapolis,2015,52335,
115,IU Indianapolis,2015,56237,1993-06-18
115,IU Indianapolis,2015,56238,1994-02-28
115,IU Indianapolis,2015,56239,1993-04-21
115,IU Indianapolis,2015,56240,
115,IU Indianapolis,2015,56241,
115,IU Indianapolis,2015,56242,
115,IU Indianapolis,2015,57682,1991-12-17
115,IU Indianapolis,2015,62125,1991-06-21
115,IU Indianapolis,2015,62126,
115,IU Indianapolis,2015,62127,
115,IU Indianapolis,2015,62128,1993-12-14
115,IU Indianapolis,2015,62129,
237,Purdue Fort Wayne,2015,41903,1996-03-22
237,Purdue Fort Wayne,2015,52507,1993-10-11
237,Purdue Fort Wayne,2015,52509,1994-12-21
237,Purdue Fort Wayne,2015,52512,1994-05-08
237,Purdue Fort Wayne,2015,57142,1993-02-28
237,Purdue Fort Wayne,2015,57143,
237,Purdue Fort Wayne,2015,57145,
237,Purdue Fort Wayne,2015,61589,1991-10-01
237,Purdue Fort Wayne,2015,61590,1992-11-18
237,Purdue Fort Wayne,2015,61591,1993-01-26
237,Purdue Fort Wayne,2015,61592,
237,Purdue Fort Wayne,2015,61593,
237,Purdue Fort Wayne,2015,61594,1993-08-30
237,Purdue Fort Wayne,2015,61595,1993-08-30
237,Purdue Fort Wayne,2015,61596,
269,South Dakota,2015,43674,
269,South Dakota,2015,48100,
269,South Dakota,2015,52787,
269,South Dakota,2015,56192,1993-08-14
269,South Dakota,2015,56193,
269,South Dakota,2015,56194,
269,South Dakota,2015,56195,
269,South Dakota,2015,56196,
269,South Dakota,2015,56197,
269,South Dakota,2015,56199,
269,South Dakota,2015,57967,
269,South Dakota,2015,62415,
269,South Dakota,2015,62416,1991-12-31
269,South Dakota,2015,62417,1992-09-07
269,South Dakota,2015,62418,1991-11-25
269,South Dakota,2015,62419,
221,Omaha,2015,41840,1995-12-05
221,Omaha,2015,47160,1995-05-24
221,Omaha,2015,47163,1994-11-04
221,Omaha,2015,53224,1994-05-16
221,Omaha,2015,53225,1992-11-22
221,Omaha,2015,56885,1992-10-03
221,Omaha,2015,56886,
221,Omaha,2015,56887,
221,Omaha,2015,56888,
221,Omaha,2015,56889,
221,Omaha,2015,63181,1991-12-20
221,Omaha,2015,63182,1993-02-19
221,Omaha,2015,63183,1995-04-12
68,Denver,2015,42599,
68,Denver,2015,48446,1995-09-13
68,Denver,2015,48447,
68,Denver,2015,48448,
68,Denver,2015,53368,1994-11-02
68,Denver,2015,53370,1995-01-10
68,Denver,2015,56657,1993-04-03
68,Denver,2015,56658,1994-02-07
68,Denver,2015,56659,1993-04-23
68,Denver,2015,63210,1993-12-02
68,Denver,2015,63211,1992-08-18
68,Denver,2015,63212,1993-10-26
68,Denver,2015,63213,1995-09-09
265,South Alabama,2015,44239,
265,South Alabama,2015,47468,1994-12-25
265,South Alabama,2015,47471,
265,South Alabama,2015,51612,
265,South Alabama,2015,52886,1995-01-08
265,South Alabama,2015,52887,1993-05-09
265,South Alabama,2015,52888,1993-01-08
265,South Alabama,2015,55357,
265,South Alabama,2015,57121,1992-11-29
265,South Alabama,2015,57122,
265,South Alabama,2015,62193,1992-04-29
265,South Alabama,2015,62194,
265,South Alabama,2015,62195,1994-08-01
265,South Alabama,2015,62196,
265,South Alabama,2015,62197,1992-02-03
148,Louisiana,2015,47311,
148,Louisiana,2015,47312,
148,Louisiana,2015,52481,
148,Louisiana,2015,54427,1994-12-06
148,Louisiana,2015,56922,1993-01-29
148,Louisiana,2015,56923,
148,Louisiana,2015,56926,
148,Louisiana,2015,56927,1994-04-08
148,Louisiana,2015,56928,1994-06-05
148,Louisiana,2015,61919,1992-09-20
148,Louisiana,2015,61920,1993-03-21
148,Louisiana,2015,61921,1992-05-14
148,Louisiana,2015,61922,1993-06-17
148,Louisiana,2015,61923,1994-12-03
148,Louisiana,2015,61924,1992-09-21
13,Arkansas State,2015,37696,
13,Arkansas State,2015,46382,
13,Arkansas State,2015,47154,
13,Arkansas State,2015,52035,
13,Arkansas State,2015,52449,1993-12-08
13,Arkansas State,2015,57380,
13,Arkansas State,2015,57381,
13,Arkansas State,2015,57382,
13,Arkansas State,2015,57383,
13,Arkansas State,2015,57384,1993-11-22
13,Arkansas State,2015,57385,
13,Arkansas State,2015,57386,1992-12-01
13,Arkansas State,2015,63409,1993-10-23
13,Arkansas State,2015,63410,
13,Arkansas State,2015,63411,
13,Arkansas State,2015,63412,
13,Arkansas State,2015,65625,
13,Arkansas State,2015,65626,
13,Arkansas State,2015,65627,
13,Arkansas State,2015,65628,
13,Arkansas State,2015,65629,
13,Arkansas State,2015,65630,
13,Arkansas State,2015,65631,
13,Arkansas State,2015,65632,
13,Arkansas State,2015,65633,
13,Arkansas State,2015,65634,
13,Arkansas State,2015,65635,
13,Arkansas State,2015,65636,
13,Arkansas State,2015,65637,
13,Arkansas State,2015,65638,
144,Little Rock,2015,47975,
144,Little Rock,2015,52499,1994-07-25
144,Little Rock,2015,53134,
144,Little Rock,2015,53162,1994-12-09
144,Little Rock,2015,53165,1993-03-12
144,Little Rock,2015,53168,1994-01-31
144,Little Rock,2015,57263,1993-07-26
144,Little Rock,2015,57833,1994-03-17
144,Little Rock,2015,57834,1993-09-05
144,Little Rock,2015,59956,
144,Little Rock,2015,59960,
144,Little Rock,2015,63141,1992-10-16
144,Little Rock,2015,63142,1991-05-16
144,Little Rock,2015,63143,1991-07-17
144,Little Rock,2015,63144,1992-08-08
144,Little Rock,2015,63145,
302,Troy,2015,44188,
302,Troy,2015,47570,
302,Troy,2015,47572,1992-06-30
302,Troy,2015,52444,
302,Troy,2015,52446,
302,Troy,2015,57237,
302,Troy,2015,57238,1995-06-11
302,Troy,2015,57239,1994-08-09
302,Troy,2015,61935,1992-07-23
302,Troy,2015,61936,
302,Troy,2015,61937,
302,Troy,2015,61938,
302,Troy,2015,61939,
302,Troy,2015,61940,
302,Troy,2015,57236,1993-01-10
316,UL Monroe,2015,37720,
316,UL Monroe,2015,47482,1994-07-28
316,UL Monroe,2015,51424,1994-06-28
316,UL Monroe,2015,51426,
316,UL Monroe,2015,56108,1993-03-01
316,UL Monroe,2015,56109,1993-02-18
316,UL Monroe,2015,56110,
316,UL Monroe,2015,56111,1993-02-19
316,UL Monroe,2015,56112,
316,UL Monroe,2015,63032,1991-07-15
316,UL Monroe,2015,63033,1993-08-28
316,UL Monroe,2015,63034,1991-06-17
316,UL Monroe,2015,63035,
316,UL Monroe,2015,65639,
316,UL Monroe,2015,65640,
316,UL Monroe,2015,65641,
316,UL Monroe,2015,65642,
316,UL Monroe,2015,65643,
316,UL Monroe,2015,65644,
316,UL Monroe,2015,65645,
316,UL Monroe,2015,65646,
316,UL Monroe,2015,65647,
316,UL Monroe,2015,65648,
316,UL Monroe,2015,65649,
316,UL Monroe,2015,65650,
316,UL Monroe,2015,65651,
316,UL Monroe,2015,65652,
316,UL Monroe,2015,65653,
316,UL Monroe,2015,65654,
297,Texas State,2015,46530,
297,Texas State,2015,48329,
297,Texas State,2015,52882,
297,Texas State,2015,52884,
297,Texas State,2015,53090,
297,Texas State,2015,55044,
297,Texas State,2015,58347,1994-04-03
297,Texas State,2015,58348,
297,Texas State,2015,58349,
297,Texas State,2015,58352,
297,Texas State,2015,62566,
297,Texas State,2015,62567,1991-10-23
297,Texas State,2015,62568,
297,Texas State,2015,62569,
99,Georgia Southern,2015,42648,
99,Georgia Southern,2015,44656,
99,Georgia Southern,2015,46868,
99,Georgia Southern,2015,46869,
99,Georgia Southern,2015,46870,
99,Georgia Southern,2015,46923,
99,Georgia Southern,2015,51914,
99,Georgia Southern,2015,56699,
99,Georgia Southern,2015,60431,1995-02-01
99,Georgia Southern,2015,62306,1992-07-16
99,Georgia Southern,2015,62307,1991-09-08
99,Georgia Southern,2015,62308,1992-04-30
99,Georgia Southern,2015,62309,1991-09-06
99,Georgia Southern,2015,62310,1995-01-18
99,Georgia Southern,2015,62311,1989-10-04
99,Georgia Southern,2015,62312,
99,Georgia Southern,2015,62313,1995-07-29
99,Georgia Southern,2015,62314,1992-09-08
9,App State,2015,43704,
9,App State,2015,44285,
9,App State,2015,47956,
9,App State,2015,57755,1993-09-09
9,App State,2015,57756,1994-02-13
9,App State,2015,57757,1993-08-31
9,App State,2015,57758,1992-11-22
9,App State,2015,57759,1992-10-20
9,App State,2015,57761,1994-06-02
9,App State,2015,57762,
9,App State,2015,57763,
9,App State,2015,62817,1991-06-15
9,App State,2015,62818,
9,App State,2015,62819,1993-09-19
9,App State,2015,62820,
9,App State,2015,62821,1991-07-25
324,UT Arlington,2015,48124,1996-07-09
324,UT Arlington,2015,48126,
324,UT Arlington,2015,48127,
324,UT Arlington,2015,48128,1994-09-09
324,UT Arlington,2015,48134,
324,UT Arlington,2015,53337,
324,UT Arlington,2015,53339,1993-03-10
324,UT Arlington,2015,54641,
324,UT Arlington,2015,54642,1989-10-03
324,UT Arlington,2015,56617,1992-02-22
324,UT Arlington,2015,62130,1992-03-13
324,UT Arlington,2015,62131,
324,UT Arlington,2015,62132,
324,UT Arlington,2015,62133,
324,UT Arlington,2015,62134,
324,UT Arlington,2015,62135,
192,New Mexico State,2015,43347,
192,New Mexico State,2015,47143,1995-02-23
192,New Mexico State,2015,47419,
192,New Mexico State,2015,52762,
192,New Mexico State,2015,52763,1993-02-09
192,New Mexico State,2015,52764,
192,New Mexico State,2015,57342,1994-04-02
192,New Mexico State,2015,57346,
192,New Mexico State,2015,57347,1995-03-11
192,New Mexico State,2015,61035,1991-08-27
192,New Mexico State,2015,61036,1989-06-10
192,New Mexico State,2015,61037,1992-06-12
192,New Mexico State,2015,61038,1991-07-26
192,New Mexico State,2015,61039,
192,New Mexico State,2015,61040,1994-06-06
332,Utah Valley,2015,47670,
332,Utah Valley,2015,47810,
332,Utah Valley,2015,57410,
332,Utah Valley,2015,57411,1994-03-05
332,Utah Valley,2015,57412,
332,Utah Valley,2015,57414,
332,Utah Valley,2015,57415,
332,Utah Valley,2015,57416,
332,Utah Valley,2015,62420,
332,Utah Valley,2015,62421,
332,Utah Valley,2015,62422,
332,Utah Valley,2015,62423,
332,Utah Valley,2015,62424,
332,Utah Valley,2015,62425,
332,Utah Valley,2015,62426,
332,Utah Valley,2015,63988,
332,Utah Valley,2015,63989,
332,Utah Valley,2015,63990,
332,Utah Valley,2015,63991,
332,Utah Valley,2015,63992,
332,Utah Valley,2015,63993,
332,Utah Valley,2015,63994,
332,Utah Valley,2015,63995,
332,Utah Valley,2015,63996,
332,Utah Valley,2015,63997,
332,Utah Valley,2015,63998,
326,UT Rio Grande Valley,2015,47195,
326,UT Rio Grande Valley,2015,47198,
326,UT Rio Grande Valley,2015,47201,
326,UT Rio Grande Valley,2015,47346,
326,UT Rio Grande Valley,2015,56458,1993-03-23
326,UT Rio Grande Valley,2015,56461,
326,UT Rio Grande Valley,2015,56462,
326,UT Rio Grande Valley,2015,56463,
326,UT Rio Grande Valley,2015,62048,1993-12-08
326,UT Rio Grande Valley,2015,62049,1990-10-26
326,UT Rio Grande Valley,2015,62050,
326,UT Rio Grande Valley,2015,62051,
326,UT Rio Grande Valley,2015,62052,1995-04-30
326,UT Rio Grande Valley,2015,62053,
326,UT Rio Grande Valley,2015,62054,
36,Cal State Bakersfield,2015,43462,
36,Cal State Bakersfield,2015,47648,1995-06-20
36,Cal State Bakersfield,2015,53381,
36,Cal State Bakersfield,2015,53382,1993-03-13
36,Cal State Bakersfield,2015,58102,
36,Cal State Bakersfield,2015,58103,1992-03-15
36,Cal State Bakersfield,2015,58126,
36,Cal State Bakersfield,2015,62589,1992-09-21
36,Cal State Bakersfield,2015,62590,1992-01-06
36,Cal State Bakersfield,2015,62591,
36,Cal State Bakersfield,2015,62592,1990-10-26
36,Cal State Bakersfield,2015,62593,
36,Cal State Bakersfield,2015,62594,1994-01-12
36,Cal State Bakersfield,2015,62595,1992-03-24
36,Cal State Bakersfield,2015,62596,1991-08-18
130,Kansas City,2015,43348,
130,Kansas City,2015,46246,
130,Kansas City,2015,51270,
130,Kansas City,2015,51274,1993-09-13
130,Kansas City,2015,54563,
130,Kansas City,2015,57372,
130,Kansas City,2015,57373,
130,Kansas City,2015,57374,
130,Kansas City,2015,62329,1992-05-16
130,Kansas City,2015,62330,
130,Kansas City,2015,62331,
130,Kansas City,2015,62332,
130,Kansas City,2015,62333,1993-12-20
130,Kansas City,2015,62334,
130,Kansas City,2015,62335,1996-03-04
50,Chicago State,2015,46070,1995-04-17
50,Chicago State,2015,45549,
50,Chicago State,2015,47549,
50,Chicago State,2015,52310,
50,Chicago State,2015,53201,1994-11-13
50,Chicago State,2015,53204,
50,Chicago State,2015,55030,
50,Chicago State,2015,57115,
50,Chicago State,2015,57116,
50,Chicago State,2015,57117,
50,Chicago State,2015,62576,
50,Chicago State,2015,62577,
50,Chicago State,2015,62578,
50,Chicago State,2015,62579,
50,Chicago State,2015,62580,
50,Chicago State,2015,62581,
50,Chicago State,2015,62582,
50,Chicago State,2015,62583,
259,San Francisco,2015,43360,
259,San Francisco,2015,43413,1995-12-20
259,San Francisco,2015,47740,
259,San Francisco,2015,47742,
259,San Francisco,2015,52892,1993-10-10
259,San Francisco,2015,55969,
259,San Francisco,2015,56974,
259,San Francisco,2015,56975,
259,San Francisco,2015,63233,
259,San Francisco,2015,63234,
259,San Francisco,2015,63235,
259,San Francisco,2015,63236,
259,San Francisco,2015,63237,
259,San Francisco,2015,63238,
259,San Francisco,2015,63239,
259,San Francisco,2015,63240,
259,San Francisco,2015,63241,
261,Santa Clara,2015,47705,
261,Santa Clara,2015,47706,
261,Santa Clara,2015,47710,
261,Santa Clara,2015,52907,
261,Santa Clara,2015,52908,1994-11-13
261,Santa Clara,2015,52909,
261,Santa Clara,2015,52912,
261,Santa Clara,2015,55138,
261,Santa Clara,2015,62505,
261,Santa Clara,2015,62506,
261,Santa Clara,2015,62507,
261,Santa Clara,2015,62508,
261,Santa Clara,2015,62509,
261,Santa Clara,2015,62510,
261,Santa Clara,2015,65876,
253,Saint Mary's,2015,42019,
253,Saint Mary's,2015,47828,1994-09-29
253,Saint Mary's,2015,47829,1995-10-25
253,Saint Mary's,2015,47830,1994-07-03
253,Saint Mary's,2015,51233,1994-08-02
253,Saint Mary's,2015,57657,1993-05-01
253,Saint Mary's,2015,57658,
253,Saint Mary's,2015,62475,1991-12-30
253,Saint Mary's,2015,62477,1991-01-17
253,Saint Mary's,2015,62478,1991-10-27
253,Saint Mary's,2015,62479,1993-06-16
253,Saint Mary's,2015,62480,1992-02-21
253,Saint Mary's,2015,62481,
253,Saint Mary's,2015,62476,
102,Gonzaga,2015,41810,1995-08-25
102,Gonzaga,2015,43992,
102,Gonzaga,2015,46109,
102,Gonzaga,2015,48197,
102,Gonzaga,2015,51197,1993-11-08
102,Gonzaga,2015,51201,
102,Gonzaga,2015,51202,
102,Gonzaga,2015,57241,1991-10-09
102,Gonzaga,2015,58792,1992-10-20
102,Gonzaga,2015,58793,1993-04-06
102,Gonzaga,2015,58794,
102,Gonzaga,2015,58795,1996-05-03
102,Gonzaga,2015,61057,
102,Gonzaga,2015,61058,1993-01-26
102,Gonzaga,2015,61059,1992-12-26
102,Gonzaga,2015,61060,
102,Gonzaga,2015,61061,
228,Pepperdine,2015,43423,
228,Pepperdine,2015,45641,
228,Pepperdine,2015,47076,
228,Pepperdine,2015,47400,
228,Pepperdine,2015,48667,
228,Pepperdine,2015,51104,
228,Pepperdine,2015,52028,
228,Pepperdine,2015,52927,
228,Pepperdine,2015,52928,1994-11-11
228,Pepperdine,2015,52929,
228,Pepperdine,2015,52930,
228,Pepperdine,2015,52931,
228,Pepperdine,2015,57628,
228,Pepperdine,2015,57629,1994-10-11
228,Pepperdine,2015,57631,
228,Pepperdine,2015,57633,
228,Pepperdine,2015,65793,
228,Pepperdine,2015,65794,
153,Loyola Marymount,2015,42756,1994-04-13
153,Loyola Marymount,2015,47212,
153,Loyola Marymount,2015,48123,
153,Loyola Marymount,2015,52744,1993-07-22
153,Loyola Marymount,2015,52813,1993-08-06
153,Loyola Marymount,2015,57597,
153,Loyola Marymount,2015,57598,
153,Loyola Marymount,2015,57599,
153,Loyola Marymount,2015,57600,
153,Loyola Marymount,2015,57603,
153,Loyola Marymount,2015,62371,1990-06-07
153,Loyola Marymount,2015,62372,1990-05-11
153,Loyola Marymount,2015,62373,1990-07-16
153,Loyola Marymount,2015,62374,
153,Loyola Marymount,2015,62375,
153,Loyola Marymount,2015,62376,
153,Loyola Marymount,2015,62377,
258,San Diego,2015,42598,
258,San Diego,2015,43007,
258,San Diego,2015,43735,
258,San Diego,2015,48443,
258,San Diego,2015,52967,
258,San Diego,2015,57061,1994-03-23
258,San Diego,2015,57062,1992-07-25
258,San Diego,2015,57064,1994-03-18
258,San Diego,2015,57065,
258,San Diego,2015,58106,
258,San Diego,2015,61252,1992-06-18
258,San Diego,2015,61253,1992-11-04
258,San Diego,2015,61254,1992-12-13
258,San Diego,2015,61255,1991-11-19
258,San Diego,2015,61256,
258,San Diego,2015,64675,
258,San Diego,2015,54331,1992-11-09
230,Portland,2015,48204,
230,Portland,2015,48206,
230,Portland,2015,52896,
230,Portland,2015,52897,1995-04-26
230,Portland,2015,57582,
230,Portland,2015,57583,
230,Portland,2015,57584,
230,Portland,2015,60357,
230,Portland,2015,62626,1994-03-25
230,Portland,2015,62627,
230,Portland,2015,62628,
230,Portland,2015,62629,1992-01-20
230,Portland,2015,62630,
230,Portland,2015,62631,
18,BYU,2015,36290,
18,BYU,2015,41837,1994-10-07
18,BYU,2015,42539,
18,BYU,2015,47313,1994-02-25
18,BYU,2015,47806,
18,BYU,2015,48180,
18,BYU,2015,53629,1995-01-05
18,BYU,2015,53630,1992-01-13
18,BYU,2015,53633,
18,BYU,2015,57418,1993-02-03
18,BYU,2015,57419,1991-10-03
18,BYU,2015,57421,1990-10-10
18,BYU,2015,61563,1991-04-11
18,BYU,2015,61564,1990-06-06
18,BYU,2015,61565,1992-01-07
18,BYU,2015,61566,1989-10-28
18,BYU,2015,61567,1991-02-27
18,BYU,2015,65577,
18,BYU,2015,36292,1996-03-06
262,Seattle U,2015,34937,
262,Seattle U,2015,47677,
262,Seattle U,2015,52961,
262,Seattle U,2015,52962,
262,Seattle U,2015,52964,
262,Seattle U,2015,52965,1994-10-08
262,Seattle U,2015,57649,
262,Seattle U,2015,57650,
262,Seattle U,2015,62570,1991-10-02
262,Seattle U,2015,62571,1992-03-25
262,Seattle U,2015,62572,
262,Seattle U,2015,62573,1992-03-07
262,Seattle U,2015,62574,1993-08-14
262,Seattle U,2015,62575,
282,Stephen F. Austin,2015,47947,
282,Stephen F. Austin,2015,50835,1994-09-12
282,Stephen F. Austin,2015,56042,1994-01-26
282,Stephen F. Austin,2015,56043,1992-12-30
282,Stephen F. Austin,2015,56044,1993-12-10
282,Stephen F. Austin,2015,56047,
282,Stephen F. Austin,2015,56048,
282,Stephen F. Austin,2015,59902,1994-03-04
282,Stephen F. Austin,2015,61873,1993-07-09
282,Stephen F. Austin,2015,61874,1993-03-01
282,Stephen F. Austin,2015,61875,
282,Stephen F. Austin,2015,61876,1992-05-01
282,Stephen F. Austin,2015,61877,
282,Stephen F. Austin,2015,61878,
282,Stephen F. Austin,2015,61879,1994-05-24
186,NJIT,2015,48010,
186,NJIT,2015,52067,
186,NJIT,2015,52068,1994-12-02
186,NJIT,2015,52069,1995-03-05
186,NJIT,2015,52070,1995-01-04
186,NJIT,2015,58022,1993-11-04
186,NJIT,2015,58023,1992-03-27
186,NJIT,2015,58024,
186,NJIT,2015,58025,1994-04-26
186,NJIT,2015,58026,1993-05-24
186,NJIT,2015,61474,1994-03-15
186,NJIT,2015,61475,
186,NJIT,2015,61476,1993-10-20
186,NJIT,2015,64572,
186,NJIT,2015,64573,
313,UCLA,2015,46134,
313,UCLA,2015,46135,1996-02-03
313,UCLA,2015,46139,
313,UCLA,2015,51222,1994-05-14
313,UCLA,2015,51223,1995-01-18
313,UCLA,2015,51224,
313,UCLA,2015,53013,1995-02-01
313,UCLA,2015,57662,1993-09-18
313,UCLA,2015,57665,1996-01-02
313,UCLA,2015,62703,1996-02-06
313,UCLA,2015,62704,1993-05-25
313,UCLA,2015,62705,1993-04-27
313,UCLA,2015,62706,1991-11-14
313,UCLA,2015,62707,1992-09-30
313,UCLA,2015,62708,1992-05-15
343,Washington,2015,44195,
343,Washington,2015,47018,
343,Washington,2015,47692,
343,Washington,2015,47693,
343,Washington,2015,51198,1994-09-16
343,Washington,2015,52859,
343,Washington,2015,55866,
343,Washington,2015,57440,
343,Washington,2015,57613,1993-05-25
343,Washington,2015,62515,
343,Washington,2015,62516,
343,Washington,2015,62517,1994-01-05
343,Washington,2015,62518,1992-06-24
343,Washington,2015,62519,1992-03-03
343,Washington,2015,65773,
223,Oregon,2015,44193,
223,Oregon,2015,47457,
223,Oregon,2015,47763,1996-08-11
223,Oregon,2015,53000,1995-01-07
223,Oregon,2015,53003,1996-01-22
223,Oregon,2015,53004,
223,Oregon,2015,57623,1993-01-14
223,Oregon,2015,57624,
223,Oregon,2015,57626,1992-04-10
223,Oregon,2015,62684,1992-06-27
223,Oregon,2015,62685,
223,Oregon,2015,62686,
223,Oregon,2015,62687,
223,Oregon,2015,62688,1992-12-29
223,Oregon,2015,62689,
223,Oregon,2015,62690,
223,Oregon,2015,65426,
223,Oregon,2015,65427,
223,Oregon,2015,65428,
223,Oregon,2015,65429,
223,Oregon,2015,65430,
223,Oregon,2015,65431,
223,Oregon,2015,65432,
223,Oregon,2015,65433,
223,Oregon,2015,65434,
223,Oregon,2015,65435,
223,Oregon,2015,65436,
223,Oregon,2015,65437,
223,Oregon,2015,65438,1994-09-08
223,Oregon,2015,65840,
40,California,2015,44258,
40,California,2015,47616,1995-02-22
40,California,2015,47784,
40,California,2015,47785,
40,California,2015,47786,1995-04-22
40,California,2015,47787,
40,California,2015,52937,1994-07-03
40,California,2015,52938,1995-05-09
40,California,2015,52941,1995-02-14
40,California,2015,52942,1997-02-04
40,California,2015,52943,
40,California,2015,54328,1996-10-24
40,California,2015,54329,
40,California,2015,54330,1994-06-10
40,California,2015,62562,1992-09-12
40,California,2015,62563,1992-12-14
40,California,2015,62564,
40,California,2015,62565,
40,California,2015,51199,1994-06-22
323,USC,2015,42996,
323,USC,2015,43099,
323,USC,2015,43456,1996-07-13
323,USC,2015,46067,1997-03-22
323,USC,2015,46068,1995-11-14
323,USC,2015,46069,1996-04-09
323,USC,2015,47106,
323,USC,2015,51460,1993-08-21
323,USC,2015,53012,1995-04-18
323,USC,2015,53237,
323,USC,2015,57066,1994-01-06
323,USC,2015,57067,
323,USC,2015,57068,1993-04-05
323,USC,2015,57589,1994-04-22
323,USC,2015,63083,1994-03-11
323,USC,2015,63084,
224,Oregon State,2015,34324,1995-03-08
224,Oregon State,2015,47683,1995-08-04
224,Oregon State,2015,47684,1993-12-10
224,Oregon State,2015,48075,1995-03-28
224,Oregon State,2015,54779,1994-05-17
224,Oregon State,2015,57938,1993-05-05
224,Oregon State,2015,57939,1992-12-01
224,Oregon State,2015,57940,1994-06-27
224,Oregon State,2015,57941,1993-09-16
224,Oregon State,2015,57942,1991-09-13
224,Oregon State,2015,57943,1993-09-06
224,Oregon State,2015,62548,1994-03-02
224,Oregon State,2015,62549,
224,Oregon State,2015,62550,
224,Oregon State,2015,62551,
224,Oregon State,2015,62552,
281,Stanford,2015,43384,
281,Stanford,2015,43436,1995-11-25
281,Stanford,2015,45982,1994-09-14
281,Stanford,2015,46610,
281,Stanford,2015,46611,1996-04-11
281,Stanford,2015,52986,1994-09-14
281,Stanford,2015,52987,
281,Stanford,2015,52988,1993-10-07
281,Stanford,2015,57427,1993-05-05
281,Stanford,2015,62695,1992-11-22
281,Stanford,2015,62696,1993-02-05
281,Stanford,2015,62697,1992-10-10
281,Stanford,2015,62698,1990-02-23
281,Stanford,2015,62699,1993-07-02
281,Stanford,2015,62700,1993-06-18
281,Stanford,2015,65766,
281,Stanford,2015,52055,1994-10-21
344,Washington State,2015,43370,
344,Washington State,2015,50830,
344,Washington State,2015,51873,
344,Washington State,2015,51875,1995-03-14
344,Washington State,2015,52971,1995-02-19
344,Washington State,2015,53302,
344,Washington State,2015,57256,
344,Washington State,2015,57257,
344,Washington State,2015,62531,1992-04-01
344,Washington State,2015,62532,
344,Washington State,2015,62533,1991-10-16
344,Washington State,2015,62534,
344,Washington State,2015,62535,
344,Washington State,2015,62536,
344,Washington State,2015,62537,
344,Washington State,2015,64796,
344,Washington State,2015,64797,
344,Washington State,2015,64798,
344,Washington State,2015,64799,2003-11-17
344,Washington State,2015,64800,2003-11-17
344,Washington State,2015,64801,2003-09-19
344,Washington State,2015,64802,2003-09-19
344,Washington State,2015,64803,2003-09-19
344,Washington State,2015,64804,2003-09-19
344,Washington State,2015,64805,
344,Washington State,2015,64806,2003-09-19
344,Washington State,2015,64807,
344,Washington State,2015,64808,2003-11-17
344,Washington State,2015,64809,2003-09-19
11,Arizona,2015,46017,1995-11-27
11,Arizona,2015,46019,
11,Arizona,2015,51945,1993-01-15
11,Arizona,2015,53105,
11,Arizona,2015,55970,1992-12-04
11,Arizona,2015,55971,1993-02-26
11,Arizona,2015,55972,1993-08-02
11,Arizona,2015,55973,1995-06-19
11,Arizona,2015,55974,1994-12-29
11,Arizona,2015,55975,1993-08-01
11,Arizona,2015,60994,1996-05-29
11,Arizona,2015,60995,1994-07-15
11,Arizona,2015,60996,1992-03-25
11,Arizona,2015,60997,1995-01-03
11,Arizona,2015,60998,1991-10-12
11,Arizona,2015,60999,1993-04-10
10,Arizona State,2015,43287,
10,Arizona State,2015,47671,
10,Arizona State,2015,47672,1995-09-27
10,Arizona State,2015,47674,
10,Arizona State,2015,47769,1995-11-21
10,Arizona State,2015,56735,
10,Arizona State,2015,56736,1994-06-02
10,Arizona State,2015,56737,
10,Arizona State,2015,56738,1993-09-27
10,Arizona State,2015,57677,1993-01-16
10,Arizona State,2015,60635,
10,Arizona State,2015,62584,1990-08-17
10,Arizona State,2015,62585,1991-06-29
10,Arizona State,2015,62586,
10,Arizona State,2015,62587,
10,Arizona State,2015,62588,1990-08-22
56,Colorado,2015,43276,1995-03-20
56,Colorado,2015,47017,1994-11-14
56,Colorado,2015,47222,
56,Colorado,2015,47223,1994-01-15
56,Colorado,2015,47225,1995-02-17
56,Colorado,2015,47299,1995-07-26
56,Colorado,2015,48087,1994-10-05
56,Colorado,2015,52658,1994-07-14
56,Colorado,2015,52659,1993-06-08
56,Colorado,2015,52661,1994-09-01
56,Colorado,2015,56171,1993-07-13
56,Colorado,2015,56173,1994-08-03
56,Colorado,2015,56174,1994-08-15
56,Colorado,2015,56175,1992-12-22
56,Colorado,2015,61943,1990-03-20
56,Colorado,2015,61944,1993-08-31
56,Colorado,2015,61945,1990-08-11
331,Utah,2015,36245,
331,Utah,2015,43386,
331,Utah,2015,43393,1996-03-11
331,Utah,2015,43963,
331,Utah,2015,47804,1994-11-16
331,Utah,2015,52926,1994-02-04
331,Utah,2015,53273,1995-07-24
331,Utah,2015,56008,1995-10-15
331,Utah,2015,56009,1993-11-26
331,Utah,2015,56010,1994-01-08
331,Utah,2015,56011,1994-05-13
331,Utah,2015,56013,1993-06-30
331,Utah,2015,61110,1992-04-26
331,Utah,2015,61111,1991-06-21
331,Utah,2015,61112,1990-09-21
331,Utah,2015,61113,
104,Grand Canyon,2015,37372,
104,Grand Canyon,2015,42830,
104,Grand Canyon,2015,42938,
104,Grand Canyon,2015,42939,
104,Grand Canyon,2015,47458,
104,Grand Canyon,2015,50817,
104,Grand Canyon,2015,53238,
104,Grand Canyon,2015,53240,1994-02-10
104,Grand Canyon,2015,54103,
104,Grand Canyon,2015,54335,
104,Grand Canyon,2015,57356,
104,Grand Canyon,2015,57357,
104,Grand Canyon,2015,57359,
104,Grand Canyon,2015,62055,1991-07-18
104,Grand Canyon,2015,62056,
104,Grand Canyon,2015,62057,
104,Grand Canyon,2015,62058,
104,Grand Canyon,2015,62059,
176,Missouri State,2015,42111,
176,Missouri State,2015,47180,1994-03-15
176,Missouri State,2015,51228,1994-06-03
176,Missouri State,2015,52528,
176,Missouri State,2015,52530,
176,Missouri State,2015,52531,1994-12-15
176,Missouri State,2015,56210,1991-11-03
176,Missouri State,2015,57020,
176,Missouri State,2015,57021,1993-04-27
176,Missouri State,2015,57022,
176,Missouri State,2015,62206,1992-09-07
176,Missouri State,2015,62207,1994-07-06
176,Missouri State,2015,62208,
176,Missouri State,2015,65819,
161,Massachusetts,2015,46103,
161,Massachusetts,2015,46450,
161,Massachusetts,2015,47226,1994-12-22
161,Massachusetts,2015,47682,1994-10-18
161,Massachusetts,2015,51431,
161,Massachusetts,2015,55911,1993-10-22
161,Massachusetts,2015,55912,1992-03-11
161,Massachusetts,2015,55913,1993-05-26
161,Massachusetts,2015,56399,1995-02-22
161,Massachusetts,2015,56457,1991-12-12
161,Massachusetts,2015,61631,1991-02-28
161,Massachusetts,2015,61632,1992-04-22
161,Massachusetts,2015,61633,
139,Lamar,2015,40995,
139,Lamar,2015,46231,
139,Lamar,2015,52196,1995-08-18
139,Lamar,2015,56784,
139,Lamar,2015,56785,
139,Lamar,2015,56787,
139,Lamar,2015,56788,1987-08-28
139,Lamar,2015,56790,
139,Lamar,2015,61081,1991-01-25
139,Lamar,2015,61082,1993-03-18
139,Lamar,2015,61083,1992-03-07
139,Lamar,2015,61084,1992-10-13
139,Lamar,2015,61085,
139,Lamar,2015,61086,1993-07-05
139,Lamar,2015,61087,1993-09-27
222,Oral Roberts,2015,47179,
222,Oral Roberts,2015,47396,
222,Oral Roberts,2015,47469,
222,Oral Roberts,2015,48070,
222,Oral Roberts,2015,48478,1996-01-11
222,Oral Roberts,2015,51835,1994-06-30
222,Oral Roberts,2015,51837,1993-11-04
222,Oral Roberts,2015,51839,
222,Oral Roberts,2015,56533,
222,Oral Roberts,2015,57024,
222,Oral Roberts,2015,57025,
222,Oral Roberts,2015,57027,
222,Oral Roberts,2015,63040,
222,Oral Roberts,2015,63041,
222,Oral Roberts,2015,63042,1992-10-14
334,VMI,2015,43196,
334,VMI,2015,46727,
334,VMI,2015,47958,
334,VMI,2015,51775,
334,VMI,2015,51777,
334,VMI,2015,51778,1994-10-12
334,VMI,2015,57715,
334,VMI,2015,57716,
334,VMI,2015,57717,
334,VMI,2015,61165,
334,VMI,2015,61166,
334,VMI,2015,61167,
334,VMI,2015,64414,
334,VMI,2015,64415,
334,VMI,2015,64416,
334,VMI,2015,65769,
75,East Tennessee State,2015,46552,1992-12-16
75,East Tennessee State,2015,46555,
75,East Tennessee State,2015,46559,
75,East Tennessee State,2015,47002,1995-09-06
75,East Tennessee State,2015,51773,1995-08-26
75,East Tennessee State,2015,51774,1994-11-24
75,East Tennessee State,2015,57802,1993-02-15
75,East Tennessee State,2015,57805,1992-12-17
75,East Tennessee State,2015,62246,1990-09-14
75,East Tennessee State,2015,62247,1993-03-06
75,East Tennessee State,2015,62248,1993-02-02
75,East Tennessee State,2015,62249,1992-10-16
75,East Tennessee State,2015,62250,
75,East Tennessee State,2015,62251,
117,Idaho,2015,43378,
117,Idaho,2015,47622,
117,Idaho,2015,47623,
117,Idaho,2015,47624,1995-04-08
117,Idaho,2015,47625,
117,Idaho,2015,47626,1994-08-02
117,Idaho,2015,49621,
117,Idaho,2015,53385,
117,Idaho,2015,53387,
117,Idaho,2015,58105,
117,Idaho,2015,58107,1992-08-04
117,Idaho,2015,58108,1993-08-24
117,Idaho,2015,62656,1990-06-14
117,Idaho,2015,62657,1993-08-10
117,Idaho,2015,62658,1993-03-26
117,Idaho,2015,62659,1989-08-26
117,Idaho,2015,64527,
100,Georgia State,2015,42247,
100,Georgia State,2015,46431,
100,Georgia State,2015,46434,1995-06-23
100,Georgia State,2015,51863,1994-02-25
100,Georgia State,2015,51865,
100,Georgia State,2015,51866,1995-02-18
100,Georgia State,2015,56374,1992-10-28
100,Georgia State,2015,56375,1993-01-03
100,Georgia State,2015,56376,
100,Georgia State,2015,56377,1993-08-25
100,Georgia State,2015,61344,1991-12-05
100,Georgia State,2015,61345,1993-10-24
100,Georgia State,2015,61346,1991-04-22
100,Georgia State,2015,61347,
100,Georgia State,2015,61348,
100,Georgia State,2015,61349,1994-04-28
100,Georgia State,2015,61350,1993-02-24
225,Pacific,2015,47016,
225,Pacific,2015,47698,1994-08-05
225,Pacific,2015,51210,
225,Pacific,2015,51211,
225,Pacific,2015,51212,
225,Pacific,2015,51214,
225,Pacific,2015,51215,
225,Pacific,2015,51218,
225,Pacific,2015,53331,
225,Pacific,2015,55966,
225,Pacific,2015,55968,
225,Pacific,2015,62098,
225,Pacific,2015,62099,
225,Pacific,2015,62100,
225,Pacific,2015,62101,
301,Towson,2015,42334,
301,Towson,2015,42528,
301,Towson,2015,46409,
301,Towson,2015,46411,
301,Towson,2015,53241,1993-06-24
301,Towson,2015,53242,1994-10-10
301,Towson,2015,55822,1994-02-09
301,Towson,2015,55823,1994-05-30
301,Towson,2015,56993,1992-12-04
301,Towson,2015,57787,1993-05-18
301,Towson,2015,59318,
301,Towson,2015,62277,1992-06-20
301,Towson,2015,62278,1991-11-25
301,Towson,2015,62279,1995-10-11
301,Towson,2015,47029,1993-08-16
208,Northern Illinois,2015,42418,
208,Northern Illinois,2015,47818,
208,Northern Illinois,2015,51299,1993-10-22
208,Northern Illinois,2015,52351,
208,Northern Illinois,2015,52936,1994-08-08
208,Northern Illinois,2015,56894,
208,Northern Illinois,2015,56895,1994-01-14
208,Northern Illinois,2015,56896,
208,Northern Illinois,2015,56897,
208,Northern Illinois,2015,62935,1991-11-04
208,Northern Illinois,2015,62936,
208,Northern Illinois,2015,62937,1993-01-06
208,Northern Illinois,2015,62938,1991-09-15
208,Northern Illinois,2015,62939,1993-01-06
208,Northern Illinois,2015,62940,1991-11-07
73,Duquesne,2015,41325,
73,Duquesne,2015,48002,
73,Duquesne,2015,48003,1995-04-12
73,Duquesne,2015,48004,1994-01-07
73,Duquesne,2015,48190,1993-10-12
73,Duquesne,2015,51309,1994-12-24
73,Duquesne,2015,51652,1994-10-12
73,Duquesne,2015,51656,
73,Duquesne,2015,56561,1993-12-16
73,Duquesne,2015,56562,1993-07-30
73,Duquesne,2015,56563,1994-03-22
73,Duquesne,2015,56564,
73,Duquesne,2015,56565,1994-04-07
73,Duquesne,2015,56566,1995-01-19
73,Duquesne,2015,62776,1993-01-21
73,Duquesne,2015,62777,1992-05-11
73,Duquesne,2015,62778,1994-05-12
311,UC Santa Barbara,2015,43364,
311,UC Santa Barbara,2015,47989,1996-06-14
311,UC Santa Barbara,2015,47990,1995-12-22
311,UC Santa Barbara,2015,47992,
311,UC Santa Barbara,2015,47994,
311,UC Santa Barbara,2015,47996,
311,UC Santa Barbara,2015,47997,1994-12-21
311,UC Santa Barbara,2015,56876,1993-11-11
311,UC Santa Barbara,2015,56877,
311,UC Santa Barbara,2015,56878,1992-08-22
311,UC Santa Barbara,2015,56879,
311,UC Santa Barbara,2015,56880,1993-07-19
311,UC Santa Barbara,2015,56881,1993-11-27
311,UC Santa Barbara,2015,56883,
311,UC Santa Barbara,2015,56884,1994-09-30
311,UC Santa Barbara,2015,61009,1993-01-28
311,UC Santa Barbara,2015,61010,1991-12-08
311,UC Santa Barbara,2015,61011,
311,UC Santa Barbara,2015,61012,1994-05-19
311,UC Santa Barbara,2015,61013,1994-03-29
48,Charlotte,2015,42496,1995-11-12
48,Charlotte,2015,43470,
48,Charlotte,2015,46299,1994-07-27
48,Charlotte,2015,52288,1993-11-23
48,Charlotte,2015,52290,
48,Charlotte,2015,52602,1993-05-17
48,Charlotte,2015,57228,1992-11-17
48,Charlotte,2015,57231,
48,Charlotte,2015,57232,
48,Charlotte,2015,57233,
48,Charlotte,2015,57234,
48,Charlotte,2015,57235,
48,Charlotte,2015,63189,
48,Charlotte,2015,63190,1993-01-20
48,Charlotte,2015,63191,1992-10-18
41,Campbell,2015,43998,
41,Campbell,2015,46278,
41,Campbell,2015,47366,
41,Campbell,2015,51970,
41,Campbell,2015,52424,1995-04-22
41,Campbell,2015,52425,1994-01-09
41,Campbell,2015,52428,1995-01-14
41,Campbell,2015,57138,1994-02-11
41,Campbell,2015,57139,1992-10-06
41,Campbell,2015,57140,1992-12-15
41,Campbell,2015,59844,1993-12-08
41,Campbell,2015,61743,1991-10-18
41,Campbell,2015,61744,1994-02-18
41,Campbell,2015,61745,1994-03-07
41,Campbell,2015,61746,
41,Campbell,2015,61747,1990-12-09
85,Florida A&M,2015,27971,
85,Florida A&M,2015,43213,
85,Florida A&M,2015,47453,
85,Florida A&M,2015,51172,
85,Florida A&M,2015,56224,
85,Florida A&M,2015,56225,
85,Florida A&M,2015,56227,
85,Florida A&M,2015,56231,
85,Florida A&M,2015,57832,
85,Florida A&M,2015,61519,
85,Florida A&M,2015,61520,
85,Florida A&M,2015,61521,1992-06-07
85,Florida A&M,2015,65045,
85,Florida A&M,2015,65046,
29,Bradley,2015,43604,1996-08-11
29,Bradley,2015,46539,1994-12-26
29,Bradley,2015,47891,
29,Bradley,2015,53051,
29,Bradley,2015,56322,1991-05-29
29,Bradley,2015,56419,
29,Bradley,2015,57073,1993-06-04
29,Bradley,2015,57076,
29,Bradley,2015,57077,1992-12-13
29,Bradley,2015,59509,
29,Bradley,2015,62136,
29,Bradley,2015,62137,
29,Bradley,2015,62138,
29,Bradley,2015,62139,
70,Drake,2015,47936,
70,Drake,2015,47937,
70,Drake,2015,47938,
70,Drake,2015,47939,
70,Drake,2015,47940,
70,Drake,2015,47941,
70,Drake,2015,51654,1993-05-30
70,Drake,2015,52790,
70,Drake,2015,52793,
70,Drake,2015,56850,1991-09-09
70,Drake,2015,62865,
70,Drake,2015,62866,1993-03-10
70,Drake,2015,62867,
70,Drake,2015,62868,
70,Drake,2015,62869,
70,Drake,2015,62870,1991-11-14
70,Drake,2015,64574,
1074,Regis (CO),2015,48122,
1074,Regis (CO),2015,50235,
1074,Regis (CO),2015,60394,
1074,Regis (CO),2015,60397,
1074,Regis (CO),2015,60400,
1074,Regis (CO),2015,60401,
1074,Regis (CO),2015,60402,
1074,Regis (CO),2015,64657,
1074,Regis (CO),2015,64658,
1074,Regis (CO),2015,64659,
1074,Regis (CO),2015,64660,
1074,Regis (CO),2015,64661,
802,Webber International,2015,37604,
802,Webber International,2015,52291,
802,Webber International,2015,52293,
802,Webber International,2015,52294,
802,Webber International,2015,52301,
802,Webber International,2015,56690,
802,Webber International,2015,56691,
802,Webber International,2015,56692,
802,Webber International,2015,56697,
802,Webber International,2015,56698,
802,Webber International,2015,63308,
802,Webber International,2015,63309,
802,Webber International,2015,63310,
802,Webber International,2015,63311,
802,Webber International,2015,63312,
802,Webber International,2015,63313,
802,Webber International,2015,63314,
1350,Mount Vernon Nazarene (OH),2015,49174,
1350,Mount Vernon Nazarene (OH),2015,64837,
1350,Mount Vernon Nazarene (OH),2015,64838,
1350,Mount Vernon Nazarene (OH),2015,64839,
1350,Mount Vernon Nazarene (OH),2015,64840,
1350,Mount Vernon Nazarene (OH),2015,64841,
1350,Mount Vernon Nazarene (OH),2015,64842,
1350,Mount Vernon Nazarene (OH),2015,64843,
1350,Mount Vernon Nazarene (OH),2015,64844,
1350,Mount Vernon Nazarene (OH),2015,64845,
1350,Mount Vernon Nazarene (OH),2015,64846,
1350,Mount Vernon Nazarene (OH),2015,64847,
1350,Mount Vernon Nazarene (OH),2015,64848,
1350,Mount Vernon Nazarene (OH),2015,64849,
1350,Mount Vernon Nazarene (OH),2015,64850,
1350,Mount Vernon Nazarene (OH),2015,64851,
1087,Oberlin,2015,54915,
1087,Oberlin,2015,54916,
1087,Oberlin,2015,54920,
1087,Oberlin,2015,54921,
1087,Oberlin,2015,54922,
1087,Oberlin,2015,60631,
1087,Oberlin,2015,60632,
1087,Oberlin,2015,63146,
1087,Oberlin,2015,63147,
1087,Oberlin,2015,63148,
1087,Oberlin,2015,63149,
1087,Oberlin,2015,63150,
1087,Oberlin,2015,63151,
630,Dillard,2015,45473,
630,Dillard,2015,55626,
630,Dillard,2015,58346,
630,Dillard,2015,59261,
630,Dillard,2015,59264,
630,Dillard,2015,59274,
630,Dillard,2015,64075,
630,Dillard,2015,64076,
630,Dillard,2015,64077,
630,Dillard,2015,64078,
630,Dillard,2015,64079,
630,Dillard,2015,64080,
630,Dillard,2015,64081,
630,Dillard,2015,64082,
630,Dillard,2015,64083,
630,Dillard,2015,64084,
630,Dillard,2015,64085,
630,Dillard,2015,64086,
1101,Minnesota Morris,2015,53480,
1101,Minnesota Morris,2015,56125,
1101,Minnesota Morris,2015,56126,
606,Siena Heights,2015,58957,
606,Siena Heights,2015,58959,
606,Siena Heights,2015,58964,
599,Purchase,2015,41611,
599,Purchase,2015,41613,
599,Purchase,2015,41614,
599,Purchase,2015,41615,
599,Purchase,2015,41616,
599,Purchase,2015,41618,
599,Purchase,2015,41619,
599,Purchase,2015,41620,
599,Purchase,2015,41621,
599,Purchase,2015,41622,
856,WVU Tech,2015,33552,
856,WVU Tech,2015,33553,
856,WVU Tech,2015,33554,
856,WVU Tech,2015,33560,
856,WVU Tech,2015,33561,
856,WVU Tech,2015,33562,
856,WVU Tech,2015,33563,
856,WVU Tech,2015,63508,
856,WVU Tech,2015,63509,
856,WVU Tech,2015,63510,
856,WVU Tech,2015,63511,1991-02-20
856,WVU Tech,2015,63512,
856,WVU Tech,2015,63513,
856,WVU Tech,2015,63514,
856,WVU Tech,2015,63515,
756,Cairn University,2015,52575,
756,Cairn University,2015,60371,
756,Cairn University,2015,60373,
872,Ave Maria,2015,49144,
872,Ave Maria,2015,54401,
872,Ave Maria,2015,54402,
872,Ave Maria,2015,54404,
872,Ave Maria,2015,54405,
872,Ave Maria,2015,54406,
872,Ave Maria,2015,54407,
872,Ave Maria,2015,54412,
872,Ave Maria,2015,54413,
872,Ave Maria,2015,54414,
872,Ave Maria,2015,54415,
872,Ave Maria,2015,54416,
872,Ave Maria,2015,54417,1992-11-10
872,Ave Maria,2015,64314,
872,Ave Maria,2015,64315,
872,Ave Maria,2015,64316,
872,Ave Maria,2015,64317,
872,Ave Maria,2015,64318,
872,Ave Maria,2015,64319,
872,Ave Maria,2015,64320,
872,Ave Maria,2015,64321,
872,Ave Maria,2015,64322,
1314,Bristol,2015,57275,
1314,Bristol,2015,57278,
1314,Bristol,2015,57281,
1314,Bristol,2015,57283,
1314,Bristol,2015,57284,
1314,Bristol,2015,57285,
1314,Bristol,2015,57287,
1314,Bristol,2015,63468,
1314,Bristol,2015,63469,
1314,Bristol,2015,63470,
1314,Bristol,2015,63471,
1314,Bristol,2015,63472,
1314,Bristol,2015,63473,
1314,Bristol,2015,63474,
1314,Bristol,2015,64178,
1314,Bristol,2015,64179,
1314,Bristol,2015,64180,
1314,Bristol,2015,64181,
1314,Bristol,2015,64182,
1314,Bristol,2015,64183,
1314,Bristol,2015,64184,
1348,Penn State (Mont Alto),2015,64301,
1348,Penn State (Mont Alto),2015,64302,
1348,Penn State (Mont Alto),2015,64303,
1348,Penn State (Mont Alto),2015,64304,
1348,Penn State (Mont Alto),2015,64305,
1348,Penn State (Mont Alto),2015,64306,
1348,Penn State (Mont Alto),2015,64307,
1348,Penn State (Mont Alto),2015,64308,
1348,Penn State (Mont Alto),2015,64309,
1348,Penn State (Mont Alto),2015,64310,
1348,Penn State (Mont Alto),2015,64311,
1348,Penn State (Mont Alto),2015,64312,
1348,Penn State (Mont Alto),2015,64313,
1229,Southeastern Oklahoma State,2015,39345,
1229,Southeastern Oklahoma State,2015,43888,
1229,Southeastern Oklahoma State,2015,55112,
1229,Southeastern Oklahoma State,2015,55113,
1229,Southeastern Oklahoma State,2015,55114,
1229,Southeastern Oklahoma State,2015,55116,
1229,Southeastern Oklahoma State,2015,60435,1994-01-26
1229,Southeastern Oklahoma State,2015,60437,
1229,Southeastern Oklahoma State,2015,60438,
1229,Southeastern Oklahoma State,2015,60439,
1229,Southeastern Oklahoma State,2015,60440,
1229,Southeastern Oklahoma State,2015,60441,
1229,Southeastern Oklahoma State,2015,64722,
1229,Southeastern Oklahoma State,2015,64723,1993-03-04
1229,Southeastern Oklahoma State,2015,64724,1992-08-11
1229,Southeastern Oklahoma State,2015,64725,
1229,Southeastern Oklahoma State,2015,64726,
1229,Southeastern Oklahoma State,2015,64727,
1229,Southeastern Oklahoma State,2015,64728,
1229,Southeastern Oklahoma State,2015,64729,
1229,Southeastern Oklahoma State,2015,64730,
1229,Southeastern Oklahoma State,2015,64731,
1229,Southeastern Oklahoma State,2015,64732,
969,St. Xavier  (IL),2015,44050,
969,St. Xavier  (IL),2015,47797,
969,St. Xavier  (IL),2015,64163,
969,St. Xavier  (IL),2015,64164,
969,St. Xavier  (IL),2015,64165,
969,St. Xavier  (IL),2015,64166,
969,St. Xavier  (IL),2015,64167,
969,St. Xavier  (IL),2015,64168,
969,St. Xavier  (IL),2015,64169,
969,St. Xavier  (IL),2015,64170,
969,St. Xavier  (IL),2015,64171,
969,St. Xavier  (IL),2015,64172,
969,St. Xavier  (IL),2015,64173,
969,St. Xavier  (IL),2015,64174,
969,St. Xavier  (IL),2015,64175,
969,St. Xavier  (IL),2015,64176,
969,St. Xavier  (IL),2015,64177,
786,Milligan,2015,37504,
786,Milligan,2015,50417,
786,Milligan,2015,55598,
786,Milligan,2015,56285,
786,Milligan,2015,56286,
786,Milligan,2015,56287,
786,Milligan,2015,56288,
786,Milligan,2015,56289,
786,Milligan,2015,56290,
786,Milligan,2015,64963,
786,Milligan,2015,64964,
786,Milligan,2015,64965,
786,Milligan,2015,64966,
786,Milligan,2015,64967,
786,Milligan,2015,64968,
1289,Marygrove,2015,50797,
1289,Marygrove,2015,51720,
1289,Marygrove,2015,51722,
1289,Marygrove,2015,51723,
1289,Marygrove,2015,51725,
1289,Marygrove,2015,51726,
1289,Marygrove,2015,51730,
1289,Marygrove,2015,59305,
1289,Marygrove,2015,59306,
1289,Marygrove,2015,59310,
1289,Marygrove,2015,59314,
1289,Marygrove,2015,59315,
1289,Marygrove,2015,59316,
1289,Marygrove,2015,64380,
1289,Marygrove,2015,64381,
1289,Marygrove,2015,64382,
1289,Marygrove,2015,64383,
1289,Marygrove,2015,64384,
1289,Marygrove,2015,64385,
1289,Marygrove,2015,64386,
1100,Hartwick,2015,49775,
1100,Hartwick,2015,49776,
1100,Hartwick,2015,49777,
1100,Hartwick,2015,49783,
1100,Hartwick,2015,63641,
1100,Hartwick,2015,63642,
1100,Hartwick,2015,63643,
1100,Hartwick,2015,63644,
1100,Hartwick,2015,63645,
1100,Hartwick,2015,63646,
1100,Hartwick,2015,63647,
1100,Hartwick,2015,63648,
1100,Hartwick,2015,63649,
1100,Hartwick,2015,63650,
1100,Hartwick,2015,63651,
1100,Hartwick,2015,63652,
1100,Hartwick,2015,63653,
1100,Hartwick,2015,63654,
1335,Barber Scotia,2015,61736,
1335,Barber Scotia,2015,61737,
1335,Barber Scotia,2015,61738,
1335,Barber Scotia,2015,61739,
1335,Barber Scotia,2015,61740,
1335,Barber Scotia,2015,61741,
1335,Barber Scotia,2015,61742,
1335,Barber Scotia,2015,64373,
1335,Barber Scotia,2015,64374,
1335,Barber Scotia,2015,64375,
1335,Barber Scotia,2015,64376,
1335,Barber Scotia,2015,64377,
1335,Barber Scotia,2015,64378,
1335,Barber Scotia,2015,64379,
1335,Barber Scotia,2015,64920,
1335,Barber Scotia,2015,64921,
1335,Barber Scotia,2015,64922,
1335,Barber Scotia,2015,64923,
1335,Barber Scotia,2015,64924,
1335,Barber Scotia,2015,64925,
1335,Barber Scotia,2015,64926,
1335,Barber Scotia,2015,64927,
1335,Barber Scotia,2015,64928,
1335,Barber Scotia,2015,64929,
1335,Barber Scotia,2015,64930,
1335,Barber Scotia,2015,64931,
1335,Barber Scotia,2015,64932,
1335,Barber Scotia,2015,64933,
1335,Barber Scotia,2015,64934,
1335,Barber Scotia,2015,64935,
1335,Barber Scotia,2015,64936,
1335,Barber Scotia,2015,64937,
1335,Barber Scotia,2015,64938,
1335,Barber Scotia,2015,64939,
1335,Barber Scotia,2015,64940,
774,Walla Walla,2015,39396,
774,Walla Walla,2015,46287,
774,Walla Walla,2015,46289,
774,Walla Walla,2015,46291,
774,Walla Walla,2015,46295,
774,Walla Walla,2015,55559,
774,Walla Walla,2015,55560,
774,Walla Walla,2015,55561,
774,Walla Walla,2015,55563,
774,Walla Walla,2015,55565,
774,Walla Walla,2015,63761,
774,Walla Walla,2015,63762,
774,Walla Walla,2015,63763,
774,Walla Walla,2015,63764,
774,Walla Walla,2015,63765,
774,Walla Walla,2015,63766,
774,Walla Walla,2015,63767,
774,Walla Walla,2015,65003,
714,Florida Tech,2015,50924,
714,Florida Tech,2015,50926,
714,Florida Tech,2015,50927,
714,Florida Tech,2015,55742,
714,Florida Tech,2015,55743,
714,Florida Tech,2015,55745,
714,Florida Tech,2015,60472,
714,Florida Tech,2015,60474,
714,Florida Tech,2015,60475,
714,Florida Tech,2015,60477,
714,Florida Tech,2015,60478,
714,Florida Tech,2015,60479,
714,Florida Tech,2015,64440,
714,Florida Tech,2015,64441,
714,Florida Tech,2015,64442,
714,Florida Tech,2015,64443,
714,Florida Tech,2015,64444,
537,Louisiana Christian,2015,35818,
537,Louisiana Christian,2015,53340,
537,Louisiana Christian,2015,53341,
537,Louisiana Christian,2015,53343,
537,Louisiana Christian,2015,53344,
537,Louisiana Christian,2015,56915,
537,Louisiana Christian,2015,56916,
537,Louisiana Christian,2015,56917,
537,Louisiana Christian,2015,56920,
537,Louisiana Christian,2015,56921,
537,Louisiana Christian,2015,61907,
537,Louisiana Christian,2015,61908,
537,Louisiana Christian,2015,61909,
537,Louisiana Christian,2015,61910,
537,Louisiana Christian,2015,61911,
537,Louisiana Christian,2015,61912,
537,Louisiana Christian,2015,61913,
537,Louisiana Christian,2015,61914,
537,Louisiana Christian,2015,61915,
537,Louisiana Christian,2015,61916,
537,Louisiana Christian,2015,61917,
537,Louisiana Christian,2015,61918,
526,Newberry,2015,52272,
526,Newberry,2015,52273,
559,Howard Payne,2015,48940,
559,Howard Payne,2015,48946,
559,Howard Payne,2015,48947,
559,Howard Payne,2015,52188,
559,Howard Payne,2015,52193,
559,Howard Payne,2015,58334,
559,Howard Payne,2015,58568,
559,Howard Payne,2015,58569,
559,Howard Payne,2015,58571,
559,Howard Payne,2015,58574,
559,Howard Payne,2015,60300,
559,Howard Payne,2015,64352,
559,Howard Payne,2015,64353,
559,Howard Payne,2015,64354,
559,Howard Payne,2015,64355,
559,Howard Payne,2015,64356,
559,Howard Payne,2015,64357,
559,Howard Payne,2015,64358,
559,Howard Payne,2015,64359,
559,Howard Payne,2015,64360,
559,Howard Payne,2015,64361,
559,Howard Payne,2015,64362,
559,Howard Payne,2015,64363,
559,Howard Payne,2015,64364,
559,Howard Payne,2015,64365,
559,Howard Payne,2015,64366,
559,Howard Payne,2015,64367,
559,Howard Payne,2015,64368,
559,Howard Payne,2015,64369,
559,Howard Payne,2015,64370,
1293,Concordia Oregon,2015,53826,
1293,Concordia Oregon,2015,53835,
1293,Concordia Oregon,2015,53838,
1293,Concordia Oregon,2015,53839,
1293,Concordia Oregon,2015,59207,
1293,Concordia Oregon,2015,59208,
1293,Concordia Oregon,2015,59209,
1293,Concordia Oregon,2015,62617,
1293,Concordia Oregon,2015,62618,
1293,Concordia Oregon,2015,62619,
1293,Concordia Oregon,2015,62620,
1293,Concordia Oregon,2015,62621,
1293,Concordia Oregon,2015,62622,
1293,Concordia Oregon,2015,62623,
1293,Concordia Oregon,2015,62624,
1293,Concordia Oregon,2015,62625,
1320,Penn State (Harrisburg),2015,59187,
1320,Penn State (Harrisburg),2015,59195,
1320,Penn State (Harrisburg),2015,59199,
1320,Penn State (Harrisburg),2015,59200,
1320,Penn State (Harrisburg),2015,59201,
1320,Penn State (Harrisburg),2015,59202,
1320,Penn State (Harrisburg),2015,64185,
1320,Penn State (Harrisburg),2015,64186,
1320,Penn State (Harrisburg),2015,64187,
1320,Penn State (Harrisburg),2015,64188,
1320,Penn State (Harrisburg),2015,64189,
1320,Penn State (Harrisburg),2015,64190,
1320,Penn State (Harrisburg),2015,64191,
1320,Penn State (Harrisburg),2015,64192,
1320,Penn State (Harrisburg),2015,64193,
1320,Penn State (Harrisburg),2015,64194,
1320,Penn State (Harrisburg),2015,64195,
1320,Penn State (Harrisburg),2015,64196,
861,Goldey-Beacom,2015,49272,
861,Goldey-Beacom,2015,49273,
861,Goldey-Beacom,2015,58616,
861,Goldey-Beacom,2015,58617,
861,Goldey-Beacom,2015,58618,
861,Goldey-Beacom,2015,64387,
861,Goldey-Beacom,2015,64388,
861,Goldey-Beacom,2015,64389,
861,Goldey-Beacom,2015,64390,
861,Goldey-Beacom,2015,64391,
861,Goldey-Beacom,2015,64392,
861,Goldey-Beacom,2015,64393,
861,Goldey-Beacom,2015,64394,
861,Goldey-Beacom,2015,64395,
861,Goldey-Beacom,2015,64396,
861,Goldey-Beacom,2015,64397,
861,Goldey-Beacom,2015,64398,
1188,Hampden-Sydney,2015,37561,
1188,Hampden-Sydney,2015,37562,
1188,Hampden-Sydney,2015,37563,
1188,Hampden-Sydney,2015,37564,
1188,Hampden-Sydney,2015,37565,
1188,Hampden-Sydney,2015,37566,
1188,Hampden-Sydney,2015,37567,
1188,Hampden-Sydney,2015,37568,
1188,Hampden-Sydney,2015,37569,
1188,Hampden-Sydney,2015,37570,
1188,Hampden-Sydney,2015,37571,
1188,Hampden-Sydney,2015,37572,
1188,Hampden-Sydney,2015,37573,
1188,Hampden-Sydney,2015,37574,
1188,Hampden-Sydney,2015,37575,1994-05-18
1188,Hampden-Sydney,2015,42365,
1188,Hampden-Sydney,2015,53077,
1188,Hampden-Sydney,2015,65502,
633,Augusta,2015,9820,
633,Augusta,2015,9821,2004-12-10
633,Augusta,2015,9822,2004-12-10
633,Augusta,2015,9824,
633,Augusta,2015,9825,2004-10-14
633,Augusta,2015,9827,
633,Augusta,2015,9828,
633,Augusta,2015,9829,
633,Augusta,2015,9830,2004-12-10
1333,Tennessee Temple,2015,51448,
1333,Tennessee Temple,2015,53716,
1333,Tennessee Temple,2015,54523,
1333,Tennessee Temple,2015,61326,
1333,Tennessee Temple,2015,61327,
1333,Tennessee Temple,2015,61328,
1333,Tennessee Temple,2015,61329,
1333,Tennessee Temple,2015,61330,
1333,Tennessee Temple,2015,61331,
1333,Tennessee Temple,2015,61332,
1333,Tennessee Temple,2015,61333,
1333,Tennessee Temple,2015,61334,
1333,Tennessee Temple,2015,61335,
1333,Tennessee Temple,2015,61336,
1333,Tennessee Temple,2015,61337,
1333,Tennessee Temple,2015,61338,
1333,Tennessee Temple,2015,61339,
1333,Tennessee Temple,2015,61340,
1333,Tennessee Temple,2015,61341,
1333,Tennessee Temple,2015,61342,
1333,Tennessee Temple,2015,61343,
524,Vermont State - Lyndon,2015,50553,
524,Vermont State - Lyndon,2015,50556,
524,Vermont State - Lyndon,2015,54237,
524,Vermont State - Lyndon,2015,54238,
524,Vermont State - Lyndon,2015,54239,
524,Vermont State - Lyndon,2015,54241,
524,Vermont State - Lyndon,2015,56713,
524,Vermont State - Lyndon,2015,56715,
524,Vermont State - Lyndon,2015,56718,
524,Vermont State - Lyndon,2015,65703,
524,Vermont State - Lyndon,2015,65704,
524,Vermont State - Lyndon,2015,65705,
524,Vermont State - Lyndon,2015,65706,
524,Vermont State - Lyndon,2015,65707,
524,Vermont State - Lyndon,2015,65708,
524,Vermont State - Lyndon,2015,65709,
524,Vermont State - Lyndon,2015,65710,
524,Vermont State - Lyndon,2015,65711,
524,Vermont State - Lyndon,2015,65712,
524,Vermont State - Lyndon,2015,65713,
524,Vermont State - Lyndon,2015,65714,
763,Colorado-Colorado Springs,2015,13263,
763,Colorado-Colorado Springs,2015,13264,
763,Colorado-Colorado Springs,2015,13265,
763,Colorado-Colorado Springs,2015,13266,
763,Colorado-Colorado Springs,2015,13267,
763,Colorado-Colorado Springs,2015,13268,
763,Colorado-Colorado Springs,2015,13269,
763,Colorado-Colorado Springs,2015,13270,
763,Colorado-Colorado Springs,2015,13271,
763,Colorado-Colorado Springs,2015,13272,
763,Colorado-Colorado Springs,2015,13273,
763,Colorado-Colorado Springs,2015,13274,
763,Colorado-Colorado Springs,2015,13275,
763,Colorado-Colorado Springs,2015,13276,
763,Colorado-Colorado Springs,2015,13277,
763,Colorado-Colorado Springs,2015,13278,
763,Colorado-Colorado Springs,2015,13279,
763,Colorado-Colorado Springs,2015,13280,
686,Spring Hill,2015,48987,
686,Spring Hill,2015,48990,
686,Spring Hill,2015,48991,
686,Spring Hill,2015,55400,
686,Spring Hill,2015,59559,
686,Spring Hill,2015,59560,
686,Spring Hill,2015,59561,1992-06-26
686,Spring Hill,2015,59562,
686,Spring Hill,2015,59563,
686,Spring Hill,2015,59564,
686,Spring Hill,2015,59565,
686,Spring Hill,2015,64428,
686,Spring Hill,2015,64429,
686,Spring Hill,2015,64430,
686,Spring Hill,2015,64431,
686,Spring Hill,2015,64432,
1117,Minnesota Duluth,2015,59122,
1117,Minnesota Duluth,2015,59123,
1117,Minnesota Duluth,2015,59124,
1117,Minnesota Duluth,2015,59125,
1117,Minnesota Duluth,2015,59126,
1117,Minnesota Duluth,2015,59128,
1117,Minnesota Duluth,2015,59129,
1117,Minnesota Duluth,2015,59133,
1117,Minnesota Duluth,2015,59134,
1117,Minnesota Duluth,2015,59135,
1117,Minnesota Duluth,2015,59136,
1117,Minnesota Duluth,2015,64399,
1117,Minnesota Duluth,2015,64400,
1117,Minnesota Duluth,2015,64401,
1117,Minnesota Duluth,2015,64402,
1117,Minnesota Duluth,2015,64403,
1117,Minnesota Duluth,2015,64404,
1117,Minnesota Duluth,2015,64405,
1117,Minnesota Duluth,2015,64406,
752,Thomas (ME),2015,38952,
752,Thomas (ME),2015,38963,
752,Thomas (ME),2015,38964,
752,Thomas (ME),2015,38965,
752,Thomas (ME),2015,38966,
752,Thomas (ME),2015,63488,
752,Thomas (ME),2015,63489,
752,Thomas (ME),2015,63490,
752,Thomas (ME),2015,63491,
752,Thomas (ME),2015,63492,
752,Thomas (ME),2015,63493,
752,Thomas (ME),2015,63494,
752,Thomas (ME),2015,63495,
752,Thomas (ME),2015,63496,
752,Thomas (ME),2015,63497,
752,Thomas (ME),2015,63498,
752,Thomas (ME),2015,63499,
752,Thomas (ME),2015,63500,
853,Fresno Pacific,2015,33258,
853,Fresno Pacific,2015,33259,
853,Fresno Pacific,2015,33272,
853,Fresno Pacific,2015,33273,
853,Fresno Pacific,2015,33274,
853,Fresno Pacific,2015,33275,
853,Fresno Pacific,2015,65553,
853,Fresno Pacific,2015,65554,
853,Fresno Pacific,2015,65555,
853,Fresno Pacific,2015,65556,
853,Fresno Pacific,2015,65557,
1275,Black Hills State,2015,49764,
1275,Black Hills State,2015,50231,
1275,Black Hills State,2015,50232,
1275,Black Hills State,2015,58589,
1275,Black Hills State,2015,58590,
1275,Black Hills State,2015,58598,
1275,Black Hills State,2015,58599,
1275,Black Hills State,2015,62378,
1275,Black Hills State,2015,62379,
1275,Black Hills State,2015,62380,
1275,Black Hills State,2015,62381,
1275,Black Hills State,2015,62382,
1275,Black Hills State,2015,62383,
1275,Black Hills State,2015,62384,
1275,Black Hills State,2015,62385,
1280,Susquehanna,2015,50654,
1280,Susquehanna,2015,50657,
1280,Susquehanna,2015,50660,
1280,Susquehanna,2015,64879,
1280,Susquehanna,2015,64880,
1280,Susquehanna,2015,64881,
1280,Susquehanna,2015,64882,
1280,Susquehanna,2015,64883,
1280,Susquehanna,2015,64884,
1280,Susquehanna,2015,64885,
1280,Susquehanna,2015,64886,
1280,Susquehanna,2015,64887,
1280,Susquehanna,2015,64888,
1280,Susquehanna,2015,64889,
1280,Susquehanna,2015,64890,
1280,Susquehanna,2015,64891,
1280,Susquehanna,2015,64892,
956,Florida Memorial,2015,40446,
956,Florida Memorial,2015,46368,
956,Florida Memorial,2015,46370,
956,Florida Memorial,2015,51552,
956,Florida Memorial,2015,58217,
956,Florida Memorial,2015,58219,
956,Florida Memorial,2015,58221,
956,Florida Memorial,2015,58222,
956,Florida Memorial,2015,60944,
956,Florida Memorial,2015,63854,1992-04-09
956,Florida Memorial,2015,63855,
956,Florida Memorial,2015,63856,
956,Florida Memorial,2015,63857,
956,Florida Memorial,2015,63858,
956,Florida Memorial,2015,63859,
956,Florida Memorial,2015,63860,
956,Florida Memorial,2015,63861,
956,Florida Memorial,2015,63862,
629,Menlo,2015,41456,
629,Menlo,2015,41846,
629,Menlo,2015,54785,
629,Menlo,2015,54786,
629,Menlo,2015,54789,
629,Menlo,2015,54790,
629,Menlo,2015,54791,
629,Menlo,2015,60259,
629,Menlo,2015,60261,
629,Menlo,2015,60262,
629,Menlo,2015,60265,
629,Menlo,2015,64619,
629,Menlo,2015,64620,
629,Menlo,2015,64621,
629,Menlo,2015,64622,
629,Menlo,2015,64623,
1134,Michigan-Dearborn,2015,48253,
1134,Michigan-Dearborn,2015,48254,
1134,Michigan-Dearborn,2015,48261,
1134,Michigan-Dearborn,2015,59155,
1134,Michigan-Dearborn,2015,59156,
1134,Michigan-Dearborn,2015,59160,
1134,Michigan-Dearborn,2015,59161,
1134,Michigan-Dearborn,2015,64746,
1134,Michigan-Dearborn,2015,64747,
1134,Michigan-Dearborn,2015,64748,
1134,Michigan-Dearborn,2015,64749,
1134,Michigan-Dearborn,2015,64750,
1134,Michigan-Dearborn,2015,64751,
1134,Michigan-Dearborn,2015,64752,
1134,Michigan-Dearborn,2015,64753,
1134,Michigan-Dearborn,2015,64754,
1175,Simpson College (IA),2015,38669,
1175,Simpson College (IA),2015,38670,
1175,Simpson College (IA),2015,38672,
1175,Simpson College (IA),2015,38686,
1175,Simpson College (IA),2015,38687,
1175,Simpson College (IA),2015,38688,
1175,Simpson College (IA),2015,38689,
1175,Simpson College (IA),2015,38690,
1175,Simpson College (IA),2015,38691,
1175,Simpson College (IA),2015,38692,
1175,Simpson College (IA),2015,38693,
1175,Simpson College (IA),2015,56839,
1175,Simpson College (IA),2015,56840,
1175,Simpson College (IA),2015,56841,
1175,Simpson College (IA),2015,56843,
1175,Simpson College (IA),2015,56848,
1175,Simpson College (IA),2015,56849,
1175,Simpson College (IA),2015,65242,
1175,Simpson College (IA),2015,65243,
1175,Simpson College (IA),2015,65244,
1175,Simpson College (IA),2015,65245,
1175,Simpson College (IA),2015,65246,
1175,Simpson College (IA),2015,65247,
1175,Simpson College (IA),2015,65248,
1175,Simpson College (IA),2015,65249,
533,Bob Jones,2015,37440,
533,Bob Jones,2015,46567,
533,Bob Jones,2015,46571,
533,Bob Jones,2015,46572,
533,Bob Jones,2015,59064,
533,Bob Jones,2015,59066,
533,Bob Jones,2015,59067,
533,Bob Jones,2015,59068,
533,Bob Jones,2015,59069,
533,Bob Jones,2015,59071,
533,Bob Jones,2015,59072,
533,Bob Jones,2015,63822,
533,Bob Jones,2015,63823,
533,Bob Jones,2015,63824,
533,Bob Jones,2015,64261,
588,Earlham College,2015,51471,
588,Earlham College,2015,51476,
588,Earlham College,2015,51477,
588,Earlham College,2015,55520,
588,Earlham College,2015,60610,
588,Earlham College,2015,62871,
588,Earlham College,2015,62872,
588,Earlham College,2015,62873,
588,Earlham College,2015,62874,
588,Earlham College,2015,62875,
588,Earlham College,2015,62876,
588,Earlham College,2015,62877,
588,Earlham College,2015,62878,
1026,Paine,2015,55051,
1026,Paine,2015,60120,
1026,Paine,2015,60121,
1026,Paine,2015,60123,
1026,Paine,2015,60124,
1026,Paine,2015,60126,
1026,Paine,2015,60130,
1026,Paine,2015,60131,
1026,Paine,2015,60132,
1026,Paine,2015,60133,
1026,Paine,2015,60134,
1026,Paine,2015,60135,
1026,Paine,2015,60136,
1026,Paine,2015,60137,
1026,Paine,2015,65800,
1317,Roanoke,2015,58631,
1317,Roanoke,2015,58633,
1317,Roanoke,2015,58636,
626,Bluefield University,2015,60101,
626,Bluefield University,2015,60102,
626,Bluefield University,2015,60104,
626,Bluefield University,2015,60110,
626,Bluefield University,2015,63787,
626,Bluefield University,2015,63788,
626,Bluefield University,2015,63789,
626,Bluefield University,2015,63790,
626,Bluefield University,2015,63791,
626,Bluefield University,2015,63792,
626,Bluefield University,2015,63793,
626,Bluefield University,2015,63794,
626,Bluefield University,2015,63795,
626,Bluefield University,2015,63796,
626,Bluefield University,2015,63797,
626,Bluefield University,2015,63798,
626,Bluefield University,2015,63799,
626,Bluefield University,2015,63800,
626,Bluefield University,2015,63801,
626,Bluefield University,2015,63802,
626,Bluefield University,2015,63803,
626,Bluefield University,2015,63804,
626,Bluefield University,2015,63805,
626,Bluefield University,2015,63806,
626,Bluefield University,2015,64773,
823,Anderson (IN),2015,37999,
823,Anderson (IN),2015,65490,
823,Anderson (IN),2015,65491,
823,Anderson (IN),2015,65492,
823,Anderson (IN),2015,65493,
823,Anderson (IN),2015,65494,
823,Anderson (IN),2015,65495,
823,Anderson (IN),2015,65496,
823,Anderson (IN),2015,65497,
823,Anderson (IN),2015,65498,
823,Anderson (IN),2015,65499,
823,Anderson (IN),2015,65500,
823,Anderson (IN),2015,65501,
705,Puerto Rico-Mayaguez,2015,11769,2004-11-23
705,Puerto Rico-Mayaguez,2015,11770,2004-11-23
705,Puerto Rico-Mayaguez,2015,11771,2003-11-20
705,Puerto Rico-Mayaguez,2015,11772,
705,Puerto Rico-Mayaguez,2015,11773,
705,Puerto Rico-Mayaguez,2015,11774,
705,Puerto Rico-Mayaguez,2015,11775,
705,Puerto Rico-Mayaguez,2015,11776,
705,Puerto Rico-Mayaguez,2015,11777,
705,Puerto Rico-Mayaguez,2015,11778,
705,Puerto Rico-Mayaguez,2015,11779,
705,Puerto Rico-Mayaguez,2015,11780,
886,Tiffin,2015,49140,
886,Tiffin,2015,58488,
886,Tiffin,2015,58489,
886,Tiffin,2015,58490,
886,Tiffin,2015,58493,
886,Tiffin,2015,58494,
886,Tiffin,2015,58495,
886,Tiffin,2015,58499,
886,Tiffin,2015,58500,
886,Tiffin,2015,58501,
886,Tiffin,2015,63251,1991-05-06
886,Tiffin,2015,63252,
886,Tiffin,2015,63253,
886,Tiffin,2015,63254,
886,Tiffin,2015,63255,
886,Tiffin,2015,63256,
781,Willamette,2015,48736,
781,Willamette,2015,48737,
781,Willamette,2015,48739,
781,Willamette,2015,48741,
781,Willamette,2015,48742,
781,Willamette,2015,48743,
781,Willamette,2015,59660,
781,Willamette,2015,59661,
781,Willamette,2015,59662,
781,Willamette,2015,59664,
781,Willamette,2015,59665,
781,Willamette,2015,59670,
781,Willamette,2015,59671,
781,Willamette,2015,63611,
781,Willamette,2015,63612,
781,Willamette,2015,63613,
781,Willamette,2015,63614,
781,Willamette,2015,63615,
781,Willamette,2015,63616,
781,Willamette,2015,63617,
781,Willamette,2015,63618,
1345,Nichols College,2015,64051,
1345,Nichols College,2015,64052,
1345,Nichols College,2015,64053,
1345,Nichols College,2015,64054,
1345,Nichols College,2015,64055,
1345,Nichols College,2015,64056,
1345,Nichols College,2015,64057,
1345,Nichols College,2015,64058,
1345,Nichols College,2015,64059,
1345,Nichols College,2015,64060,
1345,Nichols College,2015,64061,
1345,Nichols College,2015,64062,
1345,Nichols College,2015,64063,
1345,Nichols College,2015,64064,
1345,Nichols College,2015,64065,
893,University of Saint Katherine,2015,40592,
893,University of Saint Katherine,2015,40593,
893,University of Saint Katherine,2015,40594,
893,University of Saint Katherine,2015,40595,
893,University of Saint Katherine,2015,40596,
893,University of Saint Katherine,2015,40597,
893,University of Saint Katherine,2015,40598,
893,University of Saint Katherine,2015,40599,
893,University of Saint Katherine,2015,40600,
893,University of Saint Katherine,2015,40601,
893,University of Saint Katherine,2015,40602,
893,University of Saint Katherine,2015,40603,
893,University of Saint Katherine,2015,40604,
893,University of Saint Katherine,2015,40605,
893,University of Saint Katherine,2015,40606,
893,University of Saint Katherine,2015,40607,
893,University of Saint Katherine,2015,52610,
893,University of Saint Katherine,2015,54140,
893,University of Saint Katherine,2015,57580,
893,University of Saint Katherine,2015,64036,
893,University of Saint Katherine,2015,64037,
893,University of Saint Katherine,2015,64038,
893,University of Saint Katherine,2015,64039,
893,University of Saint Katherine,2015,64040,
893,University of Saint Katherine,2015,64041,
893,University of Saint Katherine,2015,64042,
893,University of Saint Katherine,2015,64043,
893,University of Saint Katherine,2015,64044,
893,University of Saint Katherine,2015,64045,
893,University of Saint Katherine,2015,64046,
893,University of Saint Katherine,2015,64047,
893,University of Saint Katherine,2015,64048,
893,University of Saint Katherine,2015,64049,
893,University of Saint Katherine,2015,64050,
893,University of Saint Katherine,2015,64570,
893,University of Saint Katherine,2015,64571,
689,Randolph-Macon,2015,11343,
689,Randolph-Macon,2015,11344,
689,Randolph-Macon,2015,11345,
689,Randolph-Macon,2015,11346,
689,Randolph-Macon,2015,11352,
1139,Flagler,2015,61597,
1139,Flagler,2015,61598,
1139,Flagler,2015,61599,
1139,Flagler,2015,61600,
1139,Flagler,2015,61601,1991-12-20
1139,Flagler,2015,61602,
1139,Flagler,2015,61603,
1139,Flagler,2015,61604,
1139,Flagler,2015,61605,
1139,Flagler,2015,61606,
1139,Flagler,2015,61607,
1139,Flagler,2015,61608,
1139,Flagler,2015,61609,
1139,Flagler,2015,61610,
1139,Flagler,2015,61611,
819,Mobile,2015,55352,
819,Mobile,2015,55360,
819,Mobile,2015,58855,1993-10-02
1252,CSU San Marcos,2015,45372,
1201,Caldwell,2015,39614,
1201,Caldwell,2015,39615,
1201,Caldwell,2015,39616,
1201,Caldwell,2015,39617,
1201,Caldwell,2015,39618,
1201,Caldwell,2015,39619,
1201,Caldwell,2015,39620,
1201,Caldwell,2015,39621,
1201,Caldwell,2015,39622,
1201,Caldwell,2015,39623,
1201,Caldwell,2015,39624,
1201,Caldwell,2015,39625,
1201,Caldwell,2015,39626,
1201,Caldwell,2015,40301,
590,Kentucky Christian,2015,50460,
590,Kentucky Christian,2015,50471,
590,Kentucky Christian,2015,59702,
590,Kentucky Christian,2015,59704,
590,Kentucky Christian,2015,59705,
590,Kentucky Christian,2015,59707,
590,Kentucky Christian,2015,59708,
590,Kentucky Christian,2015,59709,
590,Kentucky Christian,2015,59710,
590,Kentucky Christian,2015,63501,
590,Kentucky Christian,2015,63502,
590,Kentucky Christian,2015,63503,
590,Kentucky Christian,2015,63504,
590,Kentucky Christian,2015,63505,
590,Kentucky Christian,2015,63506,
590,Kentucky Christian,2015,63507,
579,Maine-Fort Kent,2015,49495,
579,Maine-Fort Kent,2015,49505,
579,Maine-Fort Kent,2015,49506,
579,Maine-Fort Kent,2015,49507,
579,Maine-Fort Kent,2015,49508,
579,Maine-Fort Kent,2015,49509,
579,Maine-Fort Kent,2015,49510,
579,Maine-Fort Kent,2015,49513,
579,Maine-Fort Kent,2015,49514,
579,Maine-Fort Kent,2015,49515,
579,Maine-Fort Kent,2015,49516,
579,Maine-Fort Kent,2015,49517,
579,Maine-Fort Kent,2015,49518,
579,Maine-Fort Kent,2015,65846,
729,Central Penn,2015,53883,
729,Central Penn,2015,59077,
729,Central Penn,2015,59081,
729,Central Penn,2015,59082,
729,Central Penn,2015,60316,
729,Central Penn,2015,64625,
729,Central Penn,2015,64626,
729,Central Penn,2015,64627,
729,Central Penn,2015,64628,
729,Central Penn,2015,64629,
729,Central Penn,2015,64630,
729,Central Penn,2015,64631,
729,Central Penn,2015,64632,
729,Central Penn,2015,64633,
729,Central Penn,2015,64634,
729,Central Penn,2015,64635,
1045,Holy Names University,2015,41552,
1045,Holy Names University,2015,54097,
1045,Holy Names University,2015,54098,
1045,Holy Names University,2015,54101,
1045,Holy Names University,2015,54104,
1045,Holy Names University,2015,54105,
1045,Holy Names University,2015,54106,
1045,Holy Names University,2015,54108,
1045,Holy Names University,2015,54109,
1045,Holy Names University,2015,54110,
1045,Holy Names University,2015,63214,
1045,Holy Names University,2015,63215,
1045,Holy Names University,2015,63216,
1045,Holy Names University,2015,63217,
1045,Holy Names University,2015,63218,
1045,Holy Names University,2015,63219,
1045,Holy Names University,2015,63220,
1045,Holy Names University,2015,63221,
1045,Holy Names University,2015,63222,
1045,Holy Names University,2015,63223,
880,Lyon,2015,47979,
880,Lyon,2015,58365,
880,Lyon,2015,58367,
880,Lyon,2015,58368,
880,Lyon,2015,58372,
880,Lyon,2015,58373,
880,Lyon,2015,63322,
880,Lyon,2015,63323,
880,Lyon,2015,63324,
880,Lyon,2015,63325,
880,Lyon,2015,63326,
880,Lyon,2015,63327,
880,Lyon,2015,63328,
880,Lyon,2015,63329,
880,Lyon,2015,63330,
880,Lyon,2015,63331,
880,Lyon,2015,63332,
575,Westminster (PA),2015,45041,
575,Westminster (PA),2015,49277,
575,Westminster (PA),2015,49283,
575,Westminster (PA),2015,54420,
575,Westminster (PA),2015,54421,
575,Westminster (PA),2015,54422,
575,Westminster (PA),2015,54423,
1180,Olivet Nazarene,2015,55289,
1180,Olivet Nazarene,2015,55295,
1180,Olivet Nazarene,2015,55296,
1180,Olivet Nazarene,2015,64247,
1180,Olivet Nazarene,2015,64248,
1180,Olivet Nazarene,2015,64249,
1180,Olivet Nazarene,2015,64250,
1180,Olivet Nazarene,2015,64251,
1180,Olivet Nazarene,2015,64252,
1180,Olivet Nazarene,2015,64253,
1180,Olivet Nazarene,2015,64254,
1180,Olivet Nazarene,2015,64255,
1180,Olivet Nazarene,2015,64256,
1180,Olivet Nazarene,2015,64257,
1180,Olivet Nazarene,2015,64258,
1180,Olivet Nazarene,2015,64259,
1180,Olivet Nazarene,2015,64260,
1346,Mount Ida,2015,64126,
1346,Mount Ida,2015,64127,
1346,Mount Ida,2015,64128,
1346,Mount Ida,2015,64129,
1346,Mount Ida,2015,64130,
1346,Mount Ida,2015,64131,
1346,Mount Ida,2015,64132,
1346,Mount Ida,2015,64133,
1346,Mount Ida,2015,64134,
1346,Mount Ida,2015,64135,
1346,Mount Ida,2015,64136,
1346,Mount Ida,2015,64137,
1346,Mount Ida,2015,64138,
1346,Mount Ida,2015,64139,
1346,Mount Ida,2015,64140,
1346,Mount Ida,2015,64141,
1346,Mount Ida,2015,64142,
1346,Mount Ida,2015,64143,
1346,Mount Ida,2015,64144,
1346,Mount Ida,2015,64145,
1346,Mount Ida,2015,64146,
1346,Mount Ida,2015,64147,
1346,Mount Ida,2015,64148,
1346,Mount Ida,2015,64149,
1346,Mount Ida,2015,64150,
1141,Simpson University (CA),2015,63772,
1141,Simpson University (CA),2015,63773,
1141,Simpson University (CA),2015,63774,
1141,Simpson University (CA),2015,63775,
1141,Simpson University (CA),2015,63776,
1141,Simpson University (CA),2015,63777,
1141,Simpson University (CA),2015,63778,
1141,Simpson University (CA),2015,63779,
1141,Simpson University (CA),2015,63780,
1141,Simpson University (CA),2015,63781,
1141,Simpson University (CA),2015,63782,
1141,Simpson University (CA),2015,63783,
1141,Simpson University (CA),2015,63784,
1141,Simpson University (CA),2015,63785,
1141,Simpson University (CA),2015,63786,
923,Belhaven,2015,34027,
923,Belhaven,2015,34028,
923,Belhaven,2015,34029,
923,Belhaven,2015,34030,
923,Belhaven,2015,34031,
923,Belhaven,2015,34035,
923,Belhaven,2015,34036,
923,Belhaven,2015,34037,
923,Belhaven,2015,34038,
923,Belhaven,2015,34039,
923,Belhaven,2015,34040,
923,Belhaven,2015,34041,
923,Belhaven,2015,34042,
923,Belhaven,2015,34043,
923,Belhaven,2015,34044,
923,Belhaven,2015,34045,
923,Belhaven,2015,34046,
997,Allen University,2015,37603,
997,Allen University,2015,40265,
997,Allen University,2015,48553,
997,Allen University,2015,53735,
997,Allen University,2015,56641,
997,Allen University,2015,56643,
997,Allen University,2015,56648,
997,Allen University,2015,60961,
997,Allen University,2015,65655,
997,Allen University,2015,65656,
997,Allen University,2015,65657,
997,Allen University,2015,65658,
997,Allen University,2015,65768,
578,Cal Maritime,2015,65558,
578,Cal Maritime,2015,65559,
578,Cal Maritime,2015,65560,
578,Cal Maritime,2015,65561,
578,Cal Maritime,2015,65562,
578,Cal Maritime,2015,65563,
578,Cal Maritime,2015,65564,
578,Cal Maritime,2015,65565,
578,Cal Maritime,2015,65566,
578,Cal Maritime,2015,65567,
578,Cal Maritime,2015,65568,
578,Cal Maritime,2015,65569,
578,Cal Maritime,2015,65570,
578,Cal Maritime,2015,65571,
578,Cal Maritime,2015,65572,
578,Cal Maritime,2015,65573,
578,Cal Maritime,2015,65574,
578,Cal Maritime,2015,65575,
578,Cal Maritime,2015,65576,
1123,Texas Permian Basin,2015,59512,
879,Keystone,2015,55096,
879,Keystone,2015,55100,
879,Keystone,2015,55101,
879,Keystone,2015,55106,
879,Keystone,2015,63807,
879,Keystone,2015,63808,
879,Keystone,2015,63809,
879,Keystone,2015,63810,
879,Keystone,2015,63811,
879,Keystone,2015,63812,
879,Keystone,2015,63813,
879,Keystone,2015,63814,
879,Keystone,2015,63815,
879,Keystone,2015,63816,
879,Keystone,2015,63817,
879,Keystone,2015,63818,
879,Keystone,2015,63819,
879,Keystone,2015,63820,
723,Dalton State,2015,54491,
723,Dalton State,2015,54492,
723,Dalton State,2015,54493,
723,Dalton State,2015,54494,
723,Dalton State,2015,54495,
723,Dalton State,2015,54496,
723,Dalton State,2015,54497,
723,Dalton State,2015,54498,
723,Dalton State,2015,54499,
723,Dalton State,2015,54500,
723,Dalton State,2015,54501,
723,Dalton State,2015,54502,
723,Dalton State,2015,54503,
566,Northwest University,2015,45225,
566,Northwest University,2015,53123,
566,Northwest University,2015,53125,
566,Northwest University,2015,53128,
566,Northwest University,2015,53132,
566,Northwest University,2015,64853,
566,Northwest University,2015,64854,
566,Northwest University,2015,64855,
566,Northwest University,2015,64856,
566,Northwest University,2015,64857,
566,Northwest University,2015,64858,
566,Northwest University,2015,64859,
566,Northwest University,2015,64860,
566,Northwest University,2015,64861,
566,Northwest University,2015,64862,
1296,Selma,2015,59541,
1296,Selma,2015,59542,
1296,Selma,2015,59543,
1296,Selma,2015,59544,
1296,Selma,2015,59545,
1296,Selma,2015,59546,
1296,Selma,2015,59547,
1296,Selma,2015,59548,
1296,Selma,2015,59549,
1296,Selma,2015,59550,
1296,Selma,2015,59551,
1296,Selma,2015,59552,
1296,Selma,2015,59553,
1296,Selma,2015,59554,
1296,Selma,2015,59555,
1296,Selma,2015,59556,
1296,Selma,2015,59557,
1296,Selma,2015,59558,
1296,Selma,2015,64607,
782,Michigan Tech,2015,13823,
1056,Mount St. Joseph,2015,41420,
1056,Mount St. Joseph,2015,41421,
1056,Mount St. Joseph,2015,59237,
1056,Mount St. Joseph,2015,59238,
1056,Mount St. Joseph,2015,59239,
1274,Concordia College (AL),2015,44718,
1274,Concordia College (AL),2015,49741,
1274,Concordia College (AL),2015,49742,
1274,Concordia College (AL),2015,49743,
1274,Concordia College (AL),2015,49744,
1274,Concordia College (AL),2015,49745,
1274,Concordia College (AL),2015,49746,
1274,Concordia College (AL),2015,49747,
1274,Concordia College (AL),2015,49748,
1274,Concordia College (AL),2015,49749,
1274,Concordia College (AL),2015,49750,
1274,Concordia College (AL),2015,49751,
1274,Concordia College (AL),2015,49752,
1274,Concordia College (AL),2015,49753,
1274,Concordia College (AL),2015,49754,
1274,Concordia College (AL),2015,49755,
1274,Concordia College (AL),2015,49756,
1274,Concordia College (AL),2015,49757,
1274,Concordia College (AL),2015,65453,
1274,Concordia College (AL),2015,65454,
1274,Concordia College (AL),2015,65455,
1274,Concordia College (AL),2015,65456,
1274,Concordia College (AL),2015,65457,
1274,Concordia College (AL),2015,65458,
1274,Concordia College (AL),2015,65459,
1274,Concordia College (AL),2015,65460,
1274,Concordia College (AL),2015,65461,
1274,Concordia College (AL),2015,65462,
1274,Concordia College (AL),2015,65463,
1274,Concordia College (AL),2015,65464,
1274,Concordia College (AL),2015,65465,
1274,Concordia College (AL),2015,65466,
1274,Concordia College (AL),2015,65467,
1274,Concordia College (AL),2015,65468,
1274,Concordia College (AL),2015,65469,
367,Centenary (LA),2015,43228,
367,Centenary (LA),2015,47317,
367,Centenary (LA),2015,47389,
367,Centenary (LA),2015,47392,
367,Centenary (LA),2015,51420,
367,Centenary (LA),2015,58622,1992-12-03
367,Centenary (LA),2015,58623,
367,Centenary (LA),2015,58625,
367,Centenary (LA),2015,58626,
367,Centenary (LA),2015,58627,
367,Centenary (LA),2015,58628,
367,Centenary (LA),2015,64774,1991-11-27
367,Centenary (LA),2015,64775,1994-01-12
367,Centenary (LA),2015,64776,
367,Centenary (LA),2015,64777,1992-09-19
367,Centenary (LA),2015,64778,1992-11-15
367,Centenary (LA),2015,64779,1993-07-08
822,Eastern Oregon,2015,62640,
822,Eastern Oregon,2015,62641,
822,Eastern Oregon,2015,62642,
822,Eastern Oregon,2015,62643,
822,Eastern Oregon,2015,62644,
822,Eastern Oregon,2015,62645,
822,Eastern Oregon,2015,62646,
822,Eastern Oregon,2015,62647,
822,Eastern Oregon,2015,62648,
822,Eastern Oregon,2015,62649,
822,Eastern Oregon,2015,62650,
822,Eastern Oregon,2015,62651,
822,Eastern Oregon,2015,62652,
822,Eastern Oregon,2015,62653,
822,Eastern Oregon,2015,62654,
822,Eastern Oregon,2015,62655,
822,Eastern Oregon,2015,64371,
983,Clayton State,2015,31249,
983,Clayton State,2015,31250,
983,Clayton State,2015,31251,
983,Clayton State,2015,31252,
983,Clayton State,2015,31253,
983,Clayton State,2015,31254,
983,Clayton State,2015,31255,
983,Clayton State,2015,31256,
983,Clayton State,2015,31257,
983,Clayton State,2015,31258,
983,Clayton State,2015,31259,
983,Clayton State,2015,31260,
983,Clayton State,2015,31261,
983,Clayton State,2015,55644,
983,Clayton State,2015,64087,
896,Valley City,2015,50504,
694,Mitchell College,2015,11481,
694,Mitchell College,2015,11489,
694,Mitchell College,2015,11490,
694,Mitchell College,2015,64811,
694,Mitchell College,2015,64812,
694,Mitchell College,2015,64813,
694,Mitchell College,2015,64814,
694,Mitchell College,2015,64815,
694,Mitchell College,2015,64816,
694,Mitchell College,2015,64817,
694,Mitchell College,2015,64818,
694,Mitchell College,2015,64819,
694,Mitchell College,2015,64820,
694,Mitchell College,2015,64821,
694,Mitchell College,2015,64822,
694,Mitchell College,2015,64823,
694,Mitchell College,2015,64824,
694,Mitchell College,2015,64825,
694,Mitchell College,2015,64826,
694,Mitchell College,2015,64827,
694,Mitchell College,2015,64828,
694,Mitchell College,2015,64829,
694,Mitchell College,2015,64830,
694,Mitchell College,2015,64831,
694,Mitchell College,2015,64832,
694,Mitchell College,2015,64833,
694,Mitchell College,2015,64834,
1211,Johnson & Wales (CO),2015,60346,
954,Greensboro College,2015,46910,
954,Greensboro College,2015,46916,
954,Greensboro College,2015,51434,
954,Greensboro College,2015,51436,
954,Greensboro College,2015,51439,
954,Greensboro College,2015,57836,
954,Greensboro College,2015,57837,
954,Greensboro College,2015,57839,
954,Greensboro College,2015,57842,
954,Greensboro College,2015,57843,
954,Greensboro College,2015,61786,
954,Greensboro College,2015,61787,
954,Greensboro College,2015,61788,
954,Greensboro College,2015,61789,
954,Greensboro College,2015,61790,
954,Greensboro College,2015,61791,
954,Greensboro College,2015,64704,
889,Pacific Union,2015,54819,
889,Pacific Union,2015,54824,
889,Pacific Union,2015,55581,
889,Pacific Union,2015,59582,
889,Pacific Union,2015,59585,
889,Pacific Union,2015,59587,
889,Pacific Union,2015,59588,
889,Pacific Union,2015,59589,
889,Pacific Union,2015,59592,
889,Pacific Union,2015,59593,
889,Pacific Union,2015,63842,
889,Pacific Union,2015,63843,
889,Pacific Union,2015,63844,
889,Pacific Union,2015,63845,
889,Pacific Union,2015,63846,
889,Pacific Union,2015,63847,
889,Pacific Union,2015,63848,
889,Pacific Union,2015,63849,
889,Pacific Union,2015,63850,
889,Pacific Union,2015,63851,
889,Pacific Union,2015,63852,
889,Pacific Union,2015,63853,
653,UT Permian Basin,2015,40804,
653,UT Permian Basin,2015,40811,
653,UT Permian Basin,2015,40813,
653,UT Permian Basin,2015,40814,1988-05-20
589,Lewis & Clark,2015,54226,
589,Lewis & Clark,2015,54227,
589,Lewis & Clark,2015,54229,
589,Lewis & Clark,2015,54233,
589,Lewis & Clark,2015,54234,
589,Lewis & Clark,2015,65232,
589,Lewis & Clark,2015,65233,
589,Lewis & Clark,2015,65234,
589,Lewis & Clark,2015,65235,
589,Lewis & Clark,2015,65236,
589,Lewis & Clark,2015,65237,
589,Lewis & Clark,2015,65238,
589,Lewis & Clark,2015,65239,
589,Lewis & Clark,2015,65240,
1017,Indiana-South Bend,2015,63698,
1017,Indiana-South Bend,2015,63699,
1017,Indiana-South Bend,2015,63700,
1017,Indiana-South Bend,2015,63701,
1017,Indiana-South Bend,2015,63702,
1017,Indiana-South Bend,2015,63703,
1017,Indiana-South Bend,2015,63704,
1017,Indiana-South Bend,2015,63705,
1017,Indiana-South Bend,2015,63706,
1017,Indiana-South Bend,2015,63707,
1017,Indiana-South Bend,2015,63708,
1017,Indiana-South Bend,2015,63709,
1017,Indiana-South Bend,2015,63710,
1017,Indiana-South Bend,2015,63711,
1017,Indiana-South Bend,2015,63712,
1006,Central Baptist College,2015,53146,
1006,Central Baptist College,2015,53147,
1006,Central Baptist College,2015,53159,
1006,Central Baptist College,2015,53160,
1006,Central Baptist College,2015,57820,
1006,Central Baptist College,2015,57823,
1006,Central Baptist College,2015,57826,
1006,Central Baptist College,2015,57827,
1006,Central Baptist College,2015,64905,
1006,Central Baptist College,2015,64906,
1006,Central Baptist College,2015,64907,
1006,Central Baptist College,2015,64908,
1006,Central Baptist College,2015,64909,
1006,Central Baptist College,2015,64910,
1006,Central Baptist College,2015,64911,
1006,Central Baptist College,2015,64912,
1006,Central Baptist College,2015,64913,
1006,Central Baptist College,2015,64914,
1006,Central Baptist College,2015,64915,
1006,Central Baptist College,2015,64916,
1006,Central Baptist College,2015,64917,
1006,Central Baptist College,2015,64918,
941,Bridgewater College (VA),2015,53078,
941,Bridgewater College (VA),2015,53081,
941,Bridgewater College (VA),2015,60482,
875,UT Tyler,2015,58331,
875,UT Tyler,2015,58332,
875,UT Tyler,2015,58333,
875,UT Tyler,2015,58340,
875,UT Tyler,2015,58344,
875,UT Tyler,2015,58345,
875,UT Tyler,2015,62286,
875,UT Tyler,2015,62287,
875,UT Tyler,2015,62288,
875,UT Tyler,2015,62289,
875,UT Tyler,2015,62290,
875,UT Tyler,2015,62291,
875,UT Tyler,2015,62292,
875,UT Tyler,2015,62293,
875,UT Tyler,2015,62294,
875,UT Tyler,2015,62295,
875,UT Tyler,2015,62296,
875,UT Tyler,2015,62297,
875,UT Tyler,2015,62298,
875,UT Tyler,2015,62299,
875,UT Tyler,2015,62300,
804,Southwestern Christian,2015,39578,
804,Southwestern Christian,2015,39579,
804,Southwestern Christian,2015,39580,
804,Southwestern Christian,2015,39581,
804,Southwestern Christian,2015,39582,
804,Southwestern Christian,2015,39583,
804,Southwestern Christian,2015,39584,
804,Southwestern Christian,2015,39585,
804,Southwestern Christian,2015,39586,
804,Southwestern Christian,2015,39587,
804,Southwestern Christian,2015,39588,
804,Southwestern Christian,2015,39589,
804,Southwestern Christian,2015,39590,
804,Southwestern Christian,2015,39591,
804,Southwestern Christian,2015,39592,
758,Harris-Stowe State,2015,47103,
758,Harris-Stowe State,2015,49971,
758,Harris-Stowe State,2015,56806,
758,Harris-Stowe State,2015,56809,
758,Harris-Stowe State,2015,56813,
758,Harris-Stowe State,2015,56816,
758,Harris-Stowe State,2015,61823,
758,Harris-Stowe State,2015,61824,
758,Harris-Stowe State,2015,61825,
758,Harris-Stowe State,2015,61826,
758,Harris-Stowe State,2015,61827,
758,Harris-Stowe State,2015,61828,
758,Harris-Stowe State,2015,61829,
758,Harris-Stowe State,2015,61830,
1091,Transylvania,2015,48219,
1091,Transylvania,2015,63928,
1091,Transylvania,2015,63929,
1091,Transylvania,2015,63930,
1091,Transylvania,2015,63931,
1091,Transylvania,2015,63932,
1091,Transylvania,2015,63933,
1091,Transylvania,2015,63934,
1091,Transylvania,2015,63935,
1091,Transylvania,2015,63936,
1091,Transylvania,2015,63937,
1091,Transylvania,2015,63938,
1091,Transylvania,2015,63939,
1091,Transylvania,2015,63940,
1091,Transylvania,2015,63941,
1091,Transylvania,2015,63942,
1091,Transylvania,2015,63943,
1091,Transylvania,2015,63944,
1091,Transylvania,2015,63945,
1091,Transylvania,2015,63946,
1091,Transylvania,2015,63947,
1091,Transylvania,2015,63948,
1091,Transylvania,2015,63949,
652,Colorado Christian,2015,39820,
652,Colorado Christian,2015,53946,
652,Colorado Christian,2015,53949,
652,Colorado Christian,2015,53952,
652,Colorado Christian,2015,53953,
652,Colorado Christian,2015,58610,
652,Colorado Christian,2015,58611,
652,Colorado Christian,2015,58615,
652,Colorado Christian,2015,63734,
652,Colorado Christian,2015,63735,
652,Colorado Christian,2015,63736,
652,Colorado Christian,2015,63737,
652,Colorado Christian,2015,63738,
652,Colorado Christian,2015,63739,
652,Colorado Christian,2015,63740,1992-03-31
535,Pfeiffer,2015,14158,
535,Pfeiffer,2015,54890,
535,Pfeiffer,2015,54893,
535,Pfeiffer,2015,54894,
535,Pfeiffer,2015,54903,
535,Pfeiffer,2015,54905,
535,Pfeiffer,2015,61796,
535,Pfeiffer,2015,61797,
535,Pfeiffer,2015,61798,
535,Pfeiffer,2015,61799,
535,Pfeiffer,2015,61800,
535,Pfeiffer,2015,61801,
535,Pfeiffer,2015,61802,
535,Pfeiffer,2015,62894,
565,Hawai'i Hilo,2015,50354,
565,Hawai'i Hilo,2015,50367,
565,Hawai'i Hilo,2015,54525,
565,Hawai'i Hilo,2015,54535,
565,Hawai'i Hilo,2015,54536,
565,Hawai'i Hilo,2015,57860,
565,Hawai'i Hilo,2015,57861,
565,Hawai'i Hilo,2015,57862,
565,Hawai'i Hilo,2015,57863,
565,Hawai'i Hilo,2015,57864,
565,Hawai'i Hilo,2015,57865,
565,Hawai'i Hilo,2015,57866,
565,Hawai'i Hilo,2015,57867,
728,Judson University,2015,50952,
728,Judson University,2015,59977,
728,Judson University,2015,59978,
728,Judson University,2015,59980,
728,Judson University,2015,59981,
728,Judson University,2015,59984,
728,Judson University,2015,59985,
728,Judson University,2015,59986,
728,Judson University,2015,59987,
728,Judson University,2015,59988,
728,Judson University,2015,59989,
728,Judson University,2015,59991,
728,Judson University,2015,59992,
728,Judson University,2015,60585,
728,Judson University,2015,60586,
728,Judson University,2015,65305,
728,Judson University,2015,65306,
728,Judson University,2015,65307,
728,Judson University,2015,65308,
728,Judson University,2015,65309,
728,Judson University,2015,65310,
728,Judson University,2015,65311,
728,Judson University,2015,65312,
728,Judson University,2015,65313,
728,Judson University,2015,65314,
728,Judson University,2015,65315,
728,Judson University,2015,65316,
928,Berea,2015,54646,
928,Berea,2015,54647,
928,Berea,2015,63152,
928,Berea,2015,63153,
928,Berea,2015,63154,
928,Berea,2015,63155,
928,Berea,2015,63156,
928,Berea,2015,63157,
928,Berea,2015,63158,
928,Berea,2015,63159,
928,Berea,2015,63160,
928,Berea,2015,63161,
928,Berea,2015,63162,
928,Berea,2015,63163,
987,Harding,2015,44669,
987,Harding,2015,44670,1990-05-30
987,Harding,2015,44671,1989-06-05
987,Harding,2015,44672,1989-07-17
987,Harding,2015,44678,1990-10-28
987,Harding,2015,44679,1990-09-11
881,Johnson & Wales (NC),2015,54848,
881,Johnson & Wales (NC),2015,58722,
881,Johnson & Wales (NC),2015,58723,
881,Johnson & Wales (NC),2015,58724,
881,Johnson & Wales (NC),2015,58727,
881,Johnson & Wales (NC),2015,58728,
881,Johnson & Wales (NC),2015,58729,
881,Johnson & Wales (NC),2015,58733,
881,Johnson & Wales (NC),2015,58734,
881,Johnson & Wales (NC),2015,58735,
881,Johnson & Wales (NC),2015,58736,
881,Johnson & Wales (NC),2015,58737,
881,Johnson & Wales (NC),2015,58738,
881,Johnson & Wales (NC),2015,58739,
881,Johnson & Wales (NC),2015,58740,
881,Johnson & Wales (NC),2015,63655,
881,Johnson & Wales (NC),2015,63656,
881,Johnson & Wales (NC),2015,63657,
881,Johnson & Wales (NC),2015,63658,
881,Johnson & Wales (NC),2015,63659,
881,Johnson & Wales (NC),2015,63660,
881,Johnson & Wales (NC),2015,63661,
881,Johnson & Wales (NC),2015,63662,
881,Johnson & Wales (NC),2015,63663,
881,Johnson & Wales (NC),2015,63664,
881,Johnson & Wales (NC),2015,63665,
881,Johnson & Wales (NC),2015,63666,
881,Johnson & Wales (NC),2015,63667,
881,Johnson & Wales (NC),2015,63668,
881,Johnson & Wales (NC),2015,63669,
881,Johnson & Wales (NC),2015,63670,
881,Johnson & Wales (NC),2015,63671,
683,Southern Virginia,2015,34673,
683,Southern Virginia,2015,34674,
683,Southern Virginia,2015,34676,
683,Southern Virginia,2015,34687,
683,Southern Virginia,2015,47442,
683,Southern Virginia,2015,63742,
683,Southern Virginia,2015,63743,
683,Southern Virginia,2015,63744,
683,Southern Virginia,2015,63745,
683,Southern Virginia,2015,63746,
683,Southern Virginia,2015,63747,
683,Southern Virginia,2015,63748,
683,Southern Virginia,2015,63749,
683,Southern Virginia,2015,63750,
683,Southern Virginia,2015,63751,
683,Southern Virginia,2015,63752,
683,Southern Virginia,2015,63753,
683,Southern Virginia,2015,63754,
683,Southern Virginia,2015,63755,
683,Southern Virginia,2015,63756,
683,Southern Virginia,2015,63757,
683,Southern Virginia,2015,63758,
683,Southern Virginia,2015,63759,
683,Southern Virginia,2015,63760,
1341,Northwestern Oklahoma State,2015,63575,
1341,Northwestern Oklahoma State,2015,63576,
1341,Northwestern Oklahoma State,2015,63577,
1341,Northwestern Oklahoma State,2015,63578,
1341,Northwestern Oklahoma State,2015,63579,
1341,Northwestern Oklahoma State,2015,63580,
1341,Northwestern Oklahoma State,2015,63581,
1341,Northwestern Oklahoma State,2015,63582,
1341,Northwestern Oklahoma State,2015,63583,
1341,Northwestern Oklahoma State,2015,63584,
1341,Northwestern Oklahoma State,2015,63585,
1341,Northwestern Oklahoma State,2015,63586,
1341,Northwestern Oklahoma State,2015,63587,
1341,Northwestern Oklahoma State,2015,63588,
1341,Northwestern Oklahoma State,2015,63589,
1341,Northwestern Oklahoma State,2015,63590,
1213,Tampa,2015,40996,
1213,Tampa,2015,41001,
1213,Tampa,2015,41002,
1301,St. Josephs (IND),2015,40266,
1301,St. Josephs (IND),2015,50293,
1301,St. Josephs (IND),2015,58533,
1301,St. Josephs (IND),2015,58534,
1301,St. Josephs (IND),2015,58535,
1301,St. Josephs (IND),2015,58537,
1301,St. Josephs (IND),2015,58538,
1301,St. Josephs (IND),2015,58540,
1301,St. Josephs (IND),2015,58541,
1301,St. Josephs (IND),2015,59302,
1301,St. Josephs (IND),2015,65160,
1301,St. Josephs (IND),2015,65161,
1301,St. Josephs (IND),2015,65162,
1301,St. Josephs (IND),2015,65163,
1301,St. Josephs (IND),2015,65164,
1301,St. Josephs (IND),2015,65165,
1344,St. Thomas Aquinas,2015,43591,
1344,St. Thomas Aquinas,2015,63974,
1344,St. Thomas Aquinas,2015,63975,
1344,St. Thomas Aquinas,2015,63976,
1344,St. Thomas Aquinas,2015,63977,1991-09-17
1344,St. Thomas Aquinas,2015,63978,
1344,St. Thomas Aquinas,2015,63979,
1344,St. Thomas Aquinas,2015,63980,
1344,St. Thomas Aquinas,2015,63981,
1344,St. Thomas Aquinas,2015,63982,1995-03-16
1344,St. Thomas Aquinas,2015,63983,
1344,St. Thomas Aquinas,2015,63984,
1344,St. Thomas Aquinas,2015,63985,
1344,St. Thomas Aquinas,2015,63986,
1344,St. Thomas Aquinas,2015,63987,
1342,South Vermont,2015,63626,
1342,South Vermont,2015,63627,
1342,South Vermont,2015,63628,
1342,South Vermont,2015,63629,
1342,South Vermont,2015,63630,
1342,South Vermont,2015,63631,
1342,South Vermont,2015,63632,
1342,South Vermont,2015,63633,
1342,South Vermont,2015,63634,
1342,South Vermont,2015,63635,
1342,South Vermont,2015,63636,
1342,South Vermont,2015,63637,
1342,South Vermont,2015,63638,
1342,South Vermont,2015,63639,
1342,South Vermont,2015,63640,
699,Johnson University (TN),2015,48015,
699,Johnson University (TN),2015,48020,
699,Johnson University (TN),2015,48024,
699,Johnson University (TN),2015,48025,
699,Johnson University (TN),2015,48026,
699,Johnson University (TN),2015,48027,
699,Johnson University (TN),2015,48028,
699,Johnson University (TN),2015,48029,
699,Johnson University (TN),2015,48030,
699,Johnson University (TN),2015,48031,
699,Johnson University (TN),2015,48032,
699,Johnson University (TN),2015,48033,
699,Johnson University (TN),2015,48034,
699,Johnson University (TN),2015,48035,
699,Johnson University (TN),2015,48036,
699,Johnson University (TN),2015,48037,
699,Johnson University (TN),2015,48038,
699,Johnson University (TN),2015,48039,
699,Johnson University (TN),2015,48040,
699,Johnson University (TN),2015,48041,
699,Johnson University (TN),2015,48042,
699,Johnson University (TN),2015,48043,
699,Johnson University (TN),2015,63526,
1050,Master's University,2015,52547,
1050,Master's University,2015,55404,
1050,Master's University,2015,55405,
1050,Master's University,2015,55409,
1050,Master's University,2015,55413,
1050,Master's University,2015,59724,
1050,Master's University,2015,59726,
1050,Master's University,2015,59727,
1050,Master's University,2015,59728,
1050,Master's University,2015,63908,
1050,Master's University,2015,63909,
1050,Master's University,2015,63910,1992-03-04
1050,Master's University,2015,63911,
1050,Master's University,2015,63912,
1050,Master's University,2015,63913,
514,Dickinson (PA),2015,1910,
514,Dickinson (PA),2015,1911,
514,Dickinson (PA),2015,1913,
514,Dickinson (PA),2015,1915,
514,Dickinson (PA),2015,1918,
762,Ouachita Baptist,2015,47968,
762,Ouachita Baptist,2015,47972,
762,Ouachita Baptist,2015,55454,
762,Ouachita Baptist,2015,60061,
762,Ouachita Baptist,2015,60062,
762,Ouachita Baptist,2015,60063,
762,Ouachita Baptist,2015,60064,
762,Ouachita Baptist,2015,60065,
762,Ouachita Baptist,2015,64651,
762,Ouachita Baptist,2015,64652,
762,Ouachita Baptist,2015,64653,
762,Ouachita Baptist,2015,64654,
762,Ouachita Baptist,2015,64655,
762,Ouachita Baptist,2015,64656,
531,LSU Alexandria,2015,54424,
531,LSU Alexandria,2015,54426,
531,LSU Alexandria,2015,54436,1994-09-24
531,LSU Alexandria,2015,54437,1994-05-16
531,LSU Alexandria,2015,54438,1994-05-16
531,LSU Alexandria,2015,54444,
531,LSU Alexandria,2015,54445,
531,LSU Alexandria,2015,54446,
531,LSU Alexandria,2015,54447,
531,LSU Alexandria,2015,54448,
531,LSU Alexandria,2015,54449,
531,LSU Alexandria,2015,54450,
531,LSU Alexandria,2015,63136,1993-09-27
531,LSU Alexandria,2015,63137,
531,LSU Alexandria,2015,63138,
531,LSU Alexandria,2015,63139,
531,LSU Alexandria,2015,63140,1991-08-10
531,LSU Alexandria,2015,63392,
531,LSU Alexandria,2015,63393,
1040,Cal State East Bay,2015,55135,
1040,Cal State East Bay,2015,55144,
1040,Cal State East Bay,2015,55145,
1040,Cal State East Bay,2015,55148,
1040,Cal State East Bay,2015,55150,
1040,Cal State East Bay,2015,60649,
1040,Cal State East Bay,2015,60650,
1040,Cal State East Bay,2015,60651,
1040,Cal State East Bay,2015,60652,
1040,Cal State East Bay,2015,60654,
1040,Cal State East Bay,2015,64518,
1040,Cal State East Bay,2015,64519,
1040,Cal State East Bay,2015,64520,
1040,Cal State East Bay,2015,64521,
1040,Cal State East Bay,2015,64522,
1040,Cal State East Bay,2015,64523,1992-12-22
1040,Cal State East Bay,2015,64524,
1040,Cal State East Bay,2015,64525,
1040,Cal State East Bay,2015,64526,
670,La Sierra,2015,32745,
670,La Sierra,2015,32746,
670,La Sierra,2015,32747,
670,La Sierra,2015,32748,
670,La Sierra,2015,32749,
670,La Sierra,2015,32750,
670,La Sierra,2015,32751,
670,La Sierra,2015,32752,
670,La Sierra,2015,32753,
670,La Sierra,2015,32754,
670,La Sierra,2015,32755,
670,La Sierra,2015,32756,
670,La Sierra,2015,32757,
670,La Sierra,2015,32758,
670,La Sierra,2015,32759,
670,La Sierra,2015,32760,
670,La Sierra,2015,32761,
670,La Sierra,2015,32762,
670,La Sierra,2015,32763,
560,William Carey,2015,50582,
560,William Carey,2015,59170,
560,William Carey,2015,59171,
560,William Carey,2015,59172,
560,William Carey,2015,59173,
560,William Carey,2015,59174,
560,William Carey,2015,59176,
560,William Carey,2015,59177,
560,William Carey,2015,59178,
560,William Carey,2015,59180,
560,William Carey,2015,61980,
560,William Carey,2015,61981,
560,William Carey,2015,61982,
560,William Carey,2015,61983,
560,William Carey,2015,61984,
560,William Carey,2015,61985,
560,William Carey,2015,61986,
560,William Carey,2015,61987,
560,William Carey,2015,61988,
560,William Carey,2015,61989,
560,William Carey,2015,61990,
1310,Northern Michigan,2015,56055,
1310,Northern Michigan,2015,56058,
1310,Northern Michigan,2015,56059,
1310,Northern Michigan,2015,56061,
1310,Northern Michigan,2015,56066,
1057,Goucher,2015,49290,
1057,Goucher,2015,49291,
1057,Goucher,2015,49299,
1057,Goucher,2015,59112,
1057,Goucher,2015,59113,
1057,Goucher,2015,59114,
1057,Goucher,2015,59115,
1057,Goucher,2015,59118,
1057,Goucher,2015,59119,
1057,Goucher,2015,63198,
1057,Goucher,2015,63199,
1057,Goucher,2015,63200,
1057,Goucher,2015,63201,
1057,Goucher,2015,63202,
1057,Goucher,2015,63203,
1057,Goucher,2015,63204,
545,St. Francis (IL),2015,47789,
545,St. Francis (IL),2015,47798,
545,St. Francis (IL),2015,52542,
545,St. Francis (IL),2015,52545,
545,St. Francis (IL),2015,52546,
545,St. Francis (IL),2015,52548,
545,St. Francis (IL),2015,52551,
545,St. Francis (IL),2015,59990,
545,St. Francis (IL),2015,61136,1993-05-02
545,St. Francis (IL),2015,61137,
545,St. Francis (IL),2015,61138,
545,St. Francis (IL),2015,61139,
545,St. Francis (IL),2015,61140,
545,St. Francis (IL),2015,61141,
545,St. Francis (IL),2015,61142,
545,St. Francis (IL),2015,61143,
940,Mayville State,2015,45572,
940,Mayville State,2015,48092,
940,Mayville State,2015,53820,
940,Mayville State,2015,63535,
940,Mayville State,2015,63536,
940,Mayville State,2015,63537,
940,Mayville State,2015,63538,
940,Mayville State,2015,63539,
940,Mayville State,2015,63540,
940,Mayville State,2015,63541,
940,Mayville State,2015,63542,
940,Mayville State,2015,63543,
940,Mayville State,2015,63544,
940,Mayville State,2015,63545,
940,Mayville State,2015,63546,
940,Mayville State,2015,63547,
940,Mayville State,2015,63548,
1339,Young Harris College,2015,63377,
1339,Young Harris College,2015,63378,1991-06-01
1339,Young Harris College,2015,63379,
1339,Young Harris College,2015,63380,
1339,Young Harris College,2015,63381,1992-10-02
1339,Young Harris College,2015,63382,
1339,Young Harris College,2015,63383,
1339,Young Harris College,2015,63384,
1339,Young Harris College,2015,63385,
1339,Young Harris College,2015,63386,
1339,Young Harris College,2015,63387,
1339,Young Harris College,2015,63388,
1339,Young Harris College,2015,63389,
1339,Young Harris College,2015,63390,
1339,Young Harris College,2015,63391,
811,Waldorf College,2015,54504,
811,Waldorf College,2015,54517,
811,Waldorf College,2015,54524,
1198,Arkansas Tech,2015,39431,
1198,Arkansas Tech,2015,39432,
1198,Arkansas Tech,2015,39438,
1198,Arkansas Tech,2015,39439,
1198,Arkansas Tech,2015,39440,
1198,Arkansas Tech,2015,58369,
1198,Arkansas Tech,2015,65145,1990-04-15
1198,Arkansas Tech,2015,65146,
1198,Arkansas Tech,2015,65147,1991-02-07
1198,Arkansas Tech,2015,65148,
1198,Arkansas Tech,2015,65149,
1198,Arkansas Tech,2015,65150,
1198,Arkansas Tech,2015,65151,
1198,Arkansas Tech,2015,65152,
1198,Arkansas Tech,2015,65153,1991-05-07
1198,Arkansas Tech,2015,65154,
1198,Arkansas Tech,2015,65155,
1198,Arkansas Tech,2015,65156,
1198,Arkansas Tech,2015,65157,
1198,Arkansas Tech,2015,65158,
1198,Arkansas Tech,2015,65159,
1115,Quincy,2015,53584,
1115,Quincy,2015,59400,
1115,Quincy,2015,59401,
1115,Quincy,2015,59402,
1115,Quincy,2015,59403,
1115,Quincy,2015,59404,
1115,Quincy,2015,59405,
1115,Quincy,2015,59407,
1115,Quincy,2015,59408,
1115,Quincy,2015,59409,
1115,Quincy,2015,59411,
1115,Quincy,2015,59412,
1115,Quincy,2015,59413,
1115,Quincy,2015,65344,
1115,Quincy,2015,65345,
1115,Quincy,2015,65346,
1115,Quincy,2015,65347,
1115,Quincy,2015,65348,
587,St. Andrews,2015,49480,
587,St. Andrews,2015,60417,
587,St. Andrews,2015,60418,
587,St. Andrews,2015,60419,
587,St. Andrews,2015,60420,1996-03-12
587,St. Andrews,2015,60421,
587,St. Andrews,2015,60422,
587,St. Andrews,2015,60423,
587,St. Andrews,2015,60424,
587,St. Andrews,2015,64417,
587,St. Andrews,2015,64418,1991-10-05
587,St. Andrews,2015,64419,
587,St. Andrews,2015,64420,
587,St. Andrews,2015,64421,
587,St. Andrews,2015,64422,
587,St. Andrews,2015,64423,
587,St. Andrews,2015,64424,
587,St. Andrews,2015,64425,
587,St. Andrews,2015,64426,
587,St. Andrews,2015,64445,
1327,Ursinus,2015,60201,
1327,Ursinus,2015,60202,
1327,Ursinus,2015,60207,
1327,Ursinus,2015,60208,
1240,Miles,2015,44735,
1240,Miles,2015,60425,
1240,Miles,2015,60428,
1240,Miles,2015,60429,
1240,Miles,2015,60430,
1240,Miles,2015,63876,
1240,Miles,2015,63877,
1240,Miles,2015,63878,
1240,Miles,2015,63879,
1240,Miles,2015,63880,
1240,Miles,2015,63881,
1240,Miles,2015,63882,
1240,Miles,2015,63883,
1240,Miles,2015,63884,
1240,Miles,2015,63885,
1240,Miles,2015,63886,
1240,Miles,2015,63887,
1240,Miles,2015,63888,
1240,Miles,2015,63889,
604,Wayland Baptist,2015,55168,
604,Wayland Baptist,2015,55459,
604,Wayland Baptist,2015,62033,
604,Wayland Baptist,2015,62034,
604,Wayland Baptist,2015,62035,
604,Wayland Baptist,2015,62036,
604,Wayland Baptist,2015,62037,1993-04-02
604,Wayland Baptist,2015,62038,
604,Wayland Baptist,2015,62039,
604,Wayland Baptist,2015,62040,
604,Wayland Baptist,2015,62041,
604,Wayland Baptist,2015,62042,
604,Wayland Baptist,2015,62043,
604,Wayland Baptist,2015,62044,
604,Wayland Baptist,2015,62045,
604,Wayland Baptist,2015,62046,1988-05-20
604,Wayland Baptist,2015,62047,
604,Wayland Baptist,2015,65250,
1262,Wheelock College,2015,46203,
1262,Wheelock College,2015,46205,
1262,Wheelock College,2015,46206,
1262,Wheelock College,2015,46209,
1262,Wheelock College,2015,46210,
1262,Wheelock College,2015,46211,
1262,Wheelock College,2015,59229,
1262,Wheelock College,2015,59233,
1262,Wheelock College,2015,64582,
1262,Wheelock College,2015,64583,
1262,Wheelock College,2015,64584,
842,Carroll (MT),2015,49862,
842,Carroll (MT),2015,49864,
842,Carroll (MT),2015,49865,
842,Carroll (MT),2015,49866,
842,Carroll (MT),2015,49867,
842,Carroll (MT),2015,49871,
842,Carroll (MT),2015,49872,
842,Carroll (MT),2015,49874,
842,Carroll (MT),2015,49875,
842,Carroll (MT),2015,49876,
842,Carroll (MT),2015,62187,
842,Carroll (MT),2015,62188,
842,Carroll (MT),2015,62189,
842,Carroll (MT),2015,62190,
842,Carroll (MT),2015,62191,
842,Carroll (MT),2015,62192,
842,Carroll (MT),2015,64203,
842,Carroll (MT),2015,64204,
1282,Great Falls,2015,50738,1996-05-08
1282,Great Falls,2015,54967,1991-03-22
1282,Great Falls,2015,54971,1992-09-04
1282,Great Falls,2015,54973,1986-10-22
1282,Great Falls,2015,57549,
1282,Great Falls,2015,57550,
1282,Great Falls,2015,57552,
1282,Great Falls,2015,57553,
1282,Great Falls,2015,57554,
1282,Great Falls,2015,57555,
1282,Great Falls,2015,57560,
1282,Great Falls,2015,64600,
1282,Great Falls,2015,64601,
1282,Great Falls,2015,64602,
1282,Great Falls,2015,64603,
1282,Great Falls,2015,64604,
1282,Great Falls,2015,64605,
1282,Great Falls,2015,64606,
639,Dickinson State (ND),2015,58383,
639,Dickinson State (ND),2015,58384,
639,Dickinson State (ND),2015,58385,
639,Dickinson State (ND),2015,58391,
639,Dickinson State (ND),2015,58392,
639,Dickinson State (ND),2015,65089,
639,Dickinson State (ND),2015,65090,
639,Dickinson State (ND),2015,65091,
639,Dickinson State (ND),2015,65092,
639,Dickinson State (ND),2015,65093,
639,Dickinson State (ND),2015,65094,
639,Dickinson State (ND),2015,65095,
639,Dickinson State (ND),2015,65096,
639,Dickinson State (ND),2015,65097,
639,Dickinson State (ND),2015,65098,
639,Dickinson State (ND),2015,65099,
639,Dickinson State (ND),2015,65100,
639,Dickinson State (ND),2015,65101,
639,Dickinson State (ND),2015,65102,
639,Dickinson State (ND),2015,65103,
639,Dickinson State (ND),2015,65104,
639,Dickinson State (ND),2015,65105,
639,Dickinson State (ND),2015,65106,
639,Dickinson State (ND),2015,65107,
639,Dickinson State (ND),2015,65108,
639,Dickinson State (ND),2015,65109,
639,Dickinson State (ND),2015,65110,
639,Dickinson State (ND),2015,65111,
639,Dickinson State (ND),2015,65112,
639,Dickinson State (ND),2015,65113,
639,Dickinson State (ND),2015,65114,
1313,Cincinnati Christian,2015,56741,
1313,Cincinnati Christian,2015,56743,
1313,Cincinnati Christian,2015,56744,
1313,Cincinnati Christian,2015,56748,
1313,Cincinnati Christian,2015,56749,
1313,Cincinnati Christian,2015,56750,
1313,Cincinnati Christian,2015,63257,
1313,Cincinnati Christian,2015,63258,
1313,Cincinnati Christian,2015,63259,
1313,Cincinnati Christian,2015,63260,
1313,Cincinnati Christian,2015,63261,
1313,Cincinnati Christian,2015,63262,
1313,Cincinnati Christian,2015,63263,
1313,Cincinnati Christian,2015,63264,
1313,Cincinnati Christian,2015,63265,
1313,Cincinnati Christian,2015,63266,
1313,Cincinnati Christian,2015,63267,
1313,Cincinnati Christian,2015,63268,
1313,Cincinnati Christian,2015,63269,
1313,Cincinnati Christian,2015,63270,
1313,Cincinnati Christian,2015,65251,
1313,Cincinnati Christian,2015,65252,
506,Alice Lloyd College,2015,33827,
506,Alice Lloyd College,2015,33833,
506,Alice Lloyd College,2015,33834,
506,Alice Lloyd College,2015,65369,
506,Alice Lloyd College,2015,65370,
506,Alice Lloyd College,2015,65371,
506,Alice Lloyd College,2015,65372,
506,Alice Lloyd College,2015,65373,
506,Alice Lloyd College,2015,65374,
506,Alice Lloyd College,2015,65375,
506,Alice Lloyd College,2015,65376,
506,Alice Lloyd College,2015,65377,
506,Alice Lloyd College,2015,65378,
506,Alice Lloyd College,2015,65379,
506,Alice Lloyd College,2015,65380,
506,Alice Lloyd College,2015,65381,
506,Alice Lloyd College,2015,65382,
506,Alice Lloyd College,2015,65383,
506,Alice Lloyd College,2015,65384,
968,Mount Saint Vincent,2015,55005,
968,Mount Saint Vincent,2015,55008,
968,Mount Saint Vincent,2015,55013,
968,Mount Saint Vincent,2015,55017,
968,Mount Saint Vincent,2015,55018,
968,Mount Saint Vincent,2015,58458,
968,Mount Saint Vincent,2015,58459,
968,Mount Saint Vincent,2015,58461,
968,Mount Saint Vincent,2015,58462,
968,Mount Saint Vincent,2015,58463,
968,Mount Saint Vincent,2015,58464,
968,Mount Saint Vincent,2015,64767,
968,Mount Saint Vincent,2015,64768,
968,Mount Saint Vincent,2015,64769,
968,Mount Saint Vincent,2015,64770,
968,Mount Saint Vincent,2015,64771,
968,Mount Saint Vincent,2015,64772,
742,Arlington Baptist,2015,42095,
742,Arlington Baptist,2015,42096,
742,Arlington Baptist,2015,55342,
742,Arlington Baptist,2015,59943,
742,Arlington Baptist,2015,59944,
742,Arlington Baptist,2015,59945,
742,Arlington Baptist,2015,59947,
742,Arlington Baptist,2015,64784,
742,Arlington Baptist,2015,64785,
742,Arlington Baptist,2015,64786,
742,Arlington Baptist,2015,64787,
742,Arlington Baptist,2015,64788,
742,Arlington Baptist,2015,64789,
742,Arlington Baptist,2015,64790,
742,Arlington Baptist,2015,64791,
742,Arlington Baptist,2015,64792,
742,Arlington Baptist,2015,64793,
742,Arlington Baptist,2015,64794,
1176,Bluefield State,2015,62765,
1176,Bluefield State,2015,62766,
1176,Bluefield State,2015,62767,
1176,Bluefield State,2015,62768,
1176,Bluefield State,2015,62769,
1176,Bluefield State,2015,62770,
1176,Bluefield State,2015,62771,
1176,Bluefield State,2015,62772,
1176,Bluefield State,2015,62773,
1176,Bluefield State,2015,62774,
1176,Bluefield State,2015,62775,
764,Montana Tech,2015,48848,
764,Montana Tech,2015,50725,
764,Montana Tech,2015,55319,
764,Montana Tech,2015,55324,
764,Montana Tech,2015,65716,
764,Montana Tech,2015,65717,
764,Montana Tech,2015,65718,
764,Montana Tech,2015,65719,
764,Montana Tech,2015,65720,
764,Montana Tech,2015,65721,
764,Montana Tech,2015,65722,
764,Montana Tech,2015,65723,
764,Montana Tech,2015,65724,
764,Montana Tech,2015,65725,
764,Montana Tech,2015,65726,
764,Montana Tech,2015,65727,
764,Montana Tech,2015,65728,
764,Montana Tech,2015,65729,
764,Montana Tech,2015,65730,
764,Montana Tech,2015,65731,
764,Montana Tech,2015,65732,
764,Montana Tech,2015,65733,
1353,Penn State (Beaver),2015,65116,
1353,Penn State (Beaver),2015,65117,
1353,Penn State (Beaver),2015,65118,
1353,Penn State (Beaver),2015,65119,
1353,Penn State (Beaver),2015,65120,
1353,Penn State (Beaver),2015,65121,
1353,Penn State (Beaver),2015,65122,
1353,Penn State (Beaver),2015,65123,
1353,Penn State (Beaver),2015,65124,
1353,Penn State (Beaver),2015,65125,
1353,Penn State (Beaver),2015,65126,
1353,Penn State (Beaver),2015,65127,
1353,Penn State (Beaver),2015,65128,
1353,Penn State (Beaver),2015,65129,
1353,Penn State (Beaver),2015,65130,
1353,Penn State (Beaver),2015,65131,
1353,Penn State (Beaver),2015,65132,
1353,Penn State (Beaver),2015,65133,
1353,Penn State (Beaver),2015,65134,
1353,Penn State (Beaver),2015,65135,
1004,Manchester,2015,58291,
1004,Manchester,2015,58292,
1004,Manchester,2015,58293,
1004,Manchester,2015,58294,
1004,Manchester,2015,58300,
1004,Manchester,2015,58301,
1004,Manchester,2015,58302,
1004,Manchester,2015,58303,
1004,Manchester,2015,58304,
1004,Manchester,2015,58305,
1004,Manchester,2015,61578,
1004,Manchester,2015,61579,
1004,Manchester,2015,61580,
1004,Manchester,2015,61581,
1004,Manchester,2015,61582,
1004,Manchester,2015,61583,
1004,Manchester,2015,61584,
1004,Manchester,2015,61585,
1004,Manchester,2015,61586,
1004,Manchester,2015,61587,
1004,Manchester,2015,61588,
1169,Midwestern State,2015,34229,
1169,Midwestern State,2015,34230,
1169,Midwestern State,2015,34231,
1169,Midwestern State,2015,34232,
1169,Midwestern State,2015,34233,
1169,Midwestern State,2015,34234,
1169,Midwestern State,2015,34235,
1169,Midwestern State,2015,34239,
1169,Midwestern State,2015,34240,
1169,Midwestern State,2015,34241,
1169,Midwestern State,2015,34242,
1169,Midwestern State,2015,34243,
1169,Midwestern State,2015,34244,
1169,Midwestern State,2015,34245,
1169,Midwestern State,2015,34246,
1169,Midwestern State,2015,34247,
1169,Midwestern State,2015,65385,2004-11-19
1169,Midwestern State,2015,65386,2003-12-01
1169,Midwestern State,2015,65387,2003-12-01
1169,Midwestern State,2015,65388,2003-12-01
1169,Midwestern State,2015,65389,2003-12-01
1169,Midwestern State,2015,65390,
1169,Midwestern State,2015,65391,2004-11-19
1169,Midwestern State,2015,65392,2004-11-19
1169,Midwestern State,2015,65393,2003-12-01
1169,Midwestern State,2015,65394,2003-12-01
1169,Midwestern State,2015,65395,2004-11-19
1169,Midwestern State,2015,65396,2004-11-19
1169,Midwestern State,2015,65397,2004-11-19
1169,Midwestern State,2015,65398,2004-11-19
1169,Midwestern State,2015,65399,2004-11-19
1169,Midwestern State,2015,65400,2004-11-19
1169,Midwestern State,2015,65401,2004-11-19
1169,Midwestern State,2015,65402,2004-11-19
1169,Midwestern State,2015,65403,2004-11-19
1169,Midwestern State,2015,65404,2003-12-01
1169,Midwestern State,2015,65405,2003-12-01
1169,Midwestern State,2015,65406,2003-12-01
1169,Midwestern State,2015,65407,2003-12-01
1169,Midwestern State,2015,65408,2003-12-01
1169,Midwestern State,2015,65409,2003-12-01
1169,Midwestern State,2015,65410,2003-12-01
1163,Freed-Hardeman,2015,41237,
1163,Freed-Hardeman,2015,41239,
1163,Freed-Hardeman,2015,41240,
1163,Freed-Hardeman,2015,41247,
1163,Freed-Hardeman,2015,41248,
552,Avila,2015,63713,
552,Avila,2015,63714,
552,Avila,2015,63715,
552,Avila,2015,63716,
552,Avila,2015,63717,
552,Avila,2015,63718,
552,Avila,2015,63719,
552,Avila,2015,63720,
552,Avila,2015,63721,
552,Avila,2015,63722,
552,Avila,2015,63723,
552,Avila,2015,63724,
552,Avila,2015,63725,
552,Avila,2015,63726,
552,Avila,2015,63727,
552,Avila,2015,63728,
552,Avila,2015,63729,
552,Avila,2015,63730,
552,Avila,2015,63731,
552,Avila,2015,63732,
552,Avila,2015,63733,
552,Avila,2015,65847,
521,Trinity Baptist,2015,44601,
521,Trinity Baptist,2015,49240,
521,Trinity Baptist,2015,53645,
521,Trinity Baptist,2015,53650,
521,Trinity Baptist,2015,53651,
521,Trinity Baptist,2015,61720,
521,Trinity Baptist,2015,61721,
521,Trinity Baptist,2015,61722,
521,Trinity Baptist,2015,61723,
521,Trinity Baptist,2015,61724,
521,Trinity Baptist,2015,61725,
521,Trinity Baptist,2015,61726,
521,Trinity Baptist,2015,61727,
521,Trinity Baptist,2015,61728,
521,Trinity Baptist,2015,61729,
521,Trinity Baptist,2015,61730,
521,Trinity Baptist,2015,61731,
521,Trinity Baptist,2015,61732,
1347,Langston,2015,64285,
1347,Langston,2015,64286,
1347,Langston,2015,64287,
1347,Langston,2015,64288,
1347,Langston,2015,64289,
1347,Langston,2015,64290,
1347,Langston,2015,64291,
1347,Langston,2015,64292,1991-06-13
1347,Langston,2015,64293,
1347,Langston,2015,64294,
1347,Langston,2015,64295,
1347,Langston,2015,64296,
1347,Langston,2015,64297,
1347,Langston,2015,64298,
1347,Langston,2015,64299,
1347,Langston,2015,64300,
932,Northwest Nazarene,2015,50351,
932,Northwest Nazarene,2015,53270,
932,Northwest Nazarene,2015,53271,
932,Northwest Nazarene,2015,64755,
932,Northwest Nazarene,2015,64756,
932,Northwest Nazarene,2015,64757,
932,Northwest Nazarene,2015,64758,
932,Northwest Nazarene,2015,64759,
932,Northwest Nazarene,2015,64760,
932,Northwest Nazarene,2015,64761,
932,Northwest Nazarene,2015,64762,
932,Northwest Nazarene,2015,64763,
932,Northwest Nazarene,2015,64764,
932,Northwest Nazarene,2015,64765,
932,Northwest Nazarene,2015,64766,
1158,McKendree,2015,40894,
1158,McKendree,2015,53785,
1158,McKendree,2015,63400,
1158,McKendree,2015,63401,
1158,McKendree,2015,63402,
1158,McKendree,2015,63403,
1158,McKendree,2015,63404,
1158,McKendree,2015,63405,
1158,McKendree,2015,63406,
1158,McKendree,2015,63407,
1158,McKendree,2015,63408,
516,Mid-Atlantic Christian,2015,57727,
516,Mid-Atlantic Christian,2015,57730,
516,Mid-Atlantic Christian,2015,57731,
516,Mid-Atlantic Christian,2015,57736,
516,Mid-Atlantic Christian,2015,57737,
516,Mid-Atlantic Christian,2015,57738,
516,Mid-Atlantic Christian,2015,57739,
516,Mid-Atlantic Christian,2015,57740,
516,Mid-Atlantic Christian,2015,57741,
516,Mid-Atlantic Christian,2015,57742,
516,Mid-Atlantic Christian,2015,57743,
516,Mid-Atlantic Christian,2015,57744,
516,Mid-Atlantic Christian,2015,64413,
720,Northern New Mexico,2015,40310,
720,Northern New Mexico,2015,40311,
720,Northern New Mexico,2015,48150,
720,Northern New Mexico,2015,48160,
720,Northern New Mexico,2015,48161,
720,Northern New Mexico,2015,60893,
720,Northern New Mexico,2015,60900,
720,Northern New Mexico,2015,60901,
720,Northern New Mexico,2015,60902,
720,Northern New Mexico,2015,60903,
720,Northern New Mexico,2015,60904,
720,Northern New Mexico,2015,60905,
720,Northern New Mexico,2015,60906,
720,Northern New Mexico,2015,60907,
720,Northern New Mexico,2015,60908,
720,Northern New Mexico,2015,60909,
720,Northern New Mexico,2015,60910,
720,Northern New Mexico,2015,60911,
999,Cincinnati Clermont,2015,59470,
999,Cincinnati Clermont,2015,63896,
999,Cincinnati Clermont,2015,63897,
999,Cincinnati Clermont,2015,63898,
999,Cincinnati Clermont,2015,63899,
999,Cincinnati Clermont,2015,63900,
999,Cincinnati Clermont,2015,63901,
999,Cincinnati Clermont,2015,63902,
999,Cincinnati Clermont,2015,63903,
999,Cincinnati Clermont,2015,63904,
999,Cincinnati Clermont,2015,63905,
999,Cincinnati Clermont,2015,63906,
999,Cincinnati Clermont,2015,63907,
840,Covenant,2015,55600,
840,Covenant,2015,55603,
840,Covenant,2015,55605,
840,Covenant,2015,56412,
840,Covenant,2015,56415,
840,Covenant,2015,56417,
840,Covenant,2015,56418,
564,New Mexico Highlands,2015,58397,
564,New Mexico Highlands,2015,58398,
564,New Mexico Highlands,2015,58399,
564,New Mexico Highlands,2015,58403,
564,New Mexico Highlands,2015,58405,
564,New Mexico Highlands,2015,58406,
564,New Mexico Highlands,2015,58408,
564,New Mexico Highlands,2015,58413,
564,New Mexico Highlands,2015,65659,
564,New Mexico Highlands,2015,65660,
564,New Mexico Highlands,2015,65661,
564,New Mexico Highlands,2015,65662,
564,New Mexico Highlands,2015,65663,
564,New Mexico Highlands,2015,65664,
564,New Mexico Highlands,2015,65665,
564,New Mexico Highlands,2015,65666,
564,New Mexico Highlands,2015,65667,
564,New Mexico Highlands,2015,65668,
564,New Mexico Highlands,2015,65669,
564,New Mexico Highlands,2015,65670,
564,New Mexico Highlands,2015,65671,
766,Cumberland (KY),2015,41367,
766,Cumberland (KY),2015,41368,
766,Cumberland (KY),2015,41371,
766,Cumberland (KY),2015,41376,
766,Cumberland (KY),2015,41377,
680,Haskell,2015,40467,
680,Haskell,2015,40470,
680,Haskell,2015,65293,
680,Haskell,2015,65294,
680,Haskell,2015,65295,
680,Haskell,2015,65296,
680,Haskell,2015,65297,
680,Haskell,2015,65298,
680,Haskell,2015,65299,
680,Haskell,2015,65300,
680,Haskell,2015,65301,
680,Haskell,2015,65302,
680,Haskell,2015,65303,
680,Haskell,2015,65304,
993,Missouri S&T,2015,34432,
993,Missouri S&T,2015,34437,
993,Missouri S&T,2015,34438,
993,Missouri S&T,2015,49585,
993,Missouri S&T,2015,56639,
993,Missouri S&T,2015,63688,
993,Missouri S&T,2015,63689,1993-10-27
993,Missouri S&T,2015,63690,
993,Missouri S&T,2015,63691,
993,Missouri S&T,2015,63692,
993,Missouri S&T,2015,63693,
993,Missouri S&T,2015,63694,
993,Missouri S&T,2015,63695,
993,Missouri S&T,2015,63696,
993,Missouri S&T,2015,63697,
1035,Iowa Wesleyan,2015,64705,
1035,Iowa Wesleyan,2015,64706,
1035,Iowa Wesleyan,2015,64707,
1035,Iowa Wesleyan,2015,64708,
1035,Iowa Wesleyan,2015,64709,
1035,Iowa Wesleyan,2015,64710,
1035,Iowa Wesleyan,2015,64711,
1035,Iowa Wesleyan,2015,64712,
1035,Iowa Wesleyan,2015,64713,
1035,Iowa Wesleyan,2015,64714,
1035,Iowa Wesleyan,2015,64715,
1035,Iowa Wesleyan,2015,64716,
1035,Iowa Wesleyan,2015,64717,
1035,Iowa Wesleyan,2015,64718,
1035,Iowa Wesleyan,2015,64719,
1035,Iowa Wesleyan,2015,64720,
1035,Iowa Wesleyan,2015,64721,
857,Vanguard,2015,34766,
857,Vanguard,2015,34767,1994-04-16
857,Vanguard,2015,34777,
857,Vanguard,2015,34778,
857,Vanguard,2015,58800,
857,Vanguard,2015,58802,
857,Vanguard,2015,64608,
857,Vanguard,2015,64609,
857,Vanguard,2015,64610,
857,Vanguard,2015,64611,
857,Vanguard,2015,64612,
857,Vanguard,2015,64613,
857,Vanguard,2015,64614,
857,Vanguard,2015,64615,
857,Vanguard,2015,64616,
857,Vanguard,2015,64617,
857,Vanguard,2015,64618,
1227,Hiwassee,2015,48786,
1227,Hiwassee,2015,48787,
1227,Hiwassee,2015,48794,
1227,Hiwassee,2015,53407,
1227,Hiwassee,2015,53408,
1227,Hiwassee,2015,53409,
1227,Hiwassee,2015,58256,
1227,Hiwassee,2015,58257,
1227,Hiwassee,2015,58258,
1227,Hiwassee,2015,58262,
1227,Hiwassee,2015,61168,
1227,Hiwassee,2015,61169,
1227,Hiwassee,2015,61170,
1227,Hiwassee,2015,61171,
1227,Hiwassee,2015,61172,
1227,Hiwassee,2015,61173,
1227,Hiwassee,2015,61174,
1268,Rockhurst,2015,47173,
1268,Rockhurst,2015,48612,
1268,Rockhurst,2015,60237,
1268,Rockhurst,2015,60240,1992-08-03
1268,Rockhurst,2015,60241,
1268,Rockhurst,2015,60242,
1268,Rockhurst,2015,60243,
1268,Rockhurst,2015,60244,
1268,Rockhurst,2015,60245,
1268,Rockhurst,2015,60246,
1268,Rockhurst,2015,60247,
1268,Rockhurst,2015,60248,
1268,Rockhurst,2015,60249,
1268,Rockhurst,2015,60250,
1268,Rockhurst,2015,60252,
1268,Rockhurst,2015,60253,
1268,Rockhurst,2015,60254,
1268,Rockhurst,2015,60255,
1268,Rockhurst,2015,60256,
1268,Rockhurst,2015,62261,
1268,Rockhurst,2015,62262,
1268,Rockhurst,2015,62263,
1268,Rockhurst,2015,62264,
1268,Rockhurst,2015,64427,
1336,Hillsdale,2015,62716,
1336,Hillsdale,2015,62717,
1336,Hillsdale,2015,62718,
1336,Hillsdale,2015,62719,
1336,Hillsdale,2015,62720,
1336,Hillsdale,2015,62721,
1336,Hillsdale,2015,62722,
1336,Hillsdale,2015,62723,1993-06-27
1336,Hillsdale,2015,62724,
1336,Hillsdale,2015,62725,
1336,Hillsdale,2015,62726,1992-10-15
1336,Hillsdale,2015,62727,1991-03-01
1336,Hillsdale,2015,62728,
1336,Hillsdale,2015,62729,
1336,Hillsdale,2015,62730,
1336,Hillsdale,2015,62731,
1336,Hillsdale,2015,62732,
1336,Hillsdale,2015,62733,
1336,Hillsdale,2015,62734,
1336,Hillsdale,2015,62735,
814,Asbury,2015,55657,
814,Asbury,2015,55658,
814,Asbury,2015,55659,
814,Asbury,2015,55660,
1196,Urbana,2015,55222,
1196,Urbana,2015,55223,
1196,Urbana,2015,55224,
1196,Urbana,2015,59500,
1196,Urbana,2015,59505,
1196,Urbana,2015,59506,
1196,Urbana,2015,64662,
1196,Urbana,2015,64663,
1196,Urbana,2015,64664,
1196,Urbana,2015,64665,
1196,Urbana,2015,64666,
1196,Urbana,2015,64667,
1196,Urbana,2015,64668,
1196,Urbana,2015,64669,
1196,Urbana,2015,64670,
1196,Urbana,2015,64671,
1196,Urbana,2015,64672,
1196,Urbana,2015,64673,
1196,Urbana,2015,64674,
791,Brewton-Parker,2015,52558,
791,Brewton-Parker,2015,52559,
791,Brewton-Parker,2015,52561,
791,Brewton-Parker,2015,61925,
791,Brewton-Parker,2015,61926,
791,Brewton-Parker,2015,61927,
791,Brewton-Parker,2015,61928,
791,Brewton-Parker,2015,61929,
791,Brewton-Parker,2015,61930,
791,Brewton-Parker,2015,61931,
791,Brewton-Parker,2015,61932,
791,Brewton-Parker,2015,61933,
791,Brewton-Parker,2015,61934,
1172,Wingate,2015,34393,
1172,Wingate,2015,34394,
1172,Wingate,2015,34395,
1172,Wingate,2015,34396,
1172,Wingate,2015,34397,
1172,Wingate,2015,34398,
1172,Wingate,2015,34399,
1172,Wingate,2015,34400,
1172,Wingate,2015,34401,1992-08-13
1172,Wingate,2015,34404,
1172,Wingate,2015,34405,
1172,Wingate,2015,34406,
1172,Wingate,2015,34407,
1172,Wingate,2015,34408,
1172,Wingate,2015,34409,
1172,Wingate,2015,34410,
1113,Indiana-Kokomo,2015,50156,
1113,Indiana-Kokomo,2015,50157,
1113,Indiana-Kokomo,2015,50160,
1113,Indiana-Kokomo,2015,51741,
1113,Indiana-Kokomo,2015,51745,
1113,Indiana-Kokomo,2015,58743,
1113,Indiana-Kokomo,2015,58744,
1113,Indiana-Kokomo,2015,58745,
1113,Indiana-Kokomo,2015,58746,
1113,Indiana-Kokomo,2015,63315,
1113,Indiana-Kokomo,2015,63316,
1113,Indiana-Kokomo,2015,63317,
1113,Indiana-Kokomo,2015,63318,
1113,Indiana-Kokomo,2015,63319,
1113,Indiana-Kokomo,2015,63320,
1113,Indiana-Kokomo,2015,63321,
1356,Southern Arkansas,2015,51367,
1356,Southern Arkansas,2015,55448,
1356,Southern Arkansas,2015,65349,
1356,Southern Arkansas,2015,65350,
1356,Southern Arkansas,2015,65351,
1356,Southern Arkansas,2015,65352,
1356,Southern Arkansas,2015,65353,
1356,Southern Arkansas,2015,65354,
1356,Southern Arkansas,2015,65355,
1356,Southern Arkansas,2015,65356,
1356,Southern Arkansas,2015,65357,
1356,Southern Arkansas,2015,65358,
1356,Southern Arkansas,2015,65359,
1356,Southern Arkansas,2015,65360,
1356,Southern Arkansas,2015,65361,
1356,Southern Arkansas,2015,65362,
1356,Southern Arkansas,2015,65363,
1356,Southern Arkansas,2015,65364,
1356,Southern Arkansas,2015,65365,
1356,Southern Arkansas,2015,65366,
1356,Southern Arkansas,2015,65367,
1356,Southern Arkansas,2015,65368,1993-03-19
906,Northland,2015,49390,
906,Northland,2015,49393,
906,Northland,2015,49400,
906,Northland,2015,49403,
906,Northland,2015,49404,
906,Northland,2015,60545,
906,Northland,2015,65280,
906,Northland,2015,65281,
906,Northland,2015,65282,
906,Northland,2015,65283,
906,Northland,2015,65284,
906,Northland,2015,65285,
906,Northland,2015,65286,
906,Northland,2015,65287,
906,Northland,2015,65288,
906,Northland,2015,65289,
906,Northland,2015,65290,
906,Northland,2015,65291,
906,Northland,2015,65292,
945,Montevallo,2015,40800,
495,LaGrange,2015,52160,
495,LaGrange,2015,52162,
668,Ecclesia,2015,48578,
668,Ecclesia,2015,48592,
668,Ecclesia,2015,60001,
668,Ecclesia,2015,60003,
668,Ecclesia,2015,60004,
668,Ecclesia,2015,60005,
668,Ecclesia,2015,60009,
668,Ecclesia,2015,60010,
668,Ecclesia,2015,60011,
668,Ecclesia,2015,60012,
668,Ecclesia,2015,60015,
668,Ecclesia,2015,60016,
668,Ecclesia,2015,60017,
668,Ecclesia,2015,60018,
668,Ecclesia,2015,60019,
668,Ecclesia,2015,60020,
668,Ecclesia,2015,60021,
668,Ecclesia,2015,60022,
668,Ecclesia,2015,60023,
668,Ecclesia,2015,60024,
668,Ecclesia,2015,60025,
668,Ecclesia,2015,60026,
561,Southern-New Orleans,2015,23639,
561,Southern-New Orleans,2015,54251,
561,Southern-New Orleans,2015,54252,
561,Southern-New Orleans,2015,54253,
561,Southern-New Orleans,2015,54258,
561,Southern-New Orleans,2015,54259,
561,Southern-New Orleans,2015,54260,
561,Southern-New Orleans,2015,54266,
561,Southern-New Orleans,2015,54267,
561,Southern-New Orleans,2015,54268,
561,Southern-New Orleans,2015,54269,
561,Southern-New Orleans,2015,54270,
561,Southern-New Orleans,2015,54271,
561,Southern-New Orleans,2015,54272,
561,Southern-New Orleans,2015,54273,
561,Southern-New Orleans,2015,54274,
561,Southern-New Orleans,2015,54275,
561,Southern-New Orleans,2015,54276,
561,Southern-New Orleans,2015,54277,
561,Southern-New Orleans,2015,54278,
561,Southern-New Orleans,2015,54279,
561,Southern-New Orleans,2015,54280,
561,Southern-New Orleans,2015,54284,
561,Southern-New Orleans,2015,54285,
1179,Concordia (WI),2015,35725,
1179,Concordia (WI),2015,35726,
1179,Concordia (WI),2015,35729,
1179,Concordia (WI),2015,35742,
1179,Concordia (WI),2015,35747,
1010,Lees-McRae,2015,48501,
1010,Lees-McRae,2015,48508,
1010,Lees-McRae,2015,48509,
1010,Lees-McRae,2015,48510,
1010,Lees-McRae,2015,54840,
1010,Lees-McRae,2015,54842,
645,Gwynedd-Mercy,2015,64221,
645,Gwynedd-Mercy,2015,64222,
645,Gwynedd-Mercy,2015,64223,
645,Gwynedd-Mercy,2015,64224,
645,Gwynedd-Mercy,2015,64225,
645,Gwynedd-Mercy,2015,64226,
645,Gwynedd-Mercy,2015,64227,
645,Gwynedd-Mercy,2015,64228,
645,Gwynedd-Mercy,2015,64229,
645,Gwynedd-Mercy,2015,64230,
645,Gwynedd-Mercy,2015,64231,
645,Gwynedd-Mercy,2015,64232,
645,Gwynedd-Mercy,2015,64233,
645,Gwynedd-Mercy,2015,64234,
597,Eureka,2015,39944,
597,Eureka,2015,39955,
597,Eureka,2015,39956,
597,Eureka,2015,53576,
597,Eureka,2015,57954,
597,Eureka,2015,57955,
597,Eureka,2015,57957,
597,Eureka,2015,57960,
597,Eureka,2015,57961,
597,Eureka,2015,57962,
597,Eureka,2015,63366,
597,Eureka,2015,63367,
597,Eureka,2015,63368,
597,Eureka,2015,63369,
597,Eureka,2015,63370,
597,Eureka,2015,63371,
597,Eureka,2015,63372,
597,Eureka,2015,63373,
597,Eureka,2015,63374,
597,Eureka,2015,63375,
597,Eureka,2015,63376,
884,Berry,2015,39837,
884,Berry,2015,62338,
884,Berry,2015,62339,
884,Berry,2015,62340,
884,Berry,2015,62341,
884,Berry,2015,62342,
884,Berry,2015,62343,
884,Berry,2015,62344,
884,Berry,2015,62345,
884,Berry,2015,62346,
884,Berry,2015,62347,
884,Berry,2015,62348,
884,Berry,2015,62349,
884,Berry,2015,62350,
884,Berry,2015,62351,
884,Berry,2015,62352,
884,Berry,2015,62353,
884,Berry,2015,62354,
884,Berry,2015,62355,
1193,Southwest Baptist,2015,38366,2004-10-19
1193,Southwest Baptist,2015,38370,
1193,Southwest Baptist,2015,38374,
1193,Southwest Baptist,2015,38375,
1305,Daniel Webster College,2015,55425,
1305,Daniel Webster College,2015,55437,
1305,Daniel Webster College,2015,55438,
1305,Daniel Webster College,2015,60698,
1305,Daniel Webster College,2015,60699,
1305,Daniel Webster College,2015,60701,
1305,Daniel Webster College,2015,65687,
1305,Daniel Webster College,2015,65688,
1305,Daniel Webster College,2015,65689,
1305,Daniel Webster College,2015,65690,
1305,Daniel Webster College,2015,65691,
1305,Daniel Webster College,2015,65692,
1305,Daniel Webster College,2015,65693,
1305,Daniel Webster College,2015,65694,
1305,Daniel Webster College,2015,65695,
1305,Daniel Webster College,2015,65696,
1305,Daniel Webster College,2015,65697,
1305,Daniel Webster College,2015,65698,
1305,Daniel Webster College,2015,65699,
1305,Daniel Webster College,2015,65700,
1305,Daniel Webster College,2015,65701,
1305,Daniel Webster College,2015,65702,
649,Rhodes,2015,65604,
649,Rhodes,2015,65605,
649,Rhodes,2015,65606,
649,Rhodes,2015,65607,
649,Rhodes,2015,65608,
649,Rhodes,2015,65609,
649,Rhodes,2015,65610,
649,Rhodes,2015,65611,
649,Rhodes,2015,65612,
649,Rhodes,2015,65613,
649,Rhodes,2015,65614,
649,Rhodes,2015,65615,
649,Rhodes,2015,65616,
649,Rhodes,2015,65617,
649,Rhodes,2015,65618,
649,Rhodes,2015,65619,
649,Rhodes,2015,65620,
649,Rhodes,2015,65621,
649,Rhodes,2015,65622,
649,Rhodes,2015,65623,
649,Rhodes,2015,65624,
902,Chaminade,2015,44989,
902,Chaminade,2015,54333,
902,Chaminade,2015,54334,1994-07-08
902,Chaminade,2015,54336,
902,Chaminade,2015,54337,
902,Chaminade,2015,59210,
902,Chaminade,2015,59211,
902,Chaminade,2015,59212,
902,Chaminade,2015,59213,1994-02-09
902,Chaminade,2015,59214,
902,Chaminade,2015,64102,1991-10-19
902,Chaminade,2015,64103,
902,Chaminade,2015,64104,
902,Chaminade,2015,64105,
902,Chaminade,2015,64106,
1189,Gettysburg,2015,37807,2003-12-01
1189,Gettysburg,2015,37808,2003-12-01
1189,Gettysburg,2015,37809,2003-12-01
1189,Gettysburg,2015,37810,
1189,Gettysburg,2015,37814,
1189,Gettysburg,2015,37818,2003-12-01
1189,Gettysburg,2015,37819,2003-12-01
1189,Gettysburg,2015,37820,2003-12-01
1189,Gettysburg,2015,37821,2003-12-01
1189,Gettysburg,2015,37823,2003-12-01
1334,Pace,2015,61378,
1334,Pace,2015,61379,
1334,Pace,2015,61380,
1334,Pace,2015,61381,
1334,Pace,2015,61382,
1334,Pace,2015,61383,
1334,Pace,2015,61384,
1334,Pace,2015,61385,
1334,Pace,2015,61386,
1334,Pace,2015,61387,
1334,Pace,2015,61388,
1334,Pace,2015,61389,
1334,Pace,2015,61390,
1334,Pace,2015,61391,
1334,Pace,2015,61392,
787,Schreiner,2015,43837,
787,Schreiner,2015,52200,
787,Schreiner,2015,52201,
787,Schreiner,2015,52202,
787,Schreiner,2015,52203,
787,Schreiner,2015,52204,
787,Schreiner,2015,58354,
787,Schreiner,2015,60077,
787,Schreiner,2015,64495,
787,Schreiner,2015,64496,
787,Schreiner,2015,64497,
787,Schreiner,2015,64498,
787,Schreiner,2015,64499,
787,Schreiner,2015,64500,
787,Schreiner,2015,64501,
787,Schreiner,2015,64502,
787,Schreiner,2015,64503,
787,Schreiner,2015,64504,
787,Schreiner,2015,64505,
787,Schreiner,2015,64506,
787,Schreiner,2015,64507,
787,Schreiner,2015,64508,
787,Schreiner,2015,64509,
787,Schreiner,2015,64510,
1360,Baker University,2015,65801,
1360,Baker University,2015,65802,
1360,Baker University,2015,65803,
1360,Baker University,2015,65804,
1360,Baker University,2015,65805,
1360,Baker University,2015,65806,
1360,Baker University,2015,65807,
1360,Baker University,2015,65808,
1360,Baker University,2015,65809,
1360,Baker University,2015,65810,
1360,Baker University,2015,65811,
1360,Baker University,2015,65812,
1360,Baker University,2015,65813,
1360,Baker University,2015,65814,
1360,Baker University,2015,65815,
1360,Baker University,2015,65816,
1360,Baker University,2015,65817,
657,Truett-McConnell,2015,53720,
657,Truett-McConnell,2015,53721,
657,Truett-McConnell,2015,53725,
657,Truett-McConnell,2015,53726,
657,Truett-McConnell,2015,53727,
657,Truett-McConnell,2015,58523,
657,Truett-McConnell,2015,58524,
657,Truett-McConnell,2015,58525,
657,Truett-McConnell,2015,58529,
657,Truett-McConnell,2015,58530,
657,Truett-McConnell,2015,58532,
657,Truett-McConnell,2015,65136,
657,Truett-McConnell,2015,65137,
657,Truett-McConnell,2015,65138,
657,Truett-McConnell,2015,65139,
657,Truett-McConnell,2015,65140,
657,Truett-McConnell,2015,65141,
657,Truett-McConnell,2015,65142,
657,Truett-McConnell,2015,65143,
657,Truett-McConnell,2015,65144,
592,Bethesda University,2015,59675,
592,Bethesda University,2015,59676,
592,Bethesda University,2015,59678,
592,Bethesda University,2015,59679,
592,Bethesda University,2015,59684,
592,Bethesda University,2015,59685,
592,Bethesda University,2015,59689,
592,Bethesda University,2015,59690,
592,Bethesda University,2015,61946,
592,Bethesda University,2015,61947,
592,Bethesda University,2015,61948,
592,Bethesda University,2015,61949,
592,Bethesda University,2015,61950,
1145,Trinity International,2015,58985,
1145,Trinity International,2015,58989,
1145,Trinity International,2015,58995,
1145,Trinity International,2015,58996,
1145,Trinity International,2015,64734,
1145,Trinity International,2015,64735,
1145,Trinity International,2015,64736,
1145,Trinity International,2015,64737,
1145,Trinity International,2015,64738,
1145,Trinity International,2015,64739,
1145,Trinity International,2015,64740,
1145,Trinity International,2015,64741,
1145,Trinity International,2015,64742,
1145,Trinity International,2015,64743,
1239,Pensacola Christian College,2015,58866,
1239,Pensacola Christian College,2015,58868,
1239,Pensacola Christian College,2015,58869,
1239,Pensacola Christian College,2015,58870,
1239,Pensacola Christian College,2015,58871,
1239,Pensacola Christian College,2015,58876,
1239,Pensacola Christian College,2015,58877,
1239,Pensacola Christian College,2015,58883,
1239,Pensacola Christian College,2015,58889,
1239,Pensacola Christian College,2015,58890,
1239,Pensacola Christian College,2015,58891,
1239,Pensacola Christian College,2015,58892,
1239,Pensacola Christian College,2015,63558,
907,Westmont,2015,41522,
907,Westmont,2015,41529,
907,Westmont,2015,41532,
907,Westmont,2015,41534,
1159,Cedarville,2015,60406,
1159,Cedarville,2015,60408,
1159,Cedarville,2015,60415,
933,Arkansas-Fort Smith,2015,39939,
933,Arkansas-Fort Smith,2015,46774,
933,Arkansas-Fort Smith,2015,50221,
933,Arkansas-Fort Smith,2015,54975,
933,Arkansas-Fort Smith,2015,54976,
933,Arkansas-Fort Smith,2015,54978,
933,Arkansas-Fort Smith,2015,59868,
933,Arkansas-Fort Smith,2015,59869,1993-05-22
933,Arkansas-Fort Smith,2015,64780,
933,Arkansas-Fort Smith,2015,64781,
933,Arkansas-Fort Smith,2015,64782,
933,Arkansas-Fort Smith,2015,64783,
757,Chestnut Hill College,2015,54711,
757,Chestnut Hill College,2015,59162,
757,Chestnut Hill College,2015,59163,
757,Chestnut Hill College,2015,59167,
757,Chestnut Hill College,2015,59169,
773,Pacific (OR),2015,38266,
773,Pacific (OR),2015,38267,
773,Pacific (OR),2015,38268,
773,Pacific (OR),2015,38269,
773,Pacific (OR),2015,38270,
773,Pacific (OR),2015,38271,
773,Pacific (OR),2015,38272,
773,Pacific (OR),2015,38273,
773,Pacific (OR),2015,38274,
773,Pacific (OR),2015,38275,
773,Pacific (OR),2015,38276,
773,Pacific (OR),2015,38277,
773,Pacific (OR),2015,38278,
773,Pacific (OR),2015,38279,
773,Pacific (OR),2015,38280,
773,Pacific (OR),2015,38281,
773,Pacific (OR),2015,38282,
1027,Alma,2015,38902,
1027,Alma,2015,38903,
1027,Alma,2015,38904,
1027,Alma,2015,38905,
1027,Alma,2015,38906,
1027,Alma,2015,38907,
1027,Alma,2015,38908,
1027,Alma,2015,38909,
1027,Alma,2015,38910,
1027,Alma,2015,38913,
1027,Alma,2015,38914,
1027,Alma,2015,38915,
1027,Alma,2015,38916,
1027,Alma,2015,38917,
1027,Alma,2015,61545,
1027,Alma,2015,61546,
1027,Alma,2015,61547,
1027,Alma,2015,61548,
1027,Alma,2015,61549,
1027,Alma,2015,61550,
1027,Alma,2015,61551,
1027,Alma,2015,61552,
783,Southwestern Adventist,2015,34591,
783,Southwestern Adventist,2015,34592,
783,Southwestern Adventist,2015,34593,
783,Southwestern Adventist,2015,34594,
783,Southwestern Adventist,2015,34595,
783,Southwestern Adventist,2015,34596,
783,Southwestern Adventist,2015,34597,
783,Southwestern Adventist,2015,34598,
783,Southwestern Adventist,2015,34599,
783,Southwestern Adventist,2015,34600,
749,Merchant Marine Academy,2015,37410,
749,Merchant Marine Academy,2015,37411,
749,Merchant Marine Academy,2015,37412,
749,Merchant Marine Academy,2015,37415,
749,Merchant Marine Academy,2015,37416,
749,Merchant Marine Academy,2015,37417,
749,Merchant Marine Academy,2015,37418,
749,Merchant Marine Academy,2015,37419,
749,Merchant Marine Academy,2015,37420,
749,Merchant Marine Academy,2015,37421,
749,Merchant Marine Academy,2015,37422,
749,Merchant Marine Academy,2015,37423,
749,Merchant Marine Academy,2015,37424,
749,Merchant Marine Academy,2015,37425,
749,Merchant Marine Academy,2015,64012,
749,Merchant Marine Academy,2015,64013,
749,Merchant Marine Academy,2015,64014,
749,Merchant Marine Academy,2015,64015,
772,Hardin-Simmons,2015,60067,
772,Hardin-Simmons,2015,60068,
772,Hardin-Simmons,2015,60069,
772,Hardin-Simmons,2015,60071,
772,Hardin-Simmons,2015,60075,
1195,CS San Bernardino,2015,38713,
1195,CS San Bernardino,2015,38714,
1195,CS San Bernardino,2015,38717,
1195,CS San Bernardino,2015,38728,
615,McMurry,2015,56096,
615,McMurry,2015,56107,
681,Trinity Christian (IL),2015,29161,
681,Trinity Christian (IL),2015,29168,
681,Trinity Christian (IL),2015,29169,
681,Trinity Christian (IL),2015,29170,
681,Trinity Christian (IL),2015,53287,
681,Trinity Christian (IL),2015,58861,
681,Trinity Christian (IL),2015,58862,
681,Trinity Christian (IL),2015,58863,
681,Trinity Christian (IL),2015,63867,
681,Trinity Christian (IL),2015,63868,
681,Trinity Christian (IL),2015,63869,
681,Trinity Christian (IL),2015,63870,
681,Trinity Christian (IL),2015,63871,
681,Trinity Christian (IL),2015,63872,
681,Trinity Christian (IL),2015,63873,
681,Trinity Christian (IL),2015,63874,
681,Trinity Christian (IL),2015,63875,
647,Franklin Pierce,2015,63335,
647,Franklin Pierce,2015,63336,
647,Franklin Pierce,2015,63337,
647,Franklin Pierce,2015,63338,
647,Franklin Pierce,2015,63339,
647,Franklin Pierce,2015,63340,
647,Franklin Pierce,2015,63341,
647,Franklin Pierce,2015,63342,
647,Franklin Pierce,2015,63343,
647,Franklin Pierce,2015,63344,
647,Franklin Pierce,2015,63345,
647,Franklin Pierce,2015,63346,
647,Franklin Pierce,2015,63347,
647,Franklin Pierce,2015,63348,
647,Franklin Pierce,2015,63349,
647,Franklin Pierce,2015,63350,
497,Erskine,2015,35116,
497,Erskine,2015,35117,
497,Erskine,2015,35119,
497,Erskine,2015,35120,
497,Erskine,2015,35121,
497,Erskine,2015,35122,
497,Erskine,2015,35123,
497,Erskine,2015,35124,
497,Erskine,2015,35126,
497,Erskine,2015,35128,
497,Erskine,2015,35129,
497,Erskine,2015,35132,
497,Erskine,2015,35133,
497,Erskine,2015,35134,
497,Erskine,2015,35135,
497,Erskine,2015,63333,
497,Erskine,2015,63334,
1351,Stillman,2015,40075,
1351,Stillman,2015,65031,
1351,Stillman,2015,65032,
1351,Stillman,2015,65033,
1351,Stillman,2015,65034,
1351,Stillman,2015,65035,
1351,Stillman,2015,65036,
1351,Stillman,2015,65037,
1351,Stillman,2015,65038,
1351,Stillman,2015,65039,
1351,Stillman,2015,65040,
1351,Stillman,2015,65041,
1351,Stillman,2015,65042,
1351,Stillman,2015,65043,
1046,St. Thomas (FL),2015,31072,
1046,St. Thomas (FL),2015,31079,
1046,St. Thomas (FL),2015,31081,
1167,Newman University,2015,34094,1989-06-26
1167,Newman University,2015,34095,
1167,Newman University,2015,34096,
1167,Newman University,2015,34097,
1167,Newman University,2015,34098,
1167,Newman University,2015,34099,
1167,Newman University,2015,34100,
1167,Newman University,2015,34101,
1167,Newman University,2015,34102,
1167,Newman University,2015,34103,
1167,Newman University,2015,34104,
1167,Newman University,2015,34105,
1167,Newman University,2015,34106,
1167,Newman University,2015,34107,
1167,Newman University,2015,34108,
1167,Newman University,2015,34109,
1167,Newman University,2015,34110,
1167,Newman University,2015,34111,
1167,Newman University,2015,34112,
1167,Newman University,2015,34113,
1167,Newman University,2015,34114,
1167,Newman University,2015,34115,
1167,Newman University,2015,52587,
1167,Newman University,2015,64011,
665,North Greenville,2015,59900,
665,North Greenville,2015,59901,
577,Toccoa Falls,2015,40195,
577,Toccoa Falls,2015,52433,
577,Toccoa Falls,2015,52434,
577,Toccoa Falls,2015,52441,
577,Toccoa Falls,2015,58712,
577,Toccoa Falls,2015,58713,
577,Toccoa Falls,2015,58714,
577,Toccoa Falls,2015,58717,
577,Toccoa Falls,2015,58718,
577,Toccoa Falls,2015,63619,
577,Toccoa Falls,2015,63620,
577,Toccoa Falls,2015,63621,
577,Toccoa Falls,2015,63622,
577,Toccoa Falls,2015,63623,
577,Toccoa Falls,2015,63624,
577,Toccoa Falls,2015,63625,
700,Edward Waters,2015,48866,
700,Edward Waters,2015,53517,
700,Edward Waters,2015,58682,
700,Edward Waters,2015,58683,
700,Edward Waters,2015,58688,
700,Edward Waters,2015,58689,
700,Edward Waters,2015,58690,
700,Edward Waters,2015,58691,
700,Edward Waters,2015,58692,
700,Edward Waters,2015,58693,
700,Edward Waters,2015,58694,
700,Edward Waters,2015,58695,
700,Edward Waters,2015,58696,
700,Edward Waters,2015,58697,
1076,Ohio Valley,2015,28210,
1076,Ohio Valley,2015,49369,
1076,Ohio Valley,2015,49370,
1076,Ohio Valley,2015,49371,
1076,Ohio Valley,2015,49372,
1076,Ohio Valley,2015,49373,
1076,Ohio Valley,2015,49374,
1076,Ohio Valley,2015,49375,
1076,Ohio Valley,2015,49376,
1076,Ohio Valley,2015,49377,
1076,Ohio Valley,2015,49378,
1076,Ohio Valley,2015,49379,
1076,Ohio Valley,2015,49380,
1076,Ohio Valley,2015,49381,
1076,Ohio Valley,2015,49382,
1076,Ohio Valley,2015,49383,
1076,Ohio Valley,2015,49384,
1076,Ohio Valley,2015,49385,
1076,Ohio Valley,2015,49386,
1076,Ohio Valley,2015,49387,
1076,Ohio Valley,2015,49388,
1076,Ohio Valley,2015,49389,
1076,Ohio Valley,2015,61995,
1076,Ohio Valley,2015,61996,
1076,Ohio Valley,2015,61997,
1076,Ohio Valley,2015,61998,
1076,Ohio Valley,2015,61999,
1143,Greenville,2015,54662,
1143,Greenville,2015,64273,
1143,Greenville,2015,64274,
1143,Greenville,2015,64275,
1143,Greenville,2015,64276,
1143,Greenville,2015,64277,
1143,Greenville,2015,64278,
1143,Greenville,2015,64279,
1143,Greenville,2015,64280,
1143,Greenville,2015,64281,
1143,Greenville,2015,64282,
1143,Greenville,2015,64283,
1143,Greenville,2015,64284,
1092,Presentation College,2015,63421,
1092,Presentation College,2015,63422,
1092,Presentation College,2015,63423,
1092,Presentation College,2015,63424,
1092,Presentation College,2015,63425,
1092,Presentation College,2015,63426,
1092,Presentation College,2015,63427,
1092,Presentation College,2015,63428,
1092,Presentation College,2015,63429,
1092,Presentation College,2015,63430,
1092,Presentation College,2015,63431,
1092,Presentation College,2015,63432,
1092,Presentation College,2015,63433,
1092,Presentation College,2015,63434,
310,UC San Diego,2015,57526,
310,UC San Diego,2015,57527,
310,UC San Diego,2015,57528,
310,UC San Diego,2015,57529,
310,UC San Diego,2015,57530,
310,UC San Diego,2015,57532,
310,UC San Diego,2015,57536,
310,UC San Diego,2015,57537,
310,UC San Diego,2015,57539,
310,UC San Diego,2015,57540,
310,UC San Diego,2015,62970,
310,UC San Diego,2015,62971,
310,UC San Diego,2015,62972,
310,UC San Diego,2015,62973,
310,UC San Diego,2015,62974,
1069,Texas A&M-International,2015,49046,
1069,Texas A&M-International,2015,55177,
1069,Texas A&M-International,2015,64088,
1069,Texas A&M-International,2015,64089,
1069,Texas A&M-International,2015,64090,
1069,Texas A&M-International,2015,64091,
1069,Texas A&M-International,2015,64092,
1069,Texas A&M-International,2015,64093,
1069,Texas A&M-International,2015,64094,
1069,Texas A&M-International,2015,64095,1991-10-30
1069,Texas A&M-International,2015,64096,
1069,Texas A&M-International,2015,64097,
1069,Texas A&M-International,2015,64098,
1069,Texas A&M-International,2015,64099,
1069,Texas A&M-International,2015,64100,
1069,Texas A&M-International,2015,64101,
1250,Albion,2015,58299,
1250,Albion,2015,58963,
1250,Albion,2015,59566,
1250,Albion,2015,59567,
1250,Albion,2015,59568,
1250,Albion,2015,59569,
1250,Albion,2015,59570,
1250,Albion,2015,59572,
1250,Albion,2015,59573,
1250,Albion,2015,59575,
1250,Albion,2015,59576,
1250,Albion,2015,59577,
1250,Albion,2015,65753,
1250,Albion,2015,65754,
1250,Albion,2015,65755,
1250,Albion,2015,65756,
1250,Albion,2015,65757,
1250,Albion,2015,65758,
1250,Albion,2015,65759,
1250,Albion,2015,65760,
1250,Albion,2015,65761,
1250,Albion,2015,65762,
1250,Albion,2015,65763,
957,Truman State,2015,55806,
957,Truman State,2015,55809,
957,Truman State,2015,55810,
957,Truman State,2015,55811,
957,Truman State,2015,55813,
957,Truman State,2015,55814,
957,Truman State,2015,64893,
957,Truman State,2015,64894,
957,Truman State,2015,64895,
957,Truman State,2015,64896,
957,Truman State,2015,64897,
957,Truman State,2015,64898,
957,Truman State,2015,64899,
957,Truman State,2015,64900,
957,Truman State,2015,64901,
957,Truman State,2015,64902,
957,Truman State,2015,64903,
1273,Augustana (IL),2015,49550,
1273,Augustana (IL),2015,49554,
1273,Augustana (IL),2015,49556,
1273,Augustana (IL),2015,49561,
1273,Augustana (IL),2015,49563,
1299,Ferris State,2015,43171,1996-07-27
1299,Ferris State,2015,53637,
1299,Ferris State,2015,54689,
1299,Ferris State,2015,54690,
1299,Ferris State,2015,54695,
1299,Ferris State,2015,65193,
1299,Ferris State,2015,65194,
1299,Ferris State,2015,65195,
1299,Ferris State,2015,65196,
1299,Ferris State,2015,65197,
1299,Ferris State,2015,65198,
1299,Ferris State,2015,65199,
1299,Ferris State,2015,65200,
1299,Ferris State,2015,65201,
1299,Ferris State,2015,65202,
1299,Ferris State,2015,65203,
1299,Ferris State,2015,65204,
1093,MIT,2015,42188,
1093,MIT,2015,56757,
1093,MIT,2015,56758,
1093,MIT,2015,56759,
1093,MIT,2015,56760,
1093,MIT,2015,56761,
1093,MIT,2015,56764,
1093,MIT,2015,56766,
1093,MIT,2015,58018,
1093,MIT,2015,61094,
1093,MIT,2015,61095,
1093,MIT,2015,61096,
1093,MIT,2015,61097,
1093,MIT,2015,61098,
1093,MIT,2015,61099,
825,Kean,2015,49026,
825,Kean,2015,55349,
825,Kean,2015,56073,
825,Kean,2015,56080,
825,Kean,2015,56081,
555,Fisk,2015,49962,
555,Fisk,2015,55515,
555,Fisk,2015,55780,
555,Fisk,2015,58749,
555,Fisk,2015,58750,
555,Fisk,2015,58752,
555,Fisk,2015,58754,
555,Fisk,2015,58755,
555,Fisk,2015,58756,
555,Fisk,2015,58757,
555,Fisk,2015,58758,
555,Fisk,2015,58759,
555,Fisk,2015,58760,
555,Fisk,2015,58761,
555,Fisk,2015,58762,
555,Fisk,2015,58763,
838,Washington and Lee,2015,48280,
838,Washington and Lee,2015,48281,
838,Washington and Lee,2015,48282,
838,Washington and Lee,2015,48283,
838,Washington and Lee,2015,48284,
838,Washington and Lee,2015,48285,
838,Washington and Lee,2015,48286,
838,Washington and Lee,2015,48287,
838,Washington and Lee,2015,48288,
838,Washington and Lee,2015,48289,
838,Washington and Lee,2015,48292,
838,Washington and Lee,2015,48293,
838,Washington and Lee,2015,48294,
838,Washington and Lee,2015,48295,
838,Washington and Lee,2015,48296,
838,Washington and Lee,2015,48297,
838,Washington and Lee,2015,48298,
838,Washington and Lee,2015,48299,
805,University of The Southwest,2015,45845,
805,University of The Southwest,2015,45846,
805,University of The Southwest,2015,45849,
805,University of The Southwest,2015,45850,
805,University of The Southwest,2015,45856,
805,University of The Southwest,2015,45857,
805,University of The Southwest,2015,45858,
805,University of The Southwest,2015,64262,
805,University of The Southwest,2015,64263,
805,University of The Southwest,2015,64264,
805,University of The Southwest,2015,64265,
805,University of The Southwest,2015,64266,
805,University of The Southwest,2015,64267,
805,University of The Southwest,2015,64268,
1178,Thiel,2015,35650,
1178,Thiel,2015,35651,
1178,Thiel,2015,35652,
1178,Thiel,2015,35653,
1178,Thiel,2015,35654,
1178,Thiel,2015,35655,
1178,Thiel,2015,35658,
1178,Thiel,2015,35659,
1178,Thiel,2015,35660,
1178,Thiel,2015,35661,
1178,Thiel,2015,55599,
1178,Thiel,2015,64646,
1178,Thiel,2015,64647,
1178,Thiel,2015,64648,
1178,Thiel,2015,64649,
1178,Thiel,2015,64650,
834,King (TN),2015,50638,
834,King (TN),2015,64863,
834,King (TN),2015,64864,
834,King (TN),2015,64865,
834,King (TN),2015,64866,
834,King (TN),2015,64867,
834,King (TN),2015,64868,
834,King (TN),2015,64869,
834,King (TN),2015,64870,
834,King (TN),2015,64871,
834,King (TN),2015,64872,
834,King (TN),2015,64873,
834,King (TN),2015,64874,
834,King (TN),2015,64875,
834,King (TN),2015,64876,
834,King (TN),2015,64877,
834,King (TN),2015,64878,
508,Bluffton,2015,65167,
508,Bluffton,2015,65168,
508,Bluffton,2015,65169,
508,Bluffton,2015,65170,
508,Bluffton,2015,65171,
508,Bluffton,2015,65172,
508,Bluffton,2015,65173,
508,Bluffton,2015,65174,
508,Bluffton,2015,65175,
508,Bluffton,2015,65176,
508,Bluffton,2015,65177,
508,Bluffton,2015,65178,
508,Bluffton,2015,65179,
508,Bluffton,2015,65180,
508,Bluffton,2015,65181,
508,Bluffton,2015,65182,
508,Bluffton,2015,65183,
508,Bluffton,2015,65184,
508,Bluffton,2015,65185,
508,Bluffton,2015,65186,
508,Bluffton,2015,65187,
508,Bluffton,2015,65188,
508,Bluffton,2015,65189,
508,Bluffton,2015,65190,
508,Bluffton,2015,65191,
508,Bluffton,2015,65192,
1019,Old Westbury,2015,23749,
1019,Old Westbury,2015,23750,
1019,Old Westbury,2015,23751,
1019,Old Westbury,2015,23752,
1019,Old Westbury,2015,23753,
1019,Old Westbury,2015,23754,
1019,Old Westbury,2015,23755,
1019,Old Westbury,2015,23756,
1019,Old Westbury,2015,23757,
1019,Old Westbury,2015,23758,
1019,Old Westbury,2015,23759,
1019,Old Westbury,2015,23760,
1019,Old Westbury,2015,23761,
1019,Old Westbury,2015,23762,
512,Hannibal-LaGrange,2015,49927,
512,Hannibal-LaGrange,2015,49934,
512,Hannibal-LaGrange,2015,53456,
512,Hannibal-LaGrange,2015,58180,
512,Hannibal-LaGrange,2015,58181,
512,Hannibal-LaGrange,2015,58182,
512,Hannibal-LaGrange,2015,58183,
512,Hannibal-LaGrange,2015,58184,
512,Hannibal-LaGrange,2015,63550,
512,Hannibal-LaGrange,2015,63551,
512,Hannibal-LaGrange,2015,63552,
512,Hannibal-LaGrange,2015,63553,
512,Hannibal-LaGrange,2015,63554,
512,Hannibal-LaGrange,2015,63555,
512,Hannibal-LaGrange,2015,63556,
512,Hannibal-LaGrange,2015,63557,
779,St. Thomas (TX),2015,39374,
779,St. Thomas (TX),2015,39381,
779,St. Thomas (TX),2015,51843,
779,St. Thomas (TX),2015,53109,
779,St. Thomas (TX),2015,58547,
779,St. Thomas (TX),2015,58550,
779,St. Thomas (TX),2015,58552,
779,St. Thomas (TX),2015,58553,
779,St. Thomas (TX),2015,64969,
779,St. Thomas (TX),2015,64970,
779,St. Thomas (TX),2015,64971,
779,St. Thomas (TX),2015,64972,
779,St. Thomas (TX),2015,64973,
779,St. Thomas (TX),2015,64974,
779,St. Thomas (TX),2015,64975,
779,St. Thomas (TX),2015,64976,
779,St. Thomas (TX),2015,64977,
779,St. Thomas (TX),2015,64978,
779,St. Thomas (TX),2015,64979,
779,St. Thomas (TX),2015,64980,
779,St. Thomas (TX),2015,64981,
779,St. Thomas (TX),2015,64982,
949,Wiley,2015,59524,
505,Cheyney (PA),2015,42683,
505,Cheyney (PA),2015,60853,
505,Cheyney (PA),2015,60854,
505,Cheyney (PA),2015,60855,
505,Cheyney (PA),2015,60856,
505,Cheyney (PA),2015,60865,
505,Cheyney (PA),2015,65593,
505,Cheyney (PA),2015,65594,
505,Cheyney (PA),2015,65595,
505,Cheyney (PA),2015,65596,
505,Cheyney (PA),2015,65597,
505,Cheyney (PA),2015,65598,
505,Cheyney (PA),2015,65599,
505,Cheyney (PA),2015,65600,
505,Cheyney (PA),2015,65601,
505,Cheyney (PA),2015,65602,
505,Cheyney (PA),2015,65603,
684,Auburn-Montgomery,2015,40214,
684,Auburn-Montgomery,2015,40215,
684,Auburn-Montgomery,2015,40216,
684,Auburn-Montgomery,2015,40221,
684,Auburn-Montgomery,2015,40222,
684,Auburn-Montgomery,2015,40223,
684,Auburn-Montgomery,2015,40224,
684,Auburn-Montgomery,2015,40433,
684,Auburn-Montgomery,2015,62209,
684,Auburn-Montgomery,2015,62210,
684,Auburn-Montgomery,2015,62211,
684,Auburn-Montgomery,2015,62212,
684,Auburn-Montgomery,2015,62213,
684,Auburn-Montgomery,2015,62214,
684,Auburn-Montgomery,2015,62215,
684,Auburn-Montgomery,2015,62216,
1337,Nova Southeastern,2015,62793,
1337,Nova Southeastern,2015,62794,
1337,Nova Southeastern,2015,62795,
1337,Nova Southeastern,2015,62796,
1337,Nova Southeastern,2015,62797,
1337,Nova Southeastern,2015,62798,
1337,Nova Southeastern,2015,62799,
1337,Nova Southeastern,2015,62800,
1337,Nova Southeastern,2015,62801,
1337,Nova Southeastern,2015,62802,
1337,Nova Southeastern,2015,62803,
1337,Nova Southeastern,2015,62804,
1337,Nova Southeastern,2015,62805,
1337,Nova Southeastern,2015,62806,
1337,Nova Southeastern,2015,62807,1992-08-01
594,Oakwood,2015,31842,
594,Oakwood,2015,31850,
594,Oakwood,2015,31851,
594,Oakwood,2015,31852,
594,Oakwood,2015,63950,
594,Oakwood,2015,63951,
594,Oakwood,2015,63952,
594,Oakwood,2015,63953,
594,Oakwood,2015,63954,
594,Oakwood,2015,63955,
594,Oakwood,2015,63956,
594,Oakwood,2015,63957,
594,Oakwood,2015,63958,
594,Oakwood,2015,63959,
594,Oakwood,2015,63960,
594,Oakwood,2015,63961,
594,Oakwood,2015,63962,
594,Oakwood,2015,63963,
594,Oakwood,2015,63964,
927,Coe,2015,53028,
927,Coe,2015,53029,
927,Coe,2015,53032,
927,Coe,2015,53033,
1225,Alaska Anchorage,2015,40300,
1225,Alaska Anchorage,2015,43333,
1225,Alaska Anchorage,2015,43340,
1225,Alaska Anchorage,2015,49614,
1225,Alaska Anchorage,2015,49615,
1225,Alaska Anchorage,2015,59366,
1225,Alaska Anchorage,2015,59367,
1225,Alaska Anchorage,2015,59368,
1225,Alaska Anchorage,2015,59369,
1225,Alaska Anchorage,2015,59370,
1225,Alaska Anchorage,2015,59371,
1225,Alaska Anchorage,2015,59372,
1225,Alaska Anchorage,2015,59373,
1225,Alaska Anchorage,2015,59374,
1225,Alaska Anchorage,2015,59375,
1225,Alaska Anchorage,2015,59376,1991-07-17
1225,Alaska Anchorage,2015,59377,
1225,Alaska Anchorage,2015,59378,
1225,Alaska Anchorage,2015,59414,
918,Warren Wilson,2015,54004,
918,Warren Wilson,2015,54006,
918,Warren Wilson,2015,54008,
918,Warren Wilson,2015,59691,
918,Warren Wilson,2015,59692,
918,Warren Wilson,2015,59693,
918,Warren Wilson,2015,59694,
918,Warren Wilson,2015,59695,
918,Warren Wilson,2015,59696,
918,Warren Wilson,2015,59697,
918,Warren Wilson,2015,59698,
918,Warren Wilson,2015,59699,
918,Warren Wilson,2015,59700,
918,Warren Wilson,2015,59701,
898,Pacific Lutheran,2015,50250,
898,Pacific Lutheran,2015,50251,
898,Pacific Lutheran,2015,52953,
898,Pacific Lutheran,2015,52954,
898,Pacific Lutheran,2015,52955,
898,Pacific Lutheran,2015,52956,
898,Pacific Lutheran,2015,52958,
898,Pacific Lutheran,2015,58421,
898,Pacific Lutheran,2015,58422,
898,Pacific Lutheran,2015,58423,
898,Pacific Lutheran,2015,58424,
898,Pacific Lutheran,2015,58425,
898,Pacific Lutheran,2015,64407,
898,Pacific Lutheran,2015,64408,
898,Pacific Lutheran,2015,64409,
898,Pacific Lutheran,2015,64410,
898,Pacific Lutheran,2015,64411,
898,Pacific Lutheran,2015,64412,
796,UVA Wise,2015,38322,
796,UVA Wise,2015,38323,
796,UVA Wise,2015,54645,
796,UVA Wise,2015,60028,
796,UVA Wise,2015,60029,
796,UVA Wise,2015,60030,
796,UVA Wise,2015,60031,
796,UVA Wise,2015,60032,
796,UVA Wise,2015,60034,
796,UVA Wise,2015,63527,
796,UVA Wise,2015,63528,
796,UVA Wise,2015,63529,
796,UVA Wise,2015,63530,
796,UVA Wise,2015,63531,
796,UVA Wise,2015,63532,
796,UVA Wise,2015,63533,
796,UVA Wise,2015,63534,
843,Millsaps,2015,52151,
843,Millsaps,2015,56665,
843,Millsaps,2015,56667,
843,Millsaps,2015,56673,
1194,New York Institute Of Technology,2015,53529,
1194,New York Institute Of Technology,2015,53537,
1194,New York Institute Of Technology,2015,62015,
1194,New York Institute Of Technology,2015,62016,
1194,New York Institute Of Technology,2015,62017,
1194,New York Institute Of Technology,2015,62018,
1194,New York Institute Of Technology,2015,62019,1991-01-28
1194,New York Institute Of Technology,2015,62020,
1194,New York Institute Of Technology,2015,62021,
1194,New York Institute Of Technology,2015,62022,
1194,New York Institute Of Technology,2015,62023,
1194,New York Institute Of Technology,2015,62024,1991-05-30
1194,New York Institute Of Technology,2015,62025,
1194,New York Institute Of Technology,2015,62026,
1194,New York Institute Of Technology,2015,62027,
651,Campbellsville,2015,57966,
741,Brevard,2015,49213,
741,Brevard,2015,49220,
741,Brevard,2015,49224,
741,Brevard,2015,49225,
741,Brevard,2015,49226,
741,Brevard,2015,64213,
741,Brevard,2015,64214,
741,Brevard,2015,64215,
741,Brevard,2015,64216,
741,Brevard,2015,64217,
741,Brevard,2015,64218,
741,Brevard,2015,64219,
741,Brevard,2015,64220,
851,Blue Mountain,2015,49184,
851,Blue Mountain,2015,53617,
851,Blue Mountain,2015,53622,
851,Blue Mountain,2015,59917,
851,Blue Mountain,2015,59918,
851,Blue Mountain,2015,59919,
1215,Thomas (GA),2015,41170,
1215,Thomas (GA),2015,41171,
1215,Thomas (GA),2015,51854,
1215,Thomas (GA),2015,58705,
1215,Thomas (GA),2015,58706,
1215,Thomas (GA),2015,58707,
1215,Thomas (GA),2015,58708,
1215,Thomas (GA),2015,58710,
1215,Thomas (GA),2015,64585,
1215,Thomas (GA),2015,64586,
1215,Thomas (GA),2015,64587,
1215,Thomas (GA),2015,64588,
1215,Thomas (GA),2015,64589,
1215,Thomas (GA),2015,64590,
965,Coker,2015,54738,
965,Coker,2015,54739,
965,Coker,2015,54747,
965,Coker,2015,54750,
965,Coker,2015,59612,
965,Coker,2015,59613,
965,Coker,2015,59615,
965,Coker,2015,59616,
965,Coker,2015,59617,
965,Coker,2015,59618,
965,Coker,2015,59619,
965,Coker,2015,59620,
965,Coker,2015,59621,
965,Coker,2015,59624,
965,Coker,2015,59625,
965,Coker,2015,65225,
965,Coker,2015,65226,1992-07-29
965,Coker,2015,65227,
965,Coker,2015,65228,
965,Coker,2015,65229,
965,Coker,2015,65230,
965,Coker,2015,65231,
1358,Saint Rose,2015,33696,
1358,Saint Rose,2015,65578,
1358,Saint Rose,2015,65579,
1358,Saint Rose,2015,65580,
1358,Saint Rose,2015,65581,
1358,Saint Rose,2015,65582,
1358,Saint Rose,2015,65583,
1358,Saint Rose,2015,65584,
1358,Saint Rose,2015,65585,
1358,Saint Rose,2015,65586,
1358,Saint Rose,2015,65587,
1358,Saint Rose,2015,65588,
1358,Saint Rose,2015,65589,
1358,Saint Rose,2015,65590,
1358,Saint Rose,2015,65591,
1358,Saint Rose,2015,65592,
569,Jessup University,2015,55332,
569,Jessup University,2015,55333,
569,Jessup University,2015,57902,
569,Jessup University,2015,57905,
569,Jessup University,2015,57906,
569,Jessup University,2015,57908,
500,Washington College (MD),2015,49451,
500,Washington College (MD),2015,49458,
500,Washington College (MD),2015,49459,
500,Washington College (MD),2015,49460,
500,Washington College (MD),2015,65018,
500,Washington College (MD),2015,65019,
500,Washington College (MD),2015,65020,
500,Washington College (MD),2015,65021,
500,Washington College (MD),2015,65022,
500,Washington College (MD),2015,65023,
500,Washington College (MD),2015,65024,
500,Washington College (MD),2015,65025,
500,Washington College (MD),2015,65026,
500,Washington College (MD),2015,65027,
500,Washington College (MD),2015,65028,
500,Washington College (MD),2015,65029,
500,Washington College (MD),2015,65030,
1226,St. Edward's,2015,41507,
1226,St. Edward's,2015,43647,
1226,St. Edward's,2015,48838,
1226,St. Edward's,2015,53794,
1226,St. Edward's,2015,53795,
1226,St. Edward's,2015,53796,
1226,St. Edward's,2015,59181,
1226,St. Edward's,2015,59182,1991-06-02
1226,St. Edward's,2015,59183,
1226,St. Edward's,2015,59184,
1226,St. Edward's,2015,59185,
1226,St. Edward's,2015,64558,1992-11-10
1226,St. Edward's,2015,64559,
1226,St. Edward's,2015,64560,
1226,St. Edward's,2015,64561,
1359,Alfred State,2015,65672,
1359,Alfred State,2015,65673,
1359,Alfred State,2015,65674,
1359,Alfred State,2015,65675,
1359,Alfred State,2015,65676,
1359,Alfred State,2015,65677,
1359,Alfred State,2015,65678,
1359,Alfred State,2015,65679,
1359,Alfred State,2015,65680,
1359,Alfred State,2015,65681,
1359,Alfred State,2015,65682,
1359,Alfred State,2015,65683,
1359,Alfred State,2015,65684,
1359,Alfred State,2015,65685,
1359,Alfred State,2015,65686,
540,Bethel (TN),2015,55238,
540,Bethel (TN),2015,55247,
540,Bethel (TN),2015,55248,
540,Bethel (TN),2015,64468,
540,Bethel (TN),2015,64469,
540,Bethel (TN),2015,64470,
540,Bethel (TN),2015,64471,
540,Bethel (TN),2015,64472,
540,Bethel (TN),2015,64473,
540,Bethel (TN),2015,64474,
540,Bethel (TN),2015,64475,
540,Bethel (TN),2015,64476,
540,Bethel (TN),2015,64477,
540,Bethel (TN),2015,64478,
540,Bethel (TN),2015,64479,
540,Bethel (TN),2015,64480,
540,Bethel (TN),2015,64481,
532,Mississippi College,2015,49797,
532,Mississippi College,2015,49799,
532,Mississippi College,2015,53959,
532,Mississippi College,2015,53961,
532,Mississippi College,2015,53962,
532,Mississippi College,2015,58771,
532,Mississippi College,2015,58773,
532,Mississippi College,2015,58774,
532,Mississippi College,2015,58775,
532,Mississippi College,2015,58777,
532,Mississippi College,2015,58780,
532,Mississippi College,2015,58781,
532,Mississippi College,2015,61865,
532,Mississippi College,2015,61866,
532,Mississippi College,2015,61867,
532,Mississippi College,2015,61868,
532,Mississippi College,2015,61869,
532,Mississippi College,2015,61870,
532,Mississippi College,2015,61871,
532,Mississippi College,2015,61872,
837,Malone,2015,58444,
837,Malone,2015,58445,
837,Malone,2015,58446,
837,Malone,2015,58447,
837,Malone,2015,58448,
837,Malone,2015,58450,
837,Malone,2015,58451,
837,Malone,2015,58454,
837,Malone,2015,58456,
837,Malone,2015,63570,
837,Malone,2015,63571,
837,Malone,2015,63572,
837,Malone,2015,63573,
837,Malone,2015,63574,1988-08-04
719,Texas Lutheran,2015,44543,
719,Texas Lutheran,2015,50174,
719,Texas Lutheran,2015,50180,
719,Texas Lutheran,2015,55019,
719,Texas Lutheran,2015,55020,
719,Texas Lutheran,2015,55027,
719,Texas Lutheran,2015,55028,
719,Texas Lutheran,2015,57499,
719,Texas Lutheran,2015,64482,
719,Texas Lutheran,2015,64483,
719,Texas Lutheran,2015,64484,
719,Texas Lutheran,2015,64485,
719,Texas Lutheran,2015,64486,
719,Texas Lutheran,2015,64487,
719,Texas Lutheran,2015,64488,
719,Texas Lutheran,2015,64489,
719,Texas Lutheran,2015,64490,
719,Texas Lutheran,2015,64491,
719,Texas Lutheran,2015,64492,
789,Chadron State,2015,14009,
789,Chadron State,2015,14010,
789,Chadron State,2015,14012,
789,Chadron State,2015,14019,
789,Chadron State,2015,51116,
789,Chadron State,2015,64107,
789,Chadron State,2015,64108,
789,Chadron State,2015,64109,
789,Chadron State,2015,64110,
789,Chadron State,2015,64111,
789,Chadron State,2015,64112,
789,Chadron State,2015,64113,
789,Chadron State,2015,64114,
789,Chadron State,2015,64115,
789,Chadron State,2015,64116,
789,Chadron State,2015,64117,
789,Chadron State,2015,64118,
789,Chadron State,2015,64119,
789,Chadron State,2015,64120,
789,Chadron State,2015,64121,
789,Chadron State,2015,64122,
789,Chadron State,2015,64123,
789,Chadron State,2015,64124,
1007,Huston-Tillotson,2015,55622,
1007,Huston-Tillotson,2015,55628,
1007,Huston-Tillotson,2015,55629,
1007,Huston-Tillotson,2015,58551,
1007,Huston-Tillotson,2015,61956,
1007,Huston-Tillotson,2015,61957,
1007,Huston-Tillotson,2015,61958,
1007,Huston-Tillotson,2015,61959,
1007,Huston-Tillotson,2015,61960,
1007,Huston-Tillotson,2015,61961,
1007,Huston-Tillotson,2015,61962,
1007,Huston-Tillotson,2015,61963,
1007,Huston-Tillotson,2015,61964,
1007,Huston-Tillotson,2015,61965,
1007,Huston-Tillotson,2015,61966,
1007,Huston-Tillotson,2015,61967,
1007,Huston-Tillotson,2015,61968,
1007,Huston-Tillotson,2015,61969,
1007,Huston-Tillotson,2015,61970,
1007,Huston-Tillotson,2015,61971,
1007,Huston-Tillotson,2015,61972,
1007,Huston-Tillotson,2015,61973,
1007,Huston-Tillotson,2015,65765,
661,Randall University,2015,40051,
661,Randall University,2015,55280,
661,Randall University,2015,55281,
661,Randall University,2015,55284,
661,Randall University,2015,55286,
661,Randall University,2015,60506,
661,Randall University,2015,60507,
661,Randall University,2015,60510,
661,Randall University,2015,60511,
661,Randall University,2015,60512,
661,Randall University,2015,60513,
661,Randall University,2015,60514,
661,Randall University,2015,60515,
661,Randall University,2015,60516,
661,Randall University,2015,60517,
661,Randall University,2015,60518,
1321,South Dakota St School Of Mines,2015,59244,
1321,South Dakota St School Of Mines,2015,59245,
1321,South Dakota St School Of Mines,2015,59247,
1321,South Dakota St School Of Mines,2015,59248,
1321,South Dakota St School Of Mines,2015,59249,
1321,South Dakota St School Of Mines,2015,59252,
1321,South Dakota St School Of Mines,2015,59253,
1321,South Dakota St School Of Mines,2015,59255,
1321,South Dakota St School Of Mines,2015,59259,
1321,South Dakota St School Of Mines,2015,64511,
1321,South Dakota St School Of Mines,2015,64512,
1321,South Dakota St School Of Mines,2015,64513,
1321,South Dakota St School Of Mines,2015,64514,
1321,South Dakota St School Of Mines,2015,64515,
1321,South Dakota St School Of Mines,2015,64516,1992-04-04
1321,South Dakota St School Of Mines,2015,64517,
1340,College Of Faith,2015,63478,
1340,College Of Faith,2015,63479,
1340,College Of Faith,2015,63480,
1340,College Of Faith,2015,63481,
1340,College Of Faith,2015,63482,
1340,College Of Faith,2015,63483,
1340,College Of Faith,2015,63484,
1340,College Of Faith,2015,63485,
1340,College Of Faith,2015,63486,
1340,College Of Faith,2015,63487,
1357,Cameron,2015,65439,
1357,Cameron,2015,65440,
1357,Cameron,2015,65441,
1357,Cameron,2015,65442,1992-09-04
1357,Cameron,2015,65443,
1357,Cameron,2015,65444,
1357,Cameron,2015,65445,
1357,Cameron,2015,65446,1991-07-11
1357,Cameron,2015,65447,
1357,Cameron,2015,65448,
1357,Cameron,2015,65449,1992-12-18
1357,Cameron,2015,65450,
1357,Cameron,2015,65451,
1357,Cameron,2015,65452,
1186,Arkansas-Monticello,2015,59952,
1186,Arkansas-Monticello,2015,59954,
1186,Arkansas-Monticello,2015,59959,
1186,Arkansas-Monticello,2015,61203,
1186,Arkansas-Monticello,2015,61204,
1186,Arkansas-Monticello,2015,61205,
1186,Arkansas-Monticello,2015,61206,
1186,Arkansas-Monticello,2015,61207,
1186,Arkansas-Monticello,2015,61208,
1186,Arkansas-Monticello,2015,61209,
1186,Arkansas-Monticello,2015,61210,
1186,Arkansas-Monticello,2015,61211,
519,NC Wesleyan,2015,48045,
519,NC Wesleyan,2015,48047,
519,NC Wesleyan,2015,58158,
519,NC Wesleyan,2015,58159,
519,NC Wesleyan,2015,58160,
519,NC Wesleyan,2015,58161,
519,NC Wesleyan,2015,58162,
519,NC Wesleyan,2015,58165,
519,NC Wesleyan,2015,58170,
519,NC Wesleyan,2015,61613,
519,NC Wesleyan,2015,61614,
519,NC Wesleyan,2015,61615,
519,NC Wesleyan,2015,61616,
519,NC Wesleyan,2015,61617,
519,NC Wesleyan,2015,61618,
519,NC Wesleyan,2015,61619,
519,NC Wesleyan,2015,61620,
519,NC Wesleyan,2015,61621,
519,NC Wesleyan,2015,61622,
519,NC Wesleyan,2015,61623,
519,NC Wesleyan,2015,61624,
846,Jarvis Christian,2015,48956,
846,Jarvis Christian,2015,54351,
846,Jarvis Christian,2015,54360,
846,Jarvis Christian,2015,54364,
846,Jarvis Christian,2015,57165,
846,Jarvis Christian,2015,57166,
846,Jarvis Christian,2015,57167,
846,Jarvis Christian,2015,57168,
846,Jarvis Christian,2015,57169,
846,Jarvis Christian,2015,57170,
846,Jarvis Christian,2015,57171,
846,Jarvis Christian,2015,57172,
846,Jarvis Christian,2015,57173,
846,Jarvis Christian,2015,57174,
846,Jarvis Christian,2015,57175,
846,Jarvis Christian,2015,57176,
846,Jarvis Christian,2015,57177,
846,Jarvis Christian,2015,57178,
846,Jarvis Christian,2015,57179,
846,Jarvis Christian,2015,57180,
846,Jarvis Christian,2015,57181,
846,Jarvis Christian,2015,57182,
846,Jarvis Christian,2015,57183,
846,Jarvis Christian,2015,57184,
846,Jarvis Christian,2015,57185,
846,Jarvis Christian,2015,57186,
846,Jarvis Christian,2015,57187,
846,Jarvis Christian,2015,57188,
846,Jarvis Christian,2015,57189,
846,Jarvis Christian,2015,57190,
846,Jarvis Christian,2015,57191,
846,Jarvis Christian,2015,57192,
846,Jarvis Christian,2015,57193,
846,Jarvis Christian,2015,57194,
846,Jarvis Christian,2015,57195,
846,Jarvis Christian,2015,57196,
846,Jarvis Christian,2015,57197,
846,Jarvis Christian,2015,57198,
846,Jarvis Christian,2015,57199,
846,Jarvis Christian,2015,57200,
846,Jarvis Christian,2015,57201,
846,Jarvis Christian,2015,57202,
846,Jarvis Christian,2015,57203,
846,Jarvis Christian,2015,57204,
846,Jarvis Christian,2015,57205,
846,Jarvis Christian,2015,57206,
846,Jarvis Christian,2015,57207,
846,Jarvis Christian,2015,57208,
846,Jarvis Christian,2015,57209,
846,Jarvis Christian,2015,57210,
846,Jarvis Christian,2015,57211,
846,Jarvis Christian,2015,65489,
673,Texas College,2015,10877,
673,Texas College,2015,58311,
673,Texas College,2015,58315,
673,Texas College,2015,65833,
673,Texas College,2015,65834,
673,Texas College,2015,65835,
673,Texas College,2015,65836,
673,Texas College,2015,65837,
673,Texas College,2015,65838,
673,Texas College,2015,65839,
820,Fort Valley State,2015,54295,
820,Fort Valley State,2015,54299,
820,Fort Valley State,2015,54300,
820,Fort Valley State,2015,54302,
820,Fort Valley State,2015,54303,
820,Fort Valley State,2015,54304,
820,Fort Valley State,2015,64323,
820,Fort Valley State,2015,64324,
820,Fort Valley State,2015,64325,
820,Fort Valley State,2015,64326,
820,Fort Valley State,2015,64327,
820,Fort Valley State,2015,64328,
820,Fort Valley State,2015,64329,
820,Fort Valley State,2015,64330,
820,Fort Valley State,2015,64331,
820,Fort Valley State,2015,64332,
820,Fort Valley State,2015,64333,
820,Fort Valley State,2015,64334,
820,Fort Valley State,2015,64335,
820,Fort Valley State,2015,64336,
820,Fort Valley State,2015,64337,
820,Fort Valley State,2015,64338,
820,Fort Valley State,2015,64339,
820,Fort Valley State,2015,64340,
679,Capital,2015,11057,
679,Capital,2015,11058,
679,Capital,2015,11059,
679,Capital,2015,11060,
679,Capital,2015,11061,
679,Capital,2015,11062,
679,Capital,2015,11063,
679,Capital,2015,11064,
679,Capital,2015,11065,
679,Capital,2015,11066,
679,Capital,2015,11067,
679,Capital,2015,11068,
679,Capital,2015,11069,
679,Capital,2015,11070,
679,Capital,2015,11071,
679,Capital,2015,65341,
679,Capital,2015,65342,
1148,Bacone,2015,38794,
1148,Bacone,2015,38801,
1148,Bacone,2015,38802,
1148,Bacone,2015,38803,
1148,Bacone,2015,38804,
1148,Bacone,2015,38805,
1148,Bacone,2015,38806,
1148,Bacone,2015,38807,
1148,Bacone,2015,38808,
1148,Bacone,2015,38809,
1148,Bacone,2015,38810,
1148,Bacone,2015,38811,
654,Corban College,2015,45720,
654,Corban College,2015,45721,
654,Corban College,2015,45726,
654,Corban College,2015,45727,
654,Corban College,2015,45728,
654,Corban College,2015,45729,
654,Corban College,2015,63603,
654,Corban College,2015,63604,
654,Corban College,2015,63605,
654,Corban College,2015,63606,
654,Corban College,2015,63607,
654,Corban College,2015,63608,
654,Corban College,2015,63609,
654,Corban College,2015,63610,
1183,Notre Dame de Namur,2015,48728,
1183,Notre Dame de Namur,2015,48733,
1183,Notre Dame de Namur,2015,58395,
1183,Notre Dame de Namur,2015,59216,
1183,Notre Dame de Namur,2015,59218,
1183,Notre Dame de Namur,2015,59219,
1183,Notre Dame de Namur,2015,59220,
1183,Notre Dame de Namur,2015,59221,
1183,Notre Dame de Namur,2015,59222,
1183,Notre Dame de Namur,2015,59223,
1183,Notre Dame de Namur,2015,59224,
1183,Notre Dame de Namur,2015,59225,
1183,Notre Dame de Namur,2015,59227,
1183,Notre Dame de Namur,2015,63768,
1183,Notre Dame de Namur,2015,63769,
1183,Notre Dame de Namur,2015,63770,
1183,Notre Dame de Namur,2015,63771,
635,Taylor,2015,9871,
635,Taylor,2015,9872,
635,Taylor,2015,9873,
635,Taylor,2015,9874,
635,Taylor,2015,9875,
635,Taylor,2015,9876,
635,Taylor,2015,9877,
635,Taylor,2015,9878,
635,Taylor,2015,9879,
635,Taylor,2015,9880,
635,Taylor,2015,9881,
635,Taylor,2015,9882,
635,Taylor,2015,9883,
1328,Missouri Valley,2015,36233,
1328,Missouri Valley,2015,60210,
1328,Missouri Valley,2015,60211,
1328,Missouri Valley,2015,60213,
1328,Missouri Valley,2015,60218,
1328,Missouri Valley,2015,60219,
1328,Missouri Valley,2015,60222,
1328,Missouri Valley,2015,60223,
1328,Missouri Valley,2015,60224,
1328,Missouri Valley,2015,60225,
1328,Missouri Valley,2015,60226,
1328,Missouri Valley,2015,60227,
1328,Missouri Valley,2015,60229,
1328,Missouri Valley,2015,60230,
1328,Missouri Valley,2015,60231,
1328,Missouri Valley,2015,60232,
1328,Missouri Valley,2015,60233,
1328,Missouri Valley,2015,60234,
1328,Missouri Valley,2015,60235,
1107,Cal Lutheran,2015,63435,
1107,Cal Lutheran,2015,63436,
1107,Cal Lutheran,2015,63437,
1107,Cal Lutheran,2015,63438,
1107,Cal Lutheran,2015,63439,
1107,Cal Lutheran,2015,63440,
1107,Cal Lutheran,2015,63441,
1107,Cal Lutheran,2015,63442,
1107,Cal Lutheran,2015,63443,
1107,Cal Lutheran,2015,63444,
1107,Cal Lutheran,2015,63445,
1107,Cal Lutheran,2015,63446,
1107,Cal Lutheran,2015,63447,
1107,Cal Lutheran,2015,63448,
1107,Cal Lutheran,2015,63449,
1107,Cal Lutheran,2015,63450,
1107,Cal Lutheran,2015,63451,
1107,Cal Lutheran,2015,63452,
1107,Cal Lutheran,2015,63453,
1107,Cal Lutheran,2015,63454,
1107,Cal Lutheran,2015,63455,
1220,Newbury College,2015,63286,
1220,Newbury College,2015,63287,
1220,Newbury College,2015,63288,
1220,Newbury College,2015,63289,
1220,Newbury College,2015,63290,
1220,Newbury College,2015,63291,
1220,Newbury College,2015,63292,
1220,Newbury College,2015,63293,
1220,Newbury College,2015,63294,
1220,Newbury College,2015,63295,
1220,Newbury College,2015,63296,
1220,Newbury College,2015,63297,
1220,Newbury College,2015,63298,
1220,Newbury College,2015,63299,
1220,Newbury College,2015,63300,
1220,Newbury College,2015,63301,
1220,Newbury College,2015,63302,
1220,Newbury College,2015,63303,
1343,Ohio Midwestern,2015,63914,
1343,Ohio Midwestern,2015,63915,
1343,Ohio Midwestern,2015,63916,
1343,Ohio Midwestern,2015,63917,
1343,Ohio Midwestern,2015,63918,
1343,Ohio Midwestern,2015,63919,
1343,Ohio Midwestern,2015,63920,
1343,Ohio Midwestern,2015,63921,
1343,Ohio Midwestern,2015,63922,
1343,Ohio Midwestern,2015,63923,
1343,Ohio Midwestern,2015,63924,
1343,Ohio Midwestern,2015,63925,
1343,Ohio Midwestern,2015,63926,
1343,Ohio Midwestern,2015,63927,
1355,Robert Morris-Springfield (IL),2015,65253,
1355,Robert Morris-Springfield (IL),2015,65254,
1355,Robert Morris-Springfield (IL),2015,65255,
1355,Robert Morris-Springfield (IL),2015,65256,
1355,Robert Morris-Springfield (IL),2015,65257,
1355,Robert Morris-Springfield (IL),2015,65258,
1355,Robert Morris-Springfield (IL),2015,65259,
1355,Robert Morris-Springfield (IL),2015,65260,
1355,Robert Morris-Springfield (IL),2015,65261,
1355,Robert Morris-Springfield (IL),2015,65262,
1355,Robert Morris-Springfield (IL),2015,65263,
722,Texas A&M-Kingsville,2015,12175,
722,Texas A&M-Kingsville,2015,12185,
722,Texas A&M-Kingsville,2015,12186,
722,Texas A&M-Kingsville,2015,12187,
722,Texas A&M-Kingsville,2015,12188,
722,Texas A&M-Kingsville,2015,12189,
722,Texas A&M-Kingsville,2015,58979,
722,Texas A&M-Kingsville,2015,58980,
722,Texas A&M-Kingsville,2015,58981,
722,Texas A&M-Kingsville,2015,63965,1990-06-18
722,Texas A&M-Kingsville,2015,63966,1991-01-14
722,Texas A&M-Kingsville,2015,63967,
722,Texas A&M-Kingsville,2015,63968,
722,Texas A&M-Kingsville,2015,63969,
722,Texas A&M-Kingsville,2015,63970,
722,Texas A&M-Kingsville,2015,63971,
722,Texas A&M-Kingsville,2015,63972,
1078,Maine-Farmington,2015,28295,
1078,Maine-Farmington,2015,28296,
1078,Maine-Farmington,2015,28297,
1078,Maine-Farmington,2015,28298,
1078,Maine-Farmington,2015,28299,
1078,Maine-Farmington,2015,28300,
1078,Maine-Farmington,2015,28301,
1078,Maine-Farmington,2015,28302,
1078,Maine-Farmington,2015,28303,2004-11-19
1078,Maine-Farmington,2015,28305,
1078,Maine-Farmington,2015,28306,
646,Carolina University,2015,46836,
646,Carolina University,2015,46837,
646,Carolina University,2015,59045,
646,Carolina University,2015,59047,
646,Carolina University,2015,59052,
646,Carolina University,2015,59053,
646,Carolina University,2015,59054,
646,Carolina University,2015,59055,
646,Carolina University,2015,59056,
646,Carolina University,2015,59057,
646,Carolina University,2015,59058,
646,Carolina University,2015,59059,
646,Carolina University,2015,59060,
646,Carolina University,2015,59061,
646,Carolina University,2015,59062,
646,Carolina University,2015,63890,
725,Averett,2015,53254,1995-06-25
725,Averett,2015,53255,1995-05-19
725,Averett,2015,53256,1996-05-15
725,Averett,2015,53263,1995-10-06
725,Averett,2015,57789,1994-09-27
725,Averett,2015,57790,1993-10-13
725,Averett,2015,57791,1994-02-16
725,Averett,2015,57795,1995-01-30
725,Averett,2015,57796,1994-08-21
725,Averett,2015,57797,1994-06-05
725,Averett,2015,57798,1994-03-01
725,Averett,2015,61411,
725,Averett,2015,61412,
744,Warner University,2015,14613,
744,Warner University,2015,28631,
744,Warner University,2015,28632,
744,Warner University,2015,28639,
744,Warner University,2015,28640,
744,Warner University,2015,28641,
744,Warner University,2015,28642,
744,Warner University,2015,63280,
744,Warner University,2015,63281,
744,Warner University,2015,63282,
744,Warner University,2015,63283,
744,Warner University,2015,63284,
744,Warner University,2015,63285,
985,Illinois-Springfield,2015,39998,
985,Illinois-Springfield,2015,52312,
985,Illinois-Springfield,2015,52543,
985,Illinois-Springfield,2015,60115,
985,Illinois-Springfield,2015,60117,1994-06-24
985,Illinois-Springfield,2015,60118,
985,Illinois-Springfield,2015,60119,
985,Illinois-Springfield,2015,62881,
985,Illinois-Springfield,2015,62882,
985,Illinois-Springfield,2015,62883,
985,Illinois-Springfield,2015,62884,
985,Illinois-Springfield,2015,62885,
985,Illinois-Springfield,2015,62886,
985,Illinois-Springfield,2015,62887,
985,Illinois-Springfield,2015,62888,
707,Kentucky State,2015,48907,
707,Kentucky State,2015,48909,
707,Kentucky State,2015,59035,
707,Kentucky State,2015,59037,
707,Kentucky State,2015,59039,
1332,St. Catharine (KY),2015,47355,
1332,St. Catharine (KY),2015,55446,
1332,St. Catharine (KY),2015,60942,
1332,St. Catharine (KY),2015,60945,
1332,St. Catharine (KY),2015,60950,
1332,St. Catharine (KY),2015,60951,
1332,St. Catharine (KY),2015,65470,
1332,St. Catharine (KY),2015,65471,
1332,St. Catharine (KY),2015,65472,
1332,St. Catharine (KY),2015,65473,
1332,St. Catharine (KY),2015,65474,
1332,St. Catharine (KY),2015,65475,
1332,St. Catharine (KY),2015,65476,
1332,St. Catharine (KY),2015,65477,
1332,St. Catharine (KY),2015,65478,
1332,St. Catharine (KY),2015,65479,
1332,St. Catharine (KY),2015,65480,
1332,St. Catharine (KY),2015,65481,
1332,St. Catharine (KY),2015,65482,
1332,St. Catharine (KY),2015,65483,
1332,St. Catharine (KY),2015,65484,
1332,St. Catharine (KY),2015,65485,
1332,St. Catharine (KY),2015,65486,
1332,St. Catharine (KY),2015,65487,
1332,St. Catharine (KY),2015,65488,
855,Oakland City,2015,48809,
855,Oakland City,2015,53586,
855,Oakland City,2015,53589,
855,Oakland City,2015,58564,
855,Oakland City,2015,58565,
855,Oakland City,2015,58566,
855,Oakland City,2015,58567,
855,Oakland City,2015,64983,
855,Oakland City,2015,64984,
855,Oakland City,2015,64985,
855,Oakland City,2015,64986,
855,Oakland City,2015,64987,
855,Oakland City,2015,64988,
855,Oakland City,2015,64989,
855,Oakland City,2015,64990,
855,Oakland City,2015,64991,
855,Oakland City,2015,64992,
855,Oakland City,2015,64993,
855,Oakland City,2015,64994,
855,Oakland City,2015,64995,
571,San Francisco State,2015,41128,
571,San Francisco State,2015,41133,
571,San Francisco State,2015,54984,
571,San Francisco State,2015,54985,
571,San Francisco State,2015,54987,
571,San Francisco State,2015,57651,
571,San Francisco State,2015,57654,
571,San Francisco State,2015,57655,
571,San Francisco State,2015,57656,
571,San Francisco State,2015,62984,
571,San Francisco State,2015,62985,
571,San Francisco State,2015,62986,
571,San Francisco State,2015,62987,
571,San Francisco State,2015,62988,
693,Fisher College,2015,53989,
693,Fisher College,2015,53996,
693,Fisher College,2015,53997,
693,Fisher College,2015,54003,
693,Fisher College,2015,60192,
693,Fisher College,2015,60193,
693,Fisher College,2015,60194,
693,Fisher College,2015,60197,
693,Fisher College,2015,65820,
693,Fisher College,2015,65821,
693,Fisher College,2015,65822,
693,Fisher College,2015,65823,
693,Fisher College,2015,65824,
693,Fisher College,2015,65825,
693,Fisher College,2015,65826,
693,Fisher College,2015,65827,
693,Fisher College,2015,65828,
693,Fisher College,2015,65829,
693,Fisher College,2015,65830,
693,Fisher College,2015,65831,
693,Fisher College,2015,65832,
732,Our Lady Of The Lake,2015,47375,
732,Our Lady Of The Lake,2015,52140,
732,Our Lady Of The Lake,2015,52141,
732,Our Lady Of The Lake,2015,57151,
732,Our Lady Of The Lake,2015,57156,1994-01-04
732,Our Lady Of The Lake,2015,57157,
732,Our Lady Of The Lake,2015,61849,
732,Our Lady Of The Lake,2015,61850,
732,Our Lady Of The Lake,2015,61851,
732,Our Lady Of The Lake,2015,61852,
732,Our Lady Of The Lake,2015,61853,
732,Our Lady Of The Lake,2015,61854,
732,Our Lady Of The Lake,2015,61855,
732,Our Lady Of The Lake,2015,61856,1992-02-19
732,Our Lady Of The Lake,2015,61857,
732,Our Lady Of The Lake,2015,61858,
732,Our Lady Of The Lake,2015,61859,
732,Our Lady Of The Lake,2015,61860,
732,Our Lady Of The Lake,2015,61861,
732,Our Lady Of The Lake,2015,61862,
967,Trevecca Nazarene,2015,46159,
967,Trevecca Nazarene,2015,55892,1994-06-13
967,Trevecca Nazarene,2015,55895,
967,Trevecca Nazarene,2015,60488,
967,Trevecca Nazarene,2015,60489,
967,Trevecca Nazarene,2015,60490,
967,Trevecca Nazarene,2015,60491,1994-03-24
967,Trevecca Nazarene,2015,60492,
967,Trevecca Nazarene,2015,60493,
967,Trevecca Nazarene,2015,60494,1993-08-01
967,Trevecca Nazarene,2015,60495,
967,Trevecca Nazarene,2015,60496,
967,Trevecca Nazarene,2015,60497,
967,Trevecca Nazarene,2015,63133,
967,Trevecca Nazarene,2015,63134,
967,Trevecca Nazarene,2015,63674,
967,Trevecca Nazarene,2015,63675,
967,Trevecca Nazarene,2015,63676,
967,Trevecca Nazarene,2015,63678,
967,Trevecca Nazarene,2015,63679,
967,Trevecca Nazarene,2015,63682,
967,Trevecca Nazarene,2015,63683,
967,Trevecca Nazarene,2015,63684,
967,Trevecca Nazarene,2015,63685,
967,Trevecca Nazarene,2015,63686,
967,Trevecca Nazarene,2015,63687,
871,Wilberforce,2015,58280,
871,Wilberforce,2015,65005,
871,Wilberforce,2015,65006,
871,Wilberforce,2015,65007,
871,Wilberforce,2015,65008,
871,Wilberforce,2015,65009,
871,Wilberforce,2015,65010,
871,Wilberforce,2015,65011,
871,Wilberforce,2015,65012,
871,Wilberforce,2015,65013,
871,Wilberforce,2015,65014,
871,Wilberforce,2015,65015,
871,Wilberforce,2015,65016,
871,Wilberforce,2015,65017,
751,Montreat,2015,37458,
751,Montreat,2015,57124,
751,Montreat,2015,57134,
751,Montreat,2015,57137,
751,Montreat,2015,64676,
751,Montreat,2015,64677,
751,Montreat,2015,64678,
751,Montreat,2015,64679,
751,Montreat,2015,64680,
751,Montreat,2015,64681,
751,Montreat,2015,64682,
751,Montreat,2015,64683,
751,Montreat,2015,64684,
751,Montreat,2015,64685,
751,Montreat,2015,64686,
1224,Sewanee,2015,51324,
1224,Sewanee,2015,51325,
1224,Sewanee,2015,51327,
1224,Sewanee,2015,51328,
1133,Tougaloo,2015,52235,
1303,Austin,2015,55076,
1303,Austin,2015,55078,
1303,Austin,2015,55079,
1303,Austin,2015,55082,
1303,Austin,2015,55089,
1303,Austin,2015,55090,
1303,Austin,2015,55091,
1303,Austin,2015,55092,
1303,Austin,2015,55095,
1303,Austin,2015,56771,
1303,Austin,2015,56772,
1303,Austin,2015,56774,
1303,Austin,2015,56775,
1303,Austin,2015,56776,
1303,Austin,2015,56777,
1303,Austin,2015,56778,
1303,Austin,2015,56779,
1303,Austin,2015,56780,
1303,Austin,2015,56781,
1303,Austin,2015,56782,
1303,Austin,2015,56783,
669,Tabor,2015,59320,
669,Tabor,2015,59321,
669,Tabor,2015,59322,
669,Tabor,2015,59323,
669,Tabor,2015,59325,
669,Tabor,2015,59328,
669,Tabor,2015,59329,
669,Tabor,2015,59330,
669,Tabor,2015,59331,
669,Tabor,2015,59332,
669,Tabor,2015,59333,
669,Tabor,2015,65778,
669,Tabor,2015,65779,
669,Tabor,2015,65780,
669,Tabor,2015,65781,
669,Tabor,2015,65782,
669,Tabor,2015,65783,
669,Tabor,2015,65784,
669,Tabor,2015,65785,
669,Tabor,2015,65786,
669,Tabor,2015,65787,
669,Tabor,2015,65788,
669,Tabor,2015,65789,
669,Tabor,2015,65790,
669,Tabor,2015,65791,
669,Tabor,2015,65792,
991,San Diego Christian,2015,53377,
991,San Diego Christian,2015,53380,
991,San Diego Christian,2015,58087,
991,San Diego Christian,2015,58088,
991,San Diego Christian,2015,58090,
991,San Diego Christian,2015,58091,
991,San Diego Christian,2015,58092,
991,San Diego Christian,2015,58094,
991,San Diego Christian,2015,58095,
991,San Diego Christian,2015,58101,
991,San Diego Christian,2015,63050,
991,San Diego Christian,2015,63051,
991,San Diego Christian,2015,63052,
991,San Diego Christian,2015,63053,
991,San Diego Christian,2015,63054,
991,San Diego Christian,2015,63055,
991,San Diego Christian,2015,63056,
991,San Diego Christian,2015,64074,
991,San Diego Christian,2015,65044,
1338,Baptist Bible,2015,55314,
1338,Baptist Bible,2015,57920,
1338,Baptist Bible,2015,57923,
1338,Baptist Bible,2015,57924,
1338,Baptist Bible,2015,57929,
1338,Baptist Bible,2015,63242,
1338,Baptist Bible,2015,63243,
1338,Baptist Bible,2015,63244,
1338,Baptist Bible,2015,63245,
1338,Baptist Bible,2015,63246,
1338,Baptist Bible,2015,63247,
1338,Baptist Bible,2015,63248,
1338,Baptist Bible,2015,63249,
1338,Baptist Bible,2015,63250,
708,Ferrum,2015,37198,
708,Ferrum,2015,48981,
708,Ferrum,2015,48985,
708,Ferrum,2015,53177,
708,Ferrum,2015,53178,
708,Ferrum,2015,53180,
708,Ferrum,2015,53182,
708,Ferrum,2015,53186,
708,Ferrum,2015,55212,
708,Ferrum,2015,56142,
708,Ferrum,2015,56143,
708,Ferrum,2015,64941,
708,Ferrum,2015,64942,
708,Ferrum,2015,64943,
708,Ferrum,2015,64944,
708,Ferrum,2015,64945,
708,Ferrum,2015,64946,
708,Ferrum,2015,64947,
708,Ferrum,2015,64948,
708,Ferrum,2015,64949,
708,Ferrum,2015,64950,
708,Ferrum,2015,64951,
708,Ferrum,2015,64952,
708,Ferrum,2015,64953,
708,Ferrum,2015,64954,
708,Ferrum,2015,64955,
708,Ferrum,2015,64956,
708,Ferrum,2015,64957,
708,Ferrum,2015,64958,
708,Ferrum,2015,64959,
708,Ferrum,2015,64960,
708,Ferrum,2015,64961,
708,Ferrum,2015,64962,
1110,Roosevelt,2015,53594,
1110,Roosevelt,2015,53602,
1110,Roosevelt,2015,53603,
1110,Roosevelt,2015,59276,
950,CS Dominguez Hills,2015,37356,
950,CS Dominguez Hills,2015,54111,
950,CS Dominguez Hills,2015,54117,
950,CS Dominguez Hills,2015,54122,
950,CS Dominguez Hills,2015,54123,
950,CS Dominguez Hills,2015,54124,
950,CS Dominguez Hills,2015,54125,
950,CS Dominguez Hills,2015,54126,
950,CS Dominguez Hills,2015,54127,
950,CS Dominguez Hills,2015,59584,
950,CS Dominguez Hills,2015,64996,1992-04-29
950,CS Dominguez Hills,2015,64997,
950,CS Dominguez Hills,2015,64998,
950,CS Dominguez Hills,2015,64999,
950,CS Dominguez Hills,2015,65000,
950,CS Dominguez Hills,2015,65001,
950,CS Dominguez Hills,2015,65002,
767,Lesley University,2015,39329,
641,Goshen,2015,54154,
641,Goshen,2015,54155,
641,Goshen,2015,54156,
641,Goshen,2015,54160,
641,Goshen,2015,54161,
641,Goshen,2015,65205,
641,Goshen,2015,65206,
641,Goshen,2015,65207,
641,Goshen,2015,65208,
641,Goshen,2015,65209,
641,Goshen,2015,65210,
641,Goshen,2015,65211,
641,Goshen,2015,65212,1900-01-01
641,Goshen,2015,65213,1900-01-01
641,Goshen,2015,65214,1900-01-01
641,Goshen,2015,65215,1900-01-01
641,Goshen,2015,65216,1900-01-01
641,Goshen,2015,65217,
641,Goshen,2015,65218,
641,Goshen,2015,65219,1900-01-01
641,Goshen,2015,65220,1900-01-01
641,Goshen,2015,65221,1900-01-01
641,Goshen,2015,65222,1900-01-01
641,Goshen,2015,65223,1900-01-01
641,Goshen,2015,65224,1900-01-01
197,North Alabama,2015,56379,
197,North Alabama,2015,65539,
197,North Alabama,2015,65540,
197,North Alabama,2015,65541,
197,North Alabama,2015,65542,
197,North Alabama,2015,65543,
197,North Alabama,2015,65544,
197,North Alabama,2015,65545,
197,North Alabama,2015,65546,1991-12-08
197,North Alabama,2015,65547,
197,North Alabama,2015,65548,
197,North Alabama,2015,65549,
197,North Alabama,2015,65550,
197,North Alabama,2015,65551,
934,Ohio Dominican,2015,54307,
934,Ohio Dominican,2015,54308,
934,Ohio Dominican,2015,54309,
934,Ohio Dominican,2015,54310,
934,Ohio Dominican,2015,54316,
934,Ohio Dominican,2015,54321,
934,Ohio Dominican,2015,54322,
934,Ohio Dominican,2015,54323,
934,Ohio Dominican,2015,54324,
934,Ohio Dominican,2015,54325,
934,Ohio Dominican,2015,63171,
934,Ohio Dominican,2015,63172,
934,Ohio Dominican,2015,63173,
934,Ohio Dominican,2015,63174,
934,Ohio Dominican,2015,63175,
934,Ohio Dominican,2015,63176,
534,Dallas Christian,2015,49988,
534,Dallas Christian,2015,54194,
534,Dallas Christian,2015,54198,
534,Dallas Christian,2015,54203,
534,Dallas Christian,2015,54204,
534,Dallas Christian,2015,54205,
534,Dallas Christian,2015,54208,
534,Dallas Christian,2015,54209,
534,Dallas Christian,2015,54210,
534,Dallas Christian,2015,54211,
534,Dallas Christian,2015,54212,
534,Dallas Christian,2015,64269,
534,Dallas Christian,2015,64270,
534,Dallas Christian,2015,64271,
534,Dallas Christian,2015,64272,
844,Coast Guard,2015,65264,
844,Coast Guard,2015,65265,
844,Coast Guard,2015,65266,
844,Coast Guard,2015,65267,
844,Coast Guard,2015,65268,
844,Coast Guard,2015,65269,
844,Coast Guard,2015,65270,
844,Coast Guard,2015,65271,
844,Coast Guard,2015,65272,
844,Coast Guard,2015,65273,
844,Coast Guard,2015,65274,
844,Coast Guard,2015,65275,
844,Coast Guard,2015,65276,
844,Coast Guard,2015,65277,
844,Coast Guard,2015,65278,
844,Coast Guard,2015,65279,
835,Johnson University Florida,2015,46928,
835,Johnson University Florida,2015,53406,
835,Johnson University Florida,2015,56212,
835,Johnson University Florida,2015,63891,
835,Johnson University Florida,2015,63892,
835,Johnson University Florida,2015,63893,
835,Johnson University Florida,2015,63894,
835,Johnson University Florida,2015,63895,
721,Hawai'i Pacific,2015,59964,
721,Hawai'i Pacific,2015,59967,
721,Hawai'i Pacific,2015,59972,
703,Minnesota Crookston,2015,11729,
703,Minnesota Crookston,2015,11730,
703,Minnesota Crookston,2015,16476,
703,Minnesota Crookston,2015,63351,
703,Minnesota Crookston,2015,63352,
703,Minnesota Crookston,2015,63353,
703,Minnesota Crookston,2015,63354,
703,Minnesota Crookston,2015,63355,
703,Minnesota Crookston,2015,63356,
703,Minnesota Crookston,2015,63357,
703,Minnesota Crookston,2015,63358,
703,Minnesota Crookston,2015,63359,
703,Minnesota Crookston,2015,63360,
703,Minnesota Crookston,2015,63361,
703,Minnesota Crookston,2015,63362,
703,Minnesota Crookston,2015,63363,
703,Minnesota Crookston,2015,63364,
703,Minnesota Crookston,2015,63365,
1066,Salve Regina,2015,53660,
1066,Salve Regina,2015,53676,
1066,Salve Regina,2015,53677,
660,Crowley's Ridge,2015,41725,
660,Crowley's Ridge,2015,41734,
660,Crowley's Ridge,2015,58320,
660,Crowley's Ridge,2015,58321,
660,Crowley's Ridge,2015,58322,
660,Crowley's Ridge,2015,64591,
660,Crowley's Ridge,2015,64592,
660,Crowley's Ridge,2015,64593,
660,Crowley's Ridge,2015,64594,
660,Crowley's Ridge,2015,64595,
660,Crowley's Ridge,2015,64596,
660,Crowley's Ridge,2015,64597,
660,Crowley's Ridge,2015,64598,
660,Crowley's Ridge,2015,64599,
658,Emerson,2015,48632,
658,Emerson,2015,48633,
658,Emerson,2015,48639,
658,Emerson,2015,55039,
658,Emerson,2015,58661,
658,Emerson,2015,58662,
658,Emerson,2015,58663,
658,Emerson,2015,58664,
658,Emerson,2015,58665,
658,Emerson,2015,58666,
658,Emerson,2015,58667,
658,Emerson,2015,58668,
658,Emerson,2015,58669,
658,Emerson,2015,64208,
658,Emerson,2015,64209,
658,Emerson,2015,64210,
658,Emerson,2015,64211,
658,Emerson,2015,64212,
1247,St. Joseph's (NY),2015,65734,
1247,St. Joseph's (NY),2015,65735,
1247,St. Joseph's (NY),2015,65736,
1247,St. Joseph's (NY),2015,65737,
1247,St. Joseph's (NY),2015,65738,
1247,St. Joseph's (NY),2015,65739,
1247,St. Joseph's (NY),2015,65740,
1247,St. Joseph's (NY),2015,65741,
1247,St. Joseph's (NY),2015,65742,
1247,St. Joseph's (NY),2015,65743,
1247,St. Joseph's (NY),2015,65744,
1247,St. Joseph's (NY),2015,65745,
1247,St. Joseph's (NY),2015,65746,
1247,St. Joseph's (NY),2015,65747,
1247,St. Joseph's (NY),2015,65748,
557,Champion Christian,2015,45001,
557,Champion Christian,2015,45002,
557,Champion Christian,2015,45003,
557,Champion Christian,2015,45004,
557,Champion Christian,2015,45005,
557,Champion Christian,2015,45006,
557,Champion Christian,2015,45007,
557,Champion Christian,2015,45008,
557,Champion Christian,2015,45009,
557,Champion Christian,2015,45010,
557,Champion Christian,2015,45011,
557,Champion Christian,2015,45012,
557,Champion Christian,2015,45013,
557,Champion Christian,2015,45014,
557,Champion Christian,2015,45015,
557,Champion Christian,2015,45016,
557,Champion Christian,2015,45017,
557,Champion Christian,2015,64904,
1013,Bushnell,2015,30122,
1013,Bushnell,2015,31316,1994-03-17
1013,Bushnell,2015,31318,1992-10-01
1013,Bushnell,2015,31319,2003-11-21
1013,Bushnell,2015,31325,
1013,Bushnell,2015,31326,
1013,Bushnell,2015,31327,
1013,Bushnell,2015,31328,
1013,Bushnell,2015,31329,
1013,Bushnell,2015,65317,
1013,Bushnell,2015,65318,
1013,Bushnell,2015,65319,
1013,Bushnell,2015,65320,
1013,Bushnell,2015,65321,
1013,Bushnell,2015,65322,
1013,Bushnell,2015,65323,
1013,Bushnell,2015,65324,
1013,Bushnell,2015,65325,
1013,Bushnell,2015,65326,
1013,Bushnell,2015,65327,
1013,Bushnell,2015,65328,
1013,Bushnell,2015,65329,
1013,Bushnell,2015,65330,
1013,Bushnell,2015,65331,
1013,Bushnell,2015,65332,
1013,Bushnell,2015,65333,
1013,Bushnell,2015,65334,
1013,Bushnell,2015,65335,
1013,Bushnell,2015,65336,
1013,Bushnell,2015,65337,
1013,Bushnell,2015,65338,
1013,Bushnell,2015,65339,
1013,Bushnell,2015,65340,
621,Brescia,2015,47051,
621,Brescia,2015,47053,
621,Brescia,2015,55441,
621,Brescia,2015,60386,
621,Brescia,2015,60387,
621,Brescia,2015,60389,
621,Brescia,2015,60390,
621,Brescia,2015,60392,
621,Brescia,2015,63832,
621,Brescia,2015,63833,
621,Brescia,2015,63834,
621,Brescia,2015,63835,
621,Brescia,2015,63836,
621,Brescia,2015,63837,
621,Brescia,2015,63838,
734,Purdue Northwest,2015,60323,
734,Purdue Northwest,2015,60324,
734,Purdue Northwest,2015,60325,
734,Purdue Northwest,2015,60329,
1068,Shenandoah,2015,56487,
1068,Shenandoah,2015,56492,
1068,Shenandoah,2015,56493,
1287,Rowan,2015,51044,
1287,Rowan,2015,51052,
1287,Rowan,2015,54596,
1287,Rowan,2015,54598,
1287,Rowan,2015,54599,
1287,Rowan,2015,59443,
1287,Rowan,2015,59444,
1287,Rowan,2015,59445,
1287,Rowan,2015,59448,
1287,Rowan,2015,59449,
1287,Rowan,2015,59450,
1287,Rowan,2015,59451,
1287,Rowan,2015,59452,
1287,Rowan,2015,59453,1992-07-02
1287,Rowan,2015,59454,
1287,Rowan,2015,59455,
1287,Rowan,2015,65774,
1111,Palm Beach Atlantic,2015,55755,
1111,Palm Beach Atlantic,2015,55757,
1111,Palm Beach Atlantic,2015,55759,
1111,Palm Beach Atlantic,2015,55760,
1111,Palm Beach Atlantic,2015,55764,
1111,Palm Beach Atlantic,2015,55765,
1111,Palm Beach Atlantic,2015,55766,
1111,Palm Beach Atlantic,2015,55767,
1111,Palm Beach Atlantic,2015,55768,
1111,Palm Beach Atlantic,2015,55770,
1111,Palm Beach Atlantic,2015,55771,
1111,Palm Beach Atlantic,2015,55772,
1111,Palm Beach Atlantic,2015,55773,
1111,Palm Beach Atlantic,2015,55774,1992-10-26
1111,Palm Beach Atlantic,2015,55775,1993-07-28
1111,Palm Beach Atlantic,2015,55776,1993-02-09
1111,Palm Beach Atlantic,2015,63821,
1279,Catholic,2015,50473,
1279,Catholic,2015,50479,
1279,Catholic,2015,50486,
1279,Catholic,2015,50487,
1279,Catholic,2015,50492,
1279,Catholic,2015,62779,
1279,Catholic,2015,62780,
1279,Catholic,2015,62781,
1279,Catholic,2015,62782,
1279,Catholic,2015,62783,
1279,Catholic,2015,62784,
1279,Catholic,2015,62785,
1279,Catholic,2015,62786,
1279,Catholic,2015,62787,
1279,Catholic,2015,62788,
1279,Catholic,2015,62789,
1279,Catholic,2015,62790,
648,LeTourneau,2015,60038,
648,LeTourneau,2015,60040,
1095,Eckerd,2015,60587,
1095,Eckerd,2015,60589,
1095,Eckerd,2015,60590,
1095,Eckerd,2015,60591,
1095,Eckerd,2015,60594,
1095,Eckerd,2015,60595,
1095,Eckerd,2015,60597,
1095,Eckerd,2015,60598,
1095,Eckerd,2015,60600,
1095,Eckerd,2015,60601,
1095,Eckerd,2015,60602,
1095,Eckerd,2015,63825,
1095,Eckerd,2015,63826,
1095,Eckerd,2015,63827,
1095,Eckerd,2015,63828,
1095,Eckerd,2015,63829,
1095,Eckerd,2015,63830,
1095,Eckerd,2015,63831,
992,Rochester University (MI),2015,34625,
992,Rochester University (MI),2015,50856,
992,Rochester University (MI),2015,53638,
992,Rochester University (MI),2015,53639,
992,Rochester University (MI),2015,53640,
992,Rochester University (MI),2015,53642,
992,Rochester University (MI),2015,59147,
992,Rochester University (MI),2015,59148,
992,Rochester University (MI),2015,59149,
992,Rochester University (MI),2015,59150,
992,Rochester University (MI),2015,59151,
992,Rochester University (MI),2015,59152,
992,Rochester University (MI),2015,61262,
992,Rochester University (MI),2015,61263,
992,Rochester University (MI),2015,61264,
992,Rochester University (MI),2015,61265,
992,Rochester University (MI),2015,61266,
992,Rochester University (MI),2015,61267,
992,Rochester University (MI),2015,61268,
992,Rochester University (MI),2015,61269,
992,Rochester University (MI),2015,61270,
992,Rochester University (MI),2015,61271,
992,Rochester University (MI),2015,61272,
992,Rochester University (MI),2015,64446,
992,Rochester University (MI),2015,64447,
992,Rochester University (MI),2015,64448,
992,Rochester University (MI),2015,64449,
992,Rochester University (MI),2015,64450,
992,Rochester University (MI),2015,64451,
992,Rochester University (MI),2015,64452,
992,Rochester University (MI),2015,64453,
992,Rochester University (MI),2015,64454,
992,Rochester University (MI),2015,64455,
992,Rochester University (MI),2015,64456,
517,Columbia International,2015,42625,
517,Columbia International,2015,46520,
517,Columbia International,2015,48513,
517,Columbia International,2015,48522,
517,Columbia International,2015,53754,
517,Columbia International,2015,53757,
517,Columbia International,2015,53758,
517,Columbia International,2015,60042,
517,Columbia International,2015,60043,
517,Columbia International,2015,60044,
517,Columbia International,2015,60045,
517,Columbia International,2015,60047,
517,Columbia International,2015,60048,
517,Columbia International,2015,63518,
517,Columbia International,2015,63519,
517,Columbia International,2015,63520,
517,Columbia International,2015,63521,
517,Columbia International,2015,63522,
517,Columbia International,2015,63523,
517,Columbia International,2015,63524,
517,Columbia International,2015,63525,
1349,University of The Sciences,2015,64528,
1349,University of The Sciences,2015,64529,
1349,University of The Sciences,2015,64530,
1349,University of The Sciences,2015,64531,
1349,University of The Sciences,2015,64532,
1349,University of The Sciences,2015,64533,
1349,University of The Sciences,2015,64534,
1349,University of The Sciences,2015,64535,
1349,University of The Sciences,2015,64536,
1349,University of The Sciences,2015,64537,
1349,University of The Sciences,2015,64538,
1349,University of The Sciences,2015,64539,
1349,University of The Sciences,2015,64540,
1349,University of The Sciences,2015,64541,
1349,University of The Sciences,2015,64542,
1349,University of The Sciences,2015,64543,
1349,University of The Sciences,2015,64544,
1349,University of The Sciences,2015,64545,
1349,University of The Sciences,2015,64546,
1349,University of The Sciences,2015,64547,
1349,University of The Sciences,2015,64548,
1349,University of The Sciences,2015,64549,
1349,University of The Sciences,2015,64550,
1349,University of The Sciences,2015,64551,
1349,University of The Sciences,2015,64552,
1349,University of The Sciences,2015,64553,
1349,University of The Sciences,2015,64554,
1349,University of The Sciences,2015,64555,
1349,University of The Sciences,2015,64556,
1349,University of The Sciences,2015,64557,
574,Chapman,2015,48697,
574,Chapman,2015,48698,
574,Chapman,2015,60165,
574,Chapman,2015,60166,1991-06-14
574,Chapman,2015,60169,
574,Chapman,2015,60170,
574,Chapman,2015,60171,
574,Chapman,2015,60172,
574,Chapman,2015,60173,
574,Chapman,2015,60174,
574,Chapman,2015,60175,
574,Chapman,2015,60176,
574,Chapman,2015,60177,
574,Chapman,2015,60178,
574,Chapman,2015,60179,
574,Chapman,2015,60180,
574,Chapman,2015,60181,
574,Chapman,2015,60182,
574,Chapman,2015,60183,
574,Chapman,2015,60184,
574,Chapman,2015,60185,
574,Chapman,2015,60186,
574,Chapman,2015,62491,
854,Sonoma State,2015,49431,
854,Sonoma State,2015,49435,
854,Sonoma State,2015,49436,
888,Reinhardt,2015,54654,
888,Reinhardt,2015,54656,
888,Reinhardt,2015,54657,
888,Reinhardt,2015,58132,
888,Reinhardt,2015,58133,
888,Reinhardt,2015,58134,
888,Reinhardt,2015,58135,
888,Reinhardt,2015,58136,
888,Reinhardt,2015,58137,
888,Reinhardt,2015,58138,
888,Reinhardt,2015,58139,
888,Reinhardt,2015,58142,
888,Reinhardt,2015,61811,
888,Reinhardt,2015,61812,
888,Reinhardt,2015,61813,
888,Reinhardt,2015,61814,
888,Reinhardt,2015,61815,
888,Reinhardt,2015,61816,
888,Reinhardt,2015,61817,
1204,Missouri-St. Louis,2015,40017,1987-07-22
1204,Missouri-St. Louis,2015,40025,1989-11-21
1204,Missouri-St. Louis,2015,40039,1989-05-19
1204,Missouri-St. Louis,2015,40041,1984-04-02
1038,Saint Martin's,2015,60052,
1038,Saint Martin's,2015,60057,
948,Adams State,2015,58601,
948,Adams State,2015,58604,
948,Adams State,2015,58605,
948,Adams State,2015,58608,
948,Adams State,2015,63456,
948,Adams State,2015,63457,
948,Adams State,2015,63458,
948,Adams State,2015,63459,
948,Adams State,2015,63460,
948,Adams State,2015,63461,
948,Adams State,2015,63462,
948,Adams State,2015,63463,
948,Adams State,2015,63464,
948,Adams State,2015,63465,
948,Adams State,2015,63466,
948,Adams State,2015,63467,
990,Shorter,2015,21775,1988-04-21
990,Shorter,2015,21792,1987-11-19
990,Shorter,2015,21793,1988-04-15
990,Shorter,2015,21800,1988-07-10
650,Loyola New Orleans,2015,49979,
650,Loyola New Orleans,2015,49980,
650,Loyola New Orleans,2015,49981,
650,Loyola New Orleans,2015,49984,
650,Loyola New Orleans,2015,55029,
650,Loyola New Orleans,2015,55031,
650,Loyola New Orleans,2015,55034,
650,Loyola New Orleans,2015,58064,
650,Loyola New Orleans,2015,58067,
650,Loyola New Orleans,2015,64575,
650,Loyola New Orleans,2015,64576,
650,Loyola New Orleans,2015,64577,
650,Loyola New Orleans,2015,64578,
650,Loyola New Orleans,2015,64579,
650,Loyola New Orleans,2015,64580,
650,Loyola New Orleans,2015,64581,
568,Concordia-St. Paul,2015,46224,1994-10-03
568,Concordia-St. Paul,2015,58400,
568,Concordia-St. Paul,2015,64235,1992-04-25
568,Concordia-St. Paul,2015,64236,
568,Concordia-St. Paul,2015,64237,
568,Concordia-St. Paul,2015,64238,
568,Concordia-St. Paul,2015,64239,
568,Concordia-St. Paul,2015,64240,
568,Concordia-St. Paul,2015,64241,
568,Concordia-St. Paul,2015,64242,
568,Concordia-St. Paul,2015,64243,
568,Concordia-St. Paul,2015,64244,
568,Concordia-St. Paul,2015,64245,
568,Concordia-St. Paul,2015,64246,
1097,Chowan,2015,34343,
1097,Chowan,2015,34344,
1097,Chowan,2015,34352,
1097,Chowan,2015,34353,
1097,Chowan,2015,34354,
1097,Chowan,2015,49476,
1097,Chowan,2015,58466,
1097,Chowan,2015,58467,
1097,Chowan,2015,58469,
1097,Chowan,2015,61435,
1097,Chowan,2015,61436,
1097,Chowan,2015,61437,
1097,Chowan,2015,61438,
1097,Chowan,2015,61439,
1097,Chowan,2015,61440,
1097,Chowan,2015,61441,
666,Florida National,2015,45903,
666,Florida National,2015,54370,
666,Florida National,2015,54375,
666,Florida National,2015,54381,
666,Florida National,2015,54382,
666,Florida National,2015,54385,
666,Florida National,2015,54386,
666,Florida National,2015,54387,
666,Florida National,2015,54388,
666,Florida National,2015,54389,
666,Florida National,2015,54390,
666,Florida National,2015,54391,
666,Florida National,2015,54392,
666,Florida National,2015,54393,
666,Florida National,2015,54394,
666,Florida National,2015,54395,
666,Florida National,2015,54396,
666,Florida National,2015,54397,
666,Florida National,2015,56791,
666,Florida National,2015,56821,
666,Florida National,2015,56822,
1352,Case Western Reserve,2015,65071,
1352,Case Western Reserve,2015,65072,
1352,Case Western Reserve,2015,65073,
1352,Case Western Reserve,2015,65074,
1352,Case Western Reserve,2015,65075,
1352,Case Western Reserve,2015,65076,
1352,Case Western Reserve,2015,65077,
1352,Case Western Reserve,2015,65078,
1352,Case Western Reserve,2015,65079,
1352,Case Western Reserve,2015,65080,
1352,Case Western Reserve,2015,65081,
1352,Case Western Reserve,2015,65082,
1352,Case Western Reserve,2015,65083,
1352,Case Western Reserve,2015,65084,
1352,Case Western Reserve,2015,65085,
1352,Case Western Reserve,2015,65086,
1352,Case Western Reserve,2015,65087,
608,Franklin,2015,29712,
608,Franklin,2015,29714,
608,Franklin,2015,29715,
608,Franklin,2015,29723,
608,Franklin,2015,29724,
860,SUNY Morrisville,2015,64691,
860,SUNY Morrisville,2015,64692,
860,SUNY Morrisville,2015,64693,
860,SUNY Morrisville,2015,64694,
860,SUNY Morrisville,2015,64695,
860,SUNY Morrisville,2015,64696,
860,SUNY Morrisville,2015,64697,
860,SUNY Morrisville,2015,64698,
860,SUNY Morrisville,2015,64699,
860,SUNY Morrisville,2015,64700,
860,SUNY Morrisville,2015,64701,
860,SUNY Morrisville,2015,64702,
860,SUNY Morrisville,2015,64703,
978,Emory & Henry,2015,39710,
978,Emory & Henry,2015,39711,
978,Emory & Henry,2015,39712,
978,Emory & Henry,2015,39713,
978,Emory & Henry,2015,39714,
978,Emory & Henry,2015,39715,
978,Emory & Henry,2015,39716,
978,Emory & Henry,2015,39717,
978,Emory & Henry,2015,39718,
978,Emory & Henry,2015,39719,
978,Emory & Henry,2015,39720,
978,Emory & Henry,2015,39721,
978,Emory & Henry,2015,39722,
978,Emory & Henry,2015,39723,
978,Emory & Henry,2015,39724,
978,Emory & Henry,2015,39725,
978,Emory & Henry,2015,39726,
978,Emory & Henry,2015,39727,
978,Emory & Henry,2015,39728,
978,Emory & Henry,2015,39729,
978,Emory & Henry,2015,39730,
912,Hood College,2015,51374,
912,Hood College,2015,51376,
912,Hood College,2015,51377,
912,Hood College,2015,54885,
912,Hood College,2015,64066,
912,Hood College,2015,64067,
912,Hood College,2015,64068,
912,Hood College,2015,64069,
912,Hood College,2015,64070,
912,Hood College,2015,64071,
912,Hood College,2015,64072,
912,Hood College,2015,64073,
743,Aquinas,2015,40942,
743,Aquinas,2015,59785,
743,Aquinas,2015,59786,
743,Aquinas,2015,59787,
743,Aquinas,2015,59788,
743,Aquinas,2015,59789,
743,Aquinas,2015,59791,
743,Aquinas,2015,59792,
743,Aquinas,2015,59793,
743,Aquinas,2015,59794,
743,Aquinas,2015,63108,
743,Aquinas,2015,63109,
743,Aquinas,2015,63110,
743,Aquinas,2015,63111,
743,Aquinas,2015,63112,
743,Aquinas,2015,63113,
743,Aquinas,2015,63114,
743,Aquinas,2015,63115,
743,Aquinas,2015,63116,
743,Aquinas,2015,64372,
760,Holy Family University,2015,41051,1990-01-29
760,Holy Family University,2015,41053,
611,Ohio Wesleyan,2015,28323,2003-11-21
611,Ohio Wesleyan,2015,28324,2003-11-21
611,Ohio Wesleyan,2015,28325,2003-11-21
611,Ohio Wesleyan,2015,28326,2003-11-21
611,Ohio Wesleyan,2015,28334,2003-11-21
611,Ohio Wesleyan,2015,28336,2003-11-21
611,Ohio Wesleyan,2015,28338,2003-11-21
611,Ohio Wesleyan,2015,28339,2003-11-21
611,Ohio Wesleyan,2015,28340,2003-11-21
611,Ohio Wesleyan,2015,28341,2003-11-21
1053,Cal State LA,2015,28514,
1053,Cal State LA,2015,41589,
1053,Cal State LA,2015,59280,
1053,Cal State LA,2015,59281,
1053,Cal State LA,2015,59282,
1053,Cal State LA,2015,59283,1993-04-12
1053,Cal State LA,2015,62467,
1053,Cal State LA,2015,62468,1993-08-28
1053,Cal State LA,2015,62469,
1053,Cal State LA,2015,62470,
1053,Cal State LA,2015,62471,1991-03-05
1053,Cal State LA,2015,62472,
1053,Cal State LA,2015,62473,
1053,Cal State LA,2015,62474,1992-12-27
1024,Mars Hill,2015,49197,
1024,Mars Hill,2015,49203,
1024,Mars Hill,2015,49207,
1024,Mars Hill,2015,49208,
1024,Mars Hill,2015,58671,
1024,Mars Hill,2015,58672,
1024,Mars Hill,2015,58673,
1024,Mars Hill,2015,58675,
1024,Mars Hill,2015,58678,
1024,Mars Hill,2015,58679,
1024,Mars Hill,2015,58680,
1024,Mars Hill,2015,64687,
1024,Mars Hill,2015,64688,
1024,Mars Hill,2015,64689,
1024,Mars Hill,2015,64690,
747,Trinity (FL),2015,28380,
747,Trinity (FL),2015,28381,
747,Trinity (FL),2015,28382,
747,Trinity (FL),2015,28383,
747,Trinity (FL),2015,28384,
747,Trinity (FL),2015,28385,
747,Trinity (FL),2015,28392,
747,Trinity (FL),2015,28393,
747,Trinity (FL),2015,28394,
747,Trinity (FL),2015,28395,
747,Trinity (FL),2015,46931,
747,Trinity (FL),2015,56862,
747,Trinity (FL),2015,56863,
747,Trinity (FL),2015,56864,
747,Trinity (FL),2015,56865,
747,Trinity (FL),2015,56866,
747,Trinity (FL),2015,56867,
747,Trinity (FL),2015,56868,
747,Trinity (FL),2015,56869,
747,Trinity (FL),2015,56870,
771,Middle Georgia State,2015,53965,
771,Middle Georgia State,2015,53969,
771,Middle Georgia State,2015,56365,
771,Middle Georgia State,2015,56367,
771,Middle Georgia State,2015,56369,
771,Middle Georgia State,2015,56370,
771,Middle Georgia State,2015,60385,
771,Middle Georgia State,2015,64562,
771,Middle Georgia State,2015,64563,
771,Middle Georgia State,2015,64564,
771,Middle Georgia State,2015,64565,
771,Middle Georgia State,2015,64566,
771,Middle Georgia State,2015,64567,
771,Middle Georgia State,2015,64568,
1266,Wentworth Institute Of Technology,2015,48336,
1266,Wentworth Institute Of Technology,2015,48338,
1266,Wentworth Institute Of Technology,2015,48339,
1266,Wentworth Institute Of Technology,2015,48342,
1266,Wentworth Institute Of Technology,2015,48343,
1266,Wentworth Institute Of Technology,2015,48352,
1266,Wentworth Institute Of Technology,2015,48353,
1266,Wentworth Institute Of Technology,2015,58431,
1266,Wentworth Institute Of Technology,2015,58432,
1266,Wentworth Institute Of Technology,2015,58434,
1266,Wentworth Institute Of Technology,2015,58438,
1266,Wentworth Institute Of Technology,2015,58439,
1266,Wentworth Institute Of Technology,2015,58440,
1266,Wentworth Institute Of Technology,2015,58441,
1266,Wentworth Institute Of Technology,2015,58442,
1266,Wentworth Institute Of Technology,2015,58443,
1266,Wentworth Institute Of Technology,2015,65343,
573,La Verne,2015,47694,
573,La Verne,2015,47695,
573,La Verne,2015,47696,
573,La Verne,2015,47697,
573,La Verne,2015,47701,
573,La Verne,2015,59713,
573,La Verne,2015,59714,
573,La Verne,2015,59715,
573,La Verne,2015,59716,
573,La Verne,2015,59717,
573,La Verne,2015,59718,
573,La Verne,2015,59719,
573,La Verne,2015,59720,
573,La Verne,2015,59721,
573,La Verne,2015,59722,
573,La Verne,2015,59723,
573,La Verne,2015,65503,
573,La Verne,2015,65504,
573,La Verne,2015,65505,
573,La Verne,2015,65506,
573,La Verne,2015,65507,
573,La Verne,2015,65508,
573,La Verne,2015,65509,
573,La Verne,2015,65510,
573,La Verne,2015,65511,
573,La Verne,2015,65512,
522,William Peace,2015,48057,
522,William Peace,2015,52211,
522,William Peace,2015,52212,
522,William Peace,2015,52216,
522,William Peace,2015,64151,
522,William Peace,2015,64152,
522,William Peace,2015,64153,
522,William Peace,2015,64154,
522,William Peace,2015,64155,
522,William Peace,2015,64156,
522,William Peace,2015,64157,
522,William Peace,2015,64158,
522,William Peace,2015,64159,
522,William Peace,2015,64160,
522,William Peace,2015,64161,
901,Aurora,2015,62899,
901,Aurora,2015,62900,
901,Aurora,2015,62901,
901,Aurora,2015,62902,
901,Aurora,2015,62903,
901,Aurora,2015,62904,
901,Aurora,2015,62905,
901,Aurora,2015,62906,
901,Aurora,2015,62907,
901,Aurora,2015,62908,
901,Aurora,2015,62909,
901,Aurora,2015,62910,
901,Aurora,2015,62911,
901,Aurora,2015,62912,
901,Aurora,2015,62913,
901,Aurora,2015,62914,
901,Aurora,2015,62915,
901,Aurora,2015,62916,
901,Aurora,2015,62917,
901,Aurora,2015,62918,
901,Aurora,2015,62919,
901,Aurora,2015,62920,
901,Aurora,2015,62921,
901,Aurora,2015,62922,
901,Aurora,2015,62923,
901,Aurora,2015,62924,
901,Aurora,2015,62925,
901,Aurora,2015,62926,
901,Aurora,2015,62927,
901,Aurora,2015,62928,
901,Aurora,2015,62929,
901,Aurora,2015,62930,
901,Aurora,2015,62931,
901,Aurora,2015,62932,
901,Aurora,2015,62933,
901,Aurora,2015,62934,
1059,Florida College,2015,49697,
1059,Florida College,2015,54605,
1059,Florida College,2015,54607,
1059,Florida College,2015,54608,
1059,Florida College,2015,54613,
1059,Florida College,2015,58970,
1059,Florida College,2015,58971,
1059,Florida College,2015,61697,1992-02-17
1059,Florida College,2015,61698,1990-04-03
1059,Florida College,2015,61699,
1059,Florida College,2015,61700,
1059,Florida College,2015,61701,
1059,Florida College,2015,61702,
1059,Florida College,2015,61703,
1059,Florida College,2015,61704,
1059,Florida College,2015,61705,
1206,Rio Grande,2015,40267,
1206,Rio Grande,2015,60290,
1206,Rio Grande,2015,60292,
1206,Rio Grande,2015,60293,
1318,Grace Bible College,2015,58647,
1318,Grace Bible College,2015,58658,
659,Tusculum,2015,50829,
659,Tusculum,2015,55848,
659,Tusculum,2015,55850,
659,Tusculum,2015,55851,
659,Tusculum,2015,55853,
659,Tusculum,2015,55855,
659,Tusculum,2015,55856,
659,Tusculum,2015,58555,
659,Tusculum,2015,58556,
659,Tusculum,2015,58557,
659,Tusculum,2015,58558,
659,Tusculum,2015,58559,
659,Tusculum,2015,58560,
659,Tusculum,2015,58561,
659,Tusculum,2015,58562,
659,Tusculum,2015,64744,
659,Tusculum,2015,64745,
584,Virginia-Lynchburg,2015,28423,
584,Virginia-Lynchburg,2015,28424,
584,Virginia-Lynchburg,2015,28425,
584,Virginia-Lynchburg,2015,28426,
584,Virginia-Lynchburg,2015,28427,
584,Virginia-Lynchburg,2015,28428,
584,Virginia-Lynchburg,2015,28429,
584,Virginia-Lynchburg,2015,28430,
584,Virginia-Lynchburg,2015,28431,
584,Virginia-Lynchburg,2015,28432,
584,Virginia-Lynchburg,2015,28433,
584,Virginia-Lynchburg,2015,28434,
584,Virginia-Lynchburg,2015,28435,
584,Virginia-Lynchburg,2015,28436,
1316,La Roche,2015,58228,1995-04-25
1316,La Roche,2015,58233,1994-08-13
1316,La Roche,2015,58234,1993-09-28
503,Piedmont,2015,40546,
503,Piedmont,2015,48880,
503,Piedmont,2015,48882,
503,Piedmont,2015,48885,
503,Piedmont,2015,53181,
503,Piedmont,2015,53747,
503,Piedmont,2015,53748,
503,Piedmont,2015,53749,
503,Piedmont,2015,53750,
503,Piedmont,2015,53753,
503,Piedmont,2015,58048,
503,Piedmont,2015,61447,
503,Piedmont,2015,61448,
503,Piedmont,2015,61449,
503,Piedmont,2015,61450,
503,Piedmont,2015,61451,
503,Piedmont,2015,61452,
503,Piedmont,2015,61453,
503,Piedmont,2015,61454,
1249,Western State Colorado University,2015,60444,
1249,Western State Colorado University,2015,60446,
1249,Western State Colorado University,2015,60448,
1249,Western State Colorado University,2015,63591,
1249,Western State Colorado University,2015,63592,
1249,Western State Colorado University,2015,63593,
1249,Western State Colorado University,2015,63594,
1249,Western State Colorado University,2015,63595,
1249,Western State Colorado University,2015,63596,
1249,Western State Colorado University,2015,63597,
1249,Western State Colorado University,2015,63598,
1249,Western State Colorado University,2015,63599,
1249,Western State Colorado University,2015,63600,
1249,Western State Colorado University,2015,63601,
1249,Western State Colorado University,2015,63602,
1168,Catawba,2015,34127,
1168,Catawba,2015,34128,
1168,Catawba,2015,34129,
1168,Catawba,2015,34135,
1168,Catawba,2015,34145,
1168,Catawba,2015,34146,
1168,Catawba,2015,34147,
1168,Catawba,2015,34148,
1168,Catawba,2015,34149,
1168,Catawba,2015,34150,
1168,Catawba,2015,34151,
1168,Catawba,2015,64019,
1168,Catawba,2015,64020,
1168,Catawba,2015,64021,
1168,Catawba,2015,64022,
1168,Catawba,2015,64023,
1168,Catawba,2015,64024,
1168,Catawba,2015,64025,
1168,Catawba,2015,64026,
1168,Catawba,2015,64027,
1168,Catawba,2015,64028,
1168,Catawba,2015,64029,
1168,Catawba,2015,64030,
1168,Catawba,2015,64031,
1168,Catawba,2015,64032,
1168,Catawba,2015,64033,
1168,Catawba,2015,64034,
1168,Catawba,2015,64035,
753,Sarah Lawrence,2015,50973,
753,Sarah Lawrence,2015,50977,
753,Sarah Lawrence,2015,52057,
753,Sarah Lawrence,2015,52059,
753,Sarah Lawrence,2015,52060,
753,Sarah Lawrence,2015,52063,
753,Sarah Lawrence,2015,52064,
753,Sarah Lawrence,2015,52066,
753,Sarah Lawrence,2015,65879,
753,Sarah Lawrence,2015,65880,
753,Sarah Lawrence,2015,65881,
753,Sarah Lawrence,2015,65882,
753,Sarah Lawrence,2015,65883,
753,Sarah Lawrence,2015,65884,
753,Sarah Lawrence,2015,65885,
753,Sarah Lawrence,2015,65886,
753,Sarah Lawrence,2015,65887,
1034,Montana-Western,2015,60304,
1034,Montana-Western,2015,60305,
1034,Montana-Western,2015,60306,
1034,Montana-Western,2015,60307,
1034,Montana-Western,2015,60309,
1034,Montana-Western,2015,60310,
1034,Montana-Western,2015,60313,
1034,Montana-Western,2015,60314,
1034,Montana-Western,2015,64433,
1034,Montana-Western,2015,64434,
1034,Montana-Western,2015,64435,
1034,Montana-Western,2015,64436,
1034,Montana-Western,2015,64437,
1034,Montana-Western,2015,64438,
1034,Montana-Western,2015,64439,
972,Indiana University Northwest,2015,53438,
972,Indiana University Northwest,2015,53441,
972,Indiana University Northwest,2015,53444,
972,Indiana University Northwest,2015,58786,
972,Indiana University Northwest,2015,58788,
972,Indiana University Northwest,2015,58789,
972,Indiana University Northwest,2015,58790,
972,Indiana University Northwest,2015,58791,
972,Indiana University Northwest,2015,63561,
972,Indiana University Northwest,2015,63562,
972,Indiana University Northwest,2015,63563,
972,Indiana University Northwest,2015,63564,
972,Indiana University Northwest,2015,63565,
972,Indiana University Northwest,2015,63566,
972,Indiana University Northwest,2015,63567,
972,Indiana University Northwest,2015,63568,
972,Indiana University Northwest,2015,63569,
1294,Wayne State (NE),2015,53914,
1294,Wayne State (NE),2015,53918,
1294,Wayne State (NE),2015,53922,
1294,Wayne State (NE),2015,53923,
1294,Wayne State (NE),2015,53924,
1294,Wayne State (NE),2015,53925,
1294,Wayne State (NE),2015,59646,
1294,Wayne State (NE),2015,59648,1993-04-06
1294,Wayne State (NE),2015,64197,
1294,Wayne State (NE),2015,64198,
1294,Wayne State (NE),2015,64199,
1294,Wayne State (NE),2015,64200,
1294,Wayne State (NE),2015,64201,
1294,Wayne State (NE),2015,64202,
1294,Wayne State (NE),2015,64494,
808,Johnson & Wales (RI),2015,47894,
808,Johnson & Wales (RI),2015,47899,
808,Johnson & Wales (RI),2015,47900,
808,Johnson & Wales (RI),2015,47906,
808,Johnson & Wales (RI),2015,47907,
808,Johnson & Wales (RI),2015,47908,
808,Johnson & Wales (RI),2015,47909,
808,Johnson & Wales (RI),2015,47910,
808,Johnson & Wales (RI),2015,47911,
808,Johnson & Wales (RI),2015,47912,
808,Johnson & Wales (RI),2015,64341,
808,Johnson & Wales (RI),2015,64342,
808,Johnson & Wales (RI),2015,64343,
808,Johnson & Wales (RI),2015,64344,
808,Johnson & Wales (RI),2015,64345,
1160,William Jewell,2015,33686,
1160,William Jewell,2015,33697,
1160,William Jewell,2015,33698,
1160,William Jewell,2015,48136,
1160,William Jewell,2015,55127,
1160,William Jewell,2015,55129,
1160,William Jewell,2015,55131,
1160,William Jewell,2015,58185,
1160,William Jewell,2015,58187,
1160,William Jewell,2015,58188,
1160,William Jewell,2015,58189,
1160,William Jewell,2015,58190,
1160,William Jewell,2015,58191,
1160,William Jewell,2015,58192,
1160,William Jewell,2015,58193,
1160,William Jewell,2015,58194,
1160,William Jewell,2015,58195,
908,Limestone,2015,50782,
908,Limestone,2015,50790,
908,Limestone,2015,54927,
908,Limestone,2015,54928,
908,Limestone,2015,54930,
908,Limestone,2015,64636,
908,Limestone,2015,64637,
908,Limestone,2015,64638,
908,Limestone,2015,64639,
908,Limestone,2015,64640,
908,Limestone,2015,64641,
908,Limestone,2015,64642,
908,Limestone,2015,64643,
908,Limestone,2015,64644,
908,Limestone,2015,64645,
1161,Emporia St,2015,59020,
1161,Emporia St,2015,59022,
1161,Emporia St,2015,59023,
1161,Emporia St,2015,59024,
1161,Emporia St,2015,59025,
1161,Emporia St,2015,59027,
1161,Emporia St,2015,59028,
1084,Phoenix,2015,60550,
1084,Phoenix,2015,60552,
1084,Phoenix,2015,60553,
1084,Phoenix,2015,60558,
1084,Phoenix,2015,60559,
1084,Phoenix,2015,60560,
1084,Phoenix,2015,60561,
1084,Phoenix,2015,60562,
1084,Phoenix,2015,60563,
1084,Phoenix,2015,60564,
1084,Phoenix,2015,60565,
1084,Phoenix,2015,60566,
1084,Phoenix,2015,60567,
1084,Phoenix,2015,60568,
1084,Phoenix,2015,60569,
1084,Phoenix,2015,60570,
1084,Phoenix,2015,60571,
1084,Phoenix,2015,60572,
538,Randolph College,2015,56340,
538,Randolph College,2015,56341,
538,Randolph College,2015,56342,
538,Randolph College,2015,56343,
538,Randolph College,2015,56346,
538,Randolph College,2015,56347,
538,Randolph College,2015,56348,
538,Randolph College,2015,56349,
538,Randolph College,2015,56351,
538,Randolph College,2015,56352,
538,Randolph College,2015,56353,
538,Randolph College,2015,56354,
538,Randolph College,2015,56355,
538,Randolph College,2015,62233,
538,Randolph College,2015,62234,
538,Randolph College,2015,62235,
538,Randolph College,2015,62236,
538,Randolph College,2015,62237,
538,Randolph College,2015,62238,
925,FDU Florham,2015,48771,
925,FDU Florham,2015,48773,
925,FDU Florham,2015,48776,
925,FDU Florham,2015,48777,
925,FDU Florham,2015,53653,
925,FDU Florham,2015,53654,
925,FDU Florham,2015,58197,
925,FDU Florham,2015,58198,
925,FDU Florham,2015,63271,
925,FDU Florham,2015,63272,
925,FDU Florham,2015,63273,
925,FDU Florham,2015,63274,
925,FDU Florham,2015,63275,
925,FDU Florham,2015,63276,
925,FDU Florham,2015,63277,
925,FDU Florham,2015,63278,
925,FDU Florham,2015,63279,
1119,Redlands,2015,39265,
1119,Redlands,2015,39272,
1119,Redlands,2015,39274,
1119,Redlands,2015,39275,
616,Concordia-Ann Arbor,2015,50888,
616,Concordia-Ann Arbor,2015,50889,
616,Concordia-Ann Arbor,2015,50890,
616,Concordia-Ann Arbor,2015,50892,
616,Concordia-Ann Arbor,2015,56217,
616,Concordia-Ann Arbor,2015,65047,
616,Concordia-Ann Arbor,2015,65048,
616,Concordia-Ann Arbor,2015,65049,
616,Concordia-Ann Arbor,2015,65050,
616,Concordia-Ann Arbor,2015,65051,
616,Concordia-Ann Arbor,2015,65052,
616,Concordia-Ann Arbor,2015,65053,
616,Concordia-Ann Arbor,2015,65054,
616,Concordia-Ann Arbor,2015,65055,
616,Concordia-Ann Arbor,2015,65056,
616,Concordia-Ann Arbor,2015,65057,
616,Concordia-Ann Arbor,2015,65058,
616,Concordia-Ann Arbor,2015,65059,
616,Concordia-Ann Arbor,2015,65060,
616,Concordia-Ann Arbor,2015,65061,
616,Concordia-Ann Arbor,2015,65062,
616,Concordia-Ann Arbor,2015,65063,
616,Concordia-Ann Arbor,2015,65064,
616,Concordia-Ann Arbor,2015,65065,
616,Concordia-Ann Arbor,2015,65066,
616,Concordia-Ann Arbor,2015,65067,
616,Concordia-Ann Arbor,2015,65068,
616,Concordia-Ann Arbor,2015,65069,
