teamId,team,season,playerId,dateOfBirth
96,George Washington,2016,35266,
96,George Washington,2016,35339,
96,George Washington,2016,44052,
96,George Washington,2016,44340,
96,George Washington,2016,46865,1994-10-13
96,George Washington,2016,47727,
96,George Washington,2016,51646,1994-02-09
96,George Washington,2016,51648,
96,George Washington,2016,51649,1994-03-12
96,George Washington,2016,53714,1992-08-19
96,George Washington,2016,53715,1993-11-30
96,George Washington,2016,56513,1993-07-17
96,George Washington,2016,56514,1993-05-17
96,George Washington,2016,56515,1993-10-05
96,George Washington,2016,60990,
251,Saint Joseph's,2016,44084,
251,Saint Joseph's,2016,46181,
251,Saint Joseph's,2016,48080,
251,Saint Joseph's,2016,48083,
251,Saint Joseph's,2016,48084,
251,Saint Joseph's,2016,48085,
251,Saint Joseph's,2016,53251,1994-08-10
251,Saint Joseph's,2016,53252,1992-11-05
251,Saint Joseph's,2016,57003,1994-07-04
251,Saint Joseph's,2016,57004,1994-06-09
251,Saint Joseph's,2016,57005,1992-07-20
251,Saint Joseph's,2016,57006,1992-11-15
251,Saint Joseph's,2016,57007,1992-01-13
251,Saint Joseph's,2016,60975,1992-07-06
251,Saint Joseph's,2016,60976,1992-11-30
251,Saint Joseph's,2016,34822,
251,Saint Joseph's,2016,44086,
251,Saint Joseph's,2016,48082,
251,Saint Joseph's,2016,48079,1995-02-18
251,Saint Joseph's,2016,44085,
240,Rhode Island,2016,36997,
240,Rhode Island,2016,46850,
240,Rhode Island,2016,46851,1995-02-10
240,Rhode Island,2016,46852,1995-10-03
240,Rhode Island,2016,46854,
240,Rhode Island,2016,46855,
240,Rhode Island,2016,46856,1995-07-11
240,Rhode Island,2016,51287,1993-08-06
240,Rhode Island,2016,51288,1995-11-22
240,Rhode Island,2016,56990,1990-09-14
240,Rhode Island,2016,56991,
240,Rhode Island,2016,56992,1993-11-22
240,Rhode Island,2016,56993,1992-12-04
240,Rhode Island,2016,56994,1993-12-12
240,Rhode Island,2016,60258,
240,Rhode Island,2016,60978,1991-10-10
240,Rhode Island,2016,60979,1994-01-21
277,St. Bonaventure,2016,38302,
277,St. Bonaventure,2016,42249,
277,St. Bonaventure,2016,43598,
277,St. Bonaventure,2016,43599,
277,St. Bonaventure,2016,43601,
277,St. Bonaventure,2016,47108,
277,St. Bonaventure,2016,47109,1994-09-01
277,St. Bonaventure,2016,47110,1996-05-04
277,St. Bonaventure,2016,53173,
277,St. Bonaventure,2016,53174,1993-12-24
277,St. Bonaventure,2016,53176,
277,St. Bonaventure,2016,57059,1991-08-07
277,St. Bonaventure,2016,57060,1994-04-14
64,Dayton,2016,35258,
64,Dayton,2016,37479,
64,Dayton,2016,37831,
64,Dayton,2016,43604,1996-08-11
64,Dayton,2016,43606,
64,Dayton,2016,46510,
64,Dayton,2016,46514,
64,Dayton,2016,51677,1994-11-11
64,Dayton,2016,51678,1995-01-07
64,Dayton,2016,51679,1994-07-01
64,Dayton,2016,51681,
64,Dayton,2016,51682,
64,Dayton,2016,51683,1995-01-06
64,Dayton,2016,56473,
64,Dayton,2016,56474,1993-09-15
64,Dayton,2016,56475,
64,Dayton,2016,56476,1994-11-13
64,Dayton,2016,60318,1993-11-17
242,Richmond,2016,34824,
242,Richmond,2016,43864,
242,Richmond,2016,44055,
242,Richmond,2016,46483,
242,Richmond,2016,46485,
242,Richmond,2016,50339,
242,Richmond,2016,51783,
242,Richmond,2016,51784,1994-07-22
242,Richmond,2016,51785,1994-11-18
242,Richmond,2016,51787,
242,Richmond,2016,51789,
242,Richmond,2016,56426,
242,Richmond,2016,56427,1993-12-29
242,Richmond,2016,56428,
242,Richmond,2016,56429,
242,Richmond,2016,56430,
137,La Salle,2016,42641,
137,La Salle,2016,46885,
137,La Salle,2016,47921,
137,La Salle,2016,47922,1995-12-21
137,La Salle,2016,47923,
137,La Salle,2016,47926,
137,La Salle,2016,51822,1993-11-05
137,La Salle,2016,51823,
137,La Salle,2016,51824,
137,La Salle,2016,51825,1994-03-06
137,La Salle,2016,51826,
137,La Salle,2016,55857,
137,La Salle,2016,55858,
137,La Salle,2016,55859,
137,La Salle,2016,55861,
137,La Salle,2016,57788,
252,Saint Louis,2016,35889,
252,Saint Louis,2016,36167,
252,Saint Louis,2016,42319,
252,Saint Louis,2016,42976,
252,Saint Louis,2016,43975,
252,Saint Louis,2016,44179,
252,Saint Louis,2016,47099,
252,Saint Louis,2016,47101,
252,Saint Louis,2016,50218,
252,Saint Louis,2016,52371,1992-09-18
252,Saint Louis,2016,52372,1994-06-20
252,Saint Louis,2016,52373,
252,Saint Louis,2016,58178,1992-04-06
252,Saint Louis,2016,58179,
91,Fordham,2016,41836,
91,Fordham,2016,42384,
91,Fordham,2016,42385,
91,Fordham,2016,42386,
91,Fordham,2016,43302,
91,Fordham,2016,43323,
91,Fordham,2016,46503,
91,Fordham,2016,46504,
91,Fordham,2016,46505,
91,Fordham,2016,46620,1995-04-24
91,Fordham,2016,47642,
91,Fordham,2016,51769,1994-12-28
91,Fordham,2016,53743,1994-04-01
91,Fordham,2016,58029,1992-08-16
91,Fordham,2016,58030,1993-07-27
91,Fordham,2016,58031,
91,Fordham,2016,58032,
333,VCU,2016,42414,1995-01-11
333,VCU,2016,34956,1997-01-02
333,VCU,2016,35782,
333,VCU,2016,46491,1996-02-02
333,VCU,2016,46493,
333,VCU,2016,47486,1993-08-01
333,VCU,2016,48188,
333,VCU,2016,51796,1995-09-04
333,VCU,2016,51797,1992-06-05
333,VCU,2016,51798,1993-09-19
333,VCU,2016,51799,1994-04-22
333,VCU,2016,51800,1994-11-23
333,VCU,2016,56532,1994-06-17
333,VCU,2016,56533,
333,VCU,2016,56534,
63,Davidson,2016,37430,
63,Davidson,2016,42421,
63,Davidson,2016,42422,
63,Davidson,2016,46524,1995-11-10
63,Davidson,2016,46525,
63,Davidson,2016,46526,
63,Davidson,2016,46527,
63,Davidson,2016,46528,1993-06-17
63,Davidson,2016,53311,1994-10-03
63,Davidson,2016,53312,1993-11-25
63,Davidson,2016,53313,
63,Davidson,2016,53314,1995-05-12
63,Davidson,2016,53315,1995-01-29
63,Davidson,2016,57949,1993-10-30
63,Davidson,2016,57950,1994-09-18
63,Davidson,2016,57951,1993-04-11
63,Davidson,2016,57952,
95,George Mason,2016,35749,
95,George Mason,2016,36156,
95,George Mason,2016,37335,1996-11-12
95,George Mason,2016,42362,
95,George Mason,2016,53243,
95,George Mason,2016,53244,1994-12-22
95,George Mason,2016,53245,
95,George Mason,2016,53246,
95,George Mason,2016,53248,
95,George Mason,2016,56569,
95,George Mason,2016,56570,1993-06-10
95,George Mason,2016,56571,
95,George Mason,2016,56572,1992-09-16
95,George Mason,2016,56573,
200,North Carolina,2016,41848,1997-03-08
200,North Carolina,2016,41850,1996-11-18
200,North Carolina,2016,46063,1995-11-05
200,North Carolina,2016,46066,1995-04-01
200,North Carolina,2016,52675,1995-03-28
200,North Carolina,2016,52676,1994-07-27
200,North Carolina,2016,52677,1995-02-05
200,North Carolina,2016,52679,
200,North Carolina,2016,52680,1994-01-13
200,North Carolina,2016,52681,1992-07-27
200,North Carolina,2016,56591,1994-06-27
200,North Carolina,2016,56592,
200,North Carolina,2016,56593,1994-01-22
200,North Carolina,2016,56594,
200,North Carolina,2016,56595,
200,North Carolina,2016,56596,1993-09-11
72,Duke,2016,35517,1996-10-14
72,Duke,2016,36703,
72,Duke,2016,36724,1997-05-30
72,Duke,2016,43433,
72,Duke,2016,43434,
72,Duke,2016,46005,1995-10-08
72,Duke,2016,46661,1995-01-16
72,Duke,2016,51894,1993-05-07
72,Duke,2016,51895,1996-06-24
72,Duke,2016,51896,1994-12-05
72,Duke,2016,51898,1994-06-15
72,Duke,2016,56541,1997-09-02
72,Duke,2016,56542,1992-07-14
185,NC State,2016,41843,1995-09-28
185,NC State,2016,41844,1995-09-28
185,NC State,2016,42496,1995-11-12
185,NC State,2016,46729,1995-12-10
185,NC State,2016,46732,
185,NC State,2016,46734,
185,NC State,2016,51916,1996-07-14
185,NC State,2016,51917,1994-03-21
185,NC State,2016,51918,1995-03-09
185,NC State,2016,51920,1994-11-29
185,NC State,2016,51921,
185,NC State,2016,56997,1994-07-25
185,NC State,2016,56998,1994-01-05
339,Virginia,2016,36684,1997-01-21
339,Virginia,2016,42361,
339,Virginia,2016,42529,1996-02-11
339,Virginia,2016,43030,1995-07-26
339,Virginia,2016,43181,
339,Virginia,2016,46655,1995-09-23
339,Virginia,2016,46656,1995-07-07
339,Virginia,2016,47149,1995-05-04
339,Virginia,2016,51179,1994-10-03
339,Virginia,2016,51180,
339,Virginia,2016,51181,1994-09-20
339,Virginia,2016,55939,1992-10-17
339,Virginia,2016,55940,1994-10-10
339,Virginia,2016,55941,1992-12-11
339,Virginia,2016,55942,
339,Virginia,2016,55943,
339,Virginia,2016,60927,
342,Wake Forest,2016,43470,
342,Wake Forest,2016,43498,1996-03-13
342,Wake Forest,2016,44278,
342,Wake Forest,2016,46420,1994-11-04
342,Wake Forest,2016,46876,1997-01-21
342,Wake Forest,2016,46877,
342,Wake Forest,2016,46878,1994-11-25
342,Wake Forest,2016,46880,
342,Wake Forest,2016,46881,
342,Wake Forest,2016,52044,1997-09-23
342,Wake Forest,2016,52045,1996-06-11
342,Wake Forest,2016,52047,1994-11-05
342,Wake Forest,2016,52400,1993-06-02
342,Wake Forest,2016,57014,1994-05-17
342,Wake Forest,2016,57015,1994-01-10
342,Wake Forest,2016,57016,1993-12-10
342,Wake Forest,2016,57017,
342,Wake Forest,2016,57018,
342,Wake Forest,2016,57019,1994-06-01
52,Clemson,2016,35951,
52,Clemson,2016,41917,
52,Clemson,2016,41918,1995-04-21
52,Clemson,2016,41919,
52,Clemson,2016,46724,1995-03-19
52,Clemson,2016,46725,1995-12-16
52,Clemson,2016,47184,
52,Clemson,2016,51931,1993-09-16
52,Clemson,2016,51932,1994-04-11
52,Clemson,2016,51933,1994-01-20
52,Clemson,2016,51934,
52,Clemson,2016,55916,1994-01-06
52,Clemson,2016,55917,1994-04-09
52,Clemson,2016,55918,1993-11-02
101,Georgia Tech,2016,35628,
101,Georgia Tech,2016,44093,1994-11-24
101,Georgia Tech,2016,46131,1995-11-12
101,Georgia Tech,2016,46133,1994-10-26
101,Georgia Tech,2016,52462,1995-03-01
101,Georgia Tech,2016,52466,1993-08-29
101,Georgia Tech,2016,52467,1995-08-08
101,Georgia Tech,2016,52469,1994-12-28
101,Georgia Tech,2016,57259,1993-10-23
101,Georgia Tech,2016,57260,1992-09-25
101,Georgia Tech,2016,57261,1994-03-28
101,Georgia Tech,2016,57262,
101,Georgia Tech,2016,57263,1993-07-26
101,Georgia Tech,2016,57264,1995-04-26
101,Georgia Tech,2016,58289,
90,Florida State,2016,41896,1996-07-07
90,Florida State,2016,41898,1996-10-18
90,Florida State,2016,41901,1996-06-19
90,Florida State,2016,43709,1996-01-17
90,Florida State,2016,48647,1991-08-15
90,Florida State,2016,53070,1993-01-05
90,Florida State,2016,53071,1995-08-30
90,Florida State,2016,53072,1994-04-29
90,Florida State,2016,53073,1994-09-16
90,Florida State,2016,58152,1993-04-05
90,Florida State,2016,58153,1996-11-26
90,Florida State,2016,58154,
90,Florida State,2016,58155,1993-01-27
90,Florida State,2016,58156,
90,Florida State,2016,58157,1993-09-03
168,Miami,2016,43082,1996-07-31
168,Miami,2016,44060,1996-06-28
168,Miami,2016,44061,1996-09-05
168,Miami,2016,46076,
168,Miami,2016,46077,1994-12-29
168,Miami,2016,46079,
168,Miami,2016,51924,1993-12-14
168,Miami,2016,51925,1995-06-11
168,Miami,2016,51926,1994-01-06
168,Miami,2016,56464,1991-10-24
168,Miami,2016,56465,1994-07-23
168,Miami,2016,56466,1992-12-21
168,Miami,2016,56467,1992-12-05
168,Miami,2016,60977,
340,Virginia Tech,2016,34834,
340,Virginia Tech,2016,34878,1996-01-08
340,Virginia Tech,2016,41894,1996-05-21
340,Virginia Tech,2016,43982,1997-10-12
340,Virginia Tech,2016,43983,1995-03-21
340,Virginia Tech,2016,43984,1995-08-19
340,Virginia Tech,2016,44100,1994-11-16
340,Virginia Tech,2016,46336,
340,Virginia Tech,2016,46339,1996-01-14
340,Virginia Tech,2016,48125,1994-02-03
340,Virginia Tech,2016,52671,1994-05-30
340,Virginia Tech,2016,52672,
340,Virginia Tech,2016,52673,1994-10-20
340,Virginia Tech,2016,52674,
340,Virginia Tech,2016,57919,
26,Boston College,2016,29565,
26,Boston College,2016,36624,
26,Boston College,2016,37608,
26,Boston College,2016,37731,
26,Boston College,2016,42540,
26,Boston College,2016,42542,
26,Boston College,2016,46890,1997-02-22
26,Boston College,2016,47771,
26,Boston College,2016,51888,1994-09-26
26,Boston College,2016,51890,
26,Boston College,2016,57780,1992-02-29
26,Boston College,2016,57781,1991-05-06
26,Boston College,2016,57782,1994-08-30
26,Boston College,2016,57783,1994-02-28
26,Boston College,2016,57784,
286,Syracuse,2016,36689,
286,Syracuse,2016,42519,
286,Syracuse,2016,42522,
286,Syracuse,2016,42523,
286,Syracuse,2016,42525,
286,Syracuse,2016,43194,1996-02-15
286,Syracuse,2016,51248,1996-04-09
286,Syracuse,2016,51249,1994-11-27
286,Syracuse,2016,51250,1992-10-16
286,Syracuse,2016,51252,
286,Syracuse,2016,51253,
286,Syracuse,2016,51255,
286,Syracuse,2016,51256,
286,Syracuse,2016,53172,
286,Syracuse,2016,56408,1992-06-05
286,Syracuse,2016,56409,1996-01-05
286,Syracuse,2016,56410,1992-08-01
286,Syracuse,2016,56411,1994-01-18
213,Notre Dame,2016,35587,
213,Notre Dame,2016,35197,1997-04-17
213,Notre Dame,2016,36676,
213,Notre Dame,2016,47812,1996-01-12
213,Notre Dame,2016,47813,
213,Notre Dame,2016,47814,1996-03-15
213,Notre Dame,2016,47815,
213,Notre Dame,2016,47816,1995-01-08
213,Notre Dame,2016,53045,1995-01-15
213,Notre Dame,2016,53046,1995-02-10
213,Notre Dame,2016,56026,1993-07-08
213,Notre Dame,2016,56027,1994-09-07
213,Notre Dame,2016,56028,1993-08-10
213,Notre Dame,2016,56029,
229,Pittsburgh,2016,41851,1996-03-03
229,Pittsburgh,2016,43715,1995-09-10
229,Pittsburgh,2016,47466,
229,Pittsburgh,2016,47531,
229,Pittsburgh,2016,47533,
229,Pittsburgh,2016,51905,1994-09-05
229,Pittsburgh,2016,51906,1994-07-24
229,Pittsburgh,2016,51907,1993-01-13
229,Pittsburgh,2016,51908,1994-02-22
229,Pittsburgh,2016,51909,
229,Pittsburgh,2016,51910,1997-06-06
229,Pittsburgh,2016,58542,1993-02-02
229,Pittsburgh,2016,58543,1993-11-01
229,Pittsburgh,2016,58544,1994-03-04
229,Pittsburgh,2016,58545,1991-10-10
229,Pittsburgh,2016,58546,1992-04-25
150,Louisville,2016,34821,
150,Louisville,2016,43095,
150,Louisville,2016,47072,1995-03-18
150,Louisville,2016,48220,1995-05-09
150,Louisville,2016,48221,1997-02-01
150,Louisville,2016,48222,1997-03-11
150,Louisville,2016,48223,
150,Louisville,2016,51191,1992-10-08
150,Louisville,2016,51192,1996-08-07
150,Louisville,2016,51193,1996-09-07
150,Louisville,2016,51194,1995-04-08
150,Louisville,2016,51195,1994-09-28
150,Louisville,2016,56400,1996-11-01
150,Louisville,2016,56401,1992-10-21
150,Louisville,2016,56402,1992-10-18
150,Louisville,2016,60707,
150,Louisville,2016,60708,
283,Stetson,2016,43580,
283,Stetson,2016,44172,
283,Stetson,2016,46185,
283,Stetson,2016,46186,
283,Stetson,2016,46187,
283,Stetson,2016,46190,
283,Stetson,2016,47953,
283,Stetson,2016,52128,
283,Stetson,2016,52303,
283,Stetson,2016,52304,
283,Stetson,2016,52305,
283,Stetson,2016,52306,
283,Stetson,2016,52307,
127,Jacksonville,2016,47000,
127,Jacksonville,2016,47002,1995-09-06
127,Jacksonville,2016,47003,
127,Jacksonville,2016,53359,1994-08-24
127,Jacksonville,2016,53360,1995-04-23
127,Jacksonville,2016,53361,1993-04-17
127,Jacksonville,2016,53362,
127,Jacksonville,2016,53363,
127,Jacksonville,2016,53364,
127,Jacksonville,2016,53365,
127,Jacksonville,2016,57749,
127,Jacksonville,2016,57750,1994-04-10
127,Jacksonville,2016,57751,
127,Jacksonville,2016,57752,
127,Jacksonville,2016,57753,1994-04-25
127,Jacksonville,2016,57754,
143,Lipscomb,2016,43121,
143,Lipscomb,2016,43122,1996-10-24
143,Lipscomb,2016,43125,
143,Lipscomb,2016,43126,
143,Lipscomb,2016,45943,
143,Lipscomb,2016,45944,
143,Lipscomb,2016,45945,
143,Lipscomb,2016,46020,
143,Lipscomb,2016,51332,
143,Lipscomb,2016,51333,
143,Lipscomb,2016,51334,
143,Lipscomb,2016,52722,
143,Lipscomb,2016,57585,1991-08-30
143,Lipscomb,2016,57586,
143,Lipscomb,2016,57587,
143,Lipscomb,2016,57588,
88,Florida Gulf Coast,2016,42314,
88,Florida Gulf Coast,2016,42951,
88,Florida Gulf Coast,2016,43898,1997-09-24
88,Florida Gulf Coast,2016,44063,
88,Florida Gulf Coast,2016,47852,
88,Florida Gulf Coast,2016,47853,1995-10-02
88,Florida Gulf Coast,2016,47854,1995-10-10
88,Florida Gulf Coast,2016,47856,1994-07-11
88,Florida Gulf Coast,2016,47877,
88,Florida Gulf Coast,2016,52048,1992-08-20
88,Florida Gulf Coast,2016,52049,1993-02-05
88,Florida Gulf Coast,2016,52051,
88,Florida Gulf Coast,2016,52744,1993-07-22
88,Florida Gulf Coast,2016,53205,1992-09-26
88,Florida Gulf Coast,2016,57745,1993-01-11
88,Florida Gulf Coast,2016,57746,1992-04-28
88,Florida Gulf Coast,2016,57747,
203,North Florida,2016,35822,
203,North Florida,2016,46007,
203,North Florida,2016,46008,
203,North Florida,2016,52773,1994-11-22
203,North Florida,2016,52774,1995-09-19
203,North Florida,2016,52775,1994-08-13
203,North Florida,2016,52776,1994-10-27
203,North Florida,2016,52777,1993-12-07
203,North Florida,2016,52779,
203,North Florida,2016,52780,
203,North Florida,2016,57008,1994-03-01
203,North Florida,2016,57009,1992-12-07
203,North Florida,2016,57010,1993-12-10
203,North Florida,2016,57011,1993-10-02
133,Kennesaw State,2016,35920,
133,Kennesaw State,2016,43625,
133,Kennesaw State,2016,43628,
133,Kennesaw State,2016,46598,
133,Kennesaw State,2016,46599,
133,Kennesaw State,2016,52767,1995-02-09
133,Kennesaw State,2016,52768,1994-01-26
133,Kennesaw State,2016,52770,
133,Kennesaw State,2016,52771,
133,Kennesaw State,2016,57246,1994-10-03
133,Kennesaw State,2016,57247,1994-04-26
133,Kennesaw State,2016,57248,1991-11-28
268,South Carolina Upstate,2016,36850,
268,South Carolina Upstate,2016,42481,
268,South Carolina Upstate,2016,42482,
268,South Carolina Upstate,2016,42486,
268,South Carolina Upstate,2016,44299,1995-08-25
268,South Carolina Upstate,2016,46081,
268,South Carolina Upstate,2016,46082,1996-03-11
268,South Carolina Upstate,2016,46084,1995-10-02
268,South Carolina Upstate,2016,51079,1995-02-04
268,South Carolina Upstate,2016,51080,1994-03-25
268,South Carolina Upstate,2016,51081,
268,South Carolina Upstate,2016,53230,
268,South Carolina Upstate,2016,54425,1993-09-10
268,South Carolina Upstate,2016,57464,
268,South Carolina Upstate,2016,57465,1993-01-13
186,NJIT,2016,36906,
186,NJIT,2016,42293,
186,NJIT,2016,42297,
186,NJIT,2016,48010,
186,NJIT,2016,52067,
186,NJIT,2016,52068,1994-12-02
186,NJIT,2016,52069,1995-03-05
186,NJIT,2016,52070,1995-01-04
186,NJIT,2016,52072,
186,NJIT,2016,58022,1993-11-04
186,NJIT,2016,58023,1992-03-27
186,NJIT,2016,58024,
186,NJIT,2016,58025,1994-04-26
186,NJIT,2016,58026,1993-05-24
186,NJIT,2016,58027,
186,NJIT,2016,58028,
337,Vermont,2016,37531,
337,Vermont,2016,44046,
337,Vermont,2016,47093,1993-12-15
337,Vermont,2016,48207,1994-12-22
337,Vermont,2016,48208,
337,Vermont,2016,48209,
337,Vermont,2016,48210,
337,Vermont,2016,48211,
337,Vermont,2016,48212,
337,Vermont,2016,48798,
337,Vermont,2016,53055,1995-09-26
337,Vermont,2016,53056,
337,Vermont,2016,53057,1993-08-16
337,Vermont,2016,56086,1993-03-07
337,Vermont,2016,56087,
337,Vermont,2016,56088,
337,Vermont,2016,60814,
154,Maine,2016,34967,
154,Maine,2016,35326,
154,Maine,2016,35467,
154,Maine,2016,36478,
154,Maine,2016,37521,1996-07-29
154,Maine,2016,43129,
154,Maine,2016,43268,
154,Maine,2016,44177,
154,Maine,2016,46636,
154,Maine,2016,46888,
154,Maine,2016,48192,
154,Maine,2016,52666,1994-02-13
154,Maine,2016,52668,
154,Maine,2016,52669,
154,Maine,2016,52670,
154,Maine,2016,56722,1993-01-26
154,Maine,2016,56723,
154,Maine,2016,56724,1993-03-07
154,Maine,2016,60851,
154,Maine,2016,60932,
154,Maine,2016,60933,1993-10-23
154,Maine,2016,60934,
154,Maine,2016,60935,1991-03-22
363,Hartford,2016,42326,
363,Hartford,2016,42327,
363,Hartford,2016,42329,
363,Hartford,2016,42330,
363,Hartford,2016,42331,1995-03-15
363,Hartford,2016,47083,
363,Hartford,2016,47090,
363,Hartford,2016,51609,1993-04-13
363,Hartford,2016,51610,
363,Hartford,2016,51611,
363,Hartford,2016,53303,1993-12-02
363,Hartford,2016,57028,
363,Hartford,2016,57029,
363,Hartford,2016,57030,
363,Hartford,2016,57031,
190,New Hampshire,2016,34568,
190,New Hampshire,2016,42069,
190,New Hampshire,2016,42070,
190,New Hampshire,2016,43209,
190,New Hampshire,2016,46212,
190,New Hampshire,2016,46213,1995-02-12
190,New Hampshire,2016,46215,
190,New Hampshire,2016,46217,
190,New Hampshire,2016,51364,1995-01-24
190,New Hampshire,2016,51365,1994-11-24
190,New Hampshire,2016,51366,1992-08-23
190,New Hampshire,2016,56720,
190,New Hampshire,2016,56721,1994-08-24
306,UAlbany,2016,41863,1996-11-05
306,UAlbany,2016,41900,
306,UAlbany,2016,42978,
306,UAlbany,2016,46475,
306,UAlbany,2016,46476,1995-10-27
306,UAlbany,2016,48006,
306,UAlbany,2016,51937,1994-03-25
306,UAlbany,2016,51940,1994-10-30
306,UAlbany,2016,51941,
306,UAlbany,2016,52809,1993-01-08
306,UAlbany,2016,56597,1994-09-26
306,UAlbany,2016,56598,1993-12-08
306,UAlbany,2016,56599,1992-02-05
306,UAlbany,2016,56600,1994-01-08
285,Stony Brook,2016,31331,
285,Stony Brook,2016,37224,
285,Stony Brook,2016,46663,
285,Stony Brook,2016,46666,
285,Stony Brook,2016,46667,
285,Stony Brook,2016,46668,
285,Stony Brook,2016,51605,
285,Stony Brook,2016,51606,1993-06-11
285,Stony Brook,2016,51607,1994-07-22
285,Stony Brook,2016,54700,
285,Stony Brook,2016,57909,1994-01-31
285,Stony Brook,2016,57910,1994-01-17
285,Stony Brook,2016,57911,1992-12-30
285,Stony Brook,2016,57912,1992-04-30
317,UMBC,2016,43295,
317,UMBC,2016,43296,
317,UMBC,2016,43300,
317,UMBC,2016,47233,
317,UMBC,2016,47234,1996-07-06
317,UMBC,2016,47235,
317,UMBC,2016,50432,
317,UMBC,2016,50980,
317,UMBC,2016,50981,
317,UMBC,2016,51386,
317,UMBC,2016,51387,
317,UMBC,2016,51388,
317,UMBC,2016,57012,1993-08-24
317,UMBC,2016,57013,
24,Binghamton,2016,32994,
24,Binghamton,2016,42929,1995-05-05
24,Binghamton,2016,42931,
24,Binghamton,2016,42932,
24,Binghamton,2016,46458,1994-12-09
24,Binghamton,2016,46459,1994-10-31
24,Binghamton,2016,46460,1994-03-12
24,Binghamton,2016,46461,1996-10-01
24,Binghamton,2016,46463,1995-10-20
24,Binghamton,2016,46464,1994-02-09
24,Binghamton,2016,46465,1993-11-06
24,Binghamton,2016,52015,1994-09-13
24,Binghamton,2016,52016,1994-08-30
24,Binghamton,2016,57057,1995-02-25
24,Binghamton,2016,57058,1993-07-14
318,UMass Lowell,2016,35440,
318,UMass Lowell,2016,42342,
318,UMass Lowell,2016,42343,
318,UMass Lowell,2016,46445,
318,UMass Lowell,2016,46448,
318,UMass Lowell,2016,46449,
318,UMass Lowell,2016,51427,
318,UMass Lowell,2016,51428,
318,UMass Lowell,2016,51429,
318,UMass Lowell,2016,51430,
318,UMass Lowell,2016,57039,
318,UMass Lowell,2016,57040,
318,UMass Lowell,2016,57041,
318,UMass Lowell,2016,57042,
113,Houston,2016,38224,
113,Houston,2016,44284,1997-03-31
113,Houston,2016,47262,
113,Houston,2016,47264,1994-04-03
113,Houston,2016,52286,
113,Houston,2016,52377,1992-11-02
113,Houston,2016,52378,1994-05-06
113,Houston,2016,52379,
113,Houston,2016,52380,1992-05-27
113,Houston,2016,52381,1993-10-17
113,Houston,2016,52783,1993-12-12
113,Houston,2016,53631,1993-12-11
113,Houston,2016,58782,1994-07-07
113,Houston,2016,58783,1993-09-05
113,Houston,2016,58784,1993-10-16
113,Houston,2016,58785,1993-10-09
113,Houston,2016,59095,
163,Memphis,2016,35771,1996-04-22
163,Memphis,2016,36171,
163,Memphis,2016,36995,1996-05-07
163,Memphis,2016,42546,1997-10-01
163,Memphis,2016,42998,1996-06-19
163,Memphis,2016,47319,1994-10-22
163,Memphis,2016,53282,
163,Memphis,2016,53609,1993-08-07
163,Memphis,2016,53612,1995-05-20
163,Memphis,2016,57987,1994-09-01
163,Memphis,2016,57988,
163,Memphis,2016,57989,1992-11-16
163,Memphis,2016,57990,
163,Memphis,2016,57991,
163,Memphis,2016,57992,
163,Memphis,2016,57993,
163,Memphis,2016,57994,1993-04-01
163,Memphis,2016,58858,
163,Memphis,2016,59206,
163,Memphis,2016,60584,1994-07-16
163,Memphis,2016,60817,
51,Cincinnati,2016,36690,1996-11-25
51,Cincinnati,2016,43472,
51,Cincinnati,2016,48476,1994-11-16
51,Cincinnati,2016,48477,1997-06-18
51,Cincinnati,2016,48479,1993-08-18
51,Cincinnati,2016,51818,1995-06-11
51,Cincinnati,2016,51819,1995-11-29
51,Cincinnati,2016,51820,1994-11-22
51,Cincinnati,2016,51821,1994-10-22
51,Cincinnati,2016,56521,1992-03-25
51,Cincinnati,2016,56522,1993-03-10
51,Cincinnati,2016,56523,1993-04-05
51,Cincinnati,2016,56524,1994-09-02
248,SMU,2016,43945,
248,SMU,2016,43962,1996-11-18
248,SMU,2016,47238,1996-09-26
248,SMU,2016,47239,1994-11-24
248,SMU,2016,47435,1994-02-03
248,SMU,2016,52386,1995-05-13
248,SMU,2016,52387,1995-02-10
248,SMU,2016,52389,1995-02-21
248,SMU,2016,52391,1995-10-10
248,SMU,2016,58000,1991-08-03
248,SMU,2016,58001,1992-07-01
248,SMU,2016,58002,1992-11-08
248,SMU,2016,60660,
248,SMU,2016,60661,
289,Temple,2016,42643,
289,Temple,2016,42644,1996-09-21
289,Temple,2016,42645,
289,Temple,2016,48869,1995-09-19
289,Temple,2016,48870,
289,Temple,2016,48871,
289,Temple,2016,51827,
289,Temple,2016,51828,
289,Temple,2016,51830,
289,Temple,2016,56586,
289,Temple,2016,56587,1993-04-11
289,Temple,2016,56588,
289,Temple,2016,56589,1992-12-18
289,Temple,2016,56590,
289,Temple,2016,60726,
312,UCF,2016,35919,
312,UCF,2016,41975,1995-12-10
312,UCF,2016,41977,1996-11-02
312,UCF,2016,41978,1996-09-06
312,UCF,2016,47104,
312,UCF,2016,47273,1995-03-15
312,UCF,2016,47277,
312,UCF,2016,53548,
312,UCF,2016,53549,1993-10-14
312,UCF,2016,57944,
312,UCF,2016,57945,
312,UCF,2016,57946,
312,UCF,2016,57947,
312,UCF,2016,57948,
312,UCF,2016,60957,
304,Tulsa,2016,41924,
304,Tulsa,2016,42988,
304,Tulsa,2016,46236,1994-06-04
304,Tulsa,2016,46467,1994-02-02
304,Tulsa,2016,52410,1995-02-26
304,Tulsa,2016,52411,1993-12-25
304,Tulsa,2016,57851,1994-02-19
304,Tulsa,2016,57852,1993-03-29
304,Tulsa,2016,57853,1993-10-06
304,Tulsa,2016,57854,1994-01-24
304,Tulsa,2016,57855,1994-11-02
304,Tulsa,2016,57856,1993-06-01
304,Tulsa,2016,57857,1993-08-12
304,Tulsa,2016,57858,1992-08-15
304,Tulsa,2016,57859,1993-06-02
271,South Florida,2016,31480,
271,South Florida,2016,35869,
271,South Florida,2016,42639,1995-10-22
271,South Florida,2016,43942,1996-01-01
271,South Florida,2016,46740,
271,South Florida,2016,46866,1995-05-29
271,South Florida,2016,47102,
271,South Florida,2016,47187,1995-07-14
271,South Florida,2016,51834,
271,South Florida,2016,57240,
271,South Florida,2016,57241,1991-10-09
271,South Florida,2016,57242,1993-12-01
271,South Florida,2016,57243,1992-08-21
271,South Florida,2016,57244,
271,South Florida,2016,57245,
314,UConn,2016,34820,1997-08-18
314,UConn,2016,43855,1995-12-11
314,UConn,2016,46619,1995-08-15
314,UConn,2016,46621,
314,UConn,2016,46623,
314,UConn,2016,51238,1993-07-14
314,UConn,2016,51239,1994-02-11
314,UConn,2016,51240,1994-02-14
314,UConn,2016,53744,1992-05-12
314,UConn,2016,56725,
314,UConn,2016,56726,1995-08-08
314,UConn,2016,56727,1993-07-17
314,UConn,2016,56728,1994-04-13
314,UConn,2016,56729,1993-11-26
314,UConn,2016,56730,1993-11-03
74,East Carolina,2016,35260,
74,East Carolina,2016,42687,
74,East Carolina,2016,43144,
74,East Carolina,2016,48439,1996-09-01
74,East Carolina,2016,48440,
74,East Carolina,2016,52399,
74,East Carolina,2016,52401,1994-05-05
74,East Carolina,2016,52402,1992-10-14
74,East Carolina,2016,56906,1993-05-21
74,East Carolina,2016,56907,1992-08-22
74,East Carolina,2016,56908,1992-05-02
74,East Carolina,2016,56909,
74,East Carolina,2016,56910,
74,East Carolina,2016,56911,1994-06-17
74,East Carolina,2016,56912,1992-10-28
74,East Carolina,2016,56913,1992-10-21
303,Tulane,2016,35010,
303,Tulane,2016,36991,
303,Tulane,2016,43021,1996-08-08
303,Tulane,2016,44359,
303,Tulane,2016,47229,1996-08-30
303,Tulane,2016,47231,
303,Tulane,2016,47369,1994-10-18
303,Tulane,2016,52682,1995-06-19
303,Tulane,2016,52683,1994-01-31
303,Tulane,2016,57440,
303,Tulane,2016,57441,1993-01-17
303,Tulane,2016,57442,
303,Tulane,2016,58865,
303,Tulane,2016,197821,1995-07-02
131,Kansas,2016,37102,
131,Kansas,2016,42547,
131,Kansas,2016,46030,1997-06-10
131,Kansas,2016,46031,1995-02-22
131,Kansas,2016,46032,
131,Kansas,2016,47148,1994-01-16
131,Kansas,2016,52699,1993-10-03
131,Kansas,2016,52701,1994-04-03
131,Kansas,2016,52702,
131,Kansas,2016,57085,1993-09-14
131,Kansas,2016,57086,
131,Kansas,2016,57087,1994-09-30
131,Kansas,2016,57088,1992-03-05
131,Kansas,2016,57089,
131,Kansas,2016,57090,
131,Kansas,2016,57091,1996-09-13
295,Texas,2016,35522,
295,Texas,2016,43023,1996-10-24
295,Texas,2016,47343,1994-12-14
295,Texas,2016,47344,
295,Texas,2016,47345,
295,Texas,2016,52497,1993-02-19
295,Texas,2016,52498,1994-09-07
295,Texas,2016,57604,1994-08-31
295,Texas,2016,57605,1993-10-27
295,Texas,2016,57606,1994-07-11
295,Texas,2016,57607,1995-03-02
295,Texas,2016,57608,1994-06-03
295,Texas,2016,57609,1994-07-28
295,Texas,2016,57610,1994-02-06
295,Texas,2016,60813,
295,Texas,2016,47526,1995-12-31
217,Oklahoma,2016,37106,
217,Oklahoma,2016,44175,
217,Oklahoma,2016,44176,
217,Oklahoma,2016,44178,
217,Oklahoma,2016,47803,
217,Oklahoma,2016,48323,1995-04-19
217,Oklahoma,2016,48334,
217,Oklahoma,2016,52821,
217,Oklahoma,2016,53464,
217,Oklahoma,2016,53465,
217,Oklahoma,2016,53467,
217,Oklahoma,2016,58426,
217,Oklahoma,2016,58427,1992-12-17
217,Oklahoma,2016,58428,1994-03-13
217,Oklahoma,2016,58429,
217,Oklahoma,2016,58430,
218,Oklahoma State,2016,35671,
218,Oklahoma State,2016,42690,1996-05-29
218,Oklahoma State,2016,47127,1995-07-17
218,Oklahoma State,2016,47405,1996-08-02
218,Oklahoma State,2016,47406,1994-05-05
218,Oklahoma State,2016,47409,
218,Oklahoma State,2016,47410,1994-11-06
218,Oklahoma State,2016,52429,1994-09-26
218,Oklahoma State,2016,52430,1996-07-26
218,Oklahoma State,2016,52431,1993-04-27
218,Oklahoma State,2016,57051,1992-09-22
218,Oklahoma State,2016,57052,
218,Oklahoma State,2016,57053,1992-03-30
218,Oklahoma State,2016,57054,1992-03-27
218,Oklahoma State,2016,57055,1992-12-13
218,Oklahoma State,2016,57056,1992-04-13
218,Oklahoma State,2016,58966,
20,Baylor,2016,37012,
20,Baylor,2016,43318,
20,Baylor,2016,43320,
20,Baylor,2016,46223,1994-04-26
20,Baylor,2016,46225,1995-08-16
20,Baylor,2016,46227,
20,Baylor,2016,46731,1994-10-30
20,Baylor,2016,51841,1994-09-12
20,Baylor,2016,51842,1995-05-04
20,Baylor,2016,56050,1994-03-22
20,Baylor,2016,56051,1994-01-07
20,Baylor,2016,56052,
20,Baylor,2016,56053,1994-03-30
20,Baylor,2016,56054,
125,Iowa State,2016,34950,
125,Iowa State,2016,37319,
125,Iowa State,2016,43031,1995-12-12
125,Iowa State,2016,47630,1995-01-05
125,Iowa State,2016,51296,1994-08-04
125,Iowa State,2016,51297,1995-06-27
125,Iowa State,2016,51298,1993-08-03
125,Iowa State,2016,51300,
125,Iowa State,2016,51301,
125,Iowa State,2016,53041,
125,Iowa State,2016,56176,
125,Iowa State,2016,56177,1993-06-17
125,Iowa State,2016,56178,1993-09-25
125,Iowa State,2016,51295,1994-01-31
132,Kansas State,2016,34894,
132,Kansas State,2016,35995,
132,Kansas State,2016,44158,1996-11-20
132,Kansas State,2016,44159,
132,Kansas State,2016,44160,1996-12-21
132,Kansas State,2016,47496,1994-09-30
132,Kansas State,2016,51023,
132,Kansas State,2016,52624,1994-12-20
132,Kansas State,2016,52625,1993-10-08
132,Kansas State,2016,52626,
132,Kansas State,2016,52627,
132,Kansas State,2016,52628,
132,Kansas State,2016,56946,1993-04-18
132,Kansas State,2016,56947,1992-10-31
132,Kansas State,2016,56948,
132,Kansas State,2016,56949,1993-04-08
298,Texas Tech,2016,35791,1997-06-25
298,Texas Tech,2016,36858,
298,Texas Tech,2016,41980,
298,Texas Tech,2016,42662,1995-09-14
298,Texas Tech,2016,42666,
298,Texas Tech,2016,42786,
298,Texas Tech,2016,47254,
298,Texas Tech,2016,47472,1996-01-05
298,Texas Tech,2016,47475,
298,Texas Tech,2016,47476,1996-08-23
298,Texas Tech,2016,52036,1992-06-27
298,Texas Tech,2016,52039,
298,Texas Tech,2016,52041,1994-09-20
298,Texas Tech,2016,57399,
298,Texas Tech,2016,57400,1993-03-14
66,Delaware,2016,41868,
66,Delaware,2016,42668,
66,Delaware,2016,42670,
66,Delaware,2016,42671,
66,Delaware,2016,46480,
66,Delaware,2016,46481,
66,Delaware,2016,51533,
66,Delaware,2016,51534,1995-06-30
66,Delaware,2016,51535,1995-03-11
66,Delaware,2016,51536,1993-11-20
66,Delaware,2016,51538,
66,Delaware,2016,51886,1994-05-08
66,Delaware,2016,56930,1993-01-20
66,Delaware,2016,56931,
66,Delaware,2016,56932,1994-08-06
347,West Virginia,2016,35870,1997-06-02
347,West Virginia,2016,35986,
347,West Virginia,2016,37538,
347,West Virginia,2016,43979,
347,West Virginia,2016,48746,1995-01-05
347,West Virginia,2016,48747,1995-09-14
347,West Virginia,2016,51261,
347,West Virginia,2016,51262,1995-03-21
347,West Virginia,2016,51263,1993-08-10
347,West Virginia,2016,51264,1995-01-18
347,West Virginia,2016,51265,
347,West Virginia,2016,51266,1992-12-28
347,West Virginia,2016,56582,1994-05-31
347,West Virginia,2016,56583,1991-11-26
347,West Virginia,2016,56584,1994-07-30
347,West Virginia,2016,56585,1993-10-11
287,TCU,2016,36319,
287,TCU,2016,47489,
287,TCU,2016,48410,
287,TCU,2016,51848,
287,TCU,2016,51849,1993-05-23
287,TCU,2016,51850,
287,TCU,2016,51852,
287,TCU,2016,57479,
287,TCU,2016,57480,1992-10-27
287,TCU,2016,43464,
287,TCU,2016,47484,1994-05-08
338,Villanova,2016,41861,1996-11-04
338,Villanova,2016,41862,1995-12-31
338,Villanova,2016,41864,
338,Villanova,2016,46040,1996-08-31
338,Villanova,2016,46041,1996-08-30
338,Villanova,2016,46042,1997-01-31
338,Villanova,2016,51165,1993-10-13
338,Villanova,2016,51166,1993-11-20
338,Villanova,2016,51167,1995-03-06
338,Villanova,2016,55959,1993-12-15
338,Villanova,2016,55960,1994-03-26
338,Villanova,2016,55961,1992-11-29
338,Villanova,2016,55962,1994-04-22
338,Villanova,2016,55963,1994-07-08
338,Villanova,2016,55964,
338,Villanova,2016,55965,
97,Georgetown,2016,41888,1995-10-24
97,Georgetown,2016,42488,
97,Georgetown,2016,43182,1996-08-21
97,Georgetown,2016,43183,1997-07-25
97,Georgetown,2016,43185,1996-11-21
97,Georgetown,2016,48225,1996-02-01
97,Georgetown,2016,48228,
97,Georgetown,2016,49274,
97,Georgetown,2016,53024,
97,Georgetown,2016,53026,1994-09-10
97,Georgetown,2016,53027,
97,Georgetown,2016,57705,1992-12-20
97,Georgetown,2016,43080,1995-06-13
279,St. John's,2016,34491,
279,St. John's,2016,35425,1996-08-17
279,St. John's,2016,41867,
279,St. John's,2016,42661,1995-01-30
279,St. John's,2016,43856,
279,St. John's,2016,46595,
279,St. John's,2016,46596,
279,St. John's,2016,47408,
279,St. John's,2016,47629,
279,St. John's,2016,52593,
279,St. John's,2016,52891,
279,St. John's,2016,56209,1992-06-17
279,St. John's,2016,56210,1991-11-03
279,St. John's,2016,56211,
235,Providence,2016,35073,
235,Providence,2016,35881,
235,Providence,2016,36942,
235,Providence,2016,42008,
235,Providence,2016,45351,
235,Providence,2016,46585,1994-06-03
235,Providence,2016,46586,
235,Providence,2016,46587,
235,Providence,2016,46588,
235,Providence,2016,53301,1993-01-14
235,Providence,2016,53528,1994-02-24
235,Providence,2016,57935,1995-03-29
235,Providence,2016,57936,1994-03-18
235,Providence,2016,57937,
263,Seton Hall,2016,36422,
263,Seton Hall,2016,42000,
263,Seton Hall,2016,45369,
263,Seton Hall,2016,46345,1996-03-23
263,Seton Hall,2016,46346,1994-11-20
263,Seton Hall,2016,46347,1995-10-03
263,Seton Hall,2016,46348,1996-07-16
263,Seton Hall,2016,47100,
263,Seton Hall,2016,51569,
263,Seton Hall,2016,51571,
263,Seton Hall,2016,51572,
263,Seton Hall,2016,56455,1995-03-08
263,Seton Hall,2016,56456,1992-09-28
263,Seton Hall,2016,56457,1991-12-12
157,Marquette,2016,41941,1995-09-22
157,Marquette,2016,24668,
157,Marquette,2016,26105,
157,Marquette,2016,36022,1997-09-19
157,Marquette,2016,36367,1996-09-06
157,Marquette,2016,43301,
157,Marquette,2016,43305,
157,Marquette,2016,47514,1994-06-18
157,Marquette,2016,48996,1994-09-22
157,Marquette,2016,51459,1994-03-18
157,Marquette,2016,57445,1997-01-13
157,Marquette,2016,57446,
157,Marquette,2016,57447,1994-05-04
157,Marquette,2016,51458,1994-10-29
61,Creighton,2016,37290,
61,Creighton,2016,43191,1995-03-10
61,Creighton,2016,43271,
61,Creighton,2016,43958,
61,Creighton,2016,47517,1995-01-16
61,Creighton,2016,47518,1996-05-08
61,Creighton,2016,47519,1995-06-03
61,Creighton,2016,47521,1994-12-25
61,Creighton,2016,51277,
61,Creighton,2016,51278,1997-06-14
61,Creighton,2016,51279,1993-03-08
61,Creighton,2016,51280,1994-06-06
61,Creighton,2016,51281,1993-09-25
61,Creighton,2016,58083,1993-02-12
61,Creighton,2016,58084,
61,Creighton,2016,58085,1993-02-07
61,Creighton,2016,58086,
359,Xavier,2016,42112,
359,Xavier,2016,46095,1996-11-08
359,Xavier,2016,46096,1995-06-05
359,Xavier,2016,46097,1994-11-04
359,Xavier,2016,46100,
359,Xavier,2016,47497,
359,Xavier,2016,51171,1995-12-31
359,Xavier,2016,51173,1994-01-31
359,Xavier,2016,51175,1994-11-04
359,Xavier,2016,51177,
359,Xavier,2016,51178,1993-11-02
359,Xavier,2016,56388,1992-12-30
359,Xavier,2016,56389,1992-08-17
359,Xavier,2016,56390,1992-11-02
359,Xavier,2016,56391,1994-02-19
359,Xavier,2016,56392,
65,DePaul,2016,27228,
65,DePaul,2016,36379,
65,DePaul,2016,42465,
65,DePaul,2016,43739,
65,DePaul,2016,47473,
65,DePaul,2016,47820,
65,DePaul,2016,53498,1994-10-16
65,DePaul,2016,53499,
65,DePaul,2016,53501,
65,DePaul,2016,53503,
65,DePaul,2016,58059,
65,DePaul,2016,58060,1992-12-23
65,DePaul,2016,58061,
65,DePaul,2016,58062,
65,DePaul,2016,58063,
65,DePaul,2016,47819,
65,DePaul,2016,43634,1996-10-18
34,Butler,2016,34813,1996-11-03
34,Butler,2016,44339,
34,Butler,2016,46603,
34,Butler,2016,46604,1995-08-03
34,Butler,2016,47071,
34,Butler,2016,53281,1994-06-14
34,Butler,2016,53283,1993-05-14
34,Butler,2016,53284,
34,Butler,2016,53285,1994-04-05
34,Butler,2016,53286,1993-09-04
34,Butler,2016,57689,1993-01-25
34,Butler,2016,57690,1993-06-18
34,Butler,2016,57691,1992-05-25
34,Butler,2016,57692,1991-12-21
345,Weber State,2016,36426,
345,Weber State,2016,37362,
345,Weber State,2016,37364,
345,Weber State,2016,41838,
345,Weber State,2016,43387,
345,Weber State,2016,47091,1995-12-19
345,Weber State,2016,47444,
345,Weber State,2016,47445,
345,Weber State,2016,52614,1994-08-21
345,Weber State,2016,52615,1995-03-24
345,Weber State,2016,52617,
345,Weber State,2016,52619,
345,Weber State,2016,55923,1994-07-13
345,Weber State,2016,57454,1994-01-28
345,Weber State,2016,57455,
345,Weber State,2016,57456,
345,Weber State,2016,58912,
345,Weber State,2016,58913,
345,Weber State,2016,58914,
345,Weber State,2016,58915,
345,Weber State,2016,58916,
345,Weber State,2016,58917,
345,Weber State,2016,58918,
345,Weber State,2016,58919,
345,Weber State,2016,58920,
345,Weber State,2016,58921,
345,Weber State,2016,58922,
345,Weber State,2016,58923,
345,Weber State,2016,58924,
345,Weber State,2016,58925,
345,Weber State,2016,58926,
345,Weber State,2016,58927,
345,Weber State,2016,58928,
345,Weber State,2016,58929,
345,Weber State,2016,58930,
345,Weber State,2016,58931,
345,Weber State,2016,58932,
345,Weber State,2016,58933,
345,Weber State,2016,58934,
345,Weber State,2016,58935,
345,Weber State,2016,58936,
345,Weber State,2016,58937,
345,Weber State,2016,58938,
345,Weber State,2016,58939,
345,Weber State,2016,58940,
345,Weber State,2016,58941,
345,Weber State,2016,58942,
345,Weber State,2016,58943,
345,Weber State,2016,58944,
345,Weber State,2016,58945,
345,Weber State,2016,58946,
345,Weber State,2016,58947,
345,Weber State,2016,58948,
345,Weber State,2016,58949,
345,Weber State,2016,58950,
345,Weber State,2016,58951,
345,Weber State,2016,58952,
345,Weber State,2016,58953,
345,Weber State,2016,58954,
345,Weber State,2016,58955,
345,Weber State,2016,58956,
179,Montana,2016,37114,
179,Montana,2016,44191,
179,Montana,2016,44192,
179,Montana,2016,44193,
179,Montana,2016,47413,
179,Montana,2016,47415,
179,Montana,2016,53005,1994-07-08
179,Montana,2016,53006,
179,Montana,2016,53007,
179,Montana,2016,53008,
179,Montana,2016,53009,1995-04-08
179,Montana,2016,53010,1994-03-02
179,Montana,2016,57368,1992-02-18
179,Montana,2016,57369,1993-05-25
179,Montana,2016,57370,
179,Montana,2016,57371,
180,Montana State,2016,43258,1997-03-25
180,Montana State,2016,43262,
180,Montana State,2016,47166,
180,Montana State,2016,51868,
180,Montana State,2016,51869,
180,Montana State,2016,51871,
180,Montana State,2016,51872,
180,Montana State,2016,57666,1994-01-14
180,Montana State,2016,57667,
180,Montana State,2016,57668,1994-01-18
180,Montana State,2016,57669,
180,Montana State,2016,57670,
180,Montana State,2016,57671,1994-07-07
180,Montana State,2016,57672,
180,Montana State,2016,59480,
180,Montana State,2016,59481,1992-10-09
180,Montana State,2016,59482,1993-05-14
180,Montana State,2016,59483,
180,Montana State,2016,59484,1991-02-22
116,Idaho State,2016,36408,1996-07-17
116,Idaho State,2016,36538,
116,Idaho State,2016,43961,
116,Idaho State,2016,47666,
116,Idaho State,2016,47667,
116,Idaho State,2016,47668,
116,Idaho State,2016,52867,
116,Idaho State,2016,52869,
116,Idaho State,2016,54765,
116,Idaho State,2016,57561,1995-01-20
116,Idaho State,2016,57562,
116,Idaho State,2016,57563,
116,Idaho State,2016,57564,
116,Idaho State,2016,57565,1993-04-12
116,Idaho State,2016,57566,
206,Northern Arizona,2016,36553,
206,Northern Arizona,2016,36722,
206,Northern Arizona,2016,37760,
206,Northern Arizona,2016,42741,
206,Northern Arizona,2016,44271,
206,Northern Arizona,2016,44272,
206,Northern Arizona,2016,46015,
206,Northern Arizona,2016,52900,1995-01-10
206,Northern Arizona,2016,52901,1993-12-22
206,Northern Arizona,2016,52902,
206,Northern Arizona,2016,52903,
206,Northern Arizona,2016,52904,
206,Northern Arizona,2016,52906,
206,Northern Arizona,2016,57251,1994-07-20
206,Northern Arizona,2016,57252,
206,Northern Arizona,2016,57253,1994-02-11
206,Northern Arizona,2016,57254,
206,Northern Arizona,2016,57255,
206,Northern Arizona,2016,59672,
80,Eastern Washington,2016,42513,
80,Eastern Washington,2016,42515,
80,Eastern Washington,2016,42516,
80,Eastern Washington,2016,46300,
80,Eastern Washington,2016,46301,1995-06-17
80,Eastern Washington,2016,46303,
80,Eastern Washington,2016,57300,1993-10-02
80,Eastern Washington,2016,57301,1993-07-07
80,Eastern Washington,2016,57302,
80,Eastern Washington,2016,57303,
80,Eastern Washington,2016,57304,
80,Eastern Washington,2016,57305,
80,Eastern Washington,2016,57306,
80,Eastern Washington,2016,57307,1996-03-09
80,Eastern Washington,2016,57308,
80,Eastern Washington,2016,57309,
80,Eastern Washington,2016,57310,
80,Eastern Washington,2016,60288,
231,Portland State,2016,39811,
231,Portland State,2016,43390,1995-02-02
231,Portland State,2016,43632,
231,Portland State,2016,48470,1994-02-28
231,Portland State,2016,52629,
231,Portland State,2016,52630,1995-01-22
231,Portland State,2016,52631,1993-10-01
231,Portland State,2016,52632,
231,Portland State,2016,52633,
231,Portland State,2016,52634,
231,Portland State,2016,54772,
231,Portland State,2016,57348,1993-06-26
231,Portland State,2016,57349,
231,Portland State,2016,57350,
231,Portland State,2016,57351,1992-05-09
231,Portland State,2016,57352,
231,Portland State,2016,57353,
207,Northern Colorado,2016,36025,
207,Northern Colorado,2016,41590,
207,Northern Colorado,2016,42616,
207,Northern Colorado,2016,44208,1997-06-06
207,Northern Colorado,2016,47193,
207,Northern Colorado,2016,47215,
207,Northern Colorado,2016,47217,1994-12-25
207,Northern Colorado,2016,47219,
207,Northern Colorado,2016,47220,
207,Northern Colorado,2016,53276,1993-09-13
207,Northern Colorado,2016,57079,1992-12-21
207,Northern Colorado,2016,57080,
207,Northern Colorado,2016,57081,
207,Northern Colorado,2016,57082,
207,Northern Colorado,2016,57083,
207,Northern Colorado,2016,57084,1993-12-21
249,Sacramento State,2016,37666,
249,Sacramento State,2016,44249,1996-06-09
249,Sacramento State,2016,44252,
249,Sacramento State,2016,47561,
249,Sacramento State,2016,47563,
249,Sacramento State,2016,47564,
249,Sacramento State,2016,49440,
249,Sacramento State,2016,52653,
249,Sacramento State,2016,52654,1995-02-06
249,Sacramento State,2016,52655,
249,Sacramento State,2016,56731,
249,Sacramento State,2016,56732,
249,Sacramento State,2016,56733,
249,Sacramento State,2016,56734,
276,Southern Utah,2016,33391,
276,Southern Utah,2016,43141,
276,Southern Utah,2016,47309,1995-05-09
276,Southern Utah,2016,47679,
276,Southern Utah,2016,52412,
276,Southern Utah,2016,52414,
276,Southern Utah,2016,52415,
276,Southern Utah,2016,52416,
276,Southern Utah,2016,52935,
276,Southern Utah,2016,56002,
276,Southern Utah,2016,56003,
276,Southern Utah,2016,56004,
276,Southern Utah,2016,56005,
276,Southern Utah,2016,56006,
276,Southern Utah,2016,56007,
276,Southern Utah,2016,59096,
276,Southern Utah,2016,47678,
201,North Dakota,2016,34518,
201,North Dakota,2016,41813,
201,North Dakota,2016,42847,
201,North Dakota,2016,42848,
201,North Dakota,2016,47137,
201,North Dakota,2016,47577,
201,North Dakota,2016,48369,1994-11-29
201,North Dakota,2016,51415,
201,North Dakota,2016,51416,
201,North Dakota,2016,51418,
201,North Dakota,2016,56130,
201,North Dakota,2016,56131,1993-05-11
201,North Dakota,2016,56132,
201,North Dakota,2016,56133,
201,North Dakota,2016,56134,
201,North Dakota,2016,60820,
354,Winthrop,2016,4738,1995-01-10
354,Winthrop,2016,43322,
354,Winthrop,2016,43325,
354,Winthrop,2016,46533,1995-08-19
354,Winthrop,2016,46534,1995-03-16
354,Winthrop,2016,46535,1995-12-15
354,Winthrop,2016,46536,
354,Winthrop,2016,46538,
354,Winthrop,2016,48145,1994-11-25
354,Winthrop,2016,53188,1994-03-07
354,Winthrop,2016,53189,1995-09-29
354,Winthrop,2016,53190,
354,Winthrop,2016,53191,1994-04-02
354,Winthrop,2016,53192,1995-05-14
354,Winthrop,2016,57818,1993-06-07
354,Winthrop,2016,57819,
239,Radford,2016,35442,
239,Radford,2016,41798,
239,Radford,2016,42198,
239,Radford,2016,46394,
239,Radford,2016,46395,
239,Radford,2016,46396,
239,Radford,2016,52042,
239,Radford,2016,52043,
239,Radford,2016,57698,
239,Radford,2016,57699,
239,Radford,2016,57700,
239,Radford,2016,57701,
239,Radford,2016,57702,
239,Radford,2016,57703,
239,Radford,2016,57704,
319,UNC Asheville,2016,34819,1997-02-26
319,UNC Asheville,2016,36479,
319,UNC Asheville,2016,36706,
319,UNC Asheville,2016,46844,
319,UNC Asheville,2016,46846,
319,UNC Asheville,2016,46847,
319,UNC Asheville,2016,46849,
319,UNC Asheville,2016,46882,
319,UNC Asheville,2016,51790,
319,UNC Asheville,2016,51791,
319,UNC Asheville,2016,51794,
319,UNC Asheville,2016,51795,
319,UNC Asheville,2016,56440,
319,UNC Asheville,2016,56441,1992-11-22
319,UNC Asheville,2016,56442,
319,UNC Asheville,2016,59745,
319,UNC Asheville,2016,59746,
319,UNC Asheville,2016,59747,
319,UNC Asheville,2016,59748,
319,UNC Asheville,2016,59749,
319,UNC Asheville,2016,59750,
319,UNC Asheville,2016,59751,
319,UNC Asheville,2016,59752,
319,UNC Asheville,2016,59753,
319,UNC Asheville,2016,59754,
319,UNC Asheville,2016,59755,
319,UNC Asheville,2016,59756,
319,UNC Asheville,2016,59757,
47,Charleston Southern,2016,35450,
47,Charleston Southern,2016,42505,
47,Charleston Southern,2016,46517,
47,Charleston Southern,2016,50756,
47,Charleston Southern,2016,53064,
47,Charleston Southern,2016,53065,1994-06-03
47,Charleston Southern,2016,53066,
47,Charleston Southern,2016,53067,
47,Charleston Southern,2016,53068,
47,Charleston Southern,2016,55944,
47,Charleston Southern,2016,55945,
47,Charleston Southern,2016,55946,1993-04-26
47,Charleston Southern,2016,55947,
47,Charleston Southern,2016,55948,
47,Charleston Southern,2016,55949,
47,Charleston Southern,2016,55950,
47,Charleston Southern,2016,55951,
54,Coastal Carolina,2016,46843,
54,Coastal Carolina,2016,46907,
54,Coastal Carolina,2016,46963,1993-04-13
54,Coastal Carolina,2016,52729,1994-01-11
54,Coastal Carolina,2016,52730,1994-05-19
54,Coastal Carolina,2016,52731,1994-05-02
54,Coastal Carolina,2016,55781,1994-05-28
54,Coastal Carolina,2016,57291,1993-02-01
54,Coastal Carolina,2016,57292,
54,Coastal Carolina,2016,57293,1992-03-25
54,Coastal Carolina,2016,57294,1993-01-16
54,Coastal Carolina,2016,60159,
54,Coastal Carolina,2016,42562,
54,Coastal Carolina,2016,46841,
142,Liberty,2016,37527,1996-11-27
142,Liberty,2016,43838,
142,Liberty,2016,46024,
142,Liberty,2016,46397,
142,Liberty,2016,46398,
142,Liberty,2016,46401,
142,Liberty,2016,52581,1995-04-12
142,Liberty,2016,52703,
142,Liberty,2016,55408,
142,Liberty,2016,56419,
142,Liberty,2016,56420,
142,Liberty,2016,56421,
109,High Point,2016,62598,1990-09-02
109,High Point,2016,57393,1993-10-27
109,High Point,2016,57397,1994-03-10
109,High Point,2016,36977,
109,High Point,2016,43589,
109,High Point,2016,43590,
109,High Point,2016,43592,
109,High Point,2016,53264,1993-04-18
109,High Point,2016,55133,1995-01-26
109,High Point,2016,57394,1992-04-28
109,High Point,2016,57396,
109,High Point,2016,58704,
109,High Point,2016,53265,1994-03-28
109,High Point,2016,62597,1992-07-29
109,High Point,2016,57395,1994-07-20
109,High Point,2016,53266,
109,High Point,2016,47028,
109,High Point,2016,57398,
94,Gardner-Webb,2016,34581,
94,Gardner-Webb,2016,35386,
94,Gardner-Webb,2016,35947,
94,Gardner-Webb,2016,42410,
94,Gardner-Webb,2016,42411,
94,Gardner-Webb,2016,42413,
94,Gardner-Webb,2016,42579,
94,Gardner-Webb,2016,45963,
94,Gardner-Webb,2016,45964,
94,Gardner-Webb,2016,52383,
94,Gardner-Webb,2016,57481,
94,Gardner-Webb,2016,57482,
94,Gardner-Webb,2016,57483,1993-10-14
94,Gardner-Webb,2016,57484,
94,Gardner-Webb,2016,57485,
94,Gardner-Webb,2016,57486,
147,Longwood,2016,42206,
147,Longwood,2016,46492,
147,Longwood,2016,46557,
147,Longwood,2016,47948,1995-12-16
147,Longwood,2016,47955,
147,Longwood,2016,53412,
147,Longwood,2016,53414,
147,Longwood,2016,56356,1993-05-30
147,Longwood,2016,56357,
147,Longwood,2016,56358,1992-09-11
147,Longwood,2016,56359,
147,Longwood,2016,56360,
147,Longwood,2016,56361,
147,Longwood,2016,56362,1994-05-10
147,Longwood,2016,56363,1993-06-04
147,Longwood,2016,56364,
233,Presbyterian,2016,42472,
233,Presbyterian,2016,43441,
233,Presbyterian,2016,46642,
233,Presbyterian,2016,46643,
233,Presbyterian,2016,46644,
233,Presbyterian,2016,46645,
233,Presbyterian,2016,51803,
233,Presbyterian,2016,51804,1995-08-13
233,Presbyterian,2016,51805,
233,Presbyterian,2016,51806,1995-01-05
233,Presbyterian,2016,51808,
233,Presbyterian,2016,51809,1994-11-19
233,Presbyterian,2016,56323,1995-03-03
233,Presbyterian,2016,56324,
233,Presbyterian,2016,56325,
233,Presbyterian,2016,56326,1992-12-08
236,Purdue,2016,26546,
236,Purdue,2016,41937,
236,Purdue,2016,41939,
236,Purdue,2016,44088,
236,Purdue,2016,46127,1996-04-05
236,Purdue,2016,46128,1995-10-02
236,Purdue,2016,46129,
236,Purdue,2016,46130,1995-07-11
236,Purdue,2016,47628,1994-11-11
236,Purdue,2016,51205,1997-04-18
236,Purdue,2016,51206,
236,Purdue,2016,51208,1994-12-27
236,Purdue,2016,56616,1993-08-30
236,Purdue,2016,56617,1992-02-22
236,Purdue,2016,56618,1993-10-15
236,Purdue,2016,56619,1992-08-27
121,Indiana,2016,42016,1997-04-17
121,Indiana,2016,42022,
121,Indiana,2016,46710,1995-05-27
121,Indiana,2016,46711,1994-04-17
121,Indiana,2016,46713,
121,Indiana,2016,46714,1994-06-27
121,Indiana,2016,52695,1997-07-17
121,Indiana,2016,52696,1997-07-31
121,Indiana,2016,52697,1995-04-22
121,Indiana,2016,55995,1994-12-30
121,Indiana,2016,55996,1993-05-09
121,Indiana,2016,55997,
121,Indiana,2016,55998,1993-06-07
121,Indiana,2016,55999,
121,Indiana,2016,56000,1992-12-18
121,Indiana,2016,56001,
121,Indiana,2016,60797,
121,Indiana,2016,60930,
118,Illinois,2016,26296,
118,Illinois,2016,36047,
118,Illinois,2016,41685,
118,Illinois,2016,42935,
118,Illinois,2016,43957,
118,Illinois,2016,46544,1995-08-03
118,Illinois,2016,47332,1996-01-31
118,Illinois,2016,47335,
118,Illinois,2016,52316,1993-12-07
118,Illinois,2016,52599,1994-08-28
118,Illinois,2016,52600,1995-10-26
118,Illinois,2016,52601,1992-02-06
118,Illinois,2016,52602,1993-05-17
118,Illinois,2016,52603,1995-01-16
118,Illinois,2016,52604,
118,Illinois,2016,55862,
216,Ohio State,2016,34922,
216,Ohio State,2016,37104,
216,Ohio State,2016,37530,1997-07-04
216,Ohio State,2016,37675,
216,Ohio State,2016,42960,
216,Ohio State,2016,43471,
216,Ohio State,2016,46698,1996-01-23
216,Ohio State,2016,46699,1995-10-28
216,Ohio State,2016,46700,
216,Ohio State,2016,47417,
216,Ohio State,2016,52684,
216,Ohio State,2016,52685,1994-06-12
216,Ohio State,2016,58118,
124,Iowa,2016,35511,
124,Iowa,2016,35625,
124,Iowa,2016,37826,1996-08-13
124,Iowa,2016,43938,
124,Iowa,2016,43951,1996-03-26
124,Iowa,2016,47551,
124,Iowa,2016,47552,
124,Iowa,2016,47553,
124,Iowa,2016,47573,
124,Iowa,2016,52772,1994-03-30
124,Iowa,2016,57487,1993-05-19
124,Iowa,2016,57488,1994-01-13
124,Iowa,2016,57489,1993-11-09
124,Iowa,2016,57490,1994-08-15
124,Iowa,2016,57491,1992-11-24
124,Iowa,2016,57492,
124,Iowa,2016,57493,
124,Iowa,2016,57494,
355,Wisconsin,2016,34940,
355,Wisconsin,2016,35377,
355,Wisconsin,2016,43066,
355,Wisconsin,2016,43067,1997-07-19
355,Wisconsin,2016,43068,
355,Wisconsin,2016,43069,
355,Wisconsin,2016,46674,
355,Wisconsin,2016,46675,
355,Wisconsin,2016,46676,
355,Wisconsin,2016,47092,1994-12-12
355,Wisconsin,2016,52488,1995-07-31
355,Wisconsin,2016,52489,1994-12-06
355,Wisconsin,2016,52490,1994-11-13
355,Wisconsin,2016,52491,
355,Wisconsin,2016,52811,
355,Wisconsin,2016,56020,
355,Wisconsin,2016,56021,
355,Wisconsin,2016,56022,
173,Minnesota,2016,41973,
173,Minnesota,2016,42603,1994-09-02
173,Minnesota,2016,43092,1997-02-28
173,Minnesota,2016,43094,
173,Minnesota,2016,43097,
173,Minnesota,2016,46086,1994-11-30
173,Minnesota,2016,46087,1995-07-25
173,Minnesota,2016,46088,
173,Minnesota,2016,46089,1993-12-15
173,Minnesota,2016,52482,
173,Minnesota,2016,52483,
173,Minnesota,2016,53011,1993-04-03
173,Minnesota,2016,53463,
173,Minnesota,2016,57377,1993-09-24
173,Minnesota,2016,57378,1992-11-17
173,Minnesota,2016,57379,
170,Michigan,2016,41976,1995-05-08
170,Michigan,2016,42309,1996-05-31
170,Michigan,2016,42940,
170,Michigan,2016,46328,1996-06-01
170,Michigan,2016,46703,1994-05-10
170,Michigan,2016,46723,1995-05-05
170,Michigan,2016,48111,1997-04-26
170,Michigan,2016,48112,1994-04-22
170,Michigan,2016,48113,1994-09-01
170,Michigan,2016,48116,
170,Michigan,2016,51207,1992-08-24
170,Michigan,2016,52713,1994-09-05
170,Michigan,2016,52714,1995-04-03
170,Michigan,2016,52715,1996-02-19
170,Michigan,2016,52716,1995-05-03
170,Michigan,2016,56069,1994-08-25
169,Michigan State,2016,36382,
169,Michigan State,2016,36384,
169,Michigan State,2016,41985,
169,Michigan State,2016,42544,1996-09-11
169,Michigan State,2016,42545,1996-09-28
169,Michigan State,2016,42972,1996-04-01
169,Michigan State,2016,46011,1995-11-10
169,Michigan State,2016,46013,
169,Michigan State,2016,51949,1993-11-26
169,Michigan State,2016,51950,
169,Michigan State,2016,51951,1995-04-09
169,Michigan State,2016,51953,
169,Michigan State,2016,55983,1993-08-05
169,Michigan State,2016,55984,1993-11-16
169,Michigan State,2016,55985,1993-07-23
169,Michigan State,2016,55986,1996-12-02
169,Michigan State,2016,55987,1993-05-29
169,Michigan State,2016,60972,1993-02-01
169,Michigan State,2016,60973,1991-12-30
169,Michigan State,2016,60974,1993-01-22
212,Northwestern,2016,35170,
212,Northwestern,2016,38308,
212,Northwestern,2016,43946,1995-12-19
212,Northwestern,2016,43947,1996-10-01
212,Northwestern,2016,43949,
212,Northwestern,2016,45987,
212,Northwestern,2016,46116,
212,Northwestern,2016,46117,1996-05-20
212,Northwestern,2016,52479,1994-04-29
212,Northwestern,2016,52480,
212,Northwestern,2016,57043,1993-10-15
212,Northwestern,2016,57044,1993-05-21
212,Northwestern,2016,57045,
212,Northwestern,2016,59580,
226,Penn State,2016,35536,1995-08-10
226,Penn State,2016,44098,1997-06-04
226,Penn State,2016,44099,
226,Penn State,2016,46283,
226,Penn State,2016,46285,
226,Penn State,2016,47250,1994-05-20
226,Penn State,2016,47251,1994-06-11
226,Penn State,2016,47862,
226,Penn State,2016,51943,
226,Penn State,2016,57721,1994-08-01
226,Penn State,2016,57722,
226,Penn State,2016,57723,1993-11-18
226,Penn State,2016,57724,
226,Penn State,2016,57725,
160,Maryland,2016,42673,
160,Maryland,2016,42674,
160,Maryland,2016,42975,
160,Maryland,2016,43064,
160,Maryland,2016,46452,
160,Maryland,2016,46659,
160,Maryland,2016,46662,
160,Maryland,2016,51307,1994-05-10
160,Maryland,2016,51308,1995-02-02
160,Maryland,2016,55931,1994-03-07
160,Maryland,2016,55932,1994-04-04
160,Maryland,2016,55933,1997-02-10
160,Maryland,2016,55934,1994-03-09
160,Maryland,2016,55935,1992-12-16
160,Maryland,2016,55936,
188,Nebraska,2016,36014,1997-04-04
188,Nebraska,2016,36023,
188,Nebraska,2016,37625,
188,Nebraska,2016,43081,
188,Nebraska,2016,43083,1997-01-07
188,Nebraska,2016,43085,
188,Nebraska,2016,48099,1995-05-02
188,Nebraska,2016,48144,1996-06-27
188,Nebraska,2016,48146,
188,Nebraska,2016,48147,1994-12-05
188,Nebraska,2016,51251,1993-06-16
188,Nebraska,2016,53510,1995-05-29
188,Nebraska,2016,58012,1995-03-02
188,Nebraska,2016,58013,1994-06-05
188,Nebraska,2016,58014,1994-04-28
188,Nebraska,2016,58015,1995-10-20
245,Rutgers,2016,37030,
245,Rutgers,2016,42974,
245,Rutgers,2016,43158,
245,Rutgers,2016,44071,
245,Rutgers,2016,46657,1995-01-20
245,Rutgers,2016,46686,
245,Rutgers,2016,46687,
245,Rutgers,2016,46691,
245,Rutgers,2016,46693,
245,Rutgers,2016,51936,
245,Rutgers,2016,56318,1992-03-09
245,Rutgers,2016,56319,1992-11-02
245,Rutgers,2016,56320,
245,Rutgers,2016,56321,
245,Rutgers,2016,56322,1991-05-29
145,Long Beach State,2016,34901,
145,Long Beach State,2016,41579,
145,Long Beach State,2016,43989,
145,Long Beach State,2016,43990,
145,Long Beach State,2016,46331,
145,Long Beach State,2016,47662,
145,Long Beach State,2016,47733,
145,Long Beach State,2016,47734,1994-08-02
145,Long Beach State,2016,47736,
145,Long Beach State,2016,47737,
145,Long Beach State,2016,52813,1993-08-06
145,Long Beach State,2016,52814,
145,Long Beach State,2016,52815,
145,Long Beach State,2016,55887,1989-01-26
145,Long Beach State,2016,57883,1993-02-25
145,Long Beach State,2016,57884,
308,UC Irvine,2016,36709,
308,UC Irvine,2016,43380,
308,UC Irvine,2016,43383,
308,UC Irvine,2016,43385,
308,UC Irvine,2016,47554,
308,UC Irvine,2016,52831,1994-11-07
308,UC Irvine,2016,52832,1995-03-06
308,UC Irvine,2016,52834,1995-06-29
308,UC Irvine,2016,54952,
308,UC Irvine,2016,57541,1993-05-13
308,UC Irvine,2016,57542,1994-03-28
308,UC Irvine,2016,57543,1992-09-08
308,UC Irvine,2016,57544,1993-09-14
308,UC Irvine,2016,57545,
308,UC Irvine,2016,57546,1993-06-14
308,UC Irvine,2016,57547,
37,Cal State Fullerton,2016,37642,
37,Cal State Fullerton,2016,42906,1997-09-02
37,Cal State Fullerton,2016,42907,
37,Cal State Fullerton,2016,44190,
37,Cal State Fullerton,2016,46580,1995-03-27
37,Cal State Fullerton,2016,47587,
37,Cal State Fullerton,2016,52807,
37,Cal State Fullerton,2016,52812,
37,Cal State Fullerton,2016,57591,
37,Cal State Fullerton,2016,57592,
37,Cal State Fullerton,2016,57593,
37,Cal State Fullerton,2016,57594,
37,Cal State Fullerton,2016,57595,
35,Cal Poly,2016,32389,1996-12-07
35,Cal Poly,2016,37341,1997-05-01
35,Cal Poly,2016,43997,1995-11-20
35,Cal Poly,2016,44244,1995-10-06
35,Cal Poly,2016,44337,
35,Cal Poly,2016,46607,
35,Cal Poly,2016,52920,1994-10-04
35,Cal Poly,2016,52921,
35,Cal Poly,2016,52922,1993-09-12
35,Cal Poly,2016,52924,
35,Cal Poly,2016,52925,1994-11-22
35,Cal Poly,2016,57567,1993-04-22
35,Cal Poly,2016,57568,1993-01-14
35,Cal Poly,2016,57569,1994-06-08
35,Cal Poly,2016,57570,1992-07-16
35,Cal Poly,2016,57571,1997-04-09
35,Cal Poly,2016,57572,
38,Cal State Northridge,2016,37721,
38,Cal State Northridge,2016,43136,
38,Cal State Northridge,2016,43410,
38,Cal State Northridge,2016,44197,
38,Cal State Northridge,2016,47407,1995-09-18
38,Cal State Northridge,2016,47724,
38,Cal State Northridge,2016,47726,
38,Cal State Northridge,2016,47728,
38,Cal State Northridge,2016,50589,1995-08-18
38,Cal State Northridge,2016,52858,1993-09-11
38,Cal State Northridge,2016,52859,
38,Cal State Northridge,2016,52860,1994-11-01
38,Cal State Northridge,2016,52864,
38,Cal State Northridge,2016,56890,
38,Cal State Northridge,2016,56891,1992-12-31
38,Cal State Northridge,2016,56892,1994-03-09
38,Cal State Northridge,2016,56893,
38,Cal State Northridge,2016,60929,
309,UC Riverside,2016,43242,
309,UC Riverside,2016,43243,
309,UC Riverside,2016,43247,
309,UC Riverside,2016,47768,
309,UC Riverside,2016,47769,1995-11-21
309,UC Riverside,2016,47772,
309,UC Riverside,2016,47773,
309,UC Riverside,2016,47774,
309,UC Riverside,2016,47775,
309,UC Riverside,2016,47776,
309,UC Riverside,2016,47778,
309,UC Riverside,2016,47779,
309,UC Riverside,2016,47780,
309,UC Riverside,2016,47781,
309,UC Riverside,2016,47782,1993-03-29
307,UC Davis,2016,35891,
307,UC Davis,2016,35892,
307,UC Davis,2016,43418,
307,UC Davis,2016,43420,
307,UC Davis,2016,48626,1995-12-24
307,UC Davis,2016,48628,
307,UC Davis,2016,52017,
307,UC Davis,2016,52018,
307,UC Davis,2016,52019,
307,UC Davis,2016,52020,
307,UC Davis,2016,52021,
307,UC Davis,2016,57219,
307,UC Davis,2016,57220,1992-02-22
307,UC Davis,2016,57221,1994-10-01
307,UC Davis,2016,57222,
108,Hawai'i,2016,42684,
108,Hawai'i,2016,44260,
108,Hawai'i,2016,44262,
108,Hawai'i,2016,44265,
108,Hawai'i,2016,47750,1995-02-14
108,Hawai'i,2016,47752,
108,Hawai'i,2016,52914,1993-11-03
108,Hawai'i,2016,57673,1993-08-04
108,Hawai'i,2016,57674,
108,Hawai'i,2016,57675,1993-02-13
108,Hawai'i,2016,57676,1993-06-15
108,Hawai'i,2016,57677,1993-01-16
108,Hawai'i,2016,57678,
108,Hawai'i,2016,57679,1995-10-04
108,Hawai'i,2016,57680,1994-03-02
321,UNC Wilmington,2016,51935,
321,UNC Wilmington,2016,36155,
321,UNC Wilmington,2016,42646,1996-10-08
321,UNC Wilmington,2016,45766,
321,UNC Wilmington,2016,47855,
321,UNC Wilmington,2016,48051,
321,UNC Wilmington,2016,48052,
321,UNC Wilmington,2016,48053,
321,UNC Wilmington,2016,52004,
321,UNC Wilmington,2016,52006,
321,UNC Wilmington,2016,52007,
321,UNC Wilmington,2016,56292,
321,UNC Wilmington,2016,56293,
321,UNC Wilmington,2016,56294,
321,UNC Wilmington,2016,56295,1992-10-26
129,James Madison,2016,38791,
129,James Madison,2016,46311,
129,James Madison,2016,46312,
129,James Madison,2016,51539,
129,James Madison,2016,51540,
129,James Madison,2016,51541,
129,James Madison,2016,51542,
129,James Madison,2016,51543,
129,James Madison,2016,51544,
129,James Madison,2016,51545,1993-02-13
129,James Madison,2016,56422,1993-07-12
129,James Madison,2016,56423,
129,James Madison,2016,56424,1992-11-24
129,James Madison,2016,56425,
110,Hofstra,2016,36873,
110,Hofstra,2016,44089,1997-10-27
110,Hofstra,2016,46424,
110,Hofstra,2016,46426,
110,Hofstra,2016,47228,
110,Hofstra,2016,51527,1992-11-21
110,Hofstra,2016,51528,
110,Hofstra,2016,51531,
110,Hofstra,2016,56707,1992-05-23
110,Hofstra,2016,56708,1992-02-09
110,Hofstra,2016,56709,1992-02-08
110,Hofstra,2016,56710,
110,Hofstra,2016,56711,1992-07-14
71,Drexel,2016,36921,
71,Drexel,2016,37726,
71,Drexel,2016,46438,
71,Drexel,2016,46439,
71,Drexel,2016,46440,
71,Drexel,2016,46443,1995-03-29
71,Drexel,2016,51686,
71,Drexel,2016,51687,
71,Drexel,2016,51689,
71,Drexel,2016,51691,
71,Drexel,2016,56999,
71,Drexel,2016,57000,1994-09-04
71,Drexel,2016,57001,
71,Drexel,2016,57002,
205,Northeastern,2016,35497,
205,Northeastern,2016,36287,
205,Northeastern,2016,43006,
205,Northeastern,2016,43008,
205,Northeastern,2016,46805,
205,Northeastern,2016,51665,1994-10-26
205,Northeastern,2016,51666,
205,Northeastern,2016,51667,
205,Northeastern,2016,51786,
205,Northeastern,2016,56332,1993-01-20
205,Northeastern,2016,56333,
205,Northeastern,2016,56334,1993-11-24
205,Northeastern,2016,56335,
46,Charleston,2016,35346,1997-02-09
46,Charleston,2016,42156,
46,Charleston,2016,42476,1996-06-07
46,Charleston,2016,42477,
46,Charleston,2016,42480,
46,Charleston,2016,43834,
46,Charleston,2016,46427,
46,Charleston,2016,46428,1995-11-01
46,Charleston,2016,46429,
46,Charleston,2016,47246,1995-07-08
46,Charleston,2016,51765,1994-03-24
46,Charleston,2016,52056,1994-01-07
46,Charleston,2016,56437,1992-06-14
46,Charleston,2016,56438,1993-03-22
46,Charleston,2016,56439,
81,Elon,2016,35581,
81,Elon,2016,43152,
81,Elon,2016,43153,
81,Elon,2016,43155,
81,Elon,2016,45996,1994-09-11
81,Elon,2016,45997,
81,Elon,2016,45998,
81,Elon,2016,45999,
81,Elon,2016,46000,
81,Elon,2016,52217,1994-09-15
81,Elon,2016,52218,1994-02-25
81,Elon,2016,52219,1994-06-08
81,Elon,2016,52220,1994-12-16
81,Elon,2016,57223,1993-08-28
81,Elon,2016,57224,1994-03-27
81,Elon,2016,57225,
81,Elon,2016,57226,1994-07-22
81,Elon,2016,57227,1993-10-29
305,UAB,2016,42280,
305,UAB,2016,42809,
305,UAB,2016,42858,
305,UAB,2016,43939,
305,UAB,2016,47005,1995-01-10
305,UAB,2016,47006,1996-07-27
305,UAB,2016,52228,
305,UAB,2016,52229,1994-01-10
305,UAB,2016,52230,1994-05-30
305,UAB,2016,52232,1994-11-10
305,UAB,2016,52233,1994-08-10
305,UAB,2016,57502,
305,UAB,2016,57503,
305,UAB,2016,60985,
275,Southern Miss,2016,42688,
275,Southern Miss,2016,42689,
275,Southern Miss,2016,42691,
275,Southern Miss,2016,42693,
275,Southern Miss,2016,43257,1995-11-24
275,Southern Miss,2016,48861,
275,Southern Miss,2016,51700,1993-08-03
275,Southern Miss,2016,52242,
275,Southern Miss,2016,52243,
275,Southern Miss,2016,52245,1993-02-24
275,Southern Miss,2016,52246,1994-03-25
275,Southern Miss,2016,57984,1993-05-26
275,Southern Miss,2016,57985,1993-08-01
275,Southern Miss,2016,57986,1993-06-29
275,Southern Miss,2016,35423,
327,UTEP,2016,43215,
327,UTEP,2016,43424,
327,UTEP,2016,43752,
327,UTEP,2016,47433,1993-02-06
327,UTEP,2016,47434,
327,UTEP,2016,47436,1994-12-02
327,UTEP,2016,47505,
327,UTEP,2016,47850,
327,UTEP,2016,53353,1993-07-07
327,UTEP,2016,53355,
327,UTEP,2016,58069,1992-09-03
327,UTEP,2016,58070,
327,UTEP,2016,58071,1992-12-23
327,UTEP,2016,58072,1993-07-27
327,UTEP,2016,58073,
327,UTEP,2016,58074,1994-04-28
327,UTEP,2016,60266,
327,UTEP,2016,42962,
158,Marshall,2016,35173,
158,Marshall,2016,43496,1995-12-20
158,Marshall,2016,43497,
158,Marshall,2016,43499,
158,Marshall,2016,46875,
158,Marshall,2016,47044,1997-03-11
158,Marshall,2016,47045,
158,Marshall,2016,53016,
158,Marshall,2016,53017,1993-09-10
158,Marshall,2016,53018,
158,Marshall,2016,53020,
158,Marshall,2016,53021,
158,Marshall,2016,53022,
158,Marshall,2016,58849,1993-08-12
158,Marshall,2016,58850,1991-01-31
158,Marshall,2016,58851,
149,Louisiana Tech,2016,35783,
149,Louisiana Tech,2016,36950,
149,Louisiana Tech,2016,41979,1995-12-21
149,Louisiana Tech,2016,45625,
149,Louisiana Tech,2016,46234,
149,Louisiana Tech,2016,46705,1993-12-05
149,Louisiana Tech,2016,46785,
149,Louisiana Tech,2016,46786,1995-02-11
149,Louisiana Tech,2016,46788,1993-12-20
149,Louisiana Tech,2016,51294,1993-12-14
149,Louisiana Tech,2016,56674,1996-03-05
149,Louisiana Tech,2016,56675,1993-10-05
149,Louisiana Tech,2016,56676,
149,Louisiana Tech,2016,60986,1993-01-28
241,Rice,2016,34970,
241,Rice,2016,36891,
241,Rice,2016,36976,
241,Rice,2016,42750,
241,Rice,2016,43192,
241,Rice,2016,47074,
241,Rice,2016,47077,
241,Rice,2016,48473,1994-11-05
241,Rice,2016,49444,
241,Rice,2016,53389,
241,Rice,2016,53390,1994-09-22
241,Rice,2016,53391,
241,Rice,2016,53392,
241,Rice,2016,55988,1994-07-29
171,Middle Tennessee,2016,42585,
171,Middle Tennessee,2016,42587,
171,Middle Tennessee,2016,42617,
171,Middle Tennessee,2016,46167,1995-08-08
171,Middle Tennessee,2016,46168,
171,Middle Tennessee,2016,49759,1995-06-14
171,Middle Tennessee,2016,51316,1995-04-07
171,Middle Tennessee,2016,51317,1994-06-12
171,Middle Tennessee,2016,51318,
171,Middle Tennessee,2016,51319,
171,Middle Tennessee,2016,51320,1994-06-16
171,Middle Tennessee,2016,58584,1994-01-25
171,Middle Tennessee,2016,58585,1993-06-07
171,Middle Tennessee,2016,58586,1992-02-02
171,Middle Tennessee,2016,58587,1996-07-10
171,Middle Tennessee,2016,59673,
171,Middle Tennessee,2016,59674,
350,Western Kentucky,2016,37233,
350,Western Kentucky,2016,44074,
350,Western Kentucky,2016,47147,
350,Western Kentucky,2016,53300,1995-06-12
350,Western Kentucky,2016,53304,
350,Western Kentucky,2016,53307,1995-10-08
350,Western Kentucky,2016,53500,1993-07-29
350,Western Kentucky,2016,57976,1992-05-20
350,Western Kentucky,2016,57977,
350,Western Kentucky,2016,57978,
350,Western Kentucky,2016,57979,1992-07-31
350,Western Kentucky,2016,57980,1992-09-05
350,Western Kentucky,2016,57981,
350,Western Kentucky,2016,57982,
350,Western Kentucky,2016,57983,
204,North Texas,2016,52269,1993-03-09
204,North Texas,2016,35679,
204,North Texas,2016,42390,
204,North Texas,2016,43313,
204,North Texas,2016,46315,
204,North Texas,2016,51882,
204,North Texas,2016,52264,
204,North Texas,2016,52265,
204,North Texas,2016,52266,
204,North Texas,2016,52267,
204,North Texas,2016,52268,
204,North Texas,2016,52503,
204,North Texas,2016,57212,
204,North Texas,2016,57213,1992-09-11
204,North Texas,2016,57214,1994-01-14
219,Old Dominion,2016,42179,1996-09-12
219,Old Dominion,2016,35856,
219,Old Dominion,2016,42235,1994-11-07
219,Old Dominion,2016,43033,
219,Old Dominion,2016,46419,
219,Old Dominion,2016,51548,
219,Old Dominion,2016,51549,
219,Old Dominion,2016,52005,1993-06-28
219,Old Dominion,2016,56625,1993-12-26
219,Old Dominion,2016,56626,1992-10-12
219,Old Dominion,2016,56627,1993-02-01
219,Old Dominion,2016,56628,
219,Old Dominion,2016,56629,
219,Old Dominion,2016,46416,1994-11-17
89,Florida International,2016,35302,
89,Florida International,2016,42470,
89,Florida International,2016,43052,
89,Florida International,2016,43553,
89,Florida International,2016,51558,
89,Florida International,2016,51559,
89,Florida International,2016,51561,
89,Florida International,2016,51562,1991-12-09
89,Florida International,2016,56274,
89,Florida International,2016,56275,1993-07-11
89,Florida International,2016,56276,1994-01-09
89,Florida International,2016,56277,
89,Florida International,2016,56278,
89,Florida International,2016,56279,
89,Florida International,2016,56280,
89,Florida International,2016,56281,
89,Florida International,2016,56282,
89,Florida International,2016,56283,
89,Florida International,2016,56284,
86,Florida Atlantic,2016,35978,1996-10-30
86,Florida Atlantic,2016,36733,
86,Florida Atlantic,2016,46634,
86,Florida Atlantic,2016,47241,
86,Florida Atlantic,2016,52877,1993-07-11
86,Florida Atlantic,2016,52879,
86,Florida Atlantic,2016,52880,
86,Florida Atlantic,2016,55976,
86,Florida Atlantic,2016,55977,
86,Florida Atlantic,2016,55978,
86,Florida Atlantic,2016,55979,
86,Florida Atlantic,2016,55980,
86,Florida Atlantic,2016,55981,
86,Florida Atlantic,2016,55982,1994-09-28
328,UTSA,2016,43650,
328,UTSA,2016,45985,1995-11-27
328,UTSA,2016,47522,
328,UTSA,2016,48328,
328,UTSA,2016,48330,
328,UTSA,2016,48333,
328,UTSA,2016,49584,
328,UTSA,2016,52816,
328,UTSA,2016,52817,1993-12-22
328,UTSA,2016,52818,
328,UTSA,2016,52819,
328,UTSA,2016,52820,
328,UTSA,2016,52822,
328,UTSA,2016,53119,1993-07-18
328,UTSA,2016,56851,
328,UTSA,2016,56852,
328,UTSA,2016,56853,1991-11-10
69,Detroit Mercy,2016,42267,
69,Detroit Mercy,2016,42268,
69,Detroit Mercy,2016,46330,
69,Detroit Mercy,2016,51634,1994-03-11
69,Detroit Mercy,2016,51635,
69,Detroit Mercy,2016,51636,
69,Detroit Mercy,2016,51637,
69,Detroit Mercy,2016,51638,
69,Detroit Mercy,2016,58285,
69,Detroit Mercy,2016,58286,
69,Detroit Mercy,2016,58287,1992-06-07
69,Detroit Mercy,2016,58288,1995-08-29
69,Detroit Mercy,2016,58998,1991-10-30
357,Wright State,2016,43492,
357,Wright State,2016,43493,
357,Wright State,2016,43495,
357,Wright State,2016,47128,
357,Wright State,2016,47129,
357,Wright State,2016,47132,1996-03-02
357,Wright State,2016,47333,1995-02-27
357,Wright State,2016,50304,
357,Wright State,2016,52315,1993-09-12
357,Wright State,2016,56200,1993-11-24
357,Wright State,2016,56201,
357,Wright State,2016,56202,
357,Wright State,2016,56203,
357,Wright State,2016,56204,
357,Wright State,2016,56205,1993-09-01
357,Wright State,2016,56206,1992-09-01
105,Green Bay,2016,44727,
105,Green Bay,2016,46099,
105,Green Bay,2016,48667,
105,Green Bay,2016,48668,
105,Green Bay,2016,53048,
105,Green Bay,2016,53049,
105,Green Bay,2016,53050,
105,Green Bay,2016,53052,
105,Green Bay,2016,53053,
105,Green Bay,2016,53054,
105,Green Bay,2016,57424,
105,Green Bay,2016,57425,
105,Green Bay,2016,57426,
172,Milwaukee,2016,36714,
172,Milwaukee,2016,43096,
172,Milwaukee,2016,46653,
172,Milwaukee,2016,46995,
172,Milwaukee,2016,46996,
172,Milwaukee,2016,46997,
172,Milwaukee,2016,46999,
172,Milwaukee,2016,48195,
172,Milwaukee,2016,52046,1993-08-12
172,Milwaukee,2016,52127,1994-07-29
172,Milwaukee,2016,52129,
172,Milwaukee,2016,52130,
172,Milwaukee,2016,52484,1994-03-10
172,Milwaukee,2016,56660,1992-12-19
172,Milwaukee,2016,56661,1993-01-25
172,Milwaukee,2016,56662,1992-10-19
172,Milwaukee,2016,56663,1995-06-13
172,Milwaukee,2016,58034,
172,Milwaukee,2016,58035,
172,Milwaukee,2016,58036,
172,Milwaukee,2016,58037,
172,Milwaukee,2016,58038,
172,Milwaukee,2016,58039,
172,Milwaukee,2016,58040,
172,Milwaukee,2016,58041,
172,Milwaukee,2016,58042,
172,Milwaukee,2016,58043,
172,Milwaukee,2016,58044,
172,Milwaukee,2016,58045,
172,Milwaukee,2016,58046,
172,Milwaukee,2016,58047,
53,Cleveland State,2016,33392,
53,Cleveland State,2016,37673,1997-01-20
53,Cleveland State,2016,37719,
53,Cleveland State,2016,48068,1995-02-15
53,Cleveland State,2016,48069,
53,Cleveland State,2016,48070,
53,Cleveland State,2016,48074,
53,Cleveland State,2016,51453,1993-07-19
53,Cleveland State,2016,53232,
53,Cleveland State,2016,53233,
53,Cleveland State,2016,53234,
53,Cleveland State,2016,53236,1995-02-05
53,Cleveland State,2016,58075,1992-09-25
53,Cleveland State,2016,58076,1994-01-08
53,Cleveland State,2016,58077,
53,Cleveland State,2016,58078,
53,Cleveland State,2016,58079,1994-07-23
315,UIC,2016,33849,
315,UIC,2016,41290,
315,UIC,2016,42500,
315,UIC,2016,42777,
315,UIC,2016,46965,1995-09-21
315,UIC,2016,46966,1996-09-06
315,UIC,2016,52977,1994-12-23
315,UIC,2016,52978,
315,UIC,2016,56979,1992-11-26
315,UIC,2016,56980,
315,UIC,2016,56981,
315,UIC,2016,56982,
315,UIC,2016,56983,1994-10-22
315,UIC,2016,56984,1993-12-19
315,UIC,2016,56985,
315,UIC,2016,60754,
315,UIC,2016,60755,
315,UIC,2016,60756,
315,UIC,2016,60757,
315,UIC,2016,60758,
315,UIC,2016,60759,
315,UIC,2016,60760,
315,UIC,2016,60761,
315,UIC,2016,60762,
315,UIC,2016,60763,1994-05-10
315,UIC,2016,60764,
315,UIC,2016,60765,
315,UIC,2016,60766,
315,UIC,2016,60767,
315,UIC,2016,60768,
361,Youngstown State,2016,35151,
361,Youngstown State,2016,36566,
361,Youngstown State,2016,39743,
361,Youngstown State,2016,43043,
361,Youngstown State,2016,48181,
361,Youngstown State,2016,48182,
361,Youngstown State,2016,48186,
361,Youngstown State,2016,53321,1993-12-29
361,Youngstown State,2016,53322,
361,Youngstown State,2016,53324,
361,Youngstown State,2016,53325,
361,Youngstown State,2016,53326,1994-05-28
361,Youngstown State,2016,53328,
335,Valparaiso,2016,36744,
335,Valparaiso,2016,41916,
335,Valparaiso,2016,47125,
335,Valparaiso,2016,47126,
335,Valparaiso,2016,47644,1995-05-23
335,Valparaiso,2016,52417,1995-04-13
335,Valparaiso,2016,52418,1994-12-30
335,Valparaiso,2016,52419,1994-07-22
335,Valparaiso,2016,52420,
335,Valparaiso,2016,52423,1994-06-22
335,Valparaiso,2016,57147,1992-01-16
335,Valparaiso,2016,57148,
335,Valparaiso,2016,57149,1994-04-26
335,Valparaiso,2016,57150,1992-10-27
214,Oakland,2016,51755,1993-03-16
214,Oakland,2016,43636,
214,Oakland,2016,35174,
214,Oakland,2016,35175,
214,Oakland,2016,36694,
214,Oakland,2016,46543,1995-04-02
214,Oakland,2016,46547,
214,Oakland,2016,46548,
214,Oakland,2016,46549,
214,Oakland,2016,51757,
214,Oakland,2016,58701,1992-11-29
214,Oakland,2016,58702,1995-03-29
214,Oakland,2016,58703,
210,Northern Kentucky,2016,42051,
210,Northern Kentucky,2016,46561,
210,Northern Kentucky,2016,46562,
210,Northern Kentucky,2016,46563,
210,Northern Kentucky,2016,51478,
210,Northern Kentucky,2016,51481,1995-03-12
210,Northern Kentucky,2016,51482,1994-10-03
210,Northern Kentucky,2016,56574,1992-12-21
210,Northern Kentucky,2016,56575,1993-11-27
210,Northern Kentucky,2016,56576,1995-07-13
210,Northern Kentucky,2016,56577,1993-04-01
210,Northern Kentucky,2016,56578,
210,Northern Kentucky,2016,56579,1994-04-19
210,Northern Kentucky,2016,56580,1993-09-17
210,Northern Kentucky,2016,56581,1993-08-17
234,Princeton,2016,35044,
234,Princeton,2016,35045,
234,Princeton,2016,35046,
234,Princeton,2016,44019,1996-05-21
234,Princeton,2016,47524,1993-09-15
234,Princeton,2016,47704,
234,Princeton,2016,48454,
234,Princeton,2016,48455,
234,Princeton,2016,48456,
234,Princeton,2016,48457,
234,Princeton,2016,53624,
234,Princeton,2016,53625,
234,Princeton,2016,53626,
234,Princeton,2016,53627,
234,Princeton,2016,53628,
234,Princeton,2016,54601,
234,Princeton,2016,56261,1993-11-02
227,Pennsylvania,2016,42359,
227,Pennsylvania,2016,35092,
227,Pennsylvania,2016,35379,
227,Pennsylvania,2016,41654,
227,Pennsylvania,2016,42358,
227,Pennsylvania,2016,42749,
227,Pennsylvania,2016,44090,
227,Pennsylvania,2016,47835,
227,Pennsylvania,2016,51196,
227,Pennsylvania,2016,51589,
227,Pennsylvania,2016,51590,
227,Pennsylvania,2016,56181,
227,Pennsylvania,2016,56182,
227,Pennsylvania,2016,56183,
227,Pennsylvania,2016,56184,
227,Pennsylvania,2016,60969,
227,Pennsylvania,2016,60970,
227,Pennsylvania,2016,47832,
227,Pennsylvania,2016,41655,
227,Pennsylvania,2016,47833,
360,Yale,2016,43321,
360,Yale,2016,44253,
360,Yale,2016,44255,1996-07-25
360,Yale,2016,44256,
360,Yale,2016,44257,
360,Yale,2016,47516,
360,Yale,2016,53504,
360,Yale,2016,53505,
360,Yale,2016,53506,
360,Yale,2016,53507,
360,Yale,2016,54118,
360,Yale,2016,56118,
360,Yale,2016,56119,
360,Yale,2016,56120,
360,Yale,2016,56121,
360,Yale,2016,56122,
360,Yale,2016,56123,
360,Yale,2016,56124,
58,Columbia,2016,36664,
58,Columbia,2016,43170,1996-03-30
58,Columbia,2016,44333,
58,Columbia,2016,44334,
58,Columbia,2016,44335,
58,Columbia,2016,46035,
58,Columbia,2016,46036,
58,Columbia,2016,46038,
58,Columbia,2016,51599,1995-08-17
58,Columbia,2016,51600,1995-02-15
58,Columbia,2016,51601,
58,Columbia,2016,51602,1994-06-05
58,Columbia,2016,51603,
58,Columbia,2016,51604,1994-02-04
58,Columbia,2016,52939,
58,Columbia,2016,56083,1991-09-20
58,Columbia,2016,56084,
58,Columbia,2016,56085,1992-12-31
60,Cornell,2016,36707,
60,Cornell,2016,42861,
60,Cornell,2016,42922,1997-11-07
60,Cornell,2016,42923,
60,Cornell,2016,42925,
60,Cornell,2016,42926,
60,Cornell,2016,46622,
60,Cornell,2016,46736,
60,Cornell,2016,46737,
60,Cornell,2016,46738,
60,Cornell,2016,50289,
60,Cornell,2016,52008,
60,Cornell,2016,52009,
60,Cornell,2016,52010,
60,Cornell,2016,52011,
60,Cornell,2016,52012,
60,Cornell,2016,52013,
60,Cornell,2016,52014,
60,Cornell,2016,57258,
62,Dartmouth,2016,35268,
62,Dartmouth,2016,36718,
62,Dartmouth,2016,47021,1994-05-05
62,Dartmouth,2016,47857,
62,Dartmouth,2016,47858,
62,Dartmouth,2016,47859,
62,Dartmouth,2016,51282,1995-02-19
62,Dartmouth,2016,51283,1994-10-08
62,Dartmouth,2016,51284,1993-12-09
62,Dartmouth,2016,51286,1994-03-07
62,Dartmouth,2016,56447,1994-03-22
62,Dartmouth,2016,56448,
62,Dartmouth,2016,56449,1993-11-02
62,Dartmouth,2016,56450,1994-01-10
62,Dartmouth,2016,56451,1992-09-04
62,Dartmouth,2016,56452,1993-01-02
62,Dartmouth,2016,56453,1995-03-22
62,Dartmouth,2016,56454,
107,Harvard,2016,35973,
107,Harvard,2016,42192,
107,Harvard,2016,42193,
107,Harvard,2016,42194,
107,Harvard,2016,42195,
107,Harvard,2016,42196,
107,Harvard,2016,46406,
107,Harvard,2016,46407,
107,Harvard,2016,46408,
107,Harvard,2016,46864,
107,Harvard,2016,52982,
107,Harvard,2016,52983,
107,Harvard,2016,52984,
107,Harvard,2016,52985,
107,Harvard,2016,56768,
107,Harvard,2016,56769,
107,Harvard,2016,56770,
30,Brown,2016,44079,
30,Brown,2016,44080,
30,Brown,2016,44081,
30,Brown,2016,46628,
30,Brown,2016,47914,
30,Brown,2016,47915,
30,Brown,2016,51810,
30,Brown,2016,51811,
30,Brown,2016,51812,
30,Brown,2016,51814,
30,Brown,2016,51815,
30,Brown,2016,51816,
30,Brown,2016,57265,
30,Brown,2016,57266,
30,Brown,2016,57267,1991-09-29
30,Brown,2016,47245,
123,Iona,2016,36717,
123,Iona,2016,42310,
123,Iona,2016,44153,
123,Iona,2016,46466,1994-01-26
123,Iona,2016,52918,
123,Iona,2016,53742,
123,Iona,2016,53746,1992-11-18
123,Iona,2016,58119,1993-12-01
123,Iona,2016,58120,
123,Iona,2016,58121,1992-07-10
123,Iona,2016,58122,
123,Iona,2016,58123,
123,Iona,2016,58124,
123,Iona,2016,58125,
123,Iona,2016,58126,
123,Iona,2016,60866,
254,Saint Peter's,2016,36378,
254,Saint Peter's,2016,38307,
254,Saint Peter's,2016,43583,
254,Saint Peter's,2016,43586,1996-06-24
254,Saint Peter's,2016,47916,1993-11-18
254,Saint Peter's,2016,47917,1995-02-27
254,Saint Peter's,2016,53541,1995-04-30
254,Saint Peter's,2016,53542,1995-04-25
254,Saint Peter's,2016,53543,
254,Saint Peter's,2016,53544,1993-01-30
254,Saint Peter's,2016,57268,
254,Saint Peter's,2016,57269,
254,Saint Peter's,2016,57270,
254,Saint Peter's,2016,57271,
254,Saint Peter's,2016,57272,
254,Saint Peter's,2016,57273,2003-12-08
254,Saint Peter's,2016,58852,
254,Saint Peter's,2016,59435,
254,Saint Peter's,2016,59436,
83,Fairfield,2016,34864,
83,Fairfield,2016,37071,
83,Fairfield,2016,41934,1996-04-24
83,Fairfield,2016,41935,
83,Fairfield,2016,41936,
83,Fairfield,2016,42002,
83,Fairfield,2016,47836,
83,Fairfield,2016,47837,1995-08-09
83,Fairfield,2016,47840,
83,Fairfield,2016,51716,1994-03-25
83,Fairfield,2016,51717,
83,Fairfield,2016,51719,
83,Fairfield,2016,56113,
83,Fairfield,2016,56114,
83,Fairfield,2016,56115,
83,Fairfield,2016,56116,1992-01-27
83,Fairfield,2016,56117,
155,Manhattan,2016,43159,
155,Manhattan,2016,43160,
155,Manhattan,2016,43161,
155,Manhattan,2016,48761,
155,Manhattan,2016,48762,1994-09-22
155,Manhattan,2016,48764,
155,Manhattan,2016,48766,1994-08-08
155,Manhattan,2016,48767,
155,Manhattan,2016,51706,1995-12-03
155,Manhattan,2016,58414,1994-03-05
155,Manhattan,2016,58415,1995-03-15
155,Manhattan,2016,58416,
155,Manhattan,2016,58417,
155,Manhattan,2016,58419,1991-04-05
155,Manhattan,2016,60287,
155,Manhattan,2016,60890,1992-01-27
155,Manhattan,2016,60891,1992-05-16
155,Manhattan,2016,60892,1993-03-30
155,Manhattan,2016,60955,
155,Manhattan,2016,60956,
264,Siena,2016,35501,
264,Siena,2016,42001,
264,Siena,2016,42004,
264,Siena,2016,42808,
264,Siena,2016,43409,
264,Siena,2016,44091,
264,Siena,2016,46957,
264,Siena,2016,53393,
264,Siena,2016,53394,
264,Siena,2016,53395,
264,Siena,2016,53396,
264,Siena,2016,53397,
264,Siena,2016,53399,
264,Siena,2016,56535,
264,Siena,2016,56536,
264,Siena,2016,56537,
264,Siena,2016,56538,
264,Siena,2016,56539,
264,Siena,2016,56540,
264,Siena,2016,60958,
264,Siena,2016,60959,
264,Siena,2016,60963,
264,Siena,2016,60971,
194,Niagara,2016,42683,
194,Niagara,2016,44496,
194,Niagara,2016,44497,
194,Niagara,2016,44499,
194,Niagara,2016,47105,
194,Niagara,2016,47106,
194,Niagara,2016,47758,
194,Niagara,2016,50335,
194,Niagara,2016,51653,
194,Niagara,2016,52365,1994-01-19
194,Niagara,2016,56620,
194,Niagara,2016,56621,1994-06-24
194,Niagara,2016,56622,
194,Niagara,2016,56623,
194,Niagara,2016,56624,
42,Canisius,2016,44145,
42,Canisius,2016,46695,
42,Canisius,2016,47527,1994-04-20
42,Canisius,2016,47841,1994-04-08
42,Canisius,2016,53493,1994-01-03
42,Canisius,2016,53494,
42,Canisius,2016,53496,
42,Canisius,2016,53497,
42,Canisius,2016,56701,1993-05-10
42,Canisius,2016,56702,
42,Canisius,2016,56703,
42,Canisius,2016,56704,1995-04-19
42,Canisius,2016,56705,
42,Canisius,2016,56706,
243,Rider,2016,37742,1996-07-12
243,Rider,2016,41971,
243,Rider,2016,47033,
243,Rider,2016,51698,
243,Rider,2016,51699,
243,Rider,2016,51701,
243,Rider,2016,56262,1992-11-12
243,Rider,2016,56263,1992-11-08
243,Rider,2016,56264,
243,Rider,2016,56265,1992-10-05
243,Rider,2016,56266,1993-06-16
243,Rider,2016,56267,
243,Rider,2016,56268,
156,Marist,2016,33929,
156,Marist,2016,42396,
156,Marist,2016,42397,
156,Marist,2016,42398,
156,Marist,2016,42400,
156,Marist,2016,43200,
156,Marist,2016,48064,
156,Marist,2016,48066,
156,Marist,2016,51891,
156,Marist,2016,51892,
156,Marist,2016,51893,
156,Marist,2016,54992,
156,Marist,2016,54993,
156,Marist,2016,54994,
156,Marist,2016,56301,
238,Quinnipiac,2016,35306,
238,Quinnipiac,2016,35309,
238,Quinnipiac,2016,44048,
238,Quinnipiac,2016,44267,
238,Quinnipiac,2016,47860,
238,Quinnipiac,2016,47861,1994-07-20
238,Quinnipiac,2016,47864,
238,Quinnipiac,2016,52040,
238,Quinnipiac,2016,53061,
238,Quinnipiac,2016,53063,
238,Quinnipiac,2016,56185,
238,Quinnipiac,2016,56186,
238,Quinnipiac,2016,56187,1992-09-16
238,Quinnipiac,2016,56188,1992-06-06
238,Quinnipiac,2016,59841,
238,Quinnipiac,2016,60704,
178,Monmouth,2016,35310,
178,Monmouth,2016,35312,
178,Monmouth,2016,35432,
178,Monmouth,2016,43149,
178,Monmouth,2016,47350,
178,Monmouth,2016,47351,1995-03-23
178,Monmouth,2016,47352,
178,Monmouth,2016,47353,
178,Monmouth,2016,51692,1995-09-15
178,Monmouth,2016,51693,1995-04-12
178,Monmouth,2016,51694,1995-11-12
178,Monmouth,2016,51695,1994-05-01
178,Monmouth,2016,51696,1993-12-20
178,Monmouth,2016,51697,1994-08-07
178,Monmouth,2016,57659,1993-01-04
178,Monmouth,2016,57660,
178,Monmouth,2016,57661,
215,Ohio,2016,35629,
215,Ohio,2016,43533,
215,Ohio,2016,43535,
215,Ohio,2016,43537,
215,Ohio,2016,47876,
215,Ohio,2016,47880,
215,Ohio,2016,47881,
215,Ohio,2016,47882,
215,Ohio,2016,47977,1993-12-19
215,Ohio,2016,47980,1995-03-29
215,Ohio,2016,48114,1995-04-08
215,Ohio,2016,53093,1994-12-24
215,Ohio,2016,53094,1993-07-13
215,Ohio,2016,53096,1995-08-05
215,Ohio,2016,57748,1992-07-26
300,Toledo,2016,35876,
300,Toledo,2016,42466,
300,Toledo,2016,43165,
300,Toledo,2016,44020,
300,Toledo,2016,44021,1997-02-22
300,Toledo,2016,48086,
300,Toledo,2016,51074,1993-02-15
300,Toledo,2016,51075,1994-08-26
300,Toledo,2016,51077,1994-02-22
300,Toledo,2016,51078,1995-02-25
300,Toledo,2016,53249,
300,Toledo,2016,57785,1994-02-03
300,Toledo,2016,57786,
167,Miami (OH),2016,42535,
167,Miami (OH),2016,44338,
167,Miami (OH),2016,46496,
167,Miami (OH),2016,46497,
167,Miami (OH),2016,51361,
167,Miami (OH),2016,51362,
167,Miami (OH),2016,51363,1993-10-09
167,Miami (OH),2016,56379,
167,Miami (OH),2016,56380,
167,Miami (OH),2016,56381,1993-06-23
167,Miami (OH),2016,56382,
167,Miami (OH),2016,56383,1994-01-11
167,Miami (OH),2016,56384,1993-01-25
167,Miami (OH),2016,56385,
167,Miami (OH),2016,56386,
167,Miami (OH),2016,56387,
134,Kent State,2016,36375,
134,Kent State,2016,36648,
134,Kent State,2016,37722,
134,Kent State,2016,44326,
134,Kent State,2016,44332,
134,Kent State,2016,48190,1993-10-12
134,Kent State,2016,52333,1991-07-26
134,Kent State,2016,53227,1994-04-02
134,Kent State,2016,53228,1992-10-09
134,Kent State,2016,53231,1994-05-16
134,Kent State,2016,53330,
134,Kent State,2016,57896,1993-04-02
134,Kent State,2016,57897,1994-05-27
134,Kent State,2016,57898,
134,Kent State,2016,57899,1991-12-20
353,William & Mary,2016,35552,
353,William & Mary,2016,43184,1995-08-21
353,William & Mary,2016,43594,
353,William & Mary,2016,47019,1995-04-06
353,William & Mary,2016,47020,1995-03-28
353,William & Mary,2016,47022,
353,William & Mary,2016,47026,
353,William & Mary,2016,53085,
353,William & Mary,2016,53086,
353,William & Mary,2016,53087,1994-02-13
353,William & Mary,2016,53088,
353,William & Mary,2016,56995,
353,William & Mary,2016,56996,
28,Bowling Green,2016,33856,
28,Bowling Green,2016,42146,1997-08-10
28,Bowling Green,2016,42147,
28,Bowling Green,2016,46437,1996-07-08
28,Bowling Green,2016,51751,
28,Bowling Green,2016,51752,1994-10-12
28,Bowling Green,2016,51753,1996-07-09
28,Bowling Green,2016,51754,
28,Bowling Green,2016,57767,1993-03-15
28,Bowling Green,2016,57768,1991-12-09
28,Bowling Green,2016,57769,1994-10-04
28,Bowling Green,2016,57770,1993-05-03
28,Bowling Green,2016,57771,1993-12-29
28,Bowling Green,2016,57772,1993-08-19
351,Western Michigan,2016,34933,
351,Western Michigan,2016,42276,
351,Western Michigan,2016,42277,
351,Western Michigan,2016,47867,1995-05-14
351,Western Michigan,2016,47868,
351,Western Michigan,2016,51735,1994-10-30
351,Western Michigan,2016,51737,
351,Western Michigan,2016,51739,
351,Western Michigan,2016,51887,1993-12-28
351,Western Michigan,2016,52464,1993-06-15
351,Western Michigan,2016,58055,1994-07-07
351,Western Michigan,2016,58056,1994-03-23
351,Western Michigan,2016,58057,1993-07-07
351,Western Michigan,2016,58058,
19,Ball State,2016,35238,
19,Ball State,2016,35239,
19,Ball State,2016,42393,
19,Ball State,2016,42394,
19,Ball State,2016,46506,1995-04-09
19,Ball State,2016,46507,
19,Ball State,2016,46508,1995-09-06
19,Ball State,2016,52366,1994-09-19
19,Ball State,2016,52368,1995-09-25
19,Ball State,2016,52369,1993-06-01
19,Ball State,2016,57069,
19,Ball State,2016,57070,1993-01-22
19,Ball State,2016,57071,1992-05-18
19,Ball State,2016,57072,1993-04-08
19,Ball State,2016,57073,1993-06-04
19,Ball State,2016,57074,1993-12-22
79,Eastern Michigan,2016,41956,
79,Eastern Michigan,2016,41957,
79,Eastern Michigan,2016,44026,
79,Eastern Michigan,2016,46155,1995-09-03
79,Eastern Michigan,2016,47162,
79,Eastern Michigan,2016,48008,1994-08-01
79,Eastern Michigan,2016,51901,1994-11-27
79,Eastern Michigan,2016,51902,1993-02-08
79,Eastern Michigan,2016,51903,
79,Eastern Michigan,2016,51904,
79,Eastern Michigan,2016,52465,
79,Eastern Michigan,2016,53772,1995-10-30
79,Eastern Michigan,2016,56089,
79,Eastern Michigan,2016,56090,
79,Eastern Michigan,2016,56091,
79,Eastern Michigan,2016,56092,
79,Eastern Michigan,2016,56093,1993-07-19
45,Central Michigan,2016,35224,
45,Central Michigan,2016,36189,
45,Central Michigan,2016,37200,1997-06-25
45,Central Michigan,2016,46271,
45,Central Michigan,2016,46272,
45,Central Michigan,2016,46274,
45,Central Michigan,2016,46277,
45,Central Michigan,2016,50305,
45,Central Michigan,2016,51746,
45,Central Michigan,2016,51748,
45,Central Michigan,2016,51749,
45,Central Michigan,2016,51750,
45,Central Michigan,2016,56137,
45,Central Michigan,2016,56138,
45,Central Michigan,2016,56139,
45,Central Michigan,2016,56140,
45,Central Michigan,2016,56141,
45,Central Michigan,2016,60317,
3,Akron,2016,34617,
3,Akron,2016,36252,
3,Akron,2016,36665,
3,Akron,2016,37169,
3,Akron,2016,42437,1996-03-29
3,Akron,2016,44354,
3,Akron,2016,48076,
3,Akron,2016,48164,
3,Akron,2016,48441,1994-10-26
3,Akron,2016,53316,1995-08-21
3,Akron,2016,53317,1994-11-07
3,Akron,2016,53318,
3,Akron,2016,53319,
3,Akron,2016,58080,1993-09-03
3,Akron,2016,58081,1993-07-06
3,Akron,2016,58082,1993-08-31
33,Buffalo,2016,26463,
33,Buffalo,2016,41952,1997-04-14
33,Buffalo,2016,41953,1996-10-15
33,Buffalo,2016,43442,
33,Buffalo,2016,44276,
33,Buffalo,2016,52356,
33,Buffalo,2016,52357,1994-10-26
33,Buffalo,2016,52359,
33,Buffalo,2016,52360,
33,Buffalo,2016,52361,
33,Buffalo,2016,52363,
33,Buffalo,2016,54693,
33,Buffalo,2016,57333,1993-04-16
33,Buffalo,2016,57334,
33,Buffalo,2016,57335,
33,Buffalo,2016,60931,
267,South Carolina State,2016,34888,
267,South Carolina State,2016,46670,
267,South Carolina State,2016,47583,
267,South Carolina State,2016,52367,
267,South Carolina State,2016,52736,
267,South Carolina State,2016,52737,
267,South Carolina State,2016,52738,
267,South Carolina State,2016,52740,
267,South Carolina State,2016,56431,1992-03-12
267,South Carolina State,2016,56432,1993-02-27
267,South Carolina State,2016,56433,
267,South Carolina State,2016,56434,
267,South Carolina State,2016,56435,
267,South Carolina State,2016,56436,
198,North Carolina A&T,2016,37342,
198,North Carolina A&T,2016,42621,
198,North Carolina A&T,2016,46730,1995-02-20
198,North Carolina A&T,2016,46925,
198,North Carolina A&T,2016,46926,1995-05-05
198,North Carolina A&T,2016,51449,
198,North Carolina A&T,2016,51450,
198,North Carolina A&T,2016,51451,1995-08-26
198,North Carolina A&T,2016,51454,
198,North Carolina A&T,2016,56606,1994-10-29
198,North Carolina A&T,2016,56607,1992-03-30
198,North Carolina A&T,2016,56608,1991-10-09
198,North Carolina A&T,2016,56609,1995-09-26
198,North Carolina A&T,2016,56610,
198,North Carolina A&T,2016,56611,
198,North Carolina A&T,2016,56612,
198,North Carolina A&T,2016,56613,1993-09-03
198,North Carolina A&T,2016,56614,
198,North Carolina A&T,2016,56615,
114,Howard,2016,41835,
114,Howard,2016,43485,
114,Howard,2016,43486,
114,Howard,2016,46857,
114,Howard,2016,47144,
114,Howard,2016,52705,
114,Howard,2016,52706,
114,Howard,2016,52707,
114,Howard,2016,52708,
114,Howard,2016,52709,
114,Howard,2016,52710,
114,Howard,2016,52711,
114,Howard,2016,52712,
114,Howard,2016,57693,
114,Howard,2016,57694,
114,Howard,2016,57695,
114,Howard,2016,57696,
114,Howard,2016,60982,
114,Howard,2016,60983,
114,Howard,2016,60984,1992-10-19
67,Delaware State,2016,11565,
67,Delaware State,2016,35665,
67,Delaware State,2016,42680,
67,Delaware State,2016,46747,
67,Delaware State,2016,46750,
67,Delaware State,2016,46753,
67,Delaware State,2016,46756,
67,Delaware State,2016,52099,
67,Delaware State,2016,52100,1994-12-19
67,Delaware State,2016,52101,1993-02-12
67,Delaware State,2016,52102,1993-03-04
67,Delaware State,2016,52103,
67,Delaware State,2016,52106,
67,Delaware State,2016,56933,
67,Delaware State,2016,56934,1993-02-22
67,Delaware State,2016,56935,1991-09-28
67,Delaware State,2016,56936,1992-12-05
67,Delaware State,2016,56937,1992-07-28
67,Delaware State,2016,56938,1993-12-30
59,Coppin State,2016,43065,
59,Coppin State,2016,47759,
59,Coppin State,2016,51519,
59,Coppin State,2016,51521,
59,Coppin State,2016,51522,
59,Coppin State,2016,51523,
59,Coppin State,2016,51524,
59,Coppin State,2016,53608,1993-08-19
59,Coppin State,2016,56248,1994-06-15
59,Coppin State,2016,56249,
59,Coppin State,2016,56250,
59,Coppin State,2016,56251,
59,Coppin State,2016,56252,
182,Morgan State,2016,41857,
182,Morgan State,2016,41858,
182,Morgan State,2016,41860,
182,Morgan State,2016,46454,
182,Morgan State,2016,52374,
182,Morgan State,2016,52376,
182,Morgan State,2016,54907,
182,Morgan State,2016,54908,
182,Morgan State,2016,54909,
182,Morgan State,2016,54910,
182,Morgan State,2016,54911,
182,Morgan State,2016,54912,
182,Morgan State,2016,54913,
182,Morgan State,2016,54914,
182,Morgan State,2016,55937,
182,Morgan State,2016,55938,1995-02-23
196,Norfolk State,2016,34620,
196,Norfolk State,2016,42052,
196,Norfolk State,2016,43195,
196,Norfolk State,2016,43198,
196,Norfolk State,2016,47279,
196,Norfolk State,2016,47280,
196,Norfolk State,2016,52501,
196,Norfolk State,2016,52504,1993-10-21
196,Norfolk State,2016,57885,1992-02-21
196,Norfolk State,2016,57886,
196,Norfolk State,2016,57887,
196,Norfolk State,2016,57888,
196,Norfolk State,2016,57889,1992-08-09
196,Norfolk State,2016,57890,
23,Bethune-Cookman,2016,36605,
23,Bethune-Cookman,2016,37689,
23,Bethune-Cookman,2016,52534,
23,Bethune-Cookman,2016,52586,
23,Bethune-Cookman,2016,52588,
23,Bethune-Cookman,2016,52590,
23,Bethune-Cookman,2016,52591,1994-05-15
23,Bethune-Cookman,2016,52781,1993-12-20
23,Bethune-Cookman,2016,56871,
23,Bethune-Cookman,2016,56872,1992-08-22
23,Bethune-Cookman,2016,56873,1993-02-17
23,Bethune-Cookman,2016,56874,
23,Bethune-Cookman,2016,56875,
23,Bethune-Cookman,2016,58290,
159,Maryland Eastern Shore,2016,35529,
159,Maryland Eastern Shore,2016,43175,
159,Maryland Eastern Shore,2016,43176,
159,Maryland Eastern Shore,2016,43178,
159,Maryland Eastern Shore,2016,50760,
159,Maryland Eastern Shore,2016,51639,
159,Maryland Eastern Shore,2016,51640,
159,Maryland Eastern Shore,2016,51641,
159,Maryland Eastern Shore,2016,51644,
159,Maryland Eastern Shore,2016,56939,
159,Maryland Eastern Shore,2016,56940,
159,Maryland Eastern Shore,2016,56941,1993-12-25
159,Maryland Eastern Shore,2016,56942,
159,Maryland Eastern Shore,2016,56943,
159,Maryland Eastern Shore,2016,56944,1993-10-05
159,Maryland Eastern Shore,2016,56945,
106,Hampton,2016,42231,
106,Hampton,2016,42232,
106,Hampton,2016,42233,
106,Hampton,2016,42238,
106,Hampton,2016,42239,
106,Hampton,2016,46471,
106,Hampton,2016,47030,
106,Hampton,2016,47032,
106,Hampton,2016,48409,
106,Hampton,2016,51702,1994-02-22
106,Hampton,2016,51703,
106,Hampton,2016,51704,
106,Hampton,2016,57808,1992-12-16
106,Hampton,2016,57809,
106,Hampton,2016,57810,1992-09-24
106,Hampton,2016,57811,1992-12-31
106,Hampton,2016,57812,1994-06-16
106,Hampton,2016,57813,1991-07-21
106,Hampton,2016,57814,
106,Hampton,2016,57815,1992-10-28
106,Hampton,2016,57816,1992-09-11
106,Hampton,2016,57817,1992-02-25
106,Hampton,2016,58563,
106,Hampton,2016,60940,
199,North Carolina Central,2016,11555,
199,North Carolina Central,2016,56477,1992-08-07
199,North Carolina Central,2016,46953,
199,North Carolina Central,2016,46954,
199,North Carolina Central,2016,46958,1995-05-02
199,North Carolina Central,2016,46960,
199,North Carolina Central,2016,46962,1993-05-19
199,North Carolina Central,2016,46964,1992-12-16
199,North Carolina Central,2016,56478,
199,North Carolina Central,2016,56479,1994-03-27
199,North Carolina Central,2016,56480,1993-09-09
199,North Carolina Central,2016,56481,1993-04-08
199,North Carolina Central,2016,56482,
199,North Carolina Central,2016,56483,1995-08-08
199,North Carolina Central,2016,56484,1991-09-27
199,North Carolina Central,2016,60960,
380,Savannah State,2016,31609,
380,Savannah State,2016,34765,
380,Savannah State,2016,36041,
380,Savannah State,2016,42582,
380,Savannah State,2016,48552,1991-11-15
380,Savannah State,2016,48555,
380,Savannah State,2016,51289,
380,Savannah State,2016,51292,
380,Savannah State,2016,51293,
380,Savannah State,2016,56795,
380,Savannah State,2016,56796,
380,Savannah State,2016,56797,1993-03-04
380,Savannah State,2016,56798,
380,Savannah State,2016,56799,
380,Savannah State,2016,56800,
380,Savannah State,2016,56801,
380,Savannah State,2016,56802,
380,Savannah State,2016,56803,
380,Savannah State,2016,56804,
352,Wichita State,2016,35200,
352,Wichita State,2016,37038,1995-09-18
352,Wichita State,2016,42979,1997-09-06
352,Wichita State,2016,43089,1995-08-23
352,Wichita State,2016,46050,1995-09-28
352,Wichita State,2016,46051,1994-02-23
352,Wichita State,2016,46052,1997-03-13
352,Wichita State,2016,46053,1995-07-16
352,Wichita State,2016,46054,1995-08-22
352,Wichita State,2016,46055,1993-11-24
352,Wichita State,2016,52741,1994-05-04
352,Wichita State,2016,52742,1993-09-06
352,Wichita State,2016,55952,1992-04-19
352,Wichita State,2016,55953,1994-02-25
352,Wichita State,2016,55954,1993-03-30
352,Wichita State,2016,55955,1992-10-13
352,Wichita State,2016,55956,
352,Wichita State,2016,55957,
273,Southern Illinois,2016,43972,1995-11-19
273,Southern Illinois,2016,43974,
273,Southern Illinois,2016,43977,
273,Southern Illinois,2016,46531,
273,Southern Illinois,2016,46532,1993-12-26
273,Southern Illinois,2016,52317,
273,Southern Illinois,2016,52318,
273,Southern Illinois,2016,52319,
273,Southern Illinois,2016,52735,1993-04-05
273,Southern Illinois,2016,57101,1994-05-06
273,Southern Illinois,2016,57102,
273,Southern Illinois,2016,57103,1991-12-15
273,Southern Illinois,2016,57104,
273,Southern Illinois,2016,57105,
273,Southern Illinois,2016,57106,
119,Illinois State,2016,35588,
119,Illinois State,2016,36039,
119,Illinois State,2016,36534,
119,Illinois State,2016,42318,
119,Illinois State,2016,46889,
119,Illinois State,2016,52322,1994-07-12
119,Illinois State,2016,52323,1995-04-20
119,Illinois State,2016,52325,
119,Illinois State,2016,53547,1994-02-16
119,Illinois State,2016,53874,1993-06-05
119,Illinois State,2016,53875,
119,Illinois State,2016,57639,
119,Illinois State,2016,36345,
119,Illinois State,2016,47764,1994-07-19
122,Indiana State,2016,37824,
122,Indiana State,2016,42389,
122,Indiana State,2016,42779,
122,Indiana State,2016,46704,
122,Indiana State,2016,46706,1994-07-27
122,Indiana State,2016,46709,
122,Indiana State,2016,52345,1993-12-27
122,Indiana State,2016,52346,
122,Indiana State,2016,52347,
122,Indiana State,2016,52348,1994-06-14
122,Indiana State,2016,56243,1991-07-23
122,Indiana State,2016,56244,1991-08-23
122,Indiana State,2016,56245,
122,Indiana State,2016,56246,1992-08-12
122,Indiana State,2016,56247,
209,Northern Iowa,2016,35863,
209,Northern Iowa,2016,35864,
209,Northern Iowa,2016,35865,
209,Northern Iowa,2016,35866,
209,Northern Iowa,2016,42825,
209,Northern Iowa,2016,46048,1995-05-03
209,Northern Iowa,2016,46056,1995-05-23
209,Northern Iowa,2016,46057,1994-08-26
209,Northern Iowa,2016,46060,1995-07-06
209,Northern Iowa,2016,53040,1995-05-08
209,Northern Iowa,2016,57711,1993-03-26
209,Northern Iowa,2016,57712,1993-05-20
209,Northern Iowa,2016,57713,
209,Northern Iowa,2016,57714,
82,Evansville,2016,43948,1995-02-01
82,Evansville,2016,47158,
82,Evansville,2016,47159,
82,Evansville,2016,51186,
82,Evansville,2016,51187,
82,Evansville,2016,51188,
82,Evansville,2016,51189,1992-12-15
82,Evansville,2016,51190,
82,Evansville,2016,58127,1992-09-01
82,Evansville,2016,58128,
82,Evansville,2016,58129,
82,Evansville,2016,58130,
82,Evansville,2016,58131,1994-09-01
151,Loyola Chicago,2016,41788,1995-06-28
151,Loyola Chicago,2016,42201,
151,Loyola Chicago,2016,42964,
151,Loyola Chicago,2016,47134,1996-08-15
151,Loyola Chicago,2016,47135,
151,Loyola Chicago,2016,47888,1994-11-03
151,Loyola Chicago,2016,52536,1993-10-31
151,Loyola Chicago,2016,52540,
151,Loyola Chicago,2016,52541,
151,Loyola Chicago,2016,56854,
151,Loyola Chicago,2016,56855,
151,Loyola Chicago,2016,56856,1993-10-22
151,Loyola Chicago,2016,56857,
151,Loyola Chicago,2016,56858,
151,Loyola Chicago,2016,56859,1994-02-15
151,Loyola Chicago,2016,56860,
151,Loyola Chicago,2016,56861,
151,Loyola Chicago,2016,57963,
151,Loyola Chicago,2016,58797,
151,Loyola Chicago,2016,59730,
151,Loyola Chicago,2016,59731,
151,Loyola Chicago,2016,59732,
151,Loyola Chicago,2016,59733,
151,Loyola Chicago,2016,59734,
151,Loyola Chicago,2016,59735,
151,Loyola Chicago,2016,59736,
151,Loyola Chicago,2016,59737,
151,Loyola Chicago,2016,59738,
151,Loyola Chicago,2016,59739,
151,Loyola Chicago,2016,59740,
151,Loyola Chicago,2016,59741,
151,Loyola Chicago,2016,59742,
151,Loyola Chicago,2016,59743,
151,Loyola Chicago,2016,59744,
257,San Diego State,2016,36574,
257,San Diego State,2016,37751,
257,San Diego State,2016,42915,1995-11-17
257,San Diego State,2016,43359,
257,San Diego State,2016,47615,1996-07-25
257,San Diego State,2016,47617,1996-04-05
257,San Diego State,2016,47618,1996-01-11
257,San Diego State,2016,47619,
257,San Diego State,2016,52970,1995-02-04
257,San Diego State,2016,52972,1994-12-29
257,San Diego State,2016,52973,1993-09-29
257,San Diego State,2016,52974,1995-02-07
257,San Diego State,2016,54990,1994-08-13
257,San Diego State,2016,57640,1994-07-11
257,San Diego State,2016,57641,1993-09-22
257,San Diego State,2016,57642,1993-07-15
322,UNLV,2016,36341,
322,UNLV,2016,36863,
322,UNLV,2016,44358,
322,UNLV,2016,46012,1994-08-22
322,UNLV,2016,47658,
322,UNLV,2016,52638,1994-12-01
322,UNLV,2016,52890,
322,UNLV,2016,57573,1996-09-09
322,UNLV,2016,57574,
322,UNLV,2016,57575,1993-06-03
322,UNLV,2016,57576,1992-09-23
322,UNLV,2016,57577,1997-02-15
322,UNLV,2016,57578,1995-10-25
322,UNLV,2016,57579,1993-11-14
322,UNLV,2016,57580,
322,UNLV,2016,59228,1993-04-23
322,UNLV,2016,60981,1992-09-21
191,New Mexico,2016,34904,1996-11-23
191,New Mexico,2016,42434,
191,New Mexico,2016,42778,
191,New Mexico,2016,43408,
191,New Mexico,2016,47765,1995-02-19
191,New Mexico,2016,47831,1994-03-18
191,New Mexico,2016,48162,
191,New Mexico,2016,48163,
191,New Mexico,2016,51106,
191,New Mexico,2016,52871,1993-11-06
191,New Mexico,2016,52872,1992-11-01
191,New Mexico,2016,52873,
191,New Mexico,2016,52875,
191,New Mexico,2016,56637,1994-01-10
191,New Mexico,2016,56638,
191,New Mexico,2016,56639,
191,New Mexico,2016,56640,
57,Colorado State,2016,36016,
57,Colorado State,2016,36276,
57,Colorado State,2016,43653,
57,Colorado State,2016,47188,
57,Colorado State,2016,47566,
57,Colorado State,2016,51254,1994-03-31
57,Colorado State,2016,53460,1995-05-25
57,Colorado State,2016,53461,1993-11-26
57,Colorado State,2016,57706,1992-06-24
57,Colorado State,2016,57707,1994-03-30
57,Colorado State,2016,57708,
57,Colorado State,2016,57709,1993-10-02
57,Colorado State,2016,57710,1992-02-28
358,Wyoming,2016,37630,
358,Wyoming,2016,38569,
358,Wyoming,2016,43369,1997-01-24
358,Wyoming,2016,43372,
358,Wyoming,2016,47503,
358,Wyoming,2016,47504,1994-11-10
358,Wyoming,2016,47507,
358,Wyoming,2016,47508,
358,Wyoming,2016,52948,
358,Wyoming,2016,52949,1994-05-08
358,Wyoming,2016,52950,
358,Wyoming,2016,52951,
358,Wyoming,2016,57288,1993-11-16
358,Wyoming,2016,57289,1995-06-06
358,Wyoming,2016,57290,
358,Wyoming,2016,60968,
2,Air Force,2016,36698,
2,Air Force,2016,42101,
2,Air Force,2016,48358,
2,Air Force,2016,48359,
2,Air Force,2016,48360,
2,Air Force,2016,48362,
2,Air Force,2016,48363,
2,Air Force,2016,48364,
2,Air Force,2016,51511,
2,Air Force,2016,51512,
2,Air Force,2016,51513,
2,Air Force,2016,51514,
2,Air Force,2016,51518,
2,Air Force,2016,57092,
2,Air Force,2016,57093,
2,Air Force,2016,57094,
2,Air Force,2016,57095,
2,Air Force,2016,57096,
2,Air Force,2016,57097,
2,Air Force,2016,57098,
2,Air Force,2016,57099,
2,Air Force,2016,57100,
25,Boise State,2016,36549,
25,Boise State,2016,36590,
25,Boise State,2016,37640,
25,Boise State,2016,44349,
25,Boise State,2016,44351,
25,Boise State,2016,47643,1996-04-26
25,Boise State,2016,53133,
25,Boise State,2016,53134,
25,Boise State,2016,57361,1993-08-19
25,Boise State,2016,57362,1992-02-25
25,Boise State,2016,57363,
25,Boise State,2016,57364,
25,Boise State,2016,57365,1993-02-22
25,Boise State,2016,57366,
25,Boise State,2016,57367,
25,Boise State,2016,58374,
25,Boise State,2016,58375,
25,Boise State,2016,58376,
25,Boise State,2016,58377,
25,Boise State,2016,58378,
25,Boise State,2016,58379,
25,Boise State,2016,58380,
189,Nevada,2016,36627,
189,Nevada,2016,41841,1996-01-15
189,Nevada,2016,41847,
189,Nevada,2016,43771,
189,Nevada,2016,47627,
189,Nevada,2016,47988,
189,Nevada,2016,51226,1996-07-11
189,Nevada,2016,51227,
189,Nevada,2016,51228,1994-06-03
189,Nevada,2016,53268,1993-08-26
189,Nevada,2016,55137,
189,Nevada,2016,57295,
189,Nevada,2016,57296,
189,Nevada,2016,57297,
189,Nevada,2016,57298,
189,Nevada,2016,57299,
189,Nevada,2016,60332,
189,Nevada,2016,60436,
189,Nevada,2016,60656,
189,Nevada,2016,60657,
189,Nevada,2016,60658,
189,Nevada,2016,60659,1991-12-10
329,Utah State,2016,43251,1993-12-04
329,Utah State,2016,43381,
329,Utah State,2016,47439,
329,Utah State,2016,47443,
329,Utah State,2016,47660,
329,Utah State,2016,50723,
329,Utah State,2016,51962,1993-03-19
329,Utah State,2016,52422,
329,Utah State,2016,52828,1995-08-21
329,Utah State,2016,52829,1994-08-20
329,Utah State,2016,57448,
329,Utah State,2016,57449,
329,Utah State,2016,57450,
329,Utah State,2016,57451,
329,Utah State,2016,57452,
329,Utah State,2016,57453,
92,Fresno State,2016,33855,
92,Fresno State,2016,34895,
92,Fresno State,2016,36184,
92,Fresno State,2016,43346,
92,Fresno State,2016,43348,
92,Fresno State,2016,47015,
92,Fresno State,2016,47017,1994-11-14
92,Fresno State,2016,47018,
92,Fresno State,2016,52823,1994-02-01
92,Fresno State,2016,52824,1994-12-30
92,Fresno State,2016,52826,1994-10-03
92,Fresno State,2016,57634,1994-10-28
92,Fresno State,2016,57635,1993-12-16
92,Fresno State,2016,57636,1992-07-14
92,Fresno State,2016,57637,
92,Fresno State,2016,57638,1992-06-09
260,San José State,2016,36716,
260,San José State,2016,36986,1996-05-24
260,San José State,2016,41808,1996-09-19
260,San José State,2016,43169,
260,San José State,2016,43740,
260,San José State,2016,47600,1994-03-15
260,San José State,2016,47601,
260,San José State,2016,50635,1994-05-20
260,San José State,2016,51149,
260,San José State,2016,53220,1994-09-24
260,San José State,2016,53222,
260,San José State,2016,58109,1993-08-14
260,San José State,2016,58110,1993-09-10
260,San José State,2016,58111,1995-07-16
260,San José State,2016,58112,1993-12-29
260,San José State,2016,58113,1995-12-21
84,Fairleigh Dickinson,2016,41789,1995-09-03
84,Fairleigh Dickinson,2016,44066,
84,Fairleigh Dickinson,2016,44067,1997-08-12
84,Fairleigh Dickinson,2016,46340,
84,Fairleigh Dickinson,2016,46341,
84,Fairleigh Dickinson,2016,46342,
84,Fairleigh Dickinson,2016,46344,
84,Fairleigh Dickinson,2016,47252,1995-05-20
84,Fairleigh Dickinson,2016,51047,
84,Fairleigh Dickinson,2016,51564,1994-01-04
84,Fairleigh Dickinson,2016,51566,
84,Fairleigh Dickinson,2016,51567,
84,Fairleigh Dickinson,2016,55958,
341,Wagner,2016,41845,
341,Wagner,2016,41991,1994-09-04
341,Wagner,2016,41992,
341,Wagner,2016,41993,
341,Wagner,2016,42618,
341,Wagner,2016,46105,
341,Wagner,2016,46921,
341,Wagner,2016,48007,
341,Wagner,2016,51234,1994-04-21
341,Wagner,2016,51235,
341,Wagner,2016,51236,1994-09-08
341,Wagner,2016,56207,1992-11-20
341,Wagner,2016,56208,
341,Wagner,2016,60140,
244,Robert Morris,2016,36166,
244,Robert Morris,2016,36792,
244,Robert Morris,2016,41962,
244,Robert Morris,2016,43448,
244,Robert Morris,2016,43453,
244,Robert Morris,2016,44154,
244,Robert Morris,2016,51591,1994-03-04
244,Robert Morris,2016,51592,
244,Robert Morris,2016,51593,1994-01-25
244,Robert Morris,2016,51595,
244,Robert Morris,2016,51597,
244,Robert Morris,2016,51598,
244,Robert Morris,2016,53025,1992-10-14
244,Robert Morris,2016,56179,
244,Robert Morris,2016,56180,
146,Long Island University,2016,35473,
146,Long Island University,2016,35476,
146,Long Island University,2016,42131,
146,Long Island University,2016,42134,
146,Long Island University,2016,43875,
146,Long Island University,2016,47227,
146,Long Island University,2016,47263,
146,Long Island University,2016,51584,1993-12-01
146,Long Island University,2016,51585,
146,Long Island University,2016,51586,
146,Long Island University,2016,51587,
146,Long Island University,2016,58306,
146,Long Island University,2016,58307,
146,Long Island University,2016,58308,1995-02-08
146,Long Island University,2016,58309,
146,Long Island University,2016,58310,
364,St. Francis Brooklyn,2016,36377,
364,St. Francis Brooklyn,2016,43530,
364,St. Francis Brooklyn,2016,43532,
364,St. Francis Brooklyn,2016,47998,
364,St. Francis Brooklyn,2016,48000,
364,St. Francis Brooklyn,2016,53416,
364,St. Francis Brooklyn,2016,53418,
364,St. Francis Brooklyn,2016,57773,
364,St. Francis Brooklyn,2016,57774,
364,St. Francis Brooklyn,2016,57775,
364,St. Francis Brooklyn,2016,57776,
364,St. Francis Brooklyn,2016,57777,
364,St. Francis Brooklyn,2016,57778,
364,St. Francis Brooklyn,2016,57779,
278,St. Francis (PA),2016,34963,
278,St. Francis (PA),2016,34965,
278,St. Francis (PA),2016,36659,
278,St. Francis (PA),2016,37015,
278,St. Francis (PA),2016,39522,
278,St. Francis (PA),2016,41945,
278,St. Francis (PA),2016,41946,
278,St. Francis (PA),2016,41948,
278,St. Francis (PA),2016,41949,
278,St. Francis (PA),2016,47824,
278,St. Francis (PA),2016,47826,
278,St. Francis (PA),2016,53170,
278,St. Francis (PA),2016,53171,
278,St. Francis (PA),2016,56023,1993-08-18
278,St. Francis (PA),2016,56024,1994-07-09
278,St. Francis (PA),2016,56025,1991-11-29
183,Mount St. Mary's,2016,36559,
183,Mount St. Mary's,2016,39676,
183,Mount St. Mary's,2016,42197,
183,Mount St. Mary's,2016,47509,1996-02-15
183,Mount St. Mary's,2016,47510,1995-10-26
183,Mount St. Mary's,2016,47513,
183,Mount St. Mary's,2016,47949,1994-02-18
183,Mount St. Mary's,2016,47950,1995-08-18
183,Mount St. Mary's,2016,51257,1995-02-06
183,Mount St. Mary's,2016,51258,1995-11-21
183,Mount St. Mary's,2016,55926,1993-10-07
183,Mount St. Mary's,2016,55927,1992-06-03
183,Mount St. Mary's,2016,55928,
183,Mount St. Mary's,2016,55929,
183,Mount St. Mary's,2016,55930,1993-08-12
44,Central Connecticut,2016,42395,
44,Central Connecticut,2016,47078,
44,Central Connecticut,2016,47079,
44,Central Connecticut,2016,47080,
44,Central Connecticut,2016,51613,
44,Central Connecticut,2016,51614,
44,Central Connecticut,2016,51616,
44,Central Connecticut,2016,57032,
44,Central Connecticut,2016,57033,
44,Central Connecticut,2016,57034,
44,Central Connecticut,2016,57035,
44,Central Connecticut,2016,57036,
44,Central Connecticut,2016,57037,
44,Central Connecticut,2016,57038,1994-02-07
250,Sacred Heart,2016,42549,
250,Sacred Heart,2016,43324,
250,Sacred Heart,2016,43473,
250,Sacred Heart,2016,46321,1993-05-07
250,Sacred Heart,2016,46324,
250,Sacred Heart,2016,46325,
250,Sacred Heart,2016,46326,
250,Sacred Heart,2016,50843,
250,Sacred Heart,2016,51712,1993-06-15
250,Sacred Heart,2016,51713,1994-06-23
250,Sacred Heart,2016,51715,1994-03-16
250,Sacred Heart,2016,56189,
250,Sacred Heart,2016,56190,
250,Sacred Heart,2016,56191,1992-11-19
250,Sacred Heart,2016,32614,1995-12-05
31,Bryant,2016,36628,
31,Bryant,2016,42337,
31,Bryant,2016,42728,
31,Bryant,2016,46624,
31,Bryant,2016,46625,
31,Bryant,2016,46626,1994-11-04
31,Bryant,2016,53042,1995-03-15
31,Bryant,2016,53043,1995-08-03
31,Bryant,2016,53044,1995-03-30
31,Bryant,2016,58016,1993-05-06
31,Bryant,2016,58017,1993-07-10
31,Bryant,2016,58018,
31,Bryant,2016,58019,1994-02-07
31,Bryant,2016,58020,1994-12-01
31,Bryant,2016,58021,1992-04-09
184,Murray State,2016,42659,
184,Murray State,2016,44341,
184,Murray State,2016,47062,1995-05-23
184,Murray State,2016,51867,1994-01-16
184,Murray State,2016,52326,
184,Murray State,2016,52330,1994-03-12
184,Murray State,2016,56832,
184,Murray State,2016,56833,1993-10-18
184,Murray State,2016,56834,
184,Murray State,2016,56835,
184,Murray State,2016,56836,1993-08-14
184,Murray State,2016,56837,
184,Murray State,2016,56838,
184,Murray State,2016,58974,1993-01-21
184,Murray State,2016,58975,1993-06-22
184,Murray State,2016,58976,1990-09-22
184,Murray State,2016,58977,1994-08-08
184,Murray State,2016,58978,1992-09-27
184,Murray State,2016,60832,
184,Murray State,2016,60833,
184,Murray State,2016,60834,
184,Murray State,2016,60835,
184,Murray State,2016,60836,
184,Murray State,2016,60837,
184,Murray State,2016,60838,
184,Murray State,2016,60839,
184,Murray State,2016,60840,
184,Murray State,2016,60841,
184,Murray State,2016,60842,
184,Murray State,2016,60843,
184,Murray State,2016,60844,
184,Murray State,2016,60845,
184,Murray State,2016,60846,
184,Murray State,2016,52327,1994-01-29
181,Morehead State,2016,36786,
181,Morehead State,2016,41964,
181,Morehead State,2016,47656,
181,Morehead State,2016,52082,
181,Morehead State,2016,52083,
181,Morehead State,2016,52084,1995-01-02
181,Morehead State,2016,52085,
181,Morehead State,2016,52086,
181,Morehead State,2016,52087,
181,Morehead State,2016,52088,1993-11-23
181,Morehead State,2016,52734,1994-07-21
181,Morehead State,2016,56752,
181,Morehead State,2016,56753,
181,Morehead State,2016,56754,1992-07-29
181,Morehead State,2016,56755,1992-08-07
291,Tennessee Tech,2016,36918,
291,Tennessee Tech,2016,42993,
291,Tennessee Tech,2016,46486,1994-11-28
291,Tennessee Tech,2016,47367,1994-11-16
291,Tennessee Tech,2016,47368,
291,Tennessee Tech,2016,49898,
291,Tennessee Tech,2016,52457,
291,Tennessee Tech,2016,52459,
291,Tennessee Tech,2016,52461,
291,Tennessee Tech,2016,58050,
291,Tennessee Tech,2016,58051,1994-04-13
291,Tennessee Tech,2016,58052,
291,Tennessee Tech,2016,58053,
291,Tennessee Tech,2016,58054,1992-11-27
291,Tennessee Tech,2016,60706,
78,Eastern Kentucky,2016,35923,
78,Eastern Kentucky,2016,41958,
78,Eastern Kentucky,2016,43502,1997-08-18
78,Eastern Kentucky,2016,43505,
78,Eastern Kentucky,2016,44500,
78,Eastern Kentucky,2016,51767,
78,Eastern Kentucky,2016,52338,
78,Eastern Kentucky,2016,52339,
78,Eastern Kentucky,2016,52343,
78,Eastern Kentucky,2016,56253,
78,Eastern Kentucky,2016,56255,
78,Eastern Kentucky,2016,56256,
78,Eastern Kentucky,2016,56257,1993-07-20
78,Eastern Kentucky,2016,56258,
78,Eastern Kentucky,2016,56259,
78,Eastern Kentucky,2016,56260,
78,Eastern Kentucky,2016,56254,1992-05-17
17,Austin Peay,2016,35764,
17,Austin Peay,2016,42767,
17,Austin Peay,2016,42773,
17,Austin Peay,2016,42774,
17,Austin Peay,2016,47579,
17,Austin Peay,2016,51668,
17,Austin Peay,2016,51669,
17,Austin Peay,2016,51670,
17,Austin Peay,2016,51671,
17,Austin Peay,2016,51676,
17,Austin Peay,2016,56964,1994-06-29
17,Austin Peay,2016,56965,
17,Austin Peay,2016,56966,
17,Austin Peay,2016,56967,
290,Tennessee State,2016,39316,
290,Tennessee State,2016,43727,
290,Tennessee State,2016,44289,
290,Tennessee State,2016,44290,
290,Tennessee State,2016,46025,
290,Tennessee State,2016,48569,1994-08-17
290,Tennessee State,2016,52022,
290,Tennessee State,2016,52023,1994-01-16
290,Tennessee State,2016,52025,
290,Tennessee State,2016,56677,
290,Tennessee State,2016,56678,
290,Tennessee State,2016,56679,
290,Tennessee State,2016,56680,1992-12-14
290,Tennessee State,2016,56681,
290,Tennessee State,2016,56682,
290,Tennessee State,2016,56683,
290,Tennessee State,2016,56684,
272,Southeast Missouri State,2016,35853,
272,Southeast Missouri State,2016,36123,
272,Southeast Missouri State,2016,46425,
272,Southeast Missouri State,2016,50220,
272,Southeast Missouri State,2016,50225,
272,Southeast Missouri State,2016,52594,
272,Southeast Missouri State,2016,52595,1995-02-22
272,Southeast Missouri State,2016,52596,1994-02-02
272,Southeast Missouri State,2016,56468,
272,Southeast Missouri State,2016,56469,1991-10-04
272,Southeast Missouri State,2016,56470,
272,Southeast Missouri State,2016,56471,
272,Southeast Missouri State,2016,56472,
325,UT Martin,2016,39045,
325,UT Martin,2016,43051,
325,UT Martin,2016,43130,
325,UT Martin,2016,46232,
325,UT Martin,2016,51963,1995-02-10
325,UT Martin,2016,51964,1993-07-16
325,UT Martin,2016,51965,1993-01-20
325,UT Martin,2016,51966,
325,UT Martin,2016,51968,
325,UT Martin,2016,51969,
325,UT Martin,2016,57046,1992-09-25
325,UT Martin,2016,57047,1992-11-17
325,UT Martin,2016,57048,
325,UT Martin,2016,57049,
325,UT Martin,2016,57050,1993-11-27
77,Eastern Illinois,2016,43018,
77,Eastern Illinois,2016,43019,
77,Eastern Illinois,2016,43020,
77,Eastern Illinois,2016,44162,
77,Eastern Illinois,2016,52553,
77,Eastern Illinois,2016,52554,
77,Eastern Illinois,2016,52555,1994-06-23
77,Eastern Illinois,2016,52556,
77,Eastern Illinois,2016,52557,
77,Eastern Illinois,2016,55989,
77,Eastern Illinois,2016,55990,
77,Eastern Illinois,2016,55991,
77,Eastern Illinois,2016,55992,
77,Eastern Illinois,2016,55993,
77,Eastern Illinois,2016,55994,
22,Belmont,2016,36981,
22,Belmont,2016,36982,
22,Belmont,2016,41815,
22,Belmont,2016,44346,1996-09-22
22,Belmont,2016,44347,1996-10-21
22,Belmont,2016,47686,
22,Belmont,2016,47687,1995-02-08
22,Belmont,2016,47688,1994-10-27
22,Belmont,2016,47689,
22,Belmont,2016,47690,1994-11-18
22,Belmont,2016,53858,1994-04-17
22,Belmont,2016,53859,
22,Belmont,2016,53860,1995-02-21
22,Belmont,2016,53861,1995-01-02
22,Belmont,2016,57443,1993-08-05
22,Belmont,2016,57444,1993-07-01
128,Jacksonville State,2016,34621,
128,Jacksonville State,2016,36725,
128,Jacksonville State,2016,43027,
128,Jacksonville State,2016,43134,
128,Jacksonville State,2016,44072,
128,Jacksonville State,2016,46379,
128,Jacksonville State,2016,47065,
128,Jacksonville State,2016,47068,
128,Jacksonville State,2016,47278,1993-09-08
128,Jacksonville State,2016,52405,
128,Jacksonville State,2016,52406,
128,Jacksonville State,2016,54867,
128,Jacksonville State,2016,55043,
128,Jacksonville State,2016,56135,
128,Jacksonville State,2016,56136,1992-10-15
247,SIU Edwardsville,2016,46118,
247,SIU Edwardsville,2016,46119,
247,SIU Edwardsville,2016,46121,
247,SIU Edwardsville,2016,46122,
247,SIU Edwardsville,2016,46123,
247,SIU Edwardsville,2016,46124,
247,SIU Edwardsville,2016,46125,1994-12-02
247,SIU Edwardsville,2016,46126,1993-08-31
247,SIU Edwardsville,2016,57387,1992-10-22
247,SIU Edwardsville,2016,57388,
247,SIU Edwardsville,2016,57389,
247,SIU Edwardsville,2016,57390,
247,SIU Edwardsville,2016,57391,
247,SIU Edwardsville,2016,57392,
247,SIU Edwardsville,2016,60821,
247,SIU Edwardsville,2016,60822,
247,SIU Edwardsville,2016,60823,
247,SIU Edwardsville,2016,60824,
247,SIU Edwardsville,2016,60825,
247,SIU Edwardsville,2016,60826,
247,SIU Edwardsville,2016,60827,
247,SIU Edwardsville,2016,60828,
247,SIU Edwardsville,2016,60829,
247,SIU Edwardsville,2016,60830,
247,SIU Edwardsville,2016,60831,
32,Bucknell,2016,36387,1997-05-12
32,Bucknell,2016,43595,
32,Bucknell,2016,43596,
32,Bucknell,2016,43597,
32,Bucknell,2016,47347,1996-06-21
32,Bucknell,2016,47348,1995-10-21
32,Bucknell,2016,47349,
32,Bucknell,2016,51709,1994-10-06
32,Bucknell,2016,51710,1994-05-31
32,Bucknell,2016,51711,1994-12-16
32,Bucknell,2016,56496,1994-02-19
32,Bucknell,2016,56497,1993-03-13
32,Bucknell,2016,56498,1994-03-13
32,Bucknell,2016,56499,1994-02-04
55,Colgate,2016,42286,
55,Colgate,2016,42287,
55,Colgate,2016,42288,
55,Colgate,2016,42289,
55,Colgate,2016,42292,
55,Colgate,2016,46614,1995-05-13
55,Colgate,2016,46615,
55,Colgate,2016,46617,
55,Colgate,2016,46618,
55,Colgate,2016,51242,
55,Colgate,2016,51243,
55,Colgate,2016,51244,
55,Colgate,2016,51245,
55,Colgate,2016,56567,
55,Colgate,2016,56568,
111,Holy Cross,2016,42552,1997-06-27
111,Holy Cross,2016,42553,
111,Holy Cross,2016,42554,
111,Holy Cross,2016,42555,
111,Holy Cross,2016,46317,
111,Holy Cross,2016,53486,
111,Holy Cross,2016,53487,
111,Holy Cross,2016,53488,
111,Holy Cross,2016,53489,
111,Holy Cross,2016,53491,
111,Holy Cross,2016,53492,
111,Holy Cross,2016,53739,
111,Holy Cross,2016,56297,
111,Holy Cross,2016,56298,
111,Holy Cross,2016,56299,
111,Holy Cross,2016,56300,
111,Holy Cross,2016,60299,
141,Lehigh,2016,36551,
141,Lehigh,2016,43143,
141,Lehigh,2016,44095,
141,Lehigh,2016,48060,
141,Lehigh,2016,48061,
141,Lehigh,2016,48062,
141,Lehigh,2016,51168,1995-04-28
141,Lehigh,2016,51169,
141,Lehigh,2016,51170,
141,Lehigh,2016,56403,
141,Lehigh,2016,56404,
141,Lehigh,2016,56405,
141,Lehigh,2016,56406,
141,Lehigh,2016,56407,
187,Navy,2016,42168,
187,Navy,2016,42169,
187,Navy,2016,42172,
187,Navy,2016,42173,
187,Navy,2016,42303,
187,Navy,2016,47534,
187,Navy,2016,47535,
187,Navy,2016,47536,
187,Navy,2016,47537,
187,Navy,2016,47538,
187,Navy,2016,52687,
187,Navy,2016,52688,
187,Navy,2016,52689,
187,Navy,2016,52690,
187,Navy,2016,52693,
187,Navy,2016,52694,
187,Navy,2016,57517,1993-02-21
187,Navy,2016,57518,1994-01-13
187,Navy,2016,57519,1994-08-11
187,Navy,2016,57520,
187,Navy,2016,57521,
187,Navy,2016,57522,
187,Navy,2016,57523,
187,Navy,2016,57524,
187,Navy,2016,57525,
138,Lafayette,2016,36594,
138,Lafayette,2016,43581,
138,Lafayette,2016,43582,
138,Lafayette,2016,46494,
138,Lafayette,2016,46495,
138,Lafayette,2016,47532,1995-02-28
138,Lafayette,2016,50529,
138,Lafayette,2016,51162,1994-03-21
138,Lafayette,2016,56508,1993-06-24
138,Lafayette,2016,56509,1993-12-17
138,Lafayette,2016,56510,1993-03-31
138,Lafayette,2016,56511,1992-12-22
138,Lafayette,2016,56512,1994-08-06
15,Army,2016,35777,
15,Army,2016,42401,
15,Army,2016,42402,
15,Army,2016,42403,
15,Army,2016,42404,
15,Army,2016,42406,
15,Army,2016,42407,
15,Army,2016,42408,
15,Army,2016,42409,
15,Army,2016,45948,
15,Army,2016,45949,
15,Army,2016,46422,
15,Army,2016,52991,
15,Army,2016,52992,
15,Army,2016,52993,
15,Army,2016,52994,
15,Army,2016,52998,
15,Army,2016,56149,
15,Army,2016,56150,
15,Army,2016,56151,
15,Army,2016,56152,
15,Army,2016,56153,
15,Army,2016,56154,
15,Army,2016,56155,
15,Army,2016,56156,
15,Army,2016,56157,
15,Army,2016,56158,
8,American University,2016,35585,1994-05-12
8,American University,2016,36423,
8,American University,2016,39675,
8,American University,2016,41995,
8,American University,2016,47491,
8,American University,2016,47492,
8,American University,2016,48623,
8,American University,2016,51303,1993-11-27
8,American University,2016,51304,
8,American University,2016,51305,1995-01-17
8,American University,2016,51306,1994-08-17
8,American University,2016,56986,1992-11-17
8,American University,2016,56987,1994-01-19
8,American University,2016,56988,1993-01-03
8,American University,2016,56989,
27,Boston University,2016,42642,
27,Boston University,2016,43005,
27,Boston University,2016,46806,
27,Boston University,2016,46807,1995-01-20
27,Boston University,2016,46808,
27,Boston University,2016,46809,
27,Boston University,2016,51657,1994-07-02
27,Boston University,2016,51658,
27,Boston University,2016,51659,1992-12-06
27,Boston University,2016,51660,1994-09-04
27,Boston University,2016,51661,
27,Boston University,2016,51662,
27,Boston University,2016,51663,1995-03-01
27,Boston University,2016,56336,1993-10-14
27,Boston University,2016,56337,1993-04-29
27,Boston University,2016,56338,1994-09-22
152,Loyola Maryland,2016,41983,
152,Loyola Maryland,2016,41984,
152,Loyola Maryland,2016,42928,
152,Loyola Maryland,2016,46112,
152,Loyola Maryland,2016,46113,
152,Loyola Maryland,2016,46114,
152,Loyola Maryland,2016,46115,
152,Loyola Maryland,2016,51650,1993-11-26
152,Loyola Maryland,2016,51651,
152,Loyola Maryland,2016,56296,
152,Loyola Maryland,2016,56685,1994-03-30
152,Loyola Maryland,2016,56686,1993-10-17
152,Loyola Maryland,2016,56687,1992-08-28
152,Loyola Maryland,2016,56688,1993-06-19
152,Loyola Maryland,2016,56689,1993-07-04
152,Loyola Maryland,2016,60888,
152,Loyola Maryland,2016,60889,
135,Kentucky,2016,43203,1996-11-15
135,Kentucky,2016,43439,
135,Kentucky,2016,47783,1994-09-14
135,Kentucky,2016,48218,
135,Kentucky,2016,48219,
135,Kentucky,2016,51979,1995-06-21
135,Kentucky,2016,51982,1996-04-13
135,Kentucky,2016,51983,1998-01-05
135,Kentucky,2016,51984,1994-06-12
135,Kentucky,2016,51985,1994-06-27
135,Kentucky,2016,56601,1996-03-18
135,Kentucky,2016,56602,1997-02-23
135,Kentucky,2016,56603,1996-01-05
135,Kentucky,2016,56604,1993-09-06
135,Kentucky,2016,56605,1993-03-23
5,Alabama,2016,35186,1995-12-07
5,Alabama,2016,37732,
5,Alabama,2016,43056,1997-08-07
5,Alabama,2016,43057,
5,Alabama,2016,43058,
5,Alabama,2016,43060,
5,Alabama,2016,43593,
5,Alabama,2016,43717,
5,Alabama,2016,46166,1995-08-05
5,Alabama,2016,51557,1991-02-16
5,Alabama,2016,52732,1995-09-03
5,Alabama,2016,52733,1994-11-13
5,Alabama,2016,57249,1992-09-29
5,Alabama,2016,57250,1993-07-06
5,Alabama,2016,60302,
292,Tennessee,2016,35487,
292,Tennessee,2016,36153,
292,Tennessee,2016,41830,1996-10-21
292,Tennessee,2016,41832,1997-03-30
292,Tennessee,2016,41833,
292,Tennessee,2016,41834,
292,Tennessee,2016,42766,1994-07-10
292,Tennessee,2016,44075,1993-10-12
292,Tennessee,2016,51302,
292,Tennessee,2016,51961,1995-08-19
292,Tennessee,2016,56443,1993-11-03
292,Tennessee,2016,56444,1994-03-25
292,Tennessee,2016,56445,1993-06-25
292,Tennessee,2016,56446,1991-11-10
292,Tennessee,2016,60655,
87,Florida,2016,34826,
87,Florida,2016,41892,1997-03-05
87,Florida,2016,41893,
87,Florida,2016,42667,
87,Florida,2016,48474,1995-11-21
87,Florida,2016,48475,1994-10-31
87,Florida,2016,52052,1995-07-29
87,Florida,2016,52053,1995-03-07
87,Florida,2016,52054,1993-12-03
87,Florida,2016,52443,1994-04-08
87,Florida,2016,57513,1993-05-04
87,Florida,2016,57514,1993-08-26
87,Florida,2016,57515,
87,Florida,2016,57516,
87,Florida,2016,51664,1993-06-03
87,Florida,2016,52055,1994-10-21
336,Vanderbilt,2016,28314,
336,Vanderbilt,2016,35445,
336,Vanderbilt,2016,43331,
336,Vanderbilt,2016,44356,
336,Vanderbilt,2016,47584,1996-08-20
336,Vanderbilt,2016,47585,1996-03-31
336,Vanderbilt,2016,47586,1996-06-15
336,Vanderbilt,2016,51455,1995-07-15
336,Vanderbilt,2016,51456,1994-05-26
336,Vanderbilt,2016,51457,
336,Vanderbilt,2016,56968,1995-06-30
336,Vanderbilt,2016,56969,1996-03-29
336,Vanderbilt,2016,56970,1992-01-28
336,Vanderbilt,2016,56971,1993-10-26
336,Vanderbilt,2016,56972,1994-08-26
136,LSU,2016,47307,1997-05-01
136,LSU,2016,43315,1995-11-15
136,LSU,2016,47310,1996-04-28
136,LSU,2016,52806,1995-01-02
136,LSU,2016,53103,1996-10-04
136,LSU,2016,53104,1993-11-14
136,LSU,2016,53105,
136,LSU,2016,53106,1995-04-04
136,LSU,2016,56037,1996-07-20
136,LSU,2016,56038,1994-10-27
136,LSU,2016,56039,1995-02-23
136,LSU,2016,56040,1993-09-09
136,LSU,2016,56041,1992-01-30
136,LSU,2016,42178,
16,Auburn,2016,34896,
16,Auburn,2016,41871,1997-07-24
16,Auburn,2016,41872,
16,Auburn,2016,41873,
16,Auburn,2016,42433,
16,Auburn,2016,43314,
16,Auburn,2016,47285,
16,Auburn,2016,47286,
16,Auburn,2016,52782,
16,Auburn,2016,57504,1993-05-01
16,Auburn,2016,57505,1993-09-01
16,Auburn,2016,57506,1993-04-14
16,Auburn,2016,57507,1993-11-05
16,Auburn,2016,57508,
16,Auburn,2016,57509,
16,Auburn,2016,57510,
16,Auburn,2016,57511,
16,Auburn,2016,57512,1995-05-26
16,Auburn,2016,60885,
16,Auburn,2016,60886,
16,Auburn,2016,52786,
174,Mississippi State,2016,43556,1996-01-24
174,Mississippi State,2016,43886,
174,Mississippi State,2016,43985,1997-07-11
174,Mississippi State,2016,43987,1996-09-10
174,Mississippi State,2016,44245,1996-06-03
174,Mississippi State,2016,46033,1997-02-21
174,Mississippi State,2016,46362,
174,Mississippi State,2016,50038,1996-06-03
174,Mississippi State,2016,52505,1995-06-16
174,Mississippi State,2016,52506,
174,Mississippi State,2016,57311,1993-10-19
174,Mississippi State,2016,57312,
174,Mississippi State,2016,57313,1993-06-13
174,Mississippi State,2016,57314,1994-01-16
174,Mississippi State,2016,57315,1992-08-25
174,Mississippi State,2016,57316,
174,Mississippi State,2016,57317,
174,Mississippi State,2016,57318,
174,Mississippi State,2016,59911,
174,Mississippi State,2016,59912,
174,Mississippi State,2016,59913,
174,Mississippi State,2016,60887,
98,Georgia,2016,44183,
98,Georgia,2016,44184,
98,Georgia,2016,44185,
98,Georgia,2016,44186,
98,Georgia,2016,44187,
98,Georgia,2016,46631,1996-08-14
98,Georgia,2016,46633,1994-09-07
98,Georgia,2016,51927,1995-06-25
98,Georgia,2016,51928,1995-09-19
98,Georgia,2016,51929,1994-01-19
98,Georgia,2016,51930,1994-07-12
98,Georgia,2016,54977,
98,Georgia,2016,56506,1994-08-12
98,Georgia,2016,56507,1994-01-28
220,Ole Miss,2016,34830,
220,Ole Miss,2016,44291,
220,Ole Miss,2016,44300,1997-05-16
220,Ole Miss,2016,47318,
220,Ole Miss,2016,47321,1994-01-21
220,Ole Miss,2016,51974,1994-07-15
220,Ole Miss,2016,51975,
220,Ole Miss,2016,51977,
220,Ole Miss,2016,52865,
220,Ole Miss,2016,53634,1992-12-17
220,Ole Miss,2016,56166,
220,Ole Miss,2016,56167,1993-10-06
220,Ole Miss,2016,56168,1993-08-19
220,Ole Miss,2016,56169,1993-09-29
220,Ole Miss,2016,56170,
12,Arkansas,2016,36200,
12,Arkansas,2016,47293,
12,Arkansas,2016,47296,
12,Arkansas,2016,47299,1995-07-26
12,Arkansas,2016,52513,1994-11-16
12,Arkansas,2016,52514,1993-09-02
12,Arkansas,2016,52515,1994-10-24
12,Arkansas,2016,56957,1992-07-29
12,Arkansas,2016,56958,
12,Arkansas,2016,56959,1991-12-29
12,Arkansas,2016,56960,1993-12-20
12,Arkansas,2016,56961,
12,Arkansas,2016,56962,
12,Arkansas,2016,56963,
12,Arkansas,2016,35977,1997-01-09
266,South Carolina,2016,42487,1996-09-19
266,South Carolina,2016,43100,
266,South Carolina,2016,43857,
266,South Carolina,2016,44077,1995-01-29
266,South Carolina,2016,51155,1996-10-25
266,South Carolina,2016,51463,1994-11-24
266,South Carolina,2016,51464,1994-09-07
266,South Carolina,2016,51466,
266,South Carolina,2016,51467,
266,South Carolina,2016,51469,
266,South Carolina,2016,51470,
266,South Carolina,2016,57891,
266,South Carolina,2016,57892,
266,South Carolina,2016,57893,1993-01-07
266,South Carolina,2016,57894,
266,South Carolina,2016,57895,
293,Texas A&M,2016,34851,1995-11-14
293,Texas A&M,2016,41915,1996-10-10
293,Texas A&M,2016,43465,1995-05-20
293,Texas A&M,2016,43728,1996-06-20
293,Texas A&M,2016,43731,
293,Texas A&M,2016,48993,1996-09-03
293,Texas A&M,2016,48994,1997-05-22
293,Texas A&M,2016,48995,
293,Texas A&M,2016,52723,1994-02-26
293,Texas A&M,2016,52726,
293,Texas A&M,2016,57466,1994-02-28
293,Texas A&M,2016,57467,1993-06-07
293,Texas A&M,2016,57468,1992-07-03
293,Texas A&M,2016,57469,
293,Texas A&M,2016,57470,1994-01-21
293,Texas A&M,2016,57471,1993-08-27
293,Texas A&M,2016,58864,
293,Texas A&M,2016,60190,
293,Texas A&M,2016,57472,1993-05-27
177,Missouri,2016,25808,
177,Missouri,2016,42973,1995-06-27
177,Missouri,2016,43037,
177,Missouri,2016,43040,
177,Missouri,2016,43042,
177,Missouri,2016,43098,1996-05-06
177,Missouri,2016,44683,
177,Missouri,2016,47528,
177,Missouri,2016,47846,1994-12-12
177,Missouri,2016,53514,
177,Missouri,2016,53515,
177,Missouri,2016,57405,1993-11-12
177,Missouri,2016,57406,
177,Missouri,2016,57407,1995-01-13
177,Missouri,2016,57408,
177,Missouri,2016,57409,1994-10-07
274,Southern,2016,43050,
274,Southern,2016,43055,
274,Southern,2016,47325,
274,Southern,2016,47326,1995-05-17
274,Southern,2016,47329,
274,Southern,2016,47330,
274,Southern,2016,47331,
274,Southern,2016,53089,
274,Southern,2016,53091,1994-10-01
274,Southern,2016,56950,
274,Southern,2016,56951,1994-06-23
274,Southern,2016,56952,1992-03-03
274,Southern,2016,56953,
274,Southern,2016,56954,
274,Southern,2016,56955,
274,Southern,2016,56956,
296,Texas Southern,2016,46107,
296,Texas Southern,2016,47849,1995-05-24
296,Texas Southern,2016,53329,
296,Texas Southern,2016,53333,1994-12-01
296,Texas Southern,2016,53335,
296,Texas Southern,2016,56630,
296,Texas Southern,2016,56631,1992-10-22
296,Texas Southern,2016,56632,1993-11-01
296,Texas Southern,2016,56633,
296,Texas Southern,2016,56634,
296,Texas Southern,2016,56635,
296,Texas Southern,2016,56636,
296,Texas Southern,2016,60350,
296,Texas Southern,2016,60351,1994-10-18
296,Texas Southern,2016,60988,
296,Texas Southern,2016,55860,
126,Jackson State,2016,42875,
126,Jackson State,2016,46247,
126,Jackson State,2016,46249,
126,Jackson State,2016,46251,
126,Jackson State,2016,49972,
126,Jackson State,2016,51368,
126,Jackson State,2016,51369,
126,Jackson State,2016,51371,
126,Jackson State,2016,51372,
126,Jackson State,2016,54817,
126,Jackson State,2016,57615,1993-12-21
126,Jackson State,2016,57616,
126,Jackson State,2016,57617,
126,Jackson State,2016,57618,
126,Jackson State,2016,57619,
126,Jackson State,2016,57620,
126,Jackson State,2016,57621,
126,Jackson State,2016,57622,
126,Jackson State,2016,60603,
7,Alcorn State,2016,42984,
7,Alcorn State,2016,42985,
7,Alcorn State,2016,47304,
7,Alcorn State,2016,52532,
7,Alcorn State,2016,52533,
7,Alcorn State,2016,52535,
7,Alcorn State,2016,58893,1993-09-03
7,Alcorn State,2016,58894,
7,Alcorn State,2016,58895,
7,Alcorn State,2016,58896,
7,Alcorn State,2016,58897,
7,Alcorn State,2016,58898,
7,Alcorn State,2016,58899,
7,Alcorn State,2016,58900,
6,Alabama State,2016,35519,
6,Alabama State,2016,45199,
6,Alabama State,2016,46360,
6,Alabama State,2016,46361,1995-05-30
6,Alabama State,2016,53292,1993-09-25
6,Alabama State,2016,53294,1994-12-24
6,Alabama State,2016,53295,
6,Alabama State,2016,53296,
6,Alabama State,2016,53297,
6,Alabama State,2016,53299,
6,Alabama State,2016,57913,
6,Alabama State,2016,57914,
6,Alabama State,2016,57915,1993-12-27
6,Alabama State,2016,57916,1994-06-30
6,Alabama State,2016,57917,
6,Alabama State,2016,57918,
103,Grambling,2016,40296,
103,Grambling,2016,44170,
103,Grambling,2016,52392,
103,Grambling,2016,52393,
103,Grambling,2016,52394,
103,Grambling,2016,52395,
103,Grambling,2016,52397,
103,Grambling,2016,56898,
103,Grambling,2016,56899,
103,Grambling,2016,56900,1995-01-22
103,Grambling,2016,56901,
103,Grambling,2016,56902,
103,Grambling,2016,56903,
103,Grambling,2016,56904,
103,Grambling,2016,56905,
103,Grambling,2016,57726,
103,Grambling,2016,60980,
175,Mississippi Valley State,2016,38638,
175,Mississippi Valley State,2016,43355,
175,Mississippi Valley State,2016,48177,
175,Mississippi Valley State,2016,49149,
175,Mississippi Valley State,2016,52471,
175,Mississippi Valley State,2016,52472,
175,Mississippi Valley State,2016,52473,
175,Mississippi Valley State,2016,52474,
175,Mississippi Valley State,2016,52476,
175,Mississippi Valley State,2016,52477,
175,Mississippi Valley State,2016,52478,
175,Mississippi Valley State,2016,58003,
175,Mississippi Valley State,2016,58004,
175,Mississippi Valley State,2016,58005,
175,Mississippi Valley State,2016,58006,
175,Mississippi Valley State,2016,58007,1993-02-26
175,Mississippi Valley State,2016,58008,
175,Mississippi Valley State,2016,58009,
175,Mississippi Valley State,2016,58010,
175,Mississippi Valley State,2016,58011,
232,Prairie View A&M,2016,47650,
232,Prairie View A&M,2016,47655,
232,Prairie View A&M,2016,52637,
232,Prairie View A&M,2016,52639,
232,Prairie View A&M,2016,52640,
232,Prairie View A&M,2016,52642,
232,Prairie View A&M,2016,52643,
232,Prairie View A&M,2016,52644,
232,Prairie View A&M,2016,52645,
232,Prairie View A&M,2016,52647,
232,Prairie View A&M,2016,52649,
232,Prairie View A&M,2016,55845,1995-02-10
232,Prairie View A&M,2016,56525,
232,Prairie View A&M,2016,56526,
232,Prairie View A&M,2016,56527,
232,Prairie View A&M,2016,56528,
232,Prairie View A&M,2016,56529,
232,Prairie View A&M,2016,56530,
232,Prairie View A&M,2016,56531,
4,Alabama A&M,2016,20391,
4,Alabama A&M,2016,47870,
4,Alabama A&M,2016,47873,
4,Alabama A&M,2016,47976,
4,Alabama A&M,2016,52517,
4,Alabama A&M,2016,52518,
4,Alabama A&M,2016,52520,
4,Alabama A&M,2016,52521,1994-01-07
4,Alabama A&M,2016,52522,
4,Alabama A&M,2016,57430,1994-07-27
4,Alabama A&M,2016,57431,
4,Alabama A&M,2016,57432,
4,Alabama A&M,2016,57433,
4,Alabama A&M,2016,57434,
4,Alabama A&M,2016,57435,
4,Alabama A&M,2016,57436,1993-10-01
4,Alabama A&M,2016,57437,
4,Alabama A&M,2016,57438,1994-02-18
4,Alabama A&M,2016,57439,1994-04-07
4,Alabama A&M,2016,59950,
14,Arkansas-Pine Bluff,2016,35940,
14,Arkansas-Pine Bluff,2016,43354,
14,Arkansas-Pine Bluff,2016,43357,
14,Arkansas-Pine Bluff,2016,47746,
14,Arkansas-Pine Bluff,2016,52221,
14,Arkansas-Pine Bluff,2016,52222,
14,Arkansas-Pine Bluff,2016,52223,
14,Arkansas-Pine Bluff,2016,52224,
14,Arkansas-Pine Bluff,2016,52227,
14,Arkansas-Pine Bluff,2016,55250,
14,Arkansas-Pine Bluff,2016,57643,
14,Arkansas-Pine Bluff,2016,57644,
14,Arkansas-Pine Bluff,2016,57645,
14,Arkansas-Pine Bluff,2016,57646,
14,Arkansas-Pine Bluff,2016,57647,
14,Arkansas-Pine Bluff,2016,57648,
49,Chattanooga,2016,42602,
49,Chattanooga,2016,42650,
49,Chattanooga,2016,50820,
49,Chattanooga,2016,51954,1993-10-19
49,Chattanooga,2016,51955,1994-06-18
49,Chattanooga,2016,51956,1995-09-11
49,Chattanooga,2016,51957,1995-01-15
49,Chattanooga,2016,51958,1993-10-11
49,Chattanooga,2016,51960,
49,Chattanooga,2016,53879,
49,Chattanooga,2016,56500,1994-02-04
49,Chattanooga,2016,56501,1994-05-03
49,Chattanooga,2016,56502,
49,Chattanooga,2016,56503,
49,Chattanooga,2016,56504,
49,Chattanooga,2016,56505,1993-06-28
299,The Citadel,2016,41910,
299,The Citadel,2016,41912,
299,The Citadel,2016,41914,
299,The Citadel,2016,48481,
299,The Citadel,2016,51758,
299,The Citadel,2016,51759,
299,The Citadel,2016,51760,
299,The Citadel,2016,51762,
299,The Citadel,2016,57681,1993-07-24
299,The Citadel,2016,57682,1991-12-17
299,The Citadel,2016,57683,1993-01-26
299,The Citadel,2016,57684,
299,The Citadel,2016,57685,
299,The Citadel,2016,57686,
299,The Citadel,2016,57687,
299,The Citadel,2016,57688,
299,The Citadel,2016,60818,
299,The Citadel,2016,60819,
348,Western Carolina,2016,20086,
348,Western Carolina,2016,43490,
348,Western Carolina,2016,46716,
348,Western Carolina,2016,46717,
348,Western Carolina,2016,46718,
348,Western Carolina,2016,46719,
348,Western Carolina,2016,46721,
348,Western Carolina,2016,46722,
348,Western Carolina,2016,51922,
348,Western Carolina,2016,51923,
348,Western Carolina,2016,56516,
348,Western Carolina,2016,56517,
348,Western Carolina,2016,56518,
348,Western Carolina,2016,56519,
348,Western Carolina,2016,56520,
356,Wofford,2016,35137,
356,Wofford,2016,37725,
356,Wofford,2016,41853,
356,Wofford,2016,41854,1996-11-13
356,Wofford,2016,41855,
356,Wofford,2016,46639,
356,Wofford,2016,46641,
356,Wofford,2016,52686,
356,Wofford,2016,53097,
356,Wofford,2016,53098,1994-04-14
356,Wofford,2016,53099,1994-10-05
356,Wofford,2016,53102,1995-05-20
356,Wofford,2016,57401,1993-07-15
356,Wofford,2016,57402,1993-12-20
356,Wofford,2016,57403,1993-11-19
356,Wofford,2016,57404,1993-08-07
356,Wofford,2016,60936,
356,Wofford,2016,60937,
356,Wofford,2016,60938,
356,Wofford,2016,60939,
320,UNC Greensboro,2016,35155,
320,UNC Greensboro,2016,42611,
320,UNC Greensboro,2016,42612,1996-05-25
320,UNC Greensboro,2016,42613,
320,UNC Greensboro,2016,46649,1995-07-25
320,UNC Greensboro,2016,46650,
320,UNC Greensboro,2016,46651,
320,UNC Greensboro,2016,46654,
320,UNC Greensboro,2016,51182,1994-07-01
320,UNC Greensboro,2016,51183,
320,UNC Greensboro,2016,51184,
320,UNC Greensboro,2016,51185,
320,UNC Greensboro,2016,57844,
320,UNC Greensboro,2016,57845,1992-09-05
320,UNC Greensboro,2016,57846,
320,UNC Greensboro,2016,58470,
93,Furman,2016,36034,
93,Furman,2016,42107,
93,Furman,2016,42108,
93,Furman,2016,42109,
93,Furman,2016,46573,
93,Furman,2016,46574,
93,Furman,2016,46575,
93,Furman,2016,46576,
93,Furman,2016,46578,
93,Furman,2016,51801,
93,Furman,2016,51802,
93,Furman,2016,56327,
93,Furman,2016,56328,
93,Furman,2016,56329,
93,Furman,2016,56330,1994-03-09
93,Furman,2016,56331,
256,Samford,2016,42495,
256,Samford,2016,43123,
256,Samford,2016,43863,
256,Samford,2016,47287,
256,Samford,2016,47289,
256,Samford,2016,47290,
256,Samford,2016,47291,
256,Samford,2016,47292,
256,Samford,2016,56393,
256,Samford,2016,56394,1993-11-21
256,Samford,2016,56395,
256,Samford,2016,56396,
256,Samford,2016,56397,
256,Samford,2016,56398,
256,Samford,2016,56399,1995-02-22
256,Samford,2016,59479,
256,Samford,2016,59729,
164,Mercer,2016,36729,
164,Mercer,2016,42852,
164,Mercer,2016,42854,
164,Mercer,2016,47265,
164,Mercer,2016,47266,
164,Mercer,2016,47267,
164,Mercer,2016,47268,1995-12-07
164,Mercer,2016,51107,
164,Mercer,2016,56650,
164,Mercer,2016,56651,1993-09-30
164,Mercer,2016,56652,1992-08-24
164,Mercer,2016,56653,1994-06-28
164,Mercer,2016,56654,
164,Mercer,2016,56655,1993-11-23
164,Mercer,2016,56656,
162,McNeese,2016,43749,
162,McNeese,2016,43750,
162,McNeese,2016,43751,
162,McNeese,2016,43754,
162,McNeese,2016,47257,1996-03-22
162,McNeese,2016,51203,1995-09-06
162,McNeese,2016,51204,
162,McNeese,2016,54866,
162,McNeese,2016,56030,1994-01-11
162,McNeese,2016,56031,1992-12-17
162,McNeese,2016,56032,1992-12-14
162,McNeese,2016,56033,
162,McNeese,2016,56034,1993-02-08
162,McNeese,2016,56035,
162,McNeese,2016,56036,
255,Sam Houston,2016,42597,
255,Sam Houston,2016,42599,
255,Sam Houston,2016,42600,
255,Sam Houston,2016,48106,
255,Sam Houston,2016,53114,1993-05-11
255,Sam Houston,2016,53115,1993-10-06
255,Sam Houston,2016,53116,1994-03-14
255,Sam Houston,2016,53117,
255,Sam Houston,2016,53118,1994-11-05
255,Sam Houston,2016,53120,
255,Sam Houston,2016,57995,
255,Sam Houston,2016,57996,
255,Sam Houston,2016,57997,
255,Sam Houston,2016,57998,
255,Sam Houston,2016,57999,1993-10-20
255,Sam Houston,2016,60987,
211,Northwestern State,2016,43236,
211,Northwestern State,2016,43237,
211,Northwestern State,2016,47338,
211,Northwestern State,2016,47339,
211,Northwestern State,2016,47340,
211,Northwestern State,2016,47341,1993-04-12
211,Northwestern State,2016,52717,1994-07-21
211,Northwestern State,2016,52718,1994-09-06
211,Northwestern State,2016,52719,1996-04-10
211,Northwestern State,2016,52720,1995-03-24
211,Northwestern State,2016,52721,
211,Northwestern State,2016,56159,1993-11-05
211,Northwestern State,2016,56160,
211,Northwestern State,2016,56161,
211,Northwestern State,2016,56162,
211,Northwestern State,2016,56163,
211,Northwestern State,2016,56164,
211,Northwestern State,2016,56165,1994-10-21
211,Northwestern State,2016,60236,
195,Nicholls,2016,41928,
195,Nicholls,2016,47191,
195,Nicholls,2016,47192,1994-06-22
195,Nicholls,2016,51877,
195,Nicholls,2016,51878,
195,Nicholls,2016,51879,
195,Nicholls,2016,51880,
195,Nicholls,2016,51881,
195,Nicholls,2016,51883,1994-12-01
195,Nicholls,2016,51884,
195,Nicholls,2016,51885,
195,Nicholls,2016,58144,
195,Nicholls,2016,58145,1993-05-12
195,Nicholls,2016,58146,
195,Nicholls,2016,58147,
195,Nicholls,2016,58148,
195,Nicholls,2016,58149,
195,Nicholls,2016,58150,
195,Nicholls,2016,58151,
246,SE Louisiana,2016,35703,
246,SE Louisiana,2016,41921,
246,SE Louisiana,2016,41922,
246,SE Louisiana,2016,41923,1996-04-21
246,SE Louisiana,2016,43686,
246,SE Louisiana,2016,47394,
246,SE Louisiana,2016,47396,
246,SE Louisiana,2016,47397,1995-08-22
246,SE Louisiana,2016,47398,
246,SE Louisiana,2016,52155,
246,SE Louisiana,2016,52158,
246,SE Louisiana,2016,57473,1992-07-16
246,SE Louisiana,2016,57474,
246,SE Louisiana,2016,57475,1992-07-03
246,SE Louisiana,2016,57476,
246,SE Louisiana,2016,57477,
246,SE Louisiana,2016,57478,
246,SE Louisiana,2016,60812,
246,SE Louisiana,2016,60816,
294,Texas A&M-Corpus Christi,2016,36589,
294,Texas A&M-Corpus Christi,2016,41890,1995-08-01
294,Texas A&M-Corpus Christi,2016,43701,1994-12-13
294,Texas A&M-Corpus Christi,2016,43703,
294,Texas A&M-Corpus Christi,2016,47380,
294,Texas A&M-Corpus Christi,2016,47384,
294,Texas A&M-Corpus Christi,2016,52143,1994-08-15
294,Texas A&M-Corpus Christi,2016,52144,1993-03-03
294,Texas A&M-Corpus Christi,2016,52145,1993-02-12
294,Texas A&M-Corpus Christi,2016,57158,1991-12-01
294,Texas A&M-Corpus Christi,2016,57159,1993-10-12
294,Texas A&M-Corpus Christi,2016,57160,1994-07-23
294,Texas A&M-Corpus Christi,2016,57161,1993-08-26
294,Texas A&M-Corpus Christi,2016,57162,1994-01-01
294,Texas A&M-Corpus Christi,2016,57163,1993-07-21
294,Texas A&M-Corpus Christi,2016,57164,
1,Abilene Christian,2016,25994,
1,Abilene Christian,2016,36150,
1,Abilene Christian,2016,42097,1996-11-25
1,Abilene Christian,2016,42099,
1,Abilene Christian,2016,42100,
1,Abilene Christian,2016,47386,
1,Abilene Christian,2016,47387,
1,Abilene Christian,2016,50279,
1,Abilene Christian,2016,52209,
1,Abilene Christian,2016,56233,
1,Abilene Christian,2016,56234,1994-07-08
1,Abilene Christian,2016,56235,1993-06-25
1,Abilene Christian,2016,56236,
193,New Orleans,2016,21194,
193,New Orleans,2016,36530,
193,New Orleans,2016,46590,
193,New Orleans,2016,46591,1995-02-19
193,New Orleans,2016,46593,
193,New Orleans,2016,52180,
193,New Orleans,2016,52181,
193,New Orleans,2016,52183,
193,New Orleans,2016,52184,
193,New Orleans,2016,52185,
193,New Orleans,2016,52186,
193,New Orleans,2016,52187,1994-10-18
193,New Orleans,2016,52648,1994-08-19
193,New Orleans,2016,55140,
193,New Orleans,2016,55924,1990-10-12
193,New Orleans,2016,57765,1992-11-12
193,New Orleans,2016,57766,1994-05-11
120,Incarnate Word,2016,32972,
120,Incarnate Word,2016,36257,
120,Incarnate Word,2016,42871,
120,Incarnate Word,2016,44241,
120,Incarnate Word,2016,47208,
120,Incarnate Word,2016,47210,
120,Incarnate Word,2016,47213,1995-08-19
120,Incarnate Word,2016,52263,1993-11-03
120,Incarnate Word,2016,52492,1993-09-27
120,Incarnate Word,2016,52493,1993-12-06
120,Incarnate Word,2016,57500,1994-01-26
120,Incarnate Word,2016,57501,1994-01-19
112,Houston Christian,2016,37001,
112,Houston Christian,2016,42615,1996-03-20
112,Houston Christian,2016,43713,
112,Houston Christian,2016,43714,1995-01-26
112,Houston Christian,2016,46579,
112,Houston Christian,2016,52027,1994-01-06
112,Houston Christian,2016,52029,1994-12-25
112,Houston Christian,2016,52030,1995-01-24
112,Houston Christian,2016,52031,1994-11-02
112,Houston Christian,2016,52033,
112,Houston Christian,2016,52034,
112,Houston Christian,2016,57336,1994-02-15
112,Houston Christian,2016,57337,
112,Houston Christian,2016,57338,1992-07-07
112,Houston Christian,2016,57339,
112,Houston Christian,2016,57340,
112,Houston Christian,2016,57341,
43,Central Arkansas,2016,43034,
43,Central Arkansas,2016,43035,
43,Central Arkansas,2016,46218,
43,Central Arkansas,2016,46219,
43,Central Arkansas,2016,46220,1996-01-06
43,Central Arkansas,2016,46221,
43,Central Arkansas,2016,46222,
43,Central Arkansas,2016,52485,
43,Central Arkansas,2016,52486,
43,Central Arkansas,2016,52487,
43,Central Arkansas,2016,57847,
43,Central Arkansas,2016,57848,
43,Central Arkansas,2016,57849,
43,Central Arkansas,2016,57850,
349,Western Illinois,2016,35541,
349,Western Illinois,2016,43186,1996-12-09
349,Western Illinois,2016,43187,
349,Western Illinois,2016,43190,
349,Western Illinois,2016,48117,
349,Western Illinois,2016,48118,
349,Western Illinois,2016,52620,
349,Western Illinois,2016,52621,
349,Western Illinois,2016,52622,
349,Western Illinois,2016,52623,
349,Western Illinois,2016,56014,
349,Western Illinois,2016,56015,
349,Western Illinois,2016,56016,
349,Western Illinois,2016,56017,
349,Western Illinois,2016,56018,
349,Western Illinois,2016,56019,
270,South Dakota State,2016,35171,
270,South Dakota State,2016,35796,
270,South Dakota State,2016,42943,1995-10-30
270,South Dakota State,2016,42944,1995-11-15
270,South Dakota State,2016,42945,1995-07-02
270,South Dakota State,2016,47557,
270,South Dakota State,2016,47558,
270,South Dakota State,2016,47560,1994-04-28
270,South Dakota State,2016,49616,1994-03-26
270,South Dakota State,2016,52933,
270,South Dakota State,2016,57458,1993-08-20
270,South Dakota State,2016,57459,
270,South Dakota State,2016,57460,
270,South Dakota State,2016,57461,
270,South Dakota State,2016,57462,1992-04-18
270,South Dakota State,2016,57463,
202,North Dakota State,2016,35678,1997-01-01
202,North Dakota State,2016,36364,
202,North Dakota State,2016,47981,
202,North Dakota State,2016,47982,1994-08-02
202,North Dakota State,2016,47983,
202,North Dakota State,2016,47984,
202,North Dakota State,2016,52451,1994-03-11
202,North Dakota State,2016,52452,1995-06-10
202,North Dakota State,2016,52453,
202,North Dakota State,2016,52455,
202,North Dakota State,2016,52456,
202,North Dakota State,2016,57215,1994-07-21
202,North Dakota State,2016,57216,
202,North Dakota State,2016,57217,
202,North Dakota State,2016,57218,1992-12-09
202,North Dakota State,2016,60675,
202,North Dakota State,2016,60676,
202,North Dakota State,2016,60677,
202,North Dakota State,2016,60678,
202,North Dakota State,2016,60679,
202,North Dakota State,2016,60680,
202,North Dakota State,2016,60681,
202,North Dakota State,2016,60682,
202,North Dakota State,2016,60683,
202,North Dakota State,2016,60684,
202,North Dakota State,2016,60685,
202,North Dakota State,2016,60686,
202,North Dakota State,2016,60687,
202,North Dakota State,2016,60688,
202,North Dakota State,2016,60689,
115,IU Indianapolis,2016,43163,1995-10-23
115,IU Indianapolis,2016,43166,
115,IU Indianapolis,2016,47884,
115,IU Indianapolis,2016,47885,
115,IU Indianapolis,2016,47886,1993-01-24
115,IU Indianapolis,2016,47890,
115,IU Indianapolis,2016,52331,1994-01-05
115,IU Indianapolis,2016,52332,
115,IU Indianapolis,2016,52335,
115,IU Indianapolis,2016,52337,
115,IU Indianapolis,2016,56237,1993-06-18
115,IU Indianapolis,2016,56238,1994-02-28
115,IU Indianapolis,2016,56239,1993-04-21
115,IU Indianapolis,2016,56240,
115,IU Indianapolis,2016,56241,
115,IU Indianapolis,2016,56242,
237,Purdue Fort Wayne,2016,41902,
237,Purdue Fort Wayne,2016,41903,1996-03-22
237,Purdue Fort Wayne,2016,46539,1994-12-26
237,Purdue Fort Wayne,2016,46540,1994-07-27
237,Purdue Fort Wayne,2016,52507,1993-10-11
237,Purdue Fort Wayne,2016,52508,1995-01-27
237,Purdue Fort Wayne,2016,52509,1994-12-21
237,Purdue Fort Wayne,2016,52510,1994-05-05
237,Purdue Fort Wayne,2016,52511,
237,Purdue Fort Wayne,2016,52512,1994-05-08
237,Purdue Fort Wayne,2016,57142,1993-02-28
237,Purdue Fort Wayne,2016,57143,
237,Purdue Fort Wayne,2016,57144,1993-11-11
237,Purdue Fort Wayne,2016,57145,
237,Purdue Fort Wayne,2016,57146,
269,South Dakota,2016,37627,1997-06-11
269,South Dakota,2016,42664,1995-02-07
269,South Dakota,2016,43674,
269,South Dakota,2016,43677,
269,South Dakota,2016,48098,1994-11-23
269,South Dakota,2016,48100,
269,South Dakota,2016,48227,
269,South Dakota,2016,52747,
269,South Dakota,2016,52787,
269,South Dakota,2016,56192,1993-08-14
269,South Dakota,2016,56193,
269,South Dakota,2016,56194,
269,South Dakota,2016,56195,
269,South Dakota,2016,56196,
269,South Dakota,2016,56197,
269,South Dakota,2016,56198,
269,South Dakota,2016,56199,
221,Omaha,2016,35925,
221,Omaha,2016,36543,
221,Omaha,2016,41840,1995-12-05
221,Omaha,2016,43086,
221,Omaha,2016,43087,
221,Omaha,2016,47160,1995-05-24
221,Omaha,2016,47163,1994-11-04
221,Omaha,2016,53223,1995-08-22
221,Omaha,2016,53224,1994-05-16
221,Omaha,2016,53225,1992-11-22
221,Omaha,2016,53226,
221,Omaha,2016,56885,1992-10-03
221,Omaha,2016,56886,
221,Omaha,2016,56887,
221,Omaha,2016,56888,
221,Omaha,2016,56889,
221,Omaha,2016,60662,
221,Omaha,2016,60663,
221,Omaha,2016,60664,
221,Omaha,2016,60665,
221,Omaha,2016,60666,
221,Omaha,2016,60667,
221,Omaha,2016,60668,
221,Omaha,2016,60669,
221,Omaha,2016,60670,
221,Omaha,2016,60671,
221,Omaha,2016,60672,
221,Omaha,2016,60673,
221,Omaha,2016,60674,
68,Denver,2016,36206,
68,Denver,2016,43270,
68,Denver,2016,43272,
68,Denver,2016,48446,1995-09-13
68,Denver,2016,48447,
68,Denver,2016,48448,
68,Denver,2016,48450,
68,Denver,2016,48451,
68,Denver,2016,48453,
68,Denver,2016,53367,
68,Denver,2016,53368,1994-11-02
68,Denver,2016,53369,
68,Denver,2016,53370,1995-01-10
68,Denver,2016,56657,1993-04-03
68,Denver,2016,56658,1994-02-07
68,Denver,2016,56659,1993-04-23
68,Denver,2016,58114,
68,Denver,2016,58115,
68,Denver,2016,58116,
68,Denver,2016,58117,
265,South Alabama,2016,36973,
265,South Alabama,2016,36974,1997-08-19
265,South Alabama,2016,44239,
265,South Alabama,2016,47370,
265,South Alabama,2016,47468,1994-12-25
265,South Alabama,2016,47470,
265,South Alabama,2016,47471,
265,South Alabama,2016,51612,
265,South Alabama,2016,52885,1994-03-12
265,South Alabama,2016,52886,1995-01-08
265,South Alabama,2016,52887,1993-05-09
265,South Alabama,2016,52888,1993-01-08
265,South Alabama,2016,52889,
265,South Alabama,2016,57121,1992-11-29
265,South Alabama,2016,57122,
265,South Alabama,2016,57123,
148,Louisiana,2016,43101,
148,Louisiana,2016,47311,
148,Louisiana,2016,47312,
148,Louisiana,2016,47313,1994-02-25
148,Louisiana,2016,47316,
148,Louisiana,2016,47317,
148,Louisiana,2016,52481,
148,Louisiana,2016,54427,1994-12-06
148,Louisiana,2016,55053,
148,Louisiana,2016,55277,1994-01-06
148,Louisiana,2016,56922,1993-01-29
148,Louisiana,2016,56923,
148,Louisiana,2016,56924,
148,Louisiana,2016,56925,
148,Louisiana,2016,56926,
148,Louisiana,2016,56927,1994-04-08
148,Louisiana,2016,56928,1994-06-05
148,Louisiana,2016,56929,
148,Louisiana,2016,60301,
148,Louisiana,2016,60727,
148,Louisiana,2016,60728,
148,Louisiana,2016,60729,
148,Louisiana,2016,60730,
148,Louisiana,2016,60731,
148,Louisiana,2016,60732,
148,Louisiana,2016,60733,
148,Louisiana,2016,60734,
148,Louisiana,2016,60735,
148,Louisiana,2016,60736,
148,Louisiana,2016,60737,
148,Louisiana,2016,60738,
148,Louisiana,2016,60739,
148,Louisiana,2016,60740,
148,Louisiana,2016,60741,
148,Louisiana,2016,60989,
148,Louisiana,2016,43210,
13,Arkansas State,2016,37696,
13,Arkansas State,2016,47154,
13,Arkansas State,2016,52035,
13,Arkansas State,2016,52448,
13,Arkansas State,2016,52449,1993-12-08
13,Arkansas State,2016,52450,
13,Arkansas State,2016,57380,
13,Arkansas State,2016,57381,
13,Arkansas State,2016,57382,
13,Arkansas State,2016,57383,
13,Arkansas State,2016,57384,1993-11-22
13,Arkansas State,2016,57385,
13,Arkansas State,2016,57386,1992-12-01
144,Little Rock,2016,37023,
144,Little Rock,2016,47973,
144,Little Rock,2016,47975,
144,Little Rock,2016,52038,
144,Little Rock,2016,52499,1994-07-25
144,Little Rock,2016,53161,
144,Little Rock,2016,53162,1994-12-09
144,Little Rock,2016,53163,
144,Little Rock,2016,53164,
144,Little Rock,2016,53165,1993-03-12
144,Little Rock,2016,53166,
144,Little Rock,2016,53168,1994-01-31
144,Little Rock,2016,53169,1993-11-27
144,Little Rock,2016,57832,
144,Little Rock,2016,57833,1994-03-17
144,Little Rock,2016,57834,1993-09-05
144,Little Rock,2016,57835,1992-10-20
302,Troy,2016,42710,
302,Troy,2016,42711,1997-05-12
302,Troy,2016,42712,
302,Troy,2016,44188,
302,Troy,2016,47569,
302,Troy,2016,47570,
302,Troy,2016,47572,1992-06-30
302,Troy,2016,52444,
302,Troy,2016,52445,
302,Troy,2016,52446,
302,Troy,2016,57237,
302,Troy,2016,57238,1995-06-11
302,Troy,2016,57239,1994-08-09
302,Troy,2016,60783,
302,Troy,2016,60784,
302,Troy,2016,60785,
302,Troy,2016,60786,
302,Troy,2016,60787,
302,Troy,2016,60788,
302,Troy,2016,60789,
302,Troy,2016,60790,
302,Troy,2016,60791,
302,Troy,2016,60792,
302,Troy,2016,60793,
302,Troy,2016,60794,
302,Troy,2016,60795,
302,Troy,2016,60796,
302,Troy,2016,57236,1993-01-10
316,UL Monroe,2016,37720,
316,UL Monroe,2016,42862,
316,UL Monroe,2016,42868,
316,UL Monroe,2016,47482,1994-07-28
316,UL Monroe,2016,51423,
316,UL Monroe,2016,51424,1994-06-28
316,UL Monroe,2016,51425,
316,UL Monroe,2016,51426,
316,UL Monroe,2016,56108,1993-03-01
316,UL Monroe,2016,56109,1993-02-18
316,UL Monroe,2016,56110,
316,UL Monroe,2016,56111,1993-02-19
316,UL Monroe,2016,56112,
316,UL Monroe,2016,60160,
316,UL Monroe,2016,60161,
316,UL Monroe,2016,60162,
316,UL Monroe,2016,60163,
316,UL Monroe,2016,60164,
297,Texas State,2016,41515,
297,Texas State,2016,41927,
297,Texas State,2016,44546,
297,Texas State,2016,48329,
297,Texas State,2016,52881,
297,Texas State,2016,52882,
297,Texas State,2016,52883,
297,Texas State,2016,52884,
297,Texas State,2016,58347,1994-04-03
297,Texas State,2016,58348,
297,Texas State,2016,58349,
297,Texas State,2016,58350,
297,Texas State,2016,58351,
297,Texas State,2016,58352,
99,Georgia Southern,2016,34946,
99,Georgia Southern,2016,42648,
99,Georgia Southern,2016,43506,
99,Georgia Southern,2016,43507,
99,Georgia Southern,2016,44073,1997-08-15
99,Georgia Southern,2016,44656,
99,Georgia Southern,2016,46868,
99,Georgia Southern,2016,46869,
99,Georgia Southern,2016,46870,
99,Georgia Southern,2016,46923,
99,Georgia Southern,2016,51911,
99,Georgia Southern,2016,51912,
99,Georgia Southern,2016,51913,
99,Georgia Southern,2016,51914,
99,Georgia Southern,2016,56699,
99,Georgia Southern,2016,56700,1992-12-17
99,Georgia Southern,2016,60059,
99,Georgia Southern,2016,60742,
99,Georgia Southern,2016,60743,
99,Georgia Southern,2016,60744,
99,Georgia Southern,2016,60745,
99,Georgia Southern,2016,60746,
99,Georgia Southern,2016,60747,
99,Georgia Southern,2016,60748,
99,Georgia Southern,2016,60749,
99,Georgia Southern,2016,60750,
99,Georgia Southern,2016,60751,
99,Georgia Southern,2016,60752,
99,Georgia Southern,2016,60753,
9,App State,2016,42158,
9,App State,2016,42159,1996-02-22
9,App State,2016,42161,
9,App State,2016,42162,
9,App State,2016,42165,
9,App State,2016,42166,
9,App State,2016,43704,
9,App State,2016,44285,
9,App State,2016,47956,
9,App State,2016,47958,
9,App State,2016,53309,
9,App State,2016,53310,
9,App State,2016,57755,1993-09-09
9,App State,2016,57756,1994-02-13
9,App State,2016,57757,1993-08-31
9,App State,2016,57758,1992-11-22
9,App State,2016,57759,1992-10-20
9,App State,2016,57760,
9,App State,2016,57761,1994-06-02
9,App State,2016,57762,
9,App State,2016,57763,
9,App State,2016,57764,1994-12-04
324,UT Arlington,2016,42899,
324,UT Arlington,2016,48124,1996-07-09
324,UT Arlington,2016,48126,
324,UT Arlington,2016,48127,
324,UT Arlington,2016,48128,1994-09-09
324,UT Arlington,2016,48131,
324,UT Arlington,2016,48134,
324,UT Arlington,2016,53336,
324,UT Arlington,2016,53337,
324,UT Arlington,2016,53338,
324,UT Arlington,2016,53339,1993-03-10
324,UT Arlington,2016,54640,
324,UT Arlington,2016,54641,
324,UT Arlington,2016,54642,1989-10-03
324,UT Arlington,2016,58033,
324,UT Arlington,2016,60769,
324,UT Arlington,2016,60770,
324,UT Arlington,2016,60771,
324,UT Arlington,2016,60772,
324,UT Arlington,2016,60773,
324,UT Arlington,2016,60774,
324,UT Arlington,2016,60775,
324,UT Arlington,2016,60776,
324,UT Arlington,2016,60777,
324,UT Arlington,2016,60778,
324,UT Arlington,2016,60779,
324,UT Arlington,2016,60780,
324,UT Arlington,2016,60781,
324,UT Arlington,2016,60782,
192,New Mexico State,2016,42983,
192,New Mexico State,2016,43309,
192,New Mexico State,2016,43347,
192,New Mexico State,2016,47143,1995-02-23
192,New Mexico State,2016,47419,
192,New Mexico State,2016,52762,
192,New Mexico State,2016,52763,1993-02-09
192,New Mexico State,2016,52764,
192,New Mexico State,2016,52765,
192,New Mexico State,2016,52766,
192,New Mexico State,2016,57342,1994-04-02
192,New Mexico State,2016,57343,
192,New Mexico State,2016,57344,
192,New Mexico State,2016,57345,
192,New Mexico State,2016,57346,
192,New Mexico State,2016,57347,1995-03-11
332,Utah Valley,2016,39596,
332,Utah Valley,2016,43289,
332,Utah Valley,2016,47169,
332,Utah Valley,2016,47670,
332,Utah Valley,2016,47805,1995-05-26
332,Utah Valley,2016,47806,
332,Utah Valley,2016,47810,
332,Utah Valley,2016,49056,
332,Utah Valley,2016,49058,
332,Utah Valley,2016,49059,
332,Utah Valley,2016,57410,
332,Utah Valley,2016,57411,1994-03-05
332,Utah Valley,2016,57412,
332,Utah Valley,2016,57413,
332,Utah Valley,2016,57414,
332,Utah Valley,2016,57415,
332,Utah Valley,2016,57416,
332,Utah Valley,2016,57417,
332,Utah Valley,2016,60648,
326,UT Rio Grande Valley,2016,34992,
326,UT Rio Grande Valley,2016,35781,
326,UT Rio Grande Valley,2016,42311,1994-07-21
326,UT Rio Grande Valley,2016,47046,
326,UT Rio Grande Valley,2016,47195,
326,UT Rio Grande Valley,2016,47197,
326,UT Rio Grande Valley,2016,47198,
326,UT Rio Grande Valley,2016,47199,1994-12-07
326,UT Rio Grande Valley,2016,47200,
326,UT Rio Grande Valley,2016,47201,
326,UT Rio Grande Valley,2016,56458,1993-03-23
326,UT Rio Grande Valley,2016,56459,1993-02-02
326,UT Rio Grande Valley,2016,56460,1992-10-06
326,UT Rio Grande Valley,2016,56461,
326,UT Rio Grande Valley,2016,56462,
326,UT Rio Grande Valley,2016,56463,
326,UT Rio Grande Valley,2016,59910,
36,Cal State Bakersfield,2016,30122,
36,Cal State Bakersfield,2016,43460,
36,Cal State Bakersfield,2016,43462,
36,Cal State Bakersfield,2016,47648,1995-06-20
36,Cal State Bakersfield,2016,50318,
36,Cal State Bakersfield,2016,53381,
36,Cal State Bakersfield,2016,53382,1993-03-13
36,Cal State Bakersfield,2016,53383,
36,Cal State Bakersfield,2016,53384,
36,Cal State Bakersfield,2016,55925,
36,Cal State Bakersfield,2016,58102,
36,Cal State Bakersfield,2016,58103,1992-03-15
36,Cal State Bakersfield,2016,58104,
130,Kansas City,2016,43291,
130,Kansas City,2016,46246,
130,Kansas City,2016,51267,
130,Kansas City,2016,51268,
130,Kansas City,2016,51269,
130,Kansas City,2016,51270,
130,Kansas City,2016,51272,
130,Kansas City,2016,51273,
130,Kansas City,2016,51274,1993-09-13
130,Kansas City,2016,57372,
130,Kansas City,2016,57373,
130,Kansas City,2016,57374,
130,Kansas City,2016,57375,
130,Kansas City,2016,57376,
130,Kansas City,2016,60257,
50,Chicago State,2016,42015,
50,Chicago State,2016,46484,
50,Chicago State,2016,47543,1997-02-14
50,Chicago State,2016,47549,
50,Chicago State,2016,53201,1994-11-13
50,Chicago State,2016,53202,
50,Chicago State,2016,53203,
50,Chicago State,2016,53204,
50,Chicago State,2016,53206,
50,Chicago State,2016,53207,
50,Chicago State,2016,57115,
50,Chicago State,2016,57116,
50,Chicago State,2016,57117,
50,Chicago State,2016,57118,
50,Chicago State,2016,57119,
50,Chicago State,2016,57120,
259,San Francisco,2016,43360,
259,San Francisco,2016,43412,1996-12-11
259,San Francisco,2016,43413,1995-12-20
259,San Francisco,2016,43415,
259,San Francisco,2016,44288,1996-12-22
259,San Francisco,2016,46091,
259,San Francisco,2016,47740,
259,San Francisco,2016,47742,
259,San Francisco,2016,47743,
259,San Francisco,2016,52892,1993-10-10
259,San Francisco,2016,52979,
259,San Francisco,2016,52980,1996-09-23
259,San Francisco,2016,56973,
259,San Francisco,2016,56974,
259,San Francisco,2016,56975,
259,San Francisco,2016,56976,1992-11-19
259,San Francisco,2016,56977,
259,San Francisco,2016,56978,
261,Santa Clara,2016,36297,
261,Santa Clara,2016,36572,1997-10-28
261,Santa Clara,2016,36651,
261,Santa Clara,2016,36956,
261,Santa Clara,2016,44246,
261,Santa Clara,2016,47705,
261,Santa Clara,2016,47706,
261,Santa Clara,2016,47710,
261,Santa Clara,2016,52907,
261,Santa Clara,2016,52908,1994-11-13
261,Santa Clara,2016,52909,
261,Santa Clara,2016,52912,
261,Santa Clara,2016,57589,1994-04-22
261,Santa Clara,2016,57590,
253,Saint Mary's,2016,34936,
253,Saint Mary's,2016,34939,
253,Saint Mary's,2016,35890,
253,Saint Mary's,2016,42019,
253,Saint Mary's,2016,43425,
253,Saint Mary's,2016,43755,
253,Saint Mary's,2016,43756,
253,Saint Mary's,2016,47828,1994-09-29
253,Saint Mary's,2016,47829,1995-10-25
253,Saint Mary's,2016,47830,1994-07-03
253,Saint Mary's,2016,51232,1993-10-01
253,Saint Mary's,2016,51233,1994-08-02
253,Saint Mary's,2016,57658,
102,Gonzaga,2016,41810,1995-08-25
102,Gonzaga,2016,41811,
102,Gonzaga,2016,41812,
102,Gonzaga,2016,43992,
102,Gonzaga,2016,46108,1995-05-22
102,Gonzaga,2016,46109,
102,Gonzaga,2016,48197,
102,Gonzaga,2016,51197,1993-11-08
102,Gonzaga,2016,51198,1994-09-16
102,Gonzaga,2016,51201,
102,Gonzaga,2016,51202,
102,Gonzaga,2016,58792,1992-10-20
102,Gonzaga,2016,58793,1993-04-06
102,Gonzaga,2016,58794,
102,Gonzaga,2016,58795,1996-05-03
102,Gonzaga,2016,58796,
228,Pepperdine,2016,36585,1997-11-02
228,Pepperdine,2016,43423,
228,Pepperdine,2016,45641,
228,Pepperdine,2016,47076,
228,Pepperdine,2016,47400,
228,Pepperdine,2016,52028,
228,Pepperdine,2016,52927,
228,Pepperdine,2016,52928,1994-11-11
228,Pepperdine,2016,52929,
228,Pepperdine,2016,52930,
228,Pepperdine,2016,52931,
228,Pepperdine,2016,57628,
228,Pepperdine,2016,57629,1994-10-11
228,Pepperdine,2016,57630,
228,Pepperdine,2016,57631,
228,Pepperdine,2016,57632,
228,Pepperdine,2016,57633,
153,Loyola Marymount,2016,42755,
153,Loyola Marymount,2016,42756,1994-04-13
153,Loyola Marymount,2016,48123,
153,Loyola Marymount,2016,52913,
153,Loyola Marymount,2016,52915,
153,Loyola Marymount,2016,52916,
153,Loyola Marymount,2016,52917,
153,Loyola Marymount,2016,57596,
153,Loyola Marymount,2016,57597,
153,Loyola Marymount,2016,57598,
153,Loyola Marymount,2016,57599,
153,Loyola Marymount,2016,57600,
153,Loyola Marymount,2016,57601,
153,Loyola Marymount,2016,57602,
153,Loyola Marymount,2016,57603,
258,San Diego,2016,34852,1996-11-16
258,San Diego,2016,36582,
258,San Diego,2016,42598,
258,San Diego,2016,43007,
258,San Diego,2016,43391,1996-11-12
258,San Diego,2016,43392,
258,San Diego,2016,48443,
258,San Diego,2016,48444,
258,San Diego,2016,52967,
258,San Diego,2016,57061,1994-03-23
258,San Diego,2016,57062,1992-07-25
258,San Diego,2016,57063,
258,San Diego,2016,57064,1994-03-18
258,San Diego,2016,57065,
230,Portland,2016,36346,
230,Portland,2016,36626,
230,Portland,2016,43421,
230,Portland,2016,43428,
230,Portland,2016,48204,
230,Portland,2016,48205,
230,Portland,2016,48206,
230,Portland,2016,52895,
230,Portland,2016,52896,
230,Portland,2016,52897,1995-04-26
230,Portland,2016,52898,1994-10-15
230,Portland,2016,57582,
230,Portland,2016,57583,
230,Portland,2016,57584,
18,BYU,2016,47676,
18,BYU,2016,36290,
18,BYU,2016,36294,
18,BYU,2016,41837,1994-10-07
18,BYU,2016,41839,
18,BYU,2016,42539,
18,BYU,2016,47809,
18,BYU,2016,48178,1995-04-19
18,BYU,2016,48179,
18,BYU,2016,48180,
18,BYU,2016,53629,1995-01-05
18,BYU,2016,53630,1992-01-13
18,BYU,2016,53632,
18,BYU,2016,53633,
18,BYU,2016,57418,1993-02-03
18,BYU,2016,57419,1991-10-03
18,BYU,2016,57420,
18,BYU,2016,57421,1990-10-10
18,BYU,2016,57422,
18,BYU,2016,57423,
18,BYU,2016,36292,1996-03-06
262,Seattle U,2016,34937,
262,Seattle U,2016,36368,
262,Seattle U,2016,43365,
262,Seattle U,2016,45490,
262,Seattle U,2016,47094,
262,Seattle U,2016,47677,
262,Seattle U,2016,52961,
262,Seattle U,2016,52962,
262,Seattle U,2016,52963,
262,Seattle U,2016,52964,
262,Seattle U,2016,52965,1994-10-08
262,Seattle U,2016,57649,
262,Seattle U,2016,57650,
282,Stephen F. Austin,2016,31363,
282,Stephen F. Austin,2016,33164,
282,Stephen F. Austin,2016,33176,
282,Stephen F. Austin,2016,34875,
282,Stephen F. Austin,2016,36935,
282,Stephen F. Austin,2016,42604,
282,Stephen F. Austin,2016,47947,
282,Stephen F. Austin,2016,50835,1994-09-12
282,Stephen F. Austin,2016,56042,1994-01-26
282,Stephen F. Austin,2016,56043,1992-12-30
282,Stephen F. Austin,2016,56044,1993-12-10
282,Stephen F. Austin,2016,56045,
282,Stephen F. Austin,2016,56046,
282,Stephen F. Austin,2016,56047,
282,Stephen F. Austin,2016,56048,
282,Stephen F. Austin,2016,56049,
313,UCLA,2016,37120,
313,UCLA,2016,37121,
313,UCLA,2016,43769,
313,UCLA,2016,46134,
313,UCLA,2016,46135,1996-02-03
313,UCLA,2016,46136,1996-09-30
313,UCLA,2016,46137,
313,UCLA,2016,46139,
313,UCLA,2016,51222,1994-05-14
313,UCLA,2016,51223,1995-01-18
313,UCLA,2016,51224,
313,UCLA,2016,53013,1995-02-01
313,UCLA,2016,57662,1993-09-18
313,UCLA,2016,57663,
313,UCLA,2016,57664,
313,UCLA,2016,57665,1996-01-02
343,Washington,2016,44195,
343,Washington,2016,47399,1994-03-07
343,Washington,2016,47692,
343,Washington,2016,47693,
343,Washington,2016,53508,
343,Washington,2016,55866,
343,Washington,2016,57611,1997-07-02
343,Washington,2016,57612,1996-09-19
343,Washington,2016,57613,1993-05-25
343,Washington,2016,57614,
343,Washington,2016,43446,
343,Washington,2016,43445,1997-03-04
343,Washington,2016,43443,
343,Washington,2016,47691,
343,Washington,2016,43447,
223,Oregon,2016,39597,
223,Oregon,2016,47457,
223,Oregon,2016,47763,1996-08-11
223,Oregon,2016,52919,
223,Oregon,2016,52999,1993-01-11
223,Oregon,2016,53000,1995-01-07
223,Oregon,2016,53001,1996-02-14
223,Oregon,2016,53002,1991-12-26
223,Oregon,2016,53003,1996-01-22
223,Oregon,2016,53004,
223,Oregon,2016,57623,1993-01-14
223,Oregon,2016,57624,
223,Oregon,2016,57625,
223,Oregon,2016,57626,1992-04-10
223,Oregon,2016,57627,
40,California,2016,44258,
40,California,2016,47616,1995-02-22
40,California,2016,47784,
40,California,2016,47785,
40,California,2016,47786,1995-04-22
40,California,2016,47787,
40,California,2016,52937,1994-07-03
40,California,2016,52938,1995-05-09
40,California,2016,52941,1995-02-14
40,California,2016,52942,1997-02-04
40,California,2016,52943,
40,California,2016,54328,1996-10-24
40,California,2016,54329,
40,California,2016,54330,1994-06-10
40,California,2016,51199,1994-06-22
40,California,2016,54331,1992-11-09
323,USC,2016,42996,
323,USC,2016,43099,
323,USC,2016,43456,1996-07-13
323,USC,2016,46067,1997-03-22
323,USC,2016,46068,1995-11-14
323,USC,2016,46069,1996-04-09
323,USC,2016,51460,1993-08-21
323,USC,2016,53012,1995-04-18
323,USC,2016,53237,
323,USC,2016,57066,1994-01-06
323,USC,2016,57067,
323,USC,2016,57068,1993-04-05
224,Oregon State,2016,34324,1995-03-08
224,Oregon State,2016,36671,1996-06-03
224,Oregon State,2016,37111,1997-09-13
224,Oregon State,2016,43248,1995-04-07
224,Oregon State,2016,43249,1997-03-23
224,Oregon State,2016,43316,
224,Oregon State,2016,47681,1997-02-01
224,Oregon State,2016,47683,1995-08-04
224,Oregon State,2016,47684,1993-12-10
224,Oregon State,2016,48075,1995-03-28
224,Oregon State,2016,52650,1994-09-13
224,Oregon State,2016,57938,1993-05-05
224,Oregon State,2016,57939,1992-12-01
224,Oregon State,2016,57940,1994-06-27
224,Oregon State,2016,57941,1993-09-16
224,Oregon State,2016,57942,1991-09-13
224,Oregon State,2016,57943,1993-09-06
224,Oregon State,2016,60189,1997-07-06
281,Stanford,2016,35593,
281,Stanford,2016,43384,
281,Stanford,2016,43405,1996-09-28
281,Stanford,2016,43436,1995-11-25
281,Stanford,2016,45982,1994-09-14
281,Stanford,2016,46610,
281,Stanford,2016,46611,1996-04-11
281,Stanford,2016,46613,
281,Stanford,2016,52986,1994-09-14
281,Stanford,2016,52987,
281,Stanford,2016,52988,1993-10-07
281,Stanford,2016,52990,
281,Stanford,2016,57427,1993-05-05
281,Stanford,2016,57428,
281,Stanford,2016,57429,
281,Stanford,2016,59962,
344,Washington State,2016,42269,
344,Washington State,2016,43370,
344,Washington State,2016,44461,1996-12-18
344,Washington State,2016,44462,
344,Washington State,2016,47165,
344,Washington State,2016,51873,
344,Washington State,2016,51874,
344,Washington State,2016,51875,1995-03-14
344,Washington State,2016,51876,
344,Washington State,2016,52971,1995-02-19
344,Washington State,2016,53302,
344,Washington State,2016,57256,
344,Washington State,2016,57257,
11,Arizona,2016,41987,1996-05-06
11,Arizona,2016,46017,1995-11-27
11,Arizona,2016,46018,1996-01-17
11,Arizona,2016,46019,
11,Arizona,2016,46608,
11,Arizona,2016,51945,1993-01-15
11,Arizona,2016,51946,1996-04-14
11,Arizona,2016,51948,
11,Arizona,2016,55969,
11,Arizona,2016,55970,1992-12-04
11,Arizona,2016,55971,1993-02-26
11,Arizona,2016,55972,1993-08-02
11,Arizona,2016,55973,1995-06-19
11,Arizona,2016,55974,1994-12-29
11,Arizona,2016,55975,1993-08-01
10,Arizona State,2016,28539,
10,Arizona State,2016,29562,
10,Arizona State,2016,47190,
10,Arizona State,2016,47216,
10,Arizona State,2016,47671,
10,Arizona State,2016,47672,1995-09-27
10,Arizona State,2016,47673,1994-07-19
10,Arizona State,2016,47674,
10,Arizona State,2016,52635,
10,Arizona State,2016,52636,1993-03-26
10,Arizona State,2016,56735,
10,Arizona State,2016,56736,1994-06-02
10,Arizona State,2016,56737,
10,Arizona State,2016,56738,1993-09-27
10,Arizona State,2016,56739,
56,Colorado,2016,43276,1995-03-20
56,Colorado,2016,47222,
56,Colorado,2016,47223,1994-01-15
56,Colorado,2016,47225,1995-02-17
56,Colorado,2016,48087,1994-10-05
56,Colorado,2016,52658,1994-07-14
56,Colorado,2016,52659,1993-06-08
56,Colorado,2016,52660,1994-07-02
56,Colorado,2016,52661,1994-09-01
56,Colorado,2016,52662,
56,Colorado,2016,52663,
56,Colorado,2016,56171,1993-07-13
56,Colorado,2016,56172,
56,Colorado,2016,56173,1994-08-03
56,Colorado,2016,56174,1994-08-15
56,Colorado,2016,56175,1992-12-22
331,Utah,2016,35994,
331,Utah,2016,36024,1997-08-01
331,Utah,2016,36245,
331,Utah,2016,43386,
331,Utah,2016,43393,1996-03-11
331,Utah,2016,43963,
331,Utah,2016,45802,
331,Utah,2016,47661,
331,Utah,2016,47804,1994-11-16
331,Utah,2016,52926,1994-02-04
331,Utah,2016,53273,1995-07-24
331,Utah,2016,53274,
331,Utah,2016,56008,1995-10-15
331,Utah,2016,56009,1993-11-26
331,Utah,2016,56010,1994-01-08
331,Utah,2016,56011,1994-05-13
331,Utah,2016,56012,
331,Utah,2016,56013,1993-06-30
104,Grand Canyon,2016,37372,
104,Grand Canyon,2016,42694,
104,Grand Canyon,2016,42830,
104,Grand Canyon,2016,42938,
104,Grand Canyon,2016,42939,
104,Grand Canyon,2016,47456,1994-10-24
104,Grand Canyon,2016,47458,
104,Grand Canyon,2016,47465,
104,Grand Canyon,2016,53238,
104,Grand Canyon,2016,53240,1994-02-10
104,Grand Canyon,2016,57354,1992-12-08
104,Grand Canyon,2016,57355,
104,Grand Canyon,2016,57356,
104,Grand Canyon,2016,57357,
104,Grand Canyon,2016,57358,
104,Grand Canyon,2016,57359,
104,Grand Canyon,2016,57360,1991-10-08
176,Missouri State,2016,42835,
176,Missouri State,2016,42837,
176,Missouri State,2016,42839,
176,Missouri State,2016,42111,
176,Missouri State,2016,47180,1994-03-15
176,Missouri State,2016,52526,
176,Missouri State,2016,52528,
176,Missouri State,2016,52529,
176,Missouri State,2016,52530,
176,Missouri State,2016,52531,1994-12-15
176,Missouri State,2016,57020,
176,Missouri State,2016,57021,1993-04-27
176,Missouri State,2016,57022,
176,Missouri State,2016,57023,
161,Massachusetts,2016,35506,
161,Massachusetts,2016,42348,
161,Massachusetts,2016,43747,
161,Massachusetts,2016,44149,
161,Massachusetts,2016,46103,
161,Massachusetts,2016,46450,
161,Massachusetts,2016,46469,1994-10-27
161,Massachusetts,2016,47226,1994-12-22
161,Massachusetts,2016,47682,1994-10-18
161,Massachusetts,2016,51431,
161,Massachusetts,2016,55911,1993-10-22
161,Massachusetts,2016,55912,1992-03-11
161,Massachusetts,2016,55913,1993-05-26
161,Massachusetts,2016,57697,1993-06-14
161,Massachusetts,2016,60725,
139,Lamar,2016,42776,1997-05-13
139,Lamar,2016,42783,
139,Lamar,2016,43879,
139,Lamar,2016,43880,
139,Lamar,2016,46231,
139,Lamar,2016,52196,1995-08-18
139,Lamar,2016,52197,
139,Lamar,2016,52199,
139,Lamar,2016,56784,
139,Lamar,2016,56785,
139,Lamar,2016,56786,
139,Lamar,2016,56787,
139,Lamar,2016,56788,1987-08-28
139,Lamar,2016,56789,
139,Lamar,2016,56790,
222,Oral Roberts,2016,36234,
222,Oral Roberts,2016,36277,
222,Oral Roberts,2016,42833,
222,Oral Roberts,2016,42987,1997-08-30
222,Oral Roberts,2016,47179,
222,Oral Roberts,2016,51835,1994-06-30
222,Oral Roberts,2016,51836,1993-08-31
222,Oral Roberts,2016,51837,1993-11-04
222,Oral Roberts,2016,51839,
222,Oral Roberts,2016,51840,
222,Oral Roberts,2016,53832,
222,Oral Roberts,2016,57024,
222,Oral Roberts,2016,57025,
222,Oral Roberts,2016,57026,
222,Oral Roberts,2016,57027,
334,VMI,2016,36406,
334,VMI,2016,43196,
334,VMI,2016,46727,
334,VMI,2016,51775,
334,VMI,2016,51776,
334,VMI,2016,51777,
334,VMI,2016,51778,1994-10-12
334,VMI,2016,51780,
334,VMI,2016,51781,
334,VMI,2016,57715,
334,VMI,2016,57716,
334,VMI,2016,57717,
334,VMI,2016,57718,
334,VMI,2016,57719,
334,VMI,2016,57720,
75,East Tennessee State,2016,46552,1992-12-16
75,East Tennessee State,2016,46555,
75,East Tennessee State,2016,46559,
75,East Tennessee State,2016,51770,
75,East Tennessee State,2016,51772,
75,East Tennessee State,2016,51773,1995-08-26
75,East Tennessee State,2016,51774,1994-11-24
75,East Tennessee State,2016,57799,1990-11-24
75,East Tennessee State,2016,57800,
75,East Tennessee State,2016,57801,
75,East Tennessee State,2016,57802,1993-02-15
75,East Tennessee State,2016,57803,
75,East Tennessee State,2016,57804,
75,East Tennessee State,2016,57805,1992-12-17
75,East Tennessee State,2016,57806,1992-09-19
75,East Tennessee State,2016,57807,
117,Idaho,2016,36561,
117,Idaho,2016,43337,
117,Idaho,2016,43378,
117,Idaho,2016,47622,
117,Idaho,2016,47623,
117,Idaho,2016,47624,1995-04-08
117,Idaho,2016,47625,
117,Idaho,2016,47626,1994-08-02
117,Idaho,2016,53385,
117,Idaho,2016,53386,
117,Idaho,2016,53387,
117,Idaho,2016,53388,1993-02-28
117,Idaho,2016,58105,
117,Idaho,2016,58106,
117,Idaho,2016,58107,1992-08-04
117,Idaho,2016,58108,1993-08-24
117,Idaho,2016,59810,
100,Georgia State,2016,42246,1997-03-20
100,Georgia State,2016,42247,
100,Georgia State,2016,42252,
100,Georgia State,2016,46431,
100,Georgia State,2016,46434,1995-06-23
100,Georgia State,2016,51862,
100,Georgia State,2016,51863,1994-02-25
100,Georgia State,2016,51864,
100,Georgia State,2016,51865,
100,Georgia State,2016,51866,1995-02-18
100,Georgia State,2016,56374,1992-10-28
100,Georgia State,2016,56375,1993-01-03
100,Georgia State,2016,56376,
100,Georgia State,2016,56377,1993-08-25
100,Georgia State,2016,56378,
225,Pacific,2016,42748,
225,Pacific,2016,43010,
225,Pacific,2016,44689,
225,Pacific,2016,47016,
225,Pacific,2016,48471,
225,Pacific,2016,51209,
225,Pacific,2016,51210,
225,Pacific,2016,51211,
225,Pacific,2016,51212,
225,Pacific,2016,51214,
225,Pacific,2016,51215,
225,Pacific,2016,51218,
225,Pacific,2016,51219,
225,Pacific,2016,55966,
225,Pacific,2016,55967,
225,Pacific,2016,55968,
301,Towson,2016,35453,
301,Towson,2016,42334,
301,Towson,2016,42526,
301,Towson,2016,42528,
301,Towson,2016,46409,
301,Towson,2016,46411,
301,Towson,2016,46413,1994-02-26
301,Towson,2016,53241,1993-06-24
301,Towson,2016,53242,1994-10-10
301,Towson,2016,55822,1994-02-09
301,Towson,2016,55823,1994-05-30
301,Towson,2016,57787,1993-05-18
301,Towson,2016,59318,
208,Northern Illinois,2016,35684,
208,Northern Illinois,2016,42418,
208,Northern Illinois,2016,42902,
208,Northern Illinois,2016,47800,
208,Northern Illinois,2016,47802,
208,Northern Illinois,2016,47818,
208,Northern Illinois,2016,51299,1993-10-22
208,Northern Illinois,2016,52350,
208,Northern Illinois,2016,52351,
208,Northern Illinois,2016,52352,
208,Northern Illinois,2016,52353,
208,Northern Illinois,2016,52936,1994-08-08
208,Northern Illinois,2016,56894,
208,Northern Illinois,2016,56895,1994-01-14
208,Northern Illinois,2016,56896,
208,Northern Illinois,2016,56897,
73,Duquesne,2016,35455,
73,Duquesne,2016,41325,
73,Duquesne,2016,43858,1995-12-06
73,Duquesne,2016,44310,
73,Duquesne,2016,48002,
73,Duquesne,2016,48003,1995-04-12
73,Duquesne,2016,48004,1994-01-07
73,Duquesne,2016,51309,1994-12-24
73,Duquesne,2016,51652,1994-10-12
73,Duquesne,2016,51655,
73,Duquesne,2016,51656,
73,Duquesne,2016,56561,1993-12-16
73,Duquesne,2016,56562,1993-07-30
73,Duquesne,2016,56563,1994-03-22
73,Duquesne,2016,56564,
73,Duquesne,2016,56565,1994-04-07
73,Duquesne,2016,56566,1995-01-19
73,Duquesne,2016,60964,
73,Duquesne,2016,60965,
73,Duquesne,2016,60966,
73,Duquesne,2016,60967,
311,UC Santa Barbara,2016,43362,
311,UC Santa Barbara,2016,43364,
311,UC Santa Barbara,2016,43366,
311,UC Santa Barbara,2016,47989,1996-06-14
311,UC Santa Barbara,2016,47990,1995-12-22
311,UC Santa Barbara,2016,47992,
311,UC Santa Barbara,2016,47994,
311,UC Santa Barbara,2016,47996,
311,UC Santa Barbara,2016,47997,1994-12-21
311,UC Santa Barbara,2016,56876,1993-11-11
311,UC Santa Barbara,2016,56877,
311,UC Santa Barbara,2016,56878,1992-08-22
311,UC Santa Barbara,2016,56879,
311,UC Santa Barbara,2016,56880,1993-07-19
311,UC Santa Barbara,2016,56881,1993-11-27
311,UC Santa Barbara,2016,56882,
311,UC Santa Barbara,2016,56883,
311,UC Santa Barbara,2016,56884,1994-09-30
48,Charlotte,2016,35523,
48,Charlotte,2016,36721,
48,Charlotte,2016,42283,1996-11-08
48,Charlotte,2016,46299,1994-07-27
48,Charlotte,2016,46769,
48,Charlotte,2016,52287,
48,Charlotte,2016,52288,1993-11-23
48,Charlotte,2016,52289,
48,Charlotte,2016,52290,
48,Charlotte,2016,57228,1992-11-17
48,Charlotte,2016,57229,1992-06-10
48,Charlotte,2016,57230,
48,Charlotte,2016,57231,
48,Charlotte,2016,57232,
48,Charlotte,2016,57233,
48,Charlotte,2016,57234,
48,Charlotte,2016,57235,
41,Campbell,2016,42652,
41,Campbell,2016,42653,1997-07-23
41,Campbell,2016,42656,
41,Campbell,2016,43998,
41,Campbell,2016,46278,
41,Campbell,2016,46282,
41,Campbell,2016,47366,
41,Campbell,2016,50316,
41,Campbell,2016,52424,1995-04-22
41,Campbell,2016,52425,1994-01-09
41,Campbell,2016,52427,
41,Campbell,2016,52428,1995-01-14
41,Campbell,2016,57138,1994-02-11
41,Campbell,2016,57139,1992-10-06
41,Campbell,2016,57140,1992-12-15
41,Campbell,2016,57141,
85,Florida A&M,2016,27971,
85,Florida A&M,2016,42299,
85,Florida A&M,2016,42471,
85,Florida A&M,2016,45472,
85,Florida A&M,2016,47452,
85,Florida A&M,2016,47453,
85,Florida A&M,2016,51172,
85,Florida A&M,2016,51831,
85,Florida A&M,2016,51832,
85,Florida A&M,2016,56224,
85,Florida A&M,2016,56225,
85,Florida A&M,2016,56226,
85,Florida A&M,2016,56227,
85,Florida A&M,2016,56228,
85,Florida A&M,2016,56229,
85,Florida A&M,2016,56230,
85,Florida A&M,2016,56231,
29,Bradley,2016,37525,
29,Bradley,2016,37576,
29,Bradley,2016,41478,
29,Bradley,2016,43694,
29,Bradley,2016,43695,
29,Bradley,2016,43699,
29,Bradley,2016,43700,
29,Bradley,2016,44464,
29,Bradley,2016,46477,1994-10-13
29,Bradley,2016,47891,
29,Bradley,2016,57075,
29,Bradley,2016,57076,
29,Bradley,2016,57077,1992-12-13
29,Bradley,2016,57078,
70,Drake,2016,35169,
70,Drake,2016,37036,1996-07-01
70,Drake,2016,43937,
70,Drake,2016,47936,
70,Drake,2016,47937,
70,Drake,2016,47938,
70,Drake,2016,47939,
70,Drake,2016,47940,
70,Drake,2016,47941,
70,Drake,2016,51654,1993-05-30
70,Drake,2016,52789,
70,Drake,2016,52790,
70,Drake,2016,52793,
70,Drake,2016,56850,1991-09-09
1074,Regis (CO),2016,33570,
1074,Regis (CO),2016,39818,
1074,Regis (CO),2016,60393,
1074,Regis (CO),2016,60394,
1074,Regis (CO),2016,60395,
1074,Regis (CO),2016,60396,
1074,Regis (CO),2016,60397,
1074,Regis (CO),2016,60398,
1074,Regis (CO),2016,60399,
1074,Regis (CO),2016,60400,
1074,Regis (CO),2016,60401,
1074,Regis (CO),2016,60402,
1074,Regis (CO),2016,60403,
1074,Regis (CO),2016,60404,
802,Webber International,2016,37604,
802,Webber International,2016,46183,
802,Webber International,2016,48950,
802,Webber International,2016,52291,
802,Webber International,2016,52293,
802,Webber International,2016,52294,
802,Webber International,2016,52296,
802,Webber International,2016,52299,
802,Webber International,2016,52301,
802,Webber International,2016,56690,
802,Webber International,2016,56691,
802,Webber International,2016,56692,
802,Webber International,2016,56693,
802,Webber International,2016,56694,
802,Webber International,2016,56695,
802,Webber International,2016,56696,
802,Webber International,2016,56697,
802,Webber International,2016,56698,
1087,Oberlin,2016,29046,
1087,Oberlin,2016,54915,
1087,Oberlin,2016,54916,
1087,Oberlin,2016,54917,
1087,Oberlin,2016,54918,
1087,Oberlin,2016,54919,
1087,Oberlin,2016,54920,
1087,Oberlin,2016,54921,
1087,Oberlin,2016,54922,
1087,Oberlin,2016,60631,
1087,Oberlin,2016,60632,
1087,Oberlin,2016,60633,
1087,Oberlin,2016,60634,
630,Dillard,2016,36062,
630,Dillard,2016,55626,
630,Dillard,2016,59260,
630,Dillard,2016,59261,
630,Dillard,2016,59262,
630,Dillard,2016,59263,
630,Dillard,2016,59264,
630,Dillard,2016,59265,
630,Dillard,2016,59266,
630,Dillard,2016,59267,
630,Dillard,2016,59268,
630,Dillard,2016,59269,
630,Dillard,2016,59270,
630,Dillard,2016,59271,
630,Dillard,2016,59272,
630,Dillard,2016,59273,
630,Dillard,2016,59274,
1101,Minnesota Morris,2016,44838,
1101,Minnesota Morris,2016,44839,
1101,Minnesota Morris,2016,44840,
1101,Minnesota Morris,2016,53479,
1101,Minnesota Morris,2016,53480,
1101,Minnesota Morris,2016,53481,
1101,Minnesota Morris,2016,53484,
1101,Minnesota Morris,2016,53485,
1101,Minnesota Morris,2016,56125,
1101,Minnesota Morris,2016,56126,
1101,Minnesota Morris,2016,56127,
1101,Minnesota Morris,2016,56128,
1101,Minnesota Morris,2016,56129,
606,Siena Heights,2016,25289,
606,Siena Heights,2016,36185,
606,Siena Heights,2016,46262,
606,Siena Heights,2016,46263,
606,Siena Heights,2016,46264,
606,Siena Heights,2016,54701,
606,Siena Heights,2016,54702,
606,Siena Heights,2016,54703,
606,Siena Heights,2016,58957,
606,Siena Heights,2016,58958,
606,Siena Heights,2016,58959,
606,Siena Heights,2016,58960,
606,Siena Heights,2016,58961,
606,Siena Heights,2016,58962,
606,Siena Heights,2016,58963,
606,Siena Heights,2016,58964,
606,Siena Heights,2016,58965,
599,Purchase,2016,41611,
599,Purchase,2016,41613,
599,Purchase,2016,41614,
599,Purchase,2016,41615,
599,Purchase,2016,41616,
599,Purchase,2016,41618,
599,Purchase,2016,41619,
599,Purchase,2016,41620,
599,Purchase,2016,41621,
599,Purchase,2016,41622,
856,WVU Tech,2016,33550,
856,WVU Tech,2016,33551,
856,WVU Tech,2016,33552,
856,WVU Tech,2016,33553,
856,WVU Tech,2016,33554,
856,WVU Tech,2016,33555,
856,WVU Tech,2016,33556,
856,WVU Tech,2016,33557,
856,WVU Tech,2016,33558,
856,WVU Tech,2016,33559,
856,WVU Tech,2016,33560,
856,WVU Tech,2016,33561,
856,WVU Tech,2016,33562,
856,WVU Tech,2016,33563,
856,WVU Tech,2016,33564,
856,WVU Tech,2016,45098,
856,WVU Tech,2016,50751,
756,Cairn University,2016,38160,
756,Cairn University,2016,38163,
756,Cairn University,2016,38167,
756,Cairn University,2016,38169,
756,Cairn University,2016,38170,
756,Cairn University,2016,38171,
756,Cairn University,2016,52573,
756,Cairn University,2016,52574,
756,Cairn University,2016,52575,
756,Cairn University,2016,52576,
756,Cairn University,2016,52577,
756,Cairn University,2016,52578,
756,Cairn University,2016,52579,
756,Cairn University,2016,60369,
756,Cairn University,2016,60370,
756,Cairn University,2016,60371,
756,Cairn University,2016,60372,
756,Cairn University,2016,60373,
756,Cairn University,2016,60374,
872,Ave Maria,2016,37613,
872,Ave Maria,2016,37623,
872,Ave Maria,2016,49144,
872,Ave Maria,2016,49147,
872,Ave Maria,2016,49695,
872,Ave Maria,2016,54401,
872,Ave Maria,2016,54402,
872,Ave Maria,2016,54404,
872,Ave Maria,2016,54405,
872,Ave Maria,2016,54406,
872,Ave Maria,2016,54407,
872,Ave Maria,2016,54408,
872,Ave Maria,2016,54409,
872,Ave Maria,2016,54410,
872,Ave Maria,2016,54411,
872,Ave Maria,2016,54412,
872,Ave Maria,2016,54413,
872,Ave Maria,2016,54414,
872,Ave Maria,2016,54415,
872,Ave Maria,2016,54416,
872,Ave Maria,2016,54417,1992-11-10
1269,Silver Lake,2016,48674,
1269,Silver Lake,2016,59627,
1269,Silver Lake,2016,59628,
1269,Silver Lake,2016,59629,
1269,Silver Lake,2016,59630,
1269,Silver Lake,2016,59631,
1269,Silver Lake,2016,59632,
1269,Silver Lake,2016,59633,
1269,Silver Lake,2016,59634,
1269,Silver Lake,2016,59635,
1269,Silver Lake,2016,59636,
1269,Silver Lake,2016,59637,
1269,Silver Lake,2016,59638,
1269,Silver Lake,2016,59639,
1269,Silver Lake,2016,59640,
1269,Silver Lake,2016,59641,
1269,Silver Lake,2016,59642,
1269,Silver Lake,2016,59643,
847,Lourdes University,2016,25482,
847,Lourdes University,2016,25483,
847,Lourdes University,2016,60573,
847,Lourdes University,2016,60574,
847,Lourdes University,2016,60575,
847,Lourdes University,2016,60576,
847,Lourdes University,2016,60577,
847,Lourdes University,2016,60578,
847,Lourdes University,2016,60579,
847,Lourdes University,2016,60580,
847,Lourdes University,2016,60581,
847,Lourdes University,2016,60582,
847,Lourdes University,2016,60583,
1314,Bristol,2016,57274,
1314,Bristol,2016,57275,
1314,Bristol,2016,57276,
1314,Bristol,2016,57277,
1314,Bristol,2016,57278,
1314,Bristol,2016,57279,
1314,Bristol,2016,57280,
1314,Bristol,2016,57281,
1314,Bristol,2016,57282,
1314,Bristol,2016,57283,
1314,Bristol,2016,57284,
1314,Bristol,2016,57285,
1314,Bristol,2016,57286,
1314,Bristol,2016,57287,
1229,Southeastern Oklahoma State,2016,39345,
1229,Southeastern Oklahoma State,2016,43887,
1229,Southeastern Oklahoma State,2016,43888,
1229,Southeastern Oklahoma State,2016,43894,
1229,Southeastern Oklahoma State,2016,43897,
1229,Southeastern Oklahoma State,2016,55108,
1229,Southeastern Oklahoma State,2016,55110,
1229,Southeastern Oklahoma State,2016,55112,
1229,Southeastern Oklahoma State,2016,55113,
1229,Southeastern Oklahoma State,2016,55114,
1229,Southeastern Oklahoma State,2016,55116,
1229,Southeastern Oklahoma State,2016,60435,1994-01-26
1229,Southeastern Oklahoma State,2016,60437,
1229,Southeastern Oklahoma State,2016,60438,
1229,Southeastern Oklahoma State,2016,60439,
1229,Southeastern Oklahoma State,2016,60440,
1229,Southeastern Oklahoma State,2016,60441,
1229,Southeastern Oklahoma State,2016,60442,
785,Lincoln (MO),2016,59352,
785,Lincoln (MO),2016,59353,
785,Lincoln (MO),2016,59354,
785,Lincoln (MO),2016,59355,
785,Lincoln (MO),2016,59356,
785,Lincoln (MO),2016,59357,
785,Lincoln (MO),2016,59358,
785,Lincoln (MO),2016,59359,
785,Lincoln (MO),2016,59360,
785,Lincoln (MO),2016,59361,
785,Lincoln (MO),2016,59362,
785,Lincoln (MO),2016,59363,
785,Lincoln (MO),2016,59364,
1146,Emmanuel (MA),2016,58815,
1146,Emmanuel (MA),2016,58816,
1146,Emmanuel (MA),2016,58817,
1146,Emmanuel (MA),2016,58818,
1146,Emmanuel (MA),2016,58819,
1146,Emmanuel (MA),2016,58820,
1146,Emmanuel (MA),2016,58821,
1146,Emmanuel (MA),2016,58822,
1146,Emmanuel (MA),2016,58823,
1146,Emmanuel (MA),2016,58824,
1146,Emmanuel (MA),2016,58825,
1146,Emmanuel (MA),2016,58826,
1146,Emmanuel (MA),2016,58827,
1146,Emmanuel (MA),2016,58828,
1146,Emmanuel (MA),2016,58829,
1146,Emmanuel (MA),2016,58830,
1146,Emmanuel (MA),2016,58831,
1146,Emmanuel (MA),2016,58832,
1146,Emmanuel (MA),2016,58833,
1146,Emmanuel (MA),2016,58834,
1146,Emmanuel (MA),2016,58835,
1146,Emmanuel (MA),2016,58836,
1146,Emmanuel (MA),2016,58837,
1146,Emmanuel (MA),2016,58838,
1146,Emmanuel (MA),2016,58839,
1146,Emmanuel (MA),2016,58840,
1146,Emmanuel (MA),2016,58841,
1146,Emmanuel (MA),2016,58842,
1146,Emmanuel (MA),2016,58843,
1146,Emmanuel (MA),2016,58844,
1146,Emmanuel (MA),2016,58845,
1146,Emmanuel (MA),2016,58846,
1146,Emmanuel (MA),2016,58847,
1146,Emmanuel (MA),2016,58848,
786,Milligan,2016,37492,
786,Milligan,2016,37494,
786,Milligan,2016,37503,
786,Milligan,2016,37504,
786,Milligan,2016,50417,
786,Milligan,2016,50420,
786,Milligan,2016,51312,
786,Milligan,2016,51314,
786,Milligan,2016,51315,
786,Milligan,2016,56285,
786,Milligan,2016,56286,
786,Milligan,2016,56287,
786,Milligan,2016,56288,
786,Milligan,2016,56289,
786,Milligan,2016,56290,
786,Milligan,2016,56291,
1289,Marygrove,2016,50797,
1289,Marygrove,2016,51720,
1289,Marygrove,2016,51722,
1289,Marygrove,2016,51723,
1289,Marygrove,2016,51725,
1289,Marygrove,2016,51726,
1289,Marygrove,2016,51730,
1289,Marygrove,2016,59305,
1289,Marygrove,2016,59306,
1289,Marygrove,2016,59307,
1289,Marygrove,2016,59308,
1289,Marygrove,2016,59309,
1289,Marygrove,2016,59310,
1289,Marygrove,2016,59311,
1289,Marygrove,2016,59312,
1289,Marygrove,2016,59313,
1289,Marygrove,2016,59314,
1289,Marygrove,2016,59315,
1289,Marygrove,2016,59316,
1295,Fort Lewis,2016,53929,
1295,Fort Lewis,2016,53930,
1295,Fort Lewis,2016,53931,
1295,Fort Lewis,2016,53932,
1295,Fort Lewis,2016,53933,
1295,Fort Lewis,2016,53937,
1295,Fort Lewis,2016,53938,
1295,Fort Lewis,2016,53939,
1295,Fort Lewis,2016,53943,
1295,Fort Lewis,2016,53944,
1295,Fort Lewis,2016,53945,
1295,Fort Lewis,2016,59652,
1295,Fort Lewis,2016,59653,1994-01-30
1295,Fort Lewis,2016,59654,
1295,Fort Lewis,2016,59655,
1295,Fort Lewis,2016,59656,
1295,Fort Lewis,2016,59657,
1295,Fort Lewis,2016,59658,
1295,Fort Lewis,2016,59659,
1100,Hartwick,2016,49775,
1100,Hartwick,2016,49776,
1100,Hartwick,2016,49777,
1100,Hartwick,2016,49783,
774,Walla Walla,2016,39396,
774,Walla Walla,2016,46287,
774,Walla Walla,2016,46289,
774,Walla Walla,2016,46291,
774,Walla Walla,2016,46295,
774,Walla Walla,2016,55559,
774,Walla Walla,2016,55560,
774,Walla Walla,2016,55561,
774,Walla Walla,2016,55563,
774,Walla Walla,2016,55565,
714,Florida Tech,2016,39756,
714,Florida Tech,2016,50924,
714,Florida Tech,2016,50926,
714,Florida Tech,2016,50927,
714,Florida Tech,2016,55742,
714,Florida Tech,2016,55743,
714,Florida Tech,2016,55744,
714,Florida Tech,2016,55745,
714,Florida Tech,2016,60472,
714,Florida Tech,2016,60473,
714,Florida Tech,2016,60474,
714,Florida Tech,2016,60475,
714,Florida Tech,2016,60476,
714,Florida Tech,2016,60477,
714,Florida Tech,2016,60478,
714,Florida Tech,2016,60479,
537,Louisiana Christian,2016,35811,
537,Louisiana Christian,2016,35818,
537,Louisiana Christian,2016,53340,
537,Louisiana Christian,2016,53341,
537,Louisiana Christian,2016,53342,
537,Louisiana Christian,2016,53343,
537,Louisiana Christian,2016,53344,
537,Louisiana Christian,2016,53352,
537,Louisiana Christian,2016,56914,
537,Louisiana Christian,2016,56915,
537,Louisiana Christian,2016,56916,
537,Louisiana Christian,2016,56917,
537,Louisiana Christian,2016,56918,
537,Louisiana Christian,2016,56919,
537,Louisiana Christian,2016,56920,
537,Louisiana Christian,2016,56921,
526,Newberry,2016,52272,
526,Newberry,2016,52273,
559,Howard Payne,2016,38043,
559,Howard Payne,2016,38049,
559,Howard Payne,2016,38050,
559,Howard Payne,2016,48940,
559,Howard Payne,2016,48946,
559,Howard Payne,2016,48947,
559,Howard Payne,2016,52188,
559,Howard Payne,2016,52189,
559,Howard Payne,2016,52193,
559,Howard Payne,2016,58568,
559,Howard Payne,2016,58569,
559,Howard Payne,2016,58570,
559,Howard Payne,2016,58571,
559,Howard Payne,2016,58572,
559,Howard Payne,2016,58573,
559,Howard Payne,2016,58574,
559,Howard Payne,2016,58575,
559,Howard Payne,2016,58576,
559,Howard Payne,2016,60300,
1293,Concordia Oregon,2016,53826,
1293,Concordia Oregon,2016,53828,
1293,Concordia Oregon,2016,53829,
1293,Concordia Oregon,2016,53831,
1293,Concordia Oregon,2016,53833,
1293,Concordia Oregon,2016,53834,
1293,Concordia Oregon,2016,53835,
1293,Concordia Oregon,2016,53838,
1293,Concordia Oregon,2016,53839,
1293,Concordia Oregon,2016,54775,
1293,Concordia Oregon,2016,59207,
1293,Concordia Oregon,2016,59208,
1293,Concordia Oregon,2016,59209,
1320,Penn State (Harrisburg),2016,59186,
1320,Penn State (Harrisburg),2016,59187,
1320,Penn State (Harrisburg),2016,59188,
1320,Penn State (Harrisburg),2016,59189,
1320,Penn State (Harrisburg),2016,59190,
1320,Penn State (Harrisburg),2016,59191,
1320,Penn State (Harrisburg),2016,59192,
1320,Penn State (Harrisburg),2016,59193,
1320,Penn State (Harrisburg),2016,59194,
1320,Penn State (Harrisburg),2016,59195,
1320,Penn State (Harrisburg),2016,59196,
1320,Penn State (Harrisburg),2016,59197,
1320,Penn State (Harrisburg),2016,59198,
1320,Penn State (Harrisburg),2016,59199,
1320,Penn State (Harrisburg),2016,59200,
1320,Penn State (Harrisburg),2016,59201,
1320,Penn State (Harrisburg),2016,59202,
1320,Penn State (Harrisburg),2016,59203,
1320,Penn State (Harrisburg),2016,59204,
1320,Penn State (Harrisburg),2016,59205,
861,Goldey-Beacom,2016,49256,
861,Goldey-Beacom,2016,49261,
861,Goldey-Beacom,2016,49269,
861,Goldey-Beacom,2016,49270,
861,Goldey-Beacom,2016,49271,
861,Goldey-Beacom,2016,49272,
861,Goldey-Beacom,2016,49273,
861,Goldey-Beacom,2016,58616,
861,Goldey-Beacom,2016,58617,
861,Goldey-Beacom,2016,58618,
861,Goldey-Beacom,2016,58619,
861,Goldey-Beacom,2016,58620,
861,Goldey-Beacom,2016,58621,
1188,Hampden-Sydney,2016,37561,
1188,Hampden-Sydney,2016,37562,
1188,Hampden-Sydney,2016,37563,
1188,Hampden-Sydney,2016,37564,
1188,Hampden-Sydney,2016,37565,
1188,Hampden-Sydney,2016,37566,
1188,Hampden-Sydney,2016,37567,
1188,Hampden-Sydney,2016,37568,
1188,Hampden-Sydney,2016,37569,
1188,Hampden-Sydney,2016,37570,
1188,Hampden-Sydney,2016,37571,
1188,Hampden-Sydney,2016,37572,
1188,Hampden-Sydney,2016,37573,
1188,Hampden-Sydney,2016,37574,
1188,Hampden-Sydney,2016,37575,1994-05-18
633,Augusta,2016,9820,
633,Augusta,2016,9821,2004-12-10
633,Augusta,2016,9822,2004-12-10
633,Augusta,2016,9824,
633,Augusta,2016,9825,2004-10-14
633,Augusta,2016,9827,
633,Augusta,2016,9828,
633,Augusta,2016,9829,
633,Augusta,2016,9830,2004-12-10
914,Point Loma Nazarene,2016,18675,
914,Point Loma Nazarene,2016,60635,
914,Point Loma Nazarene,2016,60636,
914,Point Loma Nazarene,2016,60637,
914,Point Loma Nazarene,2016,60638,
914,Point Loma Nazarene,2016,60639,
914,Point Loma Nazarene,2016,60640,
914,Point Loma Nazarene,2016,60641,
914,Point Loma Nazarene,2016,60642,1991-12-30
914,Point Loma Nazarene,2016,60643,
914,Point Loma Nazarene,2016,60644,
914,Point Loma Nazarene,2016,60645,
914,Point Loma Nazarene,2016,60646,
914,Point Loma Nazarene,2016,60647,
524,Vermont State - Lyndon,2016,38455,
524,Vermont State - Lyndon,2016,38457,
524,Vermont State - Lyndon,2016,50552,
524,Vermont State - Lyndon,2016,50553,
524,Vermont State - Lyndon,2016,50556,
524,Vermont State - Lyndon,2016,54236,
524,Vermont State - Lyndon,2016,54237,
524,Vermont State - Lyndon,2016,54238,
524,Vermont State - Lyndon,2016,54239,
524,Vermont State - Lyndon,2016,54240,
524,Vermont State - Lyndon,2016,54241,
524,Vermont State - Lyndon,2016,54243,
524,Vermont State - Lyndon,2016,56712,
524,Vermont State - Lyndon,2016,56713,
524,Vermont State - Lyndon,2016,56714,
524,Vermont State - Lyndon,2016,56715,
524,Vermont State - Lyndon,2016,56716,
524,Vermont State - Lyndon,2016,56717,
524,Vermont State - Lyndon,2016,56718,
524,Vermont State - Lyndon,2016,56719,
763,Colorado-Colorado Springs,2016,13263,
763,Colorado-Colorado Springs,2016,13264,
763,Colorado-Colorado Springs,2016,13265,
763,Colorado-Colorado Springs,2016,13266,
763,Colorado-Colorado Springs,2016,13267,
763,Colorado-Colorado Springs,2016,13268,
763,Colorado-Colorado Springs,2016,13269,
763,Colorado-Colorado Springs,2016,13270,
763,Colorado-Colorado Springs,2016,13271,
763,Colorado-Colorado Springs,2016,13272,
763,Colorado-Colorado Springs,2016,13273,
763,Colorado-Colorado Springs,2016,13274,
763,Colorado-Colorado Springs,2016,13275,
763,Colorado-Colorado Springs,2016,13276,
763,Colorado-Colorado Springs,2016,13277,
763,Colorado-Colorado Springs,2016,13278,
763,Colorado-Colorado Springs,2016,13279,
763,Colorado-Colorado Springs,2016,13280,
686,Spring Hill,2016,25494,
686,Spring Hill,2016,34563,
686,Spring Hill,2016,43206,
686,Spring Hill,2016,43208,
686,Spring Hill,2016,48987,
686,Spring Hill,2016,48990,
686,Spring Hill,2016,48991,
686,Spring Hill,2016,55400,
686,Spring Hill,2016,59559,
686,Spring Hill,2016,59560,
686,Spring Hill,2016,59561,1992-06-26
686,Spring Hill,2016,59562,
686,Spring Hill,2016,59563,
686,Spring Hill,2016,59564,
686,Spring Hill,2016,59565,
1117,Minnesota Duluth,2016,59122,
1117,Minnesota Duluth,2016,59123,
1117,Minnesota Duluth,2016,59124,
1117,Minnesota Duluth,2016,59125,
1117,Minnesota Duluth,2016,59126,
1117,Minnesota Duluth,2016,59127,
1117,Minnesota Duluth,2016,59128,
1117,Minnesota Duluth,2016,59129,
1117,Minnesota Duluth,2016,59130,
1117,Minnesota Duluth,2016,59131,
1117,Minnesota Duluth,2016,59132,
1117,Minnesota Duluth,2016,59133,
1117,Minnesota Duluth,2016,59134,
1117,Minnesota Duluth,2016,59135,
1117,Minnesota Duluth,2016,59136,
752,Thomas (ME),2016,38952,
752,Thomas (ME),2016,38963,
752,Thomas (ME),2016,38964,
752,Thomas (ME),2016,38965,
752,Thomas (ME),2016,38966,
853,Fresno Pacific,2016,33255,
853,Fresno Pacific,2016,33256,
853,Fresno Pacific,2016,33257,
853,Fresno Pacific,2016,33258,
853,Fresno Pacific,2016,33259,
853,Fresno Pacific,2016,33260,
853,Fresno Pacific,2016,33268,
853,Fresno Pacific,2016,33269,
853,Fresno Pacific,2016,33270,
853,Fresno Pacific,2016,33271,
853,Fresno Pacific,2016,33272,
853,Fresno Pacific,2016,33273,
853,Fresno Pacific,2016,33274,
853,Fresno Pacific,2016,33275,
853,Fresno Pacific,2016,33276,
674,Saint Mary's (MN),2016,10907,
674,Saint Mary's (MN),2016,10908,
674,Saint Mary's (MN),2016,10909,
674,Saint Mary's (MN),2016,37864,
674,Saint Mary's (MN),2016,55544,
674,Saint Mary's (MN),2016,55546,
674,Saint Mary's (MN),2016,55547,
674,Saint Mary's (MN),2016,55549,
674,Saint Mary's (MN),2016,55550,
674,Saint Mary's (MN),2016,55551,
674,Saint Mary's (MN),2016,55552,
674,Saint Mary's (MN),2016,58171,
674,Saint Mary's (MN),2016,58172,
674,Saint Mary's (MN),2016,58173,
674,Saint Mary's (MN),2016,58174,
674,Saint Mary's (MN),2016,58175,
674,Saint Mary's (MN),2016,58176,
674,Saint Mary's (MN),2016,58177,
1275,Black Hills State,2016,49761,
1275,Black Hills State,2016,49764,
1275,Black Hills State,2016,49770,
1275,Black Hills State,2016,50231,
1275,Black Hills State,2016,58588,
1275,Black Hills State,2016,58589,
1275,Black Hills State,2016,58590,
1275,Black Hills State,2016,58591,
1275,Black Hills State,2016,58592,
1275,Black Hills State,2016,58593,
1275,Black Hills State,2016,58594,
1275,Black Hills State,2016,58595,
1275,Black Hills State,2016,58596,
1275,Black Hills State,2016,58597,
1275,Black Hills State,2016,58598,
1275,Black Hills State,2016,58599,
1280,Susquehanna,2016,50654,
1280,Susquehanna,2016,50657,
1280,Susquehanna,2016,50660,
956,Florida Memorial,2016,40446,
956,Florida Memorial,2016,46367,
956,Florida Memorial,2016,46368,
956,Florida Memorial,2016,46369,
956,Florida Memorial,2016,46370,
956,Florida Memorial,2016,46375,
956,Florida Memorial,2016,51551,
956,Florida Memorial,2016,51552,
956,Florida Memorial,2016,51555,
956,Florida Memorial,2016,51556,1992-01-25
956,Florida Memorial,2016,58217,
956,Florida Memorial,2016,58218,
956,Florida Memorial,2016,58219,
956,Florida Memorial,2016,58220,
956,Florida Memorial,2016,58221,
956,Florida Memorial,2016,58222,
956,Florida Memorial,2016,58223,
956,Florida Memorial,2016,59626,
629,Menlo,2016,39360,
629,Menlo,2016,41456,
629,Menlo,2016,41846,
629,Menlo,2016,54784,
629,Menlo,2016,54785,
629,Menlo,2016,54786,
629,Menlo,2016,54788,
629,Menlo,2016,54789,
629,Menlo,2016,54790,
629,Menlo,2016,54791,
629,Menlo,2016,60259,
629,Menlo,2016,60260,
629,Menlo,2016,60261,
629,Menlo,2016,60262,
629,Menlo,2016,60263,
629,Menlo,2016,60264,
629,Menlo,2016,60265,
1134,Michigan-Dearborn,2016,31241,
1134,Michigan-Dearborn,2016,48253,
1134,Michigan-Dearborn,2016,48254,
1134,Michigan-Dearborn,2016,48256,
1134,Michigan-Dearborn,2016,48259,
1134,Michigan-Dearborn,2016,48260,
1134,Michigan-Dearborn,2016,48261,
1134,Michigan-Dearborn,2016,48263,
1134,Michigan-Dearborn,2016,48264,
1134,Michigan-Dearborn,2016,59154,
1134,Michigan-Dearborn,2016,59155,
1134,Michigan-Dearborn,2016,59156,
1134,Michigan-Dearborn,2016,59157,
1134,Michigan-Dearborn,2016,59158,
1134,Michigan-Dearborn,2016,59159,
1134,Michigan-Dearborn,2016,59160,
1134,Michigan-Dearborn,2016,59161,
1175,Simpson College (IA),2016,38669,
1175,Simpson College (IA),2016,38670,
1175,Simpson College (IA),2016,38671,
1175,Simpson College (IA),2016,38672,
1175,Simpson College (IA),2016,38679,
1175,Simpson College (IA),2016,38680,
1175,Simpson College (IA),2016,38681,
1175,Simpson College (IA),2016,38682,
1175,Simpson College (IA),2016,38683,
1175,Simpson College (IA),2016,38684,
1175,Simpson College (IA),2016,38685,
1175,Simpson College (IA),2016,38686,
1175,Simpson College (IA),2016,38687,
1175,Simpson College (IA),2016,38688,
1175,Simpson College (IA),2016,38689,
1175,Simpson College (IA),2016,38690,
1175,Simpson College (IA),2016,38691,
1175,Simpson College (IA),2016,38692,
1175,Simpson College (IA),2016,38693,
1175,Simpson College (IA),2016,56839,
1175,Simpson College (IA),2016,56840,
1175,Simpson College (IA),2016,56841,
1175,Simpson College (IA),2016,56842,
1175,Simpson College (IA),2016,56843,
1175,Simpson College (IA),2016,56844,
1175,Simpson College (IA),2016,56845,
1175,Simpson College (IA),2016,56846,
1175,Simpson College (IA),2016,56847,
1175,Simpson College (IA),2016,56848,
1175,Simpson College (IA),2016,56849,
533,Bob Jones,2016,37440,
533,Bob Jones,2016,46566,
533,Bob Jones,2016,46567,
533,Bob Jones,2016,46571,
533,Bob Jones,2016,46572,
533,Bob Jones,2016,59063,
533,Bob Jones,2016,59064,
533,Bob Jones,2016,59065,
533,Bob Jones,2016,59066,
533,Bob Jones,2016,59067,
533,Bob Jones,2016,59068,
533,Bob Jones,2016,59069,
533,Bob Jones,2016,59070,
533,Bob Jones,2016,59071,
533,Bob Jones,2016,59072,
533,Bob Jones,2016,59073,
588,Earlham College,2016,51471,
588,Earlham College,2016,51476,
588,Earlham College,2016,51477,
1026,Paine,2016,49152,
1026,Paine,2016,55051,
1026,Paine,2016,60120,
1026,Paine,2016,60121,
1026,Paine,2016,60122,
1026,Paine,2016,60123,
1026,Paine,2016,60124,
1026,Paine,2016,60125,
1026,Paine,2016,60126,
1026,Paine,2016,60127,
1026,Paine,2016,60128,
1026,Paine,2016,60129,
1026,Paine,2016,60130,
1026,Paine,2016,60131,
1026,Paine,2016,60132,
1026,Paine,2016,60133,
1026,Paine,2016,60134,
1026,Paine,2016,60135,
1026,Paine,2016,60136,
1026,Paine,2016,60137,
1153,College of Idaho,2016,45315,
1153,College of Idaho,2016,60353,
1153,College of Idaho,2016,60354,
1153,College of Idaho,2016,60355,
1153,College of Idaho,2016,60356,
1153,College of Idaho,2016,60357,
1153,College of Idaho,2016,60358,
1153,College of Idaho,2016,60359,
1153,College of Idaho,2016,60360,
1153,College of Idaho,2016,60361,
1153,College of Idaho,2016,60362,
1153,College of Idaho,2016,60363,
1153,College of Idaho,2016,60364,
1153,College of Idaho,2016,60365,
1153,College of Idaho,2016,60366,1995-06-16
1153,College of Idaho,2016,60367,
1153,College of Idaho,2016,60368,
1317,Roanoke,2016,37523,
1317,Roanoke,2016,58630,
1317,Roanoke,2016,58631,
1317,Roanoke,2016,58632,
1317,Roanoke,2016,58633,
1317,Roanoke,2016,58634,
1317,Roanoke,2016,58635,
1317,Roanoke,2016,58636,
1317,Roanoke,2016,58637,
1317,Roanoke,2016,58638,
1317,Roanoke,2016,58639,
1317,Roanoke,2016,58640,
1317,Roanoke,2016,58641,
1317,Roanoke,2016,58642,
1317,Roanoke,2016,58643,
1317,Roanoke,2016,58644,
626,Bluefield University,2016,48394,
626,Bluefield University,2016,48395,
626,Bluefield University,2016,48404,
626,Bluefield University,2016,60101,
626,Bluefield University,2016,60102,
626,Bluefield University,2016,60103,
626,Bluefield University,2016,60104,
626,Bluefield University,2016,60105,
626,Bluefield University,2016,60106,
626,Bluefield University,2016,60107,
626,Bluefield University,2016,60108,
626,Bluefield University,2016,60109,
626,Bluefield University,2016,60110,
626,Bluefield University,2016,60111,
626,Bluefield University,2016,60112,
626,Bluefield University,2016,60113,
626,Bluefield University,2016,60114,
823,Anderson (IN),2016,37999,
705,Puerto Rico-Mayaguez,2016,11769,2004-11-23
705,Puerto Rico-Mayaguez,2016,11770,2004-11-23
705,Puerto Rico-Mayaguez,2016,11771,2003-11-20
705,Puerto Rico-Mayaguez,2016,11772,
705,Puerto Rico-Mayaguez,2016,11773,
705,Puerto Rico-Mayaguez,2016,11774,
705,Puerto Rico-Mayaguez,2016,11775,
705,Puerto Rico-Mayaguez,2016,11776,
705,Puerto Rico-Mayaguez,2016,11777,
705,Puerto Rico-Mayaguez,2016,11778,
705,Puerto Rico-Mayaguez,2016,11779,
705,Puerto Rico-Mayaguez,2016,11780,
886,Tiffin,2016,35245,
886,Tiffin,2016,42137,
886,Tiffin,2016,42142,
886,Tiffin,2016,42144,
886,Tiffin,2016,49139,
886,Tiffin,2016,49140,
886,Tiffin,2016,58488,
886,Tiffin,2016,58489,
886,Tiffin,2016,58490,
886,Tiffin,2016,58491,
886,Tiffin,2016,58492,
886,Tiffin,2016,58493,
886,Tiffin,2016,58494,
886,Tiffin,2016,58495,
886,Tiffin,2016,58496,1994-06-24
886,Tiffin,2016,58497,
886,Tiffin,2016,58498,
886,Tiffin,2016,58499,
886,Tiffin,2016,58500,
886,Tiffin,2016,58501,
781,Willamette,2016,44850,
781,Willamette,2016,44851,
781,Willamette,2016,44852,
781,Willamette,2016,44853,
781,Willamette,2016,44854,
781,Willamette,2016,48736,
781,Willamette,2016,48737,
781,Willamette,2016,48738,
781,Willamette,2016,48739,
781,Willamette,2016,48741,
781,Willamette,2016,48742,
781,Willamette,2016,48743,
781,Willamette,2016,59660,
781,Willamette,2016,59661,
781,Willamette,2016,59662,
781,Willamette,2016,59663,
781,Willamette,2016,59664,
781,Willamette,2016,59665,
781,Willamette,2016,59666,
781,Willamette,2016,59667,
781,Willamette,2016,59668,
781,Willamette,2016,59669,
781,Willamette,2016,59670,
781,Willamette,2016,59671,
893,University of Saint Katherine,2016,40592,
893,University of Saint Katherine,2016,40593,
893,University of Saint Katherine,2016,40594,
893,University of Saint Katherine,2016,40595,
893,University of Saint Katherine,2016,40596,
893,University of Saint Katherine,2016,40597,
893,University of Saint Katherine,2016,40598,
893,University of Saint Katherine,2016,40599,
893,University of Saint Katherine,2016,40600,
893,University of Saint Katherine,2016,40601,
893,University of Saint Katherine,2016,40602,
893,University of Saint Katherine,2016,40603,
893,University of Saint Katherine,2016,40604,
893,University of Saint Katherine,2016,40605,
893,University of Saint Katherine,2016,40606,
893,University of Saint Katherine,2016,40607,
689,Randolph-Macon,2016,11343,
689,Randolph-Macon,2016,11344,
689,Randolph-Macon,2016,11345,
689,Randolph-Macon,2016,11346,
689,Randolph-Macon,2016,11352,
819,Mobile,2016,38637,
819,Mobile,2016,38647,
819,Mobile,2016,55351,
819,Mobile,2016,55352,
819,Mobile,2016,55353,
819,Mobile,2016,55354,
819,Mobile,2016,55355,
819,Mobile,2016,55356,
819,Mobile,2016,55359,
819,Mobile,2016,55360,
819,Mobile,2016,58853,1993-02-22
819,Mobile,2016,58854,
819,Mobile,2016,58855,1993-10-02
819,Mobile,2016,58856,
819,Mobile,2016,58857,
1252,CSU San Marcos,2016,45372,
970,Queens College NY,2016,58508,
970,Queens College NY,2016,58509,
970,Queens College NY,2016,58510,
970,Queens College NY,2016,58511,
970,Queens College NY,2016,58512,
970,Queens College NY,2016,58513,
970,Queens College NY,2016,58514,
970,Queens College NY,2016,58515,
970,Queens College NY,2016,58516,
970,Queens College NY,2016,58517,
970,Queens College NY,2016,58518,
970,Queens College NY,2016,58519,
970,Queens College NY,2016,58520,
970,Queens College NY,2016,58521,
970,Queens College NY,2016,58522,
1201,Caldwell,2016,39614,
1201,Caldwell,2016,39615,
1201,Caldwell,2016,39616,
1201,Caldwell,2016,39617,
1201,Caldwell,2016,39618,
1201,Caldwell,2016,39619,
1201,Caldwell,2016,39620,
1201,Caldwell,2016,39621,
1201,Caldwell,2016,39622,
1201,Caldwell,2016,39623,
1201,Caldwell,2016,39624,
1201,Caldwell,2016,39625,
1201,Caldwell,2016,39626,
590,Kentucky Christian,2016,50459,
590,Kentucky Christian,2016,50460,
590,Kentucky Christian,2016,50471,
590,Kentucky Christian,2016,52073,
590,Kentucky Christian,2016,59702,
590,Kentucky Christian,2016,59703,
590,Kentucky Christian,2016,59704,
590,Kentucky Christian,2016,59705,
590,Kentucky Christian,2016,59706,
590,Kentucky Christian,2016,59707,
590,Kentucky Christian,2016,59708,
590,Kentucky Christian,2016,59709,
590,Kentucky Christian,2016,59710,
590,Kentucky Christian,2016,59711,
590,Kentucky Christian,2016,59712,
579,Maine-Fort Kent,2016,49495,
579,Maine-Fort Kent,2016,49503,
579,Maine-Fort Kent,2016,49504,
579,Maine-Fort Kent,2016,49505,
579,Maine-Fort Kent,2016,49506,
579,Maine-Fort Kent,2016,49507,
579,Maine-Fort Kent,2016,49508,
579,Maine-Fort Kent,2016,49509,
579,Maine-Fort Kent,2016,49510,
579,Maine-Fort Kent,2016,49511,
579,Maine-Fort Kent,2016,49512,
579,Maine-Fort Kent,2016,49513,
579,Maine-Fort Kent,2016,49514,
579,Maine-Fort Kent,2016,49515,
579,Maine-Fort Kent,2016,49516,
579,Maine-Fort Kent,2016,49517,
579,Maine-Fort Kent,2016,49518,
729,Central Penn,2016,32991,
729,Central Penn,2016,53882,
729,Central Penn,2016,53883,
729,Central Penn,2016,53887,
729,Central Penn,2016,59074,
729,Central Penn,2016,59075,
729,Central Penn,2016,59076,
729,Central Penn,2016,59077,
729,Central Penn,2016,59078,
729,Central Penn,2016,59079,
729,Central Penn,2016,59080,
729,Central Penn,2016,59081,
729,Central Penn,2016,59082,
729,Central Penn,2016,59083,
729,Central Penn,2016,59594,
729,Central Penn,2016,60316,
729,Central Penn,2016,60352,
729,Central Penn,2016,60705,
1045,Holy Names University,2016,41540,
1045,Holy Names University,2016,41552,
1045,Holy Names University,2016,41553,
1045,Holy Names University,2016,41560,
1045,Holy Names University,2016,47714,
1045,Holy Names University,2016,54095,
1045,Holy Names University,2016,54096,
1045,Holy Names University,2016,54097,
1045,Holy Names University,2016,54098,
1045,Holy Names University,2016,54100,
1045,Holy Names University,2016,54101,
1045,Holy Names University,2016,54102,
1045,Holy Names University,2016,54103,
1045,Holy Names University,2016,54104,
1045,Holy Names University,2016,54105,
1045,Holy Names University,2016,54106,
1045,Holy Names University,2016,54107,
1045,Holy Names University,2016,54108,
1045,Holy Names University,2016,54109,
1045,Holy Names University,2016,54110,
880,Lyon,2016,37583,
880,Lyon,2016,42969,
880,Lyon,2016,50039,
880,Lyon,2016,58362,
880,Lyon,2016,58363,
880,Lyon,2016,58364,
880,Lyon,2016,58365,
880,Lyon,2016,58366,
880,Lyon,2016,58367,
880,Lyon,2016,58368,
880,Lyon,2016,58369,
880,Lyon,2016,58370,
880,Lyon,2016,58371,
880,Lyon,2016,58372,
880,Lyon,2016,58373,
575,Westminster (PA),2016,39896,
575,Westminster (PA),2016,39897,
575,Westminster (PA),2016,45039,
575,Westminster (PA),2016,45040,
575,Westminster (PA),2016,45041,
575,Westminster (PA),2016,45045,
575,Westminster (PA),2016,45046,
575,Westminster (PA),2016,49277,
575,Westminster (PA),2016,49283,
575,Westminster (PA),2016,54418,
575,Westminster (PA),2016,54419,
575,Westminster (PA),2016,54420,
575,Westminster (PA),2016,54421,
575,Westminster (PA),2016,54422,
575,Westminster (PA),2016,54423,
1180,Olivet Nazarene,2016,55289,
1180,Olivet Nazarene,2016,55295,
1180,Olivet Nazarene,2016,55296,
923,Belhaven,2016,34027,
923,Belhaven,2016,34028,
923,Belhaven,2016,34029,
923,Belhaven,2016,34030,
923,Belhaven,2016,34031,
923,Belhaven,2016,34035,
923,Belhaven,2016,34036,
923,Belhaven,2016,34037,
923,Belhaven,2016,34038,
923,Belhaven,2016,34039,
923,Belhaven,2016,34040,
923,Belhaven,2016,34041,
923,Belhaven,2016,34042,
923,Belhaven,2016,34043,
923,Belhaven,2016,34044,
923,Belhaven,2016,34045,
923,Belhaven,2016,34046,
997,Allen University,2016,37603,
997,Allen University,2016,44870,
997,Allen University,2016,45880,
997,Allen University,2016,49040,
997,Allen University,2016,53730,
997,Allen University,2016,53734,
997,Allen University,2016,53735,
997,Allen University,2016,53736,
997,Allen University,2016,53737,
997,Allen University,2016,56641,
997,Allen University,2016,56642,
997,Allen University,2016,56643,
997,Allen University,2016,56644,
997,Allen University,2016,56645,
997,Allen University,2016,56646,
997,Allen University,2016,56647,
997,Allen University,2016,56648,
997,Allen University,2016,56649,
997,Allen University,2016,60952,
997,Allen University,2016,60953,
997,Allen University,2016,60954,
997,Allen University,2016,60961,
997,Allen University,2016,60962,
556,Westminster (MO),2016,5901,
556,Westminster (MO),2016,5902,
556,Westminster (MO),2016,5903,
556,Westminster (MO),2016,5904,
556,Westminster (MO),2016,5905,
556,Westminster (MO),2016,5906,
556,Westminster (MO),2016,5907,
556,Westminster (MO),2016,5908,
556,Westminster (MO),2016,5909,
556,Westminster (MO),2016,5910,
556,Westminster (MO),2016,5911,
556,Westminster (MO),2016,5912,
556,Westminster (MO),2016,5913,
556,Westminster (MO),2016,5914,
556,Westminster (MO),2016,5915,
556,Westminster (MO),2016,5916,
556,Westminster (MO),2016,5917,
556,Westminster (MO),2016,5918,
556,Westminster (MO),2016,60543,
556,Westminster (MO),2016,60544,
1123,Texas Permian Basin,2016,59507,
1123,Texas Permian Basin,2016,59508,1994-02-07
1123,Texas Permian Basin,2016,59509,
1123,Texas Permian Basin,2016,59510,1990-02-11
1123,Texas Permian Basin,2016,59511,
1123,Texas Permian Basin,2016,59512,
1123,Texas Permian Basin,2016,59513,
1123,Texas Permian Basin,2016,59514,
1123,Texas Permian Basin,2016,59515,
1123,Texas Permian Basin,2016,59516,
1123,Texas Permian Basin,2016,59517,
1123,Texas Permian Basin,2016,59518,
1123,Texas Permian Basin,2016,59519,
1123,Texas Permian Basin,2016,59520,
1123,Texas Permian Basin,2016,59521,
1123,Texas Permian Basin,2016,59522,1995-07-29
879,Keystone,2016,55096,
879,Keystone,2016,55100,
879,Keystone,2016,55101,
879,Keystone,2016,55106,
723,Dalton State,2016,54491,
723,Dalton State,2016,54492,
723,Dalton State,2016,54493,
723,Dalton State,2016,54494,
723,Dalton State,2016,54495,
723,Dalton State,2016,54496,
723,Dalton State,2016,54497,
723,Dalton State,2016,54498,
723,Dalton State,2016,54499,
723,Dalton State,2016,54500,
723,Dalton State,2016,54501,
723,Dalton State,2016,54502,
723,Dalton State,2016,54503,
566,Northwest University,2016,45225,
566,Northwest University,2016,53123,
566,Northwest University,2016,53125,
566,Northwest University,2016,53128,
566,Northwest University,2016,53132,
737,Pittsburgh-Bradford,2016,12621,
737,Pittsburgh-Bradford,2016,12622,
737,Pittsburgh-Bradford,2016,12623,
737,Pittsburgh-Bradford,2016,57319,
737,Pittsburgh-Bradford,2016,57320,
737,Pittsburgh-Bradford,2016,57321,
737,Pittsburgh-Bradford,2016,57322,
737,Pittsburgh-Bradford,2016,57323,
737,Pittsburgh-Bradford,2016,57324,
737,Pittsburgh-Bradford,2016,57325,
737,Pittsburgh-Bradford,2016,57326,
737,Pittsburgh-Bradford,2016,57327,
737,Pittsburgh-Bradford,2016,57328,
737,Pittsburgh-Bradford,2016,57329,
737,Pittsburgh-Bradford,2016,57330,
737,Pittsburgh-Bradford,2016,57331,
737,Pittsburgh-Bradford,2016,57332,
1296,Selma,2016,54191,
1296,Selma,2016,59535,
1296,Selma,2016,59536,
1296,Selma,2016,59537,
1296,Selma,2016,59538,
1296,Selma,2016,59539,
1296,Selma,2016,59540,
1296,Selma,2016,59541,
1296,Selma,2016,59542,
1296,Selma,2016,59543,
1296,Selma,2016,59544,
1296,Selma,2016,59545,
1296,Selma,2016,59546,
1296,Selma,2016,59547,
1296,Selma,2016,59548,
1296,Selma,2016,59549,
1296,Selma,2016,59550,
1296,Selma,2016,59551,
1296,Selma,2016,59552,
1296,Selma,2016,59553,
1296,Selma,2016,59554,
1296,Selma,2016,59555,
1296,Selma,2016,59556,
1296,Selma,2016,59557,
1296,Selma,2016,59558,
782,Michigan Tech,2016,13823,
1056,Mount St. Joseph,2016,41418,
1056,Mount St. Joseph,2016,41419,
1056,Mount St. Joseph,2016,41420,
1056,Mount St. Joseph,2016,41421,
1056,Mount St. Joseph,2016,41425,
1056,Mount St. Joseph,2016,41426,
1056,Mount St. Joseph,2016,41427,
1056,Mount St. Joseph,2016,41428,
1056,Mount St. Joseph,2016,41429,
1056,Mount St. Joseph,2016,41430,
1056,Mount St. Joseph,2016,41431,
1056,Mount St. Joseph,2016,41432,
1056,Mount St. Joseph,2016,59237,
1056,Mount St. Joseph,2016,59238,
1056,Mount St. Joseph,2016,59239,
1056,Mount St. Joseph,2016,59240,
1056,Mount St. Joseph,2016,59241,
570,Life Pacific,2016,47712,
570,Life Pacific,2016,47719,
570,Life Pacific,2016,47722,
570,Life Pacific,2016,49917,
570,Life Pacific,2016,54130,
570,Life Pacific,2016,54131,
570,Life Pacific,2016,54132,
570,Life Pacific,2016,54133,
570,Life Pacific,2016,54134,
570,Life Pacific,2016,54135,
570,Life Pacific,2016,54136,
570,Life Pacific,2016,54137,
570,Life Pacific,2016,54138,
570,Life Pacific,2016,54139,
570,Life Pacific,2016,54140,
1274,Concordia College (AL),2016,44718,
1274,Concordia College (AL),2016,49741,
1274,Concordia College (AL),2016,49742,
1274,Concordia College (AL),2016,49743,
1274,Concordia College (AL),2016,49744,
1274,Concordia College (AL),2016,49745,
1274,Concordia College (AL),2016,49746,
1274,Concordia College (AL),2016,49747,
1274,Concordia College (AL),2016,49748,
1274,Concordia College (AL),2016,49749,
1274,Concordia College (AL),2016,49750,
1274,Concordia College (AL),2016,49751,
1274,Concordia College (AL),2016,49752,
1274,Concordia College (AL),2016,49753,
1274,Concordia College (AL),2016,49754,
1274,Concordia College (AL),2016,49755,
1274,Concordia College (AL),2016,49756,
1274,Concordia College (AL),2016,49757,
367,Centenary (LA),2016,43219,
367,Centenary (LA),2016,43221,
367,Centenary (LA),2016,43228,
367,Centenary (LA),2016,47388,
367,Centenary (LA),2016,47389,
367,Centenary (LA),2016,47392,
367,Centenary (LA),2016,51420,
367,Centenary (LA),2016,58622,1992-12-03
367,Centenary (LA),2016,58623,
367,Centenary (LA),2016,58624,
367,Centenary (LA),2016,58625,
367,Centenary (LA),2016,58626,
367,Centenary (LA),2016,58627,
367,Centenary (LA),2016,58628,
367,Centenary (LA),2016,58629,
983,Clayton State,2016,31249,
983,Clayton State,2016,31250,
983,Clayton State,2016,31251,
983,Clayton State,2016,31252,
983,Clayton State,2016,31253,
983,Clayton State,2016,31254,
983,Clayton State,2016,31255,
983,Clayton State,2016,31256,
983,Clayton State,2016,31257,
983,Clayton State,2016,31258,
983,Clayton State,2016,31259,
983,Clayton State,2016,31260,
983,Clayton State,2016,31261,
896,Valley City,2016,48466,
896,Valley City,2016,50494,
896,Valley City,2016,50495,
896,Valley City,2016,50496,
896,Valley City,2016,50497,
896,Valley City,2016,50504,
896,Valley City,2016,58764,
896,Valley City,2016,58765,
896,Valley City,2016,58766,
896,Valley City,2016,58767,
896,Valley City,2016,58768,
896,Valley City,2016,58769,
896,Valley City,2016,58770,
609,Coastal Georgia,2016,59921,
609,Coastal Georgia,2016,59922,
609,Coastal Georgia,2016,59923,
609,Coastal Georgia,2016,59924,1991-03-06
609,Coastal Georgia,2016,59925,
609,Coastal Georgia,2016,59926,
609,Coastal Georgia,2016,59927,
609,Coastal Georgia,2016,59928,
609,Coastal Georgia,2016,59929,
609,Coastal Georgia,2016,59930,
609,Coastal Georgia,2016,59931,
609,Coastal Georgia,2016,59932,
694,Mitchell College,2016,11481,
694,Mitchell College,2016,11489,
694,Mitchell College,2016,11490,
1211,Johnson & Wales (CO),2016,40908,
1211,Johnson & Wales (CO),2016,40918,
1211,Johnson & Wales (CO),2016,40919,
1211,Johnson & Wales (CO),2016,40920,
1211,Johnson & Wales (CO),2016,40921,
1211,Johnson & Wales (CO),2016,40922,
1211,Johnson & Wales (CO),2016,48911,
1211,Johnson & Wales (CO),2016,48913,
1211,Johnson & Wales (CO),2016,53850,
1211,Johnson & Wales (CO),2016,53851,
1211,Johnson & Wales (CO),2016,53852,
1211,Johnson & Wales (CO),2016,53853,
1211,Johnson & Wales (CO),2016,53855,
1211,Johnson & Wales (CO),2016,53857,
1211,Johnson & Wales (CO),2016,60333,
1211,Johnson & Wales (CO),2016,60334,
1211,Johnson & Wales (CO),2016,60335,
1211,Johnson & Wales (CO),2016,60336,1989-04-01
1211,Johnson & Wales (CO),2016,60337,
1211,Johnson & Wales (CO),2016,60338,
1211,Johnson & Wales (CO),2016,60339,
1211,Johnson & Wales (CO),2016,60340,
1211,Johnson & Wales (CO),2016,60341,
1211,Johnson & Wales (CO),2016,60342,
1211,Johnson & Wales (CO),2016,60343,
1211,Johnson & Wales (CO),2016,60344,
1211,Johnson & Wales (CO),2016,60345,
1211,Johnson & Wales (CO),2016,60346,
1211,Johnson & Wales (CO),2016,60347,
1211,Johnson & Wales (CO),2016,60348,
1211,Johnson & Wales (CO),2016,60349,
954,Greensboro College,2016,46910,
954,Greensboro College,2016,46916,
954,Greensboro College,2016,51433,
954,Greensboro College,2016,51434,
954,Greensboro College,2016,51436,
954,Greensboro College,2016,51437,
954,Greensboro College,2016,51438,
954,Greensboro College,2016,51439,
954,Greensboro College,2016,51447,
954,Greensboro College,2016,51448,
954,Greensboro College,2016,57836,
954,Greensboro College,2016,57837,
954,Greensboro College,2016,57838,
954,Greensboro College,2016,57839,
954,Greensboro College,2016,57840,
954,Greensboro College,2016,57841,
954,Greensboro College,2016,57842,
954,Greensboro College,2016,57843,
530,York College Nebraska,2016,59847,
530,York College Nebraska,2016,59848,
530,York College Nebraska,2016,59849,
530,York College Nebraska,2016,59850,
530,York College Nebraska,2016,59851,
530,York College Nebraska,2016,59852,
530,York College Nebraska,2016,59853,
530,York College Nebraska,2016,59854,
530,York College Nebraska,2016,59855,
530,York College Nebraska,2016,59856,
530,York College Nebraska,2016,59857,
530,York College Nebraska,2016,59858,
530,York College Nebraska,2016,59859,
530,York College Nebraska,2016,59860,
530,York College Nebraska,2016,59861,
530,York College Nebraska,2016,59862,
530,York College Nebraska,2016,59863,
530,York College Nebraska,2016,59864,
530,York College Nebraska,2016,59865,
530,York College Nebraska,2016,59866,
530,York College Nebraska,2016,59867,
889,Pacific Union,2016,54819,
889,Pacific Union,2016,54820,
889,Pacific Union,2016,54824,
889,Pacific Union,2016,55581,
889,Pacific Union,2016,59581,
889,Pacific Union,2016,59582,
889,Pacific Union,2016,59583,
889,Pacific Union,2016,59584,
889,Pacific Union,2016,59585,
889,Pacific Union,2016,59586,
889,Pacific Union,2016,59587,
889,Pacific Union,2016,59588,
889,Pacific Union,2016,59589,
889,Pacific Union,2016,59590,
889,Pacific Union,2016,59591,
889,Pacific Union,2016,59592,
889,Pacific Union,2016,59593,
653,UT Permian Basin,2016,40804,
653,UT Permian Basin,2016,40811,
653,UT Permian Basin,2016,40813,
653,UT Permian Basin,2016,40814,1988-05-20
589,Lewis & Clark,2016,54226,
589,Lewis & Clark,2016,54227,
589,Lewis & Clark,2016,54229,
589,Lewis & Clark,2016,54233,
589,Lewis & Clark,2016,54234,
643,Mercy,2016,59595,
643,Mercy,2016,59596,
643,Mercy,2016,59597,
643,Mercy,2016,59598,
643,Mercy,2016,59599,
643,Mercy,2016,59600,
643,Mercy,2016,59601,
643,Mercy,2016,59602,
643,Mercy,2016,59603,
643,Mercy,2016,59604,
643,Mercy,2016,59605,
643,Mercy,2016,59606,
643,Mercy,2016,59607,
643,Mercy,2016,59608,
643,Mercy,2016,59609,
643,Mercy,2016,59610,
643,Mercy,2016,59611,1995-06-07
701,Texas Wesleyan,2016,58244,1991-09-22
701,Texas Wesleyan,2016,50585,
701,Texas Wesleyan,2016,58238,
701,Texas Wesleyan,2016,58239,
701,Texas Wesleyan,2016,58240,
701,Texas Wesleyan,2016,58241,
701,Texas Wesleyan,2016,58242,
701,Texas Wesleyan,2016,58243,
701,Texas Wesleyan,2016,58245,
701,Texas Wesleyan,2016,58246,
701,Texas Wesleyan,2016,58247,
701,Texas Wesleyan,2016,58248,
701,Texas Wesleyan,2016,58249,
701,Texas Wesleyan,2016,58250,
701,Texas Wesleyan,2016,58251,
701,Texas Wesleyan,2016,58252,
1006,Central Baptist College,2016,53137,1992-06-26
1006,Central Baptist College,2016,53139,
1006,Central Baptist College,2016,53140,
1006,Central Baptist College,2016,53144,
1006,Central Baptist College,2016,53145,
1006,Central Baptist College,2016,53146,
1006,Central Baptist College,2016,53147,
1006,Central Baptist College,2016,53152,
1006,Central Baptist College,2016,53154,
1006,Central Baptist College,2016,53157,
1006,Central Baptist College,2016,53158,
1006,Central Baptist College,2016,53159,
1006,Central Baptist College,2016,53160,
1006,Central Baptist College,2016,57820,
1006,Central Baptist College,2016,57821,
1006,Central Baptist College,2016,57822,
1006,Central Baptist College,2016,57823,
1006,Central Baptist College,2016,57824,
1006,Central Baptist College,2016,57825,
1006,Central Baptist College,2016,57826,
1006,Central Baptist College,2016,57827,
1006,Central Baptist College,2016,57828,
1006,Central Baptist College,2016,57829,
1006,Central Baptist College,2016,57830,
1006,Central Baptist College,2016,57831,
941,Bridgewater College (VA),2016,46310,
941,Bridgewater College (VA),2016,48480,
941,Bridgewater College (VA),2016,53074,
941,Bridgewater College (VA),2016,53075,
941,Bridgewater College (VA),2016,53076,
941,Bridgewater College (VA),2016,53077,
941,Bridgewater College (VA),2016,53078,
941,Bridgewater College (VA),2016,53080,
941,Bridgewater College (VA),2016,53081,
941,Bridgewater College (VA),2016,55214,
941,Bridgewater College (VA),2016,60481,
941,Bridgewater College (VA),2016,60482,
941,Bridgewater College (VA),2016,60483,
941,Bridgewater College (VA),2016,60484,
941,Bridgewater College (VA),2016,60485,1995-10-28
941,Bridgewater College (VA),2016,60486,
941,Bridgewater College (VA),2016,60487,
875,UT Tyler,2016,46774,
875,UT Tyler,2016,58330,1993-12-13
875,UT Tyler,2016,58331,
875,UT Tyler,2016,58332,
875,UT Tyler,2016,58333,
875,UT Tyler,2016,58334,
875,UT Tyler,2016,58335,
875,UT Tyler,2016,58336,
875,UT Tyler,2016,58337,
875,UT Tyler,2016,58338,
875,UT Tyler,2016,58339,
875,UT Tyler,2016,58340,
875,UT Tyler,2016,58341,
875,UT Tyler,2016,58342,
875,UT Tyler,2016,58343,
875,UT Tyler,2016,58344,
875,UT Tyler,2016,58345,
875,UT Tyler,2016,58346,
804,Southwestern Christian,2016,39578,
804,Southwestern Christian,2016,39579,
804,Southwestern Christian,2016,39580,
804,Southwestern Christian,2016,39581,
804,Southwestern Christian,2016,39582,
804,Southwestern Christian,2016,39583,
804,Southwestern Christian,2016,39584,
804,Southwestern Christian,2016,39585,
804,Southwestern Christian,2016,39586,
804,Southwestern Christian,2016,39587,
804,Southwestern Christian,2016,39588,
804,Southwestern Christian,2016,39589,
804,Southwestern Christian,2016,39590,
804,Southwestern Christian,2016,39591,
804,Southwestern Christian,2016,39592,
758,Harris-Stowe State,2016,45561,
758,Harris-Stowe State,2016,49971,
758,Harris-Stowe State,2016,49978,
758,Harris-Stowe State,2016,56805,
758,Harris-Stowe State,2016,56806,
758,Harris-Stowe State,2016,56807,
758,Harris-Stowe State,2016,56808,
758,Harris-Stowe State,2016,56809,
758,Harris-Stowe State,2016,56810,
758,Harris-Stowe State,2016,56811,
758,Harris-Stowe State,2016,56812,
758,Harris-Stowe State,2016,56813,
758,Harris-Stowe State,2016,56814,
758,Harris-Stowe State,2016,56815,
758,Harris-Stowe State,2016,56816,
758,Harris-Stowe State,2016,56817,
758,Harris-Stowe State,2016,56818,
758,Harris-Stowe State,2016,56819,
758,Harris-Stowe State,2016,56820,
758,Harris-Stowe State,2016,56821,
758,Harris-Stowe State,2016,56822,
758,Harris-Stowe State,2016,56823,
758,Harris-Stowe State,2016,56824,
758,Harris-Stowe State,2016,56825,
758,Harris-Stowe State,2016,56826,
758,Harris-Stowe State,2016,56827,
758,Harris-Stowe State,2016,56828,
758,Harris-Stowe State,2016,56829,
758,Harris-Stowe State,2016,56830,
758,Harris-Stowe State,2016,56831,1992-09-20
652,Colorado Christian,2016,39819,
652,Colorado Christian,2016,39820,
652,Colorado Christian,2016,53946,
652,Colorado Christian,2016,53948,
652,Colorado Christian,2016,53949,
652,Colorado Christian,2016,53951,
652,Colorado Christian,2016,53952,
652,Colorado Christian,2016,53953,
652,Colorado Christian,2016,53955,
652,Colorado Christian,2016,53956,
652,Colorado Christian,2016,58610,
652,Colorado Christian,2016,58611,
652,Colorado Christian,2016,58612,
652,Colorado Christian,2016,58613,
652,Colorado Christian,2016,58614,
652,Colorado Christian,2016,58615,
535,Pfeiffer,2016,54890,
535,Pfeiffer,2016,54893,
535,Pfeiffer,2016,54894,
535,Pfeiffer,2016,54903,
535,Pfeiffer,2016,54905,
565,Hawai'i Hilo,2016,50354,
565,Hawai'i Hilo,2016,50362,
565,Hawai'i Hilo,2016,50366,
565,Hawai'i Hilo,2016,50367,
565,Hawai'i Hilo,2016,54525,
565,Hawai'i Hilo,2016,54526,
565,Hawai'i Hilo,2016,54528,
565,Hawai'i Hilo,2016,54529,
565,Hawai'i Hilo,2016,54530,
565,Hawai'i Hilo,2016,54531,
565,Hawai'i Hilo,2016,54532,
565,Hawai'i Hilo,2016,54533,
565,Hawai'i Hilo,2016,54534,
565,Hawai'i Hilo,2016,54535,
565,Hawai'i Hilo,2016,54536,
565,Hawai'i Hilo,2016,57860,
565,Hawai'i Hilo,2016,57861,
565,Hawai'i Hilo,2016,57862,
565,Hawai'i Hilo,2016,57863,
565,Hawai'i Hilo,2016,57864,
565,Hawai'i Hilo,2016,57865,
565,Hawai'i Hilo,2016,57866,
565,Hawai'i Hilo,2016,57867,
728,Judson University,2016,36054,
728,Judson University,2016,59977,
728,Judson University,2016,59978,
728,Judson University,2016,59979,
728,Judson University,2016,59980,
728,Judson University,2016,59981,
728,Judson University,2016,59982,
728,Judson University,2016,59983,
728,Judson University,2016,59984,
728,Judson University,2016,59985,
728,Judson University,2016,59986,
728,Judson University,2016,59987,
728,Judson University,2016,59988,
728,Judson University,2016,59989,
728,Judson University,2016,59990,
728,Judson University,2016,59991,
728,Judson University,2016,59992,
728,Judson University,2016,60585,
728,Judson University,2016,60586,
928,Berea,2016,54646,
928,Berea,2016,54647,
987,Harding,2016,44669,
987,Harding,2016,44670,1990-05-30
987,Harding,2016,44671,1989-06-05
987,Harding,2016,44672,1989-07-17
987,Harding,2016,44678,1990-10-28
987,Harding,2016,44679,1990-09-11
881,Johnson & Wales (NC),2016,49135,
881,Johnson & Wales (NC),2016,54848,
881,Johnson & Wales (NC),2016,54850,
881,Johnson & Wales (NC),2016,54855,
881,Johnson & Wales (NC),2016,54856,
881,Johnson & Wales (NC),2016,58722,
881,Johnson & Wales (NC),2016,58723,
881,Johnson & Wales (NC),2016,58724,
881,Johnson & Wales (NC),2016,58725,
881,Johnson & Wales (NC),2016,58726,
881,Johnson & Wales (NC),2016,58727,
881,Johnson & Wales (NC),2016,58728,
881,Johnson & Wales (NC),2016,58729,
881,Johnson & Wales (NC),2016,58730,
881,Johnson & Wales (NC),2016,58731,
881,Johnson & Wales (NC),2016,58732,
881,Johnson & Wales (NC),2016,58733,
881,Johnson & Wales (NC),2016,58734,
881,Johnson & Wales (NC),2016,58735,
881,Johnson & Wales (NC),2016,58736,
881,Johnson & Wales (NC),2016,58737,
881,Johnson & Wales (NC),2016,58738,
881,Johnson & Wales (NC),2016,58739,
881,Johnson & Wales (NC),2016,58740,
881,Johnson & Wales (NC),2016,58741,
881,Johnson & Wales (NC),2016,58742,
683,Southern Virginia,2016,34673,
683,Southern Virginia,2016,34674,
683,Southern Virginia,2016,34676,
683,Southern Virginia,2016,34687,
1270,Oregon Tech,2016,49083,
1270,Oregon Tech,2016,49087,
1270,Oregon Tech,2016,49097,
1270,Oregon Tech,2016,49098,
1270,Oregon Tech,2016,49099,
1270,Oregon Tech,2016,49100,
1270,Oregon Tech,2016,49101,
1270,Oregon Tech,2016,49102,
1270,Oregon Tech,2016,49103,
1270,Oregon Tech,2016,49104,
1270,Oregon Tech,2016,49105,
1270,Oregon Tech,2016,49106,
1270,Oregon Tech,2016,49107,
1270,Oregon Tech,2016,49108,
1270,Oregon Tech,2016,49109,
1270,Oregon Tech,2016,55337,
1270,Oregon Tech,2016,57581,
1213,Tampa,2016,40983,
1213,Tampa,2016,40991,
1213,Tampa,2016,40992,
1213,Tampa,2016,40993,
1213,Tampa,2016,40994,
1213,Tampa,2016,40995,
1213,Tampa,2016,40996,
1213,Tampa,2016,40997,1993-11-30
1213,Tampa,2016,40998,
1213,Tampa,2016,40999,
1213,Tampa,2016,41000,
1213,Tampa,2016,41001,
1213,Tampa,2016,41002,
1213,Tampa,2016,59933,1996-10-14
1301,St. Josephs (IND),2016,50293,
1301,St. Josephs (IND),2016,50310,
1301,St. Josephs (IND),2016,54954,
1301,St. Josephs (IND),2016,54957,
1301,St. Josephs (IND),2016,54958,
1301,St. Josephs (IND),2016,54962,
1301,St. Josephs (IND),2016,54963,
1301,St. Josephs (IND),2016,58533,
1301,St. Josephs (IND),2016,58534,
1301,St. Josephs (IND),2016,58535,
1301,St. Josephs (IND),2016,58536,
1301,St. Josephs (IND),2016,58537,
1301,St. Josephs (IND),2016,58538,
1301,St. Josephs (IND),2016,58539,
1301,St. Josephs (IND),2016,58540,
1301,St. Josephs (IND),2016,58541,
699,Johnson University (TN),2016,48015,
699,Johnson University (TN),2016,48020,
699,Johnson University (TN),2016,48024,
699,Johnson University (TN),2016,48025,
699,Johnson University (TN),2016,48026,
699,Johnson University (TN),2016,48027,
699,Johnson University (TN),2016,48028,
699,Johnson University (TN),2016,48029,
699,Johnson University (TN),2016,48030,
699,Johnson University (TN),2016,48031,
699,Johnson University (TN),2016,48032,
699,Johnson University (TN),2016,48033,
699,Johnson University (TN),2016,48034,
699,Johnson University (TN),2016,48035,
699,Johnson University (TN),2016,48036,
699,Johnson University (TN),2016,48037,
699,Johnson University (TN),2016,48038,
699,Johnson University (TN),2016,48039,
699,Johnson University (TN),2016,48040,
699,Johnson University (TN),2016,48041,
699,Johnson University (TN),2016,48042,
699,Johnson University (TN),2016,48043,
1322,Thomas More,2016,59286,
1322,Thomas More,2016,59287,
1322,Thomas More,2016,59288,
1322,Thomas More,2016,59289,
1322,Thomas More,2016,59290,
1322,Thomas More,2016,59291,
1322,Thomas More,2016,59292,
1322,Thomas More,2016,59293,
1322,Thomas More,2016,59294,
1322,Thomas More,2016,59295,
1322,Thomas More,2016,59296,
1322,Thomas More,2016,59297,
1322,Thomas More,2016,59298,
1322,Thomas More,2016,59299,
1322,Thomas More,2016,59300,
1322,Thomas More,2016,59301,
1322,Thomas More,2016,59302,
1322,Thomas More,2016,59303,
1322,Thomas More,2016,59304,
1312,Seton Hill,2016,56543,
1312,Seton Hill,2016,56544,
1312,Seton Hill,2016,56545,1994-10-05
1312,Seton Hill,2016,56546,
1312,Seton Hill,2016,56547,
1312,Seton Hill,2016,56548,
1312,Seton Hill,2016,56549,
1312,Seton Hill,2016,56550,
1312,Seton Hill,2016,56551,
1312,Seton Hill,2016,56552,
1312,Seton Hill,2016,56553,
1312,Seton Hill,2016,56554,
1312,Seton Hill,2016,56555,
1312,Seton Hill,2016,56556,
1312,Seton Hill,2016,56557,
1312,Seton Hill,2016,56558,
1312,Seton Hill,2016,56559,
1312,Seton Hill,2016,56560,
1271,Staten Island,2016,49323,
1271,Staten Island,2016,49326,
1271,Staten Island,2016,49337,
1271,Staten Island,2016,49338,
1271,Staten Island,2016,49339,
1271,Staten Island,2016,49344,
1271,Staten Island,2016,49345,
1271,Staten Island,2016,59456,
1271,Staten Island,2016,59457,
1271,Staten Island,2016,59458,
1271,Staten Island,2016,59459,
1271,Staten Island,2016,59460,
1271,Staten Island,2016,59461,
1271,Staten Island,2016,59462,
1271,Staten Island,2016,59463,
1271,Staten Island,2016,59464,
1271,Staten Island,2016,59465,
1050,Master's University,2016,55404,
1050,Master's University,2016,55405,
1050,Master's University,2016,55407,
1050,Master's University,2016,55409,
1050,Master's University,2016,55411,
1050,Master's University,2016,55412,
1050,Master's University,2016,55413,
1050,Master's University,2016,59724,
1050,Master's University,2016,59725,
1050,Master's University,2016,59726,
1050,Master's University,2016,59727,
1050,Master's University,2016,59728,
514,Dickinson (PA),2016,1910,
514,Dickinson (PA),2016,1911,
514,Dickinson (PA),2016,1913,
514,Dickinson (PA),2016,1915,
514,Dickinson (PA),2016,1918,
762,Ouachita Baptist,2016,47961,
762,Ouachita Baptist,2016,47963,
762,Ouachita Baptist,2016,47967,
762,Ouachita Baptist,2016,47968,
762,Ouachita Baptist,2016,47972,
762,Ouachita Baptist,2016,55454,
762,Ouachita Baptist,2016,60060,
762,Ouachita Baptist,2016,60061,
762,Ouachita Baptist,2016,60062,
762,Ouachita Baptist,2016,60063,
762,Ouachita Baptist,2016,60064,
762,Ouachita Baptist,2016,60065,
531,LSU Alexandria,2016,54424,
531,LSU Alexandria,2016,54426,
531,LSU Alexandria,2016,54428,
531,LSU Alexandria,2016,54429,
531,LSU Alexandria,2016,54430,1994-01-18
531,LSU Alexandria,2016,54432,
531,LSU Alexandria,2016,54433,
531,LSU Alexandria,2016,54434,
531,LSU Alexandria,2016,54435,
531,LSU Alexandria,2016,54436,1994-09-24
531,LSU Alexandria,2016,54437,1994-05-16
531,LSU Alexandria,2016,54438,1994-05-16
531,LSU Alexandria,2016,54439,
531,LSU Alexandria,2016,54440,
531,LSU Alexandria,2016,54441,
531,LSU Alexandria,2016,54442,
531,LSU Alexandria,2016,54443,
531,LSU Alexandria,2016,54444,
531,LSU Alexandria,2016,54445,
531,LSU Alexandria,2016,54446,
531,LSU Alexandria,2016,54447,
531,LSU Alexandria,2016,54448,
531,LSU Alexandria,2016,54449,
531,LSU Alexandria,2016,54450,
531,LSU Alexandria,2016,54451,1994-01-09
1040,Cal State East Bay,2016,55134,
1040,Cal State East Bay,2016,55135,
1040,Cal State East Bay,2016,55136,
1040,Cal State East Bay,2016,55138,
1040,Cal State East Bay,2016,55139,
1040,Cal State East Bay,2016,55141,
1040,Cal State East Bay,2016,55142,
1040,Cal State East Bay,2016,55143,1995-04-20
1040,Cal State East Bay,2016,55144,
1040,Cal State East Bay,2016,55145,
1040,Cal State East Bay,2016,55148,
1040,Cal State East Bay,2016,55149,
1040,Cal State East Bay,2016,55150,
1040,Cal State East Bay,2016,60649,
1040,Cal State East Bay,2016,60650,
1040,Cal State East Bay,2016,60651,
1040,Cal State East Bay,2016,60652,
1040,Cal State East Bay,2016,60653,
1040,Cal State East Bay,2016,60654,
670,La Sierra,2016,32745,
670,La Sierra,2016,32746,
670,La Sierra,2016,32747,
670,La Sierra,2016,32748,
670,La Sierra,2016,32749,
670,La Sierra,2016,32750,
670,La Sierra,2016,32751,
670,La Sierra,2016,32752,
670,La Sierra,2016,32753,
670,La Sierra,2016,32754,
670,La Sierra,2016,32755,
670,La Sierra,2016,32756,
670,La Sierra,2016,32757,
670,La Sierra,2016,32758,
670,La Sierra,2016,32759,
670,La Sierra,2016,32760,
670,La Sierra,2016,32761,
670,La Sierra,2016,32762,
670,La Sierra,2016,32763,
560,William Carey,2016,50580,
560,William Carey,2016,50581,
560,William Carey,2016,50582,
560,William Carey,2016,59170,
560,William Carey,2016,59171,
560,William Carey,2016,59172,
560,William Carey,2016,59173,
560,William Carey,2016,59174,
560,William Carey,2016,59175,
560,William Carey,2016,59176,
560,William Carey,2016,59177,
560,William Carey,2016,59178,
560,William Carey,2016,59179,
560,William Carey,2016,59180,
1310,Northern Michigan,2016,56055,
1310,Northern Michigan,2016,56056,
1310,Northern Michigan,2016,56057,
1310,Northern Michigan,2016,56058,
1310,Northern Michigan,2016,56059,
1310,Northern Michigan,2016,56060,
1310,Northern Michigan,2016,56061,
1310,Northern Michigan,2016,56062,
1310,Northern Michigan,2016,56063,
1310,Northern Michigan,2016,56064,
1310,Northern Michigan,2016,56065,
1310,Northern Michigan,2016,56066,
1310,Northern Michigan,2016,56067,
1310,Northern Michigan,2016,56068,
1057,Goucher,2016,49290,
1057,Goucher,2016,49291,
1057,Goucher,2016,49297,
1057,Goucher,2016,49298,
1057,Goucher,2016,49299,
1057,Goucher,2016,59112,
1057,Goucher,2016,59113,
1057,Goucher,2016,59114,
1057,Goucher,2016,59115,
1057,Goucher,2016,59116,
1057,Goucher,2016,59117,
1057,Goucher,2016,59118,
1057,Goucher,2016,59119,
1057,Goucher,2016,59120,
1057,Goucher,2016,59121,
545,St. Francis (IL),2016,47789,
545,St. Francis (IL),2016,47798,
545,St. Francis (IL),2016,52542,
545,St. Francis (IL),2016,52545,
545,St. Francis (IL),2016,52546,
545,St. Francis (IL),2016,52548,
545,St. Francis (IL),2016,52551,
940,Mayville State,2016,45572,
940,Mayville State,2016,48092,
940,Mayville State,2016,53820,
553,Dubuque,2016,45434,
553,Dubuque,2016,45435,
553,Dubuque,2016,45440,
553,Dubuque,2016,45457,
553,Dubuque,2016,50439,
553,Dubuque,2016,50440,
553,Dubuque,2016,59334,
553,Dubuque,2016,59335,
553,Dubuque,2016,59336,
553,Dubuque,2016,59337,
553,Dubuque,2016,59338,
553,Dubuque,2016,59339,
553,Dubuque,2016,59340,
553,Dubuque,2016,59341,
553,Dubuque,2016,59342,
553,Dubuque,2016,59343,
553,Dubuque,2016,59344,
553,Dubuque,2016,59345,
553,Dubuque,2016,59346,
553,Dubuque,2016,59347,
553,Dubuque,2016,59348,
553,Dubuque,2016,59349,
553,Dubuque,2016,59350,
553,Dubuque,2016,59351,
1190,Wesley,2016,38120,
1190,Wesley,2016,38135,
1190,Wesley,2016,38136,
1190,Wesley,2016,38137,
1190,Wesley,2016,48968,1995-01-19
1190,Wesley,2016,48972,
1190,Wesley,2016,48973,
1190,Wesley,2016,59993,
1190,Wesley,2016,59994,
1190,Wesley,2016,59995,
1190,Wesley,2016,59996,
1190,Wesley,2016,59997,
1190,Wesley,2016,59998,
1190,Wesley,2016,59999,
1190,Wesley,2016,60000,
811,Waldorf College,2016,45195,
811,Waldorf College,2016,54504,
811,Waldorf College,2016,54505,
811,Waldorf College,2016,54509,
811,Waldorf College,2016,54510,
811,Waldorf College,2016,54515,
811,Waldorf College,2016,54516,
811,Waldorf College,2016,54517,
811,Waldorf College,2016,54518,
811,Waldorf College,2016,54519,
811,Waldorf College,2016,54520,
811,Waldorf College,2016,54521,
811,Waldorf College,2016,54522,
811,Waldorf College,2016,54523,
811,Waldorf College,2016,54524,
1198,Arkansas Tech,2016,39428,
1198,Arkansas Tech,2016,39429,
1198,Arkansas Tech,2016,39430,
1198,Arkansas Tech,2016,39431,
1198,Arkansas Tech,2016,39432,
1198,Arkansas Tech,2016,39433,
1198,Arkansas Tech,2016,39434,
1198,Arkansas Tech,2016,39435,
1198,Arkansas Tech,2016,39436,
1198,Arkansas Tech,2016,39437,
1198,Arkansas Tech,2016,39438,
1198,Arkansas Tech,2016,39439,
1198,Arkansas Tech,2016,39440,
1198,Arkansas Tech,2016,39441,
1198,Arkansas Tech,2016,39442,
1198,Arkansas Tech,2016,50817,
1115,Quincy,2016,36116,
1115,Quincy,2016,36122,
1115,Quincy,2016,49587,
1115,Quincy,2016,59399,
1115,Quincy,2016,59400,
1115,Quincy,2016,59401,
1115,Quincy,2016,59402,
1115,Quincy,2016,59403,
1115,Quincy,2016,59404,
1115,Quincy,2016,59405,
1115,Quincy,2016,59406,1994-02-01
1115,Quincy,2016,59407,
1115,Quincy,2016,59408,
1115,Quincy,2016,59409,
1115,Quincy,2016,59410,
1115,Quincy,2016,59411,
1115,Quincy,2016,59412,
1115,Quincy,2016,59413,
587,St. Andrews,2016,39208,
587,St. Andrews,2016,39209,
587,St. Andrews,2016,49463,
587,St. Andrews,2016,49473,
587,St. Andrews,2016,49474,
587,St. Andrews,2016,49475,
587,St. Andrews,2016,49476,
587,St. Andrews,2016,49478,
587,St. Andrews,2016,49479,
587,St. Andrews,2016,49480,
587,St. Andrews,2016,60417,
587,St. Andrews,2016,60418,
587,St. Andrews,2016,60419,
587,St. Andrews,2016,60420,1996-03-12
587,St. Andrews,2016,60421,
587,St. Andrews,2016,60422,
587,St. Andrews,2016,60423,
587,St. Andrews,2016,60424,
1327,Ursinus,2016,60198,
1327,Ursinus,2016,60199,
1327,Ursinus,2016,60200,
1327,Ursinus,2016,60201,
1327,Ursinus,2016,60202,
1327,Ursinus,2016,60203,
1327,Ursinus,2016,60204,
1327,Ursinus,2016,60205,
1327,Ursinus,2016,60206,
1327,Ursinus,2016,60207,
1327,Ursinus,2016,60208,
1327,Ursinus,2016,60209,
1240,Miles,2016,44730,
1240,Miles,2016,44735,
1240,Miles,2016,50206,
1240,Miles,2016,50208,
1240,Miles,2016,55155,
1240,Miles,2016,55156,
1240,Miles,2016,55157,
1240,Miles,2016,55160,
1240,Miles,2016,55162,
1240,Miles,2016,55164,
1240,Miles,2016,55633,
1240,Miles,2016,60425,
1240,Miles,2016,60426,
1240,Miles,2016,60427,
1240,Miles,2016,60428,
1240,Miles,2016,60429,
1240,Miles,2016,60430,
1240,Miles,2016,60431,1995-02-01
1240,Miles,2016,60432,
1240,Miles,2016,60433,
1240,Miles,2016,60434,
604,Wayland Baptist,2016,55459,
1262,Wheelock College,2016,46192,
1262,Wheelock College,2016,46201,
1262,Wheelock College,2016,46202,
1262,Wheelock College,2016,46203,
1262,Wheelock College,2016,46205,
1262,Wheelock College,2016,46206,
1262,Wheelock College,2016,46207,
1262,Wheelock College,2016,46208,
1262,Wheelock College,2016,46209,
1262,Wheelock College,2016,46210,
1262,Wheelock College,2016,46211,
1262,Wheelock College,2016,59229,
1262,Wheelock College,2016,59230,
1262,Wheelock College,2016,59231,
1262,Wheelock College,2016,59232,
1262,Wheelock College,2016,59233,
1262,Wheelock College,2016,59234,
1262,Wheelock College,2016,59235,
1262,Wheelock College,2016,59236,
842,Carroll (MT),2016,49859,
842,Carroll (MT),2016,49860,
842,Carroll (MT),2016,49861,
842,Carroll (MT),2016,49862,
842,Carroll (MT),2016,49864,
842,Carroll (MT),2016,49865,
842,Carroll (MT),2016,49866,
842,Carroll (MT),2016,49867,
842,Carroll (MT),2016,49871,
842,Carroll (MT),2016,49872,
842,Carroll (MT),2016,49873,
842,Carroll (MT),2016,49874,
842,Carroll (MT),2016,49875,
842,Carroll (MT),2016,49876,
1282,Great Falls,2016,50729,1994-03-17
1282,Great Falls,2016,50738,1996-05-08
1282,Great Falls,2016,50743,
1282,Great Falls,2016,50747,1997-07-26
1282,Great Falls,2016,50748,1997-03-09
1282,Great Falls,2016,50749,1996-10-04
1282,Great Falls,2016,54967,1991-03-22
1282,Great Falls,2016,54969,1992-10-06
1282,Great Falls,2016,54970,1993-08-23
1282,Great Falls,2016,54971,1992-09-04
1282,Great Falls,2016,54973,1986-10-22
1282,Great Falls,2016,57548,
1282,Great Falls,2016,57549,
1282,Great Falls,2016,57550,
1282,Great Falls,2016,57551,
1282,Great Falls,2016,57552,
1282,Great Falls,2016,57553,
1282,Great Falls,2016,57554,
1282,Great Falls,2016,57555,
1282,Great Falls,2016,57556,
1282,Great Falls,2016,57557,
1282,Great Falls,2016,57558,
1282,Great Falls,2016,57559,
1282,Great Falls,2016,57560,
1282,Great Falls,2016,59365,
1282,Great Falls,2016,59781,
1282,Great Falls,2016,59782,
1282,Great Falls,2016,59783,
1282,Great Falls,2016,59784,
1282,Great Falls,2016,60066,
639,Dickinson State (ND),2016,50320,
639,Dickinson State (ND),2016,58381,
639,Dickinson State (ND),2016,58382,
639,Dickinson State (ND),2016,58383,
639,Dickinson State (ND),2016,58384,
639,Dickinson State (ND),2016,58385,
639,Dickinson State (ND),2016,58386,
639,Dickinson State (ND),2016,58387,
639,Dickinson State (ND),2016,58388,
639,Dickinson State (ND),2016,58389,
639,Dickinson State (ND),2016,58390,
639,Dickinson State (ND),2016,58391,
639,Dickinson State (ND),2016,58392,
639,Dickinson State (ND),2016,58393,
639,Dickinson State (ND),2016,58394,
639,Dickinson State (ND),2016,58395,
1313,Cincinnati Christian,2016,56740,
1313,Cincinnati Christian,2016,56741,
1313,Cincinnati Christian,2016,56742,
1313,Cincinnati Christian,2016,56743,
1313,Cincinnati Christian,2016,56744,
1313,Cincinnati Christian,2016,56745,
1313,Cincinnati Christian,2016,56746,
1313,Cincinnati Christian,2016,56747,
1313,Cincinnati Christian,2016,56748,
1313,Cincinnati Christian,2016,56749,
1313,Cincinnati Christian,2016,56750,
1313,Cincinnati Christian,2016,56751,
506,Alice Lloyd College,2016,33827,
506,Alice Lloyd College,2016,33833,
506,Alice Lloyd College,2016,33834,
968,Mount Saint Vincent,2016,41652,
968,Mount Saint Vincent,2016,55005,
968,Mount Saint Vincent,2016,55008,
968,Mount Saint Vincent,2016,55012,
968,Mount Saint Vincent,2016,55013,
968,Mount Saint Vincent,2016,55017,
968,Mount Saint Vincent,2016,55018,
968,Mount Saint Vincent,2016,58458,
968,Mount Saint Vincent,2016,58459,
968,Mount Saint Vincent,2016,58460,
968,Mount Saint Vincent,2016,58461,
968,Mount Saint Vincent,2016,58462,
968,Mount Saint Vincent,2016,58463,
968,Mount Saint Vincent,2016,58464,
968,Mount Saint Vincent,2016,58465,
742,Arlington Baptist,2016,42073,
742,Arlington Baptist,2016,42084,
742,Arlington Baptist,2016,42094,
742,Arlington Baptist,2016,42095,
742,Arlington Baptist,2016,42096,
742,Arlington Baptist,2016,55339,
742,Arlington Baptist,2016,55341,
742,Arlington Baptist,2016,55342,
742,Arlington Baptist,2016,59943,
742,Arlington Baptist,2016,59944,
742,Arlington Baptist,2016,59945,
742,Arlington Baptist,2016,59946,
742,Arlington Baptist,2016,59947,
742,Arlington Baptist,2016,59948,
742,Arlington Baptist,2016,59949,
826,Medgar Evers,2016,43511,
826,Medgar Evers,2016,43512,
826,Medgar Evers,2016,43513,
826,Medgar Evers,2016,43514,
826,Medgar Evers,2016,43515,
826,Medgar Evers,2016,43516,
826,Medgar Evers,2016,43518,
826,Medgar Evers,2016,43519,
826,Medgar Evers,2016,43520,
826,Medgar Evers,2016,43521,
826,Medgar Evers,2016,43522,
826,Medgar Evers,2016,43523,
826,Medgar Evers,2016,43524,
826,Medgar Evers,2016,43526,
826,Medgar Evers,2016,43527,
826,Medgar Evers,2016,43528,
1055,Williams Baptist,2016,25332,
1055,Williams Baptist,2016,49997,
1055,Williams Baptist,2016,55447,
1055,Williams Baptist,2016,55448,
1055,Williams Baptist,2016,55449,
1055,Williams Baptist,2016,55450,
1055,Williams Baptist,2016,55453,
1055,Williams Baptist,2016,59934,
1055,Williams Baptist,2016,59935,
1055,Williams Baptist,2016,59936,
1055,Williams Baptist,2016,59937,
1055,Williams Baptist,2016,59938,
1055,Williams Baptist,2016,59939,
1055,Williams Baptist,2016,59940,
1055,Williams Baptist,2016,59941,
1055,Williams Baptist,2016,59942,
764,Montana Tech,2016,50725,
764,Montana Tech,2016,55319,
764,Montana Tech,2016,55324,
1004,Manchester,2016,37147,
1004,Manchester,2016,37998,
1004,Manchester,2016,44625,
1004,Manchester,2016,58291,
1004,Manchester,2016,58292,
1004,Manchester,2016,58293,
1004,Manchester,2016,58294,
1004,Manchester,2016,58295,
1004,Manchester,2016,58296,
1004,Manchester,2016,58297,
1004,Manchester,2016,58298,
1004,Manchester,2016,58299,
1004,Manchester,2016,58300,
1004,Manchester,2016,58301,
1004,Manchester,2016,58302,
1004,Manchester,2016,58303,
1004,Manchester,2016,58304,
1004,Manchester,2016,58305,
1169,Midwestern State,2016,34229,
1169,Midwestern State,2016,34230,
1169,Midwestern State,2016,34231,
1169,Midwestern State,2016,34232,
1169,Midwestern State,2016,34233,
1169,Midwestern State,2016,34234,
1169,Midwestern State,2016,34235,
1169,Midwestern State,2016,34239,
1169,Midwestern State,2016,34240,
1169,Midwestern State,2016,34241,
1169,Midwestern State,2016,34242,
1169,Midwestern State,2016,34243,
1169,Midwestern State,2016,34244,
1169,Midwestern State,2016,34245,
1169,Midwestern State,2016,34246,
1169,Midwestern State,2016,34247,
1323,Denison,2016,59415,
1323,Denison,2016,59416,
1323,Denison,2016,59417,
1323,Denison,2016,59418,
1323,Denison,2016,59419,
1323,Denison,2016,59420,
1323,Denison,2016,59421,
1323,Denison,2016,59422,
1323,Denison,2016,59423,
1323,Denison,2016,59424,
1323,Denison,2016,59425,
1323,Denison,2016,59426,
1323,Denison,2016,59427,
1323,Denison,2016,59428,
1323,Denison,2016,59429,
1323,Denison,2016,59430,
1323,Denison,2016,59431,
1323,Denison,2016,59432,
1323,Denison,2016,59433,
1323,Denison,2016,59434,
1163,Freed-Hardeman,2016,41237,
1163,Freed-Hardeman,2016,41239,
1163,Freed-Hardeman,2016,41240,
1163,Freed-Hardeman,2016,41247,
1163,Freed-Hardeman,2016,41248,
521,Trinity Baptist,2016,44598,
521,Trinity Baptist,2016,44601,
521,Trinity Baptist,2016,49228,
521,Trinity Baptist,2016,49239,
521,Trinity Baptist,2016,49240,
521,Trinity Baptist,2016,49251,
521,Trinity Baptist,2016,50217,
521,Trinity Baptist,2016,53644,
521,Trinity Baptist,2016,53645,
521,Trinity Baptist,2016,53646,
521,Trinity Baptist,2016,53647,
521,Trinity Baptist,2016,53648,
521,Trinity Baptist,2016,53649,
521,Trinity Baptist,2016,53650,
521,Trinity Baptist,2016,53651,
521,Trinity Baptist,2016,53652,
521,Trinity Baptist,2016,56269,
521,Trinity Baptist,2016,56270,
521,Trinity Baptist,2016,56271,
521,Trinity Baptist,2016,56272,
521,Trinity Baptist,2016,56273,
521,Trinity Baptist,2016,59534,
932,Northwest Nazarene,2016,50351,
932,Northwest Nazarene,2016,53270,
932,Northwest Nazarene,2016,53271,
1158,McKendree,2016,40894,
1158,McKendree,2016,53785,
516,Mid-Atlantic Christian,2016,42208,
516,Mid-Atlantic Christian,2016,57727,
516,Mid-Atlantic Christian,2016,57728,
516,Mid-Atlantic Christian,2016,57729,
516,Mid-Atlantic Christian,2016,57730,
516,Mid-Atlantic Christian,2016,57731,
516,Mid-Atlantic Christian,2016,57732,
516,Mid-Atlantic Christian,2016,57733,
516,Mid-Atlantic Christian,2016,57734,
516,Mid-Atlantic Christian,2016,57735,
516,Mid-Atlantic Christian,2016,57736,
516,Mid-Atlantic Christian,2016,57737,
516,Mid-Atlantic Christian,2016,57738,
516,Mid-Atlantic Christian,2016,57739,
516,Mid-Atlantic Christian,2016,57740,
516,Mid-Atlantic Christian,2016,57741,
516,Mid-Atlantic Christian,2016,57742,
516,Mid-Atlantic Christian,2016,57743,
516,Mid-Atlantic Christian,2016,57744,
720,Northern New Mexico,2016,40310,
720,Northern New Mexico,2016,40311,
720,Northern New Mexico,2016,48149,
720,Northern New Mexico,2016,48150,
720,Northern New Mexico,2016,48159,
720,Northern New Mexico,2016,48160,
720,Northern New Mexico,2016,48161,
720,Northern New Mexico,2016,60893,
720,Northern New Mexico,2016,60894,
720,Northern New Mexico,2016,60895,
720,Northern New Mexico,2016,60896,
720,Northern New Mexico,2016,60897,
720,Northern New Mexico,2016,60898,
720,Northern New Mexico,2016,60899,
720,Northern New Mexico,2016,60900,
720,Northern New Mexico,2016,60901,
720,Northern New Mexico,2016,60902,
720,Northern New Mexico,2016,60903,
720,Northern New Mexico,2016,60904,
720,Northern New Mexico,2016,60905,
720,Northern New Mexico,2016,60906,
720,Northern New Mexico,2016,60907,
720,Northern New Mexico,2016,60908,
720,Northern New Mexico,2016,60909,
720,Northern New Mexico,2016,60910,
720,Northern New Mexico,2016,60911,
999,Cincinnati Clermont,2016,59466,
999,Cincinnati Clermont,2016,59467,
999,Cincinnati Clermont,2016,59468,
999,Cincinnati Clermont,2016,59469,
999,Cincinnati Clermont,2016,59470,
999,Cincinnati Clermont,2016,59471,
999,Cincinnati Clermont,2016,59472,
999,Cincinnati Clermont,2016,59473,
999,Cincinnati Clermont,2016,59474,
999,Cincinnati Clermont,2016,59475,
999,Cincinnati Clermont,2016,59476,
999,Cincinnati Clermont,2016,59477,
999,Cincinnati Clermont,2016,59478,
840,Covenant,2016,45633,
840,Covenant,2016,45640,
840,Covenant,2016,55597,
840,Covenant,2016,55598,
840,Covenant,2016,55599,
840,Covenant,2016,55600,
840,Covenant,2016,55603,
840,Covenant,2016,55605,
840,Covenant,2016,56412,
840,Covenant,2016,56413,
840,Covenant,2016,56414,
840,Covenant,2016,56415,
840,Covenant,2016,56416,
840,Covenant,2016,56417,
840,Covenant,2016,56418,
564,New Mexico Highlands,2016,35997,
564,New Mexico Highlands,2016,49856,
564,New Mexico Highlands,2016,49857,
564,New Mexico Highlands,2016,58396,
564,New Mexico Highlands,2016,58397,
564,New Mexico Highlands,2016,58398,
564,New Mexico Highlands,2016,58399,
564,New Mexico Highlands,2016,58400,
564,New Mexico Highlands,2016,58401,
564,New Mexico Highlands,2016,58402,
564,New Mexico Highlands,2016,58403,
564,New Mexico Highlands,2016,58404,
564,New Mexico Highlands,2016,58405,
564,New Mexico Highlands,2016,58406,
564,New Mexico Highlands,2016,58407,
564,New Mexico Highlands,2016,58408,
564,New Mexico Highlands,2016,58409,
564,New Mexico Highlands,2016,58410,
564,New Mexico Highlands,2016,58411,
564,New Mexico Highlands,2016,58412,
564,New Mexico Highlands,2016,58413,
1126,Farmingdale State,2016,38015,
1126,Farmingdale State,2016,38016,
1126,Farmingdale State,2016,38017,
1126,Farmingdale State,2016,38018,
1126,Farmingdale State,2016,38019,
1126,Farmingdale State,2016,38020,
1126,Farmingdale State,2016,38021,
1126,Farmingdale State,2016,38022,
1126,Farmingdale State,2016,38023,
1126,Farmingdale State,2016,38024,
1126,Farmingdale State,2016,38025,
1126,Farmingdale State,2016,38026,
1126,Farmingdale State,2016,38027,
1126,Farmingdale State,2016,38028,
1126,Farmingdale State,2016,38029,
766,Cumberland (KY),2016,41367,
766,Cumberland (KY),2016,41368,
766,Cumberland (KY),2016,41371,
766,Cumberland (KY),2016,41376,
766,Cumberland (KY),2016,41377,
680,Haskell,2016,40467,
680,Haskell,2016,40470,
993,Missouri S&T,2016,34432,
993,Missouri S&T,2016,34437,
993,Missouri S&T,2016,34438,
993,Missouri S&T,2016,49585,
1147,Belmont Abbey,2016,41084,
1147,Belmont Abbey,2016,41085,
1147,Belmont Abbey,2016,41086,
1147,Belmont Abbey,2016,41087,
1147,Belmont Abbey,2016,41088,
1147,Belmont Abbey,2016,41089,
1147,Belmont Abbey,2016,41090,
1147,Belmont Abbey,2016,41091,
1147,Belmont Abbey,2016,41092,
1147,Belmont Abbey,2016,41093,
1147,Belmont Abbey,2016,41094,
1147,Belmont Abbey,2016,42164,
1147,Belmont Abbey,2016,46337,
1147,Belmont Abbey,2016,52585,
1147,Belmont Abbey,2016,54577,
1311,Rutgers-Newark,2016,45095,
1311,Rutgers-Newark,2016,56302,
1311,Rutgers-Newark,2016,56303,
1311,Rutgers-Newark,2016,56304,
1311,Rutgers-Newark,2016,56305,
1311,Rutgers-Newark,2016,56306,1993-11-16
1311,Rutgers-Newark,2016,56307,
1311,Rutgers-Newark,2016,56308,
1311,Rutgers-Newark,2016,56309,
1311,Rutgers-Newark,2016,56310,
1311,Rutgers-Newark,2016,56311,
1311,Rutgers-Newark,2016,56312,
1311,Rutgers-Newark,2016,56313,
1311,Rutgers-Newark,2016,56314,
1311,Rutgers-Newark,2016,56315,
1311,Rutgers-Newark,2016,56316,
1311,Rutgers-Newark,2016,56317,
857,Vanguard,2016,34763,
857,Vanguard,2016,34764,
857,Vanguard,2016,34766,
857,Vanguard,2016,34767,1994-04-16
857,Vanguard,2016,34773,
857,Vanguard,2016,34774,
857,Vanguard,2016,34775,
857,Vanguard,2016,34776,
857,Vanguard,2016,34777,
857,Vanguard,2016,34778,
857,Vanguard,2016,58798,
857,Vanguard,2016,58799,1991-10-28
857,Vanguard,2016,58800,
857,Vanguard,2016,58801,
857,Vanguard,2016,58802,
857,Vanguard,2016,58803,
1205,Pine Manor,2016,40114,
1205,Pine Manor,2016,40124,
1205,Pine Manor,2016,40127,
1205,Pine Manor,2016,60798,
1205,Pine Manor,2016,60799,
1205,Pine Manor,2016,60800,
1205,Pine Manor,2016,60801,
1205,Pine Manor,2016,60802,
1205,Pine Manor,2016,60803,
1205,Pine Manor,2016,60804,
1205,Pine Manor,2016,60805,
1205,Pine Manor,2016,60806,
1205,Pine Manor,2016,60807,
1205,Pine Manor,2016,60808,
1205,Pine Manor,2016,60809,
1205,Pine Manor,2016,60810,
1205,Pine Manor,2016,60811,
1227,Hiwassee,2016,43816,
1227,Hiwassee,2016,43821,
1227,Hiwassee,2016,48786,
1227,Hiwassee,2016,48787,
1227,Hiwassee,2016,48788,
1227,Hiwassee,2016,48794,
1227,Hiwassee,2016,53407,
1227,Hiwassee,2016,53408,
1227,Hiwassee,2016,53409,
1227,Hiwassee,2016,53411,
1227,Hiwassee,2016,58254,
1227,Hiwassee,2016,58255,
1227,Hiwassee,2016,58256,
1227,Hiwassee,2016,58257,
1227,Hiwassee,2016,58258,
1227,Hiwassee,2016,58259,
1227,Hiwassee,2016,58260,
1227,Hiwassee,2016,58261,
1227,Hiwassee,2016,58262,
1227,Hiwassee,2016,58263,
1227,Hiwassee,2016,58264,
1227,Hiwassee,2016,58265,
1227,Hiwassee,2016,58266,
1227,Hiwassee,2016,58267,
1227,Hiwassee,2016,58268,
1227,Hiwassee,2016,58269,
1227,Hiwassee,2016,58270,
1227,Hiwassee,2016,58271,
1227,Hiwassee,2016,58272,
1268,Rockhurst,2016,47173,
1268,Rockhurst,2016,48611,
1268,Rockhurst,2016,48612,
1268,Rockhurst,2016,60237,
1268,Rockhurst,2016,60238,
1268,Rockhurst,2016,60239,
1268,Rockhurst,2016,60240,1992-08-03
1268,Rockhurst,2016,60241,
1268,Rockhurst,2016,60242,
1268,Rockhurst,2016,60243,
1268,Rockhurst,2016,60244,
1268,Rockhurst,2016,60245,
1268,Rockhurst,2016,60246,
1268,Rockhurst,2016,60247,
1268,Rockhurst,2016,60248,
1268,Rockhurst,2016,60249,
1268,Rockhurst,2016,60250,
1268,Rockhurst,2016,60251,
1268,Rockhurst,2016,60252,
1268,Rockhurst,2016,60253,
1268,Rockhurst,2016,60254,
1268,Rockhurst,2016,60255,
1268,Rockhurst,2016,60256,
814,Asbury,2016,55657,
814,Asbury,2016,55658,
814,Asbury,2016,55659,
814,Asbury,2016,55660,
1196,Urbana,2016,55222,
1196,Urbana,2016,55223,
1196,Urbana,2016,55224,
1196,Urbana,2016,55231,
1196,Urbana,2016,59498,
1196,Urbana,2016,59499,
1196,Urbana,2016,59500,
1196,Urbana,2016,59501,
1196,Urbana,2016,59502,
1196,Urbana,2016,59503,
1196,Urbana,2016,59504,
1196,Urbana,2016,59505,
1196,Urbana,2016,59506,
791,Brewton-Parker,2016,52558,
791,Brewton-Parker,2016,52559,
791,Brewton-Parker,2016,52561,
1172,Wingate,2016,34393,
1172,Wingate,2016,34394,
1172,Wingate,2016,34395,
1172,Wingate,2016,34396,
1172,Wingate,2016,34397,
1172,Wingate,2016,34398,
1172,Wingate,2016,34399,
1172,Wingate,2016,34400,
1172,Wingate,2016,34401,1992-08-13
1172,Wingate,2016,34404,
1172,Wingate,2016,34405,
1172,Wingate,2016,34406,
1172,Wingate,2016,34407,
1172,Wingate,2016,34408,
1172,Wingate,2016,34409,
1172,Wingate,2016,34410,
1113,Indiana-Kokomo,2016,38340,
1113,Indiana-Kokomo,2016,50156,
1113,Indiana-Kokomo,2016,50157,
1113,Indiana-Kokomo,2016,50160,
1113,Indiana-Kokomo,2016,51740,
1113,Indiana-Kokomo,2016,51741,
1113,Indiana-Kokomo,2016,51744,
1113,Indiana-Kokomo,2016,51745,
1113,Indiana-Kokomo,2016,58743,
1113,Indiana-Kokomo,2016,58744,
1113,Indiana-Kokomo,2016,58745,
1113,Indiana-Kokomo,2016,58746,
1113,Indiana-Kokomo,2016,58747,
1297,Madonna,2016,48559,
1297,Madonna,2016,54537,
1297,Madonna,2016,54538,
1297,Madonna,2016,54539,
1297,Madonna,2016,54540,
1297,Madonna,2016,54541,
1297,Madonna,2016,54543,
1297,Madonna,2016,54544,
1297,Madonna,2016,54547,
1297,Madonna,2016,54548,
1297,Madonna,2016,59437,
1297,Madonna,2016,59438,
1297,Madonna,2016,59439,
1297,Madonna,2016,59440,
1297,Madonna,2016,59441,
1297,Madonna,2016,59442,
906,Northland,2016,40883,
906,Northland,2016,42842,
906,Northland,2016,49390,
906,Northland,2016,49392,
906,Northland,2016,49393,
906,Northland,2016,49394,
906,Northland,2016,49399,
906,Northland,2016,49400,
906,Northland,2016,49402,
906,Northland,2016,49403,
906,Northland,2016,49404,
906,Northland,2016,60545,
906,Northland,2016,60546,
906,Northland,2016,60547,
906,Northland,2016,60548,
945,Montevallo,2016,40800,
495,LaGrange,2016,52160,
495,LaGrange,2016,52162,
668,Ecclesia,2016,37592,
668,Ecclesia,2016,48570,
668,Ecclesia,2016,48571,
668,Ecclesia,2016,48578,
668,Ecclesia,2016,48579,
668,Ecclesia,2016,48590,
668,Ecclesia,2016,48591,
668,Ecclesia,2016,48592,
668,Ecclesia,2016,60001,
668,Ecclesia,2016,60002,
668,Ecclesia,2016,60003,
668,Ecclesia,2016,60004,
668,Ecclesia,2016,60005,
668,Ecclesia,2016,60006,
668,Ecclesia,2016,60007,
668,Ecclesia,2016,60008,
668,Ecclesia,2016,60009,
668,Ecclesia,2016,60010,
668,Ecclesia,2016,60011,
668,Ecclesia,2016,60012,
668,Ecclesia,2016,60013,
668,Ecclesia,2016,60014,
668,Ecclesia,2016,60015,
668,Ecclesia,2016,60016,
668,Ecclesia,2016,60017,
668,Ecclesia,2016,60018,
668,Ecclesia,2016,60019,
668,Ecclesia,2016,60020,
668,Ecclesia,2016,60021,
668,Ecclesia,2016,60022,
668,Ecclesia,2016,60023,
668,Ecclesia,2016,60024,
668,Ecclesia,2016,60025,
668,Ecclesia,2016,60026,
1277,Henderson State,2016,50338,
1277,Henderson State,2016,50341,
1277,Henderson State,2016,50342,1993-11-16
1277,Henderson State,2016,55671,
1277,Henderson State,2016,55673,
1277,Henderson State,2016,55674,
1277,Henderson State,2016,55675,
1277,Henderson State,2016,55676,
1277,Henderson State,2016,55677,
1277,Henderson State,2016,55678,
1277,Henderson State,2016,55679,
1277,Henderson State,2016,55680,
1277,Henderson State,2016,55681,
1277,Henderson State,2016,55682,1991-10-22
1277,Henderson State,2016,59840,
1121,Maryville University (MO),2016,40569,
1121,Maryville University (MO),2016,40570,
1121,Maryville University (MO),2016,40571,
1121,Maryville University (MO),2016,40572,
1121,Maryville University (MO),2016,40573,
1121,Maryville University (MO),2016,40574,
1121,Maryville University (MO),2016,40575,
1121,Maryville University (MO),2016,40576,
1121,Maryville University (MO),2016,40577,
1121,Maryville University (MO),2016,40578,
1121,Maryville University (MO),2016,40579,
1121,Maryville University (MO),2016,40580,
1121,Maryville University (MO),2016,40581,
1121,Maryville University (MO),2016,46811,
1121,Maryville University (MO),2016,60138,
561,Southern-New Orleans,2016,23639,
561,Southern-New Orleans,2016,54251,
561,Southern-New Orleans,2016,54252,
561,Southern-New Orleans,2016,54253,
561,Southern-New Orleans,2016,54258,
561,Southern-New Orleans,2016,54259,
561,Southern-New Orleans,2016,54260,
561,Southern-New Orleans,2016,54266,
561,Southern-New Orleans,2016,54267,
561,Southern-New Orleans,2016,54268,
561,Southern-New Orleans,2016,54269,
561,Southern-New Orleans,2016,54270,
561,Southern-New Orleans,2016,54271,
561,Southern-New Orleans,2016,54272,
561,Southern-New Orleans,2016,54273,
561,Southern-New Orleans,2016,54274,
561,Southern-New Orleans,2016,54275,
561,Southern-New Orleans,2016,54276,
561,Southern-New Orleans,2016,54277,
561,Southern-New Orleans,2016,54278,
561,Southern-New Orleans,2016,54279,
561,Southern-New Orleans,2016,54280,
561,Southern-New Orleans,2016,54284,
561,Southern-New Orleans,2016,54285,
1179,Concordia (WI),2016,35725,
1179,Concordia (WI),2016,35726,
1179,Concordia (WI),2016,35729,
1179,Concordia (WI),2016,35742,
1179,Concordia (WI),2016,35747,
1010,Lees-McRae,2016,48501,
1010,Lees-McRae,2016,48502,
1010,Lees-McRae,2016,48503,
1010,Lees-McRae,2016,48504,
1010,Lees-McRae,2016,48505,
1010,Lees-McRae,2016,48506,
1010,Lees-McRae,2016,48507,
1010,Lees-McRae,2016,48508,
1010,Lees-McRae,2016,48509,
1010,Lees-McRae,2016,48510,
1010,Lees-McRae,2016,54840,
1010,Lees-McRae,2016,54842,
1010,Lees-McRae,2016,54847,
1010,Lees-McRae,2016,60499,
1010,Lees-McRae,2016,60500,
1010,Lees-McRae,2016,60501,
1010,Lees-McRae,2016,60502,
1010,Lees-McRae,2016,60503,1993-12-15
1010,Lees-McRae,2016,60504,
597,Eureka,2016,39941,
597,Eureka,2016,39942,
597,Eureka,2016,39943,
597,Eureka,2016,39944,
597,Eureka,2016,39954,
597,Eureka,2016,39955,
597,Eureka,2016,39956,
597,Eureka,2016,53576,
597,Eureka,2016,53581,
597,Eureka,2016,57953,
597,Eureka,2016,57954,
597,Eureka,2016,57955,
597,Eureka,2016,57956,
597,Eureka,2016,57957,
597,Eureka,2016,57958,
597,Eureka,2016,57959,
597,Eureka,2016,57960,
597,Eureka,2016,57961,
597,Eureka,2016,57962,
1193,Southwest Baptist,2016,38366,2004-10-19
1193,Southwest Baptist,2016,38370,
1193,Southwest Baptist,2016,38374,
1193,Southwest Baptist,2016,38375,
1305,Daniel Webster College,2016,23597,
1305,Daniel Webster College,2016,42265,
1305,Daniel Webster College,2016,55425,
1305,Daniel Webster College,2016,55427,
1305,Daniel Webster College,2016,55431,
1305,Daniel Webster College,2016,55432,
1305,Daniel Webster College,2016,55437,
1305,Daniel Webster College,2016,55438,
1305,Daniel Webster College,2016,55440,
1305,Daniel Webster College,2016,60690,
1305,Daniel Webster College,2016,60691,
1305,Daniel Webster College,2016,60692,
1305,Daniel Webster College,2016,60693,
1305,Daniel Webster College,2016,60694,
1305,Daniel Webster College,2016,60695,
1305,Daniel Webster College,2016,60696,
1305,Daniel Webster College,2016,60697,
1305,Daniel Webster College,2016,60698,
1305,Daniel Webster College,2016,60699,
1305,Daniel Webster College,2016,60700,
1305,Daniel Webster College,2016,60701,
1305,Daniel Webster College,2016,60702,
1305,Daniel Webster College,2016,60703,
902,Chaminade,2016,33928,
902,Chaminade,2016,39595,
902,Chaminade,2016,44989,
902,Chaminade,2016,49441,1992-10-20
902,Chaminade,2016,49443,
902,Chaminade,2016,49447,
902,Chaminade,2016,54332,
902,Chaminade,2016,54333,
902,Chaminade,2016,54334,1994-07-08
902,Chaminade,2016,54335,
902,Chaminade,2016,54336,
902,Chaminade,2016,54337,
902,Chaminade,2016,59210,
902,Chaminade,2016,59211,
902,Chaminade,2016,59212,
902,Chaminade,2016,59213,1994-02-09
902,Chaminade,2016,59214,
1189,Gettysburg,2016,37807,2003-12-01
1189,Gettysburg,2016,37808,2003-12-01
1189,Gettysburg,2016,37809,2003-12-01
1189,Gettysburg,2016,37810,
1189,Gettysburg,2016,37814,
1189,Gettysburg,2016,37818,2003-12-01
1189,Gettysburg,2016,37819,2003-12-01
1189,Gettysburg,2016,37820,2003-12-01
1189,Gettysburg,2016,37821,2003-12-01
1189,Gettysburg,2016,37823,2003-12-01
911,Angelo State,2016,59758,
911,Angelo State,2016,59759,
911,Angelo State,2016,59760,
911,Angelo State,2016,59761,
911,Angelo State,2016,59762,
911,Angelo State,2016,59763,
911,Angelo State,2016,59764,
911,Angelo State,2016,59765,
911,Angelo State,2016,59766,
911,Angelo State,2016,59767,
911,Angelo State,2016,59768,
911,Angelo State,2016,59769,
911,Angelo State,2016,59770,
911,Angelo State,2016,59771,
787,Schreiner,2016,43837,
787,Schreiner,2016,45408,
787,Schreiner,2016,49938,
787,Schreiner,2016,49941,
787,Schreiner,2016,49943,
787,Schreiner,2016,52200,
787,Schreiner,2016,52201,
787,Schreiner,2016,52202,
787,Schreiner,2016,52203,
787,Schreiner,2016,52204,
787,Schreiner,2016,52207,
787,Schreiner,2016,52208,
787,Schreiner,2016,58353,
787,Schreiner,2016,58354,
787,Schreiner,2016,58355,
787,Schreiner,2016,58356,
787,Schreiner,2016,58357,
787,Schreiner,2016,58358,
787,Schreiner,2016,58359,
787,Schreiner,2016,58360,
787,Schreiner,2016,58361,
916,Albany St (GA),2016,23587,
916,Albany St (GA),2016,49121,
916,Albany St (GA),2016,49122,
916,Albany St (GA),2016,49123,
916,Albany St (GA),2016,49126,
916,Albany St (GA),2016,49127,
916,Albany St (GA),2016,49128,
916,Albany St (GA),2016,49129,
916,Albany St (GA),2016,49130,
916,Albany St (GA),2016,49131,
916,Albany St (GA),2016,49132,1997-05-22
916,Albany St (GA),2016,49133,
916,Albany St (GA),2016,60086,
916,Albany St (GA),2016,60087,
916,Albany St (GA),2016,60088,
916,Albany St (GA),2016,60089,
916,Albany St (GA),2016,60090,
916,Albany St (GA),2016,60091,
916,Albany St (GA),2016,60092,
916,Albany St (GA),2016,60093,
916,Albany St (GA),2016,60094,
916,Albany St (GA),2016,60095,
916,Albany St (GA),2016,60096,
916,Albany St (GA),2016,60097,
916,Albany St (GA),2016,60098,
916,Albany St (GA),2016,60099,
916,Albany St (GA),2016,60100,
1315,BYU-Hawaii,2016,33923,
1315,BYU-Hawaii,2016,43284,
1315,BYU-Hawaii,2016,57868,
1315,BYU-Hawaii,2016,57869,1990-09-21
1315,BYU-Hawaii,2016,57870,
1315,BYU-Hawaii,2016,57871,
1315,BYU-Hawaii,2016,57872,
1315,BYU-Hawaii,2016,57873,
1315,BYU-Hawaii,2016,57874,
1315,BYU-Hawaii,2016,57875,
1315,BYU-Hawaii,2016,57876,
1315,BYU-Hawaii,2016,57877,
1315,BYU-Hawaii,2016,57878,
1315,BYU-Hawaii,2016,57879,
1315,BYU-Hawaii,2016,57880,
1315,BYU-Hawaii,2016,57881,
1315,BYU-Hawaii,2016,57882,
657,Truett-McConnell,2016,37405,
657,Truett-McConnell,2016,43818,
657,Truett-McConnell,2016,53716,
657,Truett-McConnell,2016,53719,
657,Truett-McConnell,2016,53720,
657,Truett-McConnell,2016,53721,
657,Truett-McConnell,2016,53724,
657,Truett-McConnell,2016,53725,
657,Truett-McConnell,2016,53726,
657,Truett-McConnell,2016,53727,
657,Truett-McConnell,2016,58523,
657,Truett-McConnell,2016,58524,
657,Truett-McConnell,2016,58525,
657,Truett-McConnell,2016,58526,
657,Truett-McConnell,2016,58527,
657,Truett-McConnell,2016,58528,
657,Truett-McConnell,2016,58529,
657,Truett-McConnell,2016,58530,
657,Truett-McConnell,2016,58531,
657,Truett-McConnell,2016,58532,
592,Bethesda University,2016,44201,
592,Bethesda University,2016,49055,
592,Bethesda University,2016,59675,
592,Bethesda University,2016,59676,
592,Bethesda University,2016,59677,
592,Bethesda University,2016,59678,
592,Bethesda University,2016,59679,
592,Bethesda University,2016,59680,
592,Bethesda University,2016,59681,
592,Bethesda University,2016,59682,
592,Bethesda University,2016,59683,
592,Bethesda University,2016,59684,
592,Bethesda University,2016,59685,
592,Bethesda University,2016,59686,
592,Bethesda University,2016,59687,
592,Bethesda University,2016,59688,
592,Bethesda University,2016,59689,
592,Bethesda University,2016,59690,
592,Bethesda University,2016,60815,
1145,Trinity International,2016,58985,
1145,Trinity International,2016,58986,
1145,Trinity International,2016,58987,
1145,Trinity International,2016,58988,
1145,Trinity International,2016,58989,
1145,Trinity International,2016,58990,
1145,Trinity International,2016,58991,
1145,Trinity International,2016,58992,
1145,Trinity International,2016,58993,
1145,Trinity International,2016,58994,
1145,Trinity International,2016,58995,
1145,Trinity International,2016,58996,
1145,Trinity International,2016,58997,
1239,Pensacola Christian College,2016,44554,
1239,Pensacola Christian College,2016,44557,
1239,Pensacola Christian College,2016,44564,
1239,Pensacola Christian College,2016,58866,
1239,Pensacola Christian College,2016,58867,
1239,Pensacola Christian College,2016,58868,
1239,Pensacola Christian College,2016,58869,
1239,Pensacola Christian College,2016,58870,
1239,Pensacola Christian College,2016,58871,
1239,Pensacola Christian College,2016,58872,
1239,Pensacola Christian College,2016,58873,
1239,Pensacola Christian College,2016,58874,
1239,Pensacola Christian College,2016,58875,
1239,Pensacola Christian College,2016,58876,
1239,Pensacola Christian College,2016,58877,
1239,Pensacola Christian College,2016,58878,
1239,Pensacola Christian College,2016,58879,
1239,Pensacola Christian College,2016,58880,
1239,Pensacola Christian College,2016,58881,
1239,Pensacola Christian College,2016,58882,
1239,Pensacola Christian College,2016,58883,
1239,Pensacola Christian College,2016,58884,
1239,Pensacola Christian College,2016,58885,
1239,Pensacola Christian College,2016,58886,
1239,Pensacola Christian College,2016,58887,
1239,Pensacola Christian College,2016,58888,
1239,Pensacola Christian College,2016,58889,
1239,Pensacola Christian College,2016,58890,
1239,Pensacola Christian College,2016,58891,
1239,Pensacola Christian College,2016,58892,
907,Westmont,2016,41522,
907,Westmont,2016,41529,
907,Westmont,2016,41532,
907,Westmont,2016,41534,
1159,Cedarville,2016,33451,
1159,Cedarville,2016,33452,
1159,Cedarville,2016,33459,
1159,Cedarville,2016,60406,
1159,Cedarville,2016,60407,
1159,Cedarville,2016,60408,
1159,Cedarville,2016,60409,1995-05-14
1159,Cedarville,2016,60410,
1159,Cedarville,2016,60411,
1159,Cedarville,2016,60412,
1159,Cedarville,2016,60413,
1159,Cedarville,2016,60414,
1159,Cedarville,2016,60415,
1159,Cedarville,2016,60416,
933,Arkansas-Fort Smith,2016,50221,
933,Arkansas-Fort Smith,2016,54974,1995-03-09
933,Arkansas-Fort Smith,2016,54975,
933,Arkansas-Fort Smith,2016,54976,
933,Arkansas-Fort Smith,2016,54978,
933,Arkansas-Fort Smith,2016,54979,
933,Arkansas-Fort Smith,2016,59868,
933,Arkansas-Fort Smith,2016,59869,1993-05-22
933,Arkansas-Fort Smith,2016,59870,
933,Arkansas-Fort Smith,2016,59871,
933,Arkansas-Fort Smith,2016,59873,
933,Arkansas-Fort Smith,2016,59874,
933,Arkansas-Fort Smith,2016,59872,1992-01-21
757,Chestnut Hill College,2016,40843,
757,Chestnut Hill College,2016,40848,
757,Chestnut Hill College,2016,45924,
757,Chestnut Hill College,2016,54708,
757,Chestnut Hill College,2016,54710,
757,Chestnut Hill College,2016,54711,
757,Chestnut Hill College,2016,54715,
757,Chestnut Hill College,2016,59162,
757,Chestnut Hill College,2016,59163,
757,Chestnut Hill College,2016,59164,
757,Chestnut Hill College,2016,59165,
757,Chestnut Hill College,2016,59166,
757,Chestnut Hill College,2016,59167,
757,Chestnut Hill College,2016,59168,
757,Chestnut Hill College,2016,59169,
773,Pacific (OR),2016,38266,
773,Pacific (OR),2016,38267,
773,Pacific (OR),2016,38268,
773,Pacific (OR),2016,38269,
773,Pacific (OR),2016,38270,
773,Pacific (OR),2016,38271,
773,Pacific (OR),2016,38272,
773,Pacific (OR),2016,38273,
773,Pacific (OR),2016,38274,
773,Pacific (OR),2016,38275,
773,Pacific (OR),2016,38276,
773,Pacific (OR),2016,38277,
773,Pacific (OR),2016,38278,
773,Pacific (OR),2016,38279,
773,Pacific (OR),2016,38280,
773,Pacific (OR),2016,38281,
773,Pacific (OR),2016,38282,
1027,Alma,2016,38899,
1027,Alma,2016,38900,
1027,Alma,2016,38901,
1027,Alma,2016,38902,
1027,Alma,2016,38903,
1027,Alma,2016,38904,
1027,Alma,2016,38905,
1027,Alma,2016,38906,
1027,Alma,2016,38907,
1027,Alma,2016,38908,
1027,Alma,2016,38909,
1027,Alma,2016,38910,
1027,Alma,2016,38913,
1027,Alma,2016,38914,
1027,Alma,2016,38915,
1027,Alma,2016,38916,
1027,Alma,2016,38917,
783,Southwestern Adventist,2016,34591,
783,Southwestern Adventist,2016,34592,
783,Southwestern Adventist,2016,34593,
783,Southwestern Adventist,2016,34594,
783,Southwestern Adventist,2016,34595,
783,Southwestern Adventist,2016,34596,
783,Southwestern Adventist,2016,34597,
783,Southwestern Adventist,2016,34598,
783,Southwestern Adventist,2016,34599,
783,Southwestern Adventist,2016,34600,
711,St. Ambrose,2016,60867,
711,St. Ambrose,2016,60868,
711,St. Ambrose,2016,60869,
711,St. Ambrose,2016,60870,
711,St. Ambrose,2016,60871,
711,St. Ambrose,2016,60872,
711,St. Ambrose,2016,60873,
711,St. Ambrose,2016,60874,
711,St. Ambrose,2016,60875,
711,St. Ambrose,2016,60876,
711,St. Ambrose,2016,60877,
711,St. Ambrose,2016,60878,
711,St. Ambrose,2016,60879,
711,St. Ambrose,2016,60880,
711,St. Ambrose,2016,60881,
711,St. Ambrose,2016,60882,
711,St. Ambrose,2016,60883,
711,St. Ambrose,2016,60884,
749,Merchant Marine Academy,2016,37409,
749,Merchant Marine Academy,2016,37410,
749,Merchant Marine Academy,2016,37411,
749,Merchant Marine Academy,2016,37412,
749,Merchant Marine Academy,2016,37413,
749,Merchant Marine Academy,2016,37414,
749,Merchant Marine Academy,2016,37415,
749,Merchant Marine Academy,2016,37416,
749,Merchant Marine Academy,2016,37417,
749,Merchant Marine Academy,2016,37418,
749,Merchant Marine Academy,2016,37419,
749,Merchant Marine Academy,2016,37420,
749,Merchant Marine Academy,2016,37421,
749,Merchant Marine Academy,2016,37422,
749,Merchant Marine Academy,2016,37423,
749,Merchant Marine Academy,2016,37424,
749,Merchant Marine Academy,2016,37425,
772,Hardin-Simmons,2016,44642,
772,Hardin-Simmons,2016,44650,
772,Hardin-Simmons,2016,48650,
772,Hardin-Simmons,2016,60067,
772,Hardin-Simmons,2016,60068,
772,Hardin-Simmons,2016,60069,
772,Hardin-Simmons,2016,60070,
772,Hardin-Simmons,2016,60071,
772,Hardin-Simmons,2016,60072,
772,Hardin-Simmons,2016,60073,
772,Hardin-Simmons,2016,60074,
772,Hardin-Simmons,2016,60075,
772,Hardin-Simmons,2016,60076,
772,Hardin-Simmons,2016,60077,
548,Union (TN),2016,4736,
548,Union (TN),2016,4737,
548,Union (TN),2016,4745,
548,Union (TN),2016,4746,
548,Union (TN),2016,39790,
548,Union (TN),2016,59011,1991-06-07
548,Union (TN),2016,59012,
548,Union (TN),2016,59013,1993-11-29
548,Union (TN),2016,59014,
548,Union (TN),2016,59015,
548,Union (TN),2016,59016,
548,Union (TN),2016,59017,
548,Union (TN),2016,59018,
548,Union (TN),2016,59019,
1195,CS San Bernardino,2016,38713,
1195,CS San Bernardino,2016,38714,
1195,CS San Bernardino,2016,38717,
1195,CS San Bernardino,2016,38728,
962,LSU Shreveport,2016,54859,
962,LSU Shreveport,2016,54860,
962,LSU Shreveport,2016,54861,
962,LSU Shreveport,2016,54863,
962,LSU Shreveport,2016,54865,
962,LSU Shreveport,2016,55279,
962,LSU Shreveport,2016,59137,
962,LSU Shreveport,2016,59138,1993-04-05
962,LSU Shreveport,2016,59139,
962,LSU Shreveport,2016,59140,
962,LSU Shreveport,2016,59141,
962,LSU Shreveport,2016,59142,
962,LSU Shreveport,2016,59143,
962,LSU Shreveport,2016,59144,
962,LSU Shreveport,2016,59145,
962,LSU Shreveport,2016,59146,1993-08-08
1331,Ryerson,2016,60709,
1331,Ryerson,2016,60710,
1331,Ryerson,2016,60711,1992-09-01
1331,Ryerson,2016,60712,
1331,Ryerson,2016,60713,1993-05-05
1331,Ryerson,2016,60714,
1331,Ryerson,2016,60715,
1331,Ryerson,2016,60716,
1331,Ryerson,2016,60717,
1331,Ryerson,2016,60718,
1331,Ryerson,2016,60719,1991-01-11
1331,Ryerson,2016,60720,
1331,Ryerson,2016,60721,1991-03-31
1331,Ryerson,2016,60722,
1331,Ryerson,2016,60723,
1331,Ryerson,2016,60724,
615,McMurry,2016,45757,
615,McMurry,2016,48974,
615,McMurry,2016,48978,
615,McMurry,2016,56094,
615,McMurry,2016,56095,
615,McMurry,2016,56096,
615,McMurry,2016,56097,
615,McMurry,2016,56098,
615,McMurry,2016,56099,
615,McMurry,2016,56100,
615,McMurry,2016,56101,
615,McMurry,2016,56102,
615,McMurry,2016,56103,
615,McMurry,2016,56104,
615,McMurry,2016,56105,
615,McMurry,2016,56106,
615,McMurry,2016,56107,
681,Trinity Christian (IL),2016,29159,
681,Trinity Christian (IL),2016,29160,
681,Trinity Christian (IL),2016,29161,
681,Trinity Christian (IL),2016,29168,
681,Trinity Christian (IL),2016,29169,
681,Trinity Christian (IL),2016,29170,
681,Trinity Christian (IL),2016,53287,
681,Trinity Christian (IL),2016,53288,
681,Trinity Christian (IL),2016,53289,
681,Trinity Christian (IL),2016,53291,
681,Trinity Christian (IL),2016,58859,
681,Trinity Christian (IL),2016,58860,
681,Trinity Christian (IL),2016,58861,
681,Trinity Christian (IL),2016,58862,
681,Trinity Christian (IL),2016,58863,
866,Molloy,2016,45030,
866,Molloy,2016,45032,
866,Molloy,2016,45033,
866,Molloy,2016,45035,
866,Molloy,2016,49111,
866,Molloy,2016,49114,
866,Molloy,2016,49115,
866,Molloy,2016,49116,
866,Molloy,2016,49117,1995-09-19
866,Molloy,2016,49118,
866,Molloy,2016,49119,
866,Molloy,2016,49120,
866,Molloy,2016,58253,
497,Erskine,2016,35116,
497,Erskine,2016,35117,
497,Erskine,2016,35119,
497,Erskine,2016,35120,
497,Erskine,2016,35121,
497,Erskine,2016,35122,
497,Erskine,2016,35123,
497,Erskine,2016,35124,
497,Erskine,2016,35126,
497,Erskine,2016,35128,
497,Erskine,2016,35129,
497,Erskine,2016,35132,
497,Erskine,2016,35133,
497,Erskine,2016,35134,
497,Erskine,2016,35135,
1046,St. Thomas (FL),2016,31072,
1046,St. Thomas (FL),2016,31079,
1046,St. Thomas (FL),2016,31081,
1167,Newman University,2016,34094,1989-06-26
1167,Newman University,2016,34095,
1167,Newman University,2016,34096,
1167,Newman University,2016,34097,
1167,Newman University,2016,34098,
1167,Newman University,2016,34099,
1167,Newman University,2016,34100,
1167,Newman University,2016,34101,
1167,Newman University,2016,34102,
1167,Newman University,2016,34103,
1167,Newman University,2016,34104,
1167,Newman University,2016,34105,
1167,Newman University,2016,34106,
1167,Newman University,2016,34107,
1167,Newman University,2016,34108,
1167,Newman University,2016,34109,
1167,Newman University,2016,34110,
1167,Newman University,2016,34111,
1167,Newman University,2016,34112,
1167,Newman University,2016,34113,
1167,Newman University,2016,34114,
1167,Newman University,2016,34115,
665,North Greenville,2016,40619,
665,North Greenville,2016,40625,
665,North Greenville,2016,50402,
665,North Greenville,2016,50405,
665,North Greenville,2016,59900,
665,North Greenville,2016,59901,
665,North Greenville,2016,59902,1994-03-04
665,North Greenville,2016,59903,
665,North Greenville,2016,59904,
665,North Greenville,2016,59905,
665,North Greenville,2016,59906,
665,North Greenville,2016,59907,
665,North Greenville,2016,59908,
665,North Greenville,2016,59909,
577,Toccoa Falls,2016,40063,
577,Toccoa Falls,2016,40086,
577,Toccoa Falls,2016,40087,
577,Toccoa Falls,2016,40195,
577,Toccoa Falls,2016,52433,
577,Toccoa Falls,2016,52434,
577,Toccoa Falls,2016,52436,
577,Toccoa Falls,2016,52441,
577,Toccoa Falls,2016,58712,
577,Toccoa Falls,2016,58713,
577,Toccoa Falls,2016,58714,
577,Toccoa Falls,2016,58715,
577,Toccoa Falls,2016,58716,
577,Toccoa Falls,2016,58717,
577,Toccoa Falls,2016,58718,
577,Toccoa Falls,2016,58719,
577,Toccoa Falls,2016,58720,
577,Toccoa Falls,2016,58721,
550,Paul Quinn,2016,35563,
550,Paul Quinn,2016,35566,
550,Paul Quinn,2016,35568,
550,Paul Quinn,2016,35570,
550,Paul Quinn,2016,35571,
550,Paul Quinn,2016,35573,
550,Paul Quinn,2016,35575,
807,William Woods,2016,45872,
807,William Woods,2016,45873,
807,William Woods,2016,59379,
807,William Woods,2016,59380,
807,William Woods,2016,59381,
807,William Woods,2016,59382,
807,William Woods,2016,59383,
807,William Woods,2016,59384,
807,William Woods,2016,59385,
807,William Woods,2016,59386,
807,William Woods,2016,59387,
807,William Woods,2016,59388,
807,William Woods,2016,59389,
807,William Woods,2016,59390,
807,William Woods,2016,59391,
807,William Woods,2016,59392,
807,William Woods,2016,59393,
807,William Woods,2016,59394,
807,William Woods,2016,59395,
807,William Woods,2016,59396,
807,William Woods,2016,59397,
807,William Woods,2016,59398,
700,Edward Waters,2016,48865,
700,Edward Waters,2016,48866,
700,Edward Waters,2016,53517,
700,Edward Waters,2016,53522,
700,Edward Waters,2016,53525,
700,Edward Waters,2016,58682,
700,Edward Waters,2016,58683,
700,Edward Waters,2016,58684,
700,Edward Waters,2016,58685,
700,Edward Waters,2016,58686,
700,Edward Waters,2016,58687,
700,Edward Waters,2016,58688,
700,Edward Waters,2016,58689,
700,Edward Waters,2016,58690,
700,Edward Waters,2016,58691,
700,Edward Waters,2016,58692,
700,Edward Waters,2016,58693,
700,Edward Waters,2016,58694,
700,Edward Waters,2016,58695,
700,Edward Waters,2016,58696,
700,Edward Waters,2016,58697,
700,Edward Waters,2016,58698,
700,Edward Waters,2016,58699,
700,Edward Waters,2016,58700,
1076,Ohio Valley,2016,28210,
1076,Ohio Valley,2016,49369,
1076,Ohio Valley,2016,49370,
1076,Ohio Valley,2016,49371,
1076,Ohio Valley,2016,49372,
1076,Ohio Valley,2016,49373,
1076,Ohio Valley,2016,49374,
1076,Ohio Valley,2016,49375,
1076,Ohio Valley,2016,49376,
1076,Ohio Valley,2016,49377,
1076,Ohio Valley,2016,49378,
1076,Ohio Valley,2016,49379,
1076,Ohio Valley,2016,49380,
1076,Ohio Valley,2016,49381,
1076,Ohio Valley,2016,49382,
1076,Ohio Valley,2016,49383,
1076,Ohio Valley,2016,49384,
1076,Ohio Valley,2016,49385,
1076,Ohio Valley,2016,49386,
1076,Ohio Valley,2016,49387,
1076,Ohio Valley,2016,49388,
1076,Ohio Valley,2016,49389,
310,UC San Diego,2016,57526,
310,UC San Diego,2016,57527,
310,UC San Diego,2016,57528,
310,UC San Diego,2016,57529,
310,UC San Diego,2016,57530,
310,UC San Diego,2016,57531,
310,UC San Diego,2016,57532,
310,UC San Diego,2016,57533,
310,UC San Diego,2016,57534,
310,UC San Diego,2016,57535,
310,UC San Diego,2016,57536,
310,UC San Diego,2016,57537,
310,UC San Diego,2016,57538,
310,UC San Diego,2016,57539,
310,UC San Diego,2016,57540,
1069,Texas A&M-International,2016,55177,
1250,Albion,2016,45254,
1250,Albion,2016,45259,
1250,Albion,2016,45260,
1250,Albion,2016,59566,
1250,Albion,2016,59567,
1250,Albion,2016,59568,
1250,Albion,2016,59569,
1250,Albion,2016,59570,
1250,Albion,2016,59571,
1250,Albion,2016,59572,
1250,Albion,2016,59573,
1250,Albion,2016,59574,
1250,Albion,2016,59575,
1250,Albion,2016,59576,
1250,Albion,2016,59577,
1250,Albion,2016,59578,
1250,Albion,2016,59579,
957,Truman State,2016,55806,
957,Truman State,2016,55809,
957,Truman State,2016,55810,
957,Truman State,2016,55811,
957,Truman State,2016,55813,
957,Truman State,2016,55814,
1273,Augustana (IL),2016,49550,
1273,Augustana (IL),2016,49554,
1273,Augustana (IL),2016,49556,
1273,Augustana (IL),2016,49561,
1273,Augustana (IL),2016,49563,
1299,Ferris State,2016,43171,1996-07-27
1299,Ferris State,2016,54689,
1299,Ferris State,2016,54690,
1299,Ferris State,2016,54695,
1093,MIT,2016,42183,
1093,MIT,2016,42186,
1093,MIT,2016,42188,
1093,MIT,2016,42191,
1093,MIT,2016,56756,
1093,MIT,2016,56757,
1093,MIT,2016,56758,
1093,MIT,2016,56759,
1093,MIT,2016,56760,
1093,MIT,2016,56761,
1093,MIT,2016,56762,
1093,MIT,2016,56763,
1093,MIT,2016,56764,
1093,MIT,2016,56765,
1093,MIT,2016,56766,
1093,MIT,2016,56767,
825,Kean,2016,41110,
825,Kean,2016,41111,
825,Kean,2016,41114,
825,Kean,2016,41115,
825,Kean,2016,49026,
825,Kean,2016,49035,
825,Kean,2016,55349,
825,Kean,2016,56070,
825,Kean,2016,56071,
825,Kean,2016,56072,
825,Kean,2016,56073,
825,Kean,2016,56074,
825,Kean,2016,56075,
825,Kean,2016,56076,
825,Kean,2016,56077,
825,Kean,2016,56078,
825,Kean,2016,56079,
825,Kean,2016,56080,
825,Kean,2016,56081,
825,Kean,2016,56082,
555,Fisk,2016,46490,
555,Fisk,2016,49958,
555,Fisk,2016,49960,
555,Fisk,2016,49962,
555,Fisk,2016,55515,
555,Fisk,2016,55516,
555,Fisk,2016,55518,
555,Fisk,2016,55519,
555,Fisk,2016,55780,
555,Fisk,2016,58748,
555,Fisk,2016,58749,
555,Fisk,2016,58750,
555,Fisk,2016,58751,
555,Fisk,2016,58752,
555,Fisk,2016,58753,
555,Fisk,2016,58754,
555,Fisk,2016,58755,
555,Fisk,2016,58756,
555,Fisk,2016,58757,
555,Fisk,2016,58758,
555,Fisk,2016,58759,
555,Fisk,2016,58760,
555,Fisk,2016,58761,
555,Fisk,2016,58762,
555,Fisk,2016,58763,
838,Washington and Lee,2016,48280,
838,Washington and Lee,2016,48281,
838,Washington and Lee,2016,48282,
838,Washington and Lee,2016,48283,
838,Washington and Lee,2016,48284,
838,Washington and Lee,2016,48285,
838,Washington and Lee,2016,48286,
838,Washington and Lee,2016,48287,
838,Washington and Lee,2016,48288,
838,Washington and Lee,2016,48289,
838,Washington and Lee,2016,48292,
838,Washington and Lee,2016,48293,
838,Washington and Lee,2016,48294,
838,Washington and Lee,2016,48295,
838,Washington and Lee,2016,48296,
838,Washington and Lee,2016,48297,
838,Washington and Lee,2016,48298,
838,Washington and Lee,2016,48299,
805,University of The Southwest,2016,45844,
805,University of The Southwest,2016,45845,
805,University of The Southwest,2016,45846,
805,University of The Southwest,2016,45847,1993-07-27
805,University of The Southwest,2016,45848,
805,University of The Southwest,2016,45849,
805,University of The Southwest,2016,45850,
805,University of The Southwest,2016,45851,
805,University of The Southwest,2016,45852,
805,University of The Southwest,2016,45853,
805,University of The Southwest,2016,45854,
805,University of The Southwest,2016,45855,
805,University of The Southwest,2016,45856,
805,University of The Southwest,2016,45857,
805,University of The Southwest,2016,45858,
805,University of The Southwest,2016,56232,
833,Linfield College,2016,15526,
833,Linfield College,2016,15527,
833,Linfield College,2016,15528,
833,Linfield College,2016,15538,
833,Linfield College,2016,15539,
833,Linfield College,2016,15540,
833,Linfield College,2016,59097,
833,Linfield College,2016,59098,
833,Linfield College,2016,59099,
833,Linfield College,2016,59100,
833,Linfield College,2016,59101,
833,Linfield College,2016,59102,
833,Linfield College,2016,59103,
833,Linfield College,2016,59104,
833,Linfield College,2016,59105,
833,Linfield College,2016,59106,
833,Linfield College,2016,59107,
833,Linfield College,2016,59108,
833,Linfield College,2016,59109,
833,Linfield College,2016,59110,
833,Linfield College,2016,59111,
1178,Thiel,2016,35647,
1178,Thiel,2016,35648,
1178,Thiel,2016,35649,
1178,Thiel,2016,35650,
1178,Thiel,2016,35651,
1178,Thiel,2016,35652,
1178,Thiel,2016,35653,
1178,Thiel,2016,35654,
1178,Thiel,2016,35655,
1178,Thiel,2016,35656,
1178,Thiel,2016,35657,
1178,Thiel,2016,35658,
1178,Thiel,2016,35659,
1178,Thiel,2016,35660,
1178,Thiel,2016,35661,
882,Illinois Tech,2016,44818,
882,Illinois Tech,2016,44825,
882,Illinois Tech,2016,44828,
882,Illinois Tech,2016,53193,
882,Illinois Tech,2016,53194,
882,Illinois Tech,2016,53195,
882,Illinois Tech,2016,53196,
882,Illinois Tech,2016,53197,
882,Illinois Tech,2016,53200,
882,Illinois Tech,2016,57107,
882,Illinois Tech,2016,57108,
882,Illinois Tech,2016,57109,
882,Illinois Tech,2016,57110,
882,Illinois Tech,2016,57111,
882,Illinois Tech,2016,57112,
882,Illinois Tech,2016,57113,
882,Illinois Tech,2016,57114,
1019,Old Westbury,2016,23749,
1019,Old Westbury,2016,23750,
1019,Old Westbury,2016,23751,
1019,Old Westbury,2016,23752,
1019,Old Westbury,2016,23753,
1019,Old Westbury,2016,23754,
1019,Old Westbury,2016,23755,
1019,Old Westbury,2016,23756,
1019,Old Westbury,2016,23757,
1019,Old Westbury,2016,23758,
1019,Old Westbury,2016,23759,
1019,Old Westbury,2016,23760,
1019,Old Westbury,2016,23761,
1019,Old Westbury,2016,23762,
1304,New Hope Christian College,2016,55254,
1304,New Hope Christian College,2016,55257,
1304,New Hope Christian College,2016,55258,
1304,New Hope Christian College,2016,55259,
1304,New Hope Christian College,2016,55263,
1304,New Hope Christian College,2016,55264,
1304,New Hope Christian College,2016,55265,
1304,New Hope Christian College,2016,55266,
1304,New Hope Christian College,2016,55267,
1304,New Hope Christian College,2016,55268,
1304,New Hope Christian College,2016,55269,
1304,New Hope Christian College,2016,55270,
563,Sul Ross State,2016,52247,
563,Sul Ross State,2016,52248,
563,Sul Ross State,2016,52249,
563,Sul Ross State,2016,52250,
563,Sul Ross State,2016,52259,
563,Sul Ross State,2016,52260,
563,Sul Ross State,2016,52262,
563,Sul Ross State,2016,59772,
563,Sul Ross State,2016,59773,
563,Sul Ross State,2016,59774,
563,Sul Ross State,2016,59775,
563,Sul Ross State,2016,59776,
563,Sul Ross State,2016,59777,
563,Sul Ross State,2016,59778,
563,Sul Ross State,2016,59779,
563,Sul Ross State,2016,59780,
512,Hannibal-LaGrange,2016,49926,
512,Hannibal-LaGrange,2016,49927,
512,Hannibal-LaGrange,2016,49933,
512,Hannibal-LaGrange,2016,49934,
512,Hannibal-LaGrange,2016,53455,
512,Hannibal-LaGrange,2016,53456,
512,Hannibal-LaGrange,2016,53457,
512,Hannibal-LaGrange,2016,53458,
512,Hannibal-LaGrange,2016,53459,
512,Hannibal-LaGrange,2016,58180,
512,Hannibal-LaGrange,2016,58181,
512,Hannibal-LaGrange,2016,58182,
512,Hannibal-LaGrange,2016,58183,
512,Hannibal-LaGrange,2016,58184,
779,St. Thomas (TX),2016,39362,
779,St. Thomas (TX),2016,39373,
779,St. Thomas (TX),2016,39374,
779,St. Thomas (TX),2016,39379,
779,St. Thomas (TX),2016,39380,
779,St. Thomas (TX),2016,39381,
779,St. Thomas (TX),2016,41514,
779,St. Thomas (TX),2016,51843,
779,St. Thomas (TX),2016,51846,
779,St. Thomas (TX),2016,51847,
779,St. Thomas (TX),2016,58547,
779,St. Thomas (TX),2016,58548,
779,St. Thomas (TX),2016,58549,
779,St. Thomas (TX),2016,58550,
779,St. Thomas (TX),2016,58551,
779,St. Thomas (TX),2016,58552,
779,St. Thomas (TX),2016,58553,
779,St. Thomas (TX),2016,58554,
949,Wiley,2016,39217,
949,Wiley,2016,50000,
949,Wiley,2016,50001,
949,Wiley,2016,50003,
949,Wiley,2016,59523,
949,Wiley,2016,59524,
949,Wiley,2016,59525,
949,Wiley,2016,59526,
949,Wiley,2016,59527,
949,Wiley,2016,59528,
949,Wiley,2016,59529,
949,Wiley,2016,59530,
949,Wiley,2016,59531,
949,Wiley,2016,59532,
949,Wiley,2016,59533,
1308,Marian (IN),2016,55644,
1308,Marian (IN),2016,55645,
1308,Marian (IN),2016,55646,
1308,Marian (IN),2016,55647,
1308,Marian (IN),2016,55650,
1308,Marian (IN),2016,55654,
1308,Marian (IN),2016,55655,
1308,Marian (IN),2016,58577,
1308,Marian (IN),2016,58578,
1308,Marian (IN),2016,58579,
1308,Marian (IN),2016,58580,
1308,Marian (IN),2016,58581,
1308,Marian (IN),2016,58582,
1308,Marian (IN),2016,58583,
505,Cheyney (PA),2016,60852,
505,Cheyney (PA),2016,60853,
505,Cheyney (PA),2016,60854,
505,Cheyney (PA),2016,60855,
505,Cheyney (PA),2016,60856,
505,Cheyney (PA),2016,60857,
505,Cheyney (PA),2016,60858,
505,Cheyney (PA),2016,60859,
505,Cheyney (PA),2016,60860,
505,Cheyney (PA),2016,60861,
505,Cheyney (PA),2016,60862,
505,Cheyney (PA),2016,60863,
505,Cheyney (PA),2016,60864,
505,Cheyney (PA),2016,60865,
684,Auburn-Montgomery,2016,40213,
684,Auburn-Montgomery,2016,40214,
684,Auburn-Montgomery,2016,40215,
684,Auburn-Montgomery,2016,40216,
684,Auburn-Montgomery,2016,40217,
684,Auburn-Montgomery,2016,40218,
684,Auburn-Montgomery,2016,40219,
684,Auburn-Montgomery,2016,40220,
684,Auburn-Montgomery,2016,40221,
684,Auburn-Montgomery,2016,40222,
684,Auburn-Montgomery,2016,40223,
684,Auburn-Montgomery,2016,40224,
594,Oakwood,2016,31835,
594,Oakwood,2016,31836,
594,Oakwood,2016,31837,
594,Oakwood,2016,31838,
594,Oakwood,2016,31839,
594,Oakwood,2016,31840,
594,Oakwood,2016,31841,
594,Oakwood,2016,31842,
594,Oakwood,2016,31843,
594,Oakwood,2016,31844,
594,Oakwood,2016,31845,
594,Oakwood,2016,31846,
594,Oakwood,2016,31847,
594,Oakwood,2016,31848,
594,Oakwood,2016,31849,
594,Oakwood,2016,31850,
594,Oakwood,2016,31851,
594,Oakwood,2016,31852,
927,Coe,2016,53028,
927,Coe,2016,53029,
927,Coe,2016,53032,
927,Coe,2016,53033,
1225,Alaska Anchorage,2016,40300,
1225,Alaska Anchorage,2016,43333,
1225,Alaska Anchorage,2016,43340,
1225,Alaska Anchorage,2016,49603,
1225,Alaska Anchorage,2016,49612,
1225,Alaska Anchorage,2016,49613,
1225,Alaska Anchorage,2016,49614,
1225,Alaska Anchorage,2016,49615,
1225,Alaska Anchorage,2016,49618,
1225,Alaska Anchorage,2016,49619,
1225,Alaska Anchorage,2016,49620,
1225,Alaska Anchorage,2016,49621,
1225,Alaska Anchorage,2016,59366,
1225,Alaska Anchorage,2016,59367,
1225,Alaska Anchorage,2016,59368,
1225,Alaska Anchorage,2016,59369,
1225,Alaska Anchorage,2016,59370,
1225,Alaska Anchorage,2016,59371,
1225,Alaska Anchorage,2016,59372,
1225,Alaska Anchorage,2016,59373,
1225,Alaska Anchorage,2016,59374,
1225,Alaska Anchorage,2016,59375,
1225,Alaska Anchorage,2016,59376,1991-07-17
1225,Alaska Anchorage,2016,59377,
1225,Alaska Anchorage,2016,59378,
1225,Alaska Anchorage,2016,59414,
918,Warren Wilson,2016,44856,
918,Warren Wilson,2016,48962,
918,Warren Wilson,2016,54004,
918,Warren Wilson,2016,54005,
918,Warren Wilson,2016,54006,
918,Warren Wilson,2016,54007,
918,Warren Wilson,2016,54008,
918,Warren Wilson,2016,54009,
918,Warren Wilson,2016,59691,
918,Warren Wilson,2016,59692,
918,Warren Wilson,2016,59693,
918,Warren Wilson,2016,59694,
918,Warren Wilson,2016,59695,
918,Warren Wilson,2016,59696,
918,Warren Wilson,2016,59697,
918,Warren Wilson,2016,59698,
918,Warren Wilson,2016,59699,
918,Warren Wilson,2016,59700,
918,Warren Wilson,2016,59701,
918,Warren Wilson,2016,60139,
898,Pacific Lutheran,2016,50249,
898,Pacific Lutheran,2016,50250,
898,Pacific Lutheran,2016,50251,
898,Pacific Lutheran,2016,50254,
898,Pacific Lutheran,2016,50262,
898,Pacific Lutheran,2016,52952,
898,Pacific Lutheran,2016,52953,
898,Pacific Lutheran,2016,52954,
898,Pacific Lutheran,2016,52955,
898,Pacific Lutheran,2016,52956,
898,Pacific Lutheran,2016,52957,
898,Pacific Lutheran,2016,52958,
898,Pacific Lutheran,2016,58421,
898,Pacific Lutheran,2016,58422,
898,Pacific Lutheran,2016,58423,
898,Pacific Lutheran,2016,58424,
898,Pacific Lutheran,2016,58425,
796,UVA Wise,2016,38241,
796,UVA Wise,2016,38322,
796,UVA Wise,2016,38323,
796,UVA Wise,2016,38325,
796,UVA Wise,2016,38326,
796,UVA Wise,2016,38327,
796,UVA Wise,2016,60027,
796,UVA Wise,2016,60028,
796,UVA Wise,2016,60029,
796,UVA Wise,2016,60030,
796,UVA Wise,2016,60031,
796,UVA Wise,2016,60032,
796,UVA Wise,2016,60033,
796,UVA Wise,2016,60034,
843,Millsaps,2016,40289,
843,Millsaps,2016,40290,
843,Millsaps,2016,52147,
843,Millsaps,2016,52149,
843,Millsaps,2016,52151,
843,Millsaps,2016,56664,
843,Millsaps,2016,56665,
843,Millsaps,2016,56666,
843,Millsaps,2016,56667,
843,Millsaps,2016,56668,
843,Millsaps,2016,56669,
843,Millsaps,2016,56670,
843,Millsaps,2016,56671,
843,Millsaps,2016,56672,
843,Millsaps,2016,56673,
1281,CS Monterey Bay,2016,41131,
1281,CS Monterey Bay,2016,45797,
1281,CS Monterey Bay,2016,50687,
1281,CS Monterey Bay,2016,50690,
1281,CS Monterey Bay,2016,50691,
1281,CS Monterey Bay,2016,50694,
1281,CS Monterey Bay,2016,50697,
1281,CS Monterey Bay,2016,58804,
1281,CS Monterey Bay,2016,58805,
1281,CS Monterey Bay,2016,58806,
1281,CS Monterey Bay,2016,58807,
1281,CS Monterey Bay,2016,58808,
1281,CS Monterey Bay,2016,58809,
1281,CS Monterey Bay,2016,58810,
1281,CS Monterey Bay,2016,58811,
1281,CS Monterey Bay,2016,58812,
1281,CS Monterey Bay,2016,58813,
1281,CS Monterey Bay,2016,58814,
1194,New York Institute Of Technology,2016,53529,
1194,New York Institute Of Technology,2016,53537,
651,Campbellsville,2016,38790,
651,Campbellsville,2016,57964,
651,Campbellsville,2016,57965,
651,Campbellsville,2016,57966,
651,Campbellsville,2016,57967,
651,Campbellsville,2016,57968,
651,Campbellsville,2016,57969,
651,Campbellsville,2016,57970,
651,Campbellsville,2016,57971,
651,Campbellsville,2016,57972,1993-11-19
651,Campbellsville,2016,57973,1994-04-02
651,Campbellsville,2016,57974,
651,Campbellsville,2016,57975,
741,Brevard,2016,49213,
741,Brevard,2016,49220,
741,Brevard,2016,49224,
741,Brevard,2016,49225,
741,Brevard,2016,49226,
851,Blue Mountain,2016,39803,
851,Blue Mountain,2016,49182,
851,Blue Mountain,2016,49184,
851,Blue Mountain,2016,49190,
851,Blue Mountain,2016,53614,
851,Blue Mountain,2016,53616,
851,Blue Mountain,2016,53617,
851,Blue Mountain,2016,53619,
851,Blue Mountain,2016,53620,
851,Blue Mountain,2016,53622,
851,Blue Mountain,2016,59914,
851,Blue Mountain,2016,59915,
851,Blue Mountain,2016,59916,
851,Blue Mountain,2016,59917,
851,Blue Mountain,2016,59918,
851,Blue Mountain,2016,59919,
851,Blue Mountain,2016,59920,
1215,Thomas (GA),2016,41155,
1215,Thomas (GA),2016,41156,
1215,Thomas (GA),2016,41160,
1215,Thomas (GA),2016,41170,
1215,Thomas (GA),2016,41171,
1215,Thomas (GA),2016,51853,
1215,Thomas (GA),2016,51854,
1215,Thomas (GA),2016,51856,
1215,Thomas (GA),2016,51859,
1215,Thomas (GA),2016,58705,
1215,Thomas (GA),2016,58706,
1215,Thomas (GA),2016,58707,
1215,Thomas (GA),2016,58708,
1215,Thomas (GA),2016,58709,
1215,Thomas (GA),2016,58710,
1215,Thomas (GA),2016,58711,
868,Worcester State,2016,59812,
868,Worcester State,2016,59813,
868,Worcester State,2016,59814,
868,Worcester State,2016,59815,
868,Worcester State,2016,59816,
868,Worcester State,2016,59817,
868,Worcester State,2016,59818,
868,Worcester State,2016,59819,
868,Worcester State,2016,59820,
868,Worcester State,2016,59821,
868,Worcester State,2016,59822,
868,Worcester State,2016,59823,
868,Worcester State,2016,59824,
868,Worcester State,2016,59825,
868,Worcester State,2016,59826,
868,Worcester State,2016,59827,
965,Coker,2016,36159,
965,Coker,2016,40194,
965,Coker,2016,40212,
965,Coker,2016,54736,
965,Coker,2016,54738,
965,Coker,2016,54739,
965,Coker,2016,54740,
965,Coker,2016,54742,
965,Coker,2016,54743,
965,Coker,2016,54744,
965,Coker,2016,54747,
965,Coker,2016,54749,
965,Coker,2016,54750,
965,Coker,2016,59612,
965,Coker,2016,59613,
965,Coker,2016,59614,
965,Coker,2016,59615,
965,Coker,2016,59616,
965,Coker,2016,59617,
965,Coker,2016,59618,
965,Coker,2016,59619,
965,Coker,2016,59620,
965,Coker,2016,59621,
965,Coker,2016,59622,
965,Coker,2016,59623,
965,Coker,2016,59624,
965,Coker,2016,59625,
569,Jessup University,2016,37358,
569,Jessup University,2016,45622,
569,Jessup University,2016,45623,
569,Jessup University,2016,55327,
569,Jessup University,2016,55328,
569,Jessup University,2016,55329,
569,Jessup University,2016,55331,
569,Jessup University,2016,55332,
569,Jessup University,2016,55333,
569,Jessup University,2016,55335,
569,Jessup University,2016,55336,
569,Jessup University,2016,57900,
569,Jessup University,2016,57901,
569,Jessup University,2016,57902,
569,Jessup University,2016,57903,
569,Jessup University,2016,57904,
569,Jessup University,2016,57905,
569,Jessup University,2016,57906,
569,Jessup University,2016,57907,
569,Jessup University,2016,57908,
500,Washington College (MD),2016,49451,
500,Washington College (MD),2016,49458,
500,Washington College (MD),2016,49459,
500,Washington College (MD),2016,49460,
1226,St. Edward's,2016,41507,
1226,St. Edward's,2016,43645,
1226,St. Edward's,2016,43646,
1226,St. Edward's,2016,43647,
1226,St. Edward's,2016,48838,
1226,St. Edward's,2016,53794,
1226,St. Edward's,2016,53795,
1226,St. Edward's,2016,53796,
1226,St. Edward's,2016,53797,
1226,St. Edward's,2016,59181,
1226,St. Edward's,2016,59182,1991-06-02
1226,St. Edward's,2016,59183,
1226,St. Edward's,2016,59184,
1226,St. Edward's,2016,59185,
770,Bryn Athyn,2016,28663,
770,Bryn Athyn,2016,50764,
770,Bryn Athyn,2016,50765,
770,Bryn Athyn,2016,50768,
770,Bryn Athyn,2016,50770,
770,Bryn Athyn,2016,54678,
770,Bryn Athyn,2016,54679,
770,Bryn Athyn,2016,54680,
770,Bryn Athyn,2016,54681,
770,Bryn Athyn,2016,54686,
770,Bryn Athyn,2016,60847,
770,Bryn Athyn,2016,60848,
770,Bryn Athyn,2016,60849,
770,Bryn Athyn,2016,60850,
540,Bethel (TN),2016,55238,
540,Bethel (TN),2016,55247,
540,Bethel (TN),2016,55248,
532,Mississippi College,2016,49797,
532,Mississippi College,2016,49798,
532,Mississippi College,2016,49799,
532,Mississippi College,2016,53958,
532,Mississippi College,2016,53959,
532,Mississippi College,2016,53960,1994-07-15
532,Mississippi College,2016,53961,
532,Mississippi College,2016,53962,
532,Mississippi College,2016,58771,
532,Mississippi College,2016,58772,
532,Mississippi College,2016,58773,
532,Mississippi College,2016,58774,
532,Mississippi College,2016,58775,
532,Mississippi College,2016,58776,
532,Mississippi College,2016,58777,
532,Mississippi College,2016,58778,
532,Mississippi College,2016,58779,
532,Mississippi College,2016,58780,
532,Mississippi College,2016,58781,
837,Malone,2016,58444,
837,Malone,2016,58445,
837,Malone,2016,58446,
837,Malone,2016,58447,
837,Malone,2016,58448,
837,Malone,2016,58449,
837,Malone,2016,58450,
837,Malone,2016,58451,
837,Malone,2016,58452,
837,Malone,2016,58453,
837,Malone,2016,58454,
837,Malone,2016,58455,1992-09-22
837,Malone,2016,58456,
837,Malone,2016,58457,
719,Texas Lutheran,2016,40288,
719,Texas Lutheran,2016,44543,
719,Texas Lutheran,2016,44544,
719,Texas Lutheran,2016,44545,
719,Texas Lutheran,2016,44548,
719,Texas Lutheran,2016,44550,
719,Texas Lutheran,2016,50174,
719,Texas Lutheran,2016,50180,
719,Texas Lutheran,2016,55019,
719,Texas Lutheran,2016,55020,
719,Texas Lutheran,2016,55025,
719,Texas Lutheran,2016,55026,
719,Texas Lutheran,2016,55027,
719,Texas Lutheran,2016,55028,
719,Texas Lutheran,2016,57495,
719,Texas Lutheran,2016,57496,
719,Texas Lutheran,2016,57497,
719,Texas Lutheran,2016,57498,
719,Texas Lutheran,2016,57499,
789,Chadron State,2016,14005,
789,Chadron State,2016,14006,
789,Chadron State,2016,14007,
789,Chadron State,2016,14008,
789,Chadron State,2016,14009,
789,Chadron State,2016,14010,
789,Chadron State,2016,14011,
789,Chadron State,2016,14012,
789,Chadron State,2016,14013,
789,Chadron State,2016,14014,
789,Chadron State,2016,14015,
789,Chadron State,2016,14016,
789,Chadron State,2016,14017,
789,Chadron State,2016,14018,
789,Chadron State,2016,14019,
789,Chadron State,2016,49795,
789,Chadron State,2016,51116,
789,Chadron State,2016,57457,
593,SUNY-Oneonta,2016,49177,
593,SUNY-Oneonta,2016,49179,
593,SUNY-Oneonta,2016,53889,
593,SUNY-Oneonta,2016,53890,
593,SUNY-Oneonta,2016,53891,
593,SUNY-Oneonta,2016,53893,
593,SUNY-Oneonta,2016,53895,
593,SUNY-Oneonta,2016,53896,
593,SUNY-Oneonta,2016,59084,
593,SUNY-Oneonta,2016,59085,
593,SUNY-Oneonta,2016,59086,
593,SUNY-Oneonta,2016,59087,
593,SUNY-Oneonta,2016,59088,
593,SUNY-Oneonta,2016,59089,
593,SUNY-Oneonta,2016,59090,
593,SUNY-Oneonta,2016,59091,
593,SUNY-Oneonta,2016,59092,
593,SUNY-Oneonta,2016,59093,
593,SUNY-Oneonta,2016,59094,
1007,Huston-Tillotson,2016,55622,
1007,Huston-Tillotson,2016,55628,
1007,Huston-Tillotson,2016,55629,
661,Randall University,2016,40050,
661,Randall University,2016,40051,
661,Randall University,2016,40059,
661,Randall University,2016,40060,
661,Randall University,2016,40061,
661,Randall University,2016,40062,
661,Randall University,2016,55280,
661,Randall University,2016,55281,
661,Randall University,2016,55283,
661,Randall University,2016,55284,
661,Randall University,2016,55285,
661,Randall University,2016,55286,
661,Randall University,2016,60505,
661,Randall University,2016,60506,
661,Randall University,2016,60507,
661,Randall University,2016,60508,
661,Randall University,2016,60509,
661,Randall University,2016,60510,
661,Randall University,2016,60511,
661,Randall University,2016,60512,
661,Randall University,2016,60513,
661,Randall University,2016,60514,
661,Randall University,2016,60515,
661,Randall University,2016,60516,
661,Randall University,2016,60517,
661,Randall University,2016,60518,
1321,South Dakota St School Of Mines,2016,59244,
1321,South Dakota St School Of Mines,2016,59245,
1321,South Dakota St School Of Mines,2016,59246,
1321,South Dakota St School Of Mines,2016,59247,
1321,South Dakota St School Of Mines,2016,59248,
1321,South Dakota St School Of Mines,2016,59249,
1321,South Dakota St School Of Mines,2016,59250,
1321,South Dakota St School Of Mines,2016,59251,
1321,South Dakota St School Of Mines,2016,59252,
1321,South Dakota St School Of Mines,2016,59253,
1321,South Dakota St School Of Mines,2016,59254,
1321,South Dakota St School Of Mines,2016,59255,
1321,South Dakota St School Of Mines,2016,59256,
1321,South Dakota St School Of Mines,2016,59257,
1321,South Dakota St School Of Mines,2016,59258,
1321,South Dakota St School Of Mines,2016,59259,
1184,Hiram,2016,54165,
1184,Hiram,2016,54166,
1184,Hiram,2016,54168,
1184,Hiram,2016,54169,
1184,Hiram,2016,54175,
1184,Hiram,2016,54176,
1184,Hiram,2016,54177,
1184,Hiram,2016,54178,
1184,Hiram,2016,54179,
1184,Hiram,2016,54180,
1184,Hiram,2016,54181,
1184,Hiram,2016,58210,
1184,Hiram,2016,58211,
1184,Hiram,2016,58212,
1184,Hiram,2016,58213,
1184,Hiram,2016,58214,
1184,Hiram,2016,58215,
1184,Hiram,2016,58216,
1186,Arkansas-Monticello,2016,30839,
1186,Arkansas-Monticello,2016,54615,
1186,Arkansas-Monticello,2016,59951,1992-02-19
1186,Arkansas-Monticello,2016,59952,
1186,Arkansas-Monticello,2016,59953,
1186,Arkansas-Monticello,2016,59954,
1186,Arkansas-Monticello,2016,59955,
1186,Arkansas-Monticello,2016,59956,
1186,Arkansas-Monticello,2016,59957,
1186,Arkansas-Monticello,2016,59958,
1186,Arkansas-Monticello,2016,59959,
1186,Arkansas-Monticello,2016,59960,
1186,Arkansas-Monticello,2016,59961,
519,NC Wesleyan,2016,38928,
519,NC Wesleyan,2016,38934,
519,NC Wesleyan,2016,38935,
519,NC Wesleyan,2016,38936,
519,NC Wesleyan,2016,48044,
519,NC Wesleyan,2016,48045,
519,NC Wesleyan,2016,48047,
519,NC Wesleyan,2016,48048,
519,NC Wesleyan,2016,58158,
519,NC Wesleyan,2016,58159,
519,NC Wesleyan,2016,58160,
519,NC Wesleyan,2016,58161,
519,NC Wesleyan,2016,58162,
519,NC Wesleyan,2016,58163,1994-04-22
519,NC Wesleyan,2016,58164,
519,NC Wesleyan,2016,58165,
519,NC Wesleyan,2016,58166,
519,NC Wesleyan,2016,58167,
519,NC Wesleyan,2016,58168,
519,NC Wesleyan,2016,58169,
519,NC Wesleyan,2016,58170,
846,Jarvis Christian,2016,36074,
846,Jarvis Christian,2016,36092,
846,Jarvis Christian,2016,36093,
846,Jarvis Christian,2016,48955,
846,Jarvis Christian,2016,48956,
846,Jarvis Christian,2016,54349,
846,Jarvis Christian,2016,54350,
846,Jarvis Christian,2016,54351,
846,Jarvis Christian,2016,54352,
846,Jarvis Christian,2016,54353,
846,Jarvis Christian,2016,54355,
846,Jarvis Christian,2016,54356,
846,Jarvis Christian,2016,54357,
846,Jarvis Christian,2016,54358,
846,Jarvis Christian,2016,54359,
846,Jarvis Christian,2016,54360,
846,Jarvis Christian,2016,54361,
846,Jarvis Christian,2016,54362,
846,Jarvis Christian,2016,54363,
846,Jarvis Christian,2016,54364,
846,Jarvis Christian,2016,54574,
846,Jarvis Christian,2016,57165,
846,Jarvis Christian,2016,57166,
846,Jarvis Christian,2016,57167,
846,Jarvis Christian,2016,57168,
846,Jarvis Christian,2016,57169,
846,Jarvis Christian,2016,57170,
846,Jarvis Christian,2016,57171,
846,Jarvis Christian,2016,57172,
846,Jarvis Christian,2016,57173,
846,Jarvis Christian,2016,57174,
846,Jarvis Christian,2016,57175,
846,Jarvis Christian,2016,57176,
846,Jarvis Christian,2016,57177,
846,Jarvis Christian,2016,57178,
846,Jarvis Christian,2016,57179,
846,Jarvis Christian,2016,57180,
846,Jarvis Christian,2016,57181,
846,Jarvis Christian,2016,57182,
846,Jarvis Christian,2016,57183,
846,Jarvis Christian,2016,57184,
846,Jarvis Christian,2016,57185,
846,Jarvis Christian,2016,57186,
846,Jarvis Christian,2016,57187,
846,Jarvis Christian,2016,57188,
846,Jarvis Christian,2016,57189,
846,Jarvis Christian,2016,57190,
846,Jarvis Christian,2016,57191,
846,Jarvis Christian,2016,57192,
846,Jarvis Christian,2016,57193,
846,Jarvis Christian,2016,57194,
846,Jarvis Christian,2016,57195,
846,Jarvis Christian,2016,57196,
846,Jarvis Christian,2016,57197,
846,Jarvis Christian,2016,57198,
846,Jarvis Christian,2016,57199,
846,Jarvis Christian,2016,57200,
846,Jarvis Christian,2016,57201,
846,Jarvis Christian,2016,57202,
846,Jarvis Christian,2016,57203,
846,Jarvis Christian,2016,57204,
846,Jarvis Christian,2016,57205,
846,Jarvis Christian,2016,57206,
846,Jarvis Christian,2016,57207,
846,Jarvis Christian,2016,57208,
846,Jarvis Christian,2016,57209,
846,Jarvis Christian,2016,57210,
846,Jarvis Christian,2016,57211,
673,Texas College,2016,10865,
673,Texas College,2016,10866,
673,Texas College,2016,10867,
673,Texas College,2016,10868,
673,Texas College,2016,10874,
673,Texas College,2016,10875,
673,Texas College,2016,10876,
673,Texas College,2016,10877,
673,Texas College,2016,58311,
673,Texas College,2016,58312,
673,Texas College,2016,58313,
673,Texas College,2016,58314,
673,Texas College,2016,58315,
673,Texas College,2016,58316,
673,Texas College,2016,58317,
931,George Fox,2016,28575,
931,George Fox,2016,28576,
931,George Fox,2016,28586,
931,George Fox,2016,28587,
931,George Fox,2016,28588,
931,George Fox,2016,28589,
931,George Fox,2016,54141,
931,George Fox,2016,54142,
931,George Fox,2016,54144,
931,George Fox,2016,54145,
931,George Fox,2016,54146,
931,George Fox,2016,54147,
931,George Fox,2016,54148,
931,George Fox,2016,54149,
931,George Fox,2016,54150,
656,Western Oregon,2016,54761,
656,Western Oregon,2016,54762,
656,Western Oregon,2016,54764,
656,Western Oregon,2016,54766,
656,Western Oregon,2016,54767,
656,Western Oregon,2016,54768,
656,Western Oregon,2016,54771,
656,Western Oregon,2016,54773,
656,Western Oregon,2016,54777,
656,Western Oregon,2016,54778,
656,Western Oregon,2016,54779,1994-05-17
656,Western Oregon,2016,60450,
656,Western Oregon,2016,60451,
656,Western Oregon,2016,60452,
656,Western Oregon,2016,60453,
656,Western Oregon,2016,60454,
656,Western Oregon,2016,60455,
656,Western Oregon,2016,60456,
1292,Kenyon,2016,53419,
1292,Kenyon,2016,53420,
1292,Kenyon,2016,53421,
1292,Kenyon,2016,53422,
1292,Kenyon,2016,53423,
1292,Kenyon,2016,53426,
1292,Kenyon,2016,53427,
1292,Kenyon,2016,53433,
1292,Kenyon,2016,53434,
1292,Kenyon,2016,53435,
1292,Kenyon,2016,58502,
1292,Kenyon,2016,58503,
1292,Kenyon,2016,58504,
1292,Kenyon,2016,58505,
1292,Kenyon,2016,58506,
1203,East Central (OK),2016,39933,
1203,East Central (OK),2016,39939,
1203,East Central (OK),2016,55698,
1203,East Central (OK),2016,55699,1993-12-02
1203,East Central (OK),2016,55700,
1203,East Central (OK),2016,55701,
1203,East Central (OK),2016,55702,1994-10-08
1203,East Central (OK),2016,55704,
1203,East Central (OK),2016,60078,
1203,East Central (OK),2016,60079,
1203,East Central (OK),2016,60080,
1203,East Central (OK),2016,60081,
1203,East Central (OK),2016,60082,
1203,East Central (OK),2016,60083,
1203,East Central (OK),2016,60084,
1203,East Central (OK),2016,60085,
581,Boyce,2016,48889,
581,Boyce,2016,48893,
581,Boyce,2016,54931,
581,Boyce,2016,54933,
581,Boyce,2016,54934,
581,Boyce,2016,54940,
581,Boyce,2016,60620,
581,Boyce,2016,60621,
581,Boyce,2016,60622,
581,Boyce,2016,60623,
581,Boyce,2016,60624,
581,Boyce,2016,60625,
581,Boyce,2016,60626,
581,Boyce,2016,60627,
581,Boyce,2016,60628,
581,Boyce,2016,60629,
581,Boyce,2016,60630,
820,Fort Valley State,2016,42699,
820,Fort Valley State,2016,42709,
820,Fort Valley State,2016,54289,
820,Fort Valley State,2016,54290,
820,Fort Valley State,2016,54294,
820,Fort Valley State,2016,54295,
820,Fort Valley State,2016,54297,
820,Fort Valley State,2016,54298,
820,Fort Valley State,2016,54299,
820,Fort Valley State,2016,54300,
820,Fort Valley State,2016,54301,
820,Fort Valley State,2016,54302,
820,Fort Valley State,2016,54303,
820,Fort Valley State,2016,54304,
820,Fort Valley State,2016,54305,1991-09-08
820,Fort Valley State,2016,60519,
820,Fort Valley State,2016,60520,
820,Fort Valley State,2016,60521,
820,Fort Valley State,2016,60522,
820,Fort Valley State,2016,60523,
820,Fort Valley State,2016,60524,
820,Fort Valley State,2016,60525,
820,Fort Valley State,2016,60526,
820,Fort Valley State,2016,60527,
820,Fort Valley State,2016,60528,
820,Fort Valley State,2016,60529,
820,Fort Valley State,2016,60530,
820,Fort Valley State,2016,60531,
820,Fort Valley State,2016,60532,
820,Fort Valley State,2016,60533,
820,Fort Valley State,2016,60534,
820,Fort Valley State,2016,60535,
820,Fort Valley State,2016,60536,
820,Fort Valley State,2016,60537,
820,Fort Valley State,2016,60538,
820,Fort Valley State,2016,60539,
820,Fort Valley State,2016,60540,
820,Fort Valley State,2016,60541,
820,Fort Valley State,2016,60542,
679,Capital,2016,11057,
679,Capital,2016,11058,
679,Capital,2016,11059,
679,Capital,2016,11060,
679,Capital,2016,11061,
679,Capital,2016,11062,
679,Capital,2016,11063,
679,Capital,2016,11064,
679,Capital,2016,11065,
679,Capital,2016,11066,
679,Capital,2016,11067,
679,Capital,2016,11068,
679,Capital,2016,11069,
679,Capital,2016,11070,
679,Capital,2016,11071,
1148,Bacone,2016,38794,
1148,Bacone,2016,38801,
1148,Bacone,2016,38802,
1148,Bacone,2016,38803,
1148,Bacone,2016,38804,
1148,Bacone,2016,38805,
1148,Bacone,2016,38806,
1148,Bacone,2016,38807,
1148,Bacone,2016,38808,
1148,Bacone,2016,38809,
1148,Bacone,2016,38810,
1148,Bacone,2016,38811,
654,Corban College,2016,45720,
654,Corban College,2016,45721,
654,Corban College,2016,45726,
654,Corban College,2016,45727,
654,Corban College,2016,45728,
654,Corban College,2016,45729,
1183,Notre Dame de Namur,2016,28585,
1183,Notre Dame de Namur,2016,48728,
1183,Notre Dame de Namur,2016,48733,
1183,Notre Dame de Namur,2016,59215,
1183,Notre Dame de Namur,2016,59216,
1183,Notre Dame de Namur,2016,59217,
1183,Notre Dame de Namur,2016,59218,
1183,Notre Dame de Namur,2016,59219,
1183,Notre Dame de Namur,2016,59220,
1183,Notre Dame de Namur,2016,59221,
1183,Notre Dame de Namur,2016,59222,
1183,Notre Dame de Namur,2016,59223,
1183,Notre Dame de Namur,2016,59224,
1183,Notre Dame de Namur,2016,59225,
1183,Notre Dame de Namur,2016,59226,
1183,Notre Dame de Namur,2016,59227,
966,Antelope Valley,2016,28529,
966,Antelope Valley,2016,28530,
966,Antelope Valley,2016,47589,
966,Antelope Valley,2016,47590,
966,Antelope Valley,2016,52605,
966,Antelope Valley,2016,52606,
966,Antelope Valley,2016,52608,
966,Antelope Valley,2016,52609,
966,Antelope Valley,2016,52610,
966,Antelope Valley,2016,52612,
966,Antelope Valley,2016,58901,
966,Antelope Valley,2016,58902,
966,Antelope Valley,2016,58903,
966,Antelope Valley,2016,58904,
966,Antelope Valley,2016,58905,
966,Antelope Valley,2016,58906,
966,Antelope Valley,2016,58907,
966,Antelope Valley,2016,58908,
966,Antelope Valley,2016,58909,
966,Antelope Valley,2016,58910,
966,Antelope Valley,2016,58911,
635,Taylor,2016,9871,
635,Taylor,2016,9872,
635,Taylor,2016,9873,
635,Taylor,2016,9874,
635,Taylor,2016,9875,
635,Taylor,2016,9876,
635,Taylor,2016,9877,
635,Taylor,2016,9878,
635,Taylor,2016,9879,
635,Taylor,2016,9880,
635,Taylor,2016,9881,
635,Taylor,2016,9882,
635,Taylor,2016,9883,
1328,Missouri Valley,2016,36233,
1328,Missouri Valley,2016,60210,
1328,Missouri Valley,2016,60211,
1328,Missouri Valley,2016,60212,
1328,Missouri Valley,2016,60213,
1328,Missouri Valley,2016,60214,
1328,Missouri Valley,2016,60215,
1328,Missouri Valley,2016,60216,
1328,Missouri Valley,2016,60217,
1328,Missouri Valley,2016,60218,
1328,Missouri Valley,2016,60219,
1328,Missouri Valley,2016,60220,
1328,Missouri Valley,2016,60221,
1328,Missouri Valley,2016,60222,
1328,Missouri Valley,2016,60223,
1328,Missouri Valley,2016,60224,
1328,Missouri Valley,2016,60225,
1328,Missouri Valley,2016,60226,
1328,Missouri Valley,2016,60227,
1328,Missouri Valley,2016,60228,
1328,Missouri Valley,2016,60229,
1328,Missouri Valley,2016,60230,
1328,Missouri Valley,2016,60231,
1328,Missouri Valley,2016,60232,
1328,Missouri Valley,2016,60233,
1328,Missouri Valley,2016,60234,
1328,Missouri Valley,2016,60235,
1202,Geneva,2016,39862,
1202,Geneva,2016,39863,
1202,Geneva,2016,39864,
1202,Geneva,2016,39865,
1202,Geneva,2016,39866,
1202,Geneva,2016,39867,
1202,Geneva,2016,39868,
1202,Geneva,2016,39869,
1202,Geneva,2016,39870,
1202,Geneva,2016,39871,
1202,Geneva,2016,39872,
1202,Geneva,2016,39873,
1202,Geneva,2016,39874,
1202,Geneva,2016,39875,
1202,Geneva,2016,39876,
1202,Geneva,2016,39877,
1202,Geneva,2016,39878,
1202,Geneva,2016,39879,
722,Texas A&M-Kingsville,2016,12174,
722,Texas A&M-Kingsville,2016,12175,
722,Texas A&M-Kingsville,2016,12182,
722,Texas A&M-Kingsville,2016,12183,
722,Texas A&M-Kingsville,2016,12184,
722,Texas A&M-Kingsville,2016,12185,
722,Texas A&M-Kingsville,2016,12186,
722,Texas A&M-Kingsville,2016,12187,
722,Texas A&M-Kingsville,2016,12188,
722,Texas A&M-Kingsville,2016,12189,
722,Texas A&M-Kingsville,2016,12190,
722,Texas A&M-Kingsville,2016,58979,
722,Texas A&M-Kingsville,2016,58980,
722,Texas A&M-Kingsville,2016,58981,
722,Texas A&M-Kingsville,2016,58982,
722,Texas A&M-Kingsville,2016,58983,
722,Texas A&M-Kingsville,2016,58984,
1330,Purdue North Central,2016,60604,
1330,Purdue North Central,2016,60605,
1330,Purdue North Central,2016,60606,
1330,Purdue North Central,2016,60607,
1330,Purdue North Central,2016,60608,
1330,Purdue North Central,2016,60609,
1330,Purdue North Central,2016,60610,
1330,Purdue North Central,2016,60611,
1330,Purdue North Central,2016,60612,
1330,Purdue North Central,2016,60613,
1330,Purdue North Central,2016,60614,
1330,Purdue North Central,2016,60615,
1330,Purdue North Central,2016,60616,
1330,Purdue North Central,2016,60617,
1330,Purdue North Central,2016,60618,
1330,Purdue North Central,2016,60619,
1078,Maine-Farmington,2016,28295,
1078,Maine-Farmington,2016,28296,
1078,Maine-Farmington,2016,28297,
1078,Maine-Farmington,2016,28298,
1078,Maine-Farmington,2016,28299,
1078,Maine-Farmington,2016,28300,
1078,Maine-Farmington,2016,28301,
1078,Maine-Farmington,2016,28302,
1078,Maine-Farmington,2016,28303,2004-11-19
1078,Maine-Farmington,2016,28305,
1078,Maine-Farmington,2016,28306,
646,Carolina University,2016,46836,
646,Carolina University,2016,46837,
646,Carolina University,2016,59045,
646,Carolina University,2016,59046,
646,Carolina University,2016,59047,
646,Carolina University,2016,59048,
646,Carolina University,2016,59049,
646,Carolina University,2016,59050,
646,Carolina University,2016,59051,
646,Carolina University,2016,59052,
646,Carolina University,2016,59053,
646,Carolina University,2016,59054,
646,Carolina University,2016,59055,
646,Carolina University,2016,59056,
646,Carolina University,2016,59057,
646,Carolina University,2016,59058,
646,Carolina University,2016,59059,
646,Carolina University,2016,59060,
646,Carolina University,2016,59061,
646,Carolina University,2016,59062,
725,Averett,2016,37969,1997-01-20
725,Averett,2016,44860,1997-02-10
725,Averett,2016,53253,1996-06-10
725,Averett,2016,53254,1995-06-25
725,Averett,2016,53255,1995-05-19
725,Averett,2016,53256,1996-05-15
725,Averett,2016,53263,1995-10-06
725,Averett,2016,57789,1994-09-27
725,Averett,2016,57790,1993-10-13
725,Averett,2016,57791,1994-02-16
725,Averett,2016,57792,1996-10-31
725,Averett,2016,57793,1997-01-31
725,Averett,2016,57794,1996-10-18
725,Averett,2016,57795,1995-01-30
725,Averett,2016,57796,1994-08-21
725,Averett,2016,57797,1994-06-05
725,Averett,2016,57798,1994-03-01
744,Warner University,2016,14613,
744,Warner University,2016,14614,
744,Warner University,2016,14615,
744,Warner University,2016,14616,
744,Warner University,2016,14617,
744,Warner University,2016,14618,
744,Warner University,2016,14619,
744,Warner University,2016,14620,
744,Warner University,2016,14621,
744,Warner University,2016,14622,
744,Warner University,2016,14623,
744,Warner University,2016,14624,
744,Warner University,2016,14625,
744,Warner University,2016,14626,
744,Warner University,2016,14627,
744,Warner University,2016,58507,
985,Illinois-Springfield,2016,39990,
985,Illinois-Springfield,2016,39991,
985,Illinois-Springfield,2016,39996,
985,Illinois-Springfield,2016,39997,
985,Illinois-Springfield,2016,39998,
985,Illinois-Springfield,2016,52308,
985,Illinois-Springfield,2016,52310,
985,Illinois-Springfield,2016,52311,
985,Illinois-Springfield,2016,52312,
985,Illinois-Springfield,2016,60115,
985,Illinois-Springfield,2016,60116,
985,Illinois-Springfield,2016,60117,1994-06-24
985,Illinois-Springfield,2016,60118,
985,Illinois-Springfield,2016,60119,
707,Kentucky State,2016,42011,
707,Kentucky State,2016,48897,
707,Kentucky State,2016,48898,
707,Kentucky State,2016,48907,
707,Kentucky State,2016,48909,
707,Kentucky State,2016,59033,
707,Kentucky State,2016,59034,
707,Kentucky State,2016,59035,
707,Kentucky State,2016,59036,
707,Kentucky State,2016,59037,
707,Kentucky State,2016,59038,
707,Kentucky State,2016,59039,
707,Kentucky State,2016,59040,1993-02-23
707,Kentucky State,2016,59041,
707,Kentucky State,2016,59042,
707,Kentucky State,2016,59043,
707,Kentucky State,2016,59044,
1332,St. Catharine (KY),2016,39540,
1332,St. Catharine (KY),2016,39541,
1332,St. Catharine (KY),2016,47355,
1332,St. Catharine (KY),2016,60941,
1332,St. Catharine (KY),2016,60942,
1332,St. Catharine (KY),2016,60943,
1332,St. Catharine (KY),2016,60944,
1332,St. Catharine (KY),2016,60945,
1332,St. Catharine (KY),2016,60946,
1332,St. Catharine (KY),2016,60947,
1332,St. Catharine (KY),2016,60948,
1332,St. Catharine (KY),2016,60949,
1332,St. Catharine (KY),2016,60950,
1332,St. Catharine (KY),2016,60951,
855,Oakland City,2016,42759,
855,Oakland City,2016,48807,
855,Oakland City,2016,48808,
855,Oakland City,2016,48809,
855,Oakland City,2016,53586,
855,Oakland City,2016,53587,
855,Oakland City,2016,53588,
855,Oakland City,2016,53589,
855,Oakland City,2016,58564,
855,Oakland City,2016,58565,
855,Oakland City,2016,58566,
855,Oakland City,2016,58567,
877,Eastern Mennonite,2016,42442,
877,Eastern Mennonite,2016,42443,
877,Eastern Mennonite,2016,42444,
877,Eastern Mennonite,2016,42445,
877,Eastern Mennonite,2016,42448,
877,Eastern Mennonite,2016,42449,
877,Eastern Mennonite,2016,42455,
877,Eastern Mennonite,2016,42464,
877,Eastern Mennonite,2016,55634,
877,Eastern Mennonite,2016,55635,
877,Eastern Mennonite,2016,55636,
877,Eastern Mennonite,2016,55637,
877,Eastern Mennonite,2016,55638,
877,Eastern Mennonite,2016,55642,
877,Eastern Mennonite,2016,59242,
877,Eastern Mennonite,2016,59243,
571,San Francisco State,2016,41127,
571,San Francisco State,2016,41128,
571,San Francisco State,2016,41132,
571,San Francisco State,2016,41133,
571,San Francisco State,2016,54984,
571,San Francisco State,2016,54985,
571,San Francisco State,2016,54986,
571,San Francisco State,2016,54987,
571,San Francisco State,2016,54989,
571,San Francisco State,2016,57651,
571,San Francisco State,2016,57652,
571,San Francisco State,2016,57653,
571,San Francisco State,2016,57654,
571,San Francisco State,2016,57655,
571,San Francisco State,2016,57656,
571,San Francisco State,2016,57657,1993-05-01
693,Fisher College,2016,53986,
693,Fisher College,2016,53988,
693,Fisher College,2016,53989,
693,Fisher College,2016,53995,
693,Fisher College,2016,53996,
693,Fisher College,2016,53997,
693,Fisher College,2016,53999,
693,Fisher College,2016,54002,
693,Fisher College,2016,54003,
693,Fisher College,2016,60192,
693,Fisher College,2016,60193,
693,Fisher College,2016,60194,
693,Fisher College,2016,60195,
693,Fisher College,2016,60196,
693,Fisher College,2016,60197,
732,Our Lady Of The Lake,2016,47374,
732,Our Lady Of The Lake,2016,47375,
732,Our Lady Of The Lake,2016,52135,
732,Our Lady Of The Lake,2016,52138,
732,Our Lady Of The Lake,2016,52139,
732,Our Lady Of The Lake,2016,52140,
732,Our Lady Of The Lake,2016,52141,
732,Our Lady Of The Lake,2016,57151,
732,Our Lady Of The Lake,2016,57152,
732,Our Lady Of The Lake,2016,57153,
732,Our Lady Of The Lake,2016,57154,
732,Our Lady Of The Lake,2016,57155,
732,Our Lady Of The Lake,2016,57156,1994-01-04
732,Our Lady Of The Lake,2016,57157,
967,Trevecca Nazarene,2016,46159,
967,Trevecca Nazarene,2016,46160,
967,Trevecca Nazarene,2016,50814,
967,Trevecca Nazarene,2016,55892,1994-06-13
967,Trevecca Nazarene,2016,55895,
967,Trevecca Nazarene,2016,60488,
967,Trevecca Nazarene,2016,60489,
967,Trevecca Nazarene,2016,60490,
967,Trevecca Nazarene,2016,60491,1994-03-24
967,Trevecca Nazarene,2016,60492,
967,Trevecca Nazarene,2016,60493,
967,Trevecca Nazarene,2016,60494,1993-08-01
967,Trevecca Nazarene,2016,60495,
967,Trevecca Nazarene,2016,60496,
967,Trevecca Nazarene,2016,60497,
967,Trevecca Nazarene,2016,60498,
821,Benedictine (AZ),2016,39112,
821,Benedictine (AZ),2016,39121,
821,Benedictine (AZ),2016,49414,
821,Benedictine (AZ),2016,49421,
821,Benedictine (AZ),2016,49422,
821,Benedictine (AZ),2016,54070,
821,Benedictine (AZ),2016,54071,
821,Benedictine (AZ),2016,54072,
821,Benedictine (AZ),2016,54073,
821,Benedictine (AZ),2016,54074,
821,Benedictine (AZ),2016,54075,
821,Benedictine (AZ),2016,54076,
821,Benedictine (AZ),2016,54077,
821,Benedictine (AZ),2016,54078,
821,Benedictine (AZ),2016,60928,
1099,Wisconsin-Superior,2016,31023,
1099,Wisconsin-Superior,2016,46982,
1099,Wisconsin-Superior,2016,60267,
1099,Wisconsin-Superior,2016,60268,
1099,Wisconsin-Superior,2016,60269,
1099,Wisconsin-Superior,2016,60270,
1099,Wisconsin-Superior,2016,60271,
1099,Wisconsin-Superior,2016,60272,
1099,Wisconsin-Superior,2016,60273,
1099,Wisconsin-Superior,2016,60274,
1099,Wisconsin-Superior,2016,60275,
1099,Wisconsin-Superior,2016,60276,
1099,Wisconsin-Superior,2016,60277,
1099,Wisconsin-Superior,2016,60278,
1099,Wisconsin-Superior,2016,60279,
1099,Wisconsin-Superior,2016,60280,
1099,Wisconsin-Superior,2016,60281,
1099,Wisconsin-Superior,2016,60282,
1099,Wisconsin-Superior,2016,60283,
1099,Wisconsin-Superior,2016,60284,
1099,Wisconsin-Superior,2016,60285,
1099,Wisconsin-Superior,2016,60286,
751,Montreat,2016,23563,
751,Montreat,2016,23564,
751,Montreat,2016,23565,
751,Montreat,2016,57124,
751,Montreat,2016,57125,
751,Montreat,2016,57126,
751,Montreat,2016,57127,
751,Montreat,2016,57128,
751,Montreat,2016,57129,
751,Montreat,2016,57130,
751,Montreat,2016,57131,
751,Montreat,2016,57132,
751,Montreat,2016,57133,
751,Montreat,2016,57134,
751,Montreat,2016,57135,
751,Montreat,2016,57136,
751,Montreat,2016,57137,
751,Montreat,2016,60405,
828,Bowie State,2016,60912,
828,Bowie State,2016,60913,
828,Bowie State,2016,60914,
828,Bowie State,2016,60915,
828,Bowie State,2016,60916,1992-07-27
828,Bowie State,2016,60917,
828,Bowie State,2016,60918,
828,Bowie State,2016,60919,
828,Bowie State,2016,60920,
828,Bowie State,2016,60921,
828,Bowie State,2016,60922,
828,Bowie State,2016,60923,
828,Bowie State,2016,60924,
828,Bowie State,2016,60925,
828,Bowie State,2016,60926,
1224,Sewanee,2016,51324,
1224,Sewanee,2016,51325,
1224,Sewanee,2016,51327,
1224,Sewanee,2016,51328,
1133,Tougaloo,2016,52235,
1303,Austin,2016,55075,
1303,Austin,2016,55076,
1303,Austin,2016,55078,
1303,Austin,2016,55079,
1303,Austin,2016,55080,
1303,Austin,2016,55081,
1303,Austin,2016,55082,
1303,Austin,2016,55085,
1303,Austin,2016,55086,
1303,Austin,2016,55087,
1303,Austin,2016,55088,
1303,Austin,2016,55089,
1303,Austin,2016,55090,
1303,Austin,2016,55091,
1303,Austin,2016,55092,
1303,Austin,2016,55095,
1303,Austin,2016,56771,
1303,Austin,2016,56772,
1303,Austin,2016,56773,
1303,Austin,2016,56774,
1303,Austin,2016,56775,
1303,Austin,2016,56776,
1303,Austin,2016,56777,
1303,Austin,2016,56778,
1303,Austin,2016,56779,
1303,Austin,2016,56780,
1303,Austin,2016,56781,
1303,Austin,2016,56782,
1303,Austin,2016,56783,
669,Tabor,2016,59319,
669,Tabor,2016,59320,
669,Tabor,2016,59321,
669,Tabor,2016,59322,
669,Tabor,2016,59323,
669,Tabor,2016,59324,
669,Tabor,2016,59325,
669,Tabor,2016,59326,
669,Tabor,2016,59327,
669,Tabor,2016,59328,
669,Tabor,2016,59329,
669,Tabor,2016,59330,
669,Tabor,2016,59331,
669,Tabor,2016,59332,
669,Tabor,2016,59333,
991,San Diego Christian,2016,53371,
991,San Diego Christian,2016,53377,
991,San Diego Christian,2016,53379,
991,San Diego Christian,2016,53380,
991,San Diego Christian,2016,58087,
991,San Diego Christian,2016,58088,
991,San Diego Christian,2016,58089,
991,San Diego Christian,2016,58090,
991,San Diego Christian,2016,58091,
991,San Diego Christian,2016,58092,
991,San Diego Christian,2016,58093,
991,San Diego Christian,2016,58094,
991,San Diego Christian,2016,58095,
991,San Diego Christian,2016,58096,
991,San Diego Christian,2016,58097,
991,San Diego Christian,2016,58098,
991,San Diego Christian,2016,58099,
991,San Diego Christian,2016,58100,
991,San Diego Christian,2016,58101,
991,San Diego Christian,2016,58420,
708,Ferrum,2016,37197,
708,Ferrum,2016,37198,
708,Ferrum,2016,48980,
708,Ferrum,2016,48981,
708,Ferrum,2016,48985,
708,Ferrum,2016,53177,
708,Ferrum,2016,53178,
708,Ferrum,2016,53180,
708,Ferrum,2016,53181,
708,Ferrum,2016,53182,
708,Ferrum,2016,53185,
708,Ferrum,2016,53186,
708,Ferrum,2016,55212,
708,Ferrum,2016,56142,
708,Ferrum,2016,56143,
708,Ferrum,2016,56144,
708,Ferrum,2016,56145,
708,Ferrum,2016,56146,
708,Ferrum,2016,56147,
708,Ferrum,2016,56148,
1110,Roosevelt,2016,53590,
1110,Roosevelt,2016,53591,
1110,Roosevelt,2016,53592,
1110,Roosevelt,2016,53593,
1110,Roosevelt,2016,53594,
1110,Roosevelt,2016,53600,
1110,Roosevelt,2016,53601,
1110,Roosevelt,2016,53602,
1110,Roosevelt,2016,53603,
1110,Roosevelt,2016,53605,
1110,Roosevelt,2016,53606,
1110,Roosevelt,2016,59275,
1110,Roosevelt,2016,59276,
1110,Roosevelt,2016,59277,
1110,Roosevelt,2016,59278,
632,Voorhees,2016,45390,
632,Voorhees,2016,45393,
632,Voorhees,2016,45394,
632,Voorhees,2016,45395,
632,Voorhees,2016,45396,
632,Voorhees,2016,45397,
632,Voorhees,2016,45401,
632,Voorhees,2016,45402,
632,Voorhees,2016,45403,
632,Voorhees,2016,58199,
632,Voorhees,2016,58200,
632,Voorhees,2016,58201,
632,Voorhees,2016,58202,
632,Voorhees,2016,58203,
632,Voorhees,2016,58204,
632,Voorhees,2016,58205,
632,Voorhees,2016,58206,
632,Voorhees,2016,58207,
632,Voorhees,2016,58208,
632,Voorhees,2016,58209,
632,Voorhees,2016,59811,
950,CS Dominguez Hills,2016,54111,
950,CS Dominguez Hills,2016,54114,
950,CS Dominguez Hills,2016,54117,
950,CS Dominguez Hills,2016,54119,
950,CS Dominguez Hills,2016,54120,
950,CS Dominguez Hills,2016,54121,
950,CS Dominguez Hills,2016,54122,
950,CS Dominguez Hills,2016,54123,
950,CS Dominguez Hills,2016,54124,
950,CS Dominguez Hills,2016,54125,
950,CS Dominguez Hills,2016,54126,
950,CS Dominguez Hills,2016,54127,
767,Lesley University,2016,39329,
641,Goshen,2016,54154,
641,Goshen,2016,54155,
641,Goshen,2016,54156,
641,Goshen,2016,54160,
641,Goshen,2016,54161,
1067,Cumberland (TN),2016,53763,
1067,Cumberland (TN),2016,53764,
1067,Cumberland (TN),2016,53765,
1067,Cumberland (TN),2016,53766,
1067,Cumberland (TN),2016,53767,1993-12-04
1067,Cumberland (TN),2016,53768,
1067,Cumberland (TN),2016,53769,
1067,Cumberland (TN),2016,53770,
1067,Cumberland (TN),2016,53771,
1067,Cumberland (TN),2016,59895,
1067,Cumberland (TN),2016,59896,
1067,Cumberland (TN),2016,59897,
1067,Cumberland (TN),2016,59898,
1067,Cumberland (TN),2016,59899,
934,Ohio Dominican,2016,54306,
934,Ohio Dominican,2016,54307,
934,Ohio Dominican,2016,54308,
934,Ohio Dominican,2016,54309,
934,Ohio Dominican,2016,54310,
934,Ohio Dominican,2016,54314,
934,Ohio Dominican,2016,54315,
934,Ohio Dominican,2016,54316,
934,Ohio Dominican,2016,54317,
934,Ohio Dominican,2016,54318,
934,Ohio Dominican,2016,54320,
934,Ohio Dominican,2016,54321,
934,Ohio Dominican,2016,54322,
934,Ohio Dominican,2016,54323,
934,Ohio Dominican,2016,54324,
934,Ohio Dominican,2016,54325,
534,Dallas Christian,2016,49987,
534,Dallas Christian,2016,49988,
534,Dallas Christian,2016,49991,
534,Dallas Christian,2016,54194,
534,Dallas Christian,2016,54195,
534,Dallas Christian,2016,54196,
534,Dallas Christian,2016,54197,
534,Dallas Christian,2016,54198,
534,Dallas Christian,2016,54200,
534,Dallas Christian,2016,54201,
534,Dallas Christian,2016,54202,
534,Dallas Christian,2016,54203,
534,Dallas Christian,2016,54204,
534,Dallas Christian,2016,54205,
534,Dallas Christian,2016,54206,
534,Dallas Christian,2016,54207,
534,Dallas Christian,2016,54208,
534,Dallas Christian,2016,54209,
534,Dallas Christian,2016,54210,
534,Dallas Christian,2016,54211,
534,Dallas Christian,2016,54212,
835,Johnson University Florida,2016,46928,
835,Johnson University Florida,2016,46929,
835,Johnson University Florida,2016,53400,
835,Johnson University Florida,2016,53402,
835,Johnson University Florida,2016,53406,
835,Johnson University Florida,2016,56212,
835,Johnson University Florida,2016,56213,
835,Johnson University Florida,2016,56214,
835,Johnson University Florida,2016,56215,
835,Johnson University Florida,2016,56216,
835,Johnson University Florida,2016,56217,
835,Johnson University Florida,2016,56218,
835,Johnson University Florida,2016,56219,
835,Johnson University Florida,2016,56220,
835,Johnson University Florida,2016,56221,
835,Johnson University Florida,2016,56222,
835,Johnson University Florida,2016,56223,
721,Hawai'i Pacific,2016,33398,
721,Hawai'i Pacific,2016,59963,
721,Hawai'i Pacific,2016,59964,
721,Hawai'i Pacific,2016,59965,
721,Hawai'i Pacific,2016,59966,
721,Hawai'i Pacific,2016,59967,
721,Hawai'i Pacific,2016,59968,
721,Hawai'i Pacific,2016,59969,
721,Hawai'i Pacific,2016,59970,
721,Hawai'i Pacific,2016,59971,
721,Hawai'i Pacific,2016,59972,
721,Hawai'i Pacific,2016,59973,1993-08-25
721,Hawai'i Pacific,2016,59974,
721,Hawai'i Pacific,2016,59975,
721,Hawai'i Pacific,2016,59976,
703,Minnesota Crookston,2016,11729,
703,Minnesota Crookston,2016,11730,
1066,Salve Regina,2016,53660,
1066,Salve Regina,2016,53676,
1066,Salve Regina,2016,53677,
567,Northwest Indian,2016,25002,
567,Northwest Indian,2016,25003,
567,Northwest Indian,2016,25004,
567,Northwest Indian,2016,25005,
567,Northwest Indian,2016,25006,
567,Northwest Indian,2016,25007,
567,Northwest Indian,2016,25008,
567,Northwest Indian,2016,25009,
567,Northwest Indian,2016,25010,
567,Northwest Indian,2016,25011,
567,Northwest Indian,2016,25012,
567,Northwest Indian,2016,25013,
567,Northwest Indian,2016,25014,
567,Northwest Indian,2016,25015,
567,Northwest Indian,2016,25016,
567,Northwest Indian,2016,25017,
567,Northwest Indian,2016,25019,
567,Northwest Indian,2016,25020,
567,Northwest Indian,2016,25021,
567,Northwest Indian,2016,25022,
567,Northwest Indian,2016,25023,
567,Northwest Indian,2016,25024,
567,Northwest Indian,2016,25025,
567,Northwest Indian,2016,25026,
567,Northwest Indian,2016,25027,
567,Northwest Indian,2016,25129,
660,Crowley's Ridge,2016,41724,
660,Crowley's Ridge,2016,41725,
660,Crowley's Ridge,2016,41731,
660,Crowley's Ridge,2016,41732,
660,Crowley's Ridge,2016,41733,
660,Crowley's Ridge,2016,41734,
660,Crowley's Ridge,2016,54943,
660,Crowley's Ridge,2016,58318,
660,Crowley's Ridge,2016,58319,
660,Crowley's Ridge,2016,58320,
660,Crowley's Ridge,2016,58321,
660,Crowley's Ridge,2016,58322,
660,Crowley's Ridge,2016,58323,
660,Crowley's Ridge,2016,58324,
660,Crowley's Ridge,2016,58325,
660,Crowley's Ridge,2016,58326,
660,Crowley's Ridge,2016,58327,
660,Crowley's Ridge,2016,58328,
660,Crowley's Ridge,2016,58329,
658,Emerson,2016,39160,
658,Emerson,2016,39166,
658,Emerson,2016,48632,
658,Emerson,2016,48633,
658,Emerson,2016,48634,
658,Emerson,2016,48636,
658,Emerson,2016,48639,
658,Emerson,2016,55039,
658,Emerson,2016,55040,
658,Emerson,2016,58660,
658,Emerson,2016,58661,
658,Emerson,2016,58662,
658,Emerson,2016,58663,
658,Emerson,2016,58664,
658,Emerson,2016,58665,
658,Emerson,2016,58666,
658,Emerson,2016,58667,
658,Emerson,2016,58668,
658,Emerson,2016,58669,
1325,Utica,2016,59875,
1325,Utica,2016,59876,
1325,Utica,2016,59877,
1325,Utica,2016,59878,
1325,Utica,2016,59879,
1325,Utica,2016,59880,
1325,Utica,2016,59881,
1325,Utica,2016,59882,
1325,Utica,2016,59883,
1325,Utica,2016,59884,
1325,Utica,2016,59885,
1325,Utica,2016,59886,
1325,Utica,2016,59887,
1325,Utica,2016,59888,
1325,Utica,2016,59889,
1325,Utica,2016,59890,
1325,Utica,2016,59891,
1325,Utica,2016,59892,
1325,Utica,2016,59893,
1325,Utica,2016,59894,
557,Champion Christian,2016,45001,
557,Champion Christian,2016,45002,
557,Champion Christian,2016,45003,
557,Champion Christian,2016,45004,
557,Champion Christian,2016,45005,
557,Champion Christian,2016,45006,
557,Champion Christian,2016,45007,
557,Champion Christian,2016,45008,
557,Champion Christian,2016,45009,
557,Champion Christian,2016,45010,
557,Champion Christian,2016,45011,
557,Champion Christian,2016,45012,
557,Champion Christian,2016,45013,
557,Champion Christian,2016,45014,
557,Champion Christian,2016,45015,
557,Champion Christian,2016,45016,
557,Champion Christian,2016,45017,
1013,Bushnell,2016,31316,1994-03-17
1013,Bushnell,2016,31317,1992-04-08
1013,Bushnell,2016,31318,1992-10-01
1013,Bushnell,2016,31319,2003-11-21
1013,Bushnell,2016,31320,
1013,Bushnell,2016,31321,
1013,Bushnell,2016,31322,
1013,Bushnell,2016,31323,
1013,Bushnell,2016,31324,
1013,Bushnell,2016,31325,
1013,Bushnell,2016,31326,
1013,Bushnell,2016,31327,
1013,Bushnell,2016,31328,
1013,Bushnell,2016,31329,
1013,Bushnell,2016,36670,1997-08-26
621,Brescia,2016,38246,
621,Brescia,2016,38247,
621,Brescia,2016,47050,
621,Brescia,2016,47051,
621,Brescia,2016,47053,
621,Brescia,2016,47055,
621,Brescia,2016,55441,
621,Brescia,2016,60386,
621,Brescia,2016,60387,
621,Brescia,2016,60388,
621,Brescia,2016,60389,
621,Brescia,2016,60390,
621,Brescia,2016,60391,
621,Brescia,2016,60392,
734,Purdue Northwest,2016,32817,
734,Purdue Northwest,2016,32825,
734,Purdue Northwest,2016,60319,
734,Purdue Northwest,2016,60320,
734,Purdue Northwest,2016,60321,
734,Purdue Northwest,2016,60322,
734,Purdue Northwest,2016,60323,
734,Purdue Northwest,2016,60324,
734,Purdue Northwest,2016,60325,
734,Purdue Northwest,2016,60326,
734,Purdue Northwest,2016,60327,
734,Purdue Northwest,2016,60328,
734,Purdue Northwest,2016,60329,
734,Purdue Northwest,2016,60330,
734,Purdue Northwest,2016,60331,
1068,Shenandoah,2016,38285,
1068,Shenandoah,2016,49301,
1068,Shenandoah,2016,49311,
1068,Shenandoah,2016,49314,
1068,Shenandoah,2016,49315,
1068,Shenandoah,2016,49316,
1068,Shenandoah,2016,49318,
1068,Shenandoah,2016,49319,
1068,Shenandoah,2016,49320,
1068,Shenandoah,2016,49321,
1068,Shenandoah,2016,56485,
1068,Shenandoah,2016,56486,
1068,Shenandoah,2016,56487,
1068,Shenandoah,2016,56488,
1068,Shenandoah,2016,56489,
1068,Shenandoah,2016,56490,
1068,Shenandoah,2016,56491,
1068,Shenandoah,2016,56492,
1068,Shenandoah,2016,56493,
1068,Shenandoah,2016,56494,
1068,Shenandoah,2016,56495,
1287,Rowan,2016,51044,
1287,Rowan,2016,51046,
1287,Rowan,2016,51052,
1287,Rowan,2016,51057,
1287,Rowan,2016,54594,
1287,Rowan,2016,54595,
1287,Rowan,2016,54596,
1287,Rowan,2016,54598,
1287,Rowan,2016,54599,
1287,Rowan,2016,59443,
1287,Rowan,2016,59444,
1287,Rowan,2016,59445,
1287,Rowan,2016,59446,
1287,Rowan,2016,59447,
1287,Rowan,2016,59448,
1287,Rowan,2016,59449,
1287,Rowan,2016,59450,
1287,Rowan,2016,59451,
1287,Rowan,2016,59452,
1287,Rowan,2016,59453,1992-07-02
1287,Rowan,2016,59454,
1287,Rowan,2016,59455,
1025,Multnomah University,2016,40688,
1025,Multnomah University,2016,40689,
1025,Multnomah University,2016,40696,
1025,Multnomah University,2016,40697,
1025,Multnomah University,2016,40698,
1025,Multnomah University,2016,49048,
1025,Multnomah University,2016,50166,
1025,Multnomah University,2016,59485,
1025,Multnomah University,2016,59486,
1025,Multnomah University,2016,59487,
1025,Multnomah University,2016,59488,
1025,Multnomah University,2016,59489,
1025,Multnomah University,2016,59490,
1025,Multnomah University,2016,59491,
1025,Multnomah University,2016,59492,
1025,Multnomah University,2016,59493,
1025,Multnomah University,2016,59494,
1025,Multnomah University,2016,59495,
1025,Multnomah University,2016,59496,
1025,Multnomah University,2016,59497,
1319,Embry-Riddle (FL),2016,58999,
1319,Embry-Riddle (FL),2016,59000,
1319,Embry-Riddle (FL),2016,59001,
1319,Embry-Riddle (FL),2016,59002,
1319,Embry-Riddle (FL),2016,59003,
1319,Embry-Riddle (FL),2016,59004,
1319,Embry-Riddle (FL),2016,59005,
1319,Embry-Riddle (FL),2016,59006,
1319,Embry-Riddle (FL),2016,59007,
1319,Embry-Riddle (FL),2016,59008,
1319,Embry-Riddle (FL),2016,59009,
1319,Embry-Riddle (FL),2016,59010,
1111,Palm Beach Atlantic,2016,55755,
1111,Palm Beach Atlantic,2016,55757,
1111,Palm Beach Atlantic,2016,55759,
1111,Palm Beach Atlantic,2016,55760,
1111,Palm Beach Atlantic,2016,55764,
1111,Palm Beach Atlantic,2016,55765,
1111,Palm Beach Atlantic,2016,55766,
1111,Palm Beach Atlantic,2016,55767,
1111,Palm Beach Atlantic,2016,55768,
1111,Palm Beach Atlantic,2016,55770,
1111,Palm Beach Atlantic,2016,55771,
1111,Palm Beach Atlantic,2016,55772,
1111,Palm Beach Atlantic,2016,55773,
1111,Palm Beach Atlantic,2016,55774,1992-10-26
1111,Palm Beach Atlantic,2016,55775,1993-07-28
1111,Palm Beach Atlantic,2016,55776,1993-02-09
1279,Catholic,2016,50473,
1279,Catholic,2016,50479,
1279,Catholic,2016,50486,
1279,Catholic,2016,50487,
1279,Catholic,2016,50492,
648,LeTourneau,2016,47379,
648,LeTourneau,2016,48412,
648,LeTourneau,2016,48413,
648,LeTourneau,2016,48414,
648,LeTourneau,2016,48416,
648,LeTourneau,2016,48417,
648,LeTourneau,2016,48422,
648,LeTourneau,2016,48424,
648,LeTourneau,2016,48425,
648,LeTourneau,2016,53108,1995-05-25
648,LeTourneau,2016,53109,
648,LeTourneau,2016,53113,
648,LeTourneau,2016,60035,
648,LeTourneau,2016,60036,
648,LeTourneau,2016,60037,
648,LeTourneau,2016,60038,
648,LeTourneau,2016,60039,
648,LeTourneau,2016,60040,
648,LeTourneau,2016,60041,
1095,Eckerd,2016,60587,
1095,Eckerd,2016,60588,
1095,Eckerd,2016,60589,
1095,Eckerd,2016,60590,
1095,Eckerd,2016,60591,
1095,Eckerd,2016,60592,
1095,Eckerd,2016,60593,
1095,Eckerd,2016,60594,
1095,Eckerd,2016,60595,
1095,Eckerd,2016,60596,
1095,Eckerd,2016,60597,
1095,Eckerd,2016,60598,
1095,Eckerd,2016,60599,
1095,Eckerd,2016,60600,
1095,Eckerd,2016,60601,
1095,Eckerd,2016,60602,
992,Rochester University (MI),2016,34623,
992,Rochester University (MI),2016,34624,
992,Rochester University (MI),2016,34625,
992,Rochester University (MI),2016,50856,
992,Rochester University (MI),2016,53636,
992,Rochester University (MI),2016,53637,
992,Rochester University (MI),2016,53638,
992,Rochester University (MI),2016,53639,
992,Rochester University (MI),2016,53640,
992,Rochester University (MI),2016,53642,
992,Rochester University (MI),2016,59147,
992,Rochester University (MI),2016,59148,
992,Rochester University (MI),2016,59149,
992,Rochester University (MI),2016,59150,
992,Rochester University (MI),2016,59151,
992,Rochester University (MI),2016,59152,
992,Rochester University (MI),2016,59153,
517,Columbia International,2016,42625,
517,Columbia International,2016,45770,
517,Columbia International,2016,46520,
517,Columbia International,2016,48513,
517,Columbia International,2016,48522,
517,Columbia International,2016,53754,
517,Columbia International,2016,53757,
517,Columbia International,2016,53758,
517,Columbia International,2016,60042,
517,Columbia International,2016,60043,
517,Columbia International,2016,60044,
517,Columbia International,2016,60045,
517,Columbia International,2016,60046,
517,Columbia International,2016,60047,
517,Columbia International,2016,60048,
574,Chapman,2016,48696,
574,Chapman,2016,48697,
574,Chapman,2016,48698,
574,Chapman,2016,48699,
574,Chapman,2016,60165,
574,Chapman,2016,60166,1991-06-14
574,Chapman,2016,60167,
574,Chapman,2016,60168,
574,Chapman,2016,60169,
574,Chapman,2016,60170,
574,Chapman,2016,60171,
574,Chapman,2016,60172,
574,Chapman,2016,60173,
574,Chapman,2016,60174,
574,Chapman,2016,60175,
574,Chapman,2016,60176,
574,Chapman,2016,60177,
574,Chapman,2016,60178,
574,Chapman,2016,60179,
574,Chapman,2016,60180,
574,Chapman,2016,60181,
574,Chapman,2016,60182,
574,Chapman,2016,60183,
574,Chapman,2016,60184,
574,Chapman,2016,60185,
574,Chapman,2016,60186,
574,Chapman,2016,60187,
574,Chapman,2016,60188,
854,Sonoma State,2016,49431,
854,Sonoma State,2016,49435,
854,Sonoma State,2016,49436,
888,Reinhardt,2016,42792,
888,Reinhardt,2016,48560,
888,Reinhardt,2016,54653,
888,Reinhardt,2016,54654,
888,Reinhardt,2016,54655,
888,Reinhardt,2016,54656,
888,Reinhardt,2016,54657,
888,Reinhardt,2016,54660,
888,Reinhardt,2016,54661,
888,Reinhardt,2016,58132,
888,Reinhardt,2016,58133,
888,Reinhardt,2016,58134,
888,Reinhardt,2016,58135,
888,Reinhardt,2016,58136,
888,Reinhardt,2016,58137,
888,Reinhardt,2016,58138,
888,Reinhardt,2016,58139,
888,Reinhardt,2016,58140,
888,Reinhardt,2016,58141,
888,Reinhardt,2016,58142,
888,Reinhardt,2016,58143,
678,Central State (OH),2016,11038,
678,Central State (OH),2016,45425,
678,Central State (OH),2016,50292,
678,Central State (OH),2016,50295,
678,Central State (OH),2016,50299,
678,Central State (OH),2016,58273,
678,Central State (OH),2016,58274,
678,Central State (OH),2016,58275,
678,Central State (OH),2016,58276,
678,Central State (OH),2016,58277,
678,Central State (OH),2016,58278,
678,Central State (OH),2016,58279,
678,Central State (OH),2016,58280,
678,Central State (OH),2016,58281,
678,Central State (OH),2016,58282,
678,Central State (OH),2016,58283,
678,Central State (OH),2016,58284,1994-02-12
1204,Missouri-St. Louis,2016,40017,1987-07-22
1204,Missouri-St. Louis,2016,40025,1989-11-21
1204,Missouri-St. Louis,2016,40039,1989-05-19
1204,Missouri-St. Louis,2016,40041,1984-04-02
1214,Widener,2016,41018,
1214,Widener,2016,41019,
1214,Widener,2016,41020,
1214,Widener,2016,41021,
1214,Widener,2016,41022,
1214,Widener,2016,41023,
1214,Widener,2016,41024,
1214,Widener,2016,41025,
1214,Widener,2016,41026,
1214,Widener,2016,41027,
1214,Widener,2016,41028,
1214,Widener,2016,41029,
1214,Widener,2016,41030,
1214,Widener,2016,41031,
1214,Widener,2016,41032,
1214,Widener,2016,41033,
1214,Widener,2016,60303,
1038,Saint Martin's,2016,34322,
1038,Saint Martin's,2016,34323,
1038,Saint Martin's,2016,34331,
1038,Saint Martin's,2016,34332,
1038,Saint Martin's,2016,34333,
1038,Saint Martin's,2016,50357,
1038,Saint Martin's,2016,60049,1995-01-29
1038,Saint Martin's,2016,60050,1992-08-11
1038,Saint Martin's,2016,60051,
1038,Saint Martin's,2016,60052,
1038,Saint Martin's,2016,60053,
1038,Saint Martin's,2016,60054,
1038,Saint Martin's,2016,60055,
1038,Saint Martin's,2016,60056,
1038,Saint Martin's,2016,60057,
1038,Saint Martin's,2016,60058,1992-09-03
948,Adams State,2016,33802,
948,Adams State,2016,40909,
948,Adams State,2016,58600,
948,Adams State,2016,58601,
948,Adams State,2016,58602,
948,Adams State,2016,58603,
948,Adams State,2016,58604,
948,Adams State,2016,58605,
948,Adams State,2016,58606,
948,Adams State,2016,58607,
948,Adams State,2016,58608,
948,Adams State,2016,58609,
990,Shorter,2016,21775,1988-04-21
990,Shorter,2016,21792,1987-11-19
990,Shorter,2016,21793,1988-04-15
990,Shorter,2016,21800,1988-07-10
650,Loyola New Orleans,2016,44792,
650,Loyola New Orleans,2016,44794,
650,Loyola New Orleans,2016,44798,
650,Loyola New Orleans,2016,49979,
650,Loyola New Orleans,2016,49980,
650,Loyola New Orleans,2016,49981,
650,Loyola New Orleans,2016,49984,
650,Loyola New Orleans,2016,55029,
650,Loyola New Orleans,2016,55030,
650,Loyola New Orleans,2016,55031,
650,Loyola New Orleans,2016,55033,
650,Loyola New Orleans,2016,55034,
650,Loyola New Orleans,2016,58064,
650,Loyola New Orleans,2016,58065,
650,Loyola New Orleans,2016,58066,
650,Loyola New Orleans,2016,58067,
650,Loyola New Orleans,2016,58068,
1166,Washington Adventist,2016,58471,
1166,Washington Adventist,2016,58472,
1166,Washington Adventist,2016,58473,
1166,Washington Adventist,2016,58474,
1166,Washington Adventist,2016,58475,
1166,Washington Adventist,2016,58476,
1166,Washington Adventist,2016,58477,
1166,Washington Adventist,2016,58478,
1166,Washington Adventist,2016,58479,
1166,Washington Adventist,2016,58480,
1166,Washington Adventist,2016,58481,
1166,Washington Adventist,2016,58482,
1166,Washington Adventist,2016,58483,
1166,Washington Adventist,2016,58484,
1166,Washington Adventist,2016,58485,
1166,Washington Adventist,2016,58486,
1166,Washington Adventist,2016,58487,
998,Methodist,2016,46757,
998,Methodist,2016,46758,
998,Methodist,2016,46759,
998,Methodist,2016,54807,
998,Methodist,2016,54808,
998,Methodist,2016,54810,
998,Methodist,2016,54812,
998,Methodist,2016,60375,
998,Methodist,2016,60376,
998,Methodist,2016,60377,
998,Methodist,2016,60378,
998,Methodist,2016,60379,
998,Methodist,2016,60380,
998,Methodist,2016,60381,
998,Methodist,2016,60382,
998,Methodist,2016,60383,
998,Methodist,2016,60384,
1097,Chowan,2016,34341,
1097,Chowan,2016,34342,
1097,Chowan,2016,34343,
1097,Chowan,2016,34344,
1097,Chowan,2016,34350,
1097,Chowan,2016,34351,
1097,Chowan,2016,34352,
1097,Chowan,2016,34353,
1097,Chowan,2016,34354,
1097,Chowan,2016,58466,
1097,Chowan,2016,58467,
1097,Chowan,2016,58468,
1097,Chowan,2016,58469,
666,Florida National,2016,45903,
666,Florida National,2016,54366,
666,Florida National,2016,54370,
666,Florida National,2016,54374,
666,Florida National,2016,54375,
666,Florida National,2016,54376,
666,Florida National,2016,54377,
666,Florida National,2016,54378,
666,Florida National,2016,54379,
666,Florida National,2016,54380,
666,Florida National,2016,54381,
666,Florida National,2016,54382,
666,Florida National,2016,54383,
666,Florida National,2016,54384,
666,Florida National,2016,54385,
666,Florida National,2016,54386,
666,Florida National,2016,54387,
666,Florida National,2016,54388,
666,Florida National,2016,54389,
666,Florida National,2016,54390,
666,Florida National,2016,54391,
666,Florida National,2016,54392,
666,Florida National,2016,54393,
666,Florida National,2016,54394,
666,Florida National,2016,54395,
666,Florida National,2016,54396,
666,Florida National,2016,54397,
666,Florida National,2016,56791,
666,Florida National,2016,56792,
666,Florida National,2016,56793,
666,Florida National,2016,56794,
682,Gallaudet,2016,39904,
682,Gallaudet,2016,39907,
682,Gallaudet,2016,39908,
682,Gallaudet,2016,39909,
682,Gallaudet,2016,39910,
682,Gallaudet,2016,39911,
682,Gallaudet,2016,39912,
682,Gallaudet,2016,39913,
682,Gallaudet,2016,39914,
682,Gallaudet,2016,39915,
682,Gallaudet,2016,39916,
682,Gallaudet,2016,39917,
682,Gallaudet,2016,39918,
682,Gallaudet,2016,39919,
682,Gallaudet,2016,59317,
608,Franklin,2016,29712,
608,Franklin,2016,29714,
608,Franklin,2016,29715,
608,Franklin,2016,29723,
608,Franklin,2016,29724,
978,Emory & Henry,2016,39710,
978,Emory & Henry,2016,39711,
978,Emory & Henry,2016,39712,
978,Emory & Henry,2016,39713,
978,Emory & Henry,2016,39714,
978,Emory & Henry,2016,39715,
978,Emory & Henry,2016,39716,
978,Emory & Henry,2016,39717,
978,Emory & Henry,2016,39718,
978,Emory & Henry,2016,39719,
978,Emory & Henry,2016,39720,
978,Emory & Henry,2016,39721,
978,Emory & Henry,2016,39722,
978,Emory & Henry,2016,39723,
978,Emory & Henry,2016,39724,
978,Emory & Henry,2016,39725,
978,Emory & Henry,2016,39726,
978,Emory & Henry,2016,39727,
978,Emory & Henry,2016,39728,
978,Emory & Henry,2016,39729,
978,Emory & Henry,2016,39730,
912,Hood College,2016,51374,
912,Hood College,2016,51376,
912,Hood College,2016,51377,
743,Aquinas,2016,40933,
743,Aquinas,2016,40939,
743,Aquinas,2016,40940,
743,Aquinas,2016,40941,
743,Aquinas,2016,40942,
743,Aquinas,2016,59785,
743,Aquinas,2016,59786,
743,Aquinas,2016,59787,
743,Aquinas,2016,59788,
743,Aquinas,2016,59789,
743,Aquinas,2016,59790,
743,Aquinas,2016,59791,
743,Aquinas,2016,59792,
743,Aquinas,2016,59793,
743,Aquinas,2016,59794,
743,Aquinas,2016,59795,
743,Aquinas,2016,59796,
760,Holy Family University,2016,41051,1990-01-29
760,Holy Family University,2016,41053,
611,Ohio Wesleyan,2016,28323,2003-11-21
611,Ohio Wesleyan,2016,28324,2003-11-21
611,Ohio Wesleyan,2016,28325,2003-11-21
611,Ohio Wesleyan,2016,28326,2003-11-21
611,Ohio Wesleyan,2016,28334,2003-11-21
611,Ohio Wesleyan,2016,28336,2003-11-21
611,Ohio Wesleyan,2016,28338,2003-11-21
611,Ohio Wesleyan,2016,28339,2003-11-21
611,Ohio Wesleyan,2016,28340,2003-11-21
611,Ohio Wesleyan,2016,28341,2003-11-21
909,Clarks Summit,2016,55314,
909,Clarks Summit,2016,57920,
909,Clarks Summit,2016,57921,
909,Clarks Summit,2016,57922,
909,Clarks Summit,2016,57923,
909,Clarks Summit,2016,57924,
909,Clarks Summit,2016,57925,
909,Clarks Summit,2016,57926,
909,Clarks Summit,2016,57927,
909,Clarks Summit,2016,57928,
909,Clarks Summit,2016,57929,
909,Clarks Summit,2016,57930,
909,Clarks Summit,2016,57931,
909,Clarks Summit,2016,57932,
909,Clarks Summit,2016,57933,
909,Clarks Summit,2016,57934,
1053,Cal State LA,2016,28514,
1053,Cal State LA,2016,41578,
1053,Cal State LA,2016,41580,1992-05-06
1053,Cal State LA,2016,41587,
1053,Cal State LA,2016,41588,
1053,Cal State LA,2016,41589,
1053,Cal State LA,2016,55330,
1053,Cal State LA,2016,59279,
1053,Cal State LA,2016,59280,
1053,Cal State LA,2016,59281,
1053,Cal State LA,2016,59282,
1053,Cal State LA,2016,59283,1993-04-12
1053,Cal State LA,2016,59284,
1053,Cal State LA,2016,59285,
1024,Mars Hill,2016,42152,
1024,Mars Hill,2016,49197,
1024,Mars Hill,2016,49199,
1024,Mars Hill,2016,49203,
1024,Mars Hill,2016,49207,
1024,Mars Hill,2016,49208,
1024,Mars Hill,2016,58670,
1024,Mars Hill,2016,58671,
1024,Mars Hill,2016,58672,
1024,Mars Hill,2016,58673,
1024,Mars Hill,2016,58674,
1024,Mars Hill,2016,58675,
1024,Mars Hill,2016,58676,
1024,Mars Hill,2016,58677,
1024,Mars Hill,2016,58678,
1024,Mars Hill,2016,58679,
1024,Mars Hill,2016,58680,
1024,Mars Hill,2016,58681,
1024,Mars Hill,2016,60480,
747,Trinity (FL),2016,28379,
747,Trinity (FL),2016,28380,
747,Trinity (FL),2016,28381,
747,Trinity (FL),2016,28382,
747,Trinity (FL),2016,28383,
747,Trinity (FL),2016,28384,
747,Trinity (FL),2016,28385,
747,Trinity (FL),2016,28386,
747,Trinity (FL),2016,28389,
747,Trinity (FL),2016,28390,
747,Trinity (FL),2016,28391,
747,Trinity (FL),2016,28392,
747,Trinity (FL),2016,28393,
747,Trinity (FL),2016,28394,
747,Trinity (FL),2016,28395,
747,Trinity (FL),2016,46931,
747,Trinity (FL),2016,54151,
747,Trinity (FL),2016,54152,
747,Trinity (FL),2016,56862,
747,Trinity (FL),2016,56863,
747,Trinity (FL),2016,56864,
747,Trinity (FL),2016,56865,
747,Trinity (FL),2016,56866,
747,Trinity (FL),2016,56867,
747,Trinity (FL),2016,56868,
747,Trinity (FL),2016,56869,
747,Trinity (FL),2016,56870,
771,Middle Georgia State,2016,40721,
771,Middle Georgia State,2016,53965,
771,Middle Georgia State,2016,53966,
771,Middle Georgia State,2016,53968,
771,Middle Georgia State,2016,53969,
771,Middle Georgia State,2016,53974,
771,Middle Georgia State,2016,56365,
771,Middle Georgia State,2016,56366,
771,Middle Georgia State,2016,56367,
771,Middle Georgia State,2016,56368,
771,Middle Georgia State,2016,56369,
771,Middle Georgia State,2016,56370,
771,Middle Georgia State,2016,56371,
771,Middle Georgia State,2016,56372,
771,Middle Georgia State,2016,56373,
771,Middle Georgia State,2016,60385,
1266,Wentworth Institute Of Technology,2016,48336,
1266,Wentworth Institute Of Technology,2016,48338,
1266,Wentworth Institute Of Technology,2016,48339,
1266,Wentworth Institute Of Technology,2016,48342,
1266,Wentworth Institute Of Technology,2016,48343,
1266,Wentworth Institute Of Technology,2016,48349,
1266,Wentworth Institute Of Technology,2016,48352,
1266,Wentworth Institute Of Technology,2016,48353,
1266,Wentworth Institute Of Technology,2016,58431,
1266,Wentworth Institute Of Technology,2016,58432,
1266,Wentworth Institute Of Technology,2016,58433,
1266,Wentworth Institute Of Technology,2016,58434,
1266,Wentworth Institute Of Technology,2016,58435,
1266,Wentworth Institute Of Technology,2016,58436,
1266,Wentworth Institute Of Technology,2016,58437,
1266,Wentworth Institute Of Technology,2016,58438,
1266,Wentworth Institute Of Technology,2016,58439,
1266,Wentworth Institute Of Technology,2016,58440,
1266,Wentworth Institute Of Technology,2016,58441,
1266,Wentworth Institute Of Technology,2016,58442,
1266,Wentworth Institute Of Technology,2016,58443,
573,La Verne,2016,39356,
573,La Verne,2016,45809,
573,La Verne,2016,45815,
573,La Verne,2016,47694,
573,La Verne,2016,47695,
573,La Verne,2016,47696,
573,La Verne,2016,47697,
573,La Verne,2016,47700,
573,La Verne,2016,47701,
573,La Verne,2016,47703,
573,La Verne,2016,59713,
573,La Verne,2016,59714,
573,La Verne,2016,59715,
573,La Verne,2016,59716,
573,La Verne,2016,59717,
573,La Verne,2016,59718,
573,La Verne,2016,59719,
573,La Verne,2016,59720,
573,La Verne,2016,59721,
573,La Verne,2016,59722,
573,La Verne,2016,59723,
864,John Brown,2016,14848,
864,John Brown,2016,39222,
864,John Brown,2016,55117,
864,John Brown,2016,55118,
864,John Brown,2016,55120,
864,John Brown,2016,55121,
864,John Brown,2016,55124,
864,John Brown,2016,55125,
864,John Brown,2016,55126,
864,John Brown,2016,59842,
864,John Brown,2016,59843,
864,John Brown,2016,59844,1993-12-08
864,John Brown,2016,59845,
864,John Brown,2016,59846,
522,William Peace,2016,48057,
522,William Peace,2016,52211,
522,William Peace,2016,52212,
522,William Peace,2016,52216,
1059,Florida College,2016,39742,
1059,Florida College,2016,39748,
1059,Florida College,2016,49692,
1059,Florida College,2016,49693,
1059,Florida College,2016,49696,
1059,Florida College,2016,49697,
1059,Florida College,2016,54604,
1059,Florida College,2016,54605,
1059,Florida College,2016,54606,
1059,Florida College,2016,54607,
1059,Florida College,2016,54608,
1059,Florida College,2016,54613,
1059,Florida College,2016,58967,
1059,Florida College,2016,58968,
1059,Florida College,2016,58969,
1059,Florida College,2016,58970,
1059,Florida College,2016,58971,
1059,Florida College,2016,58972,
1059,Florida College,2016,58973,
1206,Rio Grande,2016,32956,
1206,Rio Grande,2016,40260,
1206,Rio Grande,2016,40266,
1206,Rio Grande,2016,40267,
1206,Rio Grande,2016,50034,
1206,Rio Grande,2016,60289,
1206,Rio Grande,2016,60290,
1206,Rio Grande,2016,60291,
1206,Rio Grande,2016,60292,
1206,Rio Grande,2016,60293,
1206,Rio Grande,2016,60294,
1206,Rio Grande,2016,60295,
1206,Rio Grande,2016,60296,
1206,Rio Grande,2016,60297,
1206,Rio Grande,2016,60298,
1318,Grace Bible College,2016,58645,
1318,Grace Bible College,2016,58646,
1318,Grace Bible College,2016,58647,
1318,Grace Bible College,2016,58648,
1318,Grace Bible College,2016,58649,
1318,Grace Bible College,2016,58650,
1318,Grace Bible College,2016,58651,
1318,Grace Bible College,2016,58652,
1318,Grace Bible College,2016,58653,
1318,Grace Bible College,2016,58654,
1318,Grace Bible College,2016,58655,
1318,Grace Bible College,2016,58656,
1318,Grace Bible College,2016,58657,
1318,Grace Bible College,2016,58658,
1318,Grace Bible College,2016,58659,
659,Tusculum,2016,38461,
659,Tusculum,2016,50822,
659,Tusculum,2016,50829,
659,Tusculum,2016,55848,
659,Tusculum,2016,55849,
659,Tusculum,2016,55850,
659,Tusculum,2016,55851,
659,Tusculum,2016,55853,
659,Tusculum,2016,55855,
659,Tusculum,2016,55856,
659,Tusculum,2016,58555,
659,Tusculum,2016,58556,
659,Tusculum,2016,58557,
659,Tusculum,2016,58558,
659,Tusculum,2016,58559,
659,Tusculum,2016,58560,
659,Tusculum,2016,58561,
659,Tusculum,2016,58562,
584,Virginia-Lynchburg,2016,28423,
584,Virginia-Lynchburg,2016,28424,
584,Virginia-Lynchburg,2016,28425,
584,Virginia-Lynchburg,2016,28426,
584,Virginia-Lynchburg,2016,28427,
584,Virginia-Lynchburg,2016,28428,
584,Virginia-Lynchburg,2016,28429,
584,Virginia-Lynchburg,2016,28430,
584,Virginia-Lynchburg,2016,28431,
584,Virginia-Lynchburg,2016,28432,
584,Virginia-Lynchburg,2016,28433,
584,Virginia-Lynchburg,2016,28434,
584,Virginia-Lynchburg,2016,28435,
584,Virginia-Lynchburg,2016,28436,
1329,Francis Marion,2016,60457,
1329,Francis Marion,2016,60458,
1329,Francis Marion,2016,60459,
1329,Francis Marion,2016,60460,
1329,Francis Marion,2016,60461,
1329,Francis Marion,2016,60462,
1329,Francis Marion,2016,60463,
1329,Francis Marion,2016,60464,
1329,Francis Marion,2016,60465,
1329,Francis Marion,2016,60466,
1329,Francis Marion,2016,60467,
1329,Francis Marion,2016,60468,
1329,Francis Marion,2016,60469,
1329,Francis Marion,2016,60470,
1329,Francis Marion,2016,60471,
1329,Francis Marion,2016,48551,1993-11-17
1316,La Roche,2016,58224,
1316,La Roche,2016,58225,
1316,La Roche,2016,58226,
1316,La Roche,2016,58227,
1316,La Roche,2016,58228,1995-04-25
1316,La Roche,2016,58229,
1316,La Roche,2016,58230,
1316,La Roche,2016,58231,
1316,La Roche,2016,58232,
1316,La Roche,2016,58233,1994-08-13
1316,La Roche,2016,58234,1993-09-28
1316,La Roche,2016,58235,
1316,La Roche,2016,58236,
1316,La Roche,2016,58237,
503,Piedmont,2016,40541,
503,Piedmont,2016,40544,
503,Piedmont,2016,40545,
503,Piedmont,2016,40546,
503,Piedmont,2016,48880,
503,Piedmont,2016,48882,
503,Piedmont,2016,48884,
503,Piedmont,2016,48885,
503,Piedmont,2016,53747,
503,Piedmont,2016,53748,
503,Piedmont,2016,53749,
503,Piedmont,2016,53750,
503,Piedmont,2016,53751,
503,Piedmont,2016,53752,
503,Piedmont,2016,53753,
503,Piedmont,2016,58048,
503,Piedmont,2016,58049,
503,Piedmont,2016,60191,
1249,Western State Colorado University,2016,45207,
1249,Western State Colorado University,2016,45213,
1249,Western State Colorado University,2016,45216,
1249,Western State Colorado University,2016,47172,
1249,Western State Colorado University,2016,50232,
1249,Western State Colorado University,2016,50235,
1249,Western State Colorado University,2016,52945,
1249,Western State Colorado University,2016,60443,
1249,Western State Colorado University,2016,60444,
1249,Western State Colorado University,2016,60445,
1249,Western State Colorado University,2016,60446,
1249,Western State Colorado University,2016,60447,
1249,Western State Colorado University,2016,60448,
1249,Western State Colorado University,2016,60449,
1168,Catawba,2016,34126,
1168,Catawba,2016,34127,
1168,Catawba,2016,34128,
1168,Catawba,2016,34129,
1168,Catawba,2016,34132,
1168,Catawba,2016,34133,
1168,Catawba,2016,34134,
1168,Catawba,2016,34135,
1168,Catawba,2016,34141,
1168,Catawba,2016,34142,
1168,Catawba,2016,34143,
1168,Catawba,2016,34144,
1168,Catawba,2016,34145,
1168,Catawba,2016,34146,
1168,Catawba,2016,34147,
1168,Catawba,2016,34148,
1168,Catawba,2016,34149,
1168,Catawba,2016,34150,
1168,Catawba,2016,34151,
784,Tennessee Wesleyan,2016,40423,
784,Tennessee Wesleyan,2016,40444,
784,Tennessee Wesleyan,2016,40445,
784,Tennessee Wesleyan,2016,55272,
784,Tennessee Wesleyan,2016,55273,
784,Tennessee Wesleyan,2016,59828,
784,Tennessee Wesleyan,2016,59829,
784,Tennessee Wesleyan,2016,59830,
784,Tennessee Wesleyan,2016,59831,
784,Tennessee Wesleyan,2016,59832,
784,Tennessee Wesleyan,2016,59833,
784,Tennessee Wesleyan,2016,59834,
784,Tennessee Wesleyan,2016,59835,
784,Tennessee Wesleyan,2016,59836,
784,Tennessee Wesleyan,2016,59837,
784,Tennessee Wesleyan,2016,59838,
784,Tennessee Wesleyan,2016,59839,
753,Sarah Lawrence,2016,50973,
753,Sarah Lawrence,2016,50977,
753,Sarah Lawrence,2016,52057,
753,Sarah Lawrence,2016,52059,
753,Sarah Lawrence,2016,52060,
753,Sarah Lawrence,2016,52063,
753,Sarah Lawrence,2016,52064,
753,Sarah Lawrence,2016,52066,
1034,Montana-Western,2016,34167,
1034,Montana-Western,2016,60304,
1034,Montana-Western,2016,60305,
1034,Montana-Western,2016,60306,
1034,Montana-Western,2016,60307,
1034,Montana-Western,2016,60308,
1034,Montana-Western,2016,60309,
1034,Montana-Western,2016,60310,
1034,Montana-Western,2016,60311,
1034,Montana-Western,2016,60312,
1034,Montana-Western,2016,60313,
1034,Montana-Western,2016,60314,
1034,Montana-Western,2016,60315,
1326,Mary Washington,2016,60141,
1326,Mary Washington,2016,60142,
1326,Mary Washington,2016,60143,
1326,Mary Washington,2016,60144,
1326,Mary Washington,2016,60145,
1326,Mary Washington,2016,60146,
1326,Mary Washington,2016,60147,1993-06-07
1326,Mary Washington,2016,60148,
1326,Mary Washington,2016,60149,
1326,Mary Washington,2016,60150,
1326,Mary Washington,2016,60151,
1326,Mary Washington,2016,60152,
1326,Mary Washington,2016,60153,
1326,Mary Washington,2016,60154,
1326,Mary Washington,2016,60155,
1326,Mary Washington,2016,60156,
1326,Mary Washington,2016,60157,
1326,Mary Washington,2016,60158,
972,Indiana University Northwest,2016,53437,
972,Indiana University Northwest,2016,53438,
972,Indiana University Northwest,2016,53441,
972,Indiana University Northwest,2016,53444,
972,Indiana University Northwest,2016,53448,
972,Indiana University Northwest,2016,53449,
972,Indiana University Northwest,2016,58786,
972,Indiana University Northwest,2016,58787,
972,Indiana University Northwest,2016,58788,
972,Indiana University Northwest,2016,58789,
972,Indiana University Northwest,2016,58790,
972,Indiana University Northwest,2016,58791,
1294,Wayne State (NE),2016,53914,
1294,Wayne State (NE),2016,53915,
1294,Wayne State (NE),2016,53916,
1294,Wayne State (NE),2016,53917,
1294,Wayne State (NE),2016,53918,
1294,Wayne State (NE),2016,53919,
1294,Wayne State (NE),2016,53921,
1294,Wayne State (NE),2016,53922,
1294,Wayne State (NE),2016,53923,
1294,Wayne State (NE),2016,53924,
1294,Wayne State (NE),2016,53925,
1294,Wayne State (NE),2016,59644,
1294,Wayne State (NE),2016,59645,
1294,Wayne State (NE),2016,59646,
1294,Wayne State (NE),2016,59647,
1294,Wayne State (NE),2016,59648,1993-04-06
1294,Wayne State (NE),2016,59649,
1294,Wayne State (NE),2016,59650,
1294,Wayne State (NE),2016,59651,
808,Johnson & Wales (RI),2016,47894,
808,Johnson & Wales (RI),2016,47899,
808,Johnson & Wales (RI),2016,47900,
808,Johnson & Wales (RI),2016,47906,
808,Johnson & Wales (RI),2016,47907,
808,Johnson & Wales (RI),2016,47908,
808,Johnson & Wales (RI),2016,47909,
808,Johnson & Wales (RI),2016,47910,
808,Johnson & Wales (RI),2016,47911,
808,Johnson & Wales (RI),2016,47912,
1160,William Jewell,2016,33686,
1160,William Jewell,2016,33693,
1160,William Jewell,2016,33694,
1160,William Jewell,2016,33695,
1160,William Jewell,2016,33697,
1160,William Jewell,2016,33698,
1160,William Jewell,2016,48136,
1160,William Jewell,2016,49638,
1160,William Jewell,2016,55127,
1160,William Jewell,2016,55128,
1160,William Jewell,2016,55129,
1160,William Jewell,2016,55130,
1160,William Jewell,2016,55131,
1160,William Jewell,2016,55132,
1160,William Jewell,2016,58185,
1160,William Jewell,2016,58186,
1160,William Jewell,2016,58187,
1160,William Jewell,2016,58188,
1160,William Jewell,2016,58189,
1160,William Jewell,2016,58190,
1160,William Jewell,2016,58191,
1160,William Jewell,2016,58192,
1160,William Jewell,2016,58193,
1160,William Jewell,2016,58194,
1160,William Jewell,2016,58195,
908,Limestone,2016,50782,
908,Limestone,2016,50790,
908,Limestone,2016,54927,
908,Limestone,2016,54928,
908,Limestone,2016,54930,
1324,Biola,2016,59797,
1324,Biola,2016,59798,
1324,Biola,2016,59799,
1324,Biola,2016,59800,
1324,Biola,2016,59801,
1324,Biola,2016,59802,
1324,Biola,2016,59803,
1324,Biola,2016,59804,
1324,Biola,2016,59805,
1324,Biola,2016,59806,
1324,Biola,2016,59807,
1324,Biola,2016,59808,
1324,Biola,2016,59809,
1161,Emporia St,2016,33854,
1161,Emporia St,2016,59020,
1161,Emporia St,2016,59021,
1161,Emporia St,2016,59022,
1161,Emporia St,2016,59023,
1161,Emporia St,2016,59024,
1161,Emporia St,2016,59025,
1161,Emporia St,2016,59026,
1161,Emporia St,2016,59027,
1161,Emporia St,2016,59028,
1161,Emporia St,2016,59029,
1161,Emporia St,2016,59030,
1161,Emporia St,2016,59031,
1161,Emporia St,2016,59032,
1084,Phoenix,2016,52746,
1084,Phoenix,2016,52754,
1084,Phoenix,2016,52755,
1084,Phoenix,2016,52760,
1084,Phoenix,2016,60549,
1084,Phoenix,2016,60550,
1084,Phoenix,2016,60551,
1084,Phoenix,2016,60552,
1084,Phoenix,2016,60553,
1084,Phoenix,2016,60554,
1084,Phoenix,2016,60555,
1084,Phoenix,2016,60556,
1084,Phoenix,2016,60557,
1084,Phoenix,2016,60558,
1084,Phoenix,2016,60559,
1084,Phoenix,2016,60560,
1084,Phoenix,2016,60561,
1084,Phoenix,2016,60562,
1084,Phoenix,2016,60563,
1084,Phoenix,2016,60564,
1084,Phoenix,2016,60565,
1084,Phoenix,2016,60566,
1084,Phoenix,2016,60567,
1084,Phoenix,2016,60568,
1084,Phoenix,2016,60569,
1084,Phoenix,2016,60570,
1084,Phoenix,2016,60571,
1084,Phoenix,2016,60572,
538,Randolph College,2016,38492,
538,Randolph College,2016,38497,
538,Randolph College,2016,56339,
538,Randolph College,2016,56340,
538,Randolph College,2016,56341,
538,Randolph College,2016,56342,
538,Randolph College,2016,56343,
538,Randolph College,2016,56344,
538,Randolph College,2016,56345,
538,Randolph College,2016,56346,
538,Randolph College,2016,56347,
538,Randolph College,2016,56348,
538,Randolph College,2016,56349,
538,Randolph College,2016,56350,
538,Randolph College,2016,56351,
538,Randolph College,2016,56352,
538,Randolph College,2016,56353,
538,Randolph College,2016,56354,
538,Randolph College,2016,56355,
925,FDU Florham,2016,48771,
925,FDU Florham,2016,48773,
925,FDU Florham,2016,48775,
925,FDU Florham,2016,48776,
925,FDU Florham,2016,48777,
925,FDU Florham,2016,48778,
925,FDU Florham,2016,48781,
925,FDU Florham,2016,48782,
925,FDU Florham,2016,53653,
925,FDU Florham,2016,53654,
925,FDU Florham,2016,53655,
925,FDU Florham,2016,53659,
925,FDU Florham,2016,58196,
925,FDU Florham,2016,58197,
925,FDU Florham,2016,58198,
1119,Redlands,2016,39265,
1119,Redlands,2016,39272,
1119,Redlands,2016,39274,
1119,Redlands,2016,39275,
616,Concordia-Ann Arbor,2016,50888,
616,Concordia-Ann Arbor,2016,50889,
616,Concordia-Ann Arbor,2016,50890,
616,Concordia-Ann Arbor,2016,50892,
