teamId,team,season,playerId,dateOfBirth
96,George Washington,2021,2823,
96,George Washington,2021,3402,
96,George Washington,2021,3540,
96,George Washington,2021,16067,2001-05-10
96,George Washington,2021,16236,
96,George Washington,2021,16521,
96,George Washington,2021,16628,2000-01-17
96,George Washington,2021,16950,2001-08-07
96,George Washington,2021,20679,2000-09-23
96,George Washington,2021,20684,
96,George Washington,2021,26010,
96,George Washington,2021,27095,
96,George Washington,2021,31462,
96,George Washington,2021,31463,
96,George Washington,2021,31464,
96,George Washington,2021,27830,
251,Saint Joseph's,2021,7247,
251,Saint Joseph's,2021,7859,
251,Saint Joseph's,2021,15796,
251,Saint Joseph's,2021,16090,
251,Saint Joseph's,2021,16093,
251,Saint Joseph's,2021,16094,
251,Saint Joseph's,2021,21895,1997-11-06
251,Saint Joseph's,2021,21979,
251,Saint Joseph's,2021,22730,
251,Saint Joseph's,2021,25947,
251,Saint Joseph's,2021,27078,2002-01-14
251,Saint Joseph's,2021,27079,
251,Saint Joseph's,2021,32266,
251,Saint Joseph's,2021,32267,1998-01-06
251,Saint Joseph's,2021,32268,
251,Saint Joseph's,2021,33862,
251,Saint Joseph's,2021,33863,
240,Rhode Island,2021,3045,
240,Rhode Island,2021,3936,
240,Rhode Island,2021,15312,
240,Rhode Island,2021,15728,
240,Rhode Island,2021,15804,
240,Rhode Island,2021,16368,
240,Rhode Island,2021,20507,
240,Rhode Island,2021,20657,
240,Rhode Island,2021,20658,
240,Rhode Island,2021,25834,
240,Rhode Island,2021,26350,
240,Rhode Island,2021,28317,
240,Rhode Island,2021,31894,
240,Rhode Island,2021,31895,
240,Rhode Island,2021,31896,
277,St. Bonaventure,2021,3959,
277,St. Bonaventure,2021,16546,
277,St. Bonaventure,2021,18235,
277,St. Bonaventure,2021,20039,
277,St. Bonaventure,2021,21539,1998-10-21
277,St. Bonaventure,2021,21540,
277,St. Bonaventure,2021,21582,
277,St. Bonaventure,2021,25851,1998-07-09
277,St. Bonaventure,2021,26428,
277,St. Bonaventure,2021,33578,
277,St. Bonaventure,2021,33579,
277,St. Bonaventure,2021,33580,
277,St. Bonaventure,2021,33581,
277,St. Bonaventure,2021,33582,
64,Dayton,2021,572,
64,Dayton,2021,2285,
64,Dayton,2021,2628,
64,Dayton,2021,6434,
64,Dayton,2021,7552,
64,Dayton,2021,20964,
64,Dayton,2021,21505,
64,Dayton,2021,26413,
64,Dayton,2021,26414,
64,Dayton,2021,27982,
64,Dayton,2021,31153,
64,Dayton,2021,32633,
64,Dayton,2021,32634,1996-11-04
64,Dayton,2021,32635,1999-07-18
64,Dayton,2021,32636,1998-01-06
64,Dayton,2021,32637,
64,Dayton,2021,32638,
64,Dayton,2021,32639,
242,Richmond,2021,1403,
242,Richmond,2021,8324,
242,Richmond,2021,15398,
242,Richmond,2021,16163,
242,Richmond,2021,20763,
242,Richmond,2021,20764,
242,Richmond,2021,20765,
242,Richmond,2021,20766,
242,Richmond,2021,21748,
242,Richmond,2021,26341,
242,Richmond,2021,26342,1998-01-15
242,Richmond,2021,26343,1998-07-14
242,Richmond,2021,26344,
242,Richmond,2021,26345,
242,Richmond,2021,26346,
242,Richmond,2021,32385,1998-01-03
242,Richmond,2021,32386,
137,La Salle,2021,37,
137,La Salle,2021,3480,
137,La Salle,2021,4947,
137,La Salle,2021,5357,
137,La Salle,2021,5761,
137,La Salle,2021,15550,
137,La Salle,2021,15615,
137,La Salle,2021,15794,
137,La Salle,2021,16195,
137,La Salle,2021,22234,
137,La Salle,2021,22262,
137,La Salle,2021,26221,
137,La Salle,2021,26841,
137,La Salle,2021,27086,
137,La Salle,2021,27087,
252,Saint Louis,2021,810,
252,Saint Louis,2021,2491,
252,Saint Louis,2021,2518,
252,Saint Louis,2021,3482,
252,Saint Louis,2021,16358,
252,Saint Louis,2021,17605,
252,Saint Louis,2021,20343,
252,Saint Louis,2021,21476,
252,Saint Louis,2021,21477,
252,Saint Louis,2021,21478,2001-03-07
252,Saint Louis,2021,21480,
252,Saint Louis,2021,27251,
252,Saint Louis,2021,27252,
252,Saint Louis,2021,31900,1998-10-23
252,Saint Louis,2021,31901,
252,Saint Louis,2021,31902,
91,Fordham,2021,1216,
91,Fordham,2021,8424,
91,Fordham,2021,14038,
91,Fordham,2021,15689,
91,Fordham,2021,16257,
91,Fordham,2021,16261,
91,Fordham,2021,17307,
91,Fordham,2021,22048,
91,Fordham,2021,27427,
91,Fordham,2021,27429,
91,Fordham,2021,27835,
91,Fordham,2021,30221,
91,Fordham,2021,34075,
91,Fordham,2021,34076,
91,Fordham,2021,34077,
91,Fordham,2021,34078,
333,VCU,2021,77,
333,VCU,2021,596,
333,VCU,2021,3104,
333,VCU,2021,4128,
333,VCU,2021,16688,2000-09-24
333,VCU,2021,19997,
333,VCU,2021,20645,
333,VCU,2021,20646,
333,VCU,2021,20647,
333,VCU,2021,25973,2000-08-30
333,VCU,2021,25974,
333,VCU,2021,32178,
333,VCU,2021,32179,2000-09-14
333,VCU,2021,32180,
63,Davidson,2021,4559,
63,Davidson,2021,7424,
63,Davidson,2021,17170,
63,Davidson,2021,20477,
63,Davidson,2021,20991,
63,Davidson,2021,26421,
63,Davidson,2021,26422,2000-10-23
63,Davidson,2021,26423,
63,Davidson,2021,26424,
63,Davidson,2021,26425,
63,Davidson,2021,26873,
63,Davidson,2021,27621,1997-09-11
63,Davidson,2021,27629,
63,Davidson,2021,31977,
95,George Mason,2021,986,
95,George Mason,2021,2241,
95,George Mason,2021,2244,
95,George Mason,2021,3496,
95,George Mason,2021,6330,
95,George Mason,2021,15251,2001-03-27
95,George Mason,2021,16021,
95,George Mason,2021,16381,2000-03-01
95,George Mason,2021,21144,2000-01-23
95,George Mason,2021,21728,
95,George Mason,2021,25919,
95,George Mason,2021,26306,
95,George Mason,2021,26578,
95,George Mason,2021,26994,
95,George Mason,2021,32297,
95,George Mason,2021,32298,
95,George Mason,2021,32299,
95,George Mason,2021,32300,
95,George Mason,2021,34626,
200,North Carolina,2021,239,
200,North Carolina,2021,268,
200,North Carolina,2021,4127,
200,North Carolina,2021,7585,
200,North Carolina,2021,15377,2000-03-06
200,North Carolina,2021,15381,
200,North Carolina,2021,15383,
200,North Carolina,2021,19846,1999-06-14
200,North Carolina,2021,20520,
200,North Carolina,2021,22718,
200,North Carolina,2021,25828,
200,North Carolina,2021,25842,2001-07-26
200,North Carolina,2021,26493,
200,North Carolina,2021,27988,1999-06-29
200,North Carolina,2021,31379,2001-11-06
200,North Carolina,2021,31380,
200,North Carolina,2021,32611,1998-12-18
72,Duke,2021,160,
72,Duke,2021,323,
72,Duke,2021,597,
72,Duke,2021,20050,2000-09-13
72,Duke,2021,27129,1999-06-18
72,Duke,2021,27624,2001-09-18
72,Duke,2021,27625,2001-12-16
72,Duke,2021,27628,
72,Duke,2021,27630,
72,Duke,2021,27803,
72,Duke,2021,32426,2001-12-18
72,Duke,2021,32427,2000-04-20
72,Duke,2021,32428,2001-10-02
72,Duke,2021,32641,
185,NC State,2021,65,
185,NC State,2021,2166,
185,NC State,2021,2569,
185,NC State,2021,3437,
185,NC State,2021,15613,
185,NC State,2021,20217,2000-03-14
185,NC State,2021,21610,
185,NC State,2021,26031,
185,NC State,2021,27213,1999-10-06
185,NC State,2021,27214,2000-05-26
185,NC State,2021,27215,
185,NC State,2021,32055,1997-04-12
185,NC State,2021,32056,1998-07-18
185,NC State,2021,32057,
339,Virginia,2021,434,
339,Virginia,2021,3143,
339,Virginia,2021,4594,
339,Virginia,2021,15972,
339,Virginia,2021,16139,2001-10-08
339,Virginia,2021,18195,
339,Virginia,2021,20007,2000-01-25
339,Virginia,2021,20009,
339,Virginia,2021,20010,
339,Virginia,2021,20542,
339,Virginia,2021,25869,
339,Virginia,2021,25870,
339,Virginia,2021,31566,1997-12-08
339,Virginia,2021,31567,1997-08-25
339,Virginia,2021,31568,
339,Virginia,2021,31569,
339,Virginia,2021,31570,2000-06-18
342,Wake Forest,2021,514,
342,Wake Forest,2021,2867,
342,Wake Forest,2021,3854,
342,Wake Forest,2021,16961,
342,Wake Forest,2021,17345,
342,Wake Forest,2021,17482,
342,Wake Forest,2021,20025,
342,Wake Forest,2021,21590,
342,Wake Forest,2021,21593,
342,Wake Forest,2021,21743,
342,Wake Forest,2021,25801,1997-11-09
342,Wake Forest,2021,26438,
342,Wake Forest,2021,27911,1999-04-22
342,Wake Forest,2021,27916,
342,Wake Forest,2021,27917,
342,Wake Forest,2021,31704,
342,Wake Forest,2021,31705,
342,Wake Forest,2021,31706,
52,Clemson,2021,3074,
52,Clemson,2021,3450,
52,Clemson,2021,4571,
52,Clemson,2021,15948,2002-02-21
52,Clemson,2021,16251,
52,Clemson,2021,16435,
52,Clemson,2021,16962,
52,Clemson,2021,20878,2000-06-13
52,Clemson,2021,21752,2002-07-03
52,Clemson,2021,26477,
52,Clemson,2021,26500,
52,Clemson,2021,32116,1999-02-17
52,Clemson,2021,32117,
52,Clemson,2021,32118,
52,Clemson,2021,32119,
101,Georgia Tech,2021,2459,
101,Georgia Tech,2021,7718,
101,Georgia Tech,2021,16213,
101,Georgia Tech,2021,16752,
101,Georgia Tech,2021,21067,
101,Georgia Tech,2021,21096,2000-07-29
101,Georgia Tech,2021,21214,
101,Georgia Tech,2021,15853,
101,Georgia Tech,2021,25818,
101,Georgia Tech,2021,26608,1999-02-21
101,Georgia Tech,2021,26609,1999-12-17
101,Georgia Tech,2021,26610,
101,Georgia Tech,2021,28049,
101,Georgia Tech,2021,32174,1998-12-23
101,Georgia Tech,2021,32175,1998-04-12
101,Georgia Tech,2021,32176,
101,Georgia Tech,2021,32177,
90,Florida State,2021,4636,
90,Florida State,2021,17788,
90,Florida State,2021,17789,
90,Florida State,2021,20870,
90,Florida State,2021,22410,
90,Florida State,2021,27727,
90,Florida State,2021,27846,1998-04-09
90,Florida State,2021,27847,
90,Florida State,2021,27848,
90,Florida State,2021,27849,1997-06-21
90,Florida State,2021,27851,
90,Florida State,2021,27852,
90,Florida State,2021,27855,
90,Florida State,2021,32689,1999-07-07
90,Florida State,2021,32690,2000-05-01
90,Florida State,2021,32691,2001-08-01
90,Florida State,2021,32692,1998-03-28
90,Florida State,2021,32693,
90,Florida State,2021,32694,
168,Miami,2021,4639,
168,Miami,2021,4707,
168,Miami,2021,6147,
168,Miami,2021,17270,
168,Miami,2021,21143,2001-01-28
168,Miami,2021,21145,
168,Miami,2021,25807,
168,Miami,2021,26746,
168,Miami,2021,26758,1999-02-21
168,Miami,2021,26760,1997-09-09
168,Miami,2021,26761,
168,Miami,2021,26762,
168,Miami,2021,32941,
168,Miami,2021,26430,
340,Virginia Tech,2021,2956,
340,Virginia Tech,2021,3483,
340,Virginia Tech,2021,7609,
340,Virginia Tech,2021,15325,1999-04-22
340,Virginia Tech,2021,15576,
340,Virginia Tech,2021,16558,
340,Virginia Tech,2021,16919,
340,Virginia Tech,2021,17311,
340,Virginia Tech,2021,21963,2000-08-19
340,Virginia Tech,2021,27219,1998-12-31
340,Virginia Tech,2021,31473,
340,Virginia Tech,2021,31474,
340,Virginia Tech,2021,31475,
340,Virginia Tech,2021,31476,
340,Virginia Tech,2021,31477,
26,Boston College,2021,2118,
26,Boston College,2021,4771,
26,Boston College,2021,5340,
26,Boston College,2021,16108,
26,Boston College,2021,16666,
26,Boston College,2021,17342,
26,Boston College,2021,21612,
26,Boston College,2021,21614,
26,Boston College,2021,21615,
26,Boston College,2021,21616,
26,Boston College,2021,21672,
26,Boston College,2021,26735,
26,Boston College,2021,27225,
26,Boston College,2021,27228,
26,Boston College,2021,29562,
26,Boston College,2021,32190,1997-12-30
26,Boston College,2021,32191,
26,Boston College,2021,32192,
26,Boston College,2021,32193,
286,Syracuse,2021,1427,
286,Syracuse,2021,2955,
286,Syracuse,2021,3359,
286,Syracuse,2021,3422,
286,Syracuse,2021,5114,
286,Syracuse,2021,15418,
286,Syracuse,2021,15949,
286,Syracuse,2021,16121,2000-03-18
286,Syracuse,2021,21598,
286,Syracuse,2021,21600,
286,Syracuse,2021,21601,
286,Syracuse,2021,26458,1999-11-11
286,Syracuse,2021,26459,
286,Syracuse,2021,26461,
286,Syracuse,2021,26462,
286,Syracuse,2021,32342,
286,Syracuse,2021,32343,2000-04-14
286,Syracuse,2021,32344,
213,Notre Dame,2021,1408,
213,Notre Dame,2021,3336,
213,Notre Dame,2021,15379,1998-10-26
213,Notre Dame,2021,15965,
213,Notre Dame,2021,15992,
213,Notre Dame,2021,16319,
213,Notre Dame,2021,22663,1999-07-19
213,Notre Dame,2021,22664,
213,Notre Dame,2021,22665,1999-12-28
213,Notre Dame,2021,26284,
213,Notre Dame,2021,28595,
213,Notre Dame,2021,32429,1997-12-22
229,Pittsburgh,2021,1926,
229,Pittsburgh,2021,3631,
229,Pittsburgh,2021,4069,
229,Pittsburgh,2021,5179,
229,Pittsburgh,2021,8312,
229,Pittsburgh,2021,15361,
229,Pittsburgh,2021,15549,
229,Pittsburgh,2021,16085,
229,Pittsburgh,2021,17269,
229,Pittsburgh,2021,20652,
229,Pittsburgh,2021,20865,
229,Pittsburgh,2021,20866,1999-06-06
229,Pittsburgh,2021,21745,
229,Pittsburgh,2021,25802,1999-11-12
229,Pittsburgh,2021,26469,
229,Pittsburgh,2021,26470,
229,Pittsburgh,2021,27766,1998-06-08
229,Pittsburgh,2021,31959,2001-06-29
150,Louisville,2021,236,
150,Louisville,2021,592,
150,Louisville,2021,4080,
150,Louisville,2021,5393,
150,Louisville,2021,16120,
150,Louisville,2021,16793,
150,Louisville,2021,16871,
150,Louisville,2021,17593,
150,Louisville,2021,17790,
150,Louisville,2021,19962,
150,Louisville,2021,22454,
150,Louisville,2021,27568,1998-08-26
150,Louisville,2021,27570,
150,Louisville,2021,27571,
150,Louisville,2021,31729,2001-02-26
150,Louisville,2021,31730,1997-12-23
150,Louisville,2021,31731,
283,Stetson,2021,1105,
283,Stetson,2021,5816,
283,Stetson,2021,6995,
283,Stetson,2021,8120,
283,Stetson,2021,15496,
283,Stetson,2021,15628,
283,Stetson,2021,16049,
283,Stetson,2021,16443,
283,Stetson,2021,17749,
283,Stetson,2021,26437,
283,Stetson,2021,26597,
283,Stetson,2021,26598,
283,Stetson,2021,32608,
283,Stetson,2021,32609,
127,Jacksonville,2021,15269,
127,Jacksonville,2021,15661,
127,Jacksonville,2021,16375,
127,Jacksonville,2021,19894,
127,Jacksonville,2021,22093,
127,Jacksonville,2021,26082,
127,Jacksonville,2021,26490,
127,Jacksonville,2021,31925,
127,Jacksonville,2021,31926,
127,Jacksonville,2021,31927,
127,Jacksonville,2021,31928,
127,Jacksonville,2021,31929,
127,Jacksonville,2021,31930,
127,Jacksonville,2021,31931,
127,Jacksonville,2021,31932,
143,Lipscomb,2021,5530,
143,Lipscomb,2021,6544,
143,Lipscomb,2021,10508,
143,Lipscomb,2021,15800,
143,Lipscomb,2021,16851,
143,Lipscomb,2021,21829,
143,Lipscomb,2021,22427,
143,Lipscomb,2021,22428,
143,Lipscomb,2021,27266,
143,Lipscomb,2021,27267,
143,Lipscomb,2021,27268,
143,Lipscomb,2021,27269,
143,Lipscomb,2021,32486,
143,Lipscomb,2021,32487,
143,Lipscomb,2021,32488,
143,Lipscomb,2021,32489,
88,Florida Gulf Coast,2021,2959,
88,Florida Gulf Coast,2021,7517,
88,Florida Gulf Coast,2021,15439,
88,Florida Gulf Coast,2021,17262,
88,Florida Gulf Coast,2021,17263,
88,Florida Gulf Coast,2021,17264,
88,Florida Gulf Coast,2021,21980,
88,Florida Gulf Coast,2021,21981,
88,Florida Gulf Coast,2021,21983,
88,Florida Gulf Coast,2021,26409,
88,Florida Gulf Coast,2021,26635,
88,Florida Gulf Coast,2021,26636,
88,Florida Gulf Coast,2021,27073,
88,Florida Gulf Coast,2021,31983,
88,Florida Gulf Coast,2021,31984,
88,Florida Gulf Coast,2021,31985,
88,Florida Gulf Coast,2021,31986,
203,North Florida,2021,305,
203,North Florida,2021,5504,
203,North Florida,2021,7404,
203,North Florida,2021,15606,
203,North Florida,2021,15938,
203,North Florida,2021,17719,
203,North Florida,2021,19849,
203,North Florida,2021,20860,
203,North Florida,2021,26837,
203,North Florida,2021,27239,
203,North Florida,2021,27240,
203,North Florida,2021,31773,
203,North Florida,2021,31774,
203,North Florida,2021,31775,
133,Kennesaw State,2021,95,
133,Kennesaw State,2021,483,
133,Kennesaw State,2021,484,
133,Kennesaw State,2021,17349,
133,Kennesaw State,2021,17351,
133,Kennesaw State,2021,17354,
133,Kennesaw State,2021,20264,
133,Kennesaw State,2021,20265,
133,Kennesaw State,2021,27271,
133,Kennesaw State,2021,27272,
133,Kennesaw State,2021,27273,
133,Kennesaw State,2021,27275,
133,Kennesaw State,2021,31735,
133,Kennesaw State,2021,31736,
133,Kennesaw State,2021,31737,
133,Kennesaw State,2021,31738,
142,Liberty,2021,6288,
142,Liberty,2021,15861,
142,Liberty,2021,15935,1999-12-09
142,Liberty,2021,15936,
142,Liberty,2021,16719,
142,Liberty,2021,17114,
142,Liberty,2021,20755,1999-06-02
142,Liberty,2021,20757,
142,Liberty,2021,28170,
142,Liberty,2021,28171,
142,Liberty,2021,31797,
142,Liberty,2021,31798,
142,Liberty,2021,31799,
142,Liberty,2021,31800,
142,Liberty,2021,31801,
142,Liberty,2021,31802,
197,North Alabama,2021,6804,
197,North Alabama,2021,6801,
197,North Alabama,2021,15816,
197,North Alabama,2021,16858,
197,North Alabama,2021,20244,
197,North Alabama,2021,21554,
197,North Alabama,2021,27983,
197,North Alabama,2021,27984,
197,North Alabama,2021,27985,
197,North Alabama,2021,27987,
197,North Alabama,2021,31853,
197,North Alabama,2021,31854,
197,North Alabama,2021,31855,
197,North Alabama,2021,31856,
197,North Alabama,2021,31857,
21,Bellarmine,2021,7085,
21,Bellarmine,2021,17182,
21,Bellarmine,2021,17183,
21,Bellarmine,2021,17184,
21,Bellarmine,2021,17185,
21,Bellarmine,2021,20705,
21,Bellarmine,2021,22448,
21,Bellarmine,2021,22449,
21,Bellarmine,2021,22450,
21,Bellarmine,2021,22453,
21,Bellarmine,2021,25741,
21,Bellarmine,2021,25742,
21,Bellarmine,2021,25744,
21,Bellarmine,2021,32934,1998-10-14
21,Bellarmine,2021,32935,
21,Bellarmine,2021,32936,
337,Vermont,2021,3937,
337,Vermont,2021,16268,
337,Vermont,2021,20707,
337,Vermont,2021,20709,
337,Vermont,2021,24381,
337,Vermont,2021,24398,
337,Vermont,2021,26798,
337,Vermont,2021,28124,
337,Vermont,2021,28125,
337,Vermont,2021,28126,
337,Vermont,2021,28127,
337,Vermont,2021,28128,
337,Vermont,2021,28129,
337,Vermont,2021,34003,
337,Vermont,2021,34004,
337,Vermont,2021,34005,
154,Maine,2021,16071,
154,Maine,2021,21514,
154,Maine,2021,21515,
154,Maine,2021,21516,
154,Maine,2021,22365,
154,Maine,2021,27218,
154,Maine,2021,33891,
154,Maine,2021,33892,
154,Maine,2021,33893,
154,Maine,2021,33894,
154,Maine,2021,33895,
154,Maine,2021,33896,
154,Maine,2021,33897,
154,Maine,2021,33898,
154,Maine,2021,33899,
154,Maine,2021,33900,
154,Maine,2021,33901,
154,Maine,2021,33902,
363,Hartford,2021,638,
363,Hartford,2021,8814,
363,Hartford,2021,15580,
363,Hartford,2021,15901,
363,Hartford,2021,16151,
363,Hartford,2021,17002,
363,Hartford,2021,19905,
363,Hartford,2021,22264,
363,Hartford,2021,22265,
363,Hartford,2021,22266,
363,Hartford,2021,26099,
363,Hartford,2021,26100,
363,Hartford,2021,26101,
363,Hartford,2021,26102,
363,Hartford,2021,26103,
363,Hartford,2021,26104,
363,Hartford,2021,26105,
363,Hartford,2021,27349,
363,Hartford,2021,32421,
190,New Hampshire,2021,1404,
190,New Hampshire,2021,4041,
190,New Hampshire,2021,16172,
190,New Hampshire,2021,17047,
190,New Hampshire,2021,19999,
190,New Hampshire,2021,20572,
190,New Hampshire,2021,21197,
190,New Hampshire,2021,26009,
190,New Hampshire,2021,26011,
190,New Hampshire,2021,26012,
190,New Hampshire,2021,26013,
190,New Hampshire,2021,27038,
190,New Hampshire,2021,31501,
190,New Hampshire,2021,31502,
306,UAlbany,2021,3342,
306,UAlbany,2021,20558,
306,UAlbany,2021,21030,
306,UAlbany,2021,21471,
306,UAlbany,2021,21720,
306,UAlbany,2021,21905,
306,UAlbany,2021,23763,
306,UAlbany,2021,26440,
306,UAlbany,2021,26451,
306,UAlbany,2021,26452,
306,UAlbany,2021,27112,
306,UAlbany,2021,33912,
306,UAlbany,2021,33913,
306,UAlbany,2021,33914,
306,UAlbany,2021,33915,
285,Stony Brook,2021,16056,
285,Stony Brook,2021,17300,
285,Stony Brook,2021,21938,
285,Stony Brook,2021,26426,
285,Stony Brook,2021,26427,
285,Stony Brook,2021,26432,
285,Stony Brook,2021,26433,
285,Stony Brook,2021,26434,
285,Stony Brook,2021,26467,1998-07-06
285,Stony Brook,2021,27147,
285,Stony Brook,2021,32619,
285,Stony Brook,2021,32620,
285,Stony Brook,2021,32621,
285,Stony Brook,2021,32622,
317,UMBC,2021,15229,
317,UMBC,2021,20448,
317,UMBC,2021,21719,
317,UMBC,2021,21723,
317,UMBC,2021,21896,
317,UMBC,2021,21897,
317,UMBC,2021,26726,
317,UMBC,2021,26727,
317,UMBC,2021,26728,
317,UMBC,2021,26729,
317,UMBC,2021,26732,
317,UMBC,2021,27609,
317,UMBC,2021,31697,
317,UMBC,2021,31698,
317,UMBC,2021,31699,
24,Binghamton,2021,7423,
24,Binghamton,2021,16259,
24,Binghamton,2021,16269,
24,Binghamton,2021,16714,
24,Binghamton,2021,17055,
24,Binghamton,2021,17322,
24,Binghamton,2021,17327,
24,Binghamton,2021,20922,
24,Binghamton,2021,26751,
24,Binghamton,2021,26752,
24,Binghamton,2021,26753,
24,Binghamton,2021,26754,
24,Binghamton,2021,32994,
24,Binghamton,2021,32995,
24,Binghamton,2021,32996,
24,Binghamton,2021,32997,
318,UMass Lowell,2021,1260,
318,UMass Lowell,2021,1270,
318,UMass Lowell,2021,4705,
318,UMass Lowell,2021,15406,
318,UMass Lowell,2021,20173,
318,UMass Lowell,2021,20175,
318,UMass Lowell,2021,21525,
318,UMass Lowell,2021,26257,
318,UMass Lowell,2021,26258,
318,UMass Lowell,2021,26259,
318,UMass Lowell,2021,26260,
318,UMass Lowell,2021,31674,
318,UMass Lowell,2021,31675,1999-06-28
318,UMass Lowell,2021,31676,
186,NJIT,2021,1269,
186,NJIT,2021,4092,
186,NJIT,2021,15287,
186,NJIT,2021,19893,
186,NJIT,2021,20482,
186,NJIT,2021,20483,
186,NJIT,2021,20484,
186,NJIT,2021,25793,
186,NJIT,2021,26624,
186,NJIT,2021,27107,
186,NJIT,2021,28165,
186,NJIT,2021,28167,
186,NJIT,2021,33916,
113,Houston,2021,113,
113,Houston,2021,448,
113,Houston,2021,15267,2002-07-24
113,Houston,2021,15268,
113,Houston,2021,16573,
113,Houston,2021,17613,
113,Houston,2021,19863,2000-09-21
113,Houston,2021,19864,
113,Houston,2021,25780,1998-01-24
113,Houston,2021,25796,1998-11-29
113,Houston,2021,25800,
113,Houston,2021,31383,1998-08-06
113,Houston,2021,31384,2000-05-08
113,Houston,2021,31385,1998-01-23
113,Houston,2021,31386,
163,Memphis,2021,6765,
163,Memphis,2021,15391,2000-12-12
163,Memphis,2021,16568,
163,Memphis,2021,16574,1999-07-16
163,Memphis,2021,17606,1999-12-28
163,Memphis,2021,19972,2000-08-03
163,Memphis,2021,20555,2000-03-05
163,Memphis,2021,20161,
163,Memphis,2021,21542,
163,Memphis,2021,21544,2000-02-14
163,Memphis,2021,21549,
163,Memphis,2021,25775,2000-11-16
163,Memphis,2021,26809,
163,Memphis,2021,31627,
163,Memphis,2021,5517,
51,Cincinnati,2021,3448,
51,Cincinnati,2021,6588,
51,Cincinnati,2021,6595,
51,Cincinnati,2021,15314,
51,Cincinnati,2021,15322,
51,Cincinnati,2021,16150,
51,Cincinnati,2021,20554,
51,Cincinnati,2021,22121,
51,Cincinnati,2021,25770,1997-10-04
51,Cincinnati,2021,26335,
51,Cincinnati,2021,26881,1998-07-25
51,Cincinnati,2021,27000,
51,Cincinnati,2021,27062,2001-05-10
51,Cincinnati,2021,32703,
51,Cincinnati,2021,32704,
51,Cincinnati,2021,1289,
248,SMU,2021,15482,
248,SMU,2021,17000,
248,SMU,2021,20104,
248,SMU,2021,20330,
248,SMU,2021,21164,1999-12-07
248,SMU,2021,21518,
248,SMU,2021,21543,1999-05-14
248,SMU,2021,21715,
248,SMU,2021,26532,
248,SMU,2021,27117,
248,SMU,2021,27130,
248,SMU,2021,32085,1999-07-05
248,SMU,2021,32086,
248,SMU,2021,32087,
289,Temple,2021,174,
289,Temple,2021,489,
289,Temple,2021,3046,
289,Temple,2021,3553,
289,Temple,2021,5512,
289,Temple,2021,7872,
289,Temple,2021,19805,
289,Temple,2021,19806,
289,Temple,2021,19808,1998-01-26
289,Temple,2021,22303,
289,Temple,2021,26447,
289,Temple,2021,27862,
289,Temple,2021,27863,
289,Temple,2021,33917,
289,Temple,2021,27224,
289,Temple,2021,19807,
312,UCF,2021,480,
312,UCF,2021,2164,
312,UCF,2021,2521,
312,UCF,2021,16485,
312,UCF,2021,17786,2001-01-15
312,UCF,2021,20014,
312,UCF,2021,20163,
312,UCF,2021,21472,
312,UCF,2021,25508,
312,UCF,2021,26804,
312,UCF,2021,27715,
312,UCF,2021,27898,
312,UCF,2021,27899,
312,UCF,2021,27901,
312,UCF,2021,27902,
312,UCF,2021,27903,
312,UCF,2021,32610,
312,UCF,2021,34782,
304,Tulsa,2021,1275,
304,Tulsa,2021,4409,
304,Tulsa,2021,6795,
304,Tulsa,2021,10251,
304,Tulsa,2021,16896,
304,Tulsa,2021,18632,
304,Tulsa,2021,21982,
304,Tulsa,2021,22212,
304,Tulsa,2021,26531,
304,Tulsa,2021,27991,
304,Tulsa,2021,27992,
304,Tulsa,2021,27994,
304,Tulsa,2021,32503,
304,Tulsa,2021,32504,1999-09-30
304,Tulsa,2021,32505,
271,South Florida,2021,1273,
271,South Florida,2021,2575,
271,South Florida,2021,15490,
271,South Florida,2021,16366,2000-10-30
271,South Florida,2021,20350,2000-03-26
271,South Florida,2021,21461,
271,South Florida,2021,21470,
271,South Florida,2021,22436,
271,South Florida,2021,25987,
271,South Florida,2021,26475,1998-05-31
271,South Florida,2021,26704,
271,South Florida,2021,28038,
271,South Florida,2021,28039,
271,South Florida,2021,31431,
352,Wichita State,2021,2790,
352,Wichita State,2021,4097,
352,Wichita State,2021,15328,
352,Wichita State,2021,15911,
352,Wichita State,2021,19923,2001-08-03
352,Wichita State,2021,21500,2000-02-26
352,Wichita State,2021,21556,1999-02-09
352,Wichita State,2021,21909,1999-12-13
352,Wichita State,2021,21949,
352,Wichita State,2021,25806,
352,Wichita State,2021,27116,
352,Wichita State,2021,27237,1999-09-17
352,Wichita State,2021,32716,
352,Wichita State,2021,32717,
352,Wichita State,2021,32718,
352,Wichita State,2021,21503,
74,East Carolina,2021,2024,
74,East Carolina,2021,15260,2001-04-26
74,East Carolina,2021,15336,
74,East Carolina,2021,16091,
74,East Carolina,2021,20005,
74,East Carolina,2021,22278,
74,East Carolina,2021,22279,
74,East Carolina,2021,26325,1999-06-16
74,East Carolina,2021,26327,
74,East Carolina,2021,26328,
74,East Carolina,2021,27448,
74,East Carolina,2021,28030,
74,East Carolina,2021,32328,
74,East Carolina,2021,32329,
74,East Carolina,2021,32330,
74,East Carolina,2021,32331,
74,East Carolina,2021,32332,
74,East Carolina,2021,32333,
303,Tulane,2021,213,
303,Tulane,2021,4111,
303,Tulane,2021,4885,
303,Tulane,2021,15722,
303,Tulane,2021,16035,
303,Tulane,2021,16383,
303,Tulane,2021,16908,2000-06-22
303,Tulane,2021,16911,
303,Tulane,2021,17556,
303,Tulane,2021,21108,1999-08-11
303,Tulane,2021,21201,
303,Tulane,2021,26844,
303,Tulane,2021,32317,
303,Tulane,2021,32318,
131,Kansas,2021,51,
131,Kansas,2021,6418,
131,Kansas,2021,6671,
131,Kansas,2021,7559,
131,Kansas,2021,15217,
131,Kansas,2021,15823,2001-06-26
131,Kansas,2021,19890,2000-11-04
131,Kansas,2021,26291,1999-07-02
131,Kansas,2021,26292,2001-04-17
131,Kansas,2021,26293,2000-04-20
131,Kansas,2021,26295,
131,Kansas,2021,26297,
131,Kansas,2021,28033,
131,Kansas,2021,32255,1998-11-09
295,Texas,2021,15363,
295,Texas,2021,16519,2000-12-31
295,Texas,2021,19995,
295,Texas,2021,22260,
295,Texas,2021,22808,2000-01-27
295,Texas,2021,25737,
295,Texas,2021,25740,
295,Texas,2021,28073,2001-09-06
295,Texas,2021,28074,
295,Texas,2021,31393,2001-09-01
295,Texas,2021,31394,2001-01-19
295,Texas,2021,31395,1998-10-20
295,Texas,2021,31396,1998-01-22
295,Texas,2021,31397,
295,Texas,2021,31398,
295,Texas,2021,34412,
217,Oklahoma,2021,6970,
217,Oklahoma,2021,7352,
217,Oklahoma,2021,16373,
217,Oklahoma,2021,16400,
217,Oklahoma,2021,20076,2001-01-22
217,Oklahoma,2021,21167,
217,Oklahoma,2021,21529,
217,Oklahoma,2021,21724,
217,Oklahoma,2021,22157,2000-02-03
217,Oklahoma,2021,25827,1998-09-04
217,Oklahoma,2021,27420,
217,Oklahoma,2021,27913,1999-06-19
217,Oklahoma,2021,32859,1998-05-29
217,Oklahoma,2021,32860,
217,Oklahoma,2021,32861,
217,Oklahoma,2021,32862,
218,Oklahoma State,2021,2495,
218,Oklahoma State,2021,7555,
218,Oklahoma State,2021,8381,
218,Oklahoma State,2021,16878,
218,Oklahoma State,2021,16879,
218,Oklahoma State,2021,17620,
218,Oklahoma State,2021,17621,
218,Oklahoma State,2021,20823,
218,Oklahoma State,2021,21871,
218,Oklahoma State,2021,21872,
218,Oklahoma State,2021,26964,
218,Oklahoma State,2021,27896,
218,Oklahoma State,2021,31717,2001-09-25
218,Oklahoma State,2021,31718,
218,Oklahoma State,2021,31719,
218,Oklahoma State,2021,33177,2001-03-16
218,Oklahoma State,2021,16954,
20,Baylor,2021,116,
20,Baylor,2021,15230,
20,Baylor,2021,17032,
20,Baylor,2021,17222,
20,Baylor,2021,19879,
20,Baylor,2021,19881,1999-12-01
20,Baylor,2021,20053,1999-09-23
20,Baylor,2021,27120,
20,Baylor,2021,32507,2000-08-25
20,Baylor,2021,32508,1998-09-05
20,Baylor,2021,32509,1997-06-11
20,Baylor,2021,32510,1997-11-07
20,Baylor,2021,32511,
20,Baylor,2021,32512,
125,Iowa State,2021,316,
125,Iowa State,2021,365,
125,Iowa State,2021,3035,
125,Iowa State,2021,16083,1999-12-26
125,Iowa State,2021,17316,
125,Iowa State,2021,19853,
125,Iowa State,2021,20356,
125,Iowa State,2021,21063,
125,Iowa State,2021,21165,1999-01-05
125,Iowa State,2021,21457,
125,Iowa State,2021,26296,
125,Iowa State,2021,27277,2000-08-22
125,Iowa State,2021,27278,
125,Iowa State,2021,27279,
125,Iowa State,2021,32546,1998-04-02
125,Iowa State,2021,32547,
132,Kansas State,2021,2791,
132,Kansas State,2021,3077,
132,Kansas State,2021,3289,
132,Kansas State,2021,4372,
132,Kansas State,2021,7713,
132,Kansas State,2021,16406,2001-01-10
132,Kansas State,2021,16475,
132,Kansas State,2021,18250,
132,Kansas State,2021,27975,
132,Kansas State,2021,21883,
132,Kansas State,2021,21977,
132,Kansas State,2021,26836,
132,Kansas State,2021,27978,
132,Kansas State,2021,15329,
298,Texas Tech,2021,5523,
298,Texas Tech,2021,5607,
298,Texas Tech,2021,5611,
298,Texas Tech,2021,7090,
298,Texas Tech,2021,8176,
298,Texas Tech,2021,15420,2000-07-30
298,Texas Tech,2021,20862,
298,Texas Tech,2021,25739,
298,Texas Tech,2021,25797,1999-05-03
298,Texas Tech,2021,27244,1997-06-07
298,Texas Tech,2021,27247,
298,Texas Tech,2021,31375,1999-01-06
298,Texas Tech,2021,31376,1998-10-17
298,Texas Tech,2021,34785,
298,Texas Tech,2021,15214,2001-03-15
66,Delaware,2021,560,
66,Delaware,2021,15607,
66,Delaware,2021,15795,2001-12-22
66,Delaware,2021,20450,
66,Delaware,2021,20451,
66,Delaware,2021,20452,
66,Delaware,2021,20453,
66,Delaware,2021,20454,
66,Delaware,2021,26416,
66,Delaware,2021,26417,
66,Delaware,2021,26419,
66,Delaware,2021,26420,
66,Delaware,2021,26415,
347,West Virginia,2021,7357,
347,West Virginia,2021,16224,
347,West Virginia,2021,17221,2001-05-14
347,West Virginia,2021,20822,
347,West Virginia,2021,20856,
347,West Virginia,2021,21047,
347,West Virginia,2021,22158,
347,West Virginia,2021,20854,1999-11-01
347,West Virginia,2021,26278,1999-07-19
347,West Virginia,2021,26281,1998-10-27
347,West Virginia,2021,31869,1998-05-24
347,West Virginia,2021,31870,2000-09-08
347,West Virginia,2021,31871,
347,West Virginia,2021,31872,
347,West Virginia,2021,19872,1999-11-27
287,TCU,2021,2646,
287,TCU,2021,2809,
287,TCU,2021,3351,
287,TCU,2021,3801,
287,TCU,2021,4983,
287,TCU,2021,15350,1999-09-25
287,TCU,2021,15575,
287,TCU,2021,17214,
287,TCU,2021,19970,2002-08-24
287,TCU,2021,21411,
287,TCU,2021,22400,
287,TCU,2021,16952,
287,TCU,2021,28213,
287,TCU,2021,32112,
287,TCU,2021,32113,1999-03-22
287,TCU,2021,715,
338,Villanova,2021,5365,
338,Villanova,2021,7427,
338,Villanova,2021,15367,
338,Villanova,2021,15400,2000-04-12
338,Villanova,2021,15401,
338,Villanova,2021,19979,1999-09-14
338,Villanova,2021,19980,1999-05-17
338,Villanova,2021,25728,1998-11-13
338,Villanova,2021,25729,1999-06-25
338,Villanova,2021,25730,
338,Villanova,2021,25731,
338,Villanova,2021,26456,1999-05-08
338,Villanova,2021,32188,2000-11-03
338,Villanova,2021,32189,
97,Georgetown,2021,3252,
97,Georgetown,2021,3672,
97,Georgetown,2021,5350,
97,Georgetown,2021,5999,
97,Georgetown,2021,16898,
97,Georgetown,2021,17344,
97,Georgetown,2021,19800,1997-12-24
97,Georgetown,2021,19802,
97,Georgetown,2021,19804,1998-03-27
97,Georgetown,2021,22104,
97,Georgetown,2021,28598,1999-08-21
97,Georgetown,2021,28600,
97,Georgetown,2021,31700,
97,Georgetown,2021,31701,1998-07-07
97,Georgetown,2021,34814,
97,Georgetown,2021,34815,
97,Georgetown,2021,15620,
97,Georgetown,2021,14270,
279,St. John's,2021,2923,
279,St. John's,2021,4098,
279,St. John's,2021,16609,
279,St. John's,2021,16617,
279,St. John's,2021,17665,
279,St. John's,2021,20632,
279,St. John's,2021,21659,
279,St. John's,2021,21985,2000-08-30
279,St. John's,2021,22175,
279,St. John's,2021,26667,
279,St. John's,2021,26797,2001-06-29
279,St. John's,2021,26929,
279,St. John's,2021,27893,
279,St. John's,2021,32019,1997-10-28
235,Providence,2021,67,
235,Providence,2021,1278,
235,Providence,2021,3355,
235,Providence,2021,15579,
235,Providence,2021,17169,
235,Providence,2021,19996,
235,Providence,2021,26509,
235,Providence,2021,26510,
235,Providence,2021,26511,1999-06-04
235,Providence,2021,26514,
235,Providence,2021,31626,1999-10-13
235,Providence,2021,6237,
235,Providence,2021,22232,1999-09-06
263,Seton Hall,2021,3301,
263,Seton Hall,2021,16578,
263,Seton Hall,2021,16671,2000-03-10
263,Seton Hall,2021,17211,
263,Seton Hall,2021,17392,
263,Seton Hall,2021,20119,
263,Seton Hall,2021,26496,
263,Seton Hall,2021,27888,
263,Seton Hall,2021,27889,
263,Seton Hall,2021,27890,
263,Seton Hall,2021,27891,
263,Seton Hall,2021,27892,1999-08-27
263,Seton Hall,2021,32353,1999-05-23
263,Seton Hall,2021,34816,
263,Seton Hall,2021,34817,
157,Marquette,2021,8305,
157,Marquette,2021,8378,
157,Marquette,2021,15250,2002-07-14
157,Marquette,2021,16715,
157,Marquette,2021,17602,
157,Marquette,2021,20864,
157,Marquette,2021,21753,
157,Marquette,2021,26272,1999-03-20
157,Marquette,2021,26450,
157,Marquette,2021,27419,2002-04-12
157,Marquette,2021,27422,
157,Marquette,2021,27627,1998-08-25
157,Marquette,2021,32208,2000-08-05
157,Marquette,2021,32209,
157,Marquette,2021,32210,
157,Marquette,2021,27484,1997-07-29
61,Creighton,2021,2552,
61,Creighton,2021,4495,
61,Creighton,2021,7570,
61,Creighton,2021,7806,
61,Creighton,2021,7816,
61,Creighton,2021,10296,
61,Creighton,2021,19919,
61,Creighton,2021,19947,2000-06-13
61,Creighton,2021,27051,1999-06-02
61,Creighton,2021,27053,
61,Creighton,2021,32557,1997-10-03
61,Creighton,2021,32558,1998-08-03
61,Creighton,2021,32559,1998-07-02
61,Creighton,2021,32560,
61,Creighton,2021,32561,
61,Creighton,2021,32562,
61,Creighton,2021,32563,1998-01-18
359,Xavier,2021,326,
359,Xavier,2021,3399,
359,Xavier,2021,3925,
359,Xavier,2021,4410,
359,Xavier,2021,19926,
359,Xavier,2021,20581,
359,Xavier,2021,21155,2002-05-28
359,Xavier,2021,21157,1999-12-09
359,Xavier,2021,26770,
359,Xavier,2021,26771,
359,Xavier,2021,26772,
359,Xavier,2021,26773,
359,Xavier,2021,26774,
359,Xavier,2021,31489,
359,Xavier,2021,26190,
359,Xavier,2021,4064,
65,DePaul,2021,6236,
65,DePaul,2021,15422,
65,DePaul,2021,16569,2001-11-24
65,DePaul,2021,20164,
65,DePaul,2021,20365,
65,DePaul,2021,21168,2000-09-29
65,DePaul,2021,21169,
65,DePaul,2021,26280,
65,DePaul,2021,26730,
65,DePaul,2021,26759,1998-02-03
65,DePaul,2021,26879,
65,DePaul,2021,27249,
65,DePaul,2021,27346,
65,DePaul,2021,28048,1999-10-20
65,DePaul,2021,34062,
65,DePaul,2021,34063,2001-06-09
65,DePaul,2021,34064,
65,DePaul,2021,34065,
34,Butler,2021,1355,
34,Butler,2021,2746,
34,Butler,2021,6157,
34,Butler,2021,6405,
34,Butler,2021,16616,
34,Butler,2021,16653,
34,Butler,2021,21486,1999-11-11
34,Butler,2021,26000,
34,Butler,2021,25998,
34,Butler,2021,25999,
34,Butler,2021,26001,
34,Butler,2021,26004,
34,Butler,2021,31795,
34,Butler,2021,31796,
34,Butler,2021,34813,1996-11-03
34,Butler,2021,26003,
345,Weber State,2021,10690,
345,Weber State,2021,16491,
345,Weber State,2021,17403,2001-10-29
345,Weber State,2021,17405,
345,Weber State,2021,22170,
345,Weber State,2021,22187,
345,Weber State,2021,27482,
345,Weber State,2021,27485,
345,Weber State,2021,27486,
345,Weber State,2021,27487,
345,Weber State,2021,27488,
345,Weber State,2021,27489,
345,Weber State,2021,27490,
345,Weber State,2021,32158,1997-09-04
345,Weber State,2021,32159,
345,Weber State,2021,32160,
345,Weber State,2021,32161,
179,Montana,2021,6507,
179,Montana,2021,7714,
179,Montana,2021,16706,
179,Montana,2021,17401,
179,Montana,2021,17463,
179,Montana,2021,22280,2001-02-26
179,Montana,2021,22281,
179,Montana,2021,22806,1998-12-16
179,Montana,2021,26738,
179,Montana,2021,27579,
179,Montana,2021,27616,
179,Montana,2021,32535,
179,Montana,2021,32536,
179,Montana,2021,32537,
179,Montana,2021,33140,
180,Montana State,2021,192,
180,Montana State,2021,8915,
180,Montana State,2021,13299,
180,Montana State,2021,14124,
180,Montana State,2021,15486,
180,Montana State,2021,16937,
180,Montana State,2021,20182,
180,Montana State,2021,21859,
180,Montana State,2021,27665,
180,Montana State,2021,27666,
180,Montana State,2021,27667,
180,Montana State,2021,32183,
180,Montana State,2021,32184,
180,Montana State,2021,32185,
180,Montana State,2021,32186,
180,Montana State,2021,34811,
116,Idaho State,2021,6395,
116,Idaho State,2021,16466,
116,Idaho State,2021,16933,
116,Idaho State,2021,21877,
116,Idaho State,2021,21879,
116,Idaho State,2021,21881,
116,Idaho State,2021,24515,
116,Idaho State,2021,27523,
116,Idaho State,2021,27524,
116,Idaho State,2021,27525,
116,Idaho State,2021,27526,
116,Idaho State,2021,27527,
116,Idaho State,2021,27528,
116,Idaho State,2021,31987,
116,Idaho State,2021,31988,
116,Idaho State,2021,31989,
206,Northern Arizona,2021,5034,
206,Northern Arizona,2021,14944,
206,Northern Arizona,2021,16696,
206,Northern Arizona,2021,18666,
206,Northern Arizona,2021,19024,
206,Northern Arizona,2021,20116,1998-11-08
206,Northern Arizona,2021,20779,
206,Northern Arizona,2021,22083,
206,Northern Arizona,2021,27787,
206,Northern Arizona,2021,27790,
206,Northern Arizona,2021,27792,
206,Northern Arizona,2021,33097,
206,Northern Arizona,2021,33098,
206,Northern Arizona,2021,33099,
80,Eastern Washington,2021,184,
80,Eastern Washington,2021,16138,
80,Eastern Washington,2021,16359,
80,Eastern Washington,2021,16996,
80,Eastern Washington,2021,17139,2000-07-25
80,Eastern Washington,2021,19311,
80,Eastern Washington,2021,21527,1999-05-22
80,Eastern Washington,2021,21824,
80,Eastern Washington,2021,22182,
80,Eastern Washington,2021,24387,
80,Eastern Washington,2021,27637,
80,Eastern Washington,2021,27688,
80,Eastern Washington,2021,27693,
80,Eastern Washington,2021,32538,
80,Eastern Washington,2021,32539,
80,Eastern Washington,2021,22096,
231,Portland State,2021,8388,
231,Portland State,2021,22804,
231,Portland State,2021,22807,
231,Portland State,2021,23346,
231,Portland State,2021,24210,
231,Portland State,2021,24661,
231,Portland State,2021,24662,
231,Portland State,2021,25977,
231,Portland State,2021,26255,
231,Portland State,2021,27443,
231,Portland State,2021,27534,
231,Portland State,2021,27772,
231,Portland State,2021,27776,
231,Portland State,2021,27777,
231,Portland State,2021,27779,
231,Portland State,2021,33021,
207,Northern Colorado,2021,16991,
207,Northern Colorado,2021,16992,
207,Northern Colorado,2021,16993,
207,Northern Colorado,2021,17338,
207,Northern Colorado,2021,19858,
207,Northern Colorado,2021,19860,
207,Northern Colorado,2021,27135,
207,Northern Colorado,2021,28050,
207,Northern Colorado,2021,28052,
207,Northern Colorado,2021,33300,
207,Northern Colorado,2021,33301,
207,Northern Colorado,2021,33302,
207,Northern Colorado,2021,33303,
207,Northern Colorado,2021,33304,
207,Northern Colorado,2021,33305,
207,Northern Colorado,2021,33306,
249,Sacramento State,2021,16211,
249,Sacramento State,2021,19904,
249,Sacramento State,2021,19907,
249,Sacramento State,2021,19909,
249,Sacramento State,2021,27660,
249,Sacramento State,2021,27661,
249,Sacramento State,2021,27662,
249,Sacramento State,2021,27664,
249,Sacramento State,2021,32222,
249,Sacramento State,2021,32223,
249,Sacramento State,2021,32224,1997-07-28
249,Sacramento State,2021,32225,
249,Sacramento State,2021,32226,
249,Sacramento State,2021,32227,
249,Sacramento State,2021,32228,
249,Sacramento State,2021,32229,
276,Southern Utah,2021,7159,
276,Southern Utah,2021,15875,
276,Southern Utah,2021,16704,
276,Southern Utah,2021,17396,
276,Southern Utah,2021,21899,
276,Southern Utah,2021,21900,
276,Southern Utah,2021,21901,2000-06-29
276,Southern Utah,2021,21904,
276,Southern Utah,2021,22031,
276,Southern Utah,2021,27509,1999-05-12
276,Southern Utah,2021,27510,
276,Southern Utah,2021,27512,
276,Southern Utah,2021,32058,
276,Southern Utah,2021,32059,
276,Southern Utah,2021,32060,
276,Southern Utah,2021,32061,
276,Southern Utah,2021,32062,
354,Winthrop,2021,1393,
354,Winthrop,2021,1980,
354,Winthrop,2021,2664,
354,Winthrop,2021,15943,
354,Winthrop,2021,15947,
354,Winthrop,2021,15970,
354,Winthrop,2021,17315,
354,Winthrop,2021,25931,
354,Winthrop,2021,25932,
354,Winthrop,2021,27245,1998-06-26
354,Winthrop,2021,27878,
354,Winthrop,2021,32667,1997-06-26
354,Winthrop,2021,32668,
354,Winthrop,2021,32669,
354,Winthrop,2021,32670,
239,Radford,2021,1663,
239,Radford,2021,1765,
239,Radford,2021,2238,
239,Radford,2021,2940,
239,Radford,2021,17033,
239,Radford,2021,21147,
239,Radford,2021,21744,
239,Radford,2021,21746,
239,Radford,2021,21813,
239,Radford,2021,25988,
239,Radford,2021,25989,
239,Radford,2021,25991,
239,Radford,2021,28162,
239,Radford,2021,31470,
239,Radford,2021,31471,
239,Radford,2021,31472,
319,UNC Asheville,2021,6468,
319,UNC Asheville,2021,15567,
319,UNC Asheville,2021,15998,
319,UNC Asheville,2021,16753,
319,UNC Asheville,2021,17386,
319,UNC Asheville,2021,17389,
319,UNC Asheville,2021,21034,
319,UNC Asheville,2021,21462,
319,UNC Asheville,2021,21463,
319,UNC Asheville,2021,26696,
319,UNC Asheville,2021,26697,
319,UNC Asheville,2021,26698,
319,UNC Asheville,2021,26700,
319,UNC Asheville,2021,26701,
319,UNC Asheville,2021,32345,
319,UNC Asheville,2021,32346,
47,Charleston Southern,2021,16554,
47,Charleston Southern,2021,19865,
47,Charleston Southern,2021,21327,
47,Charleston Southern,2021,23052,
47,Charleston Southern,2021,26264,
47,Charleston Southern,2021,26265,
47,Charleston Southern,2021,26267,
47,Charleston Southern,2021,26268,
47,Charleston Southern,2021,26269,
47,Charleston Southern,2021,26271,
47,Charleston Southern,2021,27072,
47,Charleston Southern,2021,32052,
47,Charleston Southern,2021,32053,
47,Charleston Southern,2021,32054,
47,Charleston Southern,2021,34627,
109,High Point,2021,3050,
109,High Point,2021,8657,
109,High Point,2021,15239,
109,High Point,2021,15717,
109,High Point,2021,15718,
109,High Point,2021,16876,
109,High Point,2021,20877,
109,High Point,2021,21315,
109,High Point,2021,62598,1990-09-02
109,High Point,2021,25565,
109,High Point,2021,26926,
109,High Point,2021,26927,
109,High Point,2021,26928,
109,High Point,2021,31972,1998-01-01
109,High Point,2021,31973,
109,High Point,2021,31974,
109,High Point,2021,31975,
109,High Point,2021,31976,
109,High Point,2021,32481,
109,High Point,2021,34048,
109,High Point,2021,34781,
109,High Point,2021,5155,
109,High Point,2021,62597,1992-07-29
109,High Point,2021,15205,
94,Gardner-Webb,2021,8119,
94,Gardner-Webb,2021,8243,
94,Gardner-Webb,2021,8323,
94,Gardner-Webb,2021,20920,
94,Gardner-Webb,2021,21913,
94,Gardner-Webb,2021,21914,
94,Gardner-Webb,2021,21917,
94,Gardner-Webb,2021,288,
94,Gardner-Webb,2021,28009,
94,Gardner-Webb,2021,28070,
94,Gardner-Webb,2021,28071,
94,Gardner-Webb,2021,28072,
94,Gardner-Webb,2021,33354,
94,Gardner-Webb,2021,33355,
94,Gardner-Webb,2021,34581,
94,Gardner-Webb,2021,294,
147,Longwood,2021,3194,
147,Longwood,2021,4637,
147,Longwood,2021,15375,
147,Longwood,2021,16142,
147,Longwood,2021,16228,
147,Longwood,2021,16328,
147,Longwood,2021,18200,
147,Longwood,2021,20024,
147,Longwood,2021,20026,
147,Longwood,2021,20030,
147,Longwood,2021,26664,
147,Longwood,2021,27134,
147,Longwood,2021,27698,
147,Longwood,2021,32406,
147,Longwood,2021,32407,
147,Longwood,2021,32408,
147,Longwood,2021,32409,
233,Presbyterian,2021,5102,
233,Presbyterian,2021,6407,
233,Presbyterian,2021,15963,
233,Presbyterian,2021,16321,
233,Presbyterian,2021,17364,
233,Presbyterian,2021,18552,
233,Presbyterian,2021,20309,
233,Presbyterian,2021,26471,
233,Presbyterian,2021,26472,
233,Presbyterian,2021,26473,
233,Presbyterian,2021,26474,
233,Presbyterian,2021,32711,
233,Presbyterian,2021,32712,
233,Presbyterian,2021,32713,
233,Presbyterian,2021,32714,
233,Presbyterian,2021,32715,
268,South Carolina Upstate,2021,15840,
268,South Carolina Upstate,2021,15844,
268,South Carolina Upstate,2021,15976,
268,South Carolina Upstate,2021,17124,
268,South Carolina Upstate,2021,20174,
268,South Carolina Upstate,2021,20186,
268,South Carolina Upstate,2021,20983,
268,South Carolina Upstate,2021,20999,
268,South Carolina Upstate,2021,21049,
268,South Carolina Upstate,2021,21087,
268,South Carolina Upstate,2021,22296,
268,South Carolina Upstate,2021,26302,
268,South Carolina Upstate,2021,26303,
268,South Carolina Upstate,2021,26304,
268,South Carolina Upstate,2021,31603,
106,Hampton,2021,1029,
106,Hampton,2021,2033,
106,Hampton,2021,15858,
106,Hampton,2021,16212,
106,Hampton,2021,20969,
106,Hampton,2021,22371,
106,Hampton,2021,22372,
106,Hampton,2021,22373,
106,Hampton,2021,22374,
106,Hampton,2021,22376,
106,Hampton,2021,26094,
106,Hampton,2021,26319,
106,Hampton,2021,27243,1999-03-01
106,Hampton,2021,29180,
106,Hampton,2021,32655,
236,Purdue,2021,210,
236,Purdue,2021,1486,
236,Purdue,2021,6678,
236,Purdue,2021,6789,
236,Purdue,2021,15234,2002-03-14
236,Purdue,2021,15236,
236,Purdue,2021,16760,
236,Purdue,2021,17267,
236,Purdue,2021,20218,
236,Purdue,2021,22236,
236,Purdue,2021,25745,2002-02-13
236,Purdue,2021,25746,1998-11-29
236,Purdue,2021,25747,2000-09-16
236,Purdue,2021,25748,
236,Purdue,2021,26799,1998-09-24
121,Indiana,2021,3293,
121,Indiana,2021,4070,
121,Indiana,2021,4658,
121,Indiana,2021,7845,
121,Indiana,2021,7854,
121,Indiana,2021,19957,2000-02-22
121,Indiana,2021,19959,1999-06-04
121,Indiana,2021,19961,
121,Indiana,2021,19963,
121,Indiana,2021,20006,2000-11-17
121,Indiana,2021,20557,
121,Indiana,2021,25812,
121,Indiana,2021,25981,
121,Indiana,2021,26512,
121,Indiana,2021,32091,
121,Indiana,2021,32092,
118,Illinois,2021,3210,
118,Illinois,2021,4602,
118,Illinois,2021,4945,
118,Illinois,2021,5709,
118,Illinois,2021,7610,
118,Illinois,2021,7643,
118,Illinois,2021,15411,
118,Illinois,2021,19899,
118,Illinois,2021,25763,
118,Illinois,2021,25764,
118,Illinois,2021,25765,1999-09-01
118,Illinois,2021,25766,
118,Illinois,2021,25767,
118,Illinois,2021,31360,2000-01-17
118,Illinois,2021,31361,1998-11-16
118,Illinois,2021,31362,
118,Illinois,2021,31363,
216,Ohio State,2021,2599,
216,Ohio State,2021,2920,
216,Ohio State,2021,15864,
216,Ohio State,2021,16681,
216,Ohio State,2021,20188,
216,Ohio State,2021,421,
216,Ohio State,2021,20821,1999-03-15
216,Ohio State,2021,22082,
216,Ohio State,2021,25810,2000-12-18
216,Ohio State,2021,25815,
216,Ohio State,2021,25816,
216,Ohio State,2021,25817,
216,Ohio State,2021,31404,2000-03-24
216,Ohio State,2021,31405,
216,Ohio State,2021,31406,
216,Ohio State,2021,31407,
124,Iowa,2021,475,
124,Iowa,2021,1496,
124,Iowa,2021,5503,
124,Iowa,2021,5585,
124,Iowa,2021,5865,
124,Iowa,2021,17597,
124,Iowa,2021,20521,
124,Iowa,2021,20842,2000-08-19
124,Iowa,2021,20845,
124,Iowa,2021,20872,
124,Iowa,2021,21154,
124,Iowa,2021,27700,2000-08-19
124,Iowa,2021,27701,1997-06-19
124,Iowa,2021,31694,1998-12-27
124,Iowa,2021,31695,1999-08-23
124,Iowa,2021,31696,
355,Wisconsin,2021,4600,
355,Wisconsin,2021,5417,
355,Wisconsin,2021,5425,
355,Wisconsin,2021,16507,2001-03-07
355,Wisconsin,2021,16999,
355,Wisconsin,2021,31351,1998-04-06
355,Wisconsin,2021,20154,
355,Wisconsin,2021,20335,
355,Wisconsin,2021,21742,
355,Wisconsin,2021,26555,
355,Wisconsin,2021,26998,2002-02-27
355,Wisconsin,2021,26999,
355,Wisconsin,2021,27001,
355,Wisconsin,2021,31352,1996-09-30
355,Wisconsin,2021,31353,1997-12-22
355,Wisconsin,2021,31354,1996-05-02
355,Wisconsin,2021,31355,
355,Wisconsin,2021,31356,
173,Minnesota,2021,1092,
173,Minnesota,2021,1130,
173,Minnesota,2021,16909,
173,Minnesota,2021,19946,1999-06-06
173,Minnesota,2021,20117,
173,Minnesota,2021,21541,1999-06-10
173,Minnesota,2021,21551,1999-07-12
173,Minnesota,2021,27033,
173,Minnesota,2021,28047,
173,Minnesota,2021,31938,
173,Minnesota,2021,31939,
173,Minnesota,2021,32490,
173,Minnesota,2021,32491,
173,Minnesota,2021,27165,1999-02-04
170,Michigan,2021,48,
170,Michigan,2021,3491,
170,Michigan,2021,5620,
170,Michigan,2021,7098,
170,Michigan,2021,20640,
170,Michigan,2021,27838,1998-10-14
170,Michigan,2021,27840,
170,Michigan,2021,27841,
170,Michigan,2021,27842,
170,Michigan,2021,31412,1998-07-28
170,Michigan,2021,31413,
170,Michigan,2021,31414,2001-08-27
170,Michigan,2021,31415,1997-10-13
170,Michigan,2021,31416,1998-12-04
170,Michigan,2021,32705,
170,Michigan,2021,32706,
170,Michigan,2021,32707,1999-09-20
170,Michigan,2021,32708,
169,Michigan State,2021,4572,
169,Michigan State,2021,7383,
169,Michigan State,2021,15243,2000-07-25
169,Michigan State,2021,15245,
169,Michigan State,2021,15246,
169,Michigan State,2021,15327,
169,Michigan State,2021,16061,
169,Michigan State,2021,20478,
169,Michigan State,2021,20785,1999-06-17
169,Michigan State,2021,26298,2000-07-14
169,Michigan State,2021,26299,2000-03-05
169,Michigan State,2021,26553,
169,Michigan State,2021,26960,
169,Michigan State,2021,31368,1999-08-30
169,Michigan State,2021,31369,
212,Northwestern,2021,5449,
212,Northwestern,2021,5452,
212,Northwestern,2021,15224,
212,Northwestern,2021,16557,
212,Northwestern,2021,16718,1999-12-07
212,Northwestern,2021,16915,
212,Northwestern,2021,19845,2000-02-19
212,Northwestern,2021,19958,1998-11-24
212,Northwestern,2021,21511,1999-06-29
212,Northwestern,2021,21512,
212,Northwestern,2021,25846,
212,Northwestern,2021,27009,
212,Northwestern,2021,27010,
212,Northwestern,2021,32770,
226,Penn State,2021,1413,
226,Penn State,2021,1931,
226,Penn State,2021,2224,
226,Penn State,2021,15623,
226,Penn State,2021,20179,
226,Penn State,2021,20810,2000-04-02
226,Penn State,2021,20816,
226,Penn State,2021,21098,
226,Penn State,2021,21584,
226,Penn State,2021,25811,
226,Penn State,2021,26733,
226,Penn State,2021,27276,1999-07-12
226,Penn State,2021,28007,
226,Penn State,2021,32430,
226,Penn State,2021,32431,
226,Penn State,2021,18879,2001-03-28
160,Maryland,2021,38,
160,Maryland,2021,2951,
160,Maryland,2021,3427,
160,Maryland,2021,6216,
160,Maryland,2021,7030,
160,Maryland,2021,15402,
160,Maryland,2021,16112,
160,Maryland,2021,17330,2000-12-04
160,Maryland,2021,17410,
160,Maryland,2021,22605,
160,Maryland,2021,25833,
160,Maryland,2021,27421,1999-02-18
160,Maryland,2021,31612,
160,Maryland,2021,31613,1999-01-02
160,Maryland,2021,31614,
160,Maryland,2021,31615,
188,Nebraska,2021,3323,
188,Nebraska,2021,16247,
188,Nebraska,2021,17042,
188,Nebraska,2021,19887,
188,Nebraska,2021,21520,
188,Nebraska,2021,21560,
188,Nebraska,2021,27020,2000-05-15
188,Nebraska,2021,27021,
188,Nebraska,2021,27022,
188,Nebraska,2021,27023,
188,Nebraska,2021,27024,
188,Nebraska,2021,27460,1998-06-07
188,Nebraska,2021,31458,1999-11-07
188,Nebraska,2021,31459,
188,Nebraska,2021,31460,
188,Nebraska,2021,31461,
245,Rutgers,2021,84,
245,Rutgers,2021,5119,
245,Rutgers,2021,7678,
245,Rutgers,2021,15900,
245,Rutgers,2021,15904,
245,Rutgers,2021,17188,
245,Rutgers,2021,19978,
245,Rutgers,2021,20220,1999-01-03
245,Rutgers,2021,20806,1999-06-08
245,Rutgers,2021,21215,
245,Rutgers,2021,25722,
245,Rutgers,2021,25784,1997-09-21
245,Rutgers,2021,27880,2000-04-12
245,Rutgers,2021,27881,
245,Rutgers,2021,27882,
245,Rutgers,2021,27884,
245,Rutgers,2021,31409,
145,Long Beach State,2021,96,
145,Long Beach State,2021,6249,
145,Long Beach State,2021,17138,
145,Long Beach State,2021,22027,
145,Long Beach State,2021,28014,
145,Long Beach State,2021,28015,
145,Long Beach State,2021,28016,
145,Long Beach State,2021,28017,
145,Long Beach State,2021,28018,
145,Long Beach State,2021,28020,
145,Long Beach State,2021,28021,
145,Long Beach State,2021,28022,
145,Long Beach State,2021,32950,
145,Long Beach State,2021,32951,
145,Long Beach State,2021,32952,
145,Long Beach State,2021,32953,
145,Long Beach State,2021,32954,
145,Long Beach State,2021,32955,2000-01-21
308,UC Irvine,2021,6374,
308,UC Irvine,2021,7215,
308,UC Irvine,2021,7296,
308,UC Irvine,2021,7305,
308,UC Irvine,2021,7681,
308,UC Irvine,2021,7779,
308,UC Irvine,2021,17468,
308,UC Irvine,2021,22110,2000-04-13
308,UC Irvine,2021,27455,
308,UC Irvine,2021,27456,
308,UC Irvine,2021,27457,
308,UC Irvine,2021,31858,
308,UC Irvine,2021,31859,
308,UC Irvine,2021,31860,
308,UC Irvine,2021,7295,
37,Cal State Fullerton,2021,91,
37,Cal State Fullerton,2021,4072,
37,Cal State Fullerton,2021,15343,
37,Cal State Fullerton,2021,15349,
37,Cal State Fullerton,2021,20011,
37,Cal State Fullerton,2021,20019,
37,Cal State Fullerton,2021,21102,
37,Cal State Fullerton,2021,21924,2000-08-13
37,Cal State Fullerton,2021,22918,
37,Cal State Fullerton,2021,27554,
37,Cal State Fullerton,2021,33538,
37,Cal State Fullerton,2021,33539,
37,Cal State Fullerton,2021,33540,
37,Cal State Fullerton,2021,33541,
37,Cal State Fullerton,2021,33542,
35,Cal Poly,2021,5516,
35,Cal Poly,2021,6635,
35,Cal Poly,2021,7060,
35,Cal Poly,2021,7162,
35,Cal Poly,2021,17013,
35,Cal Poly,2021,17014,
35,Cal Poly,2021,17141,
35,Cal Poly,2021,18674,
35,Cal Poly,2021,22029,
35,Cal Poly,2021,27638,
35,Cal Poly,2021,32387,
35,Cal Poly,2021,32388,
35,Cal Poly,2021,32389,1996-12-07
35,Cal Poly,2021,32390,
35,Cal Poly,2021,32391,
38,Cal State Northridge,2021,6958,
38,Cal State Northridge,2021,7368,
38,Cal State Northridge,2021,7554,
38,Cal State Northridge,2021,16597,
38,Cal State Northridge,2021,16976,1999-07-28
38,Cal State Northridge,2021,21902,
38,Cal State Northridge,2021,22052,
38,Cal State Northridge,2021,2812,
38,Cal State Northridge,2021,27442,
38,Cal State Northridge,2021,27445,
38,Cal State Northridge,2021,27447,
38,Cal State Northridge,2021,27449,
38,Cal State Northridge,2021,31914,
38,Cal State Northridge,2021,31915,1999-04-30
38,Cal State Northridge,2021,31916,
38,Cal State Northridge,2021,31917,
309,UC Riverside,2021,16674,2001-03-03
309,UC Riverside,2021,17462,
309,UC Riverside,2021,19903,
309,UC Riverside,2021,21727,2000-06-03
309,UC Riverside,2021,27674,
309,UC Riverside,2021,27675,
309,UC Riverside,2021,27676,
309,UC Riverside,2021,27677,
309,UC Riverside,2021,27679,
309,UC Riverside,2021,27680,
309,UC Riverside,2021,31762,
309,UC Riverside,2021,31763,
309,UC Riverside,2021,31764,
309,UC Riverside,2021,31765,
309,UC Riverside,2021,31766,
307,UC Davis,2021,7771,
307,UC Davis,2021,16859,
307,UC Davis,2021,16861,
307,UC Davis,2021,17370,
307,UC Davis,2021,21860,
307,UC Davis,2021,22206,
307,UC Davis,2021,27604,
307,UC Davis,2021,27605,
307,UC Davis,2021,27607,
307,UC Davis,2021,27608,
307,UC Davis,2021,27778,
307,UC Davis,2021,32194,
307,UC Davis,2021,32195,
307,UC Davis,2021,32196,
307,UC Davis,2021,32197,
108,Hawai'i,2021,6495,
108,Hawai'i,2021,6838,
108,Hawai'i,2021,17617,2000-01-01
108,Hawai'i,2021,18196,
108,Hawai'i,2021,18197,
108,Hawai'i,2021,18198,
108,Hawai'i,2021,18469,
108,Hawai'i,2021,22809,
108,Hawai'i,2021,27771,
108,Hawai'i,2021,28095,
108,Hawai'i,2021,28096,1997-03-26
108,Hawai'i,2021,33399,
108,Hawai'i,2021,33400,
108,Hawai'i,2021,33401,
108,Hawai'i,2021,33402,
310,UC San Diego,2021,3950,
310,UC San Diego,2021,6494,
310,UC San Diego,2021,7097,
310,UC San Diego,2021,7744,
310,UC San Diego,2021,22059,
310,UC San Diego,2021,22061,
310,UC San Diego,2021,25206,
310,UC San Diego,2021,25900,
310,UC San Diego,2021,25901,
310,UC San Diego,2021,25903,
310,UC San Diego,2021,25904,
310,UC San Diego,2021,27588,
310,UC San Diego,2021,34057,
310,UC San Diego,2021,34058,
310,UC San Diego,2021,34059,
310,UC San Diego,2021,34060,
310,UC San Diego,2021,34061,
36,Cal State Bakersfield,2021,5693,
36,Cal State Bakersfield,2021,22012,
36,Cal State Bakersfield,2021,22013,
36,Cal State Bakersfield,2021,23337,
36,Cal State Bakersfield,2021,25712,
36,Cal State Bakersfield,2021,25713,
36,Cal State Bakersfield,2021,25714,
36,Cal State Bakersfield,2021,25716,
36,Cal State Bakersfield,2021,25717,
36,Cal State Bakersfield,2021,25798,1998-06-29
36,Cal State Bakersfield,2021,26228,
36,Cal State Bakersfield,2021,32771,
36,Cal State Bakersfield,2021,32772,
36,Cal State Bakersfield,2021,21233,
321,UNC Wilmington,2021,5101,
321,UNC Wilmington,2021,6508,
321,UNC Wilmington,2021,15612,
321,UNC Wilmington,2021,20430,
321,UNC Wilmington,2021,21323,
321,UNC Wilmington,2021,21458,
321,UNC Wilmington,2021,26969,1998-12-11
321,UNC Wilmington,2021,26971,
321,UNC Wilmington,2021,29584,
321,UNC Wilmington,2021,31711,1996-10-17
321,UNC Wilmington,2021,31712,
321,UNC Wilmington,2021,31713,
321,UNC Wilmington,2021,31715,
321,UNC Wilmington,2021,31716,
321,UNC Wilmington,2021,34780,
321,UNC Wilmington,2021,31714,
129,James Madison,2021,578,
129,James Madison,2021,3417,
129,James Madison,2021,4033,
129,James Madison,2021,4411,
129,James Madison,2021,4568,
129,James Madison,2021,15238,
129,James Madison,2021,15274,
129,James Madison,2021,20122,
129,James Madison,2021,21229,
129,James Madison,2021,22030,
129,James Madison,2021,31444,
129,James Madison,2021,31445,1998-12-21
129,James Madison,2021,31446,
129,James Madison,2021,31447,
129,James Madison,2021,31448,
110,Hofstra,2021,4709,
110,Hofstra,2021,8340,
110,Hofstra,2021,8437,
110,Hofstra,2021,17385,
110,Hofstra,2021,20639,
110,Hofstra,2021,21089,
110,Hofstra,2021,21288,
110,Hofstra,2021,21699,
110,Hofstra,2021,21838,
110,Hofstra,2021,25795,
110,Hofstra,2021,26800,
110,Hofstra,2021,32543,
110,Hofstra,2021,32544,
110,Hofstra,2021,32545,
71,Drexel,2021,561,
71,Drexel,2021,3435,
71,Drexel,2021,4643,
71,Drexel,2021,15237,2001-02-02
71,Drexel,2021,17233,
71,Drexel,2021,17234,
71,Drexel,2021,20813,
71,Drexel,2021,22795,
71,Drexel,2021,26987,
71,Drexel,2021,26990,
71,Drexel,2021,32432,
71,Drexel,2021,32433,
71,Drexel,2021,32434,
71,Drexel,2021,32435,
71,Drexel,2021,32436,
71,Drexel,2021,32437,
205,Northeastern,2021,1494,
205,Northeastern,2021,3416,
205,Northeastern,2021,3974,
205,Northeastern,2021,7649,
205,Northeastern,2021,15244,2000-09-18
205,Northeastern,2021,16448,
205,Northeastern,2021,20981,
205,Northeastern,2021,26283,
205,Northeastern,2021,26285,
205,Northeastern,2021,26286,
205,Northeastern,2021,26287,
205,Northeastern,2021,33356,
46,Charleston,2021,2516,
46,Charleston,2021,16329,
46,Charleston,2021,19977,
46,Charleston,2021,20879,
46,Charleston,2021,21602,
46,Charleston,2021,26097,
46,Charleston,2021,26338,
46,Charleston,2021,26693,
46,Charleston,2021,28161,
46,Charleston,2021,31377,
46,Charleston,2021,31378,
46,Charleston,2021,32438,
46,Charleston,2021,27036,1998-01-31
46,Charleston,2021,5182,
81,Elon,2021,721,
81,Elon,2021,982,
81,Elon,2021,16618,
81,Elon,2021,16620,
81,Elon,2021,16983,
81,Elon,2021,17485,
81,Elon,2021,20432,
81,Elon,2021,25835,
81,Elon,2021,27065,
81,Elon,2021,27066,
81,Elon,2021,27068,
81,Elon,2021,27069,
81,Elon,2021,31940,
81,Elon,2021,31941,1998-06-11
81,Elon,2021,31942,
81,Elon,2021,31943,
305,UAB,2021,1768,
305,UAB,2021,3958,
305,UAB,2021,4500,
305,UAB,2021,7524,
305,UAB,2021,16502,
305,UAB,2021,17628,
305,UAB,2021,20210,
305,UAB,2021,20582,
305,UAB,2021,21107,1999-11-28
305,UAB,2021,21111,
305,UAB,2021,22100,
305,UAB,2021,26702,
305,UAB,2021,26703,
305,UAB,2021,26811,
275,Southern Miss,2021,795,
275,Southern Miss,2021,5698,
275,Southern Miss,2021,12536,
275,Southern Miss,2021,16865,
275,Southern Miss,2021,21029,
275,Southern Miss,2021,21432,
275,Southern Miss,2021,21434,
275,Southern Miss,2021,21930,1999-08-11
275,Southern Miss,2021,26893,
275,Southern Miss,2021,26937,
275,Southern Miss,2021,26938,
275,Southern Miss,2021,27993,
275,Southern Miss,2021,31165,
275,Southern Miss,2021,32439,
275,Southern Miss,2021,32440,
275,Southern Miss,2021,4942,
275,Southern Miss,2021,4958,
327,UTEP,2021,439,
327,UTEP,2021,3592,
327,UTEP,2021,16923,
327,UTEP,2021,21156,1999-01-26
327,UTEP,2021,21510,
327,UTEP,2021,21687,
327,UTEP,2021,21712,
327,UTEP,2021,22129,
327,UTEP,2021,22181,
327,UTEP,2021,24537,
327,UTEP,2021,27242,1998-04-25
327,UTEP,2021,27473,
327,UTEP,2021,27474,
327,UTEP,2021,31933,
327,UTEP,2021,31934,
158,Marshall,2021,1874,
158,Marshall,2021,3041,
158,Marshall,2021,16007,
158,Marshall,2021,16009,
158,Marshall,2021,17609,
158,Marshall,2021,20669,
158,Marshall,2021,20737,2000-03-10
158,Marshall,2021,26030,
158,Marshall,2021,26034,
158,Marshall,2021,27567,
158,Marshall,2021,28437,
158,Marshall,2021,28438,
158,Marshall,2021,28439,
158,Marshall,2021,28440,
158,Marshall,2021,28441,
158,Marshall,2021,32351,
158,Marshall,2021,32352,
149,Louisiana Tech,2021,4049,
149,Louisiana Tech,2021,16729,
149,Louisiana Tech,2021,17029,2000-11-01
149,Louisiana Tech,2021,25785,2002-08-14
149,Louisiana Tech,2021,25786,
149,Louisiana Tech,2021,25787,
149,Louisiana Tech,2021,25788,
149,Louisiana Tech,2021,32413,1997-10-16
149,Louisiana Tech,2021,32414,
149,Louisiana Tech,2021,32415,
149,Louisiana Tech,2021,32416,
149,Louisiana Tech,2021,32417,
149,Louisiana Tech,2021,32418,
149,Louisiana Tech,2021,32419,
149,Louisiana Tech,2021,32420,
241,Rice,2021,218,
241,Rice,2021,5703,
241,Rice,2021,16658,2001-05-27
241,Rice,2021,16989,
241,Rice,2021,17371,2001-02-26
241,Rice,2021,17372,
241,Rice,2021,18499,
241,Rice,2021,21081,
241,Rice,2021,22141,
241,Rice,2021,22142,
241,Rice,2021,22143,
241,Rice,2021,25207,
241,Rice,2021,32319,
241,Rice,2021,32320,
241,Rice,2021,32321,
171,Middle Tennessee,2021,8455,
171,Middle Tennessee,2021,15326,
171,Middle Tennessee,2021,15790,
171,Middle Tennessee,2021,16299,
171,Middle Tennessee,2021,16797,
171,Middle Tennessee,2021,16799,
171,Middle Tennessee,2021,19895,
171,Middle Tennessee,2021,20087,
171,Middle Tennessee,2021,20519,
171,Middle Tennessee,2021,21054,
171,Middle Tennessee,2021,675,
171,Middle Tennessee,2021,25971,
171,Middle Tennessee,2021,32247,
171,Middle Tennessee,2021,32248,
171,Middle Tennessee,2021,32249,
350,Western Kentucky,2021,4067,
350,Western Kentucky,2021,4267,
350,Western Kentucky,2021,5525,
350,Western Kentucky,2021,17287,
350,Western Kentucky,2021,20481,
350,Western Kentucky,2021,20873,
350,Western Kentucky,2021,22606,
350,Western Kentucky,2021,22971,
350,Western Kentucky,2021,15331,
350,Western Kentucky,2021,26812,
350,Western Kentucky,2021,26880,
350,Western Kentucky,2021,28314,
350,Western Kentucky,2021,31745,
350,Western Kentucky,2021,31746,2000-10-28
350,Western Kentucky,2021,31747,
350,Western Kentucky,2021,31748,
204,North Texas,2021,4659,
204,North Texas,2021,5622,
204,North Texas,2021,6669,
204,North Texas,2021,9373,
204,North Texas,2021,21574,
204,North Texas,2021,21658,
204,North Texas,2021,26305,
204,North Texas,2021,27365,
204,North Texas,2021,27366,
204,North Texas,2021,27368,
204,North Texas,2021,32301,
204,North Texas,2021,32302,
204,North Texas,2021,32303,
204,North Texas,2021,32304,
219,Old Dominion,2021,4875,
219,Old Dominion,2021,15994,
219,Old Dominion,2021,16559,
219,Old Dominion,2021,17592,
219,Old Dominion,2021,20556,
219,Old Dominion,2021,22285,
219,Old Dominion,2021,25836,
219,Old Dominion,2021,26282,
219,Old Dominion,2021,27875,1997-10-17
219,Old Dominion,2021,27876,
219,Old Dominion,2021,27877,
219,Old Dominion,2021,31610,
219,Old Dominion,2021,31611,
89,Florida International,2021,6930,
89,Florida International,2021,7410,
89,Florida International,2021,16678,
89,Florida International,2021,20293,
89,Florida International,2021,22288,
89,Florida International,2021,25821,
89,Florida International,2021,26279,
89,Florida International,2021,26308,
89,Florida International,2021,26309,
89,Florida International,2021,26311,
89,Florida International,2021,31886,
89,Florida International,2021,31887,
89,Florida International,2021,31888,
89,Florida International,2021,31889,
89,Florida International,2021,31890,
89,Florida International,2021,31891,
86,Florida Atlantic,2021,500,
86,Florida Atlantic,2021,5113,
86,Florida Atlantic,2021,7823,
86,Florida Atlantic,2021,8458,
86,Florida Atlantic,2021,17483,2001-05-30
86,Florida Atlantic,2021,17489,
86,Florida Atlantic,2021,17492,
86,Florida Atlantic,2021,20536,
86,Florida Atlantic,2021,20898,
86,Florida Atlantic,2021,21577,
86,Florida Atlantic,2021,21747,
86,Florida Atlantic,2021,28031,
86,Florida Atlantic,2021,28032,
86,Florida Atlantic,2021,31951,
86,Florida Atlantic,2021,32832,
328,UTSA,2021,895,
328,UTSA,2021,16325,
328,UTSA,2021,21488,
328,UTSA,2021,21489,
328,UTSA,2021,27012,
328,UTSA,2021,27437,
328,UTSA,2021,27439,
328,UTSA,2021,27440,
328,UTSA,2021,27441,
328,UTSA,2021,27535,
328,UTSA,2021,32347,1999-02-26
328,UTSA,2021,32348,
328,UTSA,2021,32349,
328,UTSA,2021,335,
69,Detroit Mercy,2021,1735,
69,Detroit Mercy,2021,3420,
69,Detroit Mercy,2021,16039,
69,Detroit Mercy,2021,16043,
69,Detroit Mercy,2021,20611,2000-02-21
69,Detroit Mercy,2021,22258,1998-10-03
69,Detroit Mercy,2021,22259,
69,Detroit Mercy,2021,28041,
69,Detroit Mercy,2021,28043,
69,Detroit Mercy,2021,32870,
69,Detroit Mercy,2021,32871,
69,Detroit Mercy,2021,32872,
69,Detroit Mercy,2021,32873,
69,Detroit Mercy,2021,32874,
69,Detroit Mercy,2021,32875,
69,Detroit Mercy,2021,32876,
357,Wright State,2021,547,
357,Wright State,2021,550,
357,Wright State,2021,557,
357,Wright State,2021,17866,
357,Wright State,2021,21960,
357,Wright State,2021,22344,
357,Wright State,2021,22348,
357,Wright State,2021,17865,2000-04-06
357,Wright State,2021,25838,
357,Wright State,2021,26216,
357,Wright State,2021,26218,
357,Wright State,2021,32833,1998-04-21
357,Wright State,2021,32834,
105,Green Bay,2021,3668,
105,Green Bay,2021,6749,
105,Green Bay,2021,15572,
105,Green Bay,2021,16095,
105,Green Bay,2021,20065,
105,Green Bay,2021,21550,
105,Green Bay,2021,22343,
105,Green Bay,2021,25970,
105,Green Bay,2021,26967,
105,Green Bay,2021,26968,
105,Green Bay,2021,27557,
105,Green Bay,2021,29449,
105,Green Bay,2021,31935,
105,Green Bay,2021,31936,
105,Green Bay,2021,31937,
105,Green Bay,2021,32618,
172,Milwaukee,2021,1979,
172,Milwaukee,2021,15407,
172,Milwaukee,2021,16917,
172,Milwaukee,2021,20162,1999-05-26
172,Milwaukee,2021,21565,
172,Milwaukee,2021,22183,
172,Milwaukee,2021,22347,
172,Milwaukee,2021,26577,
172,Milwaukee,2021,27302,
172,Milwaukee,2021,27304,
172,Milwaukee,2021,27305,
172,Milwaukee,2021,27309,
172,Milwaukee,2021,27310,
172,Milwaukee,2021,27733,
172,Milwaukee,2021,33371,
172,Milwaukee,2021,33372,
53,Cleveland State,2021,681,
53,Cleveland State,2021,1723,
53,Cleveland State,2021,2508,
53,Cleveland State,2021,16203,
53,Cleveland State,2021,19964,
53,Cleveland State,2021,20628,
53,Cleveland State,2021,20631,
53,Cleveland State,2021,21566,1998-12-20
53,Cleveland State,2021,21567,
53,Cleveland State,2021,21569,
53,Cleveland State,2021,21718,
53,Cleveland State,2021,27725,
53,Cleveland State,2021,27728,
53,Cleveland State,2021,27729,
53,Cleveland State,2021,27730,
53,Cleveland State,2021,27731,
53,Cleveland State,2021,32640,
315,UIC,2021,15164,
315,UIC,2021,15624,
315,UIC,2021,16537,
315,UIC,2021,16959,
315,UIC,2021,21575,
315,UIC,2021,22201,
315,UIC,2021,26404,
315,UIC,2021,26405,
315,UIC,2021,26406,
315,UIC,2021,26411,
315,UIC,2021,26412,
315,UIC,2021,32005,
315,UIC,2021,32006,
315,UIC,2021,32007,
315,UIC,2021,32008,
315,UIC,2021,32009,
361,Youngstown State,2021,3203,
361,Youngstown State,2021,5165,
361,Youngstown State,2021,20965,
361,Youngstown State,2021,20967,
361,Youngstown State,2021,20968,
361,Youngstown State,2021,21097,
361,Youngstown State,2021,24901,
361,Youngstown State,2021,26476,
361,Youngstown State,2021,27999,
361,Youngstown State,2021,28001,
361,Youngstown State,2021,28005,
361,Youngstown State,2021,29580,
361,Youngstown State,2021,33217,
361,Youngstown State,2021,33218,
361,Youngstown State,2021,33219,
361,Youngstown State,2021,33220,
214,Oakland,2021,266,
214,Oakland,2021,419,
214,Oakland,2021,4874,
214,Oakland,2021,7786,
214,Oakland,2021,16060,
214,Oakland,2021,16426,
214,Oakland,2021,17018,
214,Oakland,2021,18955,
214,Oakland,2021,20001,
214,Oakland,2021,20156,
214,Oakland,2021,26273,
214,Oakland,2021,30041,1998-04-27
214,Oakland,2021,31488,
210,Northern Kentucky,2021,3091,
210,Northern Kentucky,2021,3102,
210,Northern Kentucky,2021,5502,
210,Northern Kentucky,2021,10277,
210,Northern Kentucky,2021,16803,
210,Northern Kentucky,2021,19308,
210,Northern Kentucky,2021,20613,
210,Northern Kentucky,2021,20615,
210,Northern Kentucky,2021,20961,
210,Northern Kentucky,2021,26057,
210,Northern Kentucky,2021,26059,
210,Northern Kentucky,2021,26576,
210,Northern Kentucky,2021,31781,
210,Northern Kentucky,2021,31782,
237,Purdue Fort Wayne,2021,627,
237,Purdue Fort Wayne,2021,1666,
237,Purdue Fort Wayne,2021,20040,
237,Purdue Fort Wayne,2021,20041,
237,Purdue Fort Wayne,2021,20042,
237,Purdue Fort Wayne,2021,20047,
237,Purdue Fort Wayne,2021,20397,
237,Purdue Fort Wayne,2021,26692,
237,Purdue Fort Wayne,2021,26694,
237,Purdue Fort Wayne,2021,31963,
237,Purdue Fort Wayne,2021,31964,
237,Purdue Fort Wayne,2021,31965,
237,Purdue Fort Wayne,2021,31966,
237,Purdue Fort Wayne,2021,31967,
115,IU Indianapolis,2021,16982,
115,IU Indianapolis,2021,17336,
115,IU Indianapolis,2021,17337,
115,IU Indianapolis,2021,21531,
115,IU Indianapolis,2021,21532,
115,IU Indianapolis,2021,25995,
115,IU Indianapolis,2021,25996,
115,IU Indianapolis,2021,25997,
115,IU Indianapolis,2021,26952,
115,IU Indianapolis,2021,29203,
115,IU Indianapolis,2021,33432,
115,IU Indianapolis,2021,33433,1997-09-27
115,IU Indianapolis,2021,33434,
115,IU Indianapolis,2021,33435,
115,IU Indianapolis,2021,33436,
115,IU Indianapolis,2021,33437,
244,Robert Morris,2021,2300,
244,Robert Morris,2021,2922,
244,Robert Morris,2021,4714,
244,Robert Morris,2021,6674,
244,Robert Morris,2021,17021,
244,Robert Morris,2021,20126,
244,Robert Morris,2021,20817,
244,Robert Morris,2021,20936,
244,Robert Morris,2021,22769,
244,Robert Morris,2021,27694,
244,Robert Morris,2021,33014,
244,Robert Morris,2021,33015,
244,Robert Morris,2021,33016,
244,Robert Morris,2021,33017,
244,Robert Morris,2021,33018,
234,Princeton,2021,2221,
234,Princeton,2021,16263,
234,Princeton,2021,16717,
234,Princeton,2021,17393,
234,Princeton,2021,19898,
234,Princeton,2021,20994,2001-02-16
234,Princeton,2021,20997,
234,Princeton,2021,21036,
234,Princeton,2021,21730,
234,Princeton,2021,26147,
234,Princeton,2021,26148,
227,Pennsylvania,2021,15453,
227,Pennsylvania,2021,15870,
227,Pennsylvania,2021,15975,
227,Pennsylvania,2021,17235,
227,Pennsylvania,2021,17312,
227,Pennsylvania,2021,20697,
227,Pennsylvania,2021,20698,
227,Pennsylvania,2021,27843,
227,Pennsylvania,2021,27844,
227,Pennsylvania,2021,27845,
360,Yale,2021,15896,
360,Yale,2021,16672,
360,Yale,2021,18199,
360,Yale,2021,20693,
360,Yale,2021,20694,
360,Yale,2021,20695,
360,Yale,2021,21731,
360,Yale,2021,26372,
360,Yale,2021,26373,
360,Yale,2021,26374,
58,Columbia,2021,41,
58,Columbia,2021,16934,
58,Columbia,2021,20655,
58,Columbia,2021,20801,
58,Columbia,2021,20802,
58,Columbia,2021,27423,
58,Columbia,2021,27425,
58,Columbia,2021,27426,
60,Cornell,2021,17302,
60,Cornell,2021,17324,
60,Cornell,2021,17494,
60,Cornell,2021,19866,
60,Cornell,2021,20560,
60,Cornell,2021,21611,
60,Cornell,2021,26748,
60,Cornell,2021,26749,
60,Cornell,2021,26750,
62,Dartmouth,2021,20013,
62,Dartmouth,2021,21091,
62,Dartmouth,2021,21092,
62,Dartmouth,2021,21093,
62,Dartmouth,2021,21094,
62,Dartmouth,2021,21095,
62,Dartmouth,2021,21928,
62,Dartmouth,2021,27222,
62,Dartmouth,2021,27223,
107,Harvard,2021,15404,
107,Harvard,2021,16050,
107,Harvard,2021,16449,
107,Harvard,2021,17308,
107,Harvard,2021,19897,
107,Harvard,2021,20130,
107,Harvard,2021,26381,1999-12-27
107,Harvard,2021,26382,
107,Harvard,2021,26383,
30,Brown,2021,15988,
30,Brown,2021,16189,
30,Brown,2021,17791,
30,Brown,2021,20704,
30,Brown,2021,22068,
30,Brown,2021,26400,1998-07-17
30,Brown,2021,26402,
123,Iona,2021,3334,
123,Iona,2021,6435,
123,Iona,2021,7015,
123,Iona,2021,15151,
123,Iona,2021,16053,
123,Iona,2021,16656,
123,Iona,2021,17031,
123,Iona,2021,20699,
123,Iona,2021,20701,
123,Iona,2021,20702,
123,Iona,2021,21495,
123,Iona,2021,26533,
123,Iona,2021,26534,
123,Iona,2021,26535,
123,Iona,2021,27976,
123,Iona,2021,32612,1996-10-24
123,Iona,2021,32613,1997-01-20
254,Saint Peter's,2021,1840,
254,Saint Peter's,2021,2660,
254,Saint Peter's,2021,6145,
254,Saint Peter's,2021,15832,
254,Saint Peter's,2021,15833,
254,Saint Peter's,2021,16115,
254,Saint Peter's,2021,16196,
254,Saint Peter's,2021,16248,
254,Saint Peter's,2021,22432,2000-03-01
254,Saint Peter's,2021,32016,
254,Saint Peter's,2021,32017,
254,Saint Peter's,2021,32018,
254,Saint Peter's,2021,16148,
83,Fairfield,2021,5451,
83,Fairfield,2021,7250,
83,Fairfield,2021,16659,
83,Fairfield,2021,17299,
83,Fairfield,2021,21088,
83,Fairfield,2021,21585,
83,Fairfield,2021,21586,
83,Fairfield,2021,21587,
83,Fairfield,2021,21588,
83,Fairfield,2021,21589,
83,Fairfield,2021,26503,
83,Fairfield,2021,26504,
83,Fairfield,2021,26505,
83,Fairfield,2021,26506,
83,Fairfield,2021,26507,
83,Fairfield,2021,31625,
155,Manhattan,2021,14405,
155,Manhattan,2021,15289,
155,Manhattan,2021,15291,
155,Manhattan,2021,16072,
155,Manhattan,2021,16262,
155,Manhattan,2021,20633,
155,Manhattan,2021,20634,
155,Manhattan,2021,20636,
155,Manhattan,2021,20637,
155,Manhattan,2021,20638,
155,Manhattan,2021,20992,
155,Manhattan,2021,25884,
155,Manhattan,2021,25885,
155,Manhattan,2021,25886,
155,Manhattan,2021,33359,
155,Manhattan,2021,33360,
155,Manhattan,2021,33361,
155,Manhattan,2021,33362,
264,Siena,2021,1110,
264,Siena,2021,15815,
264,Siena,2021,16161,
264,Siena,2021,16916,
264,Siena,2021,20523,
264,Siena,2021,20811,1999-10-22
264,Siena,2021,20958,
264,Siena,2021,25848,
264,Siena,2021,25849,
264,Siena,2021,34183,
264,Siena,2021,34184,1999-05-18
264,Siena,2021,34185,
264,Siena,2021,34186,
264,Siena,2021,34187,
264,Siena,2021,34188,
194,Niagara,2021,5281,
194,Niagara,2021,16027,
194,Niagara,2021,20830,
194,Niagara,2021,22666,
194,Niagara,2021,26763,
194,Niagara,2021,26764,
194,Niagara,2021,26765,
194,Niagara,2021,26766,
194,Niagara,2021,26767,
194,Niagara,2021,26768,
194,Niagara,2021,26769,
194,Niagara,2021,32839,
194,Niagara,2021,32840,
194,Niagara,2021,32841,
194,Niagara,2021,32842,
42,Canisius,2021,2247,
42,Canisius,2021,9619,
42,Canisius,2021,15451,
42,Canisius,2021,16713,
42,Canisius,2021,20577,
42,Canisius,2021,20962,
42,Canisius,2021,20970,
42,Canisius,2021,20971,
42,Canisius,2021,26755,
42,Canisius,2021,26757,
42,Canisius,2021,28008,
42,Canisius,2021,33363,
42,Canisius,2021,33364,
243,Rider,2021,3552,
243,Rider,2021,4115,
243,Rider,2021,4530,
243,Rider,2021,4533,
243,Rider,2021,4548,
243,Rider,2021,10914,
243,Rider,2021,15817,
243,Rider,2021,21940,
243,Rider,2021,22227,
243,Rider,2021,22228,
243,Rider,2021,26516,
243,Rider,2021,26517,
243,Rider,2021,26519,
243,Rider,2021,29744,
243,Rider,2021,33019,
243,Rider,2021,33020,
156,Marist,2021,6840,
156,Marist,2021,7528,
156,Marist,2021,8346,
156,Marist,2021,19843,
156,Marist,2021,20105,
156,Marist,2021,20485,
156,Marist,2021,20942,
156,Marist,2021,22368,
156,Marist,2021,25732,
156,Marist,2021,26991,
156,Marist,2021,27337,
156,Marist,2021,27339,
156,Marist,2021,32992,
156,Marist,2021,32993,
238,Quinnipiac,2021,4112,
238,Quinnipiac,2021,4808,
238,Quinnipiac,2021,7784,
238,Quinnipiac,2021,16033,
238,Quinnipiac,2021,16316,
238,Quinnipiac,2021,16317,
238,Quinnipiac,2021,16676,
238,Quinnipiac,2021,16838,
238,Quinnipiac,2021,20656,
238,Quinnipiac,2021,25829,
238,Quinnipiac,2021,25831,
238,Quinnipiac,2021,25832,
238,Quinnipiac,2021,31743,
238,Quinnipiac,2021,31744,
178,Monmouth,2021,454,
178,Monmouth,2021,3454,
178,Monmouth,2021,15953,
178,Monmouth,2021,16037,
178,Monmouth,2021,20102,
178,Monmouth,2021,22429,
178,Monmouth,2021,22431,
178,Monmouth,2021,26494,
178,Monmouth,2021,26495,
178,Monmouth,2021,26497,
178,Monmouth,2021,26498,
178,Monmouth,2021,26988,
178,Monmouth,2021,33615,
178,Monmouth,2021,33616,
178,Monmouth,2021,33617,
215,Ohio,2021,86,
215,Ohio,2021,2507,
215,Ohio,2021,4928,
215,Ohio,2021,16905,
215,Ohio,2021,17591,
215,Ohio,2021,20008,
215,Ohio,2021,20859,
215,Ohio,2021,21033,
215,Ohio,2021,21035,
215,Ohio,2021,21414,
215,Ohio,2021,26191,
215,Ohio,2021,26193,
215,Ohio,2021,26194,
215,Ohio,2021,31760,1999-08-10
215,Ohio,2021,31761,
300,Toledo,2021,7246,
300,Toledo,2021,16985,
300,Toledo,2021,20338,1999-06-28
300,Toledo,2021,20339,
300,Toledo,2021,20340,
300,Toledo,2021,26358,
300,Toledo,2021,26549,2002-07-03
300,Toledo,2021,26550,
300,Toledo,2021,27659,
300,Toledo,2021,27895,
300,Toledo,2021,31645,1998-05-29
300,Toledo,2021,31646,
300,Toledo,2021,31647,
167,Miami (OH),2021,15831,
167,Miami (OH),2021,21666,
167,Miami (OH),2021,21667,
167,Miami (OH),2021,21671,
167,Miami (OH),2021,21819,
167,Miami (OH),2021,26600,
167,Miami (OH),2021,26601,
167,Miami (OH),2021,26602,
167,Miami (OH),2021,26603,
167,Miami (OH),2021,26604,
167,Miami (OH),2021,26605,
167,Miami (OH),2021,26606,
167,Miami (OH),2021,29633,
167,Miami (OH),2021,31526,
167,Miami (OH),2021,31527,
167,Miami (OH),2021,31528,
134,Kent State,2021,2650,
134,Kent State,2021,4834,
134,Kent State,2021,15711,
134,Kent State,2021,20103,
134,Kent State,2021,20608,
134,Kent State,2021,20714,
134,Kent State,2021,20973,
134,Kent State,2021,28076,
134,Kent State,2021,28315,
134,Kent State,2021,28316,1999-03-29
134,Kent State,2021,28319,
134,Kent State,2021,32699,
134,Kent State,2021,32700,
134,Kent State,2021,32701,
134,Kent State,2021,32702,
353,William & Mary,2021,384,
353,William & Mary,2021,1263,
353,William & Mary,2021,2333,
353,William & Mary,2021,6503,
353,William & Mary,2021,15843,
353,William & Mary,2021,16216,
353,William & Mary,2021,27035,
353,William & Mary,2021,27905,
353,William & Mary,2021,27906,
353,William & Mary,2021,27907,
353,William & Mary,2021,27908,
353,William & Mary,2021,27909,
353,William & Mary,2021,32501,
353,William & Mary,2021,32502,
28,Bowling Green,2021,1094,
28,Bowling Green,2021,15366,
28,Bowling Green,2021,16664,
28,Bowling Green,2021,16857,
28,Bowling Green,2021,19351,
28,Bowling Green,2021,20357,
28,Bowling Green,2021,20492,
28,Bowling Green,2021,20717,
28,Bowling Green,2021,20719,
28,Bowling Green,2021,26775,
28,Bowling Green,2021,26776,1998-08-29
28,Bowling Green,2021,26779,
28,Bowling Green,2021,31410,
28,Bowling Green,2021,31411,1998-03-12
351,Western Michigan,2021,8151,
351,Western Michigan,2021,15450,
351,Western Michigan,2021,16013,
351,Western Michigan,2021,17204,
351,Western Michigan,2021,20786,
351,Western Michigan,2021,20833,
351,Western Michigan,2021,27937,
351,Western Michigan,2021,27939,
351,Western Michigan,2021,27940,
351,Western Michigan,2021,28011,
351,Western Michigan,2021,31790,
351,Western Michigan,2021,31791,
351,Western Michigan,2021,31792,
351,Western Michigan,2021,31793,
351,Western Michigan,2021,31794,
19,Ball State,2021,2652,
19,Ball State,2021,3408,
19,Ball State,2021,15981,
19,Ball State,2021,20607,
19,Ball State,2021,21536,
19,Ball State,2021,25808,
19,Ball State,2021,26349,
19,Ball State,2021,26537,
19,Ball State,2021,26538,
19,Ball State,2021,26539,
19,Ball State,2021,26540,
19,Ball State,2021,26541,
19,Ball State,2021,26542,
19,Ball State,2021,31780,
19,Ball State,2021,16699,
79,Eastern Michigan,2021,15825,
79,Eastern Michigan,2021,16614,
79,Eastern Michigan,2021,20674,
79,Eastern Michigan,2021,20959,
79,Eastern Michigan,2021,20963,
79,Eastern Michigan,2021,24737,
79,Eastern Michigan,2021,25975,
79,Eastern Michigan,2021,25976,
79,Eastern Michigan,2021,25979,
79,Eastern Michigan,2021,26002,
79,Eastern Michigan,2021,31364,
79,Eastern Michigan,2021,31365,
79,Eastern Michigan,2021,31366,
79,Eastern Michigan,2021,31367,
45,Central Michigan,2021,16062,
45,Central Michigan,2021,19983,
45,Central Michigan,2021,22659,
45,Central Michigan,2021,26274,
45,Central Michigan,2021,27350,
45,Central Michigan,2021,27352,
45,Central Michigan,2021,27511,
45,Central Michigan,2021,32492,
45,Central Michigan,2021,32493,
45,Central Michigan,2021,32494,
45,Central Michigan,2021,32495,
45,Central Michigan,2021,32496,
45,Central Michigan,2021,32497,
45,Central Michigan,2021,32498,
45,Central Michigan,2021,32499,
45,Central Michigan,2021,32500,
3,Akron,2021,464,
3,Akron,2021,1876,
3,Akron,2021,15226,
3,Akron,2021,16965,2000-07-29
3,Akron,2021,16967,
3,Akron,2021,20351,
3,Akron,2021,21392,
3,Akron,2021,22407,
3,Akron,2021,16969,
3,Akron,2021,25809,
3,Akron,2021,33460,
3,Akron,2021,33461,
3,Akron,2021,33462,
3,Akron,2021,33463,
3,Akron,2021,33464,
3,Akron,2021,33465,
33,Buffalo,2021,5388,
33,Buffalo,2021,15263,
33,Buffalo,2021,16504,
33,Buffalo,2021,19942,
33,Buffalo,2021,21716,
33,Buffalo,2021,21953,
33,Buffalo,2021,27536,
33,Buffalo,2021,27827,1999-02-12
33,Buffalo,2021,27828,
33,Buffalo,2021,27829,1999-09-16
33,Buffalo,2021,27831,
33,Buffalo,2021,27832,
33,Buffalo,2021,27833,
33,Buffalo,2021,27834,
33,Buffalo,2021,32354,1998-12-29
33,Buffalo,2021,32355,
267,South Carolina State,2021,78,
267,South Carolina State,2021,2945,
267,South Carolina State,2021,3013,
267,South Carolina State,2021,7846,
267,South Carolina State,2021,22166,
267,South Carolina State,2021,22290,
267,South Carolina State,2021,25094,
267,South Carolina State,2021,26318,
267,South Carolina State,2021,26320,
267,South Carolina State,2021,26321,
267,South Carolina State,2021,26323,
267,South Carolina State,2021,31279,
267,South Carolina State,2021,31605,
267,South Carolina State,2021,31606,
267,South Carolina State,2021,31607,
267,South Carolina State,2021,31608,
267,South Carolina State,2021,31609,
198,North Carolina A&T,2021,5657,
198,North Carolina A&T,2021,9836,
198,North Carolina A&T,2021,15207,
198,North Carolina A&T,2021,16076,
198,North Carolina A&T,2021,16078,
198,North Carolina A&T,2021,20396,
198,North Carolina A&T,2021,20400,
198,North Carolina A&T,2021,20401,
198,North Carolina A&T,2021,20402,
198,North Carolina A&T,2021,22148,
198,North Carolina A&T,2021,24214,
198,North Carolina A&T,2021,25248,
198,North Carolina A&T,2021,26220,
198,North Carolina A&T,2021,26222,
198,North Carolina A&T,2021,26224,
198,North Carolina A&T,2021,26225,
198,North Carolina A&T,2021,31357,
198,North Carolina A&T,2021,31358,
198,North Carolina A&T,2021,31359,
114,Howard,2021,1123,
114,Howard,2021,3176,
114,Howard,2021,15127,
114,Howard,2021,15860,
114,Howard,2021,19868,
114,Howard,2021,26080,
114,Howard,2021,26081,1997-05-27
114,Howard,2021,28604,
114,Howard,2021,32270,2000-11-04
114,Howard,2021,32271,
114,Howard,2021,32272,
114,Howard,2021,32273,
114,Howard,2021,32274,
114,Howard,2021,32275,
114,Howard,2021,32276,1999-05-26
67,Delaware State,2021,5690,
67,Delaware State,2021,21955,
67,Delaware State,2021,26098,
67,Delaware State,2021,26207,
67,Delaware State,2021,26208,
67,Delaware State,2021,26209,
67,Delaware State,2021,26210,
67,Delaware State,2021,26211,
67,Delaware State,2021,26212,
67,Delaware State,2021,26214,
67,Delaware State,2021,26215,
67,Delaware State,2021,30591,
67,Delaware State,2021,31702,
67,Delaware State,2021,31703,
67,Delaware State,2021,34812,
59,Coppin State,2021,6872,
59,Coppin State,2021,14597,
59,Coppin State,2021,16556,
59,Coppin State,2021,19841,
59,Coppin State,2021,20183,
59,Coppin State,2021,20490,
59,Coppin State,2021,21578,
59,Coppin State,2021,22592,
59,Coppin State,2021,27204,
59,Coppin State,2021,27461,
59,Coppin State,2021,32422,
59,Coppin State,2021,32423,1997-05-27
59,Coppin State,2021,32424,
59,Coppin State,2021,32425,
59,Coppin State,2021,32960,
182,Morgan State,2021,5738,
182,Morgan State,2021,20468,
182,Morgan State,2021,21149,
182,Morgan State,2021,21150,
182,Morgan State,2021,24594,
182,Morgan State,2021,25943,
182,Morgan State,2021,25944,
182,Morgan State,2021,25945,
182,Morgan State,2021,25946,
182,Morgan State,2021,25948,
182,Morgan State,2021,25950,
182,Morgan State,2021,31479,1996-03-05
182,Morgan State,2021,31480,
182,Morgan State,2021,31481,
182,Morgan State,2021,31482,
182,Morgan State,2021,31483,
182,Morgan State,2021,31484,
182,Morgan State,2021,31485,
182,Morgan State,2021,31486,
196,Norfolk State,2021,15304,
196,Norfolk State,2021,15803,
196,Norfolk State,2021,15806,
196,Norfolk State,2021,15807,
196,Norfolk State,2021,15809,
196,Norfolk State,2021,21123,
196,Norfolk State,2021,21124,
196,Norfolk State,2021,21126,
196,Norfolk State,2021,26941,
196,Norfolk State,2021,29063,
196,Norfolk State,2021,32311,
196,Norfolk State,2021,32312,
196,Norfolk State,2021,32313,
196,Norfolk State,2021,32314,
159,Maryland Eastern Shore,2021,15877,
159,Maryland Eastern Shore,2021,16005,
159,Maryland Eastern Shore,2021,20580,
199,North Carolina Central,2021,81,
199,North Carolina Central,2021,17189,
199,North Carolina Central,2021,20004,
199,North Carolina Central,2021,20972,
199,North Carolina Central,2021,26219,
199,North Carolina Central,2021,26336,
199,North Carolina Central,2021,27145,
199,North Carolina Central,2021,27699,
199,North Carolina Central,2021,27874,1997-02-06
199,North Carolina Central,2021,31690,
199,North Carolina Central,2021,31691,
199,North Carolina Central,2021,31692,
199,North Carolina Central,2021,31693,
199,North Carolina Central,2021,33072,
199,North Carolina Central,2021,33073,
273,Southern Illinois,2021,952,
273,Southern Illinois,2021,4593,
273,Southern Illinois,2021,15235,
273,Southern Illinois,2021,15419,1998-08-30
273,Southern Illinois,2021,16380,
273,Southern Illinois,2021,16382,
273,Southern Illinois,2021,17404,
273,Southern Illinois,2021,21268,
273,Southern Illinois,2021,25913,
273,Southern Illinois,2021,25952,
273,Southern Illinois,2021,25953,
273,Southern Illinois,2021,25955,
273,Southern Illinois,2021,32719,
273,Southern Illinois,2021,32720,
119,Illinois State,2021,5569,
119,Illinois State,2021,5687,
119,Illinois State,2021,15339,2000-11-20
119,Illinois State,2021,15835,
119,Illinois State,2021,15971,2000-10-31
119,Illinois State,2021,16232,1998-01-01
119,Illinois State,2021,16394,
119,Illinois State,2021,16651,
119,Illinois State,2021,16652,
119,Illinois State,2021,17038,
119,Illinois State,2021,21244,
119,Illinois State,2021,21245,
119,Illinois State,2021,21857,
119,Illinois State,2021,22435,
119,Illinois State,2021,26974,
122,Indiana State,2021,440,
122,Indiana State,2021,5381,
122,Indiana State,2021,5386,
122,Indiana State,2021,13619,
122,Indiana State,2021,15834,
122,Indiana State,2021,17343,
122,Indiana State,2021,19936,1998-10-29
122,Indiana State,2021,20362,
122,Indiana State,2021,20366,
122,Indiana State,2021,27912,2001-11-03
122,Indiana State,2021,33126,
122,Indiana State,2021,33127,
122,Indiana State,2021,33128,
122,Indiana State,2021,33129,
122,Indiana State,2021,26337,
209,Northern Iowa,2021,155,
209,Northern Iowa,2021,5327,
209,Northern Iowa,2021,6721,
209,Northern Iowa,2021,6755,
209,Northern Iowa,2021,6794,
209,Northern Iowa,2021,16433,
209,Northern Iowa,2021,17355,
209,Northern Iowa,2021,21639,
209,Northern Iowa,2021,21640,
209,Northern Iowa,2021,21641,
209,Northern Iowa,2021,26943,1999-09-27
209,Northern Iowa,2021,26944,
209,Northern Iowa,2021,26945,
209,Northern Iowa,2021,26946,
209,Northern Iowa,2021,31749,
209,Northern Iowa,2021,31750,
82,Evansville,2021,4551,
82,Evansville,2021,16495,
82,Evansville,2021,19940,
82,Evansville,2021,20716,
82,Evansville,2021,21267,
82,Evansville,2021,21378,
82,Evansville,2021,26329,
82,Evansville,2021,26330,
82,Evansville,2021,26331,
82,Evansville,2021,31724,
82,Evansville,2021,31725,
82,Evansville,2021,31726,
82,Evansville,2021,31727,
82,Evansville,2021,31728,
151,Loyola Chicago,2021,5323,
151,Loyola Chicago,2021,6342,
151,Loyola Chicago,2021,15378,
151,Loyola Chicago,2021,16960,
151,Loyola Chicago,2021,17495,
151,Loyola Chicago,2021,17497,
151,Loyola Chicago,2021,21218,
151,Loyola Chicago,2021,21714,
151,Loyola Chicago,2021,22255,
151,Loyola Chicago,2021,27205,
151,Loyola Chicago,2021,27206,1999-01-28
151,Loyola Chicago,2021,27207,
151,Loyola Chicago,2021,27210,
151,Loyola Chicago,2021,27211,
151,Loyola Chicago,2021,33048,
151,Loyola Chicago,2021,33049,
151,Loyola Chicago,2021,33050,
335,Valparaiso,2021,5526,
335,Valparaiso,2021,6085,
335,Valparaiso,2021,16114,
335,Valparaiso,2021,16439,
335,Valparaiso,2021,17361,
335,Valparaiso,2021,20212,
335,Valparaiso,2021,20334,
335,Valparaiso,2021,20336,
335,Valparaiso,2021,26556,1997-11-07
335,Valparaiso,2021,26557,
335,Valparaiso,2021,26558,
335,Valparaiso,2021,26780,1998-09-08
335,Valparaiso,2021,27938,
335,Valparaiso,2021,32392,
335,Valparaiso,2021,32393,
335,Valparaiso,2021,32394,
335,Valparaiso,2021,32395,
257,San Diego State,2021,564,
257,San Diego State,2021,10785,
257,San Diego State,2021,10809,
257,San Diego State,2021,15285,2001-06-23
257,San Diego State,2021,15352,
257,San Diego State,2021,17163,
257,San Diego State,2021,20020,1998-04-09
257,San Diego State,2021,20022,
257,San Diego State,2021,20023,1998-02-27
257,San Diego State,2021,22184,
257,San Diego State,2021,27681,
257,San Diego State,2021,27683,
257,San Diego State,2021,27684,
257,San Diego State,2021,27686,
257,San Diego State,2021,31401,1999-03-18
257,San Diego State,2021,31402,1998-06-13
257,San Diego State,2021,31403,
322,UNLV,2021,1304,
322,UNLV,2021,1465,
322,UNLV,2021,7033,
322,UNLV,2021,7292,
322,UNLV,2021,16034,
322,UNLV,2021,17083,
322,UNLV,2021,17187,1999-05-03
322,UNLV,2021,19867,
322,UNLV,2021,21661,
322,UNLV,2021,22237,
322,UNLV,2021,27897,
322,UNLV,2021,28075,2000-11-10
322,UNLV,2021,28078,
322,UNLV,2021,32187,
322,UNLV,2021,5498,
191,New Mexico,2021,1810,
191,New Mexico,2021,3798,
191,New Mexico,2021,7163,
191,New Mexico,2021,12113,
191,New Mexico,2021,19973,
191,New Mexico,2021,20790,
191,New Mexico,2021,22058,
191,New Mexico,2021,25920,2000-12-08
191,New Mexico,2021,25949,
191,New Mexico,2021,28034,
191,New Mexico,2021,28035,
191,New Mexico,2021,28036,
191,New Mexico,2021,28037,
191,New Mexico,2021,33521,
191,New Mexico,2021,33522,
191,New Mexico,2021,33523,
191,New Mexico,2021,33524,
191,New Mexico,2021,33525,
57,Colorado State,2021,5391,
57,Colorado State,2021,5420,
57,Colorado State,2021,8332,
57,Colorado State,2021,17037,2000-11-01
57,Colorado State,2021,17395,
57,Colorado State,2021,21918,
57,Colorado State,2021,21919,
57,Colorado State,2021,21920,
57,Colorado State,2021,22149,
57,Colorado State,2021,22406,
57,Colorado State,2021,27633,
57,Colorado State,2021,27634,2001-03-27
358,Wyoming,2021,171,
358,Wyoming,2021,5123,
358,Wyoming,2021,6748,
358,Wyoming,2021,7059,
358,Wyoming,2021,7708,
358,Wyoming,2021,15983,
358,Wyoming,2021,16852,
358,Wyoming,2021,17383,
358,Wyoming,2021,21849,
358,Wyoming,2021,21850,1999-03-24
358,Wyoming,2021,26018,
358,Wyoming,2021,28046,1999-01-22
358,Wyoming,2021,34182,
2,Air Force,2021,388,
2,Air Force,2021,16214,
2,Air Force,2021,16450,
2,Air Force,2021,20710,
2,Air Force,2021,20712,
2,Air Force,2021,26973,
2,Air Force,2021,28098,
2,Air Force,2021,28100,
2,Air Force,2021,28101,
2,Air Force,2021,28102,
2,Air Force,2021,28103,
2,Air Force,2021,28104,
2,Air Force,2021,28105,
2,Air Force,2021,28106,
2,Air Force,2021,32471,
2,Air Force,2021,32472,
2,Air Force,2021,32473,
2,Air Force,2021,32474,
2,Air Force,2021,32475,
2,Air Force,2021,32476,
25,Boise State,2021,3421,
25,Boise State,2021,6927,
25,Boise State,2021,16371,
25,Boise State,2021,16374,
25,Boise State,2021,17224,2001-03-30
25,Boise State,2021,17430,
25,Boise State,2021,17434,
25,Boise State,2021,22437,
25,Boise State,2021,22438,
25,Boise State,2021,22439,
25,Boise State,2021,22607,
25,Boise State,2021,27551,
25,Boise State,2021,27549,
25,Boise State,2021,27550,1998-11-03
25,Boise State,2021,32337,1997-09-17
189,Nevada,2021,3755,
189,Nevada,2021,4645,
189,Nevada,2021,7058,
189,Nevada,2021,7062,
189,Nevada,2021,7065,
189,Nevada,2021,7421,
189,Nevada,2021,16576,
189,Nevada,2021,16860,
189,Nevada,2021,17596,2000-03-03
189,Nevada,2021,20796,1998-12-30
189,Nevada,2021,21528,1999-10-29
189,Nevada,2021,22209,
189,Nevada,2021,26740,
189,Nevada,2021,31631,
189,Nevada,2021,31632,
189,Nevada,2021,31633,
329,Utah State,2021,2473,
329,Utah State,2021,3481,
329,Utah State,2021,5579,
329,Utah State,2021,7808,
329,Utah State,2021,8133,
329,Utah State,2021,15762,
329,Utah State,2021,15929,
329,Utah State,2021,16113,
329,Utah State,2021,22205,
329,Utah State,2021,27610,1996-11-17
329,Utah State,2021,27611,
329,Utah State,2021,27613,
329,Utah State,2021,27951,
329,Utah State,2021,28056,
329,Utah State,2021,32181,1999-07-13
329,Utah State,2021,32182,
92,Fresno State,2021,3254,
92,Fresno State,2021,5578,
92,Fresno State,2021,17004,
92,Fresno State,2021,17117,
92,Fresno State,2021,17190,
92,Fresno State,2021,17437,
92,Fresno State,2021,20108,
92,Fresno State,2021,21986,
92,Fresno State,2021,22185,
92,Fresno State,2021,26821,
92,Fresno State,2021,26908,
92,Fresno State,2021,27444,
92,Fresno State,2021,27696,2000-07-10
92,Fresno State,2021,31789,
260,San José State,2021,15156,
260,San José State,2021,15587,
260,San José State,2021,17120,
260,San José State,2021,20522,
260,San José State,2021,20589,
260,San José State,2021,21242,
260,San José State,2021,21660,
260,San José State,2021,22304,2001-09-18
260,San José State,2021,27663,
260,San José State,2021,27883,
260,San José State,2021,28215,
260,San José State,2021,28216,
260,San José State,2021,28217,
260,San José State,2021,33277,
260,San José State,2021,33278,
84,Fairleigh Dickinson,2021,2588,
84,Fairleigh Dickinson,2021,6390,
84,Fairleigh Dickinson,2021,16804,
84,Fairleigh Dickinson,2021,21342,
84,Fairleigh Dickinson,2021,21483,
84,Fairleigh Dickinson,2021,21484,
84,Fairleigh Dickinson,2021,26429,
84,Fairleigh Dickinson,2021,27008,1998-09-22
84,Fairleigh Dickinson,2021,27785,
84,Fairleigh Dickinson,2021,27887,
84,Fairleigh Dickinson,2021,31739,
84,Fairleigh Dickinson,2021,31740,
84,Fairleigh Dickinson,2021,31741,
84,Fairleigh Dickinson,2021,31742,
341,Wagner,2021,8142,
341,Wagner,2021,12410,
341,Wagner,2021,15569,
341,Wagner,2021,20602,
341,Wagner,2021,20604,
341,Wagner,2021,26107,
341,Wagner,2021,26108,1997-11-21
341,Wagner,2021,26109,
341,Wagner,2021,26110,
341,Wagner,2021,26112,
341,Wagner,2021,33130,
341,Wagner,2021,33131,
341,Wagner,2021,33132,
146,Long Island University,2021,4855,
146,Long Island University,2021,6060,
146,Long Island University,2021,11668,
146,Long Island University,2021,15956,
146,Long Island University,2021,20491,
146,Long Island University,2021,21166,
146,Long Island University,2021,21289,
146,Long Island University,2021,22196,
146,Long Island University,2021,27348,
146,Long Island University,2021,27798,
146,Long Island University,2021,27799,
146,Long Island University,2021,27801,
146,Long Island University,2021,33666,
146,Long Island University,2021,33667,
146,Long Island University,2021,33668,
146,Long Island University,2021,33669,
146,Long Island University,2021,33670,
364,St. Francis Brooklyn,2021,10082,
364,St. Francis Brooklyn,2021,16619,
364,St. Francis Brooklyn,2021,20272,
364,St. Francis Brooklyn,2021,20277,
364,St. Francis Brooklyn,2021,20279,
364,St. Francis Brooklyn,2021,20511,
364,St. Francis Brooklyn,2021,21234,
364,St. Francis Brooklyn,2021,26997,
364,St. Francis Brooklyn,2021,33133,
364,St. Francis Brooklyn,2021,33134,
364,St. Francis Brooklyn,2021,33135,
364,St. Francis Brooklyn,2021,33136,
364,St. Francis Brooklyn,2021,33137,
364,St. Francis Brooklyn,2021,33138,
364,St. Francis Brooklyn,2021,33139,
278,St. Francis (PA),2021,4926,
278,St. Francis (PA),2021,5766,
278,St. Francis (PA),2021,7067,
278,St. Francis (PA),2021,7088,
278,St. Francis (PA),2021,13798,
278,St. Francis (PA),2021,15281,
278,St. Francis (PA),2021,18511,
278,St. Francis (PA),2021,20648,
278,St. Francis (PA),2021,20649,
278,St. Francis (PA),2021,27088,
278,St. Francis (PA),2021,27089,
278,St. Francis (PA),2021,27090,
278,St. Francis (PA),2021,27091,
278,St. Francis (PA),2021,27092,
278,St. Francis (PA),2021,27093,
278,St. Francis (PA),2021,31955,
278,St. Francis (PA),2021,31956,
278,St. Francis (PA),2021,31957,
278,St. Francis (PA),2021,31958,
183,Mount St. Mary's,2021,27,
183,Mount St. Mary's,2021,1261,
183,Mount St. Mary's,2021,4499,
183,Mount St. Mary's,2021,16166,
183,Mount St. Mary's,2021,17328,
183,Mount St. Mary's,2021,20043,
183,Mount St. Mary's,2021,20118,
183,Mount St. Mary's,2021,20847,
183,Mount St. Mary's,2021,20848,
183,Mount St. Mary's,2021,20853,
183,Mount St. Mary's,2021,21152,
183,Mount St. Mary's,2021,25724,
183,Mount St. Mary's,2021,25725,
183,Mount St. Mary's,2021,27231,
183,Mount St. Mary's,2021,31478,
44,Central Connecticut,2021,17081,
44,Central Connecticut,2021,21083,
44,Central Connecticut,2021,25852,
44,Central Connecticut,2021,25853,
44,Central Connecticut,2021,25854,
44,Central Connecticut,2021,25855,
44,Central Connecticut,2021,25856,
44,Central Connecticut,2021,27004,
44,Central Connecticut,2021,32028,
44,Central Connecticut,2021,32029,
44,Central Connecticut,2021,32030,
250,Sacred Heart,2021,1108,
250,Sacred Heart,2021,9609,
250,Sacred Heart,2021,15452,2000-02-02
250,Sacred Heart,2021,16029,
250,Sacred Heart,2021,16031,
250,Sacred Heart,2021,17301,
250,Sacred Heart,2021,18787,
250,Sacred Heart,2021,18789,
250,Sacred Heart,2021,23120,
250,Sacred Heart,2021,27080,
250,Sacred Heart,2021,27081,
250,Sacred Heart,2021,27082,
250,Sacred Heart,2021,27083,
250,Sacred Heart,2021,27084,
250,Sacred Heart,2021,31408,
31,Bryant,2021,15241,
31,Bryant,2021,16149,1999-09-22
31,Bryant,2021,16202,
31,Bryant,2021,17333,
31,Bryant,2021,19611,
31,Bryant,2021,20057,
31,Bryant,2021,20508,
31,Bryant,2021,20510,
31,Bryant,2021,22272,
31,Bryant,2021,24658,
31,Bryant,2021,26575,
31,Bryant,2021,26580,
31,Bryant,2021,32338,
31,Bryant,2021,32339,
31,Bryant,2021,32340,
31,Bryant,2021,32341,
31,Bryant,2021,34809,
31,Bryant,2021,34810,
166,Merrimack,2021,16141,
166,Merrimack,2021,16264,
166,Merrimack,2021,16265,
166,Merrimack,2021,16801,
166,Merrimack,2021,20176,
166,Merrimack,2021,20219,
166,Merrimack,2021,26068,
166,Merrimack,2021,26069,
166,Merrimack,2021,26070,
166,Merrimack,2021,26071,
166,Merrimack,2021,26074,
166,Merrimack,2021,34215,
166,Merrimack,2021,34216,
166,Merrimack,2021,9525,
184,Murray State,2021,956,
184,Murray State,2021,2661,
184,Murray State,2021,6378,
184,Murray State,2021,15368,
184,Murray State,2021,17348,
184,Murray State,2021,17441,
184,Murray State,2021,17478,
184,Murray State,2021,21475,
184,Murray State,2021,22150,
184,Murray State,2021,22423,1999-09-03
184,Murray State,2021,26872,1998-09-23
184,Murray State,2021,26875,
184,Murray State,2021,32564,
184,Murray State,2021,32565,
181,Morehead State,2021,11,
181,Morehead State,2021,246,
181,Morehead State,2021,5490,
181,Morehead State,2021,15848,
181,Morehead State,2021,19928,1997-10-19
181,Morehead State,2021,19952,
181,Morehead State,2021,19974,
181,Morehead State,2021,20838,
181,Morehead State,2021,21806,
181,Morehead State,2021,25840,
181,Morehead State,2021,26970,
181,Morehead State,2021,27583,
181,Morehead State,2021,31803,
181,Morehead State,2021,31804,
291,Tennessee Tech,2021,1101,
291,Tennessee Tech,2021,3398,
291,Tennessee Tech,2021,8652,
291,Tennessee Tech,2021,16332,
291,Tennessee Tech,2021,19931,
291,Tennessee Tech,2021,21465,
291,Tennessee Tech,2021,21548,
291,Tennessee Tech,2021,21854,
291,Tennessee Tech,2021,24540,
291,Tennessee Tech,2021,25768,
291,Tennessee Tech,2021,25771,
291,Tennessee Tech,2021,25772,
291,Tennessee Tech,2021,32088,
291,Tennessee Tech,2021,32089,
291,Tennessee Tech,2021,32090,
78,Eastern Kentucky,2021,1561,
78,Eastern Kentucky,2021,2793,
78,Eastern Kentucky,2021,13338,
78,Eastern Kentucky,2021,16689,
78,Eastern Kentucky,2021,16712,
78,Eastern Kentucky,2021,17288,
78,Eastern Kentucky,2021,19976,2002-08-07
78,Eastern Kentucky,2021,20291,
78,Eastern Kentucky,2021,20896,
78,Eastern Kentucky,2021,21322,
78,Eastern Kentucky,2021,26032,
78,Eastern Kentucky,2021,26033,
78,Eastern Kentucky,2021,26036,
78,Eastern Kentucky,2021,29740,
78,Eastern Kentucky,2021,29741,
78,Eastern Kentucky,2021,31776,
78,Eastern Kentucky,2021,31777,
78,Eastern Kentucky,2021,31778,
78,Eastern Kentucky,2021,31779,
17,Austin Peay,2021,5242,
17,Austin Peay,2021,6127,
17,Austin Peay,2021,15767,
17,Austin Peay,2021,21606,
17,Austin Peay,2021,21816,
17,Austin Peay,2021,26906,
17,Austin Peay,2021,26907,
17,Austin Peay,2021,26909,
17,Austin Peay,2021,27056,
17,Austin Peay,2021,27174,
17,Austin Peay,2021,31620,1999-09-23
17,Austin Peay,2021,31621,
17,Austin Peay,2021,31622,
17,Austin Peay,2021,31623,
17,Austin Peay,2021,31624,
290,Tennessee State,2021,805,
290,Tennessee State,2021,2567,
290,Tennessee State,2021,16077,
290,Tennessee State,2021,17627,
290,Tennessee State,2021,26815,
290,Tennessee State,2021,26816,
290,Tennessee State,2021,30240,
290,Tennessee State,2021,30969,
290,Tennessee State,2021,33141,
290,Tennessee State,2021,33142,
290,Tennessee State,2021,33143,
290,Tennessee State,2021,33144,
290,Tennessee State,2021,33145,
290,Tennessee State,2021,33146,
290,Tennessee State,2021,33147,
290,Tennessee State,2021,33148,
290,Tennessee State,2021,33149,1998-03-21
290,Tennessee State,2021,33150,
272,Southeast Missouri State,2021,3468,
272,Southeast Missouri State,2021,15571,
272,Southeast Missouri State,2021,20564,
272,Southeast Missouri State,2021,21028,
272,Southeast Missouri State,2021,21453,
272,Southeast Missouri State,2021,21454,
272,Southeast Missouri State,2021,22275,
272,Southeast Missouri State,2021,25873,
272,Southeast Missouri State,2021,26948,
272,Southeast Missouri State,2021,26949,
272,Southeast Missouri State,2021,26950,
272,Southeast Missouri State,2021,32484,
272,Southeast Missouri State,2021,32485,
325,UT Martin,2021,3675,
325,UT Martin,2021,14429,
325,UT Martin,2021,14918,
325,UT Martin,2021,20562,
325,UT Martin,2021,27132,
325,UT Martin,2021,27639,
325,UT Martin,2021,27894,
325,UT Martin,2021,29687,
325,UT Martin,2021,32721,
325,UT Martin,2021,32722,
325,UT Martin,2021,32723,
325,UT Martin,2021,32724,
325,UT Martin,2021,32725,
325,UT Martin,2021,32726,
325,UT Martin,2021,32727,
325,UT Martin,2021,32728,
325,UT Martin,2021,32729,
325,UT Martin,2021,32730,
77,Eastern Illinois,2021,2510,
77,Eastern Illinois,2021,4881,
77,Eastern Illinois,2021,18620,
77,Eastern Illinois,2021,20718,
77,Eastern Illinois,2021,23173,
77,Eastern Illinois,2021,25552,
77,Eastern Illinois,2021,26874,
77,Eastern Illinois,2021,27005,
77,Eastern Illinois,2021,27006,
77,Eastern Illinois,2021,27007,
77,Eastern Illinois,2021,27015,
77,Eastern Illinois,2021,27131,
77,Eastern Illinois,2021,27936,
77,Eastern Illinois,2021,31347,
77,Eastern Illinois,2021,31348,
77,Eastern Illinois,2021,31349,
77,Eastern Illinois,2021,31350,
22,Belmont,2021,4266,
22,Belmont,2021,5486,
22,Belmont,2021,16757,
22,Belmont,2021,16759,
22,Belmont,2021,21037,2001-07-16
22,Belmont,2021,21038,
22,Belmont,2021,21039,
22,Belmont,2021,26185,
22,Belmont,2021,26186,
22,Belmont,2021,26187,1999-02-04
22,Belmont,2021,26188,
22,Belmont,2021,26189,
22,Belmont,2021,26965,
22,Belmont,2021,32269,
128,Jacksonville State,2021,797,
128,Jacksonville State,2021,15351,
128,Jacksonville State,2021,15687,
128,Jacksonville State,2021,17229,
128,Jacksonville State,2021,21803,
128,Jacksonville State,2021,21804,
128,Jacksonville State,2021,21808,
128,Jacksonville State,2021,22298,
128,Jacksonville State,2021,27229,
128,Jacksonville State,2021,27230,
128,Jacksonville State,2021,27232,
128,Jacksonville State,2021,27235,
128,Jacksonville State,2021,32093,
128,Jacksonville State,2021,32094,
128,Jacksonville State,2021,32095,
247,SIU Edwardsville,2021,4990,
247,SIU Edwardsville,2021,5922,
247,SIU Edwardsville,2021,5923,
247,SIU Edwardsville,2021,16096,
247,SIU Edwardsville,2021,16101,
247,SIU Edwardsville,2021,21231,
247,SIU Edwardsville,2021,27148,
247,SIU Edwardsville,2021,27415,
247,SIU Edwardsville,2021,27416,
247,SIU Edwardsville,2021,27417,
247,SIU Edwardsville,2021,27418,
247,SIU Edwardsville,2021,28023,
247,SIU Edwardsville,2021,31897,
247,SIU Edwardsville,2021,31898,
247,SIU Edwardsville,2021,31899,
32,Bucknell,2021,1497,
32,Bucknell,2021,7008,
32,Bucknell,2021,15797,
32,Bucknell,2021,15798,
32,Bucknell,2021,15940,
32,Bucknell,2021,15944,
32,Bucknell,2021,15951,
32,Bucknell,2021,16197,
32,Bucknell,2021,20812,1999-09-21
32,Bucknell,2021,21352,
32,Bucknell,2021,21864,1999-11-29
32,Bucknell,2021,26448,
32,Bucknell,2021,28159,
32,Bucknell,2021,28163,
55,Colgate,2021,3973,
55,Colgate,2021,7464,
55,Colgate,2021,16046,
55,Colgate,2021,16047,
55,Colgate,2021,16048,
55,Colgate,2021,20512,
55,Colgate,2021,20513,
55,Colgate,2021,20514,
55,Colgate,2021,20515,
55,Colgate,2021,20863,
55,Colgate,2021,20876,
55,Colgate,2021,26288,
55,Colgate,2021,26289,
55,Colgate,2021,26290,
55,Colgate,2021,29560,
55,Colgate,2021,34176,1997-08-28
111,Holy Cross,2021,1081,
111,Holy Cross,2021,1988,
111,Holy Cross,2021,2811,
111,Holy Cross,2021,4937,
111,Holy Cross,2021,6662,
111,Holy Cross,2021,15811,
111,Holy Cross,2021,16026,
111,Holy Cross,2021,20526,
111,Holy Cross,2021,26195,
111,Holy Cross,2021,26197,
111,Holy Cross,2021,26198,
111,Holy Cross,2021,26499,
111,Holy Cross,2021,28164,
141,Lehigh,2021,8364,
141,Lehigh,2021,16206,
141,Lehigh,2021,16207,
141,Lehigh,2021,16208,
141,Lehigh,2021,17369,
141,Lehigh,2021,19346,
141,Lehigh,2021,21485,
141,Lehigh,2021,21595,
141,Lehigh,2021,21596,
141,Lehigh,2021,21597,
141,Lehigh,2021,22173,
141,Lehigh,2021,27879,
141,Lehigh,2021,34174,
141,Lehigh,2021,34175,
187,Navy,2021,7422,
187,Navy,2021,16385,
187,Navy,2021,16387,
187,Navy,2021,21068,
187,Navy,2021,21069,
187,Navy,2021,21070,
187,Navy,2021,21071,
187,Navy,2021,21072,
187,Navy,2021,21073,
187,Navy,2021,21074,
187,Navy,2021,21075,
187,Navy,2021,21079,
187,Navy,2021,21080,
187,Navy,2021,25863,
187,Navy,2021,25864,
187,Navy,2021,25865,
187,Navy,2021,25866,
187,Navy,2021,25867,
187,Navy,2021,25868,
187,Navy,2021,31465,
187,Navy,2021,31466,
187,Navy,2021,31467,
187,Navy,2021,31468,
187,Navy,2021,31469,
138,Lafayette,2021,5134,
138,Lafayette,2021,15621,
138,Lafayette,2021,16087,
138,Lafayette,2021,16089,
138,Lafayette,2021,16160,
138,Lafayette,2021,17902,
138,Lafayette,2021,19927,
138,Lafayette,2021,26453,
138,Lafayette,2021,26454,
138,Lafayette,2021,26455,
138,Lafayette,2021,27034,
138,Lafayette,2021,34170,
138,Lafayette,2021,34171,1999-06-21
138,Lafayette,2021,34172,
138,Lafayette,2021,34173,
15,Army,2021,4781,
15,Army,2021,16529,
15,Army,2021,16530,
15,Army,2021,16531,
15,Army,2021,16532,
15,Army,2021,16534,
15,Army,2021,16535,
15,Army,2021,16536,
15,Army,2021,21020,
15,Army,2021,21021,
15,Army,2021,26178,
15,Army,2021,26179,
15,Army,2021,26180,
15,Army,2021,26181,
15,Army,2021,26182,
15,Army,2021,26183,
15,Army,2021,26184,
15,Army,2021,31821,
15,Army,2021,31822,
15,Army,2021,31823,
15,Army,2021,31824,
15,Army,2021,31825,
15,Army,2021,31826,
15,Army,2021,31827,
8,American University,2021,822,
8,American University,2021,3534,
8,American University,2021,3536,
8,American University,2021,15394,
8,American University,2021,15397,
8,American University,2021,20184,
8,American University,2021,22361,
8,American University,2021,22362,
8,American University,2021,22363,
8,American University,2021,22433,
8,American University,2021,27340,2000-02-25
8,American University,2021,27341,
8,American University,2021,27343,
8,American University,2021,27344,
8,American University,2021,34413,
27,Boston University,2021,2654,
27,Boston University,2021,3985,
27,Boston University,2021,4841,
27,Boston University,2021,15808,
27,Boston University,2021,16446,
27,Boston University,2021,20984,
27,Boston University,2021,20985,
27,Boston University,2021,20986,
27,Boston University,2021,20987,
27,Boston University,2021,20988,
27,Boston University,2021,20989,
27,Boston University,2021,20990,
27,Boston University,2021,24747,
27,Boston University,2021,26347,
27,Boston University,2021,26348,1998-01-24
27,Boston University,2021,26992,
27,Boston University,2021,34189,
27,Boston University,2021,34190,
152,Loyola Maryland,2021,4475,
152,Loyola Maryland,2021,8341,
152,Loyola Maryland,2021,15261,2000-04-06
152,Loyola Maryland,2021,16668,
152,Loyola Maryland,2021,20361,
152,Loyola Maryland,2021,21159,
152,Loyola Maryland,2021,21160,
152,Loyola Maryland,2021,21161,
152,Loyola Maryland,2021,21163,
152,Loyola Maryland,2021,25826,
152,Loyola Maryland,2021,26582,
152,Loyola Maryland,2021,34416,2001-01-10
152,Loyola Maryland,2021,34417,
152,Loyola Maryland,2021,34418,
152,Loyola Maryland,2021,34419,
152,Loyola Maryland,2021,34420,
135,Kentucky,2021,724,
135,Kentucky,2021,4076,
135,Kentucky,2021,6758,
135,Kentucky,2021,7212,
135,Kentucky,2021,7834,
135,Kentucky,2021,15340,
135,Kentucky,2021,15979,
135,Kentucky,2021,17186,2000-08-07
135,Kentucky,2021,19869,2000-05-08
135,Kentucky,2021,27622,1998-06-30
135,Kentucky,2021,31805,2002-01-10
135,Kentucky,2021,31806,1999-02-20
135,Kentucky,2021,31807,
135,Kentucky,2021,31808,2001-11-28
135,Kentucky,2021,31809,
5,Alabama,2021,1803,
5,Alabama,2021,5577,
5,Alabama,2021,6152,
5,Alabama,2021,7529,
5,Alabama,2021,16571,
5,Alabama,2021,20035,
5,Alabama,2021,20037,
5,Alabama,2021,20038,
5,Alabama,2021,21217,
5,Alabama,2021,21501,
5,Alabama,2021,25789,2000-01-08
5,Alabama,2021,25790,2001-02-14
5,Alabama,2021,25791,
5,Alabama,2021,32096,
5,Alabama,2021,32097,1998-10-06
5,Alabama,2021,32098,1998-12-02
5,Alabama,2021,32099,1999-05-21
5,Alabama,2021,32100,2002-12-24
5,Alabama,2021,32101,
5,Alabama,2021,32102,
292,Tennessee,2021,15276,2001-09-14
292,Tennessee,2021,15277,
292,Tennessee,2021,16023,
292,Tennessee,2021,16528,
292,Tennessee,2021,17384,2000-06-14
292,Tennessee,2021,17390,2000-05-02
292,Tennessee,2021,19934,1998-12-22
292,Tennessee,2021,19935,
292,Tennessee,2021,19975,
292,Tennessee,2021,20733,
292,Tennessee,2021,25824,
292,Tennessee,2021,25825,
292,Tennessee,2021,27552,
292,Tennessee,2021,33100,1999-05-07
292,Tennessee,2021,33101,2002-03-10
292,Tennessee,2021,33102,2002-09-25
87,Florida,2021,426,
87,Florida,2021,1324,
87,Florida,2021,16673,
87,Florida,2021,16675,
87,Florida,2021,16679,
87,Florida,2021,16754,
87,Florida,2021,19892,
87,Florida,2021,21581,2000-05-25
87,Florida,2021,21591,1998-09-30
87,Florida,2021,21934,2000-05-24
87,Florida,2021,22233,
87,Florida,2021,27070,1998-07-02
87,Florida,2021,32695,2001-02-03
87,Florida,2021,32696,2000-03-12
87,Florida,2021,32697,
336,Vanderbilt,2021,23,
336,Vanderbilt,2021,3206,
336,Vanderbilt,2021,4931,
336,Vanderbilt,2021,8291,
336,Vanderbilt,2021,10252,
336,Vanderbilt,2021,10494,
336,Vanderbilt,2021,15364,2000-11-12
336,Vanderbilt,2021,15964,
336,Vanderbilt,2021,16520,
336,Vanderbilt,2021,22729,
336,Vanderbilt,2021,26307,
336,Vanderbilt,2021,27979,2000-11-10
336,Vanderbilt,2021,27980,
336,Vanderbilt,2021,27981,
336,Vanderbilt,2021,28044,
336,Vanderbilt,2021,28214,
336,Vanderbilt,2021,32396,
136,LSU,2021,4225,
136,LSU,2021,5494,
136,LSU,2021,15898,
136,LSU,2021,16500,
136,LSU,2021,19594,
136,LSU,2021,22028,
136,LSU,2021,22424,
136,LSU,2021,22425,
136,LSU,2021,26806,
136,LSU,2021,27061,1999-10-20
136,LSU,2021,27063,2000-01-11
136,LSU,2021,32285,2000-11-09
136,LSU,2021,32286,2001-10-13
136,LSU,2021,32287,1999-06-03
136,LSU,2021,16523,
16,Auburn,2021,2,
16,Auburn,2021,8,
16,Auburn,2021,7588,
16,Auburn,2021,15232,
16,Auburn,2021,16420,2001-04-24
16,Auburn,2021,16627,
16,Auburn,2021,17215,2000-07-26
16,Auburn,2021,17216,
16,Auburn,2021,17219,
16,Auburn,2021,20979,2001-05-09
16,Auburn,2021,21001,
16,Auburn,2021,21064,
16,Auburn,2021,25843,
16,Auburn,2021,25844,
16,Auburn,2021,25845,
16,Auburn,2021,32264,2002-08-26
16,Auburn,2021,32265,2001-06-11
16,Auburn,2021,16346,
174,Mississippi State,2021,322,
174,Mississippi State,2021,1435,
174,Mississippi State,2021,4155,
174,Mississippi State,2021,8326,
174,Mississippi State,2021,16499,
174,Mississippi State,2021,16665,2000-03-21
174,Mississippi State,2021,17608,
174,Mississippi State,2021,17610,2000-07-26
174,Mississippi State,2021,20427,
174,Mississippi State,2021,21031,
174,Mississippi State,2021,21943,
174,Mississippi State,2021,26333,
174,Mississippi State,2021,27989,1999-12-03
174,Mississippi State,2021,27997,
174,Mississippi State,2021,32114,1999-07-28
174,Mississippi State,2021,32115,
98,Georgia,2021,2963,
98,Georgia,2021,5462,
98,Georgia,2021,16570,2001-07-12
98,Georgia,2021,16755,
98,Georgia,2021,17192,
98,Georgia,2021,20066,2000-05-08
98,Georgia,2021,21358,
98,Georgia,2021,21576,
98,Georgia,2021,21954,
98,Georgia,2021,22805,
98,Georgia,2021,26314,
98,Georgia,2021,26315,
98,Georgia,2021,27796,1998-05-30
98,Georgia,2021,28318,
220,Ole Miss,2021,591,
220,Ole Miss,2021,7151,
220,Ole Miss,2021,16104,
220,Ole Miss,2021,16376,
220,Ole Miss,2021,16966,
220,Ole Miss,2021,17357,
220,Ole Miss,2021,17618,
220,Ole Miss,2021,21106,
220,Ole Miss,2021,21609,1999-05-20
220,Ole Miss,2021,26747,
220,Ole Miss,2021,27914,
220,Ole Miss,2021,33352,1998-02-09
220,Ole Miss,2021,33353,1998-05-09
220,Ole Miss,2021,33575,
220,Ole Miss,2021,33576,
220,Ole Miss,2021,33577,
220,Ole Miss,2021,26515,
12,Arkansas,2021,4237,
12,Arkansas,2021,6672,
12,Arkansas,2021,16436,
12,Arkansas,2021,19921,
12,Arkansas,2021,21558,
12,Arkansas,2021,21936,
12,Arkansas,2021,21939,
12,Arkansas,2021,25804,1998-10-27
12,Arkansas,2021,25805,2002-06-29
12,Arkansas,2021,26324,1997-08-20
12,Arkansas,2021,32022,1999-03-01
12,Arkansas,2021,32023,1998-06-18
12,Arkansas,2021,32024,2002-05-31
12,Arkansas,2021,32025,
12,Arkansas,2021,32026,
12,Arkansas,2021,32027,
266,South Carolina,2021,595,
266,South Carolina,2021,7309,
266,South Carolina,2021,15324,
266,South Carolina,2021,15495,
266,South Carolina,2021,15686,
266,South Carolina,2021,15828,
266,South Carolina,2021,15854,
266,South Carolina,2021,16522,
266,South Carolina,2021,17470,
266,South Carolina,2021,20875,
266,South Carolina,2021,21456,1999-09-30
266,South Carolina,2021,25951,
266,South Carolina,2021,26326,
266,South Carolina,2021,26513,1999-03-26
266,South Carolina,2021,32483,
293,Texas A&M,2021,321,
293,Texas A&M,2021,563,
293,Texas A&M,2021,6156,
293,Texas A&M,2021,7801,
293,Texas A&M,2021,9485,
293,Texas A&M,2021,16335,
293,Texas A&M,2021,16949,2000-06-19
293,Texas A&M,2021,21557,
293,Texas A&M,2021,26807,
293,Texas A&M,2021,27950,1999-05-26
293,Texas A&M,2021,27995,1998-09-15
293,Texas A&M,2021,27996,
293,Texas A&M,2021,27998,
293,Texas A&M,2021,32549,
293,Texas A&M,2021,32550,
293,Texas A&M,2021,25830,
177,Missouri,2021,2629,
177,Missouri,2021,15215,2000-01-20
177,Missouri,2021,16751,
177,Missouri,2021,20429,
177,Missouri,2021,21479,
177,Missouri,2021,21564,2000-01-01
177,Missouri,2021,21818,2000-06-23
177,Missouri,2021,21878,
177,Missouri,2021,25930,
177,Missouri,2021,27974,1999-08-16
177,Missouri,2021,32001,1998-11-25
177,Missouri,2021,32002,1997-12-30
177,Missouri,2021,32003,
177,Missouri,2021,32004,
274,Southern,2021,15273,
274,Southern,2021,16052,
274,Southern,2021,16802,
274,Southern,2021,20489,
274,Southern,2021,21202,
274,Southern,2021,22152,
274,Southern,2021,25301,
274,Southern,2021,27345,1997-03-18
274,Southern,2021,27561,
274,Southern,2021,27562,
274,Southern,2021,27564,
274,Southern,2021,27565,
274,Southern,2021,27566,
274,Southern,2021,28676,
274,Southern,2021,32260,
274,Southern,2021,32261,
274,Southern,2021,32262,
274,Southern,2021,32263,
296,Texas Southern,2021,20101,
296,Texas Southern,2021,21103,
296,Texas Southern,2021,22055,1999-03-29
296,Texas Southern,2021,22056,
296,Texas Southern,2021,22057,
296,Texas Southern,2021,22147,
296,Texas Southern,2021,25778,
296,Texas Southern,2021,25781,
296,Texas Southern,2021,25782,
296,Texas Southern,2021,25783,
296,Texas Southern,2021,27119,
296,Texas Southern,2021,32240,
296,Texas Southern,2021,32241,
296,Texas Southern,2021,32242,
296,Texas Southern,2021,32243,
126,Jackson State,2021,107,
126,Jackson State,2021,3924,
126,Jackson State,2021,9455,
126,Jackson State,2021,16567,
126,Jackson State,2021,20385,
126,Jackson State,2021,21951,
126,Jackson State,2021,25749,
126,Jackson State,2021,25751,
126,Jackson State,2021,25753,
126,Jackson State,2021,25754,
126,Jackson State,2021,25757,
126,Jackson State,2021,25761,
126,Jackson State,2021,33179,
126,Jackson State,2021,33180,
126,Jackson State,2021,33181,
126,Jackson State,2021,33182,
126,Jackson State,2021,33183,
126,Jackson State,2021,33184,
126,Jackson State,2021,33185,
126,Jackson State,2021,33186,
126,Jackson State,2021,33187,
7,Alcorn State,2021,4765,
7,Alcorn State,2021,5560,
7,Alcorn State,2021,10450,
7,Alcorn State,2021,14919,
7,Alcorn State,2021,15345,
7,Alcorn State,2021,20592,
7,Alcorn State,2021,21941,
7,Alcorn State,2021,25872,
7,Alcorn State,2021,25877,
7,Alcorn State,2021,30474,
7,Alcorn State,2021,31331,
7,Alcorn State,2021,31648,
7,Alcorn State,2021,31649,
7,Alcorn State,2021,31650,
7,Alcorn State,2021,31651,
7,Alcorn State,2021,31652,
7,Alcorn State,2021,31653,
7,Alcorn State,2021,31654,
7,Alcorn State,2021,31655,
6,Alabama State,2021,16494,
6,Alabama State,2021,16561,
6,Alabama State,2021,20683,
6,Alabama State,2021,21104,
6,Alabama State,2021,21200,
6,Alabama State,2021,24549,
6,Alabama State,2021,26408,
6,Alabama State,2021,26876,
6,Alabama State,2021,26877,
6,Alabama State,2021,26878,
6,Alabama State,2021,27377,
6,Alabama State,2021,34177,
6,Alabama State,2021,34178,
6,Alabama State,2021,34179,
6,Alabama State,2021,34180,
6,Alabama State,2021,34198,
103,Grambling,2021,14157,
103,Grambling,2021,16337,
103,Grambling,2021,16341,
103,Grambling,2021,21287,
103,Grambling,2021,21290,
103,Grambling,2021,27532,
103,Grambling,2021,27533,
103,Grambling,2021,32132,
103,Grambling,2021,32133,
103,Grambling,2021,32134,
103,Grambling,2021,32135,
103,Grambling,2021,32136,
103,Grambling,2021,32137,
103,Grambling,2021,32138,
103,Grambling,2021,32139,
103,Grambling,2021,32140,
103,Grambling,2021,32141,
175,Mississippi Valley State,2021,14860,
175,Mississippi Valley State,2021,15208,
175,Mississippi Valley State,2021,15688,
175,Mississippi Valley State,2021,16518,
175,Mississippi Valley State,2021,19874,
175,Mississippi Valley State,2021,19875,
175,Mississippi Valley State,2021,20178,
175,Mississippi Valley State,2021,25917,
175,Mississippi Valley State,2021,26789,
175,Mississippi Valley State,2021,26794,
175,Mississippi Valley State,2021,32020,
175,Mississippi Valley State,2021,32021,
175,Mississippi Valley State,2021,34181,
175,Mississippi Valley State,2021,34555,
232,Prairie View A&M,2021,15301,
232,Prairie View A&M,2021,20462,
232,Prairie View A&M,2021,23170,
232,Prairie View A&M,2021,25871,
232,Prairie View A&M,2021,26585,
232,Prairie View A&M,2021,27738,
232,Prairie View A&M,2021,27739,
232,Prairie View A&M,2021,27741,
232,Prairie View A&M,2021,27742,
232,Prairie View A&M,2021,27744,
232,Prairie View A&M,2021,27747,
232,Prairie View A&M,2021,31550,
232,Prairie View A&M,2021,31551,
232,Prairie View A&M,2021,31552,
232,Prairie View A&M,2021,31553,
232,Prairie View A&M,2021,31554,
232,Prairie View A&M,2021,31555,
232,Prairie View A&M,2021,31556,
4,Alabama A&M,2021,8649,
4,Alabama A&M,2021,8650,
4,Alabama A&M,2021,15228,
4,Alabama A&M,2021,16334,
4,Alabama A&M,2021,17724,
4,Alabama A&M,2021,17726,
4,Alabama A&M,2021,17729,
4,Alabama A&M,2021,19536,
4,Alabama A&M,2021,20668,
4,Alabama A&M,2021,22653,
4,Alabama A&M,2021,26817,
4,Alabama A&M,2021,26818,
4,Alabama A&M,2021,26820,
4,Alabama A&M,2021,32551,
4,Alabama A&M,2021,32552,
14,Arkansas-Pine Bluff,2021,127,
14,Arkansas-Pine Bluff,2021,130,
14,Arkansas-Pine Bluff,2021,19966,
14,Arkansas-Pine Bluff,2021,22533,
14,Arkansas-Pine Bluff,2021,24542,
14,Arkansas-Pine Bluff,2021,24751,
14,Arkansas-Pine Bluff,2021,27044,
14,Arkansas-Pine Bluff,2021,27045,
14,Arkansas-Pine Bluff,2021,27048,
14,Arkansas-Pine Bluff,2021,27049,
14,Arkansas-Pine Bluff,2021,27740,
14,Arkansas-Pine Bluff,2021,32202,
14,Arkansas-Pine Bluff,2021,32203,
14,Arkansas-Pine Bluff,2021,32204,
14,Arkansas-Pine Bluff,2021,32205,
14,Arkansas-Pine Bluff,2021,32206,
14,Arkansas-Pine Bluff,2021,32207,
14,Arkansas-Pine Bluff,2021,33632,
14,Arkansas-Pine Bluff,2021,34556,
49,Chattanooga,2021,5988,
49,Chattanooga,2021,19854,1999-12-06
49,Chattanooga,2021,21000,
49,Chattanooga,2021,21002,
49,Chattanooga,2021,21004,
49,Chattanooga,2021,21005,
49,Chattanooga,2021,21006,
49,Chattanooga,2021,23491,
49,Chattanooga,2021,27712,
49,Chattanooga,2021,27713,
49,Chattanooga,2021,27714,
49,Chattanooga,2021,27716,
49,Chattanooga,2021,31585,
49,Chattanooga,2021,31586,
49,Chattanooga,2021,31587,
299,The Citadel,2021,70,
299,The Citadel,2021,577,
299,The Citadel,2021,15792,
299,The Citadel,2021,15846,
299,The Citadel,2021,16069,
299,The Citadel,2021,19615,
299,The Citadel,2021,20871,
299,The Citadel,2021,20874,
299,The Citadel,2021,22295,
299,The Citadel,2021,26463,
299,The Citadel,2021,26465,
299,The Citadel,2021,26466,
299,The Citadel,2021,28599,1999-06-09
299,The Citadel,2021,31642,
348,Western Carolina,2021,3184,
348,Western Carolina,2021,4538,
348,Western Carolina,2021,5860,
348,Western Carolina,2021,8441,
348,Western Carolina,2021,16162,
348,Western Carolina,2021,16951,
348,Western Carolina,2021,20708,
348,Western Carolina,2021,20807,
348,Western Carolina,2021,26637,
348,Western Carolina,2021,26787,
348,Western Carolina,2021,26788,
348,Western Carolina,2021,27569,
348,Western Carolina,2021,31707,
348,Western Carolina,2021,31708,
348,Western Carolina,2021,31709,
348,Western Carolina,2021,31710,
356,Wofford,2021,3205,
356,Wofford,2021,4838,
356,Wofford,2021,5419,
356,Wofford,2021,6233,
356,Wofford,2021,6513,
356,Wofford,2021,6875,
356,Wofford,2021,15847,
356,Wofford,2021,16159,
356,Wofford,2021,20545,
356,Wofford,2021,21009,
356,Wofford,2021,25837,
356,Wofford,2021,25895,
356,Wofford,2021,25896,
356,Wofford,2021,25898,
356,Wofford,2021,25899,
356,Wofford,2021,27220,
320,UNC Greensboro,2021,745,
320,UNC Greensboro,2021,4642,
320,UNC Greensboro,2021,15950,
320,UNC Greensboro,2021,15993,
320,UNC Greensboro,2021,16086,
320,UNC Greensboro,2021,17841,
320,UNC Greensboro,2021,17842,
320,UNC Greensboro,2021,20124,
320,UNC Greensboro,2021,22092,1999-04-28
320,UNC Greensboro,2021,26226,
320,UNC Greensboro,2021,26227,
320,UNC Greensboro,2021,26229,
320,UNC Greensboro,2021,26231,
320,UNC Greensboro,2021,26334,
320,UNC Greensboro,2021,32410,1998-11-09
320,UNC Greensboro,2021,32411,
320,UNC Greensboro,2021,32412,
93,Furman,2021,2062,
93,Furman,2021,4068,
93,Furman,2021,5529,
93,Furman,2021,20036,
93,Furman,2021,20773,1999-10-22
93,Furman,2021,20774,2000-01-19
93,Furman,2021,20776,
93,Furman,2021,20778,
93,Furman,2021,26154,
93,Furman,2021,26155,
93,Furman,2021,26156,
93,Furman,2021,26157,
93,Furman,2021,26158,
93,Furman,2021,31689,
256,Samford,2021,273,
256,Samford,2021,3075,
256,Samford,2021,3680,
256,Samford,2021,7127,
256,Samford,2021,10263,
256,Samford,2021,32554,
256,Samford,2021,21213,
256,Samford,2021,21216,
256,Samford,2021,21219,
256,Samford,2021,21220,
256,Samford,2021,26777,
256,Samford,2021,26813,
256,Samford,2021,26892,
256,Samford,2021,26894,
256,Samford,2021,26895,
256,Samford,2021,27745,
256,Samford,2021,32553,
256,Samford,2021,32555,
256,Samford,2021,32556,
164,Mercer,2021,97,
164,Mercer,2021,4946,
164,Mercer,2021,8798,
164,Mercer,2021,16290,
164,Mercer,2021,17319,
164,Mercer,2021,19609,
164,Mercer,2021,20715,
164,Mercer,2021,21433,1998-03-19
164,Mercer,2021,21552,
164,Mercer,2021,22274,
164,Mercer,2021,22277,
164,Mercer,2021,31544,
164,Mercer,2021,31545,
164,Mercer,2021,31546,
164,Mercer,2021,31547,
164,Mercer,2021,31548,
164,Mercer,2021,31549,
162,McNeese,2021,2214,
162,McNeese,2021,18686,
162,McNeese,2021,21354,
162,McNeese,2021,21355,
162,McNeese,2021,26634,
162,McNeese,2021,27052,
162,McNeese,2021,27114,
162,McNeese,2021,28051,
162,McNeese,2021,31450,
162,McNeese,2021,31451,
162,McNeese,2021,31452,
162,McNeese,2021,31453,
162,McNeese,2021,31454,
162,McNeese,2021,31455,
162,McNeese,2021,31456,
162,McNeese,2021,31457,
255,Sam Houston,2021,727,
255,Sam Houston,2021,7047,
255,Sam Houston,2021,13490,
255,Sam Houston,2021,15442,
255,Sam Houston,2021,20836,
255,Sam Houston,2021,21521,
255,Sam Houston,2021,21523,
255,Sam Houston,2021,21524,
255,Sam Houston,2021,21713,
255,Sam Houston,2021,25214,
255,Sam Houston,2021,27949,
255,Sam Houston,2021,32081,
255,Sam Houston,2021,32082,
255,Sam Houston,2021,32083,
255,Sam Houston,2021,32084,
211,Northwestern State,2021,7156,
211,Northwestern State,2021,18623,
211,Northwestern State,2021,20073,
211,Northwestern State,2021,21236,
211,Northwestern State,2021,21398,
211,Northwestern State,2021,27121,
211,Northwestern State,2021,27122,
211,Northwestern State,2021,27123,
211,Northwestern State,2021,27125,
211,Northwestern State,2021,27126,
211,Northwestern State,2021,31370,
211,Northwestern State,2021,31371,
211,Northwestern State,2021,31372,
211,Northwestern State,2021,31373,
211,Northwestern State,2021,31374,
195,Nicholls,2021,6431,
195,Nicholls,2021,16353,
195,Nicholls,2021,16907,
195,Nicholls,2021,19986,
195,Nicholls,2021,23938,
195,Nicholls,2021,26095,
195,Nicholls,2021,26407,
195,Nicholls,2021,26939,
195,Nicholls,2021,26940,
195,Nicholls,2021,27055,
195,Nicholls,2021,27560,
195,Nicholls,2021,32198,
195,Nicholls,2021,32199,
195,Nicholls,2021,32200,
195,Nicholls,2021,32201,
195,Nicholls,2021,26972,
246,SE Louisiana,2021,6119,
246,SE Louisiana,2021,9087,
246,SE Louisiana,2021,15763,
246,SE Louisiana,2021,15765,
246,SE Louisiana,2021,16984,
246,SE Louisiana,2021,20831,
246,SE Louisiana,2021,21499,
246,SE Louisiana,2021,21682,
246,SE Louisiana,2021,22064,
246,SE Louisiana,2021,26838,
246,SE Louisiana,2021,26839,
246,SE Louisiana,2021,26840,
246,SE Louisiana,2021,27746,
246,SE Louisiana,2021,31960,1996-01-01
246,SE Louisiana,2021,31961,
246,SE Louisiana,2021,31962,
294,Texas A&M-Corpus Christi,2021,3765,
294,Texas A&M-Corpus Christi,2021,15863,
294,Texas A&M-Corpus Christi,2021,20127,
294,Texas A&M-Corpus Christi,2021,21022,
294,Texas A&M-Corpus Christi,2021,21023,
294,Texas A&M-Corpus Christi,2021,21198,
294,Texas A&M-Corpus Christi,2021,26501,
294,Texas A&M-Corpus Christi,2021,27108,
294,Texas A&M-Corpus Christi,2021,28028,
294,Texas A&M-Corpus Christi,2021,29094,
294,Texas A&M-Corpus Christi,2021,32126,
294,Texas A&M-Corpus Christi,2021,32127,
294,Texas A&M-Corpus Christi,2021,32128,
294,Texas A&M-Corpus Christi,2021,32129,
294,Texas A&M-Corpus Christi,2021,32130,
294,Texas A&M-Corpus Christi,2021,32131,
1,Abilene Christian,2021,7705,
1,Abilene Christian,2021,16869,
1,Abilene Christian,2021,16870,
1,Abilene Christian,2021,16873,
1,Abilene Christian,2021,21203,
1,Abilene Christian,2021,21204,
1,Abilene Christian,2021,27157,
1,Abilene Christian,2021,27158,
1,Abilene Christian,2021,27161,
1,Abilene Christian,2021,27162,
1,Abilene Christian,2021,31417,
1,Abilene Christian,2021,31418,
1,Abilene Christian,2021,31419,
1,Abilene Christian,2021,31420,
1,Abilene Christian,2021,21205,
193,New Orleans,2021,3134,
193,New Orleans,2021,3918,
193,New Orleans,2021,16178,
193,New Orleans,2021,16289,
193,New Orleans,2021,21944,
193,New Orleans,2021,26741,
193,New Orleans,2021,26742,1998-08-22
193,New Orleans,2021,26743,
193,New Orleans,2021,26744,
193,New Orleans,2021,26745,
193,New Orleans,2021,29795,
193,New Orleans,2021,32305,
193,New Orleans,2021,32306,
193,New Orleans,2021,32307,
193,New Orleans,2021,32308,
193,New Orleans,2021,32309,
193,New Orleans,2021,32310,
193,New Orleans,2021,34421,
193,New Orleans,2021,34554,
120,Incarnate Word,2021,1030,
120,Incarnate Word,2021,4404,
120,Incarnate Word,2021,10772,
120,Incarnate Word,2021,18942,
120,Incarnate Word,2021,21695,
120,Incarnate Word,2021,21696,
120,Incarnate Word,2021,23431,
120,Incarnate Word,2021,23493,
120,Incarnate Word,2021,26410,
120,Incarnate Word,2021,26680,
120,Incarnate Word,2021,26681,
120,Incarnate Word,2021,26682,
120,Incarnate Word,2021,29632,
120,Incarnate Word,2021,32322,
120,Incarnate Word,2021,32323,
120,Incarnate Word,2021,32324,
120,Incarnate Word,2021,32325,
120,Incarnate Word,2021,32326,
120,Incarnate Word,2021,32327,
112,Houston Christian,2021,7654,
112,Houston Christian,2021,15408,
112,Houston Christian,2021,15810,
112,Houston Christian,2021,19356,
112,Houston Christian,2021,21865,
112,Houston Christian,2021,20568,
112,Houston Christian,2021,20571,
112,Houston Christian,2021,25733,
112,Houston Christian,2021,25734,
112,Houston Christian,2021,25735,
112,Houston Christian,2021,25736,
112,Houston Christian,2021,32107,
112,Houston Christian,2021,32108,
112,Houston Christian,2021,32109,
112,Houston Christian,2021,32110,
112,Houston Christian,2021,32111,
43,Central Arkansas,2021,7865,
43,Central Arkansas,2021,16165,
43,Central Arkansas,2021,16721,
43,Central Arkansas,2021,16728,
43,Central Arkansas,2021,17293,
43,Central Arkansas,2021,21492,
43,Central Arkansas,2021,21493,
43,Central Arkansas,2021,21494,
43,Central Arkansas,2021,21498,
43,Central Arkansas,2021,27248,
43,Central Arkansas,2021,27250,
43,Central Arkansas,2021,27253,
43,Central Arkansas,2021,27689,
43,Central Arkansas,2021,32937,
43,Central Arkansas,2021,32938,
43,Central Arkansas,2021,32939,
43,Central Arkansas,2021,32940,
349,Western Illinois,2021,6009,
349,Western Illinois,2021,16480,
349,Western Illinois,2021,20205,
349,Western Illinois,2021,21241,
349,Western Illinois,2021,21243,
349,Western Illinois,2021,27011,
349,Western Illinois,2021,27013,
349,Western Illinois,2021,27014,
349,Western Illinois,2021,27016,
349,Western Illinois,2021,27017,
349,Western Illinois,2021,32773,
349,Western Illinois,2021,32774,
349,Western Illinois,2021,32775,
349,Western Illinois,2021,32776,
349,Western Illinois,2021,32777,
349,Western Illinois,2021,32778,
270,South Dakota State,2021,15240,
270,South Dakota State,2021,16970,
270,South Dakota State,2021,16971,
270,South Dakota State,2021,16975,
270,South Dakota State,2021,17212,2000-09-26
270,South Dakota State,2021,19600,
270,South Dakota State,2021,20345,
270,South Dakota State,2021,20346,
270,South Dakota State,2021,20348,
270,South Dakota State,2021,24721,
270,South Dakota State,2021,27591,
270,South Dakota State,2021,31867,
270,South Dakota State,2021,31868,
202,North Dakota State,2021,90,
202,North Dakota State,2021,3467,
202,North Dakota State,2021,4604,
202,North Dakota State,2021,15609,
202,North Dakota State,2021,15665,
202,North Dakota State,2021,21196,
202,North Dakota State,2021,21519,2000-03-22
202,North Dakota State,2021,22360,
202,North Dakota State,2021,27333,
202,North Dakota State,2021,27335,
202,North Dakota State,2021,29254,
202,North Dakota State,2021,31634,
202,North Dakota State,2021,31635,
202,North Dakota State,2021,31636,
269,South Dakota,2021,6474,
269,South Dakota,2021,17041,
269,South Dakota,2021,17368,
269,South Dakota,2021,18422,
269,South Dakota,2021,20780,
269,South Dakota,2021,21681,
269,South Dakota,2021,21735,
269,South Dakota,2021,21736,
269,South Dakota,2021,21737,
269,South Dakota,2021,21738,2000-11-23
269,South Dakota,2021,25803,1999-04-12
269,South Dakota,2021,28107,
269,South Dakota,2021,28108,
269,South Dakota,2021,28110,
269,South Dakota,2021,31149,
269,South Dakota,2021,32103,
221,Omaha,2021,18134,
221,Omaha,2021,19883,
221,Omaha,2021,19884,
221,Omaha,2021,19885,
221,Omaha,2021,20600,
221,Omaha,2021,27297,
221,Omaha,2021,27298,
221,Omaha,2021,27299,
221,Omaha,2021,27300,
221,Omaha,2021,27301,
221,Omaha,2021,27774,
221,Omaha,2021,27825,
221,Omaha,2021,31616,
221,Omaha,2021,31617,
221,Omaha,2021,31618,
221,Omaha,2021,31619,
68,Denver,2021,6117,
68,Denver,2021,15764,
68,Denver,2021,16690,
68,Denver,2021,17129,
68,Denver,2021,20595,
68,Denver,2021,20596,
68,Denver,2021,20598,
68,Denver,2021,22171,
68,Denver,2021,23280,
68,Denver,2021,27584,
68,Denver,2021,27585,
68,Denver,2021,32457,
68,Denver,2021,32458,
68,Denver,2021,32459,
68,Denver,2021,32460,
68,Denver,2021,32461,
68,Denver,2021,32462,
201,North Dakota,2021,6502,
201,North Dakota,2021,17161,
201,North Dakota,2021,17359,
201,North Dakota,2021,20843,
201,North Dakota,2021,21688,
201,North Dakota,2021,21689,
201,North Dakota,2021,22053,
201,North Dakota,2021,7778,
201,North Dakota,2021,26058,
201,North Dakota,2021,27311,
201,North Dakota,2021,30466,
201,North Dakota,2021,31524,
201,North Dakota,2021,31525,
265,South Alabama,2021,15264,
265,South Alabama,2021,15318,
265,South Alabama,2021,15584,
265,South Alabama,2021,16342,
265,South Alabama,2021,20825,
265,South Alabama,2021,22404,
265,South Alabama,2021,25718,
265,South Alabama,2021,25769,
265,South Alabama,2021,25878,
265,South Alabama,2021,26805,
265,South Alabama,2021,26808,
265,South Alabama,2021,26810,
265,South Alabama,2021,31952,
265,South Alabama,2021,31953,
265,South Alabama,2021,31954,
148,Louisiana,2021,122,
148,Louisiana,2021,289,
148,Louisiana,2021,4856,
148,Louisiana,2021,4862,
148,Louisiana,2021,4979,
148,Louisiana,2021,9612,2001-10-07
148,Louisiana,2021,20002,
148,Louisiana,2021,20115,
148,Louisiana,2021,21952,
148,Louisiana,2021,25814,
148,Louisiana,2021,26581,
148,Louisiana,2021,27382,
148,Louisiana,2021,27384,
148,Louisiana,2021,27385,
148,Louisiana,2021,32506,
13,Arkansas State,2021,157,
13,Arkansas State,2021,4984,
13,Arkansas State,2021,5636,
13,Arkansas State,2021,16503,
13,Arkansas State,2021,16506,
13,Arkansas State,2021,19025,
13,Arkansas State,2021,21101,
13,Arkansas State,2021,21407,
13,Arkansas State,2021,21408,
13,Arkansas State,2021,27600,
13,Arkansas State,2021,27601,
13,Arkansas State,2021,27602,
13,Arkansas State,2021,27603,
13,Arkansas State,2021,32350,
144,Little Rock,2021,4101,
144,Little Rock,2021,16384,
144,Little Rock,2021,20594,
144,Little Rock,2021,21122,1999-06-11
144,Little Rock,2021,21263,
144,Little Rock,2021,21264,
144,Little Rock,2021,21935,1999-12-25
144,Little Rock,2021,25954,1998-01-28
144,Little Rock,2021,25956,
144,Little Rock,2021,25957,
144,Little Rock,2021,25958,
144,Little Rock,2021,25959,
144,Little Rock,2021,25960,
144,Little Rock,2021,31557,1998-02-14
144,Little Rock,2021,31558,
302,Troy,2021,3306,
302,Troy,2021,4884,
302,Troy,2021,6205,
302,Troy,2021,6235,
302,Troy,2021,15585,
302,Troy,2021,17754,
302,Troy,2021,20323,
302,Troy,2021,20324,
302,Troy,2021,20327,
302,Troy,2021,25140,
302,Troy,2021,27411,
302,Troy,2021,27412,
302,Troy,2021,27413,
302,Troy,2021,27414,
302,Troy,2021,32315,
302,Troy,2021,32316,
302,Troy,2021,33526,
316,UL Monroe,2021,2212,
316,UL Monroe,2021,15266,
316,UL Monroe,2021,16344,
316,UL Monroe,2021,21553,
316,UL Monroe,2021,21555,
316,UL Monroe,2021,25874,
316,UL Monroe,2021,27054,
316,UL Monroe,2021,27057,
316,UL Monroe,2021,27058,
316,UL Monroe,2021,27059,
316,UL Monroe,2021,27060,
316,UL Monroe,2021,32835,
316,UL Monroe,2021,32836,
316,UL Monroe,2021,32837,
316,UL Monroe,2021,32838,
297,Texas State,2021,1873,
297,Texas State,2021,4887,
297,Texas State,2021,19026,
297,Texas State,2021,20120,
297,Texas State,2021,20974,
297,Texas State,2021,20977,
297,Texas State,2021,21870,
297,Texas State,2021,26674,
297,Texas State,2021,26675,
297,Texas State,2021,26676,
297,Texas State,2021,26677,
297,Texas State,2021,26843,
297,Texas State,2021,27357,
297,Texas State,2021,31970,
297,Texas State,2021,31971,
99,Georgia Southern,2021,8656,
99,Georgia Southern,2021,15829,
99,Georgia Southern,2021,19998,
99,Georgia Southern,2021,21513,
99,Georgia Southern,2021,21546,1999-12-20
99,Georgia Southern,2021,22299,
99,Georgia Southern,2021,22300,
99,Georgia Southern,2021,26543,
99,Georgia Southern,2021,26546,
99,Georgia Southern,2021,26547,
99,Georgia Southern,2021,26548,
99,Georgia Southern,2021,31517,
99,Georgia Southern,2021,31518,
99,Georgia Southern,2021,31519,
99,Georgia Southern,2021,31520,
99,Georgia Southern,2021,31521,
99,Georgia Southern,2021,31522,
99,Georgia Southern,2021,31523,
99,Georgia Southern,2021,34586,
9,App State,2021,1352,
9,App State,2021,12384,
9,App State,2021,16650,
9,App State,2021,17257,
9,App State,2021,17260,
9,App State,2021,17261,
9,App State,2021,20209,
9,App State,2021,20629,
9,App State,2021,26524,
9,App State,2021,26525,2000-03-31
9,App State,2021,26526,
9,App State,2021,26527,
9,App State,2021,26528,
9,App State,2021,26529,
9,App State,2021,29581,
9,App State,2021,31604,
324,UT Arlington,2021,722,
324,UT Arlington,2021,4054,
324,UT Arlington,2021,16105,1999-08-26
324,UT Arlington,2021,17381,
324,UT Arlington,2021,17498,
324,UT Arlington,2021,21545,1999-10-07
324,UT Arlington,2021,22256,
324,UT Arlington,2021,26955,
324,UT Arlington,2021,26956,
324,UT Arlington,2021,26958,
324,UT Arlington,2021,26959,
324,UT Arlington,2021,26963,
324,UT Arlington,2021,31720,
324,UT Arlington,2021,31721,
324,UT Arlington,2021,31722,
324,UT Arlington,2021,31723,
54,Coastal Carolina,2021,667,
54,Coastal Carolina,2021,4863,
54,Coastal Carolina,2021,5603,
54,Coastal Carolina,2021,15614,
54,Coastal Carolina,2021,16177,
54,Coastal Carolina,2021,17843,
54,Coastal Carolina,2021,26492,
54,Coastal Carolina,2021,26668,
54,Coastal Carolina,2021,26669,
54,Coastal Carolina,2021,26670,
54,Coastal Carolina,2021,26671,
54,Coastal Carolina,2021,26673,
54,Coastal Carolina,2021,30043,
54,Coastal Carolina,2021,32479,
54,Coastal Carolina,2021,32480,
54,Coastal Carolina,2021,27837,1998-04-09
192,New Mexico State,2021,7092,
192,New Mexico State,2021,15317,
192,New Mexico State,2021,15385,
192,New Mexico State,2021,19949,1998-12-28
192,New Mexico State,2021,20289,
192,New Mexico State,2021,28989,1998-10-15
192,New Mexico State,2021,27026,1998-08-04
192,New Mexico State,2021,27180,
192,New Mexico State,2021,27458,
192,New Mexico State,2021,27459,
192,New Mexico State,2021,27466,
192,New Mexico State,2021,32573,
192,New Mexico State,2021,32574,
192,New Mexico State,2021,32575,
192,New Mexico State,2021,32576,
192,New Mexico State,2021,34492,
332,Utah Valley,2021,2822,
332,Utah Valley,2021,15930,
332,Utah Valley,2021,15934,
332,Utah Valley,2021,16543,
332,Utah Valley,2021,16918,1999-01-06
332,Utah Valley,2021,18627,
332,Utah Valley,2021,21887,
332,Utah Valley,2021,21888,
332,Utah Valley,2021,21890,
332,Utah Valley,2021,27483,
332,Utah Valley,2021,27543,
332,Utah Valley,2021,27544,
332,Utah Valley,2021,27546,
332,Utah Valley,2021,27547,
332,Utah Valley,2021,32250,
332,Utah Valley,2021,32251,
332,Utah Valley,2021,32252,
332,Utah Valley,2021,32253,
332,Utah Valley,2021,32254,
332,Utah Valley,2021,34411,
326,UT Rio Grande Valley,2021,13248,
326,UT Rio Grande Valley,2021,19982,
326,UT Rio Grande Valley,2021,20110,
326,UT Rio Grande Valley,2021,25756,
326,UT Rio Grande Valley,2021,26957,
326,UT Rio Grande Valley,2021,27151,
326,UT Rio Grande Valley,2021,27153,
326,UT Rio Grande Valley,2021,27154,
326,UT Rio Grande Valley,2021,27156,
326,UT Rio Grande Valley,2021,29819,
326,UT Rio Grande Valley,2021,31387,
326,UT Rio Grande Valley,2021,31388,
326,UT Rio Grande Valley,2021,31389,
326,UT Rio Grande Valley,2021,31390,
326,UT Rio Grande Valley,2021,31391,
326,UT Rio Grande Valley,2021,31392,
326,UT Rio Grande Valley,2021,32482,
39,California Baptist,2021,5815,
39,California Baptist,2021,6504,
39,California Baptist,2021,17044,
39,California Baptist,2021,17059,
39,California Baptist,2021,22103,
39,California Baptist,2021,22105,
39,California Baptist,2021,24746,
39,California Baptist,2021,25142,
39,California Baptist,2021,27706,
39,California Baptist,2021,27708,
39,California Baptist,2021,27709,
39,California Baptist,2021,32162,
39,California Baptist,2021,32163,
39,California Baptist,2021,32164,
39,California Baptist,2021,32165,
39,California Baptist,2021,32166,
288,Tarleton State,2021,3940,
288,Tarleton State,2021,7638,
288,Tarleton State,2021,15481,
288,Tarleton State,2021,16418,
288,Tarleton State,2021,20185,
288,Tarleton State,2021,20788,
288,Tarleton State,2021,21894,
288,Tarleton State,2021,6144,
288,Tarleton State,2021,27642,
288,Tarleton State,2021,29501,
288,Tarleton State,2021,32044,
288,Tarleton State,2021,32045,
288,Tarleton State,2021,32046,
288,Tarleton State,2021,32047,
288,Tarleton State,2021,32048,
288,Tarleton State,2021,32049,
288,Tarleton State,2021,32050,
288,Tarleton State,2021,32051,
330,Utah Tech,2021,2511,
330,Utah Tech,2021,14932,
330,Utah Tech,2021,15478,
330,Utah Tech,2021,17119,
330,Utah Tech,2021,22106,
330,Utah Tech,2021,22132,
330,Utah Tech,2021,22133,
330,Utah Tech,2021,22138,
330,Utah Tech,2021,25701,
330,Utah Tech,2021,25702,
330,Utah Tech,2021,25706,
330,Utah Tech,2021,25707,
330,Utah Tech,2021,32764,
330,Utah Tech,2021,32765,
330,Utah Tech,2021,32766,
330,Utah Tech,2021,32767,
330,Utah Tech,2021,32768,
330,Utah Tech,2021,32769,
50,Chicago State,2021,12526,
50,Chicago State,2021,20789,
50,Chicago State,2021,27150,
50,Chicago State,2021,27188,
50,Chicago State,2021,27192,
50,Chicago State,2021,27194,
50,Chicago State,2021,31751,
50,Chicago State,2021,31752,
50,Chicago State,2021,31753,
50,Chicago State,2021,31754,
50,Chicago State,2021,31755,
50,Chicago State,2021,31756,
50,Chicago State,2021,31757,
50,Chicago State,2021,31758,
50,Chicago State,2021,31759,
259,San Francisco,2021,6654,
259,San Francisco,2021,6839,
259,San Francisco,2021,7124,
259,San Francisco,2021,7360,
259,San Francisco,2021,12144,
259,San Francisco,2021,17025,
259,San Francisco,2021,21232,
259,San Francisco,2021,22060,
259,San Francisco,2021,22062,
259,San Francisco,2021,22213,
259,San Francisco,2021,27307,
259,San Francisco,2021,27553,
259,San Francisco,2021,27804,1999-06-27
259,San Francisco,2021,31672,
259,San Francisco,2021,31673,
261,Santa Clara,2021,6638,
261,Santa Clara,2021,16250,
261,Santa Clara,2021,17226,
261,Santa Clara,2021,17402,
261,Santa Clara,2021,20781,
261,Santa Clara,2021,22097,1999-10-22
261,Santa Clara,2021,27555,
261,Santa Clara,2021,27556,2001-04-14
261,Santa Clara,2021,27558,
261,Santa Clara,2021,27559,
261,Santa Clara,2021,28054,
261,Santa Clara,2021,31990,
261,Santa Clara,2021,31991,
261,Santa Clara,2021,31992,
261,Santa Clara,2021,31993,
261,Santa Clara,2021,31994,
261,Santa Clara,2021,31995,
261,Santa Clara,2021,31996,
261,Santa Clara,2021,31997,
253,Saint Mary's,2021,220,
253,Saint Mary's,2021,4921,
253,Saint Mary's,2021,6886,
253,Saint Mary's,2021,6887,
253,Saint Mary's,2021,8916,
253,Saint Mary's,2021,15403,2000-12-11
253,Saint Mary's,2021,22089,
253,Saint Mary's,2021,22090,1999-10-11
253,Saint Mary's,2021,22091,
253,Saint Mary's,2021,27748,
253,Saint Mary's,2021,27749,1998-01-05
253,Saint Mary's,2021,27750,
253,Saint Mary's,2021,27752,
102,Gonzaga,2021,170,
102,Gonzaga,2021,539,
102,Gonzaga,2021,7838,
102,Gonzaga,2021,8483,
102,Gonzaga,2021,17777,2000-10-06
102,Gonzaga,2021,19851,2000-09-09
102,Gonzaga,2021,19852,2002-04-18
102,Gonzaga,2021,19855,
102,Gonzaga,2021,19994,
102,Gonzaga,2021,25709,2000-01-16
102,Gonzaga,2021,25710,
102,Gonzaga,2021,25711,
102,Gonzaga,2021,26313,
102,Gonzaga,2021,27707,
102,Gonzaga,2021,32256,1999-03-03
102,Gonzaga,2021,32257,2001-06-03
102,Gonzaga,2021,32258,2000-03-05
102,Gonzaga,2021,32259,
228,Pepperdine,2021,2292,
228,Pepperdine,2021,15789,
228,Pepperdine,2021,19350,
228,Pepperdine,2021,22145,
228,Pepperdine,2021,22146,
228,Pepperdine,2021,25144,
228,Pepperdine,2021,26518,
228,Pepperdine,2021,27197,
228,Pepperdine,2021,27198,
228,Pepperdine,2021,27199,
228,Pepperdine,2021,31861,2000-08-09
228,Pepperdine,2021,31862,
228,Pepperdine,2021,31863,1998-10-22
228,Pepperdine,2021,31864,
228,Pepperdine,2021,31865,
228,Pepperdine,2021,31866,
153,Loyola Marymount,2021,7142,
153,Loyola Marymount,2021,17476,
153,Loyola Marymount,2021,22086,
153,Loyola Marymount,2021,22109,
153,Loyola Marymount,2021,27718,
153,Loyola Marymount,2021,27720,
153,Loyola Marymount,2021,27722,
153,Loyola Marymount,2021,27723,
153,Loyola Marymount,2021,27724,
153,Loyola Marymount,2021,32063,
153,Loyola Marymount,2021,32064,
153,Loyola Marymount,2021,32065,
153,Loyola Marymount,2021,32066,
153,Loyola Marymount,2021,32067,
153,Loyola Marymount,2021,32068,
258,San Diego,2021,10396,
258,San Diego,2021,17373,
258,San Diego,2021,20706,
258,San Diego,2021,21140,1998-10-15
258,San Diego,2021,21874,
258,San Diego,2021,22172,
258,San Diego,2021,27767,
258,San Diego,2021,27768,
258,San Diego,2021,27769,
258,San Diego,2021,27802,1999-03-25
258,San Diego,2021,33307,
258,San Diego,2021,33308,
258,San Diego,2021,33309,
258,San Diego,2021,33310,
258,San Diego,2021,33311,
230,Portland,2021,7315,
230,Portland,2021,19984,
230,Portland,2021,20493,
230,Portland,2021,20814,
230,Portland,2021,25259,
230,Portland,2021,26353,
230,Portland,2021,26356,
230,Portland,2021,27682,
230,Portland,2021,32233,
230,Portland,2021,32234,
230,Portland,2021,32235,
230,Portland,2021,32236,
230,Portland,2021,32237,
230,Portland,2021,32238,
230,Portland,2021,32239,
18,BYU,2021,6594,
18,BYU,2021,6598,
18,BYU,2021,7676,
18,BYU,2021,7684,
18,BYU,2021,16893,
18,BYU,2021,18458,
18,BYU,2021,21875,
18,BYU,2021,21882,
18,BYU,2021,22203,
18,BYU,2021,27542,
18,BYU,2021,27732,1998-08-31
18,BYU,2021,27734,
18,BYU,2021,32076,
18,BYU,2021,32077,
18,BYU,2021,32078,
18,BYU,2021,32079,
18,BYU,2021,32080,
262,Seattle U,2021,8385,
262,Seattle U,2021,8389,
262,Seattle U,2021,8393,
262,Seattle U,2021,15354,
262,Seattle U,2021,16352,
262,Seattle U,2021,17614,
262,Seattle U,2021,22123,
262,Seattle U,2021,22124,
262,Seattle U,2021,22128,
262,Seattle U,2021,25204,
262,Seattle U,2021,27791,
262,Seattle U,2021,28064,
262,Seattle U,2021,28065,
262,Seattle U,2021,28066,
262,Seattle U,2021,28067,
262,Seattle U,2021,28068,
262,Seattle U,2021,32230,
262,Seattle U,2021,32231,
262,Seattle U,2021,32232,
282,Stephen F. Austin,2021,4052,
282,Stephen F. Austin,2021,5810,
282,Stephen F. Austin,2021,16863,
282,Stephen F. Austin,2021,21974,
282,Stephen F. Austin,2021,21975,
282,Stephen F. Austin,2021,21978,
282,Stephen F. Austin,2021,26621,
282,Stephen F. Austin,2021,26622,
282,Stephen F. Austin,2021,27037,
282,Stephen F. Austin,2021,30261,
282,Stephen F. Austin,2021,32645,
282,Stephen F. Austin,2021,32646,
282,Stephen F. Austin,2021,32647,
282,Stephen F. Austin,2021,32648,
313,UCLA,2021,3555,
313,UCLA,2021,16995,
313,UCLA,2021,17198,
313,UCLA,2021,17201,
313,UCLA,2021,19911,2001-02-18
313,UCLA,2021,19912,2001-10-13
313,UCLA,2021,19913,2000-01-09
313,UCLA,2021,19914,
313,UCLA,2021,19915,1998-10-27
313,UCLA,2021,25719,
313,UCLA,2021,25720,2001-03-17
313,UCLA,2021,25721,2000-01-21
313,UCLA,2021,31399,1999-12-24
313,UCLA,2021,31400,
343,Washington,2021,16123,2001-02-19
343,Washington,2021,16998,
343,Washington,2021,17130,
343,Washington,2021,17134,
343,Washington,2021,20855,1999-04-28
343,Washington,2021,22127,
343,Washington,2021,22190,1999-09-05
343,Washington,2021,22192,
343,Washington,2021,22193,
343,Washington,2021,24519,
343,Washington,2021,27367,
343,Washington,2021,27755,2000-02-28
343,Washington,2021,27758,
343,Washington,2021,27759,
343,Washington,2021,27760,
343,Washington,2021,27761,
343,Washington,2021,32540,1998-05-12
343,Washington,2021,32541,1999-08-24
343,Washington,2021,32542,
223,Oregon,2021,4872,
223,Oregon,2021,6404,
223,Oregon,2021,7776,
223,Oregon,2021,15309,
223,Oregon,2021,15409,2001-02-03
223,Oregon,2021,15493,2001-10-19
223,Oregon,2021,15497,
223,Oregon,2021,22071,1999-09-03
223,Oregon,2021,22169,
223,Oregon,2021,32682,1997-02-14
223,Oregon,2021,32683,1997-06-13
223,Oregon,2021,32684,1998-04-30
223,Oregon,2021,32685,
223,Oregon,2021,32687,
223,Oregon,2021,32688,
223,Oregon,2021,32686,1998-03-28
40,California,2021,166,
40,California,2021,5042,
40,California,2021,7692,
40,California,2021,13616,
40,California,2021,16051,
40,California,2021,16111,2000-03-27
40,California,2021,17477,
40,California,2021,20021,
40,California,2021,22118,
40,California,2021,24736,
40,California,2021,25906,
40,California,2021,25908,
40,California,2021,25909,
40,California,2021,25910,
40,California,2021,31903,
323,USC,2021,8337,
323,USC,2021,8469,
323,USC,2021,8913,
323,USC,2021,15389,
323,USC,2021,15869,
323,USC,2021,17065,
323,USC,2021,21862,
323,USC,2021,21984,1999-11-09
323,USC,2021,27450,1999-09-24
323,USC,2021,27451,
323,USC,2021,27452,
323,USC,2021,27453,
323,USC,2021,27454,
323,USC,2021,32167,2001-06-18
323,USC,2021,32168,1996-07-05
323,USC,2021,32169,
323,USC,2021,32170,
224,Oregon State,2021,7308,
224,Oregon State,2021,7569,
224,Oregon State,2021,17015,
224,Oregon State,2021,17162,
224,Oregon State,2021,17484,1999-12-07
224,Oregon State,2021,22214,
224,Oregon State,2021,26905,
224,Oregon State,2021,27475,
224,Oregon State,2021,27780,2000-01-22
224,Oregon State,2021,27781,2000-03-09
224,Oregon State,2021,27782,
224,Oregon State,2021,31904,
224,Oregon State,2021,31905,1999-05-04
224,Oregon State,2021,31906,
224,Oregon State,2021,31907,
224,Oregon State,2021,34628,
224,Oregon State,2021,34629,
281,Stanford,2021,214,
281,Stanford,2021,2854,
281,Stanford,2021,4446,
281,Stanford,2021,5456,
281,Stanford,2021,6999,
281,Stanford,2021,7240,
281,Stanford,2021,17168,2001-06-14
281,Stanford,2021,17171,
281,Stanford,2021,20593,
281,Stanford,2021,22168,2000-08-31
281,Stanford,2021,27648,
281,Stanford,2021,27649,
281,Stanford,2021,27757,
281,Stanford,2021,32615,2001-09-12
281,Stanford,2021,32616,1998-09-21
281,Stanford,2021,32617,2000-10-13
344,Washington State,2021,143,
344,Washington State,2021,150,
344,Washington State,2021,2571,
344,Washington State,2021,6701,
344,Washington State,2021,6923,
344,Washington State,2021,7243,
344,Washington State,2021,8288,
344,Washington State,2021,9403,
344,Washington State,2021,15388,2001-04-25
344,Washington State,2021,17026,
344,Washington State,2021,17181,
344,Washington State,2021,21538,
344,Washington State,2021,25879,2001-10-11
344,Washington State,2021,25881,
344,Washington State,2021,32244,
344,Washington State,2021,32245,
344,Washington State,2021,32246,
11,Arizona,2021,278,
11,Arizona,2021,571,
11,Arizona,2021,3632,
11,Arizona,2021,6151,
11,Arizona,2021,16572,
11,Arizona,2021,17010,
11,Arizona,2021,19803,2000-11-27
11,Arizona,2021,19988,2002-03-22
11,Arizona,2021,19990,
11,Arizona,2021,19991,
11,Arizona,2021,27096,
11,Arizona,2021,27756,1998-04-23
11,Arizona,2021,27793,2000-06-20
11,Arizona,2021,27794,2002-06-19
11,Arizona,2021,27795,2002-07-12
11,Arizona,2021,32383,
10,Arizona State,2021,6694,
10,Arizona State,2021,15311,
10,Arizona State,2021,16935,
10,Arizona State,2021,17007,2001-05-02
10,Arizona State,2021,20794,2001-10-23
10,Arizona State,2021,20795,
10,Arizona State,2021,20797,
10,Arizona State,2021,20798,
10,Arizona State,2021,20799,
10,Arizona State,2021,21530,
10,Arizona State,2021,21820,
10,Arizona State,2021,25773,
10,Arizona State,2021,26294,
10,Arizona State,2021,26357,
10,Arizona State,2021,27018,
10,Arizona State,2021,27538,
10,Arizona State,2021,27539,
10,Arizona State,2021,31892,2001-12-08
10,Arizona State,2021,31893,
10,Arizona State,2021,34630,
10,Arizona State,2021,34631,
56,Colorado,2021,6788,
56,Colorado,2021,7690,
56,Colorado,2021,7691,
56,Colorado,2021,8234,
56,Colorado,2021,16242,2001-05-15
56,Colorado,2021,26436,1999-02-15
56,Colorado,2021,27668,2002-07-30
56,Colorado,2021,27669,
56,Colorado,2021,27670,
56,Colorado,2021,27671,
56,Colorado,2021,27672,
56,Colorado,2021,27673,
56,Colorado,2021,27910,
56,Colorado,2021,29181,
56,Colorado,2021,32104,
56,Colorado,2021,32105,1998-10-25
56,Colorado,2021,32106,
56,Colorado,2021,27990,1998-04-09
331,Utah,2021,3676,
331,Utah,2021,6601,
331,Utah,2021,8370,
331,Utah,2021,15286,2001-02-23
331,Utah,2021,16880,
331,Utah,2021,16997,1999-06-14
331,Utah,2021,17125,
331,Utah,2021,19945,2000-01-09
331,Utah,2021,19993,
331,Utah,2021,20518,
331,Utah,2021,22101,
331,Utah,2021,22202,
331,Utah,2021,22204,
331,Utah,2021,5673,
331,Utah,2021,25762,
331,Utah,2021,27163,
331,Utah,2021,27164,
331,Utah,2021,32806,2000-04-20
331,Utah,2021,32807,
104,Grand Canyon,2021,279,
104,Grand Canyon,2021,3332,
104,Grand Canyon,2021,7386,
104,Grand Canyon,2021,7584,
104,Grand Canyon,2021,16902,1999-03-03
104,Grand Canyon,2021,20587,
104,Grand Canyon,2021,21929,
104,Grand Canyon,2021,27537,
104,Grand Canyon,2021,27540,
104,Grand Canyon,2021,27541,
104,Grand Canyon,2021,28025,
104,Grand Canyon,2021,32142,
104,Grand Canyon,2021,32143,
104,Grand Canyon,2021,32144,1997-09-20
104,Grand Canyon,2021,32145,
176,Missouri State,2021,1831,
176,Missouri State,2021,5237,
176,Missouri State,2021,8308,
176,Missouri State,2021,16116,
176,Missouri State,2021,16117,
176,Missouri State,2021,16748,
176,Missouri State,2021,16749,
176,Missouri State,2021,20150,
176,Missouri State,2021,21568,2000-05-03
176,Missouri State,2021,26951,
176,Missouri State,2021,26953,
176,Missouri State,2021,26954,
176,Missouri State,2021,33699,
176,Missouri State,2021,33700,
176,Missouri State,2021,33701,
176,Missouri State,2021,33702,
161,Massachusetts,2021,517,
161,Massachusetts,2021,1276,
161,Massachusetts,2021,4640,
161,Massachusetts,2021,4978,
161,Massachusetts,2021,15338,2000-09-24
161,Massachusetts,2021,15899,
161,Massachusetts,2021,17325,
161,Massachusetts,2021,20208,1999-09-13
161,Massachusetts,2021,26734,
161,Massachusetts,2021,26737,
161,Massachusetts,2021,26739,
161,Massachusetts,2021,27201,1999-04-11
161,Massachusetts,2021,33357,
161,Massachusetts,2021,33358,
139,Lamar,2021,1395,
139,Lamar,2021,1835,
139,Lamar,2021,16477,
139,Lamar,2021,22065,
139,Lamar,2021,22155,2000-12-14
139,Lamar,2021,27173,
139,Lamar,2021,27175,
139,Lamar,2021,27176,
139,Lamar,2021,27177,
139,Lamar,2021,27178,
139,Lamar,2021,27181,
139,Lamar,2021,27182,
139,Lamar,2021,31381,
139,Lamar,2021,31382,
314,UConn,2021,4811,
314,UConn,2021,15262,
314,UConn,2021,16122,
314,UConn,2021,17490,
314,UConn,2021,20680,2000-04-03
314,UConn,2021,21137,2002-02-12
314,UConn,2021,21141,2001-11-13
314,UConn,2021,5147,
314,UConn,2021,25799,1999-02-26
314,UConn,2021,25858,1998-03-26
314,UConn,2021,25859,1999-03-07
314,UConn,2021,25860,1999-08-24
314,UConn,2021,25861,
314,UConn,2021,25862,
314,UConn,2021,32031,2000-09-18
130,Kansas City,2021,680,
130,Kansas City,2021,4597,
130,Kansas City,2021,15827,
130,Kansas City,2021,16698,
130,Kansas City,2021,20947,
130,Kansas City,2021,21386,
130,Kansas City,2021,25912,
130,Kansas City,2021,27025,
130,Kansas City,2021,27030,
130,Kansas City,2021,27031,
130,Kansas City,2021,27071,
130,Kansas City,2021,28069,
130,Kansas City,2021,31665,
130,Kansas City,2021,31666,
130,Kansas City,2021,31667,
130,Kansas City,2021,31668,
130,Kansas City,2021,31669,
130,Kansas City,2021,31670,
130,Kansas City,2021,31671,
222,Oral Roberts,2021,3303,
222,Oral Roberts,2021,5131,
222,Oral Roberts,2021,15360,2001-04-02
222,Oral Roberts,2021,16398,
222,Oral Roberts,2021,16399,
222,Oral Roberts,2021,20075,1999-06-12
222,Oral Roberts,2021,22087,
222,Oral Roberts,2021,22088,
222,Oral Roberts,2021,26679,
222,Oral Roberts,2021,27631,
222,Oral Roberts,2021,27632,1997-11-07
222,Oral Roberts,2021,31998,
222,Oral Roberts,2021,31999,
222,Oral Roberts,2021,32000,
222,Oral Roberts,2021,33663,
222,Oral Roberts,2021,16403,
334,VMI,2021,1569,
334,VMI,2021,7074,
334,VMI,2021,16004,
334,VMI,2021,16154,
334,VMI,2021,17310,
334,VMI,2021,20758,
334,VMI,2021,20761,
334,VMI,2021,20762,
334,VMI,2021,20998,1999-11-05
334,VMI,2021,22403,
334,VMI,2021,26130,
334,VMI,2021,27113,
334,VMI,2021,31948,
334,VMI,2021,31949,
334,VMI,2021,31950,
75,East Tennessee State,2021,2299,
75,East Tennessee State,2021,3039,
75,East Tennessee State,2021,5231,
75,East Tennessee State,2021,7029,
75,East Tennessee State,2021,12142,
75,East Tennessee State,2021,20069,
75,East Tennessee State,2021,21109,
75,East Tennessee State,2021,21110,
75,East Tennessee State,2021,21459,
75,East Tennessee State,2021,21828,
75,East Tennessee State,2021,24509,
75,East Tennessee State,2021,28307,
75,East Tennessee State,2021,28308,
75,East Tennessee State,2021,28309,
75,East Tennessee State,2021,31421,
75,East Tennessee State,2021,31422,
75,East Tennessee State,2021,31423,
117,Idaho,2021,6049,
117,Idaho,2021,9390,
117,Idaho,2021,20590,
117,Idaho,2021,27615,
117,Idaho,2021,28024,
117,Idaho,2021,28026,
117,Idaho,2021,28029,
117,Idaho,2021,29568,
117,Idaho,2021,32863,
117,Idaho,2021,32864,
117,Idaho,2021,32865,
117,Idaho,2021,32866,
117,Idaho,2021,32867,
117,Idaho,2021,32868,
117,Idaho,2021,32869,
100,Georgia State,2021,4554,
100,Georgia State,2021,5099,
100,Georgia State,2021,6408,
100,Georgia State,2021,16615,2000-10-02
100,Georgia State,2021,17572,
100,Georgia State,2021,20325,
100,Georgia State,2021,21422,
100,Georgia State,2021,26113,
100,Georgia State,2021,26114,
100,Georgia State,2021,26115,
100,Georgia State,2021,26117,
100,Georgia State,2021,26118,
100,Georgia State,2021,32171,
100,Georgia State,2021,32172,
100,Georgia State,2021,32173,
100,Georgia State,2021,34168,
225,Pacific,2021,17084,
225,Pacific,2021,17467,
225,Pacific,2021,20449,
225,Pacific,2021,20601,
225,Pacific,2021,27726,
225,Pacific,2021,28055,
225,Pacific,2021,28057,
225,Pacific,2021,28077,
225,Pacific,2021,31767,
225,Pacific,2021,31768,
225,Pacific,2021,31769,
225,Pacific,2021,31770,
225,Pacific,2021,31771,
225,Pacific,2021,31772,
301,Towson,2021,3348,
301,Towson,2021,6382,
301,Towson,2021,15218,
301,Towson,2021,16234,
301,Towson,2021,20563,
301,Towson,2021,26442,
301,Towson,2021,26444,
301,Towson,2021,26445,
301,Towson,2021,26446,
301,Towson,2021,31559,
301,Towson,2021,31561,
301,Towson,2021,31562,
301,Towson,2021,31563,
301,Towson,2021,31564,
301,Towson,2021,31565,
301,Towson,2021,31560,
208,Northern Illinois,2021,8319,
208,Northern Illinois,2021,16014,
208,Northern Illinois,2021,16692,
208,Northern Illinois,2021,16693,
208,Northern Illinois,2021,16968,
208,Northern Illinois,2021,20349,
208,Northern Illinois,2021,21853,
208,Northern Illinois,2021,21855,
208,Northern Illinois,2021,25978,
208,Northern Illinois,2021,27754,
208,Northern Illinois,2021,32010,
208,Northern Illinois,2021,32011,
208,Northern Illinois,2021,32012,
208,Northern Illinois,2021,32013,
208,Northern Illinois,2021,32014,
208,Northern Illinois,2021,32015,
208,Northern Illinois,2021,34655,
73,Duquesne,2021,45,
73,Duquesne,2021,1780,
73,Duquesne,2021,3321,
73,Duquesne,2021,4844,
73,Duquesne,2021,7877,
73,Duquesne,2021,15955,
73,Duquesne,2021,20609,
73,Duquesne,2021,21922,
73,Duquesne,2021,22287,
73,Duquesne,2021,22289,
73,Duquesne,2021,26523,
73,Duquesne,2021,26638,
73,Duquesne,2021,27118,
73,Duquesne,2021,32584,
73,Duquesne,2021,32585,
73,Duquesne,2021,32586,
73,Duquesne,2021,32587,
73,Duquesne,2021,32588,
73,Duquesne,2021,34169,
311,UC Santa Barbara,2021,7759,
311,UC Santa Barbara,2021,17775,
311,UC Santa Barbara,2021,21873,2000-04-10
311,UC Santa Barbara,2021,22117,2000-04-15
311,UC Santa Barbara,2021,22119,
311,UC Santa Barbara,2021,22120,
311,UC Santa Barbara,2021,22122,
311,UC Santa Barbara,2021,28061,1998-11-18
311,UC Santa Barbara,2021,28062,
311,UC Santa Barbara,2021,28063,
311,UC Santa Barbara,2021,32566,1997-05-17
311,UC Santa Barbara,2021,32567,
311,UC Santa Barbara,2021,32568,
311,UC Santa Barbara,2021,32569,
311,UC Santa Barbara,2021,32570,
311,UC Santa Barbara,2021,32571,
311,UC Santa Barbara,2021,32572,1998-01-29
311,UC Santa Barbara,2021,17772,2001-05-08
48,Charlotte,2021,1354,
48,Charlotte,2021,3428,
48,Charlotte,2021,4412,
48,Charlotte,2021,5120,
48,Charlotte,2021,5580,
48,Charlotte,2021,6959,
48,Charlotte,2021,17331,2000-10-07
48,Charlotte,2021,20187,
48,Charlotte,2021,21707,
48,Charlotte,2021,25907,
48,Charlotte,2021,26502,
48,Charlotte,2021,27236,
48,Charlotte,2021,32334,
48,Charlotte,2021,32335,
48,Charlotte,2021,32336,
41,Campbell,2021,3808,
41,Campbell,2021,5520,
41,Campbell,2021,7573,
41,Campbell,2021,8663,
41,Campbell,2021,9720,
41,Campbell,2021,15851,
41,Campbell,2021,17136,
41,Campbell,2021,19989,2000-03-03
41,Campbell,2021,21341,
41,Campbell,2021,26150,
41,Campbell,2021,26718,
41,Campbell,2021,26719,
41,Campbell,2021,26720,
41,Campbell,2021,26722,
41,Campbell,2021,26724,
41,Campbell,2021,26725,
41,Campbell,2021,32589,
41,Campbell,2021,32590,
85,Florida A&M,2021,1887,
85,Florida A&M,2021,5665,
85,Florida A&M,2021,22066,
85,Florida A&M,2021,24536,
85,Florida A&M,2021,27963,
85,Florida A&M,2021,27964,
85,Florida A&M,2021,27965,
85,Florida A&M,2021,27966,
85,Florida A&M,2021,27968,
85,Florida A&M,2021,27969,
85,Florida A&M,2021,27970,
85,Florida A&M,2021,27971,
85,Florida A&M,2021,27972,
85,Florida A&M,2021,27973,
85,Florida A&M,2021,31978,
85,Florida A&M,2021,31979,
85,Florida A&M,2021,31980,
85,Florida A&M,2021,31981,
85,Florida A&M,2021,31982,
29,Bradley,2021,438,
29,Bradley,2021,4620,
29,Bradley,2021,4626,
29,Bradley,2021,5589,
29,Bradley,2021,16434,1999-11-17
29,Bradley,2021,16493,
29,Bradley,2021,21450,
29,Bradley,2021,21449,
29,Bradley,2021,26441,
29,Bradley,2021,27530,
29,Bradley,2021,27590,
29,Bradley,2021,28040,
29,Bradley,2021,31644,
29,Bradley,2021,31643,
29,Bradley,2021,27587,
70,Drake,2021,3327,
70,Drake,2021,3598,
70,Drake,2021,8480,
70,Drake,2021,16075,
70,Drake,2021,17598,
70,Drake,2021,22411,
70,Drake,2021,22412,
70,Drake,2021,22413,
70,Drake,2021,22414,
70,Drake,2021,22416,
70,Drake,2021,27822,
70,Drake,2021,27823,
70,Drake,2021,27824,
70,Drake,2021,27826,
70,Drake,2021,31628,
70,Drake,2021,31629,
70,Drake,2021,31630,
1074,Regis (CO),2021,5987,
1074,Regis (CO),2021,24735,
1074,Regis (CO),2021,27572,
1074,Regis (CO),2021,27573,
1074,Regis (CO),2021,27574,
1074,Regis (CO),2021,27575,
1074,Regis (CO),2021,27577,
1074,Regis (CO),2021,27582,
1074,Regis (CO),2021,32452,
1074,Regis (CO),2021,32453,
1074,Regis (CO),2021,32454,
1074,Regis (CO),2021,32455,
1074,Regis (CO),2021,32456,
887,Southwest Minnesota State,2021,18125,
802,Webber International,2021,14322,
802,Webber International,2021,14331,
802,Webber International,2021,14336,
802,Webber International,2021,14337,
802,Webber International,2021,14338,
802,Webber International,2021,14339,
802,Webber International,2021,14340,
802,Webber International,2021,14341,
802,Webber International,2021,23067,
802,Webber International,2021,33857,
802,Webber International,2021,33858,
802,Webber International,2021,33859,
802,Webber International,2021,33860,
802,Webber International,2021,33861,
496,Penn State-York,2021,864,
496,Penn State-York,2021,28891,
496,Penn State-York,2021,28892,
496,Penn State-York,2021,28893,
496,Penn State-York,2021,28902,
1087,Oberlin,2021,29008,
1087,Oberlin,2021,29011,
1087,Oberlin,2021,29017,
1087,Oberlin,2021,29018,
1087,Oberlin,2021,29019,
1087,Oberlin,2021,29020,
1087,Oberlin,2021,29027,
1087,Oberlin,2021,29028,
1087,Oberlin,2021,29029,
1087,Oberlin,2021,29030,
1087,Oberlin,2021,29031,
1087,Oberlin,2021,29032,
1087,Oberlin,2021,29033,
1087,Oberlin,2021,29034,
1087,Oberlin,2021,29035,
1087,Oberlin,2021,29036,
1087,Oberlin,2021,29037,
1087,Oberlin,2021,29038,
1087,Oberlin,2021,29039,
1087,Oberlin,2021,29040,
1087,Oberlin,2021,29041,
1087,Oberlin,2021,29042,
1087,Oberlin,2021,29043,
1087,Oberlin,2021,29044,
1087,Oberlin,2021,29045,
1087,Oberlin,2021,29046,
1087,Oberlin,2021,29047,
1101,Minnesota Morris,2021,29949,
1101,Minnesota Morris,2021,29954,
1101,Minnesota Morris,2021,29958,
606,Siena Heights,2021,25267,
606,Siena Heights,2021,25268,
606,Siena Heights,2021,25269,
606,Siena Heights,2021,25270,
606,Siena Heights,2021,25271,
606,Siena Heights,2021,25272,
606,Siena Heights,2021,25273,
606,Siena Heights,2021,25274,
606,Siena Heights,2021,25275,
606,Siena Heights,2021,25276,
606,Siena Heights,2021,25277,
606,Siena Heights,2021,25278,
606,Siena Heights,2021,25279,
606,Siena Heights,2021,25280,
606,Siena Heights,2021,25281,
606,Siena Heights,2021,25282,
606,Siena Heights,2021,25283,
606,Siena Heights,2021,25284,
606,Siena Heights,2021,25285,
606,Siena Heights,2021,25286,
606,Siena Heights,2021,25287,
606,Siena Heights,2021,25288,
606,Siena Heights,2021,25289,
850,Doane,2021,16825,
850,Doane,2021,33738,
850,Doane,2021,33739,
850,Doane,2021,33740,
850,Doane,2021,33741,
850,Doane,2021,33742,
850,Doane,2021,33743,
850,Doane,2021,33744,
850,Doane,2021,33745,
850,Doane,2021,33746,
850,Doane,2021,33747,
850,Doane,2021,33748,
850,Doane,2021,33749,
850,Doane,2021,33750,
850,Doane,2021,33751,
850,Doane,2021,33752,
850,Doane,2021,33753,
850,Doane,2021,33754,
850,Doane,2021,33755,
850,Doane,2021,33756,
850,Doane,2021,33757,
850,Doane,2021,33758,
850,Doane,2021,33759,
850,Doane,2021,33760,
599,Purchase,2021,30178,
599,Purchase,2021,30184,
856,WVU Tech,2021,17271,
856,WVU Tech,2021,17274,
856,WVU Tech,2021,17275,
856,WVU Tech,2021,17285,
856,WVU Tech,2021,17286,
856,WVU Tech,2021,33543,
856,WVU Tech,2021,33544,
856,WVU Tech,2021,33545,
856,WVU Tech,2021,33546,
856,WVU Tech,2021,33547,
856,WVU Tech,2021,33548,
856,WVU Tech,2021,33549,
856,WVU Tech,2021,33550,
856,WVU Tech,2021,33551,
856,WVU Tech,2021,33552,
856,WVU Tech,2021,33553,
856,WVU Tech,2021,33554,
856,WVU Tech,2021,33555,
856,WVU Tech,2021,33556,
856,WVU Tech,2021,33557,
856,WVU Tech,2021,33558,
856,WVU Tech,2021,33559,
856,WVU Tech,2021,33560,
856,WVU Tech,2021,33561,
856,WVU Tech,2021,33562,
856,WVU Tech,2021,33563,
856,WVU Tech,2021,33564,
856,WVU Tech,2021,33886,
856,WVU Tech,2021,33887,
856,WVU Tech,2021,33888,
856,WVU Tech,2021,33889,
856,WVU Tech,2021,33890,
756,Cairn University,2021,13091,
756,Cairn University,2021,22383,
756,Cairn University,2021,22385,
756,Cairn University,2021,22386,
756,Cairn University,2021,22387,
756,Cairn University,2021,22388,
756,Cairn University,2021,22393,
756,Cairn University,2021,26199,
756,Cairn University,2021,26200,
756,Cairn University,2021,26201,
756,Cairn University,2021,26206,
872,Ave Maria,2021,23023,
872,Ave Maria,2021,23025,
872,Ave Maria,2021,23026,
872,Ave Maria,2021,23030,
847,Lourdes University,2021,25473,
847,Lourdes University,2021,25480,
847,Lourdes University,2021,25481,
847,Lourdes University,2021,25482,
847,Lourdes University,2021,25483,
847,Lourdes University,2021,25484,
847,Lourdes University,2021,25485,
847,Lourdes University,2021,25486,
847,Lourdes University,2021,25487,
847,Lourdes University,2021,25488,
847,Lourdes University,2021,25489,
847,Lourdes University,2021,25490,
847,Lourdes University,2021,25491,
847,Lourdes University,2021,25492,
847,Lourdes University,2021,25493,
847,Lourdes University,2021,25494,
1043,Midland University,2021,24814,
1043,Midland University,2021,24821,
1043,Midland University,2021,24825,
1060,Centenary (NJ),2021,25514,
1060,Centenary (NJ),2021,25515,
1060,Centenary (NJ),2021,25533,
1060,Centenary (NJ),2021,25534,
1060,Centenary (NJ),2021,25535,
1060,Centenary (NJ),2021,25536,
1060,Centenary (NJ),2021,25537,
1060,Centenary (NJ),2021,25538,
1060,Centenary (NJ),2021,25539,
1060,Centenary (NJ),2021,25540,
1060,Centenary (NJ),2021,25541,
1060,Centenary (NJ),2021,25542,
1060,Centenary (NJ),2021,25543,
1060,Centenary (NJ),2021,25544,
1060,Centenary (NJ),2021,25545,
1060,Centenary (NJ),2021,25546,
1060,Centenary (NJ),2021,25547,
1171,Calvin University,2021,34355,
1171,Calvin University,2021,34356,
1171,Calvin University,2021,34357,
1171,Calvin University,2021,34358,
1171,Calvin University,2021,34359,
1171,Calvin University,2021,34360,
1171,Calvin University,2021,34361,
1171,Calvin University,2021,34362,
1171,Calvin University,2021,34363,
1171,Calvin University,2021,34364,
1171,Calvin University,2021,34365,
1171,Calvin University,2021,34366,
1171,Calvin University,2021,34367,
1171,Calvin University,2021,34368,
1171,Calvin University,2021,34369,
1171,Calvin University,2021,34370,
1171,Calvin University,2021,34371,
1171,Calvin University,2021,34372,
1171,Calvin University,2021,34373,
1171,Calvin University,2021,34374,
1171,Calvin University,2021,34375,
1171,Calvin University,2021,34376,
1171,Calvin University,2021,34377,
1171,Calvin University,2021,34378,
1171,Calvin University,2021,34379,
1146,Emmanuel (MA),2021,10432,
1146,Emmanuel (MA),2021,10449,
1146,Emmanuel (MA),2021,21250,
1146,Emmanuel (MA),2021,32591,
1146,Emmanuel (MA),2021,32592,
1146,Emmanuel (MA),2021,32593,
1146,Emmanuel (MA),2021,32594,
1146,Emmanuel (MA),2021,32595,
1146,Emmanuel (MA),2021,32596,
1146,Emmanuel (MA),2021,32597,
1146,Emmanuel (MA),2021,32598,
1146,Emmanuel (MA),2021,32599,
1146,Emmanuel (MA),2021,32600,
1146,Emmanuel (MA),2021,32601,
1146,Emmanuel (MA),2021,32602,
1146,Emmanuel (MA),2021,32603,
1146,Emmanuel (MA),2021,32604,
1146,Emmanuel (MA),2021,32605,
1146,Emmanuel (MA),2021,32606,
1146,Emmanuel (MA),2021,32607,2001-03-31
899,Lake Erie,2021,18415,
786,Milligan,2021,22725,
786,Milligan,2021,28903,
786,Milligan,2021,28905,
1100,Hartwick,2021,15905,
1100,Hartwick,2021,17666,
1100,Hartwick,2021,29690,
1100,Hartwick,2021,29694,
1100,Hartwick,2021,29700,
774,Walla Walla,2021,13574,
774,Walla Walla,2021,13575,
774,Walla Walla,2021,13576,
774,Walla Walla,2021,16125,
774,Walla Walla,2021,22709,
774,Walla Walla,2021,22715,
774,Walla Walla,2021,29003,
774,Walla Walla,2021,29006,
714,Florida Tech,2021,12004,
714,Florida Tech,2021,12011,
714,Florida Tech,2021,12012,
714,Florida Tech,2021,30592,
714,Florida Tech,2021,30593,
537,Louisiana Christian,2021,3876,
537,Louisiana Christian,2021,24796,
537,Louisiana Christian,2021,24801,
537,Louisiana Christian,2021,24802,
537,Louisiana Christian,2021,24804,
537,Louisiana Christian,2021,29511,
537,Louisiana Christian,2021,29513,
839,Delta State,2021,15745,
526,Newberry,2021,2760,
526,Newberry,2021,2769,
526,Newberry,2021,2770,
526,Newberry,2021,2771,
526,Newberry,2021,2772,
526,Newberry,2021,2773,
526,Newberry,2021,2774,
526,Newberry,2021,2775,
526,Newberry,2021,2776,
526,Newberry,2021,2777,
526,Newberry,2021,2778,
526,Newberry,2021,2779,
526,Newberry,2021,2780,
526,Newberry,2021,2781,
526,Newberry,2021,2782,
526,Newberry,2021,2783,
526,Newberry,2021,2784,
526,Newberry,2021,2785,
526,Newberry,2021,2786,
526,Newberry,2021,2787,
526,Newberry,2021,2788,
526,Newberry,2021,2789,
526,Newberry,2021,3670,
526,Newberry,2021,23857,
526,Newberry,2021,32826,
526,Newberry,2021,32827,
526,Newberry,2021,32828,
526,Newberry,2021,32829,
526,Newberry,2021,32830,
559,Howard Payne,2021,24012,
559,Howard Payne,2021,24023,
559,Howard Payne,2021,24024,
559,Howard Payne,2021,30739,
559,Howard Payne,2021,30741,
559,Howard Payne,2021,30743,
559,Howard Payne,2021,30745,
559,Howard Payne,2021,30747,
559,Howard Payne,2021,30875,
559,Howard Payne,2021,32671,
559,Howard Payne,2021,32672,
559,Howard Payne,2021,32673,
559,Howard Payne,2021,32674,
559,Howard Payne,2021,32675,
559,Howard Payne,2021,32676,
559,Howard Payne,2021,32677,
559,Howard Payne,2021,32678,
559,Howard Payne,2021,32679,
559,Howard Payne,2021,32680,
559,Howard Payne,2021,32681,
1021,Western New England,2021,28252,
1021,Western New England,2021,28254,
633,Augusta,2021,9820,
633,Augusta,2021,9821,2004-12-10
633,Augusta,2021,9822,2004-12-10
633,Augusta,2021,9824,
633,Augusta,2021,9825,2004-10-14
633,Augusta,2021,9827,
633,Augusta,2021,9828,
633,Augusta,2021,9829,
633,Augusta,2021,9830,2004-12-10
1079,Culver-Stockton,2021,4924,
1079,Culver-Stockton,2021,28343,
1079,Culver-Stockton,2021,28346,
1079,Culver-Stockton,2021,28352,
1079,Culver-Stockton,2021,28353,
1079,Culver-Stockton,2021,28356,
1079,Culver-Stockton,2021,28358,
1079,Culver-Stockton,2021,31656,
1079,Culver-Stockton,2021,31657,
1079,Culver-Stockton,2021,31658,
1079,Culver-Stockton,2021,31659,
1079,Culver-Stockton,2021,31660,
1079,Culver-Stockton,2021,31661,
1079,Culver-Stockton,2021,31662,
1079,Culver-Stockton,2021,31663,
1079,Culver-Stockton,2021,31664,
914,Point Loma Nazarene,2021,18675,
524,Vermont State - Lyndon,2021,2706,
1129,Evangel,2021,30975,
1129,Evangel,2021,30989,
763,Colorado-Colorado Springs,2021,13263,
763,Colorado-Colorado Springs,2021,13264,
763,Colorado-Colorado Springs,2021,13265,
763,Colorado-Colorado Springs,2021,13266,
763,Colorado-Colorado Springs,2021,13267,
763,Colorado-Colorado Springs,2021,13268,
763,Colorado-Colorado Springs,2021,13269,
763,Colorado-Colorado Springs,2021,13270,
763,Colorado-Colorado Springs,2021,13271,
763,Colorado-Colorado Springs,2021,13272,
763,Colorado-Colorado Springs,2021,13273,
763,Colorado-Colorado Springs,2021,13274,
763,Colorado-Colorado Springs,2021,13275,
763,Colorado-Colorado Springs,2021,13276,
763,Colorado-Colorado Springs,2021,13277,
763,Colorado-Colorado Springs,2021,13278,
763,Colorado-Colorado Springs,2021,13279,
763,Colorado-Colorado Springs,2021,13280,
686,Spring Hill,2021,3960,
686,Spring Hill,2021,4487,
686,Spring Hill,2021,12018,
686,Spring Hill,2021,14876,
686,Spring Hill,2021,15346,
686,Spring Hill,2021,22618,
686,Spring Hill,2021,22620,
686,Spring Hill,2021,26801,
686,Spring Hill,2021,26802,
686,Spring Hill,2021,26803,
686,Spring Hill,2021,34559,
686,Spring Hill,2021,34560,
686,Spring Hill,2021,34561,
686,Spring Hill,2021,34562,
686,Spring Hill,2021,34563,
686,Spring Hill,2021,34564,
686,Spring Hill,2021,34565,
686,Spring Hill,2021,34566,
686,Spring Hill,2021,34567,
686,Spring Hill,2021,34568,
853,Fresno Pacific,2021,13350,
853,Fresno Pacific,2021,17099,
853,Fresno Pacific,2021,17100,
853,Fresno Pacific,2021,17101,
853,Fresno Pacific,2021,17104,
853,Fresno Pacific,2021,17105,
853,Fresno Pacific,2021,17106,
853,Fresno Pacific,2021,17107,
853,Fresno Pacific,2021,17108,
853,Fresno Pacific,2021,17109,
853,Fresno Pacific,2021,17110,
853,Fresno Pacific,2021,17111,
853,Fresno Pacific,2021,17112,
853,Fresno Pacific,2021,17113,
853,Fresno Pacific,2021,17116,
853,Fresno Pacific,2021,22001,
853,Fresno Pacific,2021,33245,
853,Fresno Pacific,2021,33246,
853,Fresno Pacific,2021,33247,
853,Fresno Pacific,2021,33248,
853,Fresno Pacific,2021,33249,
853,Fresno Pacific,2021,33250,
853,Fresno Pacific,2021,33251,
853,Fresno Pacific,2021,33252,
853,Fresno Pacific,2021,33253,
853,Fresno Pacific,2021,33254,
853,Fresno Pacific,2021,33255,
853,Fresno Pacific,2021,33256,
853,Fresno Pacific,2021,33257,
853,Fresno Pacific,2021,33258,
853,Fresno Pacific,2021,33259,
853,Fresno Pacific,2021,33260,
853,Fresno Pacific,2021,33261,
853,Fresno Pacific,2021,33262,
853,Fresno Pacific,2021,33263,
853,Fresno Pacific,2021,33264,
853,Fresno Pacific,2021,33265,
853,Fresno Pacific,2021,33266,
853,Fresno Pacific,2021,33267,
853,Fresno Pacific,2021,33268,
853,Fresno Pacific,2021,33269,
853,Fresno Pacific,2021,33270,
853,Fresno Pacific,2021,33271,
853,Fresno Pacific,2021,33272,
853,Fresno Pacific,2021,33273,
853,Fresno Pacific,2021,33274,
853,Fresno Pacific,2021,33275,
853,Fresno Pacific,2021,33276,
853,Fresno Pacific,2021,33520,
853,Fresno Pacific,2021,33664,
853,Fresno Pacific,2021,33665,
674,Saint Mary's (MN),2021,10893,
674,Saint Mary's (MN),2021,10894,
674,Saint Mary's (MN),2021,10895,
674,Saint Mary's (MN),2021,10896,
674,Saint Mary's (MN),2021,10897,
674,Saint Mary's (MN),2021,10898,
674,Saint Mary's (MN),2021,10899,
674,Saint Mary's (MN),2021,10900,
674,Saint Mary's (MN),2021,10901,
674,Saint Mary's (MN),2021,10902,
674,Saint Mary's (MN),2021,10903,
674,Saint Mary's (MN),2021,10904,
674,Saint Mary's (MN),2021,10905,
674,Saint Mary's (MN),2021,10906,
674,Saint Mary's (MN),2021,10907,
674,Saint Mary's (MN),2021,10908,
674,Saint Mary's (MN),2021,10909,
956,Florida Memorial,2021,26586,
956,Florida Memorial,2021,26592,
956,Florida Memorial,2021,26593,
956,Florida Memorial,2021,26596,
956,Florida Memorial,2021,33403,
956,Florida Memorial,2021,33404,
956,Florida Memorial,2021,33405,
956,Florida Memorial,2021,33406,
956,Florida Memorial,2021,33407,
956,Florida Memorial,2021,33408,
956,Florida Memorial,2021,33409,
956,Florida Memorial,2021,33410,
956,Florida Memorial,2021,33411,
956,Florida Memorial,2021,33412,
956,Florida Memorial,2021,33413,
956,Florida Memorial,2021,33414,
956,Florida Memorial,2021,33415,
956,Florida Memorial,2021,33416,
956,Florida Memorial,2021,33417,
956,Florida Memorial,2021,33418,
956,Florida Memorial,2021,33419,
956,Florida Memorial,2021,33420,
956,Florida Memorial,2021,33421,
956,Florida Memorial,2021,33422,
956,Florida Memorial,2021,33423,
956,Florida Memorial,2021,33424,
956,Florida Memorial,2021,33425,
956,Florida Memorial,2021,33426,
956,Florida Memorial,2021,33427,
956,Florida Memorial,2021,33428,
956,Florida Memorial,2021,33429,
956,Florida Memorial,2021,33430,
956,Florida Memorial,2021,33431,
956,Florida Memorial,2021,34557,
956,Florida Memorial,2021,34558,
629,Menlo,2021,23775,
629,Menlo,2021,23776,
629,Menlo,2021,23778,
629,Menlo,2021,23782,
629,Menlo,2021,30571,
629,Menlo,2021,30573,
629,Menlo,2021,30574,
1081,Southeastern Baptist College,2021,28466,
1081,Southeastern Baptist College,2021,28475,
1081,Southeastern Baptist College,2021,28476,
1081,Southeastern Baptist College,2021,28477,
1081,Southeastern Baptist College,2021,28478,
1081,Southeastern Baptist College,2021,28479,
1081,Southeastern Baptist College,2021,28480,
1081,Southeastern Baptist College,2021,28481,
1081,Southeastern Baptist College,2021,28482,
1081,Southeastern Baptist College,2021,28483,
1081,Southeastern Baptist College,2021,28484,
1081,Southeastern Baptist College,2021,28485,
1081,Southeastern Baptist College,2021,28486,
1081,Southeastern Baptist College,2021,28487,
1081,Southeastern Baptist College,2021,28488,
1081,Southeastern Baptist College,2021,28489,
1081,Southeastern Baptist College,2021,28490,
1081,Southeastern Baptist College,2021,28491,
1081,Southeastern Baptist College,2021,28492,
1081,Southeastern Baptist College,2021,28493,
1081,Southeastern Baptist College,2021,28494,
1081,Southeastern Baptist College,2021,28495,
1081,Southeastern Baptist College,2021,28496,
1081,Southeastern Baptist College,2021,28497,
1081,Southeastern Baptist College,2021,28498,
1081,Southeastern Baptist College,2021,28499,
1081,Southeastern Baptist College,2021,28500,
1134,Michigan-Dearborn,2021,31219,
1134,Michigan-Dearborn,2021,31221,
1134,Michigan-Dearborn,2021,31227,
1134,Michigan-Dearborn,2021,31228,
1134,Michigan-Dearborn,2021,31229,
1134,Michigan-Dearborn,2021,31230,
1134,Michigan-Dearborn,2021,31231,
1134,Michigan-Dearborn,2021,31232,
1134,Michigan-Dearborn,2021,31233,
1134,Michigan-Dearborn,2021,31234,
1134,Michigan-Dearborn,2021,31235,
1134,Michigan-Dearborn,2021,31236,
1134,Michigan-Dearborn,2021,31237,
1134,Michigan-Dearborn,2021,31238,
1134,Michigan-Dearborn,2021,31239,
1134,Michigan-Dearborn,2021,31240,
1134,Michigan-Dearborn,2021,31241,
533,Bob Jones,2021,3714,
533,Bob Jones,2021,25887,
533,Bob Jones,2021,25888,
588,Earlham College,2021,8285,
1153,College of Idaho,2021,6501,
1153,College of Idaho,2021,7627,
1153,College of Idaho,2021,32877,
1153,College of Idaho,2021,32878,
1153,College of Idaho,2021,32879,
1153,College of Idaho,2021,32880,
1153,College of Idaho,2021,32881,
1153,College of Idaho,2021,32882,
1153,College of Idaho,2021,32883,
1153,College of Idaho,2021,32884,
1153,College of Idaho,2021,32885,
1153,College of Idaho,2021,32886,
1153,College of Idaho,2021,32887,
1153,College of Idaho,2021,32888,
1153,College of Idaho,2021,33178,
624,SUNY Poly,2021,9542,
624,SUNY Poly,2021,9543,
624,SUNY Poly,2021,9547,
624,SUNY Poly,2021,9548,
626,Bluefield University,2021,9595,
626,Bluefield University,2021,9596,
626,Bluefield University,2021,9597,
626,Bluefield University,2021,9599,
626,Bluefield University,2021,9600,
626,Bluefield University,2021,9601,
626,Bluefield University,2021,9607,
626,Bluefield University,2021,20472,
626,Bluefield University,2021,32956,
626,Bluefield University,2021,32957,
626,Bluefield University,2021,32958,
626,Bluefield University,2021,32959,
705,Puerto Rico-Mayaguez,2021,11769,2004-11-23
705,Puerto Rico-Mayaguez,2021,11770,2004-11-23
705,Puerto Rico-Mayaguez,2021,11771,2003-11-20
705,Puerto Rico-Mayaguez,2021,11772,
705,Puerto Rico-Mayaguez,2021,11773,
705,Puerto Rico-Mayaguez,2021,11774,
705,Puerto Rico-Mayaguez,2021,11775,
705,Puerto Rico-Mayaguez,2021,11776,
705,Puerto Rico-Mayaguez,2021,11777,
705,Puerto Rico-Mayaguez,2021,11778,
705,Puerto Rico-Mayaguez,2021,11779,
705,Puerto Rico-Mayaguez,2021,11780,
886,Tiffin,2021,18109,
781,Willamette,2021,13784,
781,Willamette,2021,28218,
781,Willamette,2021,28220,
781,Willamette,2021,28221,
781,Willamette,2021,28226,
781,Willamette,2021,28227,
1164,Lee,2021,16333,
1164,Lee,2021,33903,
1164,Lee,2021,33904,
1164,Lee,2021,33905,
1164,Lee,2021,33906,
1164,Lee,2021,33907,
1164,Lee,2021,33908,
1164,Lee,2021,33909,
1164,Lee,2021,33910,
1164,Lee,2021,33911,
893,University of Saint Katherine,2021,6419,
893,University of Saint Katherine,2021,22016,
893,University of Saint Katherine,2021,22980,
893,University of Saint Katherine,2021,22986,
893,University of Saint Katherine,2021,29534,
893,University of Saint Katherine,2021,29535,
893,University of Saint Katherine,2021,29536,
893,University of Saint Katherine,2021,29537,
893,University of Saint Katherine,2021,29540,
893,University of Saint Katherine,2021,29541,
893,University of Saint Katherine,2021,32463,
893,University of Saint Katherine,2021,32464,
893,University of Saint Katherine,2021,32465,
893,University of Saint Katherine,2021,32466,
893,University of Saint Katherine,2021,32467,
893,University of Saint Katherine,2021,32468,
893,University of Saint Katherine,2021,32469,
893,University of Saint Katherine,2021,32470,
689,Randolph-Macon,2021,11343,
689,Randolph-Macon,2021,11344,
689,Randolph-Macon,2021,11345,
689,Randolph-Macon,2021,11346,
689,Randolph-Macon,2021,11352,
1139,Flagler,2021,3381,
1139,Flagler,2021,7622,
1139,Flagler,2021,31873,
1139,Flagler,2021,31874,
1139,Flagler,2021,31875,
1139,Flagler,2021,31876,
1139,Flagler,2021,31877,1998-02-16
1139,Flagler,2021,31878,
1139,Flagler,2021,31879,
1139,Flagler,2021,31880,
1139,Flagler,2021,31881,
1139,Flagler,2021,31882,
1139,Flagler,2021,31883,
1139,Flagler,2021,31884,
1139,Flagler,2021,31885,
1139,Flagler,2021,33492,
636,Missouri Southern State,2021,9900,
636,Missouri Southern State,2021,9901,
636,Missouri Southern State,2021,9902,
636,Missouri Southern State,2021,9903,
636,Missouri Southern State,2021,9904,
636,Missouri Southern State,2021,9905,
636,Missouri Southern State,2021,9906,
636,Missouri Southern State,2021,9907,
636,Missouri Southern State,2021,9908,
636,Missouri Southern State,2021,9909,
636,Missouri Southern State,2021,9910,
636,Missouri Southern State,2021,9911,
636,Missouri Southern State,2021,9912,
595,University of Health Sciences & Pharmacy,2021,32523,
595,University of Health Sciences & Pharmacy,2021,32524,
595,University of Health Sciences & Pharmacy,2021,32525,
595,University of Health Sciences & Pharmacy,2021,32526,
595,University of Health Sciences & Pharmacy,2021,32527,
595,University of Health Sciences & Pharmacy,2021,32528,
595,University of Health Sciences & Pharmacy,2021,32529,
595,University of Health Sciences & Pharmacy,2021,32530,
595,University of Health Sciences & Pharmacy,2021,32531,
595,University of Health Sciences & Pharmacy,2021,32532,
595,University of Health Sciences & Pharmacy,2021,32533,
595,University of Health Sciences & Pharmacy,2021,32534,
819,Mobile,2021,14859,
819,Mobile,2021,14866,
819,Mobile,2021,14873,
819,Mobile,2021,14874,
819,Mobile,2021,14875,
819,Mobile,2021,22395,
819,Mobile,2021,22398,
819,Mobile,2021,29384,
819,Mobile,2021,29387,
819,Mobile,2021,32397,
819,Mobile,2021,32398,
819,Mobile,2021,32399,
819,Mobile,2021,32400,
819,Mobile,2021,32401,
819,Mobile,2021,32402,
819,Mobile,2021,32403,
819,Mobile,2021,32404,
819,Mobile,2021,32405,
813,Heidelberg,2021,14685,
813,Heidelberg,2021,29327,
813,Heidelberg,2021,29328,
813,Heidelberg,2021,29329,
813,Heidelberg,2021,29330,
813,Heidelberg,2021,29335,
813,Heidelberg,2021,29336,
813,Heidelberg,2021,29337,
813,Heidelberg,2021,29338,
813,Heidelberg,2021,29339,
813,Heidelberg,2021,29340,
813,Heidelberg,2021,29341,
813,Heidelberg,2021,29342,
813,Heidelberg,2021,29343,
813,Heidelberg,2021,29344,
813,Heidelberg,2021,29345,
813,Heidelberg,2021,29346,
813,Heidelberg,2021,29347,
813,Heidelberg,2021,29348,
813,Heidelberg,2021,29349,
813,Heidelberg,2021,29350,
813,Heidelberg,2021,29351,
813,Heidelberg,2021,29352,
813,Heidelberg,2021,29353,
813,Heidelberg,2021,29354,
813,Heidelberg,2021,29355,
813,Heidelberg,2021,29356,
813,Heidelberg,2021,29357,
813,Heidelberg,2021,29358,
813,Heidelberg,2021,29359,
813,Heidelberg,2021,29360,
813,Heidelberg,2021,29361,
806,Westcliff,2021,14452,
806,Westcliff,2021,22695,
806,Westcliff,2021,22702,
590,Kentucky Christian,2021,28870,
590,Kentucky Christian,2021,28872,
579,Maine-Fort Kent,2021,22770,
579,Maine-Fort Kent,2021,22771,
579,Maine-Fort Kent,2021,22772,
579,Maine-Fort Kent,2021,22773,
579,Maine-Fort Kent,2021,22774,
579,Maine-Fort Kent,2021,22775,
579,Maine-Fort Kent,2021,22776,
579,Maine-Fort Kent,2021,22777,
579,Maine-Fort Kent,2021,22778,
579,Maine-Fort Kent,2021,22779,
729,Central Penn,2021,12360,
729,Central Penn,2021,12383,
880,Lyon,2021,30828,
880,Lyon,2021,30829,
880,Lyon,2021,30830,
880,Lyon,2021,30831,
880,Lyon,2021,30832,
880,Lyon,2021,30833,
880,Lyon,2021,30834,
880,Lyon,2021,30835,
880,Lyon,2021,30836,
880,Lyon,2021,30837,
880,Lyon,2021,30838,
880,Lyon,2021,30839,
575,Westminster (PA),2021,24618,
575,Westminster (PA),2021,30619,
575,Westminster (PA),2021,30620,
575,Westminster (PA),2021,30621,
915,Missouri Baptist,2021,13141,
915,Missouri Baptist,2021,29436,
915,Missouri Baptist,2021,29437,
915,Missouri Baptist,2021,29443,
1141,Simpson University (CA),2021,16732,
1141,Simpson University (CA),2021,34632,
1141,Simpson University (CA),2021,34633,
1141,Simpson University (CA),2021,34634,
1141,Simpson University (CA),2021,34635,
1141,Simpson University (CA),2021,34636,
1141,Simpson University (CA),2021,34637,
1141,Simpson University (CA),2021,34638,
1141,Simpson University (CA),2021,34639,
1141,Simpson University (CA),2021,34640,
1141,Simpson University (CA),2021,34641,
1141,Simpson University (CA),2021,34642,
1141,Simpson University (CA),2021,34643,
1141,Simpson University (CA),2021,34644,
1141,Simpson University (CA),2021,34645,
1141,Simpson University (CA),2021,34646,
1141,Simpson University (CA),2021,34647,
1141,Simpson University (CA),2021,34648,
1141,Simpson University (CA),2021,34649,
1141,Simpson University (CA),2021,34650,
1141,Simpson University (CA),2021,34651,
1141,Simpson University (CA),2021,34652,
1141,Simpson University (CA),2021,34653,
1141,Simpson University (CA),2021,34654,
923,Belhaven,2021,780,
923,Belhaven,2021,18826,
923,Belhaven,2021,22840,
923,Belhaven,2021,22843,
923,Belhaven,2021,22846,
923,Belhaven,2021,22850,
923,Belhaven,2021,31038,
923,Belhaven,2021,31040,
923,Belhaven,2021,31046,
923,Belhaven,2021,31047,
923,Belhaven,2021,34019,
923,Belhaven,2021,34020,
923,Belhaven,2021,34021,
923,Belhaven,2021,34022,
923,Belhaven,2021,34023,
923,Belhaven,2021,34024,
923,Belhaven,2021,34025,
923,Belhaven,2021,34026,
923,Belhaven,2021,34027,
923,Belhaven,2021,34028,
923,Belhaven,2021,34029,
923,Belhaven,2021,34030,
923,Belhaven,2021,34031,
923,Belhaven,2021,34032,
923,Belhaven,2021,34033,
923,Belhaven,2021,34034,
923,Belhaven,2021,34035,
923,Belhaven,2021,34036,
923,Belhaven,2021,34037,
923,Belhaven,2021,34038,
923,Belhaven,2021,34039,
923,Belhaven,2021,34040,
923,Belhaven,2021,34041,
923,Belhaven,2021,34042,
923,Belhaven,2021,34043,
923,Belhaven,2021,34044,
923,Belhaven,2021,34045,
923,Belhaven,2021,34046,
997,Allen University,2021,22751,
997,Allen University,2021,30461,
556,Westminster (MO),2021,5901,
556,Westminster (MO),2021,5902,
556,Westminster (MO),2021,5903,
556,Westminster (MO),2021,5904,
556,Westminster (MO),2021,5905,
556,Westminster (MO),2021,5906,
556,Westminster (MO),2021,5907,
556,Westminster (MO),2021,5908,
556,Westminster (MO),2021,5909,
556,Westminster (MO),2021,5910,
556,Westminster (MO),2021,5911,
556,Westminster (MO),2021,5912,
556,Westminster (MO),2021,5913,
556,Westminster (MO),2021,5914,
556,Westminster (MO),2021,5915,
556,Westminster (MO),2021,5916,
556,Westminster (MO),2021,5917,
556,Westminster (MO),2021,5918,
1123,Texas Permian Basin,2021,6753,
1123,Texas Permian Basin,2021,21455,
1123,Texas Permian Basin,2021,24854,
1123,Texas Permian Basin,2021,10329,
1123,Texas Permian Basin,2021,30805,
1123,Texas Permian Basin,2021,30806,
1123,Texas Permian Basin,2021,30808,
1123,Texas Permian Basin,2021,30809,
1123,Texas Permian Basin,2021,30810,
1123,Texas Permian Basin,2021,30811,
1123,Texas Permian Basin,2021,30812,
1123,Texas Permian Basin,2021,30813,
1123,Texas Permian Basin,2021,30814,
1123,Texas Permian Basin,2021,30815,
1123,Texas Permian Basin,2021,10324,
723,Dalton State,2021,33466,
723,Dalton State,2021,33467,
723,Dalton State,2021,33468,
723,Dalton State,2021,33469,
723,Dalton State,2021,33470,
723,Dalton State,2021,33471,
723,Dalton State,2021,33472,
723,Dalton State,2021,33473,
723,Dalton State,2021,33474,
723,Dalton State,2021,33475,
723,Dalton State,2021,33476,
723,Dalton State,2021,33477,
723,Dalton State,2021,33478,
723,Dalton State,2021,33479,
723,Dalton State,2021,33480,
723,Dalton State,2021,33481,
723,Dalton State,2021,33482,
723,Dalton State,2021,33483,
723,Dalton State,2021,33484,
723,Dalton State,2021,33485,
723,Dalton State,2021,33486,
723,Dalton State,2021,33487,
723,Dalton State,2021,33488,
723,Dalton State,2021,33489,
723,Dalton State,2021,33490,
723,Dalton State,2021,33491,
566,Northwest University,2021,6548,
566,Northwest University,2021,18979,
566,Northwest University,2021,30860,
566,Northwest University,2021,30861,
566,Northwest University,2021,30862,
566,Northwest University,2021,30866,
566,Northwest University,2021,30867,
566,Northwest University,2021,30868,
566,Northwest University,2021,30869,
566,Northwest University,2021,30870,
566,Northwest University,2021,30873,
566,Northwest University,2021,30874,
566,Northwest University,2021,32277,
566,Northwest University,2021,32278,
566,Northwest University,2021,32279,
566,Northwest University,2021,32280,
566,Northwest University,2021,32281,
566,Northwest University,2021,32282,
566,Northwest University,2021,32283,
566,Northwest University,2021,32284,
695,Saint Elizabeth,2021,11518,
695,Saint Elizabeth,2021,11519,
695,Saint Elizabeth,2021,29892,
695,Saint Elizabeth,2021,29893,
695,Saint Elizabeth,2021,29894,
695,Saint Elizabeth,2021,29900,
695,Saint Elizabeth,2021,29901,
695,Saint Elizabeth,2021,29902,
737,Pittsburgh-Bradford,2021,12606,
737,Pittsburgh-Bradford,2021,12607,
737,Pittsburgh-Bradford,2021,12608,
737,Pittsburgh-Bradford,2021,12609,
737,Pittsburgh-Bradford,2021,12610,
737,Pittsburgh-Bradford,2021,12611,
737,Pittsburgh-Bradford,2021,12612,
737,Pittsburgh-Bradford,2021,12613,
737,Pittsburgh-Bradford,2021,12614,
737,Pittsburgh-Bradford,2021,12615,
737,Pittsburgh-Bradford,2021,12616,
737,Pittsburgh-Bradford,2021,12617,
737,Pittsburgh-Bradford,2021,12618,
737,Pittsburgh-Bradford,2021,12619,
737,Pittsburgh-Bradford,2021,12620,
737,Pittsburgh-Bradford,2021,12621,
737,Pittsburgh-Bradford,2021,12622,
737,Pittsburgh-Bradford,2021,12623,
782,Michigan Tech,2021,13823,
165,Mercyhurst,2021,5163,
165,Mercyhurst,2021,5172,
165,Mercyhurst,2021,16794,
165,Mercyhurst,2021,27039,
165,Mercyhurst,2021,33325,
165,Mercyhurst,2021,33326,
165,Mercyhurst,2021,33327,
165,Mercyhurst,2021,33328,
165,Mercyhurst,2021,33329,
165,Mercyhurst,2021,33330,
165,Mercyhurst,2021,33331,
165,Mercyhurst,2021,33332,
165,Mercyhurst,2021,33333,
165,Mercyhurst,2021,33334,1900-01-01
165,Mercyhurst,2021,33335,1900-01-01
165,Mercyhurst,2021,33336,1900-01-01
165,Mercyhurst,2021,33337,
165,Mercyhurst,2021,33338,
165,Mercyhurst,2021,33339,
165,Mercyhurst,2021,33340,
165,Mercyhurst,2021,33341,
165,Mercyhurst,2021,33342,
165,Mercyhurst,2021,33343,1900-01-01
165,Mercyhurst,2021,33344,1900-01-01
165,Mercyhurst,2021,33345,1900-01-01
165,Mercyhurst,2021,33346,1900-01-01
165,Mercyhurst,2021,33347,1900-01-01
165,Mercyhurst,2021,33348,1900-01-01
165,Mercyhurst,2021,33349,1900-01-01
165,Mercyhurst,2021,33350,1900-01-01
165,Mercyhurst,2021,33351,
1056,Mount St. Joseph,2021,15005,
1056,Mount St. Joseph,2021,25350,
1056,Mount St. Joseph,2021,25368,
1056,Mount St. Joseph,2021,33312,
1056,Mount St. Joseph,2021,33313,
1056,Mount St. Joseph,2021,33314,
1056,Mount St. Joseph,2021,33315,
1056,Mount St. Joseph,2021,33316,
1056,Mount St. Joseph,2021,33317,
1056,Mount St. Joseph,2021,33318,
1056,Mount St. Joseph,2021,33319,
1056,Mount St. Joseph,2021,33320,
1056,Mount St. Joseph,2021,33321,
1056,Mount St. Joseph,2021,33322,
1056,Mount St. Joseph,2021,33323,
1056,Mount St. Joseph,2021,33324,
1156,Fort Hays State,2021,33151,
1156,Fort Hays State,2021,33152,
1156,Fort Hays State,2021,33153,
1156,Fort Hays State,2021,33154,
1156,Fort Hays State,2021,33155,
1156,Fort Hays State,2021,33156,
1156,Fort Hays State,2021,33157,
1156,Fort Hays State,2021,33158,
1156,Fort Hays State,2021,33159,
1156,Fort Hays State,2021,33160,
1156,Fort Hays State,2021,33161,
1156,Fort Hays State,2021,33162,
1156,Fort Hays State,2021,33163,
1156,Fort Hays State,2021,33164,
1156,Fort Hays State,2021,33165,
1156,Fort Hays State,2021,33166,
1156,Fort Hays State,2021,33167,
1156,Fort Hays State,2021,33168,
1156,Fort Hays State,2021,33169,
1156,Fort Hays State,2021,33170,
1156,Fort Hays State,2021,33171,
1156,Fort Hays State,2021,33172,
1156,Fort Hays State,2021,33173,
1156,Fort Hays State,2021,33174,
1156,Fort Hays State,2021,33175,
1156,Fort Hays State,2021,33176,
570,Life Pacific,2021,6953,
570,Life Pacific,2021,6956,
570,Life Pacific,2021,22073,
570,Life Pacific,2021,22074,
570,Life Pacific,2021,22075,
570,Life Pacific,2021,22080,
570,Life Pacific,2021,22081,
570,Life Pacific,2021,28732,
570,Life Pacific,2021,28733,
570,Life Pacific,2021,28734,
570,Life Pacific,2021,28735,
570,Life Pacific,2021,28736,
570,Life Pacific,2021,28737,
570,Life Pacific,2021,28738,
570,Life Pacific,2021,28739,
570,Life Pacific,2021,28740,
570,Life Pacific,2021,28741,
570,Life Pacific,2021,28742,
570,Life Pacific,2021,28743,
1049,Northwestern Ohio,2021,29729,
1049,Northwestern Ohio,2021,29734,
1049,Northwestern Ohio,2021,29735,
1049,Northwestern Ohio,2021,29736,
1049,Northwestern Ohio,2021,29737,
1049,Northwestern Ohio,2021,29738,
1137,Lander,2021,20772,
1137,Lander,2021,26023,
1137,Lander,2021,31571,
1137,Lander,2021,31572,
1137,Lander,2021,31573,
1137,Lander,2021,31574,
1137,Lander,2021,31575,
1137,Lander,2021,31576,
1137,Lander,2021,31577,
1137,Lander,2021,31578,
1137,Lander,2021,31579,
1137,Lander,2021,31580,
1137,Lander,2021,31581,
1137,Lander,2021,31582,
1137,Lander,2021,31583,
1137,Lander,2021,31584,
367,Centenary (LA),2021,21642,
367,Centenary (LA),2021,21643,
367,Centenary (LA),2021,21647,
367,Centenary (LA),2021,21654,
367,Centenary (LA),2021,21655,
367,Centenary (LA),2021,21657,
367,Centenary (LA),2021,29830,
367,Centenary (LA),2021,29831,
367,Centenary (LA),2021,29833,
822,Eastern Oregon,2021,14976,
822,Eastern Oregon,2021,24511,
822,Eastern Oregon,2021,27514,
822,Eastern Oregon,2021,27518,
822,Eastern Oregon,2021,27519,
822,Eastern Oregon,2021,27522,
983,Clayton State,2021,31249,
983,Clayton State,2021,31250,
983,Clayton State,2021,31251,
983,Clayton State,2021,31252,
983,Clayton State,2021,31253,
983,Clayton State,2021,31254,
983,Clayton State,2021,31255,
983,Clayton State,2021,31256,
983,Clayton State,2021,31257,
983,Clayton State,2021,31258,
983,Clayton State,2021,31259,
983,Clayton State,2021,31260,
983,Clayton State,2021,31261,
609,Coastal Georgia,2021,21413,
609,Coastal Georgia,2021,21420,
609,Coastal Georgia,2021,29640,
609,Coastal Georgia,2021,29641,
609,Coastal Georgia,2021,29643,
609,Coastal Georgia,2021,29644,
609,Coastal Georgia,2021,29646,
609,Coastal Georgia,2021,31918,
609,Coastal Georgia,2021,31919,
609,Coastal Georgia,2021,31920,
609,Coastal Georgia,2021,31921,
609,Coastal Georgia,2021,31922,
609,Coastal Georgia,2021,31923,
609,Coastal Georgia,2021,31924,
718,SUNY-Maritime,2021,23502,
690,Mount Aloysius,2021,11376,
690,Mount Aloysius,2021,11377,
690,Mount Aloysius,2021,11378,
690,Mount Aloysius,2021,11379,
690,Mount Aloysius,2021,11380,
690,Mount Aloysius,2021,11381,
690,Mount Aloysius,2021,11382,
690,Mount Aloysius,2021,11383,
690,Mount Aloysius,2021,11384,
690,Mount Aloysius,2021,11385,
690,Mount Aloysius,2021,11386,
690,Mount Aloysius,2021,11387,
690,Mount Aloysius,2021,11388,
690,Mount Aloysius,2021,11389,
690,Mount Aloysius,2021,11390,
690,Mount Aloysius,2021,11391,
690,Mount Aloysius,2021,11392,
690,Mount Aloysius,2021,11393,
690,Mount Aloysius,2021,11394,
690,Mount Aloysius,2021,11395,
690,Mount Aloysius,2021,34745,
690,Mount Aloysius,2021,34746,
694,Mitchell College,2021,11475,
694,Mitchell College,2021,11476,
694,Mitchell College,2021,11477,
694,Mitchell College,2021,11478,
694,Mitchell College,2021,11479,
694,Mitchell College,2021,11480,
694,Mitchell College,2021,11481,
694,Mitchell College,2021,11482,
694,Mitchell College,2021,11483,
694,Mitchell College,2021,11484,
694,Mitchell College,2021,11485,
694,Mitchell College,2021,11486,
694,Mitchell College,2021,11487,
694,Mitchell College,2021,11488,
694,Mitchell College,2021,11489,
694,Mitchell College,2021,11490,
694,Mitchell College,2021,11491,
694,Mitchell College,2021,11492,
694,Mitchell College,2021,11493,
694,Mitchell College,2021,11494,
694,Mitchell College,2021,11495,
694,Mitchell College,2021,11496,
863,Curry College,2021,17586,
1136,North Georgia,2021,7082,
1136,North Georgia,2021,31529,
1136,North Georgia,2021,31530,
1136,North Georgia,2021,31531,
1136,North Georgia,2021,31532,
1136,North Georgia,2021,31533,
1136,North Georgia,2021,31534,
1136,North Georgia,2021,31535,
1136,North Georgia,2021,31536,
1136,North Georgia,2021,31537,
1136,North Georgia,2021,31538,
1136,North Georgia,2021,31539,
1136,North Georgia,2021,31540,
1136,North Georgia,2021,31541,
1136,North Georgia,2021,31542,
1136,North Georgia,2021,31543,
954,Greensboro College,2021,19421,
954,Greensboro College,2021,19433,
954,Greensboro College,2021,19434,
954,Greensboro College,2021,23853,
954,Greensboro College,2021,23856,
954,Greensboro College,2021,23858,
954,Greensboro College,2021,29244,
954,Greensboro College,2021,29245,
954,Greensboro College,2021,29246,
954,Greensboro College,2021,29250,
954,Greensboro College,2021,29252,
954,Greensboro College,2021,29253,
954,Greensboro College,2021,33051,
954,Greensboro College,2021,33052,
954,Greensboro College,2021,33053,
954,Greensboro College,2021,33054,
954,Greensboro College,2021,33055,
889,Pacific Union,2021,18180,
889,Pacific Union,2021,18181,
889,Pacific Union,2021,18182,
889,Pacific Union,2021,18183,
889,Pacific Union,2021,18184,
889,Pacific Union,2021,18185,
889,Pacific Union,2021,18186,
889,Pacific Union,2021,18187,
889,Pacific Union,2021,18188,
889,Pacific Union,2021,18189,
889,Pacific Union,2021,18190,
889,Pacific Union,2021,18191,
889,Pacific Union,2021,18192,
889,Pacific Union,2021,18193,
889,Pacific Union,2021,18194,
653,UT Permian Basin,2021,10316,
653,UT Permian Basin,2021,10317,
653,UT Permian Basin,2021,10318,
653,UT Permian Basin,2021,10319,
653,UT Permian Basin,2021,10320,
653,UT Permian Basin,2021,10321,
653,UT Permian Basin,2021,10322,
653,UT Permian Basin,2021,10323,
653,UT Permian Basin,2021,10325,
653,UT Permian Basin,2021,10326,
653,UT Permian Basin,2021,10327,
653,UT Permian Basin,2021,10328,
1051,Concord,2021,25167,
1051,Concord,2021,25171,
1051,Concord,2021,25174,
1089,Edinboro,2021,29095,
1089,Edinboro,2021,29096,
1089,Edinboro,2021,29102,
1089,Edinboro,2021,29103,
1089,Edinboro,2021,29104,
1017,Indiana-South Bend,2021,23454,
1017,Indiana-South Bend,2021,23455,
1017,Indiana-South Bend,2021,23456,
1017,Indiana-South Bend,2021,23457,
1017,Indiana-South Bend,2021,23460,
1017,Indiana-South Bend,2021,23468,
1022,Ottawa (AZ),2021,16453,
1022,Ottawa (AZ),2021,24078,
1022,Ottawa (AZ),2021,28535,
1022,Ottawa (AZ),2021,28536,
1022,Ottawa (AZ),2021,28537,
1022,Ottawa (AZ),2021,28538,
1022,Ottawa (AZ),2021,28539,
1022,Ottawa (AZ),2021,28540,
1022,Ottawa (AZ),2021,28541,
1022,Ottawa (AZ),2021,28542,
1022,Ottawa (AZ),2021,28543,
1022,Ottawa (AZ),2021,28544,
1022,Ottawa (AZ),2021,28545,
1022,Ottawa (AZ),2021,28546,
1022,Ottawa (AZ),2021,28547,
1022,Ottawa (AZ),2021,28548,
1022,Ottawa (AZ),2021,28549,
1022,Ottawa (AZ),2021,28550,
1022,Ottawa (AZ),2021,28551,
1022,Ottawa (AZ),2021,28552,
1022,Ottawa (AZ),2021,28553,
1022,Ottawa (AZ),2021,28554,
1122,Caltech,2021,30717,
1122,Caltech,2021,30719,
1122,Caltech,2021,30720,
1122,Caltech,2021,30721,
1122,Caltech,2021,30733,
1102,Yellowstone Christian College,2021,19073,
1102,Yellowstone Christian College,2021,30268,
1102,Yellowstone Christian College,2021,30270,
1102,Yellowstone Christian College,2021,30272,
1102,Yellowstone Christian College,2021,30273,
1102,Yellowstone Christian College,2021,30274,
1102,Yellowstone Christian College,2021,30275,
1102,Yellowstone Christian College,2021,30276,
1102,Yellowstone Christian College,2021,30277,
1102,Yellowstone Christian College,2021,30278,
1102,Yellowstone Christian College,2021,30279,
1102,Yellowstone Christian College,2021,30280,
546,Penn State - Wilkes-Barre,2021,28139,
546,Penn State - Wilkes-Barre,2021,28140,
546,Penn State - Wilkes-Barre,2021,28142,
546,Penn State - Wilkes-Barre,2021,28148,
701,Texas Wesleyan,2021,11677,
701,Texas Wesleyan,2021,11678,
1006,Central Baptist College,2021,23147,
1006,Central Baptist College,2021,23149,
1006,Central Baptist College,2021,23159,
1006,Central Baptist College,2021,28990,
1006,Central Baptist College,2021,28991,
1006,Central Baptist College,2021,29907,
1006,Central Baptist College,2021,33373,
1006,Central Baptist College,2021,33374,
1006,Central Baptist College,2021,33375,
1006,Central Baptist College,2021,33376,
1006,Central Baptist College,2021,33377,
1006,Central Baptist College,2021,33378,
1006,Central Baptist College,2021,33379,
1006,Central Baptist College,2021,33380,
1006,Central Baptist College,2021,33381,
941,Bridgewater College (VA),2021,23107,
941,Bridgewater College (VA),2021,23111,
941,Bridgewater College (VA),2021,26827,
941,Bridgewater College (VA),2021,26828,
941,Bridgewater College (VA),2021,26833,
603,UT Dallas,2021,8898,
603,UT Dallas,2021,8899,
603,UT Dallas,2021,8900,
603,UT Dallas,2021,8901,
603,UT Dallas,2021,8902,
603,UT Dallas,2021,8903,
603,UT Dallas,2021,8904,
603,UT Dallas,2021,8905,
603,UT Dallas,2021,8906,
603,UT Dallas,2021,8907,
603,UT Dallas,2021,8908,
603,UT Dallas,2021,8909,
603,UT Dallas,2021,8910,
637,Southern Oregon,2021,9928,
637,Southern Oregon,2021,9929,
637,Southern Oregon,2021,9930,
637,Southern Oregon,2021,9931,
637,Southern Oregon,2021,9932,
637,Southern Oregon,2021,9933,
637,Southern Oregon,2021,9934,
637,Southern Oregon,2021,9935,
637,Southern Oregon,2021,9936,
637,Southern Oregon,2021,9937,
637,Southern Oregon,2021,9938,
637,Southern Oregon,2021,9939,
637,Southern Oregon,2021,9940,
804,Southwestern Christian,2021,14401,
804,Southwestern Christian,2021,14402,
804,Southwestern Christian,2021,14403,
804,Southwestern Christian,2021,14404,
804,Southwestern Christian,2021,24931,
804,Southwestern Christian,2021,24932,
804,Southwestern Christian,2021,24938,
804,Southwestern Christian,2021,24939,
804,Southwestern Christian,2021,24940,
804,Southwestern Christian,2021,24941,
804,Southwestern Christian,2021,24942,
804,Southwestern Christian,2021,24943,
804,Southwestern Christian,2021,24944,
804,Southwestern Christian,2021,24945,
804,Southwestern Christian,2021,24946,
804,Southwestern Christian,2021,24947,
804,Southwestern Christian,2021,24948,
804,Southwestern Christian,2021,24949,
804,Southwestern Christian,2021,24950,
804,Southwestern Christian,2021,28501,
758,Harris-Stowe State,2021,27957,
803,Virginia Wesleyan,2021,14363,
803,Virginia Wesleyan,2021,14369,
803,Virginia Wesleyan,2021,14372,
803,Virginia Wesleyan,2021,23134,
803,Virginia Wesleyan,2021,23138,
803,Virginia Wesleyan,2021,27864,
803,Virginia Wesleyan,2021,27865,
803,Virginia Wesleyan,2021,27866,
803,Virginia Wesleyan,2021,27867,
803,Virginia Wesleyan,2021,27868,
803,Virginia Wesleyan,2021,27870,
803,Virginia Wesleyan,2021,27871,
803,Virginia Wesleyan,2021,27872,
803,Virginia Wesleyan,2021,27873,
803,Virginia Wesleyan,2021,34049,
803,Virginia Wesleyan,2021,34050,
803,Virginia Wesleyan,2021,34051,
803,Virginia Wesleyan,2021,34052,
803,Virginia Wesleyan,2021,34053,
803,Virginia Wesleyan,2021,34054,
803,Virginia Wesleyan,2021,34055,
803,Virginia Wesleyan,2021,34056,
1091,Transylvania,2021,29267,
1091,Transylvania,2021,29269,
1091,Transylvania,2021,29270,
1091,Transylvania,2021,29271,
1091,Transylvania,2021,29272,
1091,Transylvania,2021,29273,
1091,Transylvania,2021,29274,
1091,Transylvania,2021,29278,
1091,Transylvania,2021,29279,
1091,Transylvania,2021,29280,
1091,Transylvania,2021,29282,
1091,Transylvania,2021,29283,
1091,Transylvania,2021,33205,
1091,Transylvania,2021,33206,
1091,Transylvania,2021,33207,
1091,Transylvania,2021,33208,
1091,Transylvania,2021,33209,
1091,Transylvania,2021,33210,
1091,Transylvania,2021,33211,
1091,Transylvania,2021,33212,
1091,Transylvania,2021,33213,
1091,Transylvania,2021,33214,
1091,Transylvania,2021,33215,
1091,Transylvania,2021,33216,
1091,Transylvania,2021,33626,
1091,Transylvania,2021,33627,
1091,Transylvania,2021,33628,
1091,Transylvania,2021,33629,
1091,Transylvania,2021,33630,
1091,Transylvania,2021,33631,
652,Colorado Christian,2021,21027,2000-07-17
652,Colorado Christian,2021,21844,
652,Colorado Christian,2021,21845,
652,Colorado Christian,2021,27548,
652,Colorado Christian,2021,33295,
652,Colorado Christian,2021,33296,
652,Colorado Christian,2021,33297,
652,Colorado Christian,2021,33298,
652,Colorado Christian,2021,33299,
535,Pfeiffer,2021,21292,
535,Pfeiffer,2021,21293,
535,Pfeiffer,2021,21302,
535,Pfeiffer,2021,21307,
535,Pfeiffer,2021,21308,
535,Pfeiffer,2021,21309,
535,Pfeiffer,2021,21310,
535,Pfeiffer,2021,21311,
535,Pfeiffer,2021,21312,
535,Pfeiffer,2021,21313,
535,Pfeiffer,2021,31112,
535,Pfeiffer,2021,31113,
565,Hawai'i Hilo,2021,8439,
565,Hawai'i Hilo,2021,22697,
565,Hawai'i Hilo,2021,28080,
565,Hawai'i Hilo,2021,28081,
565,Hawai'i Hilo,2021,28084,
565,Hawai'i Hilo,2021,28087,
565,Hawai'i Hilo,2021,28088,
565,Hawai'i Hilo,2021,28089,
565,Hawai'i Hilo,2021,28090,
565,Hawai'i Hilo,2021,28091,
565,Hawai'i Hilo,2021,28093,
565,Hawai'i Hilo,2021,28094,
565,Hawai'i Hilo,2021,33920,
565,Hawai'i Hilo,2021,33921,
565,Hawai'i Hilo,2021,33922,
565,Hawai'i Hilo,2021,33923,
565,Hawai'i Hilo,2021,33924,
565,Hawai'i Hilo,2021,33925,
565,Hawai'i Hilo,2021,33926,
565,Hawai'i Hilo,2021,33927,
565,Hawai'i Hilo,2021,33928,
565,Hawai'i Hilo,2021,33929,
728,Judson University,2021,11244,
728,Judson University,2021,12341,
728,Judson University,2021,12342,
728,Judson University,2021,12343,
728,Judson University,2021,12344,
728,Judson University,2021,12345,
728,Judson University,2021,12346,
728,Judson University,2021,12347,
728,Judson University,2021,12348,
728,Judson University,2021,12349,
728,Judson University,2021,12350,
728,Judson University,2021,12351,
728,Judson University,2021,12352,
728,Judson University,2021,12353,
728,Judson University,2021,12354,
728,Judson University,2021,12355,
728,Judson University,2021,32656,
728,Judson University,2021,32657,
728,Judson University,2021,32658,
728,Judson University,2021,32659,
728,Judson University,2021,32660,
728,Judson University,2021,32661,
728,Judson University,2021,32662,
728,Judson University,2021,32663,
728,Judson University,2021,32664,
728,Judson University,2021,32665,
728,Judson University,2021,32666,
1052,Fairmont St,2021,25184,
1052,Fairmont St,2021,25187,
1052,Fairmont St,2021,25189,
987,Harding,2021,27593,
987,Harding,2021,27596,
987,Harding,2021,27598,
987,Harding,2021,27599,
865,Point Park,2021,17654,
865,Point Park,2021,17656,
865,Point Park,2021,28682,
865,Point Park,2021,28683,
865,Point Park,2021,28687,
865,Point Park,2021,28688,
865,Point Park,2021,28689,
865,Point Park,2021,28690,
865,Point Park,2021,28691,
865,Point Park,2021,28692,
865,Point Park,2021,28693,
865,Point Park,2021,28694,
865,Point Park,2021,28695,
865,Point Park,2021,28696,
865,Point Park,2021,28697,
865,Point Park,2021,28698,
865,Point Park,2021,28699,
865,Point Park,2021,32698,
865,Point Park,2021,31487,
881,Johnson & Wales (NC),2021,18019,
881,Johnson & Wales (NC),2021,18021,
881,Johnson & Wales (NC),2021,18028,
881,Johnson & Wales (NC),2021,18029,
881,Johnson & Wales (NC),2021,18030,
881,Johnson & Wales (NC),2021,26262,
683,Southern Virginia,2021,34656,
683,Southern Virginia,2021,34657,
683,Southern Virginia,2021,34658,
683,Southern Virginia,2021,34659,
683,Southern Virginia,2021,34660,
683,Southern Virginia,2021,34661,
683,Southern Virginia,2021,34662,
683,Southern Virginia,2021,34663,
683,Southern Virginia,2021,34664,
683,Southern Virginia,2021,34665,
683,Southern Virginia,2021,34666,
683,Southern Virginia,2021,34667,
683,Southern Virginia,2021,34668,
683,Southern Virginia,2021,34669,
683,Southern Virginia,2021,34670,
683,Southern Virginia,2021,34671,
683,Southern Virginia,2021,34672,
683,Southern Virginia,2021,34673,
683,Southern Virginia,2021,34674,
683,Southern Virginia,2021,34675,
683,Southern Virginia,2021,34676,
683,Southern Virginia,2021,34677,
683,Southern Virginia,2021,34678,
683,Southern Virginia,2021,34679,
683,Southern Virginia,2021,34680,
683,Southern Virginia,2021,34681,
683,Southern Virginia,2021,34682,
683,Southern Virginia,2021,34683,
683,Southern Virginia,2021,34684,
683,Southern Virginia,2021,34685,
683,Southern Virginia,2021,34686,
683,Southern Virginia,2021,34687,
542,Jamestown,2021,4342,
542,Jamestown,2021,4343,
542,Jamestown,2021,4344,
542,Jamestown,2021,4345,
542,Jamestown,2021,4346,
542,Jamestown,2021,4347,
542,Jamestown,2021,4348,
542,Jamestown,2021,4349,
542,Jamestown,2021,4350,
542,Jamestown,2021,4351,
542,Jamestown,2021,4352,
542,Jamestown,2021,4353,
542,Jamestown,2021,4354,
542,Jamestown,2021,4355,
542,Jamestown,2021,4356,
542,Jamestown,2021,4357,
542,Jamestown,2021,4358,
542,Jamestown,2021,4359,
542,Jamestown,2021,4360,
542,Jamestown,2021,4361,
685,Calvary,2021,30053,
685,Calvary,2021,30054,
362,Queens University,2021,3012,
362,Queens University,2021,3264,
362,Queens University,2021,16002,
362,Queens University,2021,16327,
362,Queens University,2021,20738,
362,Queens University,2021,20739,
362,Queens University,2021,20740,
362,Queens University,2021,21473,
362,Queens University,2021,32288,
362,Queens University,2021,32289,
362,Queens University,2021,32290,
362,Queens University,2021,32291,
362,Queens University,2021,32292,
362,Queens University,2021,32293,
362,Queens University,2021,32294,
362,Queens University,2021,32295,
362,Queens University,2021,32296,
514,Dickinson (PA),2021,1910,
514,Dickinson (PA),2021,1911,
514,Dickinson (PA),2021,1913,
514,Dickinson (PA),2021,1915,
514,Dickinson (PA),2021,1918,
531,LSU Alexandria,2021,3667,
531,LSU Alexandria,2021,21425,
531,LSU Alexandria,2021,25551,
531,LSU Alexandria,2021,26611,
531,LSU Alexandria,2021,26613,
531,LSU Alexandria,2021,26617,
531,LSU Alexandria,2021,26618,
531,LSU Alexandria,2021,26620,
531,LSU Alexandria,2021,33056,
531,LSU Alexandria,2021,33057,
531,LSU Alexandria,2021,33058,
531,LSU Alexandria,2021,33059,
531,LSU Alexandria,2021,33060,
531,LSU Alexandria,2021,33061,
531,LSU Alexandria,2021,33062,
531,LSU Alexandria,2021,33063,
531,LSU Alexandria,2021,33064,
531,LSU Alexandria,2021,34047,
628,Mount Marty College,2021,9708,
628,Mount Marty College,2021,24004,
628,Mount Marty College,2021,24005,
628,Mount Marty College,2021,24006,
628,Mount Marty College,2021,24007,
628,Mount Marty College,2021,24008,
628,Mount Marty College,2021,24010,
628,Mount Marty College,2021,30907,
628,Mount Marty College,2021,30908,
628,Mount Marty College,2021,30909,
628,Mount Marty College,2021,30910,
628,Mount Marty College,2021,33976,
628,Mount Marty College,2021,33977,
628,Mount Marty College,2021,33978,
628,Mount Marty College,2021,33979,
628,Mount Marty College,2021,33980,
628,Mount Marty College,2021,33981,
628,Mount Marty College,2021,33982,
628,Mount Marty College,2021,33983,
628,Mount Marty College,2021,33984,
628,Mount Marty College,2021,33985,
628,Mount Marty College,2021,33986,
628,Mount Marty College,2021,33987,
628,Mount Marty College,2021,33988,
628,Mount Marty College,2021,33989,
628,Mount Marty College,2021,33990,
628,Mount Marty College,2021,33991,
628,Mount Marty College,2021,33992,
628,Mount Marty College,2021,33993,
628,Mount Marty College,2021,33994,
628,Mount Marty College,2021,33995,
628,Mount Marty College,2021,33996,
628,Mount Marty College,2021,33997,
628,Mount Marty College,2021,33998,
628,Mount Marty College,2021,33999,
628,Mount Marty College,2021,34000,
628,Mount Marty College,2021,34001,
628,Mount Marty College,2021,34002,
628,Mount Marty College,2021,34193,
628,Mount Marty College,2021,34194,
628,Mount Marty College,2021,34195,
628,Mount Marty College,2021,34196,
628,Mount Marty College,2021,34197,
1130,Point,2021,31005,
1130,Point,2021,31006,
1130,Point,2021,31007,
1130,Point,2021,31008,
1130,Point,2021,31009,
1130,Point,2021,31010,
1130,Point,2021,31011,
1130,Point,2021,31012,
1130,Point,2021,31013,
1130,Point,2021,31014,
1130,Point,2021,31015,
1130,Point,2021,31016,
1130,Point,2021,31017,
1130,Point,2021,31018,
1130,Point,2021,31019,
1130,Point,2021,31020,
1130,Point,2021,31021,
1130,Point,2021,31022,
1130,Point,2021,31023,
670,La Sierra,2021,22039,
670,La Sierra,2021,22040,
670,La Sierra,2021,22046,
670,La Sierra,2021,22047,
670,La Sierra,2021,28795,
670,La Sierra,2021,28799,
670,La Sierra,2021,28800,
670,La Sierra,2021,32739,
670,La Sierra,2021,32740,
670,La Sierra,2021,32741,
670,La Sierra,2021,32742,
670,La Sierra,2021,32743,
670,La Sierra,2021,32744,
670,La Sierra,2021,32745,
670,La Sierra,2021,32746,
670,La Sierra,2021,32747,
670,La Sierra,2021,32748,
670,La Sierra,2021,32749,
670,La Sierra,2021,32750,
670,La Sierra,2021,32751,
670,La Sierra,2021,32752,
670,La Sierra,2021,32753,
670,La Sierra,2021,32754,
670,La Sierra,2021,32755,
670,La Sierra,2021,32756,
670,La Sierra,2021,32757,
670,La Sierra,2021,32758,
670,La Sierra,2021,32759,
670,La Sierra,2021,32760,
670,La Sierra,2021,32761,
670,La Sierra,2021,32762,
670,La Sierra,2021,32763,
560,William Carey,2021,6104,
560,William Carey,2021,26930,
560,William Carey,2021,26931,
560,William Carey,2021,26932,
560,William Carey,2021,26933,
560,William Carey,2021,26935,
560,William Carey,2021,26936,
560,William Carey,2021,32731,
560,William Carey,2021,32732,
560,William Carey,2021,32733,
560,William Carey,2021,32734,
560,William Carey,2021,32735,
560,William Carey,2021,32736,
560,William Carey,2021,32737,
560,William Carey,2021,32738,
1057,Goucher,2021,25396,
1057,Goucher,2021,25407,
1057,Goucher,2021,31115,
1057,Goucher,2021,31116,
1057,Goucher,2021,31118,
1057,Goucher,2021,31120,
1057,Goucher,2021,31121,
1057,Goucher,2021,31127,
545,St. Francis (IL),2021,4451,
545,St. Francis (IL),2021,4472,
545,St. Francis (IL),2021,4473,
545,St. Francis (IL),2021,4474,
545,St. Francis (IL),2021,4480,
545,St. Francis (IL),2021,4481,
545,St. Francis (IL),2021,4482,
545,St. Francis (IL),2021,4483,
545,St. Francis (IL),2021,4484,
545,St. Francis (IL),2021,4486,
545,St. Francis (IL),2021,33565,
545,St. Francis (IL),2021,33566,
545,St. Francis (IL),2021,33567,
545,St. Francis (IL),2021,33568,
545,St. Francis (IL),2021,33569,
545,St. Francis (IL),2021,33570,
545,St. Francis (IL),2021,33571,
545,St. Francis (IL),2021,33572,
545,St. Francis (IL),2021,33573,
545,St. Francis (IL),2021,33574,
940,Mayville State,2021,19136,
697,Mansfield,2021,11550,
697,Mansfield,2021,11551,
697,Mansfield,2021,11552,
697,Mansfield,2021,11553,
697,Mansfield,2021,11554,
697,Mansfield,2021,11555,
697,Mansfield,2021,11556,
697,Mansfield,2021,11557,
697,Mansfield,2021,11558,
697,Mansfield,2021,11559,
697,Mansfield,2021,11560,
697,Mansfield,2021,11561,
697,Mansfield,2021,11562,
697,Mansfield,2021,11563,
697,Mansfield,2021,11564,
697,Mansfield,2021,11565,
553,Dubuque,2021,5307,
831,Spalding,2021,29485,
831,Spalding,2021,29489,
831,Spalding,2021,30824,
1115,Quincy,2021,626,
1115,Quincy,2021,20425,
1115,Quincy,2021,30464,
1115,Quincy,2021,30465,
1115,Quincy,2021,30469,
1115,Quincy,2021,30470,
1115,Quincy,2021,30476,
1115,Quincy,2021,30480,
1115,Quincy,2021,33065,
1115,Quincy,2021,33066,
1115,Quincy,2021,33067,
1115,Quincy,2021,33068,
1115,Quincy,2021,33069,
1115,Quincy,2021,33070,
1115,Quincy,2021,33071,
1115,Quincy,2021,33612,
1115,Quincy,2021,33613,
1115,Quincy,2021,33614,
605,Evergreen State,2021,8987,
605,Evergreen State,2021,23366,
605,Evergreen State,2021,28590,
605,Evergreen State,2021,28591,
605,Evergreen State,2021,28592,
605,Evergreen State,2021,28593,
587,St. Andrews,2021,8208,
587,St. Andrews,2021,8224,
587,St. Andrews,2021,8230,
587,St. Andrews,2021,8231,
587,St. Andrews,2021,8232,
587,St. Andrews,2021,28814,
587,St. Andrews,2021,28815,
587,St. Andrews,2021,28816,
587,St. Andrews,2021,28823,
587,St. Andrews,2021,28824,
587,St. Andrews,2021,28825,
587,St. Andrews,2021,31944,
587,St. Andrews,2021,31945,
587,St. Andrews,2021,31946,
587,St. Andrews,2021,31947,
604,Wayland Baptist,2021,8944,
604,Wayland Baptist,2021,8945,
604,Wayland Baptist,2021,8946,
604,Wayland Baptist,2021,8947,
604,Wayland Baptist,2021,8948,
604,Wayland Baptist,2021,8949,
604,Wayland Baptist,2021,8950,
604,Wayland Baptist,2021,8951,
604,Wayland Baptist,2021,8952,
604,Wayland Baptist,2021,8953,
604,Wayland Baptist,2021,8954,
604,Wayland Baptist,2021,8955,
604,Wayland Baptist,2021,8956,
604,Wayland Baptist,2021,8957,
604,Wayland Baptist,2021,8958,
604,Wayland Baptist,2021,8959,
604,Wayland Baptist,2021,8960,
604,Wayland Baptist,2021,8961,
604,Wayland Baptist,2021,8962,
604,Wayland Baptist,2021,8963,
604,Wayland Baptist,2021,8964,
604,Wayland Baptist,2021,8965,
604,Wayland Baptist,2021,8966,
639,Dickinson State (ND),2021,9970,
639,Dickinson State (ND),2021,9982,
639,Dickinson State (ND),2021,9985,
639,Dickinson State (ND),2021,9989,
639,Dickinson State (ND),2021,9990,
639,Dickinson State (ND),2021,9991,
639,Dickinson State (ND),2021,33795,
639,Dickinson State (ND),2021,33796,
639,Dickinson State (ND),2021,33797,
639,Dickinson State (ND),2021,33798,
639,Dickinson State (ND),2021,33799,
639,Dickinson State (ND),2021,33800,
639,Dickinson State (ND),2021,33801,
639,Dickinson State (ND),2021,33802,
639,Dickinson State (ND),2021,33803,
639,Dickinson State (ND),2021,33804,
639,Dickinson State (ND),2021,33805,
639,Dickinson State (ND),2021,33806,
639,Dickinson State (ND),2021,33807,
639,Dickinson State (ND),2021,33808,
639,Dickinson State (ND),2021,33809,
639,Dickinson State (ND),2021,33810,
1142,Columbus State,2021,21057,
1142,Columbus State,2021,34688,
1142,Columbus State,2021,34689,
1142,Columbus State,2021,34690,
1142,Columbus State,2021,34691,
1142,Columbus State,2021,34692,
1142,Columbus State,2021,34693,
1142,Columbus State,2021,34694,
1142,Columbus State,2021,34695,
1142,Columbus State,2021,34696,
1142,Columbus State,2021,34697,
1142,Columbus State,2021,34698,
1142,Columbus State,2021,34699,
1142,Columbus State,2021,34700,
1142,Columbus State,2021,34701,
1142,Columbus State,2021,34702,
1142,Columbus State,2021,34703,
506,Alice Lloyd College,2021,1544,
506,Alice Lloyd College,2021,1554,
506,Alice Lloyd College,2021,24325,
506,Alice Lloyd College,2021,24326,
506,Alice Lloyd College,2021,24327,
506,Alice Lloyd College,2021,24328,
506,Alice Lloyd College,2021,24329,
506,Alice Lloyd College,2021,24330,
506,Alice Lloyd College,2021,30372,
506,Alice Lloyd College,2021,30374,
506,Alice Lloyd College,2021,30375,
506,Alice Lloyd College,2021,30376,
506,Alice Lloyd College,2021,33811,
506,Alice Lloyd College,2021,33812,
506,Alice Lloyd College,2021,33813,
506,Alice Lloyd College,2021,33814,
506,Alice Lloyd College,2021,33815,
506,Alice Lloyd College,2021,33816,
506,Alice Lloyd College,2021,33817,
506,Alice Lloyd College,2021,33818,
506,Alice Lloyd College,2021,33819,
506,Alice Lloyd College,2021,33820,
506,Alice Lloyd College,2021,33821,
506,Alice Lloyd College,2021,33822,
506,Alice Lloyd College,2021,33823,
506,Alice Lloyd College,2021,33824,
506,Alice Lloyd College,2021,33825,
506,Alice Lloyd College,2021,33826,
506,Alice Lloyd College,2021,33827,
506,Alice Lloyd College,2021,33828,
506,Alice Lloyd College,2021,33829,
506,Alice Lloyd College,2021,33830,
506,Alice Lloyd College,2021,33831,
506,Alice Lloyd College,2021,33832,
506,Alice Lloyd College,2021,33833,
506,Alice Lloyd College,2021,33834,
968,Mount Saint Vincent,2021,29377,
968,Mount Saint Vincent,2021,29380,
968,Mount Saint Vincent,2021,29381,
968,Mount Saint Vincent,2021,29382,
968,Mount Saint Vincent,2021,29383,
922,SUNY-Potsdam,2021,18810,
742,Arlington Baptist,2021,12720,
742,Arlington Baptist,2021,23966,
742,Arlington Baptist,2021,23967,
742,Arlington Baptist,2021,23974,
742,Arlington Baptist,2021,23975,
742,Arlington Baptist,2021,23976,
742,Arlington Baptist,2021,23977,
742,Arlington Baptist,2021,23978,
742,Arlington Baptist,2021,23979,
742,Arlington Baptist,2021,23980,
742,Arlington Baptist,2021,23981,
742,Arlington Baptist,2021,23982,
742,Arlington Baptist,2021,23983,
742,Arlington Baptist,2021,23984,
742,Arlington Baptist,2021,23985,
742,Arlington Baptist,2021,23986,
742,Arlington Baptist,2021,33244,
724,Nazareth College,2021,12228,
724,Nazareth College,2021,12229,
724,Nazareth College,2021,12230,
724,Nazareth College,2021,12231,
724,Nazareth College,2021,12232,
724,Nazareth College,2021,12233,
724,Nazareth College,2021,12234,
724,Nazareth College,2021,12235,
724,Nazareth College,2021,12236,
724,Nazareth College,2021,12237,
724,Nazareth College,2021,12238,
724,Nazareth College,2021,12239,
724,Nazareth College,2021,12240,
724,Nazareth College,2021,12241,
724,Nazareth College,2021,12242,
724,Nazareth College,2021,12243,
724,Nazareth College,2021,12244,
724,Nazareth College,2021,12245,
724,Nazareth College,2021,12246,
724,Nazareth College,2021,12247,
724,Nazareth College,2021,12248,
724,Nazareth College,2021,12249,
1176,Bluefield State,2021,18878,
1176,Bluefield State,2021,20211,
1176,Bluefield State,2021,21222,
1176,Bluefield State,2021,34519,
1176,Bluefield State,2021,34520,
1176,Bluefield State,2021,34521,
1176,Bluefield State,2021,34522,
1176,Bluefield State,2021,34523,
1176,Bluefield State,2021,34524,
1176,Bluefield State,2021,34525,
1176,Bluefield State,2021,34526,
1176,Bluefield State,2021,34527,
1176,Bluefield State,2021,34528,
1176,Bluefield State,2021,34529,
1176,Bluefield State,2021,34530,
1176,Bluefield State,2021,34531,
1176,Bluefield State,2021,34532,
1176,Bluefield State,2021,34533,
1176,Bluefield State,2021,34534,
1176,Bluefield State,2021,34535,
1176,Bluefield State,2021,34536,
1176,Bluefield State,2021,34537,
1176,Bluefield State,2021,34538,
1176,Bluefield State,2021,34539,
1176,Bluefield State,2021,34540,
1176,Bluefield State,2021,34541,
1176,Bluefield State,2021,34542,
1176,Bluefield State,2021,34543,
1176,Bluefield State,2021,34544,
1176,Bluefield State,2021,34545,
1176,Bluefield State,2021,34546,
1176,Bluefield State,2021,34547,
1176,Bluefield State,2021,34548,
1176,Bluefield State,2021,34549,
1176,Bluefield State,2021,34550,
1176,Bluefield State,2021,34551,
1176,Bluefield State,2021,34552,
1176,Bluefield State,2021,34553,
788,Franciscan University,2021,13971,
788,Franciscan University,2021,23784,
788,Franciscan University,2021,23791,
788,Franciscan University,2021,23794,
788,Franciscan University,2021,28907,
788,Franciscan University,2021,28908,
788,Franciscan University,2021,28911,
1008,St. Mary's (TX),2021,6683,
1008,St. Mary's (TX),2021,23171,
1008,St. Mary's (TX),2021,23174,
1008,St. Mary's (TX),2021,23175,
1008,St. Mary's (TX),2021,23189,
1008,St. Mary's (TX),2021,23190,
1008,St. Mary's (TX),2021,23191,
1008,St. Mary's (TX),2021,23192,
1008,St. Mary's (TX),2021,27743,
1008,St. Mary's (TX),2021,29629,
1008,St. Mary's (TX),2021,29630,
1008,St. Mary's (TX),2021,29631,
1008,St. Mary's (TX),2021,29635,
1008,St. Mary's (TX),2021,34199,
1008,St. Mary's (TX),2021,34200,
1008,St. Mary's (TX),2021,34201,
1008,St. Mary's (TX),2021,34202,
1008,St. Mary's (TX),2021,34203,
1008,St. Mary's (TX),2021,34204,
1008,St. Mary's (TX),2021,34205,
1008,St. Mary's (TX),2021,34206,
1008,St. Mary's (TX),2021,34207,
1008,St. Mary's (TX),2021,34208,
1008,St. Mary's (TX),2021,34209,
1008,St. Mary's (TX),2021,34210,
1008,St. Mary's (TX),2021,34211,
1008,St. Mary's (TX),2021,34212,
1008,St. Mary's (TX),2021,34213,
1008,St. Mary's (TX),2021,34214,
826,Medgar Evers,2021,15059,
826,Medgar Evers,2021,25381,
826,Medgar Evers,2021,25384,
826,Medgar Evers,2021,25391,
826,Medgar Evers,2021,29114,
1055,Williams Baptist,2021,25317,
1055,Williams Baptist,2021,25318,
1055,Williams Baptist,2021,25319,
1055,Williams Baptist,2021,25320,
1055,Williams Baptist,2021,25321,
1055,Williams Baptist,2021,25322,
1055,Williams Baptist,2021,25323,
1055,Williams Baptist,2021,25324,
1055,Williams Baptist,2021,25325,
1055,Williams Baptist,2021,25326,
1055,Williams Baptist,2021,25327,
1055,Williams Baptist,2021,25328,
1055,Williams Baptist,2021,25329,
1055,Williams Baptist,2021,25330,
1055,Williams Baptist,2021,25331,
1055,Williams Baptist,2021,25332,
1055,Williams Baptist,2021,25333,2003-12-10
849,Southwestern Assemblies of God,2021,25649,
849,Southwestern Assemblies of God,2021,25650,
764,Montana Tech,2021,13296,
764,Montana Tech,2021,13297,
764,Montana Tech,2021,13298,
764,Montana Tech,2021,30748,
764,Montana Tech,2021,30749,
764,Montana Tech,2021,30750,
764,Montana Tech,2021,30751,
764,Montana Tech,2021,30753,
764,Montana Tech,2021,30754,
764,Montana Tech,2021,30755,
1169,Midwestern State,2021,6112,
1169,Midwestern State,2021,34217,
1169,Midwestern State,2021,34218,
1169,Midwestern State,2021,34219,
1169,Midwestern State,2021,34220,
1169,Midwestern State,2021,34221,
1169,Midwestern State,2021,34222,
1169,Midwestern State,2021,34223,
1169,Midwestern State,2021,34224,
1169,Midwestern State,2021,34225,
1169,Midwestern State,2021,34226,
1169,Midwestern State,2021,34227,
1169,Midwestern State,2021,34228,
1169,Midwestern State,2021,34229,
1169,Midwestern State,2021,34230,
1169,Midwestern State,2021,34231,
1169,Midwestern State,2021,34232,
1169,Midwestern State,2021,34233,
1169,Midwestern State,2021,34234,
1169,Midwestern State,2021,34235,
1169,Midwestern State,2021,34236,
1169,Midwestern State,2021,34237,
1169,Midwestern State,2021,34238,
1169,Midwestern State,2021,34239,
1169,Midwestern State,2021,34240,
1169,Midwestern State,2021,34241,
1169,Midwestern State,2021,34242,
1169,Midwestern State,2021,34243,
1169,Midwestern State,2021,34244,
1169,Midwestern State,2021,34245,
1169,Midwestern State,2021,34246,
1169,Midwestern State,2021,34247,
1165,Olivet,2021,1084,
1165,Olivet,2021,33930,
1165,Olivet,2021,33931,
1165,Olivet,2021,33932,
1165,Olivet,2021,33933,
1165,Olivet,2021,33934,
1165,Olivet,2021,33935,
1165,Olivet,2021,33936,
1165,Olivet,2021,33937,
1165,Olivet,2021,33938,
1165,Olivet,2021,33939,
1165,Olivet,2021,33940,
1165,Olivet,2021,33941,
1165,Olivet,2021,33942,
1165,Olivet,2021,33943,
1165,Olivet,2021,33944,
1165,Olivet,2021,33945,
1165,Olivet,2021,33946,
1165,Olivet,2021,33947,
1165,Olivet,2021,33948,
1165,Olivet,2021,33949,
1165,Olivet,2021,33950,
1165,Olivet,2021,33951,
1165,Olivet,2021,33952,
1165,Olivet,2021,33953,
1165,Olivet,2021,33954,
1165,Olivet,2021,33955,
1165,Olivet,2021,33956,
1165,Olivet,2021,33957,
845,Warner Pacific,2021,23430,
845,Warner Pacific,2021,23434,
845,Warner Pacific,2021,34724,
845,Warner Pacific,2021,34725,
845,Warner Pacific,2021,34726,
845,Warner Pacific,2021,34727,
845,Warner Pacific,2021,34728,
845,Warner Pacific,2021,34729,
845,Warner Pacific,2021,34730,
845,Warner Pacific,2021,34731,
845,Warner Pacific,2021,34732,
845,Warner Pacific,2021,34733,
845,Warner Pacific,2021,34734,
845,Warner Pacific,2021,34735,
845,Warner Pacific,2021,34736,
845,Warner Pacific,2021,34737,
845,Warner Pacific,2021,34738,
845,Warner Pacific,2021,34739,
845,Warner Pacific,2021,34740,
845,Warner Pacific,2021,34741,
845,Warner Pacific,2021,34742,
845,Warner Pacific,2021,34743,
845,Warner Pacific,2021,34744,
845,Warner Pacific,2021,34808,
76,East Texas A&M,2021,21704,
76,East Texas A&M,2021,28996,
76,East Texas A&M,2021,28998,
76,East Texas A&M,2021,29000,
1163,Freed-Hardeman,2021,33958,
1163,Freed-Hardeman,2021,33959,
1163,Freed-Hardeman,2021,33960,
1163,Freed-Hardeman,2021,33961,
1163,Freed-Hardeman,2021,33962,
1163,Freed-Hardeman,2021,33963,
1163,Freed-Hardeman,2021,33964,
1163,Freed-Hardeman,2021,33965,
1163,Freed-Hardeman,2021,33966,
1163,Freed-Hardeman,2021,33967,
1163,Freed-Hardeman,2021,33968,
1163,Freed-Hardeman,2021,33969,
1163,Freed-Hardeman,2021,33970,
1163,Freed-Hardeman,2021,33971,
1163,Freed-Hardeman,2021,33972,
1163,Freed-Hardeman,2021,33973,
1163,Freed-Hardeman,2021,33974,
1163,Freed-Hardeman,2021,33975,
552,Avila,2021,5259,
521,Trinity Baptist,2021,22930,
521,Trinity Baptist,2021,26478,
521,Trinity Baptist,2021,26485,
521,Trinity Baptist,2021,26486,
521,Trinity Baptist,2021,26488,
715,Rogers State,2021,12027,
715,Rogers State,2021,23940,
715,Rogers State,2021,29498,
715,Rogers State,2021,29500,
715,Rogers State,2021,29504,
715,Rogers State,2021,32513,
715,Rogers State,2021,32514,
715,Rogers State,2021,32515,
715,Rogers State,2021,32516,
715,Rogers State,2021,32517,
715,Rogers State,2021,32518,
715,Rogers State,2021,32519,
715,Rogers State,2021,32520,
715,Rogers State,2021,32521,
715,Rogers State,2021,32522,
607,Southwestern (TX),2021,9048,
607,Southwestern (TX),2021,9049,
607,Southwestern (TX),2021,9050,
607,Southwestern (TX),2021,9058,
607,Southwestern (TX),2021,9059,
607,Southwestern (TX),2021,9060,
607,Southwestern (TX),2021,9061,
607,Southwestern (TX),2021,9062,
607,Southwestern (TX),2021,30031,
607,Southwestern (TX),2021,30032,
932,Northwest Nazarene,2021,18989,
932,Northwest Nazarene,2021,18990,
932,Northwest Nazarene,2021,18991,
932,Northwest Nazarene,2021,18992,
932,Northwest Nazarene,2021,19000,
932,Northwest Nazarene,2021,19001,
932,Northwest Nazarene,2021,19005,
932,Northwest Nazarene,2021,19006,
932,Northwest Nazarene,2021,19007,
932,Northwest Nazarene,2021,19008,
932,Northwest Nazarene,2021,19009,
932,Northwest Nazarene,2021,19010,
932,Northwest Nazarene,2021,19011,
932,Northwest Nazarene,2021,19012,
932,Northwest Nazarene,2021,19013,
932,Northwest Nazarene,2021,25253,
932,Northwest Nazarene,2021,27775,
932,Northwest Nazarene,2021,34248,
509,Defiance,2021,1719,
509,Defiance,2021,20142,
509,Defiance,2021,20143,
509,Defiance,2021,20147,
509,Defiance,2021,20148,
509,Defiance,2021,20149,
509,Defiance,2021,29466,
509,Defiance,2021,29469,
1158,McKendree,2021,16489,
1158,McKendree,2021,22905,
1158,McKendree,2021,33279,
1158,McKendree,2021,33280,
1158,McKendree,2021,33281,
1158,McKendree,2021,33282,
1158,McKendree,2021,33283,
1158,McKendree,2021,33284,
1158,McKendree,2021,33285,
1158,McKendree,2021,33286,
1158,McKendree,2021,33287,
1158,McKendree,2021,33288,
1158,McKendree,2021,33289,
1158,McKendree,2021,33290,
1158,McKendree,2021,33291,
1158,McKendree,2021,33292,
1158,McKendree,2021,33293,
1158,McKendree,2021,33294,
516,Mid-Atlantic Christian,2021,2020,
516,Mid-Atlantic Christian,2021,22600,
516,Mid-Atlantic Christian,2021,26083,
516,Mid-Atlantic Christian,2021,26089,
580,Ohio Christian,2021,31133,
580,Ohio Christian,2021,31134,
580,Ohio Christian,2021,31135,
580,Ohio Christian,2021,31136,
580,Ohio Christian,2021,31137,
580,Ohio Christian,2021,31138,
580,Ohio Christian,2021,31139,
580,Ohio Christian,2021,31140,
580,Ohio Christian,2021,31141,
580,Ohio Christian,2021,31142,
580,Ohio Christian,2021,31143,
580,Ohio Christian,2021,31144,
580,Ohio Christian,2021,31145,
580,Ohio Christian,2021,31146,
580,Ohio Christian,2021,31147,
580,Ohio Christian,2021,31148,
720,Northern New Mexico,2021,12137,
720,Northern New Mexico,2021,15462,
720,Northern New Mexico,2021,24255,
720,Northern New Mexico,2021,29184,
720,Northern New Mexico,2021,29186,
720,Northern New Mexico,2021,29187,
720,Northern New Mexico,2021,29190,
720,Northern New Mexico,2021,29191,
720,Northern New Mexico,2021,29193,
720,Northern New Mexico,2021,29194,
999,Cincinnati Clermont,2021,22813,
999,Cincinnati Clermont,2021,22814,
999,Cincinnati Clermont,2021,22825,
999,Cincinnati Clermont,2021,22826,
999,Cincinnati Clermont,2021,22827,
999,Cincinnati Clermont,2021,22828,
999,Cincinnati Clermont,2021,22829,
999,Cincinnati Clermont,2021,22830,
999,Cincinnati Clermont,2021,22831,
999,Cincinnati Clermont,2021,22832,
999,Cincinnati Clermont,2021,22833,
999,Cincinnati Clermont,2021,22834,
999,Cincinnati Clermont,2021,22835,
999,Cincinnati Clermont,2021,22836,
999,Cincinnati Clermont,2021,22837,
999,Cincinnati Clermont,2021,22838,
840,Covenant,2021,15772,
840,Covenant,2021,15777,
840,Covenant,2021,15778,
840,Covenant,2021,15779,
840,Covenant,2021,15786,
840,Covenant,2021,23469,
840,Covenant,2021,27262,
840,Covenant,2021,29454,
840,Covenant,2021,29456,
840,Covenant,2021,29457,
840,Covenant,2021,29459,
840,Covenant,2021,29461,
840,Covenant,2021,32649,
840,Covenant,2021,32650,
840,Covenant,2021,32651,
840,Covenant,2021,32652,
840,Covenant,2021,32653,
840,Covenant,2021,32654,
564,New Mexico Highlands,2021,21810,
564,New Mexico Highlands,2021,21812,
564,New Mexico Highlands,2021,21814,
564,New Mexico Highlands,2021,21815,
564,New Mexico Highlands,2021,29564,
564,New Mexico Highlands,2021,29565,
564,New Mexico Highlands,2021,29566,
564,New Mexico Highlands,2021,29570,
1126,Farmingdale State,2021,30912,
1126,Farmingdale State,2021,30916,
1126,Farmingdale State,2021,30918,
1126,Farmingdale State,2021,30926,
858,UC Merced,2021,23011,
858,UC Merced,2021,23012,
858,UC Merced,2021,30034,
858,UC Merced,2021,30037,
680,Haskell,2021,11087,
680,Haskell,2021,11099,
680,Haskell,2021,11100,
680,Haskell,2021,11101,
993,Missouri S&T,2021,5258,
993,Missouri S&T,2021,9196,
993,Missouri S&T,2021,9197,
993,Missouri S&T,2021,9212,
993,Missouri S&T,2021,9213,
993,Missouri S&T,2021,9214,
993,Missouri S&T,2021,25247,
993,Missouri S&T,2021,29179,
993,Missouri S&T,2021,29182,
993,Missouri S&T,2021,34422,
993,Missouri S&T,2021,34423,
993,Missouri S&T,2021,34424,
993,Missouri S&T,2021,34425,
993,Missouri S&T,2021,34426,
993,Missouri S&T,2021,34427,
993,Missouri S&T,2021,34428,
993,Missouri S&T,2021,34429,
993,Missouri S&T,2021,34430,
993,Missouri S&T,2021,34431,
993,Missouri S&T,2021,34432,
993,Missouri S&T,2021,34433,
993,Missouri S&T,2021,34434,
993,Missouri S&T,2021,34435,
993,Missouri S&T,2021,34436,
993,Missouri S&T,2021,34437,
993,Missouri S&T,2021,34438,
1155,Lewis,2021,5627,
1155,Lewis,2021,23277,
1155,Lewis,2021,24693,
1155,Lewis,2021,33022,
1155,Lewis,2021,33023,
1155,Lewis,2021,33024,
1155,Lewis,2021,33025,
1155,Lewis,2021,33026,
1155,Lewis,2021,33027,
1155,Lewis,2021,33028,
1155,Lewis,2021,33029,
1155,Lewis,2021,33030,
1155,Lewis,2021,33031,
1155,Lewis,2021,33032,
1155,Lewis,2021,33033,
1155,Lewis,2021,33034,
1155,Lewis,2021,33035,
1155,Lewis,2021,33036,
1155,Lewis,2021,33037,
1155,Lewis,2021,33038,
1155,Lewis,2021,33039,
1155,Lewis,2021,33040,
1155,Lewis,2021,33041,
1155,Lewis,2021,33042,
1155,Lewis,2021,33043,
1155,Lewis,2021,33044,
1155,Lewis,2021,33045,
1155,Lewis,2021,33046,
1155,Lewis,2021,33047,
1147,Belmont Abbey,2021,7477,
1147,Belmont Abbey,2021,15323,
1147,Belmont Abbey,2021,15574,
1147,Belmont Abbey,2021,20428,
1147,Belmont Abbey,2021,34301,
1147,Belmont Abbey,2021,34302,
1147,Belmont Abbey,2021,34303,
1147,Belmont Abbey,2021,34304,
1147,Belmont Abbey,2021,34305,
1147,Belmont Abbey,2021,34306,
1147,Belmont Abbey,2021,34307,
1147,Belmont Abbey,2021,34308,
1147,Belmont Abbey,2021,34309,
1147,Belmont Abbey,2021,34310,
1147,Belmont Abbey,2021,34311,
1147,Belmont Abbey,2021,34312,
857,Vanguard,2021,17056,
857,Vanguard,2021,17416,
857,Vanguard,2021,17425,
857,Vanguard,2021,17426,
857,Vanguard,2021,23321,
857,Vanguard,2021,23322,
857,Vanguard,2021,23326,
857,Vanguard,2021,23328,
857,Vanguard,2021,34747,
857,Vanguard,2021,34748,
857,Vanguard,2021,34749,
857,Vanguard,2021,34750,
857,Vanguard,2021,34751,
857,Vanguard,2021,34752,
857,Vanguard,2021,34753,
857,Vanguard,2021,34754,
857,Vanguard,2021,34755,
857,Vanguard,2021,34756,
857,Vanguard,2021,34757,
857,Vanguard,2021,34758,
857,Vanguard,2021,34759,
857,Vanguard,2021,34760,
857,Vanguard,2021,34761,
857,Vanguard,2021,34762,
857,Vanguard,2021,34763,
857,Vanguard,2021,34764,
857,Vanguard,2021,34765,
857,Vanguard,2021,34766,
857,Vanguard,2021,34767,1994-04-16
857,Vanguard,2021,34768,
857,Vanguard,2021,34769,
857,Vanguard,2021,34770,
857,Vanguard,2021,34771,
857,Vanguard,2021,34772,
857,Vanguard,2021,34773,
857,Vanguard,2021,34774,
857,Vanguard,2021,34775,
857,Vanguard,2021,34776,
857,Vanguard,2021,34777,
857,Vanguard,2021,34778,
857,Vanguard,2021,34779,
1039,Peru State,2021,24717,
1039,Peru State,2021,28805,
1039,Peru State,2021,28806,
1039,Peru State,2021,28811,
23,Bethune-Cookman,2021,16425,
23,Bethune-Cookman,2021,21680,
1170,Whitworth,2021,34249,
1170,Whitworth,2021,34250,
1170,Whitworth,2021,34251,
1170,Whitworth,2021,34252,
1170,Whitworth,2021,34253,
1170,Whitworth,2021,34254,
1170,Whitworth,2021,34255,
1170,Whitworth,2021,34256,
1170,Whitworth,2021,34257,
1170,Whitworth,2021,34258,
1170,Whitworth,2021,34259,
1170,Whitworth,2021,34260,
1170,Whitworth,2021,34261,
1170,Whitworth,2021,34262,
1170,Whitworth,2021,34263,
1170,Whitworth,2021,34264,
1170,Whitworth,2021,34265,2004-12-22
1170,Whitworth,2021,34266,2004-12-22
1170,Whitworth,2021,34267,2004-12-22
1170,Whitworth,2021,34268,2004-12-22
1170,Whitworth,2021,34269,2004-12-22
1170,Whitworth,2021,34270,2003-12-08
1170,Whitworth,2021,34271,2003-12-08
1170,Whitworth,2021,34272,2003-12-08
1170,Whitworth,2021,34273,2003-12-08
1170,Whitworth,2021,34274,
1170,Whitworth,2021,34275,
1170,Whitworth,2021,34276,
1170,Whitworth,2021,34277,
1170,Whitworth,2021,34278,
1170,Whitworth,2021,34279,
1170,Whitworth,2021,34280,
1170,Whitworth,2021,34281,
1170,Whitworth,2021,34282,
1170,Whitworth,2021,34283,
1170,Whitworth,2021,34284,
1170,Whitworth,2021,34285,
1170,Whitworth,2021,34286,
1170,Whitworth,2021,34287,
1170,Whitworth,2021,34288,
1170,Whitworth,2021,34289,
1170,Whitworth,2021,34290,
1170,Whitworth,2021,34291,2003-12-08
1170,Whitworth,2021,34292,
1170,Whitworth,2021,34293,
1170,Whitworth,2021,34294,2004-12-22
1170,Whitworth,2021,34295,2004-12-22
1170,Whitworth,2021,34296,2004-12-22
1170,Whitworth,2021,34297,2003-12-08
1170,Whitworth,2021,34298,2003-12-08
1170,Whitworth,2021,34299,2003-12-08
1170,Whitworth,2021,34300,
544,Western Colorado,2021,4433,
544,Western Colorado,2021,27476,
544,Western Colorado,2021,27478,
544,Western Colorado,2021,27479,
544,Western Colorado,2021,27480,
544,Western Colorado,2021,27481,
791,Brewton-Parker,2021,23064,
791,Brewton-Parker,2021,23068,
791,Brewton-Parker,2021,23073,
791,Brewton-Parker,2021,23075,
1172,Wingate,2021,19432,
1172,Wingate,2021,34380,
1172,Wingate,2021,34381,
1172,Wingate,2021,34382,
1172,Wingate,2021,34383,
1172,Wingate,2021,34384,
1172,Wingate,2021,34385,
1172,Wingate,2021,34386,
1172,Wingate,2021,34387,
1172,Wingate,2021,34388,
1172,Wingate,2021,34389,
1172,Wingate,2021,34390,
1172,Wingate,2021,34391,
1172,Wingate,2021,34392,
1172,Wingate,2021,34393,
1172,Wingate,2021,34394,
1172,Wingate,2021,34395,
1172,Wingate,2021,34396,
1172,Wingate,2021,34397,
1172,Wingate,2021,34398,
1172,Wingate,2021,34399,
1172,Wingate,2021,34400,
1172,Wingate,2021,34401,1992-08-13
1172,Wingate,2021,34402,
1172,Wingate,2021,34403,
1172,Wingate,2021,34404,
1172,Wingate,2021,34405,
1172,Wingate,2021,34406,
1172,Wingate,2021,34407,
1172,Wingate,2021,34408,
1172,Wingate,2021,34409,
1172,Wingate,2021,34410,
1113,Indiana-Kokomo,2021,30335,
1113,Indiana-Kokomo,2021,30336,
1113,Indiana-Kokomo,2021,30339,
1113,Indiana-Kokomo,2021,30343,
1113,Indiana-Kokomo,2021,30349,
1113,Indiana-Kokomo,2021,30350,
1113,Indiana-Kokomo,2021,30351,
562,North Central (MN),2021,24091,
562,North Central (MN),2021,24094,
562,North Central (MN),2021,24102,
562,North Central (MN),2021,30499,
562,North Central (MN),2021,30500,
562,North Central (MN),2021,30503,
562,North Central (MN),2021,30504,
1149,Washburn,2021,32779,
1149,Washburn,2021,32780,
1149,Washburn,2021,32781,
1149,Washburn,2021,32782,
1149,Washburn,2021,32783,
1149,Washburn,2021,32784,
1149,Washburn,2021,32785,
1149,Washburn,2021,32786,
1149,Washburn,2021,32787,
1149,Washburn,2021,32788,
1149,Washburn,2021,32789,
1149,Washburn,2021,32790,
1149,Washburn,2021,32791,
1149,Washburn,2021,32792,
1149,Washburn,2021,32793,
1149,Washburn,2021,32794,
1149,Washburn,2021,32795,
1149,Washburn,2021,32796,
780,Whittier,2021,13757,
780,Whittier,2021,24335,
780,Whittier,2021,24342,
780,Whittier,2021,29572,
780,Whittier,2021,29574,
780,Whittier,2021,29575,
780,Whittier,2021,29578,
906,Northland,2021,18521,
906,Northland,2021,29930,
906,Northland,2021,29931,
906,Northland,2021,29934,
906,Northland,2021,29935,
906,Northland,2021,29936,
906,Northland,2021,29937,
906,Northland,2021,30498,
495,LaGrange,2021,20248,
495,LaGrange,2021,20255,
495,LaGrange,2021,20256,
618,Nelson,2021,25639,
618,Nelson,2021,25640,
618,Nelson,2021,25642,
618,Nelson,2021,25643,
618,Nelson,2021,25644,
618,Nelson,2021,25645,
618,Nelson,2021,25646,
618,Nelson,2021,25647,
618,Nelson,2021,25648,
618,Nelson,2021,25651,
618,Nelson,2021,30432,
618,Nelson,2021,30445,
618,Nelson,2021,30446,
618,Nelson,2021,33761,
618,Nelson,2021,33762,
618,Nelson,2021,33763,
618,Nelson,2021,33764,
618,Nelson,2021,33765,
618,Nelson,2021,33766,
618,Nelson,2021,33767,
618,Nelson,2021,33768,
618,Nelson,2021,33769,
618,Nelson,2021,33770,
618,Nelson,2021,33771,
618,Nelson,2021,33772,
618,Nelson,2021,33773,
618,Nelson,2021,33774,
618,Nelson,2021,33775,
618,Nelson,2021,33776,
618,Nelson,2021,33777,
618,Nelson,2021,33778,
618,Nelson,2021,33779,
618,Nelson,2021,33780,
618,Nelson,2021,33781,
618,Nelson,2021,33782,
618,Nelson,2021,33783,
618,Nelson,2021,33784,
618,Nelson,2021,33785,
618,Nelson,2021,33786,
618,Nelson,2021,33787,
618,Nelson,2021,33788,
618,Nelson,2021,33789,
618,Nelson,2021,33790,
618,Nelson,2021,33791,
618,Nelson,2021,33792,
618,Nelson,2021,33793,
618,Nelson,2021,33794,
668,Ecclesia,2021,10747,
668,Ecclesia,2021,10755,
668,Ecclesia,2021,25068,
668,Ecclesia,2021,29426,
668,Ecclesia,2021,29430,
1121,Maryville University (MO),2021,30696,
1121,Maryville University (MO),2021,30698,
561,Southern-New Orleans,2021,6166,
561,Southern-New Orleans,2021,6179,
561,Southern-New Orleans,2021,6180,
561,Southern-New Orleans,2021,6181,
561,Southern-New Orleans,2021,6182,
561,Southern-New Orleans,2021,6183,
561,Southern-New Orleans,2021,6184,
561,Southern-New Orleans,2021,6185,
561,Southern-New Orleans,2021,6186,
561,Southern-New Orleans,2021,23620,
561,Southern-New Orleans,2021,23621,
561,Southern-New Orleans,2021,23622,
561,Southern-New Orleans,2021,23623,
561,Southern-New Orleans,2021,23624,
561,Southern-New Orleans,2021,23625,
561,Southern-New Orleans,2021,23626,
561,Southern-New Orleans,2021,23627,
561,Southern-New Orleans,2021,23628,
561,Southern-New Orleans,2021,23629,
561,Southern-New Orleans,2021,23630,
561,Southern-New Orleans,2021,23631,
561,Southern-New Orleans,2021,23632,
561,Southern-New Orleans,2021,23633,
561,Southern-New Orleans,2021,23634,
561,Southern-New Orleans,2021,23635,
561,Southern-New Orleans,2021,23636,
561,Southern-New Orleans,2021,23637,
561,Southern-New Orleans,2021,23638,
561,Southern-New Orleans,2021,23639,
561,Southern-New Orleans,2021,23640,
561,Southern-New Orleans,2021,23641,
561,Southern-New Orleans,2021,23642,
561,Southern-New Orleans,2021,23643,
561,Southern-New Orleans,2021,23644,
561,Southern-New Orleans,2021,23645,
561,Southern-New Orleans,2021,23646,
561,Southern-New Orleans,2021,23647,
561,Southern-New Orleans,2021,23648,
561,Southern-New Orleans,2021,23649,
1044,Mary Hardin-Baylor,2021,6044,
1044,Mary Hardin-Baylor,2021,6328,
1044,Mary Hardin-Baylor,2021,24827,
1044,Mary Hardin-Baylor,2021,24828,
1044,Mary Hardin-Baylor,2021,24829,
1044,Mary Hardin-Baylor,2021,24830,
1044,Mary Hardin-Baylor,2021,24841,
1044,Mary Hardin-Baylor,2021,24852,
1044,Mary Hardin-Baylor,2021,24853,
1044,Mary Hardin-Baylor,2021,28173,
1044,Mary Hardin-Baylor,2021,28177,
1044,Mary Hardin-Baylor,2021,28178,
1044,Mary Hardin-Baylor,2021,28179,
1044,Mary Hardin-Baylor,2021,28180,
1044,Mary Hardin-Baylor,2021,28181,
1044,Mary Hardin-Baylor,2021,28182,
1044,Mary Hardin-Baylor,2021,28183,
1044,Mary Hardin-Baylor,2021,28184,
1044,Mary Hardin-Baylor,2021,28185,
1044,Mary Hardin-Baylor,2021,31968,
1044,Mary Hardin-Baylor,2021,31969,
1077,Gordon College,2021,28262,
1077,Gordon College,2021,28264,
1077,Gordon College,2021,28265,
1077,Gordon College,2021,28273,
1077,Gordon College,2021,28274,
1077,Gordon College,2021,28275,
1077,Gordon College,2021,28277,
1010,Lees-McRae,2021,29636,
1010,Lees-McRae,2021,29639,
924,Montana State-Northern,2021,23723,
924,Montana State-Northern,2021,23726,
746,Campbellsville-Harrodsburg,2021,12814,
746,Campbellsville-Harrodsburg,2021,12830,
746,Campbellsville-Harrodsburg,2021,12831,
746,Campbellsville-Harrodsburg,2021,12832,
746,Campbellsville-Harrodsburg,2021,12833,
746,Campbellsville-Harrodsburg,2021,12834,
746,Campbellsville-Harrodsburg,2021,12837,
746,Campbellsville-Harrodsburg,2021,12838,
746,Campbellsville-Harrodsburg,2021,12839,
746,Campbellsville-Harrodsburg,2021,29251,
746,Campbellsville-Harrodsburg,2021,30817,
746,Campbellsville-Harrodsburg,2021,30821,
746,Campbellsville-Harrodsburg,2021,33618,
746,Campbellsville-Harrodsburg,2021,33619,
746,Campbellsville-Harrodsburg,2021,33620,
746,Campbellsville-Harrodsburg,2021,33621,
746,Campbellsville-Harrodsburg,2021,33622,
746,Campbellsville-Harrodsburg,2021,33623,
746,Campbellsville-Harrodsburg,2021,33624,
746,Campbellsville-Harrodsburg,2021,33625,
597,Eureka,2021,24979,
597,Eureka,2021,24980,
597,Eureka,2021,24981,
597,Eureka,2021,24986,
597,Eureka,2021,24987,
597,Eureka,2021,24988,
597,Eureka,2021,24989,
597,Eureka,2021,24990,
597,Eureka,2021,24991,
597,Eureka,2021,24992,
597,Eureka,2021,24993,
597,Eureka,2021,24994,
597,Eureka,2021,24996,
597,Eureka,2021,24997,
597,Eureka,2021,24998,
597,Eureka,2021,24999,
597,Eureka,2021,25000,
597,Eureka,2021,25001,
649,Rhodes,2021,10231,
649,Rhodes,2021,10234,
649,Rhodes,2021,10235,
649,Rhodes,2021,10236,
649,Rhodes,2021,28772,
649,Rhodes,2021,28773,
902,Chaminade,2021,18461,
902,Chaminade,2021,20552,
902,Chaminade,2021,29453,
873,Hendrix College,2021,10490,
873,Hendrix College,2021,22746,
873,Hendrix College,2021,30758,
873,Hendrix College,2021,30759,
873,Hendrix College,2021,30760,
873,Hendrix College,2021,30761,
873,Hendrix College,2021,30762,
787,Schreiner,2021,24959,
916,Albany St (GA),2021,23583,
916,Albany St (GA),2021,23584,
916,Albany St (GA),2021,23585,
916,Albany St (GA),2021,23586,
916,Albany St (GA),2021,23587,
916,Albany St (GA),2021,23588,
916,Albany St (GA),2021,23589,
916,Albany St (GA),2021,23590,
916,Albany St (GA),2021,23591,
916,Albany St (GA),2021,23592,
916,Albany St (GA),2021,23593,
916,Albany St (GA),2021,23594,
916,Albany St (GA),2021,23595,
916,Albany St (GA),2021,23596,
916,Albany St (GA),2021,23597,
1036,Lincoln (PA),2021,12207,
1036,Lincoln (PA),2021,22229,
1036,Lincoln (PA),2021,24596,
1036,Lincoln (PA),2021,24606,
1036,Lincoln (PA),2021,26317,
1036,Lincoln (PA),2021,32623,
1036,Lincoln (PA),2021,32624,
1036,Lincoln (PA),2021,32625,
1036,Lincoln (PA),2021,32626,
1036,Lincoln (PA),2021,32627,
1036,Lincoln (PA),2021,32628,
1036,Lincoln (PA),2021,32629,
1036,Lincoln (PA),2021,32630,
1036,Lincoln (PA),2021,32631,
1036,Lincoln (PA),2021,32632,
602,Bryan (TN),2021,8879,
602,Bryan (TN),2021,25095,
602,Bryan (TN),2021,25102,
602,Bryan (TN),2021,29618,
602,Bryan (TN),2021,29619,
602,Bryan (TN),2021,29620,
602,Bryan (TN),2021,29625,
657,Truett-McConnell,2021,23650,
657,Truett-McConnell,2021,23651,
657,Truett-McConnell,2021,23655,
657,Truett-McConnell,2021,23665,
592,Bethesda University,2021,8559,
592,Bethesda University,2021,8566,
592,Bethesda University,2021,22015,
592,Bethesda University,2021,22023,
592,Bethesda University,2021,27503,
592,Bethesda University,2021,27504,
592,Bethesda University,2021,30230,
592,Bethesda University,2021,30233,
592,Bethesda University,2021,32211,
592,Bethesda University,2021,32212,
592,Bethesda University,2021,32213,
592,Bethesda University,2021,32214,
592,Bethesda University,2021,32215,
592,Bethesda University,2021,32216,
592,Bethesda University,2021,32217,
592,Bethesda University,2021,32218,
592,Bethesda University,2021,32219,
592,Bethesda University,2021,32220,
592,Bethesda University,2021,32221,
592,Bethesda University,2021,33093,
592,Bethesda University,2021,33094,
592,Bethesda University,2021,33095,
592,Bethesda University,2021,33096,
592,Bethesda University,2021,33919,
592,Bethesda University,2021,34414,
592,Bethesda University,2021,34415,
907,Westmont,2021,24667,
907,Westmont,2021,25254,
907,Westmont,2021,30897,
907,Westmont,2021,30898,
907,Westmont,2021,30902,
907,Westmont,2021,31908,
907,Westmont,2021,31909,
907,Westmont,2021,31910,
907,Westmont,2021,31911,
907,Westmont,2021,31912,
907,Westmont,2021,31913,
1159,Cedarville,2021,1100,
1159,Cedarville,2021,19951,
1159,Cedarville,2021,20332,
1159,Cedarville,2021,33438,
1159,Cedarville,2021,33439,
1159,Cedarville,2021,33440,
1159,Cedarville,2021,33441,
1159,Cedarville,2021,33442,
1159,Cedarville,2021,33443,
1159,Cedarville,2021,33444,
1159,Cedarville,2021,33445,
1159,Cedarville,2021,33446,
1159,Cedarville,2021,33447,
1159,Cedarville,2021,33448,
1159,Cedarville,2021,33449,
1159,Cedarville,2021,33450,
1159,Cedarville,2021,33451,
1159,Cedarville,2021,33452,
1159,Cedarville,2021,33453,
1159,Cedarville,2021,33454,
1159,Cedarville,2021,33455,
1159,Cedarville,2021,33456,
1159,Cedarville,2021,33457,
1159,Cedarville,2021,33458,
1159,Cedarville,2021,33459,
757,Chestnut Hill College,2021,13105,
757,Chestnut Hill College,2021,13106,
757,Chestnut Hill College,2021,13107,
757,Chestnut Hill College,2021,13108,
757,Chestnut Hill College,2021,13109,
757,Chestnut Hill College,2021,13110,
757,Chestnut Hill College,2021,13111,
757,Chestnut Hill College,2021,13112,
757,Chestnut Hill College,2021,13113,
757,Chestnut Hill College,2021,13114,
757,Chestnut Hill College,2021,13115,
757,Chestnut Hill College,2021,13116,
757,Chestnut Hill College,2021,13117,
757,Chestnut Hill College,2021,13118,
757,Chestnut Hill College,2021,13119,
757,Chestnut Hill College,2021,13120,
757,Chestnut Hill College,2021,13121,
757,Chestnut Hill College,2021,13122,
757,Chestnut Hill College,2021,13123,
773,Pacific (OR),2021,13510,
773,Pacific (OR),2021,13529,
773,Pacific (OR),2021,13530,
773,Pacific (OR),2021,13531,
773,Pacific (OR),2021,13532,
773,Pacific (OR),2021,13533,
773,Pacific (OR),2021,13534,
773,Pacific (OR),2021,13535,
773,Pacific (OR),2021,13536,
773,Pacific (OR),2021,13537,
773,Pacific (OR),2021,13538,
773,Pacific (OR),2021,13539,
773,Pacific (OR),2021,13540,
773,Pacific (OR),2021,13541,
773,Pacific (OR),2021,13542,
773,Pacific (OR),2021,13543,
773,Pacific (OR),2021,13544,
773,Pacific (OR),2021,13545,
773,Pacific (OR),2021,13546,
773,Pacific (OR),2021,13547,
773,Pacific (OR),2021,13548,
773,Pacific (OR),2021,13549,
773,Pacific (OR),2021,13550,
773,Pacific (OR),2021,13551,
527,Lakeland,2021,2989,
527,Lakeland,2021,2990,
527,Lakeland,2021,2991,
527,Lakeland,2021,2992,
527,Lakeland,2021,2993,
527,Lakeland,2021,2994,
527,Lakeland,2021,2995,
527,Lakeland,2021,2996,
527,Lakeland,2021,2997,
527,Lakeland,2021,2998,
527,Lakeland,2021,2999,
527,Lakeland,2021,3000,
527,Lakeland,2021,3001,
527,Lakeland,2021,3002,
527,Lakeland,2021,3003,
527,Lakeland,2021,3004,
527,Lakeland,2021,3005,
527,Lakeland,2021,3006,
527,Lakeland,2021,3007,
527,Lakeland,2021,3008,
1027,Alma,2021,24273,
1027,Alma,2021,24283,
783,Southwestern Adventist,2021,13565,
783,Southwestern Adventist,2021,13849,
783,Southwestern Adventist,2021,13855,
783,Southwestern Adventist,2021,22611,
783,Southwestern Adventist,2021,29750,
783,Southwestern Adventist,2021,29751,
783,Southwestern Adventist,2021,29752,
783,Southwestern Adventist,2021,29753,
783,Southwestern Adventist,2021,29754,
783,Southwestern Adventist,2021,29755,
783,Southwestern Adventist,2021,34587,
783,Southwestern Adventist,2021,34588,
783,Southwestern Adventist,2021,34589,
783,Southwestern Adventist,2021,34590,
783,Southwestern Adventist,2021,34591,
783,Southwestern Adventist,2021,34592,
783,Southwestern Adventist,2021,34593,
783,Southwestern Adventist,2021,34594,
783,Southwestern Adventist,2021,34595,
783,Southwestern Adventist,2021,34596,
783,Southwestern Adventist,2021,34597,
783,Southwestern Adventist,2021,34598,
783,Southwestern Adventist,2021,34599,
783,Southwestern Adventist,2021,34600,
1173,Benedict,2021,34468,
1173,Benedict,2021,34469,
1173,Benedict,2021,34470,
1173,Benedict,2021,34471,
1173,Benedict,2021,34472,
1173,Benedict,2021,34473,
1173,Benedict,2021,34474,
1173,Benedict,2021,34475,
1173,Benedict,2021,34476,
1173,Benedict,2021,34477,
711,St. Ambrose,2021,11908,
711,St. Ambrose,2021,11926,
711,St. Ambrose,2021,11929,
711,St. Ambrose,2021,24058,
711,St. Ambrose,2021,24059,
711,St. Ambrose,2021,32889,
711,St. Ambrose,2021,32890,
711,St. Ambrose,2021,32891,
711,St. Ambrose,2021,32892,
711,St. Ambrose,2021,32893,
711,St. Ambrose,2021,32894,
711,St. Ambrose,2021,32895,
711,St. Ambrose,2021,32896,
711,St. Ambrose,2021,32897,
711,St. Ambrose,2021,32898,
711,St. Ambrose,2021,32899,
711,St. Ambrose,2021,32900,
711,St. Ambrose,2021,32901,
711,St. Ambrose,2021,32902,
711,St. Ambrose,2021,32903,
711,St. Ambrose,2021,32904,
711,St. Ambrose,2021,32905,
711,St. Ambrose,2021,32906,
711,St. Ambrose,2021,32907,
711,St. Ambrose,2021,32908,
711,St. Ambrose,2021,32909,
711,St. Ambrose,2021,32910,
711,St. Ambrose,2021,32911,
711,St. Ambrose,2021,32912,
711,St. Ambrose,2021,32913,
711,St. Ambrose,2021,32914,
711,St. Ambrose,2021,32915,
711,St. Ambrose,2021,32916,
711,St. Ambrose,2021,32917,
711,St. Ambrose,2021,32918,
711,St. Ambrose,2021,32919,
711,St. Ambrose,2021,32920,
711,St. Ambrose,2021,32921,
711,St. Ambrose,2021,32922,
711,St. Ambrose,2021,32923,
711,St. Ambrose,2021,32924,
711,St. Ambrose,2021,32925,
711,St. Ambrose,2021,32926,
711,St. Ambrose,2021,32927,
749,Merchant Marine Academy,2021,12889,
749,Merchant Marine Academy,2021,12894,
749,Merchant Marine Academy,2021,12895,
749,Merchant Marine Academy,2021,24104,
749,Merchant Marine Academy,2021,24105,
749,Merchant Marine Academy,2021,24106,
749,Merchant Marine Academy,2021,24107,
749,Merchant Marine Academy,2021,24108,
749,Merchant Marine Academy,2021,30400,
749,Merchant Marine Academy,2021,30401,
749,Merchant Marine Academy,2021,30402,
749,Merchant Marine Academy,2021,30403,
749,Merchant Marine Academy,2021,31816,
749,Merchant Marine Academy,2021,31817,
749,Merchant Marine Academy,2021,31818,
749,Merchant Marine Academy,2021,31819,
749,Merchant Marine Academy,2021,31820,
772,Hardin-Simmons,2021,13489,
772,Hardin-Simmons,2021,23296,
772,Hardin-Simmons,2021,23297,
772,Hardin-Simmons,2021,23303,
772,Hardin-Simmons,2021,23304,
772,Hardin-Simmons,2021,30685,
772,Hardin-Simmons,2021,30686,
772,Hardin-Simmons,2021,30687,
772,Hardin-Simmons,2021,30692,
772,Hardin-Simmons,2021,33365,
772,Hardin-Simmons,2021,33366,
772,Hardin-Simmons,2021,33367,
772,Hardin-Simmons,2021,33368,
772,Hardin-Simmons,2021,33369,
772,Hardin-Simmons,2021,33370,
548,Union (TN),2021,4736,
548,Union (TN),2021,4737,
548,Union (TN),2021,4738,1995-01-10
548,Union (TN),2021,4739,
548,Union (TN),2021,4740,
548,Union (TN),2021,4741,
548,Union (TN),2021,4742,
548,Union (TN),2021,4743,
548,Union (TN),2021,4744,
548,Union (TN),2021,4745,
548,Union (TN),2021,4746,
962,LSU Shreveport,2021,19599,
962,LSU Shreveport,2021,29986,
962,LSU Shreveport,2021,29987,
962,LSU Shreveport,2021,29988,
962,LSU Shreveport,2021,29990,
962,LSU Shreveport,2021,29994,
962,LSU Shreveport,2021,29995,
962,LSU Shreveport,2021,29996,
962,LSU Shreveport,2021,29997,
962,LSU Shreveport,2021,29998,
962,LSU Shreveport,2021,29999,
615,McMurry,2021,546,
615,McMurry,2021,9267,
615,McMurry,2021,9268,
615,McMurry,2021,9269,
615,McMurry,2021,9283,
615,McMurry,2021,9290,
615,McMurry,2021,22041,
615,McMurry,2021,23262,
615,McMurry,2021,29674,
615,McMurry,2021,29676,
615,McMurry,2021,29681,
615,McMurry,2021,33493,
615,McMurry,2021,33494,
615,McMurry,2021,33495,
615,McMurry,2021,33496,
615,McMurry,2021,33497,
615,McMurry,2021,33498,
681,Trinity Christian (IL),2021,11133,
681,Trinity Christian (IL),2021,11142,
681,Trinity Christian (IL),2021,11143,
681,Trinity Christian (IL),2021,29140,
681,Trinity Christian (IL),2021,29143,
681,Trinity Christian (IL),2021,29144,
681,Trinity Christian (IL),2021,29145,
681,Trinity Christian (IL),2021,29146,
681,Trinity Christian (IL),2021,29147,
681,Trinity Christian (IL),2021,29148,
681,Trinity Christian (IL),2021,29149,
681,Trinity Christian (IL),2021,29150,
681,Trinity Christian (IL),2021,29151,
681,Trinity Christian (IL),2021,29152,
681,Trinity Christian (IL),2021,29153,
681,Trinity Christian (IL),2021,29154,
681,Trinity Christian (IL),2021,29155,
681,Trinity Christian (IL),2021,29156,
681,Trinity Christian (IL),2021,29157,
681,Trinity Christian (IL),2021,29158,
681,Trinity Christian (IL),2021,29159,
681,Trinity Christian (IL),2021,29160,
681,Trinity Christian (IL),2021,29161,
681,Trinity Christian (IL),2021,29162,
681,Trinity Christian (IL),2021,29163,
681,Trinity Christian (IL),2021,29164,
681,Trinity Christian (IL),2021,29165,
681,Trinity Christian (IL),2021,29166,
681,Trinity Christian (IL),2021,29167,
681,Trinity Christian (IL),2021,29168,
681,Trinity Christian (IL),2021,29169,
681,Trinity Christian (IL),2021,29170,
866,Molloy,2021,16622,
866,Molloy,2021,29544,
866,Molloy,2021,29545,
866,Molloy,2021,29546,
866,Molloy,2021,29548,
866,Molloy,2021,29550,
866,Molloy,2021,29552,
497,Erskine,2021,28828,
497,Erskine,2021,28832,
497,Erskine,2021,28836,
497,Erskine,2021,28837,
1046,St. Thomas (FL),2021,24899,
1046,St. Thomas (FL),2021,25246,
1046,St. Thomas (FL),2021,31052,
1046,St. Thomas (FL),2021,31057,
1046,St. Thomas (FL),2021,31058,
1046,St. Thomas (FL),2021,31059,
1046,St. Thomas (FL),2021,31060,
1046,St. Thomas (FL),2021,31061,
1046,St. Thomas (FL),2021,31062,
1046,St. Thomas (FL),2021,31063,
1046,St. Thomas (FL),2021,31064,
1046,St. Thomas (FL),2021,31065,
1046,St. Thomas (FL),2021,31066,
1046,St. Thomas (FL),2021,31067,
1046,St. Thomas (FL),2021,31068,
1046,St. Thomas (FL),2021,31069,
1046,St. Thomas (FL),2021,31070,
1046,St. Thomas (FL),2021,31071,
1046,St. Thomas (FL),2021,31072,
1046,St. Thomas (FL),2021,31073,
1046,St. Thomas (FL),2021,31074,
1046,St. Thomas (FL),2021,31075,
1046,St. Thomas (FL),2021,31076,
1046,St. Thomas (FL),2021,31077,
1046,St. Thomas (FL),2021,31078,
1046,St. Thomas (FL),2021,31079,
1046,St. Thomas (FL),2021,31080,
1046,St. Thomas (FL),2021,31081,
1167,Newman University,2021,24666,
1167,Newman University,2021,34079,
1167,Newman University,2021,34080,
1167,Newman University,2021,34081,
1167,Newman University,2021,34082,
1167,Newman University,2021,34083,
1167,Newman University,2021,34084,
1167,Newman University,2021,34085,
1167,Newman University,2021,34086,
1167,Newman University,2021,34087,
1167,Newman University,2021,34088,
1167,Newman University,2021,34089,
1167,Newman University,2021,34090,
1167,Newman University,2021,34091,
1167,Newman University,2021,34092,
1167,Newman University,2021,34093,
1167,Newman University,2021,34094,1989-06-26
1167,Newman University,2021,34095,
1167,Newman University,2021,34096,
1167,Newman University,2021,34097,
1167,Newman University,2021,34098,
1167,Newman University,2021,34099,
1167,Newman University,2021,34100,
1167,Newman University,2021,34101,
1167,Newman University,2021,34102,
1167,Newman University,2021,34103,
1167,Newman University,2021,34104,
1167,Newman University,2021,34105,
1167,Newman University,2021,34106,
1167,Newman University,2021,34107,
1167,Newman University,2021,34108,
1167,Newman University,2021,34109,
1167,Newman University,2021,34110,
1167,Newman University,2021,34111,
1167,Newman University,2021,34112,
1167,Newman University,2021,34113,
1167,Newman University,2021,34114,
1167,Newman University,2021,34115,
665,North Greenville,2021,10663,
665,North Greenville,2021,20768,
665,North Greenville,2021,20769,
665,North Greenville,2021,20771,
665,North Greenville,2021,26149,
665,North Greenville,2021,26152,
577,Toccoa Falls,2021,2257,
577,Toccoa Falls,2021,7504,
577,Toccoa Falls,2021,7505,
577,Toccoa Falls,2021,11607,
577,Toccoa Falls,2021,21316,
577,Toccoa Falls,2021,21318,
577,Toccoa Falls,2021,21319,
577,Toccoa Falls,2021,21320,
577,Toccoa Falls,2021,22354,
577,Toccoa Falls,2021,22929,
577,Toccoa Falls,2021,22932,
577,Toccoa Falls,2021,30709,
577,Toccoa Falls,2021,30713,
577,Toccoa Falls,2021,31810,
577,Toccoa Falls,2021,31811,
577,Toccoa Falls,2021,31812,
577,Toccoa Falls,2021,31813,
577,Toccoa Falls,2021,31814,
577,Toccoa Falls,2021,31815,
550,Paul Quinn,2021,5075,
550,Paul Quinn,2021,5076,
550,Paul Quinn,2021,5077,
550,Paul Quinn,2021,5078,
550,Paul Quinn,2021,5079,
550,Paul Quinn,2021,5080,
550,Paul Quinn,2021,5081,
550,Paul Quinn,2021,10362,
550,Paul Quinn,2021,23693,
550,Paul Quinn,2021,23694,
550,Paul Quinn,2021,23695,
550,Paul Quinn,2021,23696,
550,Paul Quinn,2021,23697,
550,Paul Quinn,2021,23698,
550,Paul Quinn,2021,23699,
550,Paul Quinn,2021,23700,
550,Paul Quinn,2021,23701,
550,Paul Quinn,2021,23702,
550,Paul Quinn,2021,23703,
550,Paul Quinn,2021,23704,
807,William Woods,2021,30734,
807,William Woods,2021,30735,
700,Edward Waters,2021,11647,
700,Edward Waters,2021,20393,
700,Edward Waters,2021,29904,
700,Edward Waters,2021,29905,
700,Edward Waters,2021,34007,
700,Edward Waters,2021,34008,
700,Edward Waters,2021,34009,
700,Edward Waters,2021,34010,
700,Edward Waters,2021,34011,
700,Edward Waters,2021,34012,
700,Edward Waters,2021,34013,
700,Edward Waters,2021,34014,
700,Edward Waters,2021,34015,
700,Edward Waters,2021,34016,
700,Edward Waters,2021,34017,
700,Edward Waters,2021,34018,
1076,Ohio Valley,2021,28189,
1076,Ohio Valley,2021,28196,
1076,Ohio Valley,2021,28197,
1076,Ohio Valley,2021,28198,
1076,Ohio Valley,2021,28199,
1076,Ohio Valley,2021,28200,
1076,Ohio Valley,2021,28201,
1076,Ohio Valley,2021,28202,
1076,Ohio Valley,2021,28203,
1076,Ohio Valley,2021,28204,
1076,Ohio Valley,2021,28205,
1076,Ohio Valley,2021,28206,
1076,Ohio Valley,2021,28207,
1076,Ohio Valley,2021,28208,
1076,Ohio Valley,2021,28209,
1076,Ohio Valley,2021,28210,
1076,Ohio Valley,2021,28211,
852,Concordia-Irvine,2021,17053,
852,Concordia-Irvine,2021,18537,
852,Concordia-Irvine,2021,18542,
852,Concordia-Irvine,2021,28312,
852,Concordia-Irvine,2021,33703,
852,Concordia-Irvine,2021,33704,
852,Concordia-Irvine,2021,33705,
852,Concordia-Irvine,2021,33706,
852,Concordia-Irvine,2021,33707,
852,Concordia-Irvine,2021,33708,
852,Concordia-Irvine,2021,33709,
852,Concordia-Irvine,2021,33710,
852,Concordia-Irvine,2021,33711,
852,Concordia-Irvine,2021,33712,1900-01-01
852,Concordia-Irvine,2021,33713,1900-01-01
852,Concordia-Irvine,2021,33714,1900-01-01
852,Concordia-Irvine,2021,33715,1900-01-01
852,Concordia-Irvine,2021,33716,1900-01-01
852,Concordia-Irvine,2021,33717,1900-01-01
852,Concordia-Irvine,2021,33718,
852,Concordia-Irvine,2021,33719,
852,Concordia-Irvine,2021,33720,
852,Concordia-Irvine,2021,33721,1900-01-01
852,Concordia-Irvine,2021,33722,
852,Concordia-Irvine,2021,33723,
852,Concordia-Irvine,2021,33724,
852,Concordia-Irvine,2021,33725,
852,Concordia-Irvine,2021,33726,
852,Concordia-Irvine,2021,33727,
852,Concordia-Irvine,2021,33728,
852,Concordia-Irvine,2021,33729,
852,Concordia-Irvine,2021,33730,
852,Concordia-Irvine,2021,33731,1900-01-01
852,Concordia-Irvine,2021,33732,1900-01-01
852,Concordia-Irvine,2021,33733,1900-01-01
852,Concordia-Irvine,2021,33734,1900-01-01
852,Concordia-Irvine,2021,33735,
852,Concordia-Irvine,2021,33736,
852,Concordia-Irvine,2021,33737,
1143,Greenville,2021,24298,
1143,Greenville,2021,24577,
1143,Greenville,2021,32356,
1143,Greenville,2021,32357,
1143,Greenville,2021,32358,
1143,Greenville,2021,32359,
1143,Greenville,2021,32360,
1143,Greenville,2021,32361,
1143,Greenville,2021,32362,
1143,Greenville,2021,32363,
1143,Greenville,2021,32364,
1143,Greenville,2021,32365,
1143,Greenville,2021,32366,
1143,Greenville,2021,32367,
1143,Greenville,2021,32368,
1143,Greenville,2021,32369,
1143,Greenville,2021,32370,
1143,Greenville,2021,32371,
1143,Greenville,2021,32372,
1143,Greenville,2021,32373,
1143,Greenville,2021,32374,
1143,Greenville,2021,32375,
1143,Greenville,2021,32376,
1143,Greenville,2021,32377,
1143,Greenville,2021,32378,
1143,Greenville,2021,32379,
1143,Greenville,2021,32380,
1143,Greenville,2021,32381,
1143,Greenville,2021,32382,
518,Frostburg State,2021,2094,
518,Frostburg State,2021,2095,
518,Frostburg State,2021,2096,
518,Frostburg State,2021,2097,
518,Frostburg State,2021,2098,
518,Frostburg State,2021,2099,
518,Frostburg State,2021,2100,
518,Frostburg State,2021,2101,
518,Frostburg State,2021,2102,
518,Frostburg State,2021,2103,
518,Frostburg State,2021,2104,
518,Frostburg State,2021,2105,
518,Frostburg State,2021,2106,
518,Frostburg State,2021,2107,
518,Frostburg State,2021,2108,
518,Frostburg State,2021,2109,
518,Frostburg State,2021,2110,
518,Frostburg State,2021,2111,
518,Frostburg State,2021,2112,
518,Frostburg State,2021,2113,
1114,Keene St,2021,30405,
1114,Keene St,2021,30408,
1114,Keene St,2021,30409,
1114,Keene St,2021,30410,
1114,Keene St,2021,30412,
1114,Keene St,2021,30413,
1114,Keene St,2021,30414,
1114,Keene St,2021,30416,
1114,Keene St,2021,30417,
1114,Keene St,2021,30422,
1114,Keene St,2021,30423,
1114,Keene St,2021,31490,
1114,Keene St,2021,31491,
1114,Keene St,2021,31492,
1114,Keene St,2021,31493,
1114,Keene St,2021,31494,
1114,Keene St,2021,31495,
1114,Keene St,2021,31496,
1114,Keene St,2021,31497,
1114,Keene St,2021,31498,
1114,Keene St,2021,31499,
1114,Keene St,2021,31500,
1069,Texas A&M-International,2021,14412,
1069,Texas A&M-International,2021,22966,
1069,Texas A&M-International,2021,24957,
1069,Texas A&M-International,2021,27133,
1069,Texas A&M-International,2021,27136,
1069,Texas A&M-International,2021,27137,
1069,Texas A&M-International,2021,27138,
1069,Texas A&M-International,2021,27144,
1069,Texas A&M-International,2021,32120,
1069,Texas A&M-International,2021,32121,
1069,Texas A&M-International,2021,32122,
1069,Texas A&M-International,2021,32123,
1069,Texas A&M-International,2021,32124,
1069,Texas A&M-International,2021,32125,
957,Truman State,2021,17599,
957,Truman State,2021,20368,
957,Truman State,2021,33103,
957,Truman State,2021,33104,
957,Truman State,2021,33105,
957,Truman State,2021,33106,
957,Truman State,2021,33107,
957,Truman State,2021,33108,
957,Truman State,2021,33109,
957,Truman State,2021,33110,
957,Truman State,2021,33111,
957,Truman State,2021,33112,
957,Truman State,2021,33113,
957,Truman State,2021,33114,
957,Truman State,2021,33115,
957,Truman State,2021,33116,
957,Truman State,2021,33117,
957,Truman State,2021,33118,
957,Truman State,2021,33119,
957,Truman State,2021,33120,1997-01-28
957,Truman State,2021,33121,
957,Truman State,2021,33122,
957,Truman State,2021,33123,
957,Truman State,2021,33124,
957,Truman State,2021,33125,
1105,Lenoir-Rhyne,2021,30042,
1105,Lenoir-Rhyne,2021,30051,
1093,MIT,2021,29362,
1093,MIT,2021,29364,
1093,MIT,2021,29365,
1093,MIT,2021,29366,
1093,MIT,2021,29371,
1093,MIT,2021,29372,
1093,MIT,2021,29373,
733,Regent,2021,20747,
733,Regent,2021,20749,
733,Regent,2021,20754,
733,Regent,2021,27857,
733,Regent,2021,27858,
733,Regent,2021,27860,
733,Regent,2021,28700,
825,Kean,2021,15047,
825,Kean,2021,15050,
825,Kean,2021,25416,
825,Kean,2021,30842,
825,Kean,2021,30844,
555,Fisk,2021,5854,
555,Fisk,2021,5857,
555,Fisk,2021,29171,
833,Linfield College,2021,15521,
833,Linfield College,2021,15522,
833,Linfield College,2021,15523,
833,Linfield College,2021,15524,
833,Linfield College,2021,15525,
833,Linfield College,2021,15526,
833,Linfield College,2021,15527,
833,Linfield College,2021,15528,
833,Linfield College,2021,15529,
833,Linfield College,2021,15530,
833,Linfield College,2021,15531,
833,Linfield College,2021,15532,
833,Linfield College,2021,15533,
833,Linfield College,2021,15534,
833,Linfield College,2021,15535,
833,Linfield College,2021,15536,
833,Linfield College,2021,15537,
833,Linfield College,2021,15538,
833,Linfield College,2021,15539,
833,Linfield College,2021,15540,
833,Linfield College,2021,15541,
833,Linfield College,2021,15542,
1047,Georgia College,2021,25032,
1047,Georgia College,2021,25042,
1047,Georgia College,2021,25043,
1047,Georgia College,2021,25044,
1047,Georgia College,2021,25045,
1047,Georgia College,2021,25046,
1047,Georgia College,2021,25047,
1047,Georgia College,2021,25048,
1047,Georgia College,2021,25049,
1047,Georgia College,2021,25050,
1047,Georgia College,2021,25051,
1047,Georgia College,2021,25052,
1047,Georgia College,2021,25053,
1047,Georgia College,2021,25054,
882,Illinois Tech,2021,25155,
882,Illinois Tech,2021,25156,
882,Illinois Tech,2021,25162,
662,Westminster (UT),2021,10604,
662,Westminster (UT),2021,10605,
662,Westminster (UT),2021,486,
662,Westminster (UT),2021,30963,
662,Westminster (UT),2021,30964,
662,Westminster (UT),2021,30965,
662,Westminster (UT),2021,30966,
662,Westminster (UT),2021,30968,
662,Westminster (UT),2021,30970,
662,Westminster (UT),2021,32069,
662,Westminster (UT),2021,32070,
662,Westminster (UT),2021,32071,
662,Westminster (UT),2021,32072,
662,Westminster (UT),2021,32073,
662,Westminster (UT),2021,32074,
662,Westminster (UT),2021,32075,
1031,Carlow,2021,24427,
1031,Carlow,2021,24429,
1031,Carlow,2021,24437,
1031,Carlow,2021,26119,
1031,Carlow,2021,26121,
1031,Carlow,2021,26127,
1031,Carlow,2021,26129,
1031,Carlow,2021,34191,
1031,Carlow,2021,34192,
1033,West Coast Baptist,2021,24487,
1033,West Coast Baptist,2021,24488,
1033,West Coast Baptist,2021,24489,
1033,West Coast Baptist,2021,24490,
1033,West Coast Baptist,2021,24491,
1033,West Coast Baptist,2021,24492,
1033,West Coast Baptist,2021,24493,
1033,West Coast Baptist,2021,24494,
1033,West Coast Baptist,2021,24495,
1033,West Coast Baptist,2021,24496,
1033,West Coast Baptist,2021,24497,
1033,West Coast Baptist,2021,24498,
1033,West Coast Baptist,2021,24499,
1033,West Coast Baptist,2021,24500,
1033,West Coast Baptist,2021,24501,
1033,West Coast Baptist,2021,24502,
1033,West Coast Baptist,2021,24503,
1033,West Coast Baptist,2021,24504,
1033,West Coast Baptist,2021,24505,
1033,West Coast Baptist,2021,24506,
1033,West Coast Baptist,2021,24507,
1033,West Coast Baptist,2021,24508,
1019,Old Westbury,2021,23749,
1019,Old Westbury,2021,23750,
1019,Old Westbury,2021,23751,
1019,Old Westbury,2021,23752,
1019,Old Westbury,2021,23753,
1019,Old Westbury,2021,23754,
1019,Old Westbury,2021,23755,
1019,Old Westbury,2021,23756,
1019,Old Westbury,2021,23757,
1019,Old Westbury,2021,23758,
1019,Old Westbury,2021,23759,
1019,Old Westbury,2021,23760,
1019,Old Westbury,2021,23761,
1019,Old Westbury,2021,23762,
563,Sul Ross State,2021,6317,
563,Sul Ross State,2021,6325,
563,Sul Ross State,2021,6326,
563,Sul Ross State,2021,6327,
563,Sul Ross State,2021,14301,
563,Sul Ross State,2021,23305,
563,Sul Ross State,2021,23309,
563,Sul Ross State,2021,23313,
563,Sul Ross State,2021,23314,
563,Sul Ross State,2021,23923,
563,Sul Ross State,2021,25738,
563,Sul Ross State,2021,31025,
563,Sul Ross State,2021,31028,
563,Sul Ross State,2021,32928,
563,Sul Ross State,2021,32929,
563,Sul Ross State,2021,32930,
563,Sul Ross State,2021,32931,
563,Sul Ross State,2021,32932,
563,Sul Ross State,2021,32933,
1085,Barclay College,2021,28706,
1085,Barclay College,2021,28715,
1085,Barclay College,2021,28716,
1085,Barclay College,2021,28717,
1085,Barclay College,2021,28718,
1085,Barclay College,2021,28719,
1085,Barclay College,2021,28720,
1085,Barclay College,2021,28721,
1085,Barclay College,2021,28722,
1085,Barclay College,2021,28723,
1085,Barclay College,2021,28724,
1085,Barclay College,2021,28725,
1085,Barclay College,2021,28726,
1085,Barclay College,2021,28727,
1085,Barclay College,2021,28728,
1085,Barclay College,2021,28729,
949,Wiley,2021,27168,
949,Wiley,2021,27170,
684,Auburn-Montgomery,2021,11222,
684,Auburn-Montgomery,2021,11223,
684,Auburn-Montgomery,2021,11224,
684,Auburn-Montgomery,2021,11225,
684,Auburn-Montgomery,2021,11226,
684,Auburn-Montgomery,2021,11227,
684,Auburn-Montgomery,2021,11228,
684,Auburn-Montgomery,2021,11229,
684,Auburn-Montgomery,2021,11230,
684,Auburn-Montgomery,2021,11231,
684,Auburn-Montgomery,2021,11232,
684,Auburn-Montgomery,2021,11233,
684,Auburn-Montgomery,2021,11234,
684,Auburn-Montgomery,2021,11235,
614,Kansas Christian,2021,9256,
614,Kansas Christian,2021,20094,
614,Kansas Christian,2021,29232,
614,Kansas Christian,2021,29237,
614,Kansas Christian,2021,29240,
614,Kansas Christian,2021,33864,
614,Kansas Christian,2021,33865,
614,Kansas Christian,2021,33866,
614,Kansas Christian,2021,33867,
614,Kansas Christian,2021,33868,
594,Oakwood,2021,8617,
594,Oakwood,2021,20224,
594,Oakwood,2021,20230,
594,Oakwood,2021,20234,
594,Oakwood,2021,20241,
594,Oakwood,2021,20242,
594,Oakwood,2021,20243,
594,Oakwood,2021,31828,
594,Oakwood,2021,31829,
594,Oakwood,2021,31830,
594,Oakwood,2021,31831,
594,Oakwood,2021,31832,
594,Oakwood,2021,31833,
594,Oakwood,2021,31834,
594,Oakwood,2021,31835,
594,Oakwood,2021,31836,
594,Oakwood,2021,31837,
594,Oakwood,2021,31838,
594,Oakwood,2021,31839,
594,Oakwood,2021,31840,
594,Oakwood,2021,31841,
594,Oakwood,2021,31842,
594,Oakwood,2021,31843,
594,Oakwood,2021,31844,
594,Oakwood,2021,31845,
594,Oakwood,2021,31846,
594,Oakwood,2021,31847,
594,Oakwood,2021,31848,
594,Oakwood,2021,31849,
594,Oakwood,2021,31850,
594,Oakwood,2021,31851,
594,Oakwood,2021,31852,
927,Coe,2021,5338,
927,Coe,2021,18893,
927,Coe,2021,18906,
927,Coe,2021,18907,
927,Coe,2021,18908,
927,Coe,2021,27806,
927,Coe,2021,27807,
927,Coe,2021,27808,
927,Coe,2021,27809,
927,Coe,2021,27812,
927,Coe,2021,27813,
927,Coe,2021,27814,
927,Coe,2021,27815,
927,Coe,2021,27816,
927,Coe,2021,27817,
927,Coe,2021,34493,
927,Coe,2021,34494,
927,Coe,2021,34495,
927,Coe,2021,34496,
927,Coe,2021,34497,
927,Coe,2021,34498,
927,Coe,2021,34499,
927,Coe,2021,34500,
927,Coe,2021,34501,
927,Coe,2021,34502,
927,Coe,2021,34503,
927,Coe,2021,34504,
927,Coe,2021,34505,
927,Coe,2021,34506,
927,Coe,2021,34507,
927,Coe,2021,34508,
927,Coe,2021,34509,
927,Coe,2021,34510,
927,Coe,2021,34511,
927,Coe,2021,34512,
927,Coe,2021,34513,
927,Coe,2021,34514,
927,Coe,2021,34515,
927,Coe,2021,34516,
927,Coe,2021,34517,
927,Coe,2021,34518,
777,Crown College,2021,13674,
777,Crown College,2021,23521,
777,Crown College,2021,29928,
898,Pacific Lutheran,2021,23795,
898,Pacific Lutheran,2021,23796,
898,Pacific Lutheran,2021,23804,
898,Pacific Lutheran,2021,29506,
898,Pacific Lutheran,2021,29507,
796,UVA Wise,2021,14190,
843,Millsaps,2021,30387,
843,Millsaps,2021,30399,
1150,Purdue Northwest,2021,3797,
1150,Purdue Northwest,2021,12525,
1150,Purdue Northwest,2021,12534,
1150,Purdue Northwest,2021,12535,
1150,Purdue Northwest,2021,12537,
1150,Purdue Northwest,2021,27467,
1150,Purdue Northwest,2021,29682,
1150,Purdue Northwest,2021,29683,
1150,Purdue Northwest,2021,29684,
1150,Purdue Northwest,2021,29685,
1150,Purdue Northwest,2021,29686,
1150,Purdue Northwest,2021,32808,
1150,Purdue Northwest,2021,32809,
1150,Purdue Northwest,2021,32810,
1150,Purdue Northwest,2021,32811,
1150,Purdue Northwest,2021,32812,
1150,Purdue Northwest,2021,32813,
1150,Purdue Northwest,2021,32814,
1150,Purdue Northwest,2021,32815,
1150,Purdue Northwest,2021,32816,
1150,Purdue Northwest,2021,32817,
1150,Purdue Northwest,2021,32818,
1150,Purdue Northwest,2021,32819,
1150,Purdue Northwest,2021,32820,
1150,Purdue Northwest,2021,32821,
1150,Purdue Northwest,2021,32822,
1150,Purdue Northwest,2021,32823,
1150,Purdue Northwest,2021,32824,
1150,Purdue Northwest,2021,32825,
938,Portland Bible,2021,24192,
938,Portland Bible,2021,24193,
938,Portland Bible,2021,24194,
938,Portland Bible,2021,24195,
938,Portland Bible,2021,24196,
938,Portland Bible,2021,24197,
938,Portland Bible,2021,24198,
938,Portland Bible,2021,24199,
938,Portland Bible,2021,24200,
938,Portland Bible,2021,24201,
938,Portland Bible,2021,24202,
938,Portland Bible,2021,24203,
938,Portland Bible,2021,24204,
938,Portland Bible,2021,24205,
627,Chatham University,2021,9642,
627,Chatham University,2021,9643,
627,Chatham University,2021,9644,
627,Chatham University,2021,9645,
627,Chatham University,2021,9646,
627,Chatham University,2021,9647,
627,Chatham University,2021,9648,
627,Chatham University,2021,9649,
627,Chatham University,2021,9650,
627,Chatham University,2021,9651,
627,Chatham University,2021,9652,
627,Chatham University,2021,9653,
627,Chatham University,2021,9654,
627,Chatham University,2021,9655,
627,Chatham University,2021,9656,
627,Chatham University,2021,9657,
627,Chatham University,2021,9658,
627,Chatham University,2021,9659,
627,Chatham University,2021,9660,
627,Chatham University,2021,9661,
627,Chatham University,2021,9662,
627,Chatham University,2021,9663,
651,Campbellsville,2021,1549,
651,Campbellsville,2021,29743,
741,Brevard,2021,12704,
741,Brevard,2021,20463,
741,Brevard,2021,21045,
741,Brevard,2021,28132,
741,Brevard,2021,28136,
919,Rocky Mountain,2021,18754,
919,Rocky Mountain,2021,28785,
851,Blue Mountain,2021,23051,
851,Blue Mountain,2021,23057,
851,Blue Mountain,2021,23058,
984,Southern Nazarene,2021,21182,
984,Southern Nazarene,2021,21183,
984,Southern Nazarene,2021,21184,
984,Southern Nazarene,2021,21185,
984,Southern Nazarene,2021,21186,
984,Southern Nazarene,2021,21187,
984,Southern Nazarene,2021,21188,
984,Southern Nazarene,2021,21189,1998-02-17
984,Southern Nazarene,2021,21190,
984,Southern Nazarene,2021,21191,
984,Southern Nazarene,2021,21192,
984,Southern Nazarene,2021,21193,
984,Southern Nazarene,2021,21194,
569,Jessup University,2021,4916,
569,Jessup University,2021,23330,
569,Jessup University,2021,23332,
569,Jessup University,2021,23335,
569,Jessup University,2021,27650,
569,Jessup University,2021,27651,
569,Jessup University,2021,27653,
569,Jessup University,2021,27655,
569,Jessup University,2021,27656,
569,Jessup University,2021,27657,
569,Jessup University,2021,27658,
569,Jessup University,2021,31783,
569,Jessup University,2021,31784,
569,Jessup University,2021,31785,
569,Jessup University,2021,31786,
569,Jessup University,2021,31787,
569,Jessup University,2021,31788,
507,Morris College,2021,28234,
507,Morris College,2021,28235,
507,Morris College,2021,28236,
507,Morris College,2021,28237,
507,Morris College,2021,28238,
507,Morris College,2021,28239,
507,Morris College,2021,28240,
507,Morris College,2021,28242,
507,Morris College,2021,28243,
507,Morris College,2021,28244,
507,Morris College,2021,28245,
507,Morris College,2021,28246,
507,Morris College,2021,28247,
507,Morris College,2021,28248,
507,Morris College,2021,28249,
507,Morris College,2021,28250,
507,Morris College,2021,28251,
1082,University Of The Virgin Islands,2021,28611,
1082,University Of The Virgin Islands,2021,28612,
1082,University Of The Virgin Islands,2021,28613,
1082,University Of The Virgin Islands,2021,28614,
1082,University Of The Virgin Islands,2021,28615,
1082,University Of The Virgin Islands,2021,28616,
1082,University Of The Virgin Islands,2021,28617,
1082,University Of The Virgin Islands,2021,28618,
1082,University Of The Virgin Islands,2021,28619,
1082,University Of The Virgin Islands,2021,28620,
1082,University Of The Virgin Islands,2021,28621,
500,Washington College (MD),2021,23377,
500,Washington College (MD),2021,28152,
500,Washington College (MD),2021,28153,
1152,Adrian,2021,8275,
1152,Adrian,2021,33074,
1152,Adrian,2021,33075,
1152,Adrian,2021,33076,
1152,Adrian,2021,33077,
1152,Adrian,2021,33078,
1152,Adrian,2021,33079,
1152,Adrian,2021,33080,
1152,Adrian,2021,33081,
1152,Adrian,2021,33082,
1152,Adrian,2021,33083,
1152,Adrian,2021,33084,
1152,Adrian,2021,33085,
1152,Adrian,2021,33086,
1152,Adrian,2021,33087,
1152,Adrian,2021,33088,
1152,Adrian,2021,33089,
1152,Adrian,2021,33090,
1152,Adrian,2021,33091,
1152,Adrian,2021,33092,
770,Bryn Athyn,2021,22871,
770,Bryn Athyn,2021,22874,
770,Bryn Athyn,2021,22875,
770,Bryn Athyn,2021,28643,
770,Bryn Athyn,2021,28645,
770,Bryn Athyn,2021,28646,
770,Bryn Athyn,2021,28647,
770,Bryn Athyn,2021,28649,
770,Bryn Athyn,2021,28650,
770,Bryn Athyn,2021,28651,
770,Bryn Athyn,2021,28652,
770,Bryn Athyn,2021,28653,
770,Bryn Athyn,2021,28654,
770,Bryn Athyn,2021,28655,
770,Bryn Athyn,2021,28656,
770,Bryn Athyn,2021,28657,
770,Bryn Athyn,2021,28658,
770,Bryn Athyn,2021,28659,
770,Bryn Athyn,2021,28660,
770,Bryn Athyn,2021,28661,
770,Bryn Athyn,2021,28662,
770,Bryn Athyn,2021,28663,
540,Bethel (TN),2021,4262,
540,Bethel (TN),2021,10271,
540,Bethel (TN),2021,33583,
540,Bethel (TN),2021,33584,
540,Bethel (TN),2021,33585,
540,Bethel (TN),2021,33586,
540,Bethel (TN),2021,33587,
540,Bethel (TN),2021,33588,
540,Bethel (TN),2021,33589,
540,Bethel (TN),2021,33590,
540,Bethel (TN),2021,33591,
540,Bethel (TN),2021,33592,
540,Bethel (TN),2021,33593,
540,Bethel (TN),2021,33594,
540,Bethel (TN),2021,33595,
540,Bethel (TN),2021,33596,
540,Bethel (TN),2021,33597,
540,Bethel (TN),2021,33598,
540,Bethel (TN),2021,33599,
540,Bethel (TN),2021,33600,
540,Bethel (TN),2021,33601,
540,Bethel (TN),2021,33602,
540,Bethel (TN),2021,33603,
540,Bethel (TN),2021,33604,
540,Bethel (TN),2021,33605,
540,Bethel (TN),2021,33606,
540,Bethel (TN),2021,33607,
540,Bethel (TN),2021,33608,
540,Bethel (TN),2021,33609,
540,Bethel (TN),2021,33610,
540,Bethel (TN),2021,33611,
543,Northeastern State,2021,955,
543,Northeastern State,2021,4393,
543,Northeastern State,2021,4394,
543,Northeastern State,2021,4397,
543,Northeastern State,2021,4398,
543,Northeastern State,2021,4399,
543,Northeastern State,2021,6377,
543,Northeastern State,2021,22799,
543,Northeastern State,2021,34786,
543,Northeastern State,2021,34787,
543,Northeastern State,2021,34788,
543,Northeastern State,2021,34789,
543,Northeastern State,2021,34790,
543,Northeastern State,2021,34791,
543,Northeastern State,2021,34792,
543,Northeastern State,2021,34793,
543,Northeastern State,2021,34794,
543,Northeastern State,2021,34795,
543,Northeastern State,2021,34796,
543,Northeastern State,2021,34797,
543,Northeastern State,2021,34798,
543,Northeastern State,2021,34799,
543,Northeastern State,2021,34800,
543,Northeastern State,2021,34801,
543,Northeastern State,2021,34802,
543,Northeastern State,2021,34803,
543,Northeastern State,2021,34804,
543,Northeastern State,2021,34805,
543,Northeastern State,2021,34806,
869,North Park,2021,17752,
869,North Park,2021,24695,
869,North Park,2021,30018,
869,North Park,2021,30020,
532,Mississippi College,2021,29793,
532,Mississippi College,2021,29794,
532,Mississippi College,2021,29800,
837,Malone,2021,15697,
837,Malone,2021,17869,
837,Malone,2021,33869,
837,Malone,2021,33870,
837,Malone,2021,33871,
837,Malone,2021,33872,
837,Malone,2021,33873,
837,Malone,2021,33874,
837,Malone,2021,33875,
837,Malone,2021,33876,
837,Malone,2021,33877,
837,Malone,2021,33878,
837,Malone,2021,33879,
837,Malone,2021,33880,
837,Malone,2021,33881,
837,Malone,2021,33882,
837,Malone,2021,33883,
837,Malone,2021,33884,
837,Malone,2021,33885,
976,Notre Dame College (OH),2021,20621,
719,Texas Lutheran,2021,7964,
719,Texas Lutheran,2021,23255,
719,Texas Lutheran,2021,23256,
719,Texas Lutheran,2021,27100,
719,Texas Lutheran,2021,27101,
719,Texas Lutheran,2021,27104,
719,Texas Lutheran,2021,27105,
536,Maryville College (TN),2021,3832,
536,Maryville College (TN),2021,19464,
536,Maryville College (TN),2021,24644,
536,Maryville College (TN),2021,26882,
536,Maryville College (TN),2021,26885,
536,Maryville College (TN),2021,26886,
789,Chadron State,2021,14005,
789,Chadron State,2021,14006,
789,Chadron State,2021,14007,
789,Chadron State,2021,14008,
789,Chadron State,2021,14009,
789,Chadron State,2021,14010,
789,Chadron State,2021,14011,
789,Chadron State,2021,14012,
789,Chadron State,2021,14013,
789,Chadron State,2021,14014,
789,Chadron State,2021,14015,
789,Chadron State,2021,14016,
789,Chadron State,2021,14017,
789,Chadron State,2021,14018,
789,Chadron State,2021,14019,
593,SUNY-Oneonta,2021,12302,
593,SUNY-Oneonta,2021,25055,
593,SUNY-Oneonta,2021,25059,
593,SUNY-Oneonta,2021,25061,
593,SUNY-Oneonta,2021,30313,
593,SUNY-Oneonta,2021,30317,
1007,Huston-Tillotson,2021,23169,
661,Randall University,2021,10560,
661,Randall University,2021,10561,
661,Randall University,2021,10562,
661,Randall University,2021,10563,
661,Randall University,2021,10564,
661,Randall University,2021,10565,
661,Randall University,2021,10566,
661,Randall University,2021,10567,
661,Randall University,2021,10568,
661,Randall University,2021,10569,
661,Randall University,2021,10570,
661,Randall University,2021,10571,
661,Randall University,2021,10572,
661,Randall University,2021,10573,
661,Randall University,2021,10574,
661,Randall University,2021,10575,
994,Puget Sound,2021,22456,
994,Puget Sound,2021,22470,
994,Puget Sound,2021,22471,
519,NC Wesleyan,2021,2133,
519,NC Wesleyan,2021,2134,
519,NC Wesleyan,2021,2135,
519,NC Wesleyan,2021,2148,
519,NC Wesleyan,2021,2149,
519,NC Wesleyan,2021,2150,
519,NC Wesleyan,2021,2151,
519,NC Wesleyan,2021,2152,
519,NC Wesleyan,2021,2153,
519,NC Wesleyan,2021,2155,
519,NC Wesleyan,2021,2156,
519,NC Wesleyan,2021,2159,
519,NC Wesleyan,2021,2160,
519,NC Wesleyan,2021,2161,
519,NC Wesleyan,2021,2162,
519,NC Wesleyan,2021,2321,
519,NC Wesleyan,2021,26706,
519,NC Wesleyan,2021,32477,
519,NC Wesleyan,2021,32478,
846,Jarvis Christian,2021,28919,
846,Jarvis Christian,2021,28920,
846,Jarvis Christian,2021,28923,
846,Jarvis Christian,2021,28934,
673,Texas College,2021,10863,
673,Texas College,2021,10864,
673,Texas College,2021,10865,
673,Texas College,2021,10866,
673,Texas College,2021,10867,
673,Texas College,2021,10868,
673,Texas College,2021,10869,
673,Texas College,2021,10870,
673,Texas College,2021,10871,
673,Texas College,2021,10872,
673,Texas College,2021,10873,
673,Texas College,2021,10874,
673,Texas College,2021,10875,
673,Texas College,2021,10876,
673,Texas College,2021,10877,
931,George Fox,2021,18970,
931,George Fox,2021,18974,
931,George Fox,2021,28555,
931,George Fox,2021,28557,
931,George Fox,2021,28558,
931,George Fox,2021,28563,
931,George Fox,2021,28565,
931,George Fox,2021,28567,
931,George Fox,2021,28568,
931,George Fox,2021,28569,
931,George Fox,2021,28570,
931,George Fox,2021,28571,
931,George Fox,2021,28572,
931,George Fox,2021,28573,
931,George Fox,2021,28574,
931,George Fox,2021,28575,
931,George Fox,2021,28576,
931,George Fox,2021,28577,
931,George Fox,2021,28578,
931,George Fox,2021,28579,
931,George Fox,2021,28580,
931,George Fox,2021,28581,
931,George Fox,2021,28582,
931,George Fox,2021,28583,
931,George Fox,2021,28584,
931,George Fox,2021,28585,
931,George Fox,2021,28586,
931,George Fox,2021,28587,
931,George Fox,2021,28588,
931,George Fox,2021,28589,
625,Lancaster Bible College,2021,29780,
625,Lancaster Bible College,2021,29781,
625,Lancaster Bible College,2021,29782,
625,Lancaster Bible College,2021,29783,
625,Lancaster Bible College,2021,29784,
625,Lancaster Bible College,2021,29785,
625,Lancaster Bible College,2021,29786,
625,Lancaster Bible College,2021,29787,
625,Lancaster Bible College,2021,29788,
625,Lancaster Bible College,2021,29789,
625,Lancaster Bible College,2021,29790,
625,Lancaster Bible College,2021,29791,
625,Lancaster Bible College,2021,29792,
625,Lancaster Bible College,2021,30215,
625,Lancaster Bible College,2021,34569,
625,Lancaster Bible College,2021,34570,
625,Lancaster Bible College,2021,34571,
625,Lancaster Bible College,2021,34572,
625,Lancaster Bible College,2021,34573,
625,Lancaster Bible College,2021,34574,
625,Lancaster Bible College,2021,34575,
625,Lancaster Bible College,2021,34576,
625,Lancaster Bible College,2021,34577,
625,Lancaster Bible College,2021,34578,
625,Lancaster Bible College,2021,34579,
625,Lancaster Bible College,2021,34580,
581,Boyce,2021,24470,
581,Boyce,2021,29843,
581,Boyce,2021,29844,
581,Boyce,2021,31032,
679,Capital,2021,11057,
679,Capital,2021,11058,
679,Capital,2021,11059,
679,Capital,2021,11060,
679,Capital,2021,11061,
679,Capital,2021,11062,
679,Capital,2021,11063,
679,Capital,2021,11064,
679,Capital,2021,11065,
679,Capital,2021,11066,
679,Capital,2021,11067,
679,Capital,2021,11068,
679,Capital,2021,11069,
679,Capital,2021,11070,
679,Capital,2021,11071,
493,Oglethorpe,2021,23842,
493,Oglethorpe,2021,23845,
1148,Bacone,2021,33643,
1148,Bacone,2021,33644,
1148,Bacone,2021,33645,
1148,Bacone,2021,33646,
1148,Bacone,2021,33647,
1148,Bacone,2021,33648,
1148,Bacone,2021,33649,
1148,Bacone,2021,33650,
1148,Bacone,2021,33651,
1148,Bacone,2021,33652,
1148,Bacone,2021,33653,
1148,Bacone,2021,33654,
1148,Bacone,2021,33655,
1148,Bacone,2021,33656,
1148,Bacone,2021,33657,
1148,Bacone,2021,33658,
1148,Bacone,2021,33659,
1148,Bacone,2021,33660,
1148,Bacone,2021,33661,
1148,Bacone,2021,33662,
654,Corban College,2021,10348,
654,Corban College,2021,10349,
654,Corban College,2021,10363,
576,SUNY-Canton,2021,25337,
576,SUNY-Canton,2021,25338,
759,Apprentice School,2021,13178,
759,Apprentice School,2021,29611,
759,Apprentice School,2021,29612,
759,Apprentice School,2021,29613,
759,Apprentice School,2021,29617,
966,Antelope Valley,2021,8581,
966,Antelope Valley,2021,24964,
966,Antelope Valley,2021,28506,
966,Antelope Valley,2021,28507,
966,Antelope Valley,2021,28508,
966,Antelope Valley,2021,28509,
966,Antelope Valley,2021,28510,
966,Antelope Valley,2021,28511,
966,Antelope Valley,2021,28512,
966,Antelope Valley,2021,28513,
966,Antelope Valley,2021,28514,
966,Antelope Valley,2021,28515,
966,Antelope Valley,2021,28516,
966,Antelope Valley,2021,28517,
966,Antelope Valley,2021,28518,
966,Antelope Valley,2021,28519,
966,Antelope Valley,2021,28520,
966,Antelope Valley,2021,28521,
966,Antelope Valley,2021,28522,
966,Antelope Valley,2021,28523,
966,Antelope Valley,2021,28524,
966,Antelope Valley,2021,28525,
966,Antelope Valley,2021,28526,
966,Antelope Valley,2021,28527,
966,Antelope Valley,2021,28528,
966,Antelope Valley,2021,28529,
966,Antelope Valley,2021,28530,
635,Taylor,2021,9871,
635,Taylor,2021,9872,
635,Taylor,2021,9873,
635,Taylor,2021,9874,
635,Taylor,2021,9875,
635,Taylor,2021,9876,
635,Taylor,2021,9877,
635,Taylor,2021,9878,
635,Taylor,2021,9879,
635,Taylor,2021,9880,
635,Taylor,2021,9881,
635,Taylor,2021,9882,
635,Taylor,2021,9883,
1107,Cal Lutheran,2021,8567,
1107,Cal Lutheran,2021,30083,
1107,Cal Lutheran,2021,30092,
1107,Cal Lutheran,2021,30098,
1107,Cal Lutheran,2021,30099,
1107,Cal Lutheran,2021,30100,
1107,Cal Lutheran,2021,30101,
1107,Cal Lutheran,2021,30102,
1107,Cal Lutheran,2021,30103,
1107,Cal Lutheran,2021,30104,
1107,Cal Lutheran,2021,30105,
1107,Cal Lutheran,2021,30106,
1107,Cal Lutheran,2021,30107,
1107,Cal Lutheran,2021,30108,
1107,Cal Lutheran,2021,30109,
1107,Cal Lutheran,2021,30110,
1107,Cal Lutheran,2021,30111,
1107,Cal Lutheran,2021,30112,
1107,Cal Lutheran,2021,30113,
1107,Cal Lutheran,2021,30114,
1107,Cal Lutheran,2021,30115,
1107,Cal Lutheran,2021,30116,
1107,Cal Lutheran,2021,30117,
1107,Cal Lutheran,2021,30118,
1107,Cal Lutheran,2021,30119,
1107,Cal Lutheran,2021,30120,
1107,Cal Lutheran,2021,30121,
1107,Cal Lutheran,2021,30122,
722,Texas A&M-Kingsville,2021,12173,
722,Texas A&M-Kingsville,2021,12174,
722,Texas A&M-Kingsville,2021,12175,
722,Texas A&M-Kingsville,2021,12176,
722,Texas A&M-Kingsville,2021,12177,
722,Texas A&M-Kingsville,2021,12178,
722,Texas A&M-Kingsville,2021,12179,
722,Texas A&M-Kingsville,2021,12180,
722,Texas A&M-Kingsville,2021,12181,
722,Texas A&M-Kingsville,2021,12182,
722,Texas A&M-Kingsville,2021,12183,
722,Texas A&M-Kingsville,2021,12184,
722,Texas A&M-Kingsville,2021,12185,
722,Texas A&M-Kingsville,2021,12186,
722,Texas A&M-Kingsville,2021,12187,
722,Texas A&M-Kingsville,2021,12188,
722,Texas A&M-Kingsville,2021,12189,
722,Texas A&M-Kingsville,2021,12190,
1078,Maine-Farmington,2021,28295,
1078,Maine-Farmington,2021,28296,
1078,Maine-Farmington,2021,28297,
1078,Maine-Farmington,2021,28298,
1078,Maine-Farmington,2021,28299,
1078,Maine-Farmington,2021,28300,
1078,Maine-Farmington,2021,28301,
1078,Maine-Farmington,2021,28302,
1078,Maine-Farmington,2021,28303,2004-11-19
1078,Maine-Farmington,2021,28305,
1078,Maine-Farmington,2021,28306,
646,Carolina University,2021,30452,
646,Carolina University,2021,30455,
1157,Tuskegee,2021,8523,
1157,Tuskegee,2021,11398,
1157,Tuskegee,2021,33221,
1157,Tuskegee,2021,33222,
1157,Tuskegee,2021,33223,
1157,Tuskegee,2021,33224,
1157,Tuskegee,2021,33225,
1157,Tuskegee,2021,33226,
1157,Tuskegee,2021,33227,
1157,Tuskegee,2021,33228,
1157,Tuskegee,2021,33229,
1157,Tuskegee,2021,33230,
1157,Tuskegee,2021,33231,
1157,Tuskegee,2021,33232,
1157,Tuskegee,2021,33233,
1157,Tuskegee,2021,33234,
1157,Tuskegee,2021,33235,
1157,Tuskegee,2021,33236,
1157,Tuskegee,2021,33237,
1157,Tuskegee,2021,33238,
1157,Tuskegee,2021,33239,
1157,Tuskegee,2021,33240,
1157,Tuskegee,2021,33241,
1157,Tuskegee,2021,33242,
1157,Tuskegee,2021,33243,
725,Averett,2021,12271,
725,Averett,2021,12278,
744,Warner University,2021,14613,
744,Warner University,2021,14614,
744,Warner University,2021,14615,
744,Warner University,2021,14616,
744,Warner University,2021,14617,
744,Warner University,2021,14618,
744,Warner University,2021,14619,
744,Warner University,2021,14620,
744,Warner University,2021,14621,
744,Warner University,2021,14622,
744,Warner University,2021,14623,
744,Warner University,2021,14624,
744,Warner University,2021,14625,
744,Warner University,2021,14626,
744,Warner University,2021,14627,
985,Illinois-Springfield,2021,5597,
985,Illinois-Springfield,2021,21256,
985,Illinois-Springfield,2021,30791,
930,LeMoyne-Owen,2021,28880,
551,Trinity (TX),2021,5225,
551,Trinity (TX),2021,5226,
551,Trinity (TX),2021,27430,
551,Trinity (TX),2021,27433,
551,Trinity (TX),2021,27434,
551,Trinity (TX),2021,27435,
551,Trinity (TX),2021,27436,
855,Oakland City,2021,17244,
855,Oakland City,2021,30764,
855,Oakland City,2021,30768,
1138,Carver College,2021,27396,
1138,Carver College,2021,27386,
1138,Carver College,2021,27393,
1138,Carver College,2021,27394,
1138,Carver College,2021,27401,
1138,Carver College,2021,27402,
1138,Carver College,2021,31732,
1138,Carver College,2021,31733,
1138,Carver College,2021,31734,
1138,Carver College,2021,32384,
1138,Carver College,2021,32451,
1138,Carver College,2021,33918,
1138,Carver College,2021,27410,
1138,Carver College,2021,27399,
877,Eastern Mennonite,2021,17955,
877,Eastern Mennonite,2021,17956,
877,Eastern Mennonite,2021,17957,
877,Eastern Mennonite,2021,17962,
877,Eastern Mennonite,2021,22389,
571,San Francisco State,2021,22112,
571,San Francisco State,2021,22114,
571,San Francisco State,2021,27702,
571,San Francisco State,2021,27705,
622,Xavier (LA),2021,9484,
622,Xavier (LA),2021,29224,
622,Xavier (LA),2021,29226,
622,Xavier (LA),2021,29229,
732,Our Lady Of The Lake,2021,23681,
732,Our Lady Of The Lake,2021,27110,
732,Our Lady Of The Lake,2021,29818,
732,Our Lady Of The Lake,2021,29822,
732,Our Lady Of The Lake,2021,29824,
732,Our Lady Of The Lake,2021,29825,
732,Our Lady Of The Lake,2021,29826,
732,Our Lady Of The Lake,2021,30123,
732,Our Lady Of The Lake,2021,32441,
732,Our Lady Of The Lake,2021,32442,
732,Our Lady Of The Lake,2021,32443,
732,Our Lady Of The Lake,2021,32444,
732,Our Lady Of The Lake,2021,32445,
732,Our Lady Of The Lake,2021,32446,
732,Our Lady Of The Lake,2021,32447,
732,Our Lady Of The Lake,2021,32448,
732,Our Lady Of The Lake,2021,32449,
732,Our Lady Of The Lake,2021,32450,
732,Our Lady Of The Lake,2021,32548,
732,Our Lady Of The Lake,2021,34582,
732,Our Lady Of The Lake,2021,34583,
732,Our Lady Of The Lake,2021,34584,
732,Our Lady Of The Lake,2021,34585,
732,Our Lady Of The Lake,2021,34783,
732,Our Lady Of The Lake,2021,34784,
732,Our Lady Of The Lake,2021,34807,
967,Trevecca Nazarene,2021,1102,
967,Trevecca Nazarene,2021,6543,
967,Trevecca Nazarene,2021,16322,
967,Trevecca Nazarene,2021,19699,
967,Trevecca Nazarene,2021,19706,
967,Trevecca Nazarene,2021,20322,
967,Trevecca Nazarene,2021,23444,
967,Trevecca Nazarene,2021,26891,
967,Trevecca Nazarene,2021,33633,
967,Trevecca Nazarene,2021,33634,
967,Trevecca Nazarene,2021,33635,
967,Trevecca Nazarene,2021,33636,
967,Trevecca Nazarene,2021,33637,
967,Trevecca Nazarene,2021,33638,
967,Trevecca Nazarene,2021,33639,
967,Trevecca Nazarene,2021,33640,
967,Trevecca Nazarene,2021,33641,
967,Trevecca Nazarene,2021,33642,
821,Benedictine (AZ),2021,14931,
821,Benedictine (AZ),2021,14953,
821,Benedictine (AZ),2021,23281,
821,Benedictine (AZ),2021,23285,
821,Benedictine (AZ),2021,23289,
821,Benedictine (AZ),2021,23292,
821,Benedictine (AZ),2021,23293,
821,Benedictine (AZ),2021,23295,
821,Benedictine (AZ),2021,28935,
821,Benedictine (AZ),2021,28938,
821,Benedictine (AZ),2021,28939,
821,Benedictine (AZ),2021,28943,
821,Benedictine (AZ),2021,28944,
821,Benedictine (AZ),2021,28945,
821,Benedictine (AZ),2021,28946,
821,Benedictine (AZ),2021,28947,
821,Benedictine (AZ),2021,28948,
821,Benedictine (AZ),2021,28949,
821,Benedictine (AZ),2021,28950,
821,Benedictine (AZ),2021,28951,
821,Benedictine (AZ),2021,28952,
821,Benedictine (AZ),2021,28953,
821,Benedictine (AZ),2021,28954,
821,Benedictine (AZ),2021,28955,
821,Benedictine (AZ),2021,28956,
821,Benedictine (AZ),2021,28957,
821,Benedictine (AZ),2021,28958,
821,Benedictine (AZ),2021,28959,
821,Benedictine (AZ),2021,28960,
821,Benedictine (AZ),2021,28961,
821,Benedictine (AZ),2021,28962,
821,Benedictine (AZ),2021,28963,
821,Benedictine (AZ),2021,28964,
871,Wilberforce,2021,17805,
871,Wilberforce,2021,17806,
871,Wilberforce,2021,17807,
871,Wilberforce,2021,17808,
871,Wilberforce,2021,17809,
871,Wilberforce,2021,17810,
871,Wilberforce,2021,17811,
871,Wilberforce,2021,17812,
871,Wilberforce,2021,17813,
871,Wilberforce,2021,17814,
871,Wilberforce,2021,17815,
871,Wilberforce,2021,17816,
871,Wilberforce,2021,17817,
871,Wilberforce,2021,17818,
871,Wilberforce,2021,17819,
871,Wilberforce,2021,17820,
871,Wilberforce,2021,17821,
871,Wilberforce,2021,17822,
871,Wilberforce,2021,17823,
871,Wilberforce,2021,17824,
871,Wilberforce,2021,17825,
871,Wilberforce,2021,17826,
751,Montreat,2021,23548,
751,Montreat,2021,23549,
751,Montreat,2021,23550,
751,Montreat,2021,23551,
751,Montreat,2021,23552,
751,Montreat,2021,23553,
751,Montreat,2021,23555,
751,Montreat,2021,23556,
751,Montreat,2021,23557,
751,Montreat,2021,23558,
751,Montreat,2021,23559,
751,Montreat,2021,23560,
751,Montreat,2021,23561,
751,Montreat,2021,23562,
751,Montreat,2021,23563,
751,Montreat,2021,23564,
751,Montreat,2021,23565,
1133,Tougaloo,2021,31186,
1133,Tougaloo,2021,31196,
1133,Tougaloo,2021,31197,
1133,Tougaloo,2021,31198,
1133,Tougaloo,2021,31199,
1133,Tougaloo,2021,31200,
1133,Tougaloo,2021,31201,
1133,Tougaloo,2021,31202,
1133,Tougaloo,2021,31203,
1133,Tougaloo,2021,31204,
1133,Tougaloo,2021,31205,
1133,Tougaloo,2021,31206,
1133,Tougaloo,2021,31207,
1133,Tougaloo,2021,31208,
1133,Tougaloo,2021,31209,
1133,Tougaloo,2021,31210,
1133,Tougaloo,2021,31211,
1133,Tougaloo,2021,31212,
1133,Tougaloo,2021,31213,
1133,Tougaloo,2021,31214,
675,Misericordia,2021,10930,
675,Misericordia,2021,10931,
675,Misericordia,2021,10932,
675,Misericordia,2021,10934,
675,Misericordia,2021,10942,
675,Misericordia,2021,10943,
991,San Diego Christian,2021,13986,
991,San Diego Christian,2021,21990,
991,San Diego Christian,2021,21992,
991,San Diego Christian,2021,21993,
991,San Diego Christian,2021,22010,
991,San Diego Christian,2021,22011,
991,San Diego Christian,2021,28794,
991,San Diego Christian,2021,29202,
991,San Diego Christian,2021,29204,
991,San Diego Christian,2021,29207,
991,San Diego Christian,2021,29209,
991,San Diego Christian,2021,29214,
991,San Diego Christian,2021,29215,
991,San Diego Christian,2021,29216,
991,San Diego Christian,2021,33527,
991,San Diego Christian,2021,33528,
991,San Diego Christian,2021,33529,
991,San Diego Christian,2021,33530,
991,San Diego Christian,2021,33531,
991,San Diego Christian,2021,33532,
991,San Diego Christian,2021,33533,
991,San Diego Christian,2021,33534,
991,San Diego Christian,2021,33535,
991,San Diego Christian,2021,33536,
991,San Diego Christian,2021,33537,
708,Ferrum,2021,26639,
708,Ferrum,2021,26641,
708,Ferrum,2021,26642,
708,Ferrum,2021,26665,
1151,East Texas Baptist,2021,3831,
1151,East Texas Baptist,2021,24840,
1151,East Texas Baptist,2021,32843,
1151,East Texas Baptist,2021,32844,
1151,East Texas Baptist,2021,32845,
1151,East Texas Baptist,2021,32846,
1151,East Texas Baptist,2021,32847,
1151,East Texas Baptist,2021,32848,
1151,East Texas Baptist,2021,32849,
1151,East Texas Baptist,2021,32850,
1151,East Texas Baptist,2021,32851,
1151,East Texas Baptist,2021,32852,
1151,East Texas Baptist,2021,32853,
1151,East Texas Baptist,2021,32854,
1151,East Texas Baptist,2021,32855,
1151,East Texas Baptist,2021,32856,
1151,East Texas Baptist,2021,32857,
1151,East Texas Baptist,2021,32858,
795,Rust,2021,14156,
795,Rust,2021,20086,
795,Rust,2021,29876,
795,Rust,2021,29878,
795,Rust,2021,29879,
795,Rust,2021,29880,
795,Rust,2021,29883,
795,Rust,2021,29884,
795,Rust,2021,29885,
795,Rust,2021,29887,
795,Rust,2021,29888,
795,Rust,2021,29889,
795,Rust,2021,29890,
795,Rust,2021,29906,
795,Rust,2021,34705,
795,Rust,2021,34706,
795,Rust,2021,34707,
795,Rust,2021,34708,
795,Rust,2021,34709,
795,Rust,2021,34710,
795,Rust,2021,34711,
795,Rust,2021,34712,
795,Rust,2021,34713,
795,Rust,2021,34714,
795,Rust,2021,34715,
795,Rust,2021,34716,
795,Rust,2021,34717,
795,Rust,2021,34718,
795,Rust,2021,34719,
795,Rust,2021,34720,
795,Rust,2021,34721,
795,Rust,2021,34722,
795,Rust,2021,34723,
1096,Elizabethtown,2021,29517,
1096,Elizabethtown,2021,29520,
1096,Elizabethtown,2021,29523,
1096,Elizabethtown,2021,29529,
1096,Elizabethtown,2021,29531,
632,Voorhees,2021,23520,
1154,Salem University,2021,15644,
1154,Salem University,2021,25186,
1154,Salem University,2021,25628,
1154,Salem University,2021,32961,
1154,Salem University,2021,32962,
1154,Salem University,2021,32963,
1154,Salem University,2021,32964,
1154,Salem University,2021,32965,
1154,Salem University,2021,32966,
1154,Salem University,2021,32967,
1154,Salem University,2021,32968,
1154,Salem University,2021,32969,
1154,Salem University,2021,32970,
1154,Salem University,2021,32971,
1154,Salem University,2021,32972,
1154,Salem University,2021,32973,
1154,Salem University,2021,32974,
1154,Salem University,2021,32975,
1154,Salem University,2021,32976,
1154,Salem University,2021,32977,
1154,Salem University,2021,32978,
1154,Salem University,2021,32979,
1154,Salem University,2021,32980,
1154,Salem University,2021,32981,
1154,Salem University,2021,32982,
1154,Salem University,2021,32983,
1154,Salem University,2021,32984,
1154,Salem University,2021,32985,
1154,Salem University,2021,32986,
1154,Salem University,2021,32987,
1154,Salem University,2021,32988,
1154,Salem University,2021,32989,
1154,Salem University,2021,32990,
1154,Salem University,2021,32991,
676,Rockford,2021,10963,
676,Rockford,2021,22311,
676,Rockford,2021,22316,
676,Rockford,2021,29286,
676,Rockford,2021,29287,
676,Rockford,2021,29289,
676,Rockford,2021,29301,
950,CS Dominguez Hills,2021,19349,
717,Midway University,2021,12062,
717,Midway University,2021,30298,
717,Midway University,2021,30299,
717,Midway University,2021,30300,
717,Midway University,2021,30301,
717,Midway University,2021,30302,
717,Midway University,2021,30310,
691,Southern Wesleyan,2021,31588,
691,Southern Wesleyan,2021,31589,
691,Southern Wesleyan,2021,31590,
691,Southern Wesleyan,2021,31591,
691,Southern Wesleyan,2021,31592,
691,Southern Wesleyan,2021,31593,
691,Southern Wesleyan,2021,31594,
691,Southern Wesleyan,2021,31595,
691,Southern Wesleyan,2021,31596,
691,Southern Wesleyan,2021,31597,
691,Southern Wesleyan,2021,31598,
691,Southern Wesleyan,2021,31599,
691,Southern Wesleyan,2021,31600,
691,Southern Wesleyan,2021,31601,
691,Southern Wesleyan,2021,31602,
691,Southern Wesleyan,2021,32709,
691,Southern Wesleyan,2021,32710,
767,Lesley University,2021,13367,
767,Lesley University,2021,13368,
767,Lesley University,2021,13369,
767,Lesley University,2021,13370,
767,Lesley University,2021,13371,
767,Lesley University,2021,13372,
767,Lesley University,2021,13373,
767,Lesley University,2021,13374,
767,Lesley University,2021,13375,
767,Lesley University,2021,13376,
767,Lesley University,2021,13377,
767,Lesley University,2021,13378,
767,Lesley University,2021,13379,
767,Lesley University,2021,13380,
641,Goshen,2021,22493,
641,Goshen,2021,22494,
641,Goshen,2021,22495,
641,Goshen,2021,22496,
641,Goshen,2021,22497,
641,Goshen,2021,22499,
641,Goshen,2021,22500,
641,Goshen,2021,22501,
641,Goshen,2021,22502,
641,Goshen,2021,22503,
641,Goshen,2021,22504,
641,Goshen,2021,22505,
641,Goshen,2021,22506,
641,Goshen,2021,22507,
641,Goshen,2021,22508,
641,Goshen,2021,22509,
1067,Cumberland (TN),2021,26848,
1067,Cumberland (TN),2021,26849,
1067,Cumberland (TN),2021,26854,
1067,Cumberland (TN),2021,26855,
1067,Cumberland (TN),2021,26856,
1067,Cumberland (TN),2021,26857,
558,Western New Mexico,2021,12465,
558,Western New Mexico,2021,12487,
558,Western New Mexico,2021,24535,
558,Western New Mexico,2021,24538,
558,Western New Mexico,2021,24543,
558,Western New Mexico,2021,24544,
558,Western New Mexico,2021,24545,
558,Western New Mexico,2021,24547,
558,Western New Mexico,2021,27469,
558,Western New Mexico,2021,27470,
558,Western New Mexico,2021,27472,
558,Western New Mexico,2021,34478,
558,Western New Mexico,2021,34479,
558,Western New Mexico,2021,34480,
558,Western New Mexico,2021,34481,
558,Western New Mexico,2021,34482,
558,Western New Mexico,2021,34483,
558,Western New Mexico,2021,34484,
558,Western New Mexico,2021,34485,
558,Western New Mexico,2021,34486,
558,Western New Mexico,2021,34487,
558,Western New Mexico,2021,34488,
558,Western New Mexico,2021,34489,
558,Western New Mexico,2021,34490,
558,Western New Mexico,2021,34491,
1020,Tennessee Southern,2021,23831,
1020,Tennessee Southern,2021,26898,
534,Dallas Christian,2021,15476,
534,Dallas Christian,2021,22623,
534,Dallas Christian,2021,22624,
534,Dallas Christian,2021,22625,
534,Dallas Christian,2021,22636,
534,Dallas Christian,2021,22637,
534,Dallas Christian,2021,22638,
534,Dallas Christian,2021,22639,
534,Dallas Christian,2021,22640,
534,Dallas Christian,2021,32032,
534,Dallas Christian,2021,32033,
534,Dallas Christian,2021,32034,
534,Dallas Christian,2021,32035,
534,Dallas Christian,2021,32036,
534,Dallas Christian,2021,32037,
534,Dallas Christian,2021,32038,
534,Dallas Christian,2021,32039,
534,Dallas Christian,2021,32040,
534,Dallas Christian,2021,32041,
534,Dallas Christian,2021,32042,
534,Dallas Christian,2021,32043,
534,Dallas Christian,2021,34704,
835,Johnson University Florida,2021,15645,
835,Johnson University Florida,2021,15646,
835,Johnson University Florida,2021,15649,
835,Johnson University Florida,2021,15652,
688,East-West University,2021,24165,
688,East-West University,2021,24167,
688,East-West University,2021,24168,
688,East-West University,2021,24176,
688,East-West University,2021,24177,
688,East-West University,2021,24178,
688,East-West University,2021,24179,
688,East-West University,2021,24180,
688,East-West University,2021,24181,
688,East-West University,2021,24182,
688,East-West University,2021,24183,
688,East-West University,2021,24184,
688,East-West University,2021,24185,
721,Hawai'i Pacific,2021,12147,
721,Hawai'i Pacific,2021,12149,
721,Hawai'i Pacific,2021,23348,
721,Hawai'i Pacific,2021,23473,
721,Hawai'i Pacific,2021,23476,
721,Hawai'i Pacific,2021,23479,
721,Hawai'i Pacific,2021,23480,
721,Hawai'i Pacific,2021,29532,
721,Hawai'i Pacific,2021,30234,
721,Hawai'i Pacific,2021,33382,
721,Hawai'i Pacific,2021,33383,
721,Hawai'i Pacific,2021,33384,
721,Hawai'i Pacific,2021,33385,
721,Hawai'i Pacific,2021,33386,
721,Hawai'i Pacific,2021,33387,
721,Hawai'i Pacific,2021,33388,
721,Hawai'i Pacific,2021,33389,
721,Hawai'i Pacific,2021,33390,
721,Hawai'i Pacific,2021,33391,
721,Hawai'i Pacific,2021,33392,
721,Hawai'i Pacific,2021,33393,
721,Hawai'i Pacific,2021,33394,
721,Hawai'i Pacific,2021,33395,
721,Hawai'i Pacific,2021,33396,
721,Hawai'i Pacific,2021,33397,
721,Hawai'i Pacific,2021,33398,
1072,Oklahoma Christian,2021,27354,
1072,Oklahoma Christian,2021,27356,
1072,Oklahoma Christian,2021,27358,
1072,Oklahoma Christian,2021,27364,
703,Minnesota Crookston,2021,11725,
703,Minnesota Crookston,2021,11726,
703,Minnesota Crookston,2021,11727,
703,Minnesota Crookston,2021,11728,
703,Minnesota Crookston,2021,11729,
703,Minnesota Crookston,2021,11730,
703,Minnesota Crookston,2021,11731,
703,Minnesota Crookston,2021,11732,
703,Minnesota Crookston,2021,11733,
703,Minnesota Crookston,2021,11734,
703,Minnesota Crookston,2021,11735,
703,Minnesota Crookston,2021,11736,
703,Minnesota Crookston,2021,11737,
703,Minnesota Crookston,2021,11738,
1066,Salve Regina,2021,26385,
1066,Salve Regina,2021,26386,
1066,Salve Regina,2021,26388,
1066,Salve Regina,2021,26391,
1066,Salve Regina,2021,26399,
567,Northwest Indian,2021,25002,
567,Northwest Indian,2021,25003,
567,Northwest Indian,2021,25004,
567,Northwest Indian,2021,25005,
567,Northwest Indian,2021,25006,
567,Northwest Indian,2021,25007,
567,Northwest Indian,2021,25008,
567,Northwest Indian,2021,25009,
567,Northwest Indian,2021,25010,
567,Northwest Indian,2021,25011,
567,Northwest Indian,2021,25012,
567,Northwest Indian,2021,25013,
567,Northwest Indian,2021,25014,
567,Northwest Indian,2021,25015,
567,Northwest Indian,2021,25016,
567,Northwest Indian,2021,25017,
567,Northwest Indian,2021,25019,
567,Northwest Indian,2021,25020,
567,Northwest Indian,2021,25021,
567,Northwest Indian,2021,25022,
567,Northwest Indian,2021,25023,
567,Northwest Indian,2021,25024,
567,Northwest Indian,2021,25025,
567,Northwest Indian,2021,25026,
567,Northwest Indian,2021,25027,
567,Northwest Indian,2021,25129,
660,Crowley's Ridge,2021,10535,
660,Crowley's Ridge,2021,10541,
660,Crowley's Ridge,2021,10542,
660,Crowley's Ridge,2021,10543,
660,Crowley's Ridge,2021,10544,
660,Crowley's Ridge,2021,11457,
660,Crowley's Ridge,2021,30858,
660,Crowley's Ridge,2021,30859,
660,Crowley's Ridge,2021,32942,
660,Crowley's Ridge,2021,32943,
660,Crowley's Ridge,2021,32944,
660,Crowley's Ridge,2021,32945,
660,Crowley's Ridge,2021,32946,
660,Crowley's Ridge,2021,32947,
660,Crowley's Ridge,2021,32948,
660,Crowley's Ridge,2021,32949,
658,Emerson,2021,10479,
658,Emerson,2021,10480,
658,Emerson,2021,10481,
658,Emerson,2021,10488,
658,Emerson,2021,10489,
658,Emerson,2021,26060,
658,Emerson,2021,26065,
658,Emerson,2021,26066,
513,Davis & Elkins,2021,15458,
513,Davis & Elkins,2021,25218,
513,Davis & Elkins,2021,25219,
513,Davis & Elkins,2021,25220,
513,Davis & Elkins,2021,25221,
513,Davis & Elkins,2021,25222,
513,Davis & Elkins,2021,25223,
513,Davis & Elkins,2021,25224,
513,Davis & Elkins,2021,25225,
513,Davis & Elkins,2021,25226,
513,Davis & Elkins,2021,25227,
513,Davis & Elkins,2021,25228,
513,Davis & Elkins,2021,25229,
513,Davis & Elkins,2021,25230,
513,Davis & Elkins,2021,25231,
557,Champion Christian,2021,21344,
557,Champion Christian,2021,21345,
557,Champion Christian,2021,21349,
557,Champion Christian,2021,21350,
557,Champion Christian,2021,28450,
557,Champion Christian,2021,28451,
557,Champion Christian,2021,28455,
557,Champion Christian,2021,28456,
557,Champion Christian,2021,28457,
557,Champion Christian,2021,28458,
557,Champion Christian,2021,28459,
557,Champion Christian,2021,28460,
557,Champion Christian,2021,28461,
502,Rivier,2021,26249,
502,Rivier,2021,26251,
502,Rivier,2021,26253,
502,Rivier,2021,26254,
1013,Bushnell,2021,31316,1994-03-17
1013,Bushnell,2021,31317,1992-04-08
1013,Bushnell,2021,31318,1992-10-01
1013,Bushnell,2021,31319,2003-11-21
1013,Bushnell,2021,31320,
1013,Bushnell,2021,31321,
1013,Bushnell,2021,31322,
1013,Bushnell,2021,31323,
1013,Bushnell,2021,31324,
1013,Bushnell,2021,31325,
1013,Bushnell,2021,31326,
1013,Bushnell,2021,31327,
1013,Bushnell,2021,31328,
1013,Bushnell,2021,31329,
621,Brescia,2021,25961,
621,Brescia,2021,25962,
621,Brescia,2021,25966,
621,Brescia,2021,25967,
621,Brescia,2021,25969,
1068,Shenandoah,2021,20031,
1068,Shenandoah,2021,26913,
1068,Shenandoah,2021,26914,
1068,Shenandoah,2021,26923,
1068,Shenandoah,2021,26925,
1025,Multnomah University,2021,24209,
1025,Multnomah University,2021,24218,
1025,Multnomah University,2021,30533,
1025,Multnomah University,2021,30538,
1025,Multnomah University,2021,30544,
1025,Multnomah University,2021,30545,
1025,Multnomah University,2021,30546,
1025,Multnomah University,2021,30547,
501,Georgian Court,2021,1209,
501,Georgian Court,2021,1210,
501,Georgian Court,2021,1211,
1111,Palm Beach Atlantic,2021,14123,
1111,Palm Beach Atlantic,2021,21988,
1111,Palm Beach Atlantic,2021,30223,
1111,Palm Beach Atlantic,2021,30225,
1111,Palm Beach Atlantic,2021,30226,
698,Stanislaus State,2021,24859,
698,Stanislaus State,2021,24862,
698,Stanislaus State,2021,29217,
698,Stanislaus State,2021,29220,
648,LeTourneau,2021,10189,
648,LeTourneau,2021,10198,
648,LeTourneau,2021,10209,
648,LeTourneau,2021,21964,
648,LeTourneau,2021,21965,
648,LeTourneau,2021,21972,
648,LeTourneau,2021,21973,
648,LeTourneau,2021,27941,
648,LeTourneau,2021,27942,
648,LeTourneau,2021,27943,
648,LeTourneau,2021,27945,
648,LeTourneau,2021,27946,
648,LeTourneau,2021,27947,
648,LeTourneau,2021,27948,
648,LeTourneau,2021,32642,
648,LeTourneau,2021,32643,
648,LeTourneau,2021,32644,
992,Rochester University (MI),2021,13403,
992,Rochester University (MI),2021,22242,
992,Rochester University (MI),2021,22250,
992,Rochester University (MI),2021,22254,
992,Rochester University (MI),2021,34601,
992,Rochester University (MI),2021,34602,
992,Rochester University (MI),2021,34603,
992,Rochester University (MI),2021,34604,
992,Rochester University (MI),2021,34605,
992,Rochester University (MI),2021,34606,
992,Rochester University (MI),2021,34607,
992,Rochester University (MI),2021,34608,
992,Rochester University (MI),2021,34609,
992,Rochester University (MI),2021,34610,
992,Rochester University (MI),2021,34611,
992,Rochester University (MI),2021,34612,
992,Rochester University (MI),2021,34613,
992,Rochester University (MI),2021,34614,
992,Rochester University (MI),2021,34615,
992,Rochester University (MI),2021,34616,
992,Rochester University (MI),2021,34617,
992,Rochester University (MI),2021,34618,
992,Rochester University (MI),2021,34619,
992,Rochester University (MI),2021,34620,
992,Rochester University (MI),2021,34621,
992,Rochester University (MI),2021,34622,
992,Rochester University (MI),2021,34623,
992,Rochester University (MI),2021,34624,
992,Rochester University (MI),2021,34625,
1090,Concordia-Texas,2021,29120,
1090,Concordia-Texas,2021,29122,
1090,Concordia-Texas,2021,29123,
1090,Concordia-Texas,2021,29124,
1090,Concordia-Texas,2021,29128,
1090,Concordia-Texas,2021,29129,
1090,Concordia-Texas,2021,29130,
517,Columbia International,2021,2055,
517,Columbia International,2021,2057,
517,Columbia International,2021,2058,
517,Columbia International,2021,2059,
517,Columbia International,2021,19090,
517,Columbia International,2021,24109,
517,Columbia International,2021,24110,
517,Columbia International,2021,26584,
517,Columbia International,2021,29557,
517,Columbia International,2021,32797,
517,Columbia International,2021,32798,
517,Columbia International,2021,32799,
517,Columbia International,2021,32800,
517,Columbia International,2021,32801,
517,Columbia International,2021,32802,
517,Columbia International,2021,32803,
517,Columbia International,2021,32804,
517,Columbia International,2021,32805,
854,Sonoma State,2021,22160,
888,Reinhardt,2021,24907,
888,Reinhardt,2021,24908,
888,Reinhardt,2021,24910,
888,Reinhardt,2021,24911,
888,Reinhardt,2021,24912,
888,Reinhardt,2021,24913,
888,Reinhardt,2021,24914,
888,Reinhardt,2021,24915,
888,Reinhardt,2021,24916,
888,Reinhardt,2021,24917,
888,Reinhardt,2021,24918,
888,Reinhardt,2021,24919,
888,Reinhardt,2021,24920,
888,Reinhardt,2021,24921,
888,Reinhardt,2021,24922,
888,Reinhardt,2021,24923,
888,Reinhardt,2021,24924,
888,Reinhardt,2021,24925,
888,Reinhardt,2021,24926,
888,Reinhardt,2021,24927,
888,Reinhardt,2021,24928,
678,Central State (OH),2021,11025,
678,Central State (OH),2021,11026,
678,Central State (OH),2021,11027,
678,Central State (OH),2021,11028,
678,Central State (OH),2021,11029,
678,Central State (OH),2021,11030,
678,Central State (OH),2021,11031,
678,Central State (OH),2021,11032,
678,Central State (OH),2021,11033,
678,Central State (OH),2021,11034,
678,Central State (OH),2021,11035,
678,Central State (OH),2021,11036,
678,Central State (OH),2021,11037,
678,Central State (OH),2021,11038,
1038,Saint Martin's,2021,17612,2001-02-20
1038,Saint Martin's,2021,24660,
1038,Saint Martin's,2021,24665,
1038,Saint Martin's,2021,24673,
1038,Saint Martin's,2021,34313,
1038,Saint Martin's,2021,34314,
1038,Saint Martin's,2021,34315,
1038,Saint Martin's,2021,34316,
1038,Saint Martin's,2021,34317,
1038,Saint Martin's,2021,34318,
1038,Saint Martin's,2021,34319,
1038,Saint Martin's,2021,34320,
1038,Saint Martin's,2021,34321,
1038,Saint Martin's,2021,34322,
1038,Saint Martin's,2021,34323,
1038,Saint Martin's,2021,34324,1995-03-08
1038,Saint Martin's,2021,34325,
1038,Saint Martin's,2021,34326,
1038,Saint Martin's,2021,34327,
1038,Saint Martin's,2021,34328,
1038,Saint Martin's,2021,34329,
1038,Saint Martin's,2021,34330,
1038,Saint Martin's,2021,34331,
1038,Saint Martin's,2021,34332,
1038,Saint Martin's,2021,34333,
948,Adams State,2021,19310,
948,Adams State,2021,32146,
948,Adams State,2021,32147,
948,Adams State,2021,32148,
948,Adams State,2021,32149,
948,Adams State,2021,32150,
948,Adams State,2021,32151,
948,Adams State,2021,32152,
948,Adams State,2021,32153,
948,Adams State,2021,32154,
948,Adams State,2021,32155,
948,Adams State,2021,32156,
948,Adams State,2021,32157,
990,Shorter,2021,21759,
990,Shorter,2021,21767,
990,Shorter,2021,21771,1989-12-15
990,Shorter,2021,21772,1990-09-03
990,Shorter,2021,21773,1986-05-21
990,Shorter,2021,21774,1986-10-29
990,Shorter,2021,21775,1988-04-21
990,Shorter,2021,21776,
990,Shorter,2021,21777,
990,Shorter,2021,21778,
990,Shorter,2021,21779,
990,Shorter,2021,21780,
990,Shorter,2021,21781,
990,Shorter,2021,21782,
990,Shorter,2021,21783,
990,Shorter,2021,21784,
990,Shorter,2021,21785,
990,Shorter,2021,21786,
990,Shorter,2021,21787,
990,Shorter,2021,21788,
990,Shorter,2021,21789,
990,Shorter,2021,21790,
990,Shorter,2021,21791,
990,Shorter,2021,21792,1987-11-19
990,Shorter,2021,21793,1988-04-15
990,Shorter,2021,21794,1991-01-24
990,Shorter,2021,21795,1991-02-06
990,Shorter,2021,21796,1990-03-15
990,Shorter,2021,21797,1987-08-30
990,Shorter,2021,21798,1988-08-24
990,Shorter,2021,21799,1989-10-17
990,Shorter,2021,21800,1988-07-10
990,Shorter,2021,21801,
990,Shorter,2021,21802,
371,Birmingham-Southern,2021,27254,
371,Birmingham-Southern,2021,27255,
371,Birmingham-Southern,2021,27256,
371,Birmingham-Southern,2021,27257,
371,Birmingham-Southern,2021,27260,
371,Birmingham-Southern,2021,27261,
371,Birmingham-Southern,2021,27265,
650,Loyola New Orleans,2021,10241,
650,Loyola New Orleans,2021,10254,
650,Loyola New Orleans,2021,16379,
650,Loyola New Orleans,2021,17048,
650,Loyola New Orleans,2021,21676,
650,Loyola New Orleans,2021,21678,
650,Loyola New Orleans,2021,21679,
650,Loyola New Orleans,2021,21950,2000-02-12
650,Loyola New Orleans,2021,34066,
650,Loyola New Orleans,2021,34067,
650,Loyola New Orleans,2021,34068,
650,Loyola New Orleans,2021,34069,
650,Loyola New Orleans,2021,34070,
650,Loyola New Orleans,2021,34071,
650,Loyola New Orleans,2021,34072,
650,Loyola New Orleans,2021,34073,
650,Loyola New Orleans,2021,34074,
998,Methodist,2021,30512,
998,Methodist,2021,30519,
998,Methodist,2021,30521,
1097,Chowan,2021,20620,
1097,Chowan,2021,24246,
1097,Chowan,2021,29583,
1097,Chowan,2021,29585,
1097,Chowan,2021,29591,
1097,Chowan,2021,29592,
1097,Chowan,2021,29593,
1097,Chowan,2021,30473,
1097,Chowan,2021,34334,
1097,Chowan,2021,34335,
1097,Chowan,2021,34336,
1097,Chowan,2021,34337,
1097,Chowan,2021,34338,
1097,Chowan,2021,34339,
1097,Chowan,2021,34340,
1097,Chowan,2021,34341,
1097,Chowan,2021,34342,
1097,Chowan,2021,34343,
1097,Chowan,2021,34344,
1097,Chowan,2021,34345,
1097,Chowan,2021,34346,
1097,Chowan,2021,34347,
1097,Chowan,2021,34348,
1097,Chowan,2021,34349,
1097,Chowan,2021,34350,
1097,Chowan,2021,34351,
1097,Chowan,2021,34352,
1097,Chowan,2021,34353,
1097,Chowan,2021,34354,
666,Florida National,2021,23933,
666,Florida National,2021,26626,
666,Florida National,2021,26629,
666,Florida National,2021,26631,
666,Florida National,2021,26632,
666,Florida National,2021,26633,
666,Florida National,2021,31503,
666,Florida National,2021,31504,
666,Florida National,2021,31505,
666,Florida National,2021,31506,
666,Florida National,2021,31507,
666,Florida National,2021,31508,
666,Florida National,2021,31509,
666,Florida National,2021,31510,
666,Florida National,2021,31511,
666,Florida National,2021,31512,
666,Florida National,2021,31513,
666,Florida National,2021,31514,
666,Florida National,2021,31515,
666,Florida National,2021,31516,
666,Florida National,2021,32831,
682,Gallaudet,2021,11165,
682,Gallaudet,2021,11174,
682,Gallaudet,2021,22987,
682,Gallaudet,2021,22988,
682,Gallaudet,2021,31287,
682,Gallaudet,2021,31288,
608,Franklin,2021,29712,
608,Franklin,2021,29714,
608,Franklin,2021,29715,
608,Franklin,2021,29723,
608,Franklin,2021,29724,
768,Wisconsin-Stout,2021,23715,
768,Wisconsin-Stout,2021,23720,
768,Wisconsin-Stout,2021,23721,
572,Colorado College,2021,22703,
572,Colorado College,2021,22705,
572,Colorado College,2021,28978,
572,Colorado College,2021,28979,
572,Colorado College,2021,28981,
572,Colorado College,2021,28984,
572,Colorado College,2021,28988,
978,Emory & Henry,2021,20724,
978,Emory & Henry,2021,20730,
978,Emory & Henry,2021,20731,
978,Emory & Henry,2021,25983,
978,Emory & Henry,2021,25985,
743,Aquinas,2021,30595,
743,Aquinas,2021,30596,
743,Aquinas,2021,30597,
743,Aquinas,2021,30598,
743,Aquinas,2021,30599,
743,Aquinas,2021,30600,
743,Aquinas,2021,30602,
829,Morehouse,2021,22654,
829,Morehouse,2021,22655,
829,Morehouse,2021,26379,
829,Morehouse,2021,26380,
611,Ohio Wesleyan,2021,28323,2003-11-21
611,Ohio Wesleyan,2021,28324,2003-11-21
611,Ohio Wesleyan,2021,28325,2003-11-21
611,Ohio Wesleyan,2021,28326,2003-11-21
611,Ohio Wesleyan,2021,28334,2003-11-21
611,Ohio Wesleyan,2021,28336,2003-11-21
611,Ohio Wesleyan,2021,28338,2003-11-21
611,Ohio Wesleyan,2021,28339,2003-11-21
611,Ohio Wesleyan,2021,28340,2003-11-21
611,Ohio Wesleyan,2021,28341,2003-11-21
671,John Jay College,2021,30359,
671,John Jay College,2021,30360,
671,John Jay College,2021,30361,
671,John Jay College,2021,30362,
671,John Jay College,2021,30363,
671,John Jay College,2021,30364,
671,John Jay College,2021,30365,
671,John Jay College,2021,30366,
671,John Jay College,2021,30367,
671,John Jay College,2021,30368,
671,John Jay College,2021,30369,
671,John Jay College,2021,30370,
671,John Jay College,2021,30371,
894,Rhode Island College,2021,1025,
894,Rhode Island College,2021,18274,
894,Rhode Island College,2021,18290,
894,Rhode Island College,2021,29107,
894,Rhode Island College,2021,32998,
894,Rhode Island College,2021,32999,
894,Rhode Island College,2021,33000,
894,Rhode Island College,2021,33001,
894,Rhode Island College,2021,33002,
894,Rhode Island College,2021,33003,
894,Rhode Island College,2021,33004,
894,Rhode Island College,2021,33005,
894,Rhode Island College,2021,33006,
894,Rhode Island College,2021,33007,
894,Rhode Island College,2021,33008,
894,Rhode Island College,2021,33009,
894,Rhode Island College,2021,33010,
894,Rhode Island College,2021,33011,
894,Rhode Island College,2021,33012,
894,Rhode Island College,2021,33013,
909,Clarks Summit,2021,18587,
909,Clarks Summit,2021,25120,
909,Clarks Summit,2021,25121,
909,Clarks Summit,2021,29766,
909,Clarks Summit,2021,29767,
909,Clarks Summit,2021,29779,
1024,Mars Hill,2021,24146,
1024,Mars Hill,2021,24150,
1024,Mars Hill,2021,24151,
1024,Mars Hill,2021,24153,
1024,Mars Hill,2021,24156,
1024,Mars Hill,2021,33188,
1024,Mars Hill,2021,33189,
1024,Mars Hill,2021,33190,
1024,Mars Hill,2021,33191,
1024,Mars Hill,2021,33192,
1024,Mars Hill,2021,33193,
1024,Mars Hill,2021,33194,
1024,Mars Hill,2021,33195,
1024,Mars Hill,2021,33196,
1024,Mars Hill,2021,33197,
1024,Mars Hill,2021,33198,
1024,Mars Hill,2021,33199,
1024,Mars Hill,2021,33200,
1024,Mars Hill,2021,33201,
1024,Mars Hill,2021,33202,
1024,Mars Hill,2021,33203,1999-07-11
1024,Mars Hill,2021,33204,
747,Trinity (FL),2021,28373,
747,Trinity (FL),2021,28374,
747,Trinity (FL),2021,28375,
747,Trinity (FL),2021,28376,
747,Trinity (FL),2021,28377,
747,Trinity (FL),2021,28378,
747,Trinity (FL),2021,28379,
747,Trinity (FL),2021,28380,
747,Trinity (FL),2021,28381,
747,Trinity (FL),2021,28382,
747,Trinity (FL),2021,28383,
747,Trinity (FL),2021,28384,
747,Trinity (FL),2021,28385,
747,Trinity (FL),2021,28386,
747,Trinity (FL),2021,28387,
747,Trinity (FL),2021,28388,
747,Trinity (FL),2021,28389,
747,Trinity (FL),2021,28390,
747,Trinity (FL),2021,28391,
747,Trinity (FL),2021,28392,
747,Trinity (FL),2021,28393,
747,Trinity (FL),2021,28394,
747,Trinity (FL),2021,28395,
573,La Verne,2021,27763,
573,La Verne,2021,27764,
573,La Verne,2021,27765,
522,William Peace,2021,2320,
522,William Peace,2021,24886,
522,William Peace,2021,26709,
522,William Peace,2021,26713,
1059,Florida College,2021,15461,
1059,Florida College,2021,16746,
1059,Florida College,2021,25496,
1059,Florida College,2021,25497,
1059,Florida College,2021,25502,
1059,Florida College,2021,31424,
1059,Florida College,2021,31425,
1059,Florida College,2021,31426,
1059,Florida College,2021,31427,
1059,Florida College,2021,31428,
1059,Florida College,2021,31429,
1059,Florida College,2021,31430,
1059,Florida College,2021,34006,
659,Tusculum,2021,8539,
659,Tusculum,2021,10268,
659,Tusculum,2021,10276,
659,Tusculum,2021,10515,
659,Tusculum,2021,20364,
659,Tusculum,2021,23817,
659,Tusculum,2021,23819,
659,Tusculum,2021,23822,
659,Tusculum,2021,23823,
659,Tusculum,2021,31677,
659,Tusculum,2021,31678,
659,Tusculum,2021,31679,
659,Tusculum,2021,31680,
659,Tusculum,2021,31681,
659,Tusculum,2021,31682,
659,Tusculum,2021,31683,
659,Tusculum,2021,31684,
659,Tusculum,2021,31685,
659,Tusculum,2021,31686,
659,Tusculum,2021,31687,
659,Tusculum,2021,31688,
584,Virginia-Lynchburg,2021,28423,
584,Virginia-Lynchburg,2021,28424,
584,Virginia-Lynchburg,2021,28425,
584,Virginia-Lynchburg,2021,28426,
584,Virginia-Lynchburg,2021,28427,
584,Virginia-Lynchburg,2021,28428,
584,Virginia-Lynchburg,2021,28429,
584,Virginia-Lynchburg,2021,28430,
584,Virginia-Lynchburg,2021,28431,
584,Virginia-Lynchburg,2021,28432,
584,Virginia-Lynchburg,2021,28433,
584,Virginia-Lynchburg,2021,28434,
584,Virginia-Lynchburg,2021,28435,
584,Virginia-Lynchburg,2021,28436,
1127,Eastern University (PA),2021,30932,
1127,Eastern University (PA),2021,30939,
1127,Eastern University (PA),2021,30940,
1127,Eastern University (PA),2021,30941,
1127,Eastern University (PA),2021,30942,
1127,Eastern University (PA),2021,30943,
1127,Eastern University (PA),2021,30944,
1127,Eastern University (PA),2021,30945,
1127,Eastern University (PA),2021,30946,
1127,Eastern University (PA),2021,30947,
1127,Eastern University (PA),2021,30948,
1127,Eastern University (PA),2021,30949,
1127,Eastern University (PA),2021,30950,
1127,Eastern University (PA),2021,30951,
1127,Eastern University (PA),2021,30952,
1127,Eastern University (PA),2021,30953,
1127,Eastern University (PA),2021,30954,
1127,Eastern University (PA),2021,30955,
1127,Eastern University (PA),2021,30956,
1127,Eastern University (PA),2021,30957,
1127,Eastern University (PA),2021,30958,
1127,Eastern University (PA),2021,30959,
1127,Eastern University (PA),2021,30960,
1127,Eastern University (PA),2021,30961,
503,Piedmont,2021,1385,
503,Piedmont,2021,1390,
503,Piedmont,2021,1394,
503,Piedmont,2021,22350,
503,Piedmont,2021,22351,
503,Piedmont,2021,22352,
503,Piedmont,2021,22353,
503,Piedmont,2021,22355,
503,Piedmont,2021,22356,
503,Piedmont,2021,22358,
503,Piedmont,2021,22359,
503,Piedmont,2021,28786,
503,Piedmont,2021,28787,
503,Piedmont,2021,28788,
503,Piedmont,2021,28789,
503,Piedmont,2021,28790,
503,Piedmont,2021,28791,
503,Piedmont,2021,28792,
503,Piedmont,2021,31637,
503,Piedmont,2021,31638,
503,Piedmont,2021,31639,
503,Piedmont,2021,31640,
503,Piedmont,2021,31641,
1168,Catawba,2021,3716,
1168,Catawba,2021,6430,
1168,Catawba,2021,26643,
1168,Catawba,2021,34116,
1168,Catawba,2021,34117,
1168,Catawba,2021,34118,
1168,Catawba,2021,34119,
1168,Catawba,2021,34120,
1168,Catawba,2021,34121,
1168,Catawba,2021,34122,
1168,Catawba,2021,34123,
1168,Catawba,2021,34124,
1168,Catawba,2021,34125,
1168,Catawba,2021,34126,
1168,Catawba,2021,34127,
1168,Catawba,2021,34128,
1168,Catawba,2021,34129,
1168,Catawba,2021,34130,
1168,Catawba,2021,34131,
1168,Catawba,2021,34132,
1168,Catawba,2021,34133,
1168,Catawba,2021,34134,
1168,Catawba,2021,34135,
1168,Catawba,2021,34136,
1168,Catawba,2021,34137,
1168,Catawba,2021,34138,
1168,Catawba,2021,34139,
1168,Catawba,2021,34140,
1168,Catawba,2021,34141,
1168,Catawba,2021,34142,
1168,Catawba,2021,34143,
1168,Catawba,2021,34144,
1168,Catawba,2021,34145,
1168,Catawba,2021,34146,
1168,Catawba,2021,34147,
1168,Catawba,2021,34148,
1168,Catawba,2021,34149,
1168,Catawba,2021,34150,
1168,Catawba,2021,34151,
784,Tennessee Wesleyan,2021,13874,
784,Tennessee Wesleyan,2021,13878,
784,Tennessee Wesleyan,2021,13888,
784,Tennessee Wesleyan,2021,30378,
784,Tennessee Wesleyan,2021,30379,
784,Tennessee Wesleyan,2021,30381,
784,Tennessee Wesleyan,2021,30382,
784,Tennessee Wesleyan,2021,30383,
784,Tennessee Wesleyan,2021,30386,
1034,Montana-Western,2021,17409,
1034,Montana-Western,2021,24520,
1034,Montana-Western,2021,24523,
1034,Montana-Western,2021,24524,
1034,Montana-Western,2021,24526,
1034,Montana-Western,2021,24530,
1034,Montana-Western,2021,24534,
1034,Montana-Western,2021,34152,
1034,Montana-Western,2021,34153,
1034,Montana-Western,2021,34154,
1034,Montana-Western,2021,34155,
1034,Montana-Western,2021,34156,
1034,Montana-Western,2021,34157,
1034,Montana-Western,2021,34158,
1034,Montana-Western,2021,34159,
1034,Montana-Western,2021,34160,
1034,Montana-Western,2021,34161,
1034,Montana-Western,2021,34162,
1034,Montana-Western,2021,34163,
1034,Montana-Western,2021,34164,
1034,Montana-Western,2021,34165,
1034,Montana-Western,2021,34166,
1034,Montana-Western,2021,34167,
943,CSU Pueblo,2021,18689,
943,CSU Pueblo,2021,19017,
943,CSU Pueblo,2021,19187,
943,CSU Pueblo,2021,20585,
943,CSU Pueblo,2021,22890,
943,CSU Pueblo,2021,29561,
943,CSU Pueblo,2021,33499,
943,CSU Pueblo,2021,33500,
943,CSU Pueblo,2021,33501,
943,CSU Pueblo,2021,33502,
943,CSU Pueblo,2021,33503,
943,CSU Pueblo,2021,33504,
943,CSU Pueblo,2021,33505,
943,CSU Pueblo,2021,33506,
943,CSU Pueblo,2021,33507,
943,CSU Pueblo,2021,33508,
943,CSU Pueblo,2021,33509,
943,CSU Pueblo,2021,33510,
943,CSU Pueblo,2021,33511,
943,CSU Pueblo,2021,33512,
943,CSU Pueblo,2021,33513,
943,CSU Pueblo,2021,33514,
943,CSU Pueblo,2021,33515,
943,CSU Pueblo,2021,33516,
943,CSU Pueblo,2021,33517,
943,CSU Pueblo,2021,33518,
943,CSU Pueblo,2021,33519,2004-09-30
808,Johnson & Wales (RI),2021,14508,
808,Johnson & Wales (RI),2021,23099,
808,Johnson & Wales (RI),2021,23102,
808,Johnson & Wales (RI),2021,29108,
808,Johnson & Wales (RI),2021,29113,
926,Bloomsburg,2021,18881,
874,St. Mary's (MD),2021,17874,
874,St. Mary's (MD),2021,17881,
874,St. Mary's (MD),2021,17884,
874,St. Mary's (MD),2021,20288,
874,St. Mary's (MD),2021,20651,
874,St. Mary's (MD),2021,25935,
874,St. Mary's (MD),2021,25937,
874,St. Mary's (MD),2021,25938,
874,St. Mary's (MD),2021,25939,
874,St. Mary's (MD),2021,25940,
874,St. Mary's (MD),2021,34439,
874,St. Mary's (MD),2021,34440,
874,St. Mary's (MD),2021,34441,
874,St. Mary's (MD),2021,34442,
874,St. Mary's (MD),2021,34443,
874,St. Mary's (MD),2021,34444,
874,St. Mary's (MD),2021,34445,
874,St. Mary's (MD),2021,34446,
874,St. Mary's (MD),2021,34447,
874,St. Mary's (MD),2021,34448,
874,St. Mary's (MD),2021,34449,
874,St. Mary's (MD),2021,34450,
874,St. Mary's (MD),2021,34451,
874,St. Mary's (MD),2021,34452,
874,St. Mary's (MD),2021,34453,
874,St. Mary's (MD),2021,34454,
874,St. Mary's (MD),2021,34455,
874,St. Mary's (MD),2021,34456,
874,St. Mary's (MD),2021,34457,
874,St. Mary's (MD),2021,34458,
874,St. Mary's (MD),2021,34459,
874,St. Mary's (MD),2021,34460,
874,St. Mary's (MD),2021,34461,
874,St. Mary's (MD),2021,34462,
874,St. Mary's (MD),2021,34463,
874,St. Mary's (MD),2021,34464,
874,St. Mary's (MD),2021,34465,
874,St. Mary's (MD),2021,34466,
874,St. Mary's (MD),2021,34467,
1160,William Jewell,2021,33671,
1160,William Jewell,2021,33672,
1160,William Jewell,2021,33673,
1160,William Jewell,2021,33674,
1160,William Jewell,2021,33675,
1160,William Jewell,2021,33676,
1160,William Jewell,2021,33677,
1160,William Jewell,2021,33678,
1160,William Jewell,2021,33679,
1160,William Jewell,2021,33680,
1160,William Jewell,2021,33681,
1160,William Jewell,2021,33682,
1160,William Jewell,2021,33683,
1160,William Jewell,2021,33684,
1160,William Jewell,2021,33685,
1160,William Jewell,2021,33686,
1160,William Jewell,2021,33687,
1160,William Jewell,2021,33688,
1160,William Jewell,2021,33689,
1160,William Jewell,2021,33690,
1160,William Jewell,2021,33691,
1160,William Jewell,2021,33692,
1160,William Jewell,2021,33693,
1160,William Jewell,2021,33694,
1160,William Jewell,2021,33695,
1160,William Jewell,2021,33696,
1160,William Jewell,2021,33697,
1160,William Jewell,2021,33698,
908,Limestone,2021,3712,
908,Limestone,2021,18505,
908,Limestone,2021,18557,
908,Limestone,2021,18560,
908,Limestone,2021,18567,
908,Limestone,2021,18568,
908,Limestone,2021,31432,
908,Limestone,2021,31433,
908,Limestone,2021,31434,
908,Limestone,2021,31435,
908,Limestone,2021,31436,
908,Limestone,2021,31437,
908,Limestone,2021,31438,
908,Limestone,2021,31439,
908,Limestone,2021,31440,
908,Limestone,2021,31441,
908,Limestone,2021,31442,
908,Limestone,2021,31443,
1161,Emporia St,2021,6469,
1161,Emporia St,2021,22921,2000-07-31
1161,Emporia St,2021,33835,
1161,Emporia St,2021,33836,
1161,Emporia St,2021,33837,
1161,Emporia St,2021,33838,
1161,Emporia St,2021,33839,
1161,Emporia St,2021,33840,
1161,Emporia St,2021,33841,
1161,Emporia St,2021,33842,
1161,Emporia St,2021,33843,
1161,Emporia St,2021,33844,
1161,Emporia St,2021,33845,
1161,Emporia St,2021,33846,
1161,Emporia St,2021,33847,
1161,Emporia St,2021,33848,
1161,Emporia St,2021,33849,
1161,Emporia St,2021,33850,
1161,Emporia St,2021,33851,
1161,Emporia St,2021,33852,
1161,Emporia St,2021,33853,
1161,Emporia St,2021,33854,
1161,Emporia St,2021,33855,
1161,Emporia St,2021,33856,
1084,Phoenix,2021,28666,
1084,Phoenix,2021,28667,
1084,Phoenix,2021,28669,
1084,Phoenix,2021,28670,
1084,Phoenix,2021,28671,
1084,Phoenix,2021,28673,
1084,Phoenix,2021,28674,
1084,Phoenix,2021,28675,
1084,Phoenix,2021,28678,
1084,Phoenix,2021,28679,
1084,Phoenix,2021,32577,
1084,Phoenix,2021,32578,
1084,Phoenix,2021,32579,
1084,Phoenix,2021,32580,
1084,Phoenix,2021,32581,
1084,Phoenix,2021,32582,
1084,Phoenix,2021,32583,
538,Randolph College,2021,25290,
538,Randolph College,2021,25291,
538,Randolph College,2021,25292,
538,Randolph College,2021,25293,
538,Randolph College,2021,25294,
538,Randolph College,2021,25295,
538,Randolph College,2021,25296,
925,FDU Florham,2021,23606,
616,Concordia-Ann Arbor,2021,24343,
616,Concordia-Ann Arbor,2021,24344,
616,Concordia-Ann Arbor,2021,24345,
616,Concordia-Ann Arbor,2021,24346,
616,Concordia-Ann Arbor,2021,24347,
616,Concordia-Ann Arbor,2021,24348,
616,Concordia-Ann Arbor,2021,24349,
616,Concordia-Ann Arbor,2021,24350,
616,Concordia-Ann Arbor,2021,24351,
616,Concordia-Ann Arbor,2021,24352,
616,Concordia-Ann Arbor,2021,24353,
616,Concordia-Ann Arbor,2021,24354,
616,Concordia-Ann Arbor,2021,24355,
616,Concordia-Ann Arbor,2021,24356,
616,Concordia-Ann Arbor,2021,24357,
616,Concordia-Ann Arbor,2021,24358,
616,Concordia-Ann Arbor,2021,24359,
616,Concordia-Ann Arbor,2021,24360,
616,Concordia-Ann Arbor,2021,24361,
616,Concordia-Ann Arbor,2021,24362,
616,Concordia-Ann Arbor,2021,24363,
616,Concordia-Ann Arbor,2021,24364,
616,Concordia-Ann Arbor,2021,24365,
616,Concordia-Ann Arbor,2021,24366,
616,Concordia-Ann Arbor,2021,24367,
616,Concordia-Ann Arbor,2021,24368,
616,Concordia-Ann Arbor,2021,24369,
616,Concordia-Ann Arbor,2021,24370,
616,Concordia-Ann Arbor,2021,24371,
616,Concordia-Ann Arbor,2021,24372,
616,Concordia-Ann Arbor,2021,24373,
616,Concordia-Ann Arbor,2021,24374,
