teamId,team,season,playerId,dateOfBirth
96,George Washington,2023,2823,
96,George Washington,2023,5190,
96,George Washington,2023,5544,
96,George Washington,2023,15439,
96,George Washington,2023,16521,
96,George Washington,2023,16628,2000-01-17
96,George Washington,2023,20679,2000-09-23
96,George Washington,2023,20680,2000-04-03
96,George Washington,2023,20681,
96,George Washington,2023,20682,
96,George Washington,2023,20683,
96,George Washington,2023,20684,
96,George Washington,2023,20685,
96,George Washington,2023,5182,
251,Saint Joseph's,2023,1318,
251,Saint Joseph's,2023,3141,
251,Saint Joseph's,2023,3380,
251,Saint Joseph's,2023,3518,
251,Saint Joseph's,2023,3522,
251,Saint Joseph's,2023,4766,
251,Saint Joseph's,2023,5128,
251,Saint Joseph's,2023,16090,
251,Saint Joseph's,2023,16091,
251,Saint Joseph's,2023,16092,
251,Saint Joseph's,2023,16093,
251,Saint Joseph's,2023,16094,
251,Saint Joseph's,2023,22729,
251,Saint Joseph's,2023,22730,
251,Saint Joseph's,2023,1137,
240,Rhode Island,2023,1803,
240,Rhode Island,2023,2225,
240,Rhode Island,2023,3045,
240,Rhode Island,2023,4160,
240,Rhode Island,2023,5862,
240,Rhode Island,2023,6215,
240,Rhode Island,2023,6868,
240,Rhode Island,2023,7568,
240,Rhode Island,2023,15911,
240,Rhode Island,2023,20657,
240,Rhode Island,2023,20658,
240,Rhode Island,2023,20659,
240,Rhode Island,2023,5149,
240,Rhode Island,2023,5160,
277,St. Bonaventure,2023,1116,
277,St. Bonaventure,2023,3286,
277,St. Bonaventure,2023,3409,
277,St. Bonaventure,2023,4036,
277,St. Bonaventure,2023,4704,
277,St. Bonaventure,2023,5738,
277,St. Bonaventure,2023,16147,
277,St. Bonaventure,2023,16151,
277,St. Bonaventure,2023,16152,
277,St. Bonaventure,2023,16153,
277,St. Bonaventure,2023,20652,
277,St. Bonaventure,2023,20653,
277,St. Bonaventure,2023,20654,
277,St. Bonaventure,2023,16148,
277,St. Bonaventure,2023,2837,
64,Dayton,2023,572,
64,Dayton,2023,585,
64,Dayton,2023,2285,
64,Dayton,2023,2628,
64,Dayton,2023,2931,
64,Dayton,2023,2932,
64,Dayton,2023,2934,
64,Dayton,2023,5655,
64,Dayton,2023,6236,
64,Dayton,2023,6434,
64,Dayton,2023,6586,
64,Dayton,2023,16102,2002-08-15
64,Dayton,2023,20066,2000-05-08
64,Dayton,2023,20067,
64,Dayton,2023,20068,
64,Dayton,2023,20069,
242,Richmond,2023,1775,
242,Richmond,2023,3841,
242,Richmond,2023,4085,
242,Richmond,2023,8148,
242,Richmond,2023,8149,
242,Richmond,2023,8324,
242,Richmond,2023,9610,
242,Richmond,2023,15398,
242,Richmond,2023,16159,
242,Richmond,2023,16160,
242,Richmond,2023,16163,
242,Richmond,2023,20763,
242,Richmond,2023,20764,
242,Richmond,2023,20765,
242,Richmond,2023,20766,
242,Richmond,2023,8139,
137,La Salle,2023,37,
137,La Salle,2023,339,
137,La Salle,2023,3550,
137,La Salle,2023,3551,
137,La Salle,2023,3554,
137,La Salle,2023,3562,
137,La Salle,2023,3563,
137,La Salle,2023,3564,
137,La Salle,2023,5357,
137,La Salle,2023,6670,
137,La Salle,2023,15832,
137,La Salle,2023,15833,
137,La Salle,2023,17239,
137,La Salle,2023,17790,
137,La Salle,2023,19978,
252,Saint Louis,2023,810,
252,Saint Louis,2023,812,
252,Saint Louis,2023,809,
252,Saint Louis,2023,1281,
252,Saint Louis,2023,1287,
252,Saint Louis,2023,1493,
252,Saint Louis,2023,2883,
252,Saint Louis,2023,6664,
252,Saint Louis,2023,16358,
252,Saint Louis,2023,16362,
252,Saint Louis,2023,21476,
252,Saint Louis,2023,21477,
252,Saint Louis,2023,21478,2001-03-07
252,Saint Louis,2023,21479,
252,Saint Louis,2023,21480,
91,Fordham,2023,1132,
91,Fordham,2023,1407,
91,Fordham,2023,1410,
91,Fordham,2023,1413,
91,Fordham,2023,1417,
91,Fordham,2023,1422,
91,Fordham,2023,5137,
91,Fordham,2023,8660,
91,Fordham,2023,16257,
91,Fordham,2023,16258,
91,Fordham,2023,16260,
91,Fordham,2023,16261,
91,Fordham,2023,21096,2000-07-29
91,Fordham,2023,21097,
91,Fordham,2023,21098,
91,Fordham,2023,21099,
91,Fordham,2023,21100,
333,VCU,2023,77,
333,VCU,2023,159,
333,VCU,2023,3104,
333,VCU,2023,3487,
333,VCU,2023,3491,
333,VCU,2023,3489,
333,VCU,2023,4128,
333,VCU,2023,4134,
333,VCU,2023,5702,
333,VCU,2023,6083,
333,VCU,2023,20640,
333,VCU,2023,20641,2000-07-19
333,VCU,2023,20645,
333,VCU,2023,20646,
333,VCU,2023,20647,
333,VCU,2023,3479,
63,Davidson,2023,2331,
63,Davidson,2023,2333,
63,Davidson,2023,2341,
63,Davidson,2023,2342,
63,Davidson,2023,4559,
63,Davidson,2023,5388,
63,Davidson,2023,6081,
63,Davidson,2023,15743,
63,Davidson,2023,15744,
63,Davidson,2023,20477,
63,Davidson,2023,20478,
63,Davidson,2023,20479,
63,Davidson,2023,20480,
63,Davidson,2023,2330,
63,Davidson,2023,2340,
95,George Mason,2023,2241,
95,George Mason,2023,2244,
95,George Mason,2023,2966,
95,George Mason,2023,3142,
95,George Mason,2023,3282,
95,George Mason,2023,5753,
95,George Mason,2023,15576,
95,George Mason,2023,15959,
95,George Mason,2023,16021,
95,George Mason,2023,16023,
95,George Mason,2023,16338,
95,George Mason,2023,17400,
95,George Mason,2023,19973,
95,George Mason,2023,19974,
95,George Mason,2023,19975,
151,Loyola Chicago,2023,1670,
151,Loyola Chicago,2023,5323,
151,Loyola Chicago,2023,5335,
151,Loyola Chicago,2023,6078,
151,Loyola Chicago,2023,6084,
151,Loyola Chicago,2023,6085,
151,Loyola Chicago,2023,7087,
151,Loyola Chicago,2023,16960,
151,Loyola Chicago,2023,17493,2001-08-07
151,Loyola Chicago,2023,17495,
151,Loyola Chicago,2023,17497,
151,Loyola Chicago,2023,17499,
151,Loyola Chicago,2023,21485,
151,Loyola Chicago,2023,21486,1999-11-11
151,Loyola Chicago,2023,21487,
151,Loyola Chicago,2023,6093,
200,North Carolina,2023,235,
200,North Carolina,2023,238,
200,North Carolina,2023,239,
200,North Carolina,2023,268,
200,North Carolina,2023,2855,
200,North Carolina,2023,3961,
200,North Carolina,2023,4127,
200,North Carolina,2023,4135,
200,North Carolina,2023,4556,
200,North Carolina,2023,15377,2000-03-06
200,North Carolina,2023,15381,
200,North Carolina,2023,15382,
200,North Carolina,2023,15383,
200,North Carolina,2023,18195,
200,North Carolina,2023,19845,2000-02-19
200,North Carolina,2023,19846,1999-06-14
200,North Carolina,2023,19847,
200,North Carolina,2023,19848,
200,North Carolina,2023,22718,
72,Duke,2023,160,
72,Duke,2023,207,
72,Duke,2023,215,
72,Duke,2023,217,
72,Duke,2023,910,
72,Duke,2023,3455,
72,Duke,2023,5495,
72,Duke,2023,5705,
72,Duke,2023,15223,2003-11-07
72,Duke,2023,15224,
72,Duke,2023,19897,
72,Duke,2023,19898,
72,Duke,2023,19899,
72,Duke,2023,19900,2004-08-01
72,Duke,2023,19901,2004-02-12
72,Duke,2023,19902,2003-08-25
185,NC State,2023,67,
185,NC State,2023,2569,
185,NC State,2023,2860,
185,NC State,2023,2864,
185,NC State,2023,2859,
185,NC State,2023,3480,
185,NC State,2023,4750,
185,NC State,2023,6202,
185,NC State,2023,6657,
185,NC State,2023,15835,
185,NC State,2023,15970,
185,NC State,2023,15972,
185,NC State,2023,15973,
185,NC State,2023,21608,2002-12-31
185,NC State,2023,21609,1999-05-20
185,NC State,2023,21610,
339,Virginia,2023,434,
339,Virginia,2023,5326,
339,Virginia,2023,7811,
339,Virginia,2023,8193,
339,Virginia,2023,8197,
339,Virginia,2023,16137,2003-01-07
339,Virginia,2023,16139,2001-10-08
339,Virginia,2023,16140,
339,Virginia,2023,20005,
339,Virginia,2023,20006,2000-11-17
339,Virginia,2023,20007,2000-01-25
339,Virginia,2023,20008,
339,Virginia,2023,20009,
339,Virginia,2023,20010,
342,Wake Forest,2023,560,
342,Wake Forest,2023,794,
342,Wake Forest,2023,2288,
342,Wake Forest,2023,2791,
342,Wake Forest,2023,3358,
342,Wake Forest,2023,5231,
342,Wake Forest,2023,5770,
342,Wake Forest,2023,5779,
342,Wake Forest,2023,5782,
342,Wake Forest,2023,5783,
342,Wake Forest,2023,6597,
342,Wake Forest,2023,6860,
342,Wake Forest,2023,21590,
342,Wake Forest,2023,21591,1998-09-30
342,Wake Forest,2023,21592,2003-03-06
342,Wake Forest,2023,21593,
342,Wake Forest,2023,21594,
52,Clemson,2023,19,
52,Clemson,2023,2219,
52,Clemson,2023,2852,
52,Clemson,2023,3446,
52,Clemson,2023,3447,
52,Clemson,2023,3452,
52,Clemson,2023,3457,
52,Clemson,2023,3458,
52,Clemson,2023,3450,
52,Clemson,2023,4571,
52,Clemson,2023,5745,
52,Clemson,2023,15948,2002-02-21
52,Clemson,2023,20878,2000-06-13
52,Clemson,2023,20879,
52,Clemson,2023,20880,
52,Clemson,2023,20881,
101,Georgia Tech,2023,5,
101,Georgia Tech,2023,337,
101,Georgia Tech,2023,1435,
101,Georgia Tech,2023,1568,
101,Georgia Tech,2023,2459,
101,Georgia Tech,2023,6234,
101,Georgia Tech,2023,8244,
101,Georgia Tech,2023,16213,
101,Georgia Tech,2023,16408,
101,Georgia Tech,2023,16752,
101,Georgia Tech,2023,21064,
101,Georgia Tech,2023,21065,
101,Georgia Tech,2023,21066,
101,Georgia Tech,2023,21067,
101,Georgia Tech,2023,15853,
101,Georgia Tech,2023,8243,
90,Florida State,2023,485,
90,Florida State,2023,1728,
90,Florida State,2023,2064,
90,Florida State,2023,3043,
90,Florida State,2023,3084,
90,Florida State,2023,3106,
90,Florida State,2023,3360,
90,Florida State,2023,3921,
90,Florida State,2023,4076,
90,Florida State,2023,5716,
90,Florida State,2023,16573,
90,Florida State,2023,17785,
90,Florida State,2023,17786,2001-01-15
90,Florida State,2023,17787,
90,Florida State,2023,17788,
90,Florida State,2023,17789,
90,Florida State,2023,17791,
90,Florida State,2023,17792,
90,Florida State,2023,20869,
90,Florida State,2023,20870,
168,Miami,2023,157,
168,Miami,2023,811,
168,Miami,2023,3025,
168,Miami,2023,3077,
168,Miami,2023,3139,
168,Miami,2023,4639,
168,Miami,2023,4715,
168,Miami,2023,4716,
168,Miami,2023,4944,
168,Miami,2023,5356,
168,Miami,2023,17142,
168,Miami,2023,17270,
168,Miami,2023,21143,2001-01-28
168,Miami,2023,21144,2000-01-23
168,Miami,2023,21145,
340,Virginia Tech,2023,590,
340,Virginia Tech,2023,1320,
340,Virginia Tech,2023,2956,
340,Virginia Tech,2023,3074,
340,Virginia Tech,2023,3300,
340,Virginia Tech,2023,4558,
340,Virginia Tech,2023,5176,
340,Virginia Tech,2023,5703,
340,Virginia Tech,2023,5710,
340,Virginia Tech,2023,16558,
340,Virginia Tech,2023,16560,
340,Virginia Tech,2023,21960,
340,Virginia Tech,2023,21961,
340,Virginia Tech,2023,21962,
340,Virginia Tech,2023,21963,2000-08-19
26,Boston College,2023,3449,
26,Boston College,2023,4094,
26,Boston College,2023,4555,
26,Boston College,2023,4771,
26,Boston College,2023,4908,
26,Boston College,2023,5740,
26,Boston College,2023,5741,
26,Boston College,2023,6595,
26,Boston College,2023,15237,2001-02-02
26,Boston College,2023,16665,2000-03-21
26,Boston College,2023,16666,
26,Boston College,2023,21612,
26,Boston College,2023,21613,
26,Boston College,2023,21614,
26,Boston College,2023,21615,
26,Boston College,2023,21616,
286,Syracuse,2023,45,
286,Syracuse,2023,209,
286,Syracuse,2023,340,
286,Syracuse,2023,1282,
286,Syracuse,2023,2566,
286,Syracuse,2023,2740,
286,Syracuse,2023,3350,
286,Syracuse,2023,3359,
286,Syracuse,2023,3364,
286,Syracuse,2023,15949,
286,Syracuse,2023,16121,2000-03-18
286,Syracuse,2023,16173,2003-07-10
286,Syracuse,2023,16175,
286,Syracuse,2023,16715,
286,Syracuse,2023,21598,
286,Syracuse,2023,21599,
286,Syracuse,2023,21600,
286,Syracuse,2023,21601,
213,Notre Dame,2023,34,
213,Notre Dame,2023,240,
213,Notre Dame,2023,1408,
213,Notre Dame,2023,3336,
213,Notre Dame,2023,3353,
213,Notre Dame,2023,8167,
213,Notre Dame,2023,15379,1998-10-26
213,Notre Dame,2023,15991,
213,Notre Dame,2023,15992,
213,Notre Dame,2023,22663,1999-07-19
213,Notre Dame,2023,22664,
213,Notre Dame,2023,22665,1999-12-28
213,Notre Dame,2023,22666,
229,Pittsburgh,2023,342,
229,Pittsburgh,2023,2919,
229,Pittsburgh,2023,3042,
229,Pittsburgh,2023,3049,
229,Pittsburgh,2023,3055,
229,Pittsburgh,2023,3631,
229,Pittsburgh,2023,4069,
229,Pittsburgh,2023,7587,
229,Pittsburgh,2023,16083,1999-12-26
229,Pittsburgh,2023,16085,
229,Pittsburgh,2023,20862,
229,Pittsburgh,2023,20863,
229,Pittsburgh,2023,20864,
229,Pittsburgh,2023,20865,
229,Pittsburgh,2023,20866,1999-06-06
150,Louisville,2023,236,
150,Louisville,2023,668,
150,Louisville,2023,2797,
150,Louisville,2023,2857,
150,Louisville,2023,2866,
150,Louisville,2023,3427,
150,Louisville,2023,3640,
150,Louisville,2023,4106,
150,Louisville,2023,5393,
150,Louisville,2023,6014,
150,Louisville,2023,15310,
150,Louisville,2023,15979,
150,Louisville,2023,16409,
150,Louisville,2023,16903,
150,Louisville,2023,22454,
283,Stetson,2023,681,
283,Stetson,2023,1105,
283,Stetson,2023,3076,
283,Stetson,2023,6995,
283,Stetson,2023,8367,
283,Stetson,2023,9372,
283,Stetson,2023,15496,
283,Stetson,2023,15627,
283,Stetson,2023,15628,
283,Stetson,2023,15629,
283,Stetson,2023,16049,
283,Stetson,2023,17208,
283,Stetson,2023,20867,1999-06-11
283,Stetson,2023,20868,
127,Jacksonville,2023,3729,
127,Jacksonville,2023,4053,
127,Jacksonville,2023,5528,
127,Jacksonville,2023,15661,
127,Jacksonville,2023,15662,
127,Jacksonville,2023,15665,
127,Jacksonville,2023,15668,
127,Jacksonville,2023,16679,
127,Jacksonville,2023,16874,
127,Jacksonville,2023,19892,
127,Jacksonville,2023,19893,
127,Jacksonville,2023,19894,
127,Jacksonville,2023,19895,
127,Jacksonville,2023,19896,
143,Lipscomb,2023,742,
143,Lipscomb,2023,1166,
143,Lipscomb,2023,1262,
143,Lipscomb,2023,4642,
143,Lipscomb,2023,5526,
143,Lipscomb,2023,5530,
143,Lipscomb,2023,5531,
143,Lipscomb,2023,5540,
143,Lipscomb,2023,5532,
143,Lipscomb,2023,5719,
143,Lipscomb,2023,8128,
143,Lipscomb,2023,16322,
143,Lipscomb,2023,16323,
143,Lipscomb,2023,22426,
143,Lipscomb,2023,22427,
143,Lipscomb,2023,22428,
88,Florida Gulf Coast,2023,2229,
88,Florida Gulf Coast,2023,2959,
88,Florida Gulf Coast,2023,6213,
88,Florida Gulf Coast,2023,7517,
88,Florida Gulf Coast,2023,8120,
88,Florida Gulf Coast,2023,17262,
88,Florida Gulf Coast,2023,17263,
88,Florida Gulf Coast,2023,17264,
88,Florida Gulf Coast,2023,17265,
88,Florida Gulf Coast,2023,17266,
88,Florida Gulf Coast,2023,17267,
88,Florida Gulf Coast,2023,21979,
88,Florida Gulf Coast,2023,21980,
88,Florida Gulf Coast,2023,21981,
88,Florida Gulf Coast,2023,21982,
88,Florida Gulf Coast,2023,21983,
88,Florida Gulf Coast,2023,2236,
203,North Florida,2023,305,
203,North Florida,2023,3193,
203,North Florida,2023,7404,
203,North Florida,2023,8667,
203,North Florida,2023,15606,
203,North Florida,2023,15938,
203,North Florida,2023,15939,
203,North Florida,2023,15941,
203,North Florida,2023,15942,
203,North Florida,2023,16875,
203,North Florida,2023,17719,
203,North Florida,2023,19849,
203,North Florida,2023,19850,
133,Kennesaw State,2023,95,
133,Kennesaw State,2023,483,
133,Kennesaw State,2023,484,
133,Kennesaw State,2023,489,
133,Kennesaw State,2023,7520,
133,Kennesaw State,2023,7525,
133,Kennesaw State,2023,15440,
133,Kennesaw State,2023,17348,
133,Kennesaw State,2023,17349,
133,Kennesaw State,2023,17350,
133,Kennesaw State,2023,17351,
133,Kennesaw State,2023,17354,
133,Kennesaw State,2023,20264,
133,Kennesaw State,2023,20265,
133,Kennesaw State,2023,20266,
133,Kennesaw State,2023,7526,
142,Liberty,2023,553,
142,Liberty,2023,1102,
142,Liberty,2023,1104,
142,Liberty,2023,1091,
142,Liberty,2023,1093,
142,Liberty,2023,3842,
142,Liberty,2023,6048,
142,Liberty,2023,15861,
142,Liberty,2023,15935,1999-12-09
142,Liberty,2023,15936,
142,Liberty,2023,16719,
142,Liberty,2023,20755,1999-06-02
142,Liberty,2023,20756,
142,Liberty,2023,20757,
142,Liberty,2023,1099,
197,North Alabama,2023,5270,
197,North Alabama,2023,6446,
197,North Alabama,2023,6576,
197,North Alabama,2023,6803,
197,North Alabama,2023,6804,
197,North Alabama,2023,6810,
197,North Alabama,2023,6801,
197,North Alabama,2023,16850,
197,North Alabama,2023,16851,
197,North Alabama,2023,16852,
197,North Alabama,2023,16858,
197,North Alabama,2023,17889,
197,North Alabama,2023,20244,
197,North Alabama,2023,20245,
197,North Alabama,2023,6811,
78,Eastern Kentucky,2023,1561,
78,Eastern Kentucky,2023,1564,
78,Eastern Kentucky,2023,1571,
78,Eastern Kentucky,2023,3923,
78,Eastern Kentucky,2023,7537,
78,Eastern Kentucky,2023,7574,
78,Eastern Kentucky,2023,17287,
78,Eastern Kentucky,2023,17288,
78,Eastern Kentucky,2023,17289,
78,Eastern Kentucky,2023,17290,
78,Eastern Kentucky,2023,17291,
78,Eastern Kentucky,2023,20896,
78,Eastern Kentucky,2023,20897,
78,Eastern Kentucky,2023,20898,
78,Eastern Kentucky,2023,20899,
21,Bellarmine,2023,1339,
21,Bellarmine,2023,3464,
21,Bellarmine,2023,3466,
21,Bellarmine,2023,3473,
21,Bellarmine,2023,3478,
21,Bellarmine,2023,7085,
21,Bellarmine,2023,7843,
21,Bellarmine,2023,17182,
21,Bellarmine,2023,17183,
21,Bellarmine,2023,17184,
21,Bellarmine,2023,17185,
21,Bellarmine,2023,22448,
21,Bellarmine,2023,22449,
21,Bellarmine,2023,22450,
21,Bellarmine,2023,22451,
21,Bellarmine,2023,22452,
21,Bellarmine,2023,22453,
362,Queens University,2023,3012,
362,Queens University,2023,3264,
362,Queens University,2023,3255,
362,Queens University,2023,5760,
362,Queens University,2023,15998,
362,Queens University,2023,16002,
362,Queens University,2023,16003,
362,Queens University,2023,16327,
362,Queens University,2023,20738,
362,Queens University,2023,20739,
362,Queens University,2023,20740,
362,Queens University,2023,20741,
362,Queens University,2023,20742,
362,Queens University,2023,20744,
17,Austin Peay,2023,2563,
17,Austin Peay,2023,2629,
17,Austin Peay,2023,2937,
17,Austin Peay,2023,4093,
17,Austin Peay,2023,4543,
17,Austin Peay,2023,6127,
17,Austin Peay,2023,6959,
17,Austin Peay,2023,7151,
17,Austin Peay,2023,15209,
17,Austin Peay,2023,15299,
17,Austin Peay,2023,21602,
17,Austin Peay,2023,21603,
17,Austin Peay,2023,21604,
17,Austin Peay,2023,21605,
17,Austin Peay,2023,21606,
17,Austin Peay,2023,21607,
43,Central Arkansas,2023,5432,
43,Central Arkansas,2023,7657,
43,Central Arkansas,2023,7767,
43,Central Arkansas,2023,7865,
43,Central Arkansas,2023,15320,
43,Central Arkansas,2023,16720,
43,Central Arkansas,2023,16721,
43,Central Arkansas,2023,16724,
43,Central Arkansas,2023,16728,
43,Central Arkansas,2023,17293,
43,Central Arkansas,2023,21492,
43,Central Arkansas,2023,21493,
43,Central Arkansas,2023,21494,
43,Central Arkansas,2023,21495,
43,Central Arkansas,2023,21496,
43,Central Arkansas,2023,21497,
43,Central Arkansas,2023,21498,
337,Vermont,2023,2936,
337,Vermont,2023,3936,
337,Vermont,2023,3937,
337,Vermont,2023,3944,
337,Vermont,2023,8293,
337,Vermont,2023,15842,
337,Vermont,2023,16267,
337,Vermont,2023,16268,
337,Vermont,2023,16272,
337,Vermont,2023,20705,
337,Vermont,2023,20706,
337,Vermont,2023,20707,
337,Vermont,2023,20708,
337,Vermont,2023,20709,
337,Vermont,2023,3938,
154,Maine,2023,189,
154,Maine,2023,192,
154,Maine,2023,196,
154,Maine,2023,201,
154,Maine,2023,188,
154,Maine,2023,200,
154,Maine,2023,6388,
154,Maine,2023,6429,
154,Maine,2023,6570,
154,Maine,2023,16070,
154,Maine,2023,16071,
154,Maine,2023,16073,
154,Maine,2023,21513,
154,Maine,2023,21514,
154,Maine,2023,21515,
154,Maine,2023,21516,
154,Maine,2023,21517,
190,New Hampshire,2023,191,
190,New Hampshire,2023,194,
190,New Hampshire,2023,1404,
190,New Hampshire,2023,2869,
190,New Hampshire,2023,2877,
190,New Hampshire,2023,16164,2000-12-06
190,New Hampshire,2023,16165,
190,New Hampshire,2023,16169,
190,New Hampshire,2023,16170,
190,New Hampshire,2023,16172,
190,New Hampshire,2023,20940,
190,New Hampshire,2023,20941,
190,New Hampshire,2023,20942,
306,UAlbany,2023,2742,
306,UAlbany,2023,3342,
306,UAlbany,2023,4767,
306,UAlbany,2023,4768,
306,UAlbany,2023,5179,
306,UAlbany,2023,6749,
306,UAlbany,2023,8145,
306,UAlbany,2023,17321,
306,UAlbany,2023,20558,
306,UAlbany,2023,20559,
306,UAlbany,2023,20560,
306,UAlbany,2023,20561,
306,UAlbany,2023,9525,
317,UMBC,2023,886,
317,UMBC,2023,890,
317,UMBC,2023,887,
317,UMBC,2023,5744,
317,UMBC,2023,15978,
317,UMBC,2023,15980,
317,UMBC,2023,21716,
317,UMBC,2023,21717,
317,UMBC,2023,21718,
317,UMBC,2023,21719,
317,UMBC,2023,21720,
317,UMBC,2023,21721,
317,UMBC,2023,21722,
317,UMBC,2023,21723,
317,UMBC,2023,21724,
317,UMBC,2023,21725,
24,Binghamton,2023,4123,
24,Binghamton,2023,16259,
24,Binghamton,2023,16609,
24,Binghamton,2023,16712,
24,Binghamton,2023,16713,
24,Binghamton,2023,16714,
24,Binghamton,2023,16716,
24,Binghamton,2023,17055,
24,Binghamton,2023,20919,
24,Binghamton,2023,20920,
24,Binghamton,2023,20921,
24,Binghamton,2023,20922,
318,UMass Lowell,2023,1259,
318,UMass Lowell,2023,1260,
318,UMass Lowell,2023,1261,
318,UMass Lowell,2023,1263,
318,UMass Lowell,2023,1266,
318,UMass Lowell,2023,1270,
318,UMass Lowell,2023,2953,
318,UMass Lowell,2023,4705,
318,UMass Lowell,2023,15549,
318,UMass Lowell,2023,15550,
318,UMass Lowell,2023,20173,
318,UMass Lowell,2023,20174,
318,UMass Lowell,2023,20175,
318,UMass Lowell,2023,20176,
31,Bryant,2023,3402,
31,Bryant,2023,4707,
31,Bryant,2023,4708,
31,Bryant,2023,4709,
31,Bryant,2023,5469,
31,Bryant,2023,16149,1999-09-22
31,Bryant,2023,16195,
31,Bryant,2023,16196,
31,Bryant,2023,16197,
31,Bryant,2023,16198,
31,Bryant,2023,16201,
31,Bryant,2023,16202,
31,Bryant,2023,20506,
31,Bryant,2023,20507,
31,Bryant,2023,20508,
31,Bryant,2023,20510,
31,Bryant,2023,20511,
186,NJIT,2023,253,
186,NJIT,2023,1269,
186,NJIT,2023,15287,
186,NJIT,2023,15288,
186,NJIT,2023,15290,
186,NJIT,2023,15294,
186,NJIT,2023,20481,
186,NJIT,2023,20482,
186,NJIT,2023,20483,
186,NJIT,2023,20484,
186,NJIT,2023,20485,
186,NJIT,2023,20486,
186,NJIT,2023,20487,
186,NJIT,2023,20488,
113,Houston,2023,113,
113,Houston,2023,118,
113,Houston,2023,124,
113,Houston,2023,448,
113,Houston,2023,15267,2002-07-24
113,Houston,2023,15268,
113,Houston,2023,19862,2003-09-04
113,Houston,2023,19863,2000-09-21
113,Houston,2023,19864,
113,Houston,2023,19865,
113,Houston,2023,122,
113,Houston,2023,115,
113,Houston,2023,117,
113,Houston,2023,121,
163,Memphis,2023,4227,
163,Memphis,2023,15309,
163,Memphis,2023,15578,
163,Memphis,2023,16417,
163,Memphis,2023,16568,
163,Memphis,2023,16574,1999-07-16
163,Memphis,2023,16923,
163,Memphis,2023,17000,
163,Memphis,2023,21542,
163,Memphis,2023,21543,1999-05-14
163,Memphis,2023,21544,2000-02-14
163,Memphis,2023,21545,1999-10-07
163,Memphis,2023,21546,1999-12-20
163,Memphis,2023,21547,
163,Memphis,2023,21548,
163,Memphis,2023,21549,
51,Cincinnati,2023,71,
51,Cincinnati,2023,468,
51,Cincinnati,2023,473,
51,Cincinnati,2023,479,
51,Cincinnati,2023,745,
51,Cincinnati,2023,3448,
51,Cincinnati,2023,15314,
51,Cincinnati,2023,16150,
51,Cincinnati,2023,16961,
51,Cincinnati,2023,16962,
51,Cincinnati,2023,16963,
51,Cincinnati,2023,20554,
51,Cincinnati,2023,20555,2000-03-05
51,Cincinnati,2023,20556,
51,Cincinnati,2023,20557,
248,SMU,2023,332,
248,SMU,2023,3035,
248,SMU,2023,5239,
248,SMU,2023,6152,
248,SMU,2023,6156,
248,SMU,2023,6923,
248,SMU,2023,7424,
248,SMU,2023,7435,
248,SMU,2023,7528,
248,SMU,2023,8338,
248,SMU,2023,16793,
248,SMU,2023,21712,
248,SMU,2023,21713,
248,SMU,2023,21714,
248,SMU,2023,21715,
248,SMU,2023,6154,
289,Temple,2023,174,
289,Temple,2023,480,
289,Temple,2023,1129,
289,Temple,2023,2867,
289,Temple,2023,3046,
289,Temple,2023,3553,
289,Temple,2023,4125,
289,Temple,2023,5512,
289,Temple,2023,16223,
289,Temple,2023,16224,
289,Temple,2023,16225,
289,Temple,2023,16226,
289,Temple,2023,19805,
289,Temple,2023,19806,
289,Temple,2023,19808,1998-01-26
289,Temple,2023,20605,
289,Temple,2023,20606,
289,Temple,2023,1136,
312,UCF,2023,336,
312,UCF,2023,347,
312,UCF,2023,2164,
312,UCF,2023,3298,
312,UCF,2023,4498,
312,UCF,2023,5618,
312,UCF,2023,5814,
312,UCF,2023,6212,
312,UCF,2023,15336,
312,UCF,2023,15361,
312,UCF,2023,16682,
312,UCF,2023,16880,
312,UCF,2023,21469,2003-11-22
312,UCF,2023,21470,
312,UCF,2023,21471,
312,UCF,2023,21472,
312,UCF,2023,345,
304,Tulsa,2023,1279,
304,Tulsa,2023,4234,
304,Tulsa,2023,4407,
304,Tulsa,2023,4409,
304,Tulsa,2023,4901,
304,Tulsa,2023,5093,
304,Tulsa,2023,8162,
304,Tulsa,2023,16360,
304,Tulsa,2023,16411,
304,Tulsa,2023,17381,
304,Tulsa,2023,17480,
304,Tulsa,2023,18632,
304,Tulsa,2023,22212,
271,South Florida,2023,2460,
271,South Florida,2023,3289,
271,South Florida,2023,3445,
271,South Florida,2023,4066,
271,South Florida,2023,5178,
271,South Florida,2023,6117,
271,South Florida,2023,15490,
271,South Florida,2023,16366,2000-10-30
271,South Florida,2023,21456,1999-09-30
271,South Florida,2023,21458,
271,South Florida,2023,21459,
271,South Florida,2023,21460,
271,South Florida,2023,21461,
271,South Florida,2023,21457,
271,South Florida,2023,486,
352,Wichita State,2023,795,
352,Wichita State,2023,4636,
352,Wichita State,2023,4643,
352,Wichita State,2023,4644,
352,Wichita State,2023,4964,
352,Wichita State,2023,5516,
352,Wichita State,2023,5594,
352,Wichita State,2023,6992,
352,Wichita State,2023,16326,
352,Wichita State,2023,16570,2001-07-12
352,Wichita State,2023,19597,
352,Wichita State,2023,21499,
352,Wichita State,2023,21500,2000-02-26
352,Wichita State,2023,21501,
352,Wichita State,2023,21502,
352,Wichita State,2023,21503,
74,East Carolina,2023,365,
74,East Carolina,2023,719,
74,East Carolina,2023,799,
74,East Carolina,2023,1614,
74,East Carolina,2023,2118,
74,East Carolina,2023,2165,
74,East Carolina,2023,2899,
74,East Carolina,2023,3073,
74,East Carolina,2023,3320,
74,East Carolina,2023,5154,
74,East Carolina,2023,6063,
74,East Carolina,2023,6337,
74,East Carolina,2023,6585,
74,East Carolina,2023,15960,
74,East Carolina,2023,22278,
74,East Carolina,2023,22279,
303,Tulane,2023,213,
303,Tulane,2023,3672,
303,Tulane,2023,3898,
303,Tulane,2023,3902,
303,Tulane,2023,4885,
303,Tulane,2023,10252,
303,Tulane,2023,15722,
303,Tulane,2023,16035,
303,Tulane,2023,16383,
303,Tulane,2023,16908,2000-06-22
303,Tulane,2023,16909,
303,Tulane,2023,16910,
303,Tulane,2023,16911,
303,Tulane,2023,17556,
303,Tulane,2023,16523,
131,Kansas,2023,47,
131,Kansas,2023,54,
131,Kansas,2023,61,
131,Kansas,2023,51,
131,Kansas,2023,1424,
131,Kansas,2023,3327,
131,Kansas,2023,3357,
131,Kansas,2023,5670,
131,Kansas,2023,8135,
131,Kansas,2023,15217,
131,Kansas,2023,15220,
131,Kansas,2023,15974,
131,Kansas,2023,17429,
131,Kansas,2023,19890,2000-11-04
131,Kansas,2023,19891,2003-11-20
131,Kansas,2023,15214,2001-03-15
131,Kansas,2023,57,
295,Texas,2023,443,
295,Texas,2023,465,
295,Texas,2023,3893,
295,Texas,2023,3949,
295,Texas,2023,5515,
295,Texas,2023,15362,
295,Texas,2023,15363,
295,Texas,2023,15364,2000-11-12
295,Texas,2023,19945,2000-01-09
295,Texas,2023,19946,1999-06-06
295,Texas,2023,19947,2000-06-13
295,Texas,2023,19948,
295,Texas,2023,19949,1998-12-28
295,Texas,2023,445,
217,Oklahoma,2023,114,
217,Oklahoma,2023,562,
217,Oklahoma,2023,3483,
217,Oklahoma,2023,4638,
217,Oklahoma,2023,6233,
217,Oklahoma,2023,6240,
217,Oklahoma,2023,6245,
217,Oklahoma,2023,6247,
217,Oklahoma,2023,6443,
217,Oklahoma,2023,7352,
217,Oklahoma,2023,16138,
217,Oklahoma,2023,16630,
217,Oklahoma,2023,21527,1999-05-22
217,Oklahoma,2023,21528,1999-10-29
217,Oklahoma,2023,21529,
218,Oklahoma State,2023,2509,
218,Oklahoma State,2023,2955,
218,Oklahoma State,2023,5523,
218,Oklahoma State,2023,6047,
218,Oklahoma State,2023,6671,
218,Oklahoma State,2023,16876,
218,Oklahoma State,2023,16877,
218,Oklahoma State,2023,16878,
218,Oklahoma State,2023,16879,
218,Oklahoma State,2023,17620,
218,Oklahoma State,2023,21870,
218,Oklahoma State,2023,21871,
218,Oklahoma State,2023,21872,
218,Oklahoma State,2023,16954,
218,Oklahoma State,2023,5517,
20,Baylor,2023,116,
20,Baylor,2023,156,
20,Baylor,2023,169,
20,Baylor,2023,6143,
20,Baylor,2023,6598,
20,Baylor,2023,15230,
20,Baylor,2023,16068,
20,Baylor,2023,17032,
20,Baylor,2023,17221,2001-05-14
20,Baylor,2023,17222,
20,Baylor,2023,17226,
20,Baylor,2023,19879,
20,Baylor,2023,19880,2003-11-08
20,Baylor,2023,19881,1999-12-01
20,Baylor,2023,19882,
125,Iowa State,2023,147,
125,Iowa State,2023,153,
125,Iowa State,2023,144,
125,Iowa State,2023,6774,
125,Iowa State,2023,7872,
125,Iowa State,2023,16688,2000-09-24
125,Iowa State,2023,16689,
125,Iowa State,2023,16690,
125,Iowa State,2023,21538,
125,Iowa State,2023,21539,1998-10-21
125,Iowa State,2023,21540,
125,Iowa State,2023,21541,1999-06-10
125,Iowa State,2023,5498,
132,Kansas State,2023,2595,
132,Kansas State,2023,6153,
132,Kansas State,2023,7044,
132,Kansas State,2023,7609,
132,Kansas State,2023,7615,
132,Kansas State,2023,8322,
132,Kansas State,2023,16188,
132,Kansas State,2023,17345,
132,Kansas State,2023,21934,2000-05-24
132,Kansas State,2023,21935,1999-12-25
132,Kansas State,2023,21936,
132,Kansas State,2023,21937,
132,Kansas State,2023,21938,
132,Kansas State,2023,21939,
132,Kansas State,2023,15386,2000-12-19
298,Texas Tech,2023,16,
298,Texas Tech,2023,3632,
298,Texas Tech,2023,6668,
298,Texas Tech,2023,6921,
298,Texas Tech,2023,6922,
298,Texas Tech,2023,7585,
298,Texas Tech,2023,7819,
298,Texas Tech,2023,8119,
298,Texas Tech,2023,16918,1999-01-06
298,Texas Tech,2023,16980,
298,Texas Tech,2023,20075,1999-06-12
298,Texas Tech,2023,20076,2001-01-22
298,Texas Tech,2023,16921,2002-12-02
66,Delaware,2023,1326,
66,Delaware,2023,1323,
66,Delaware,2023,1327,
66,Delaware,2023,3355,
66,Delaware,2023,4121,
66,Delaware,2023,15607,
66,Delaware,2023,15794,
66,Delaware,2023,15795,2001-12-22
66,Delaware,2023,16950,2001-08-07
66,Delaware,2023,20448,
66,Delaware,2023,20449,
66,Delaware,2023,20450,
66,Delaware,2023,20451,
66,Delaware,2023,20452,
66,Delaware,2023,20453,
66,Delaware,2023,20454,
347,West Virginia,2023,821,
347,West Virginia,2023,1467,
347,West Virginia,2023,4960,
347,West Virginia,2023,4961,
347,West Virginia,2023,4968,
347,West Virginia,2023,6239,
347,West Virginia,2023,6674,
347,West Virginia,2023,15338,2000-09-24
347,West Virginia,2023,17347,
347,West Virginia,2023,17597,
347,West Virginia,2023,17605,
347,West Virginia,2023,20855,1999-04-28
347,West Virginia,2023,20856,
347,West Virginia,2023,20854,1999-11-01
287,TCU,2023,3351,
287,TCU,2023,3850,
287,TCU,2023,5235,
287,TCU,2023,5514,
287,TCU,2023,5681,
287,TCU,2023,5685,
287,TCU,2023,6405,
287,TCU,2023,7555,
287,TCU,2023,8176,
287,TCU,2023,8639,
287,TCU,2023,16105,1999-08-26
287,TCU,2023,16949,2000-06-19
287,TCU,2023,16951,
287,TCU,2023,17071,
287,TCU,2023,19970,2002-08-24
287,TCU,2023,19971,
287,TCU,2023,19972,2000-08-03
287,TCU,2023,16952,
338,Villanova,2023,4042,
338,Villanova,2023,5360,
338,Villanova,2023,5365,
338,Villanova,2023,5368,
338,Villanova,2023,5358,
338,Villanova,2023,7427,
338,Villanova,2023,7613,
338,Villanova,2023,15399,2004-02-21
338,Villanova,2023,15400,2000-04-12
338,Villanova,2023,15401,
338,Villanova,2023,19979,1999-09-14
338,Villanova,2023,19980,1999-05-17
338,Villanova,2023,19981,2004-07-08
97,Georgetown,2023,1277,
97,Georgetown,2023,2167,
97,Georgetown,2023,3252,
97,Georgetown,2023,3956,
97,Georgetown,2023,5230,
97,Georgetown,2023,7342,
97,Georgetown,2023,7429,
97,Georgetown,2023,8245,
97,Georgetown,2023,16122,
97,Georgetown,2023,17342,
97,Georgetown,2023,17344,
97,Georgetown,2023,22296,
97,Georgetown,2023,2032,
97,Georgetown,2023,15620,
279,St. John's,2023,58,
279,St. John's,2023,1134,
279,St. John's,2023,1502,
279,St. John's,2023,2923,
279,St. John's,2023,3118,
279,St. John's,2023,4098,
279,St. John's,2023,4706,
279,St. John's,2023,4945,
279,St. John's,2023,5151,
279,St. John's,2023,8354,
279,St. John's,2023,16569,2001-11-24
279,St. John's,2023,17307,
279,St. John's,2023,20220,1999-01-03
279,St. John's,2023,20221,
279,St. John's,2023,20222,
235,Providence,2023,1125,
235,Providence,2023,1278,
235,Providence,2023,3136,
235,Providence,2023,3145,
235,Providence,2023,3147,
235,Providence,2023,3150,
235,Providence,2023,5175,
235,Providence,2023,16022,2002-03-18
235,Providence,2023,17169,
235,Providence,2023,22233,
235,Providence,2023,22234,
235,Providence,2023,22235,
235,Providence,2023,22232,1999-09-06
235,Providence,2023,3138,
263,Seton Hall,2023,592,
263,Seton Hall,2023,985,
263,Seton Hall,2023,1427,
263,Seton Hall,2023,2890,
263,Seton Hall,2023,8156,
263,Seton Hall,2023,8312,
263,Seton Hall,2023,16251,
263,Seton Hall,2023,16255,
263,Seton Hall,2023,16671,2000-03-10
263,Seton Hall,2023,17392,
263,Seton Hall,2023,22432,2000-03-01
263,Seton Hall,2023,22433,
263,Seton Hall,2023,22434,
263,Seton Hall,2023,22435,
263,Seton Hall,2023,22436,
263,Seton Hall,2023,4108,
157,Marquette,2023,401,
157,Marquette,2023,402,
157,Marquette,2023,406,
157,Marquette,2023,409,
157,Marquette,2023,398,
157,Marquette,2023,400,
157,Marquette,2023,407,
157,Marquette,2023,399,
157,Marquette,2023,3087,
157,Marquette,2023,6432,
157,Marquette,2023,15250,2002-07-14
157,Marquette,2023,15251,2001-03-27
157,Marquette,2023,15253,
157,Marquette,2023,17048,
157,Marquette,2023,21752,2002-07-03
157,Marquette,2023,21753,
157,Marquette,2023,21754,
157,Marquette,2023,416,
61,Creighton,2023,173,
61,Creighton,2023,433,
61,Creighton,2023,1096,
61,Creighton,2023,2552,
61,Creighton,2023,7005,
61,Creighton,2023,7805,
61,Creighton,2023,7806,
61,Creighton,2023,7812,
61,Creighton,2023,7816,
61,Creighton,2023,7804,
61,Creighton,2023,8384,
61,Creighton,2023,17212,2000-09-26
61,Creighton,2023,17213,2003-05-02
61,Creighton,2023,17214,
61,Creighton,2023,19918,
61,Creighton,2023,19919,
359,Xavier,2023,1337,
359,Xavier,2023,2662,
359,Xavier,2023,3399,
359,Xavier,2023,3925,
359,Xavier,2023,4032,
359,Xavier,2023,7089,
359,Xavier,2023,21154,
359,Xavier,2023,21155,2002-05-28
359,Xavier,2023,21156,1999-01-26
359,Xavier,2023,21157,1999-12-09
359,Xavier,2023,21158,
359,Xavier,2023,4074,
359,Xavier,2023,4079,
359,Xavier,2023,4064,
359,Xavier,2023,4070,
359,Xavier,2023,4078,
65,DePaul,2023,528,
65,DePaul,2023,1273,
65,DePaul,2023,2596,
65,DePaul,2023,4868,
65,DePaul,2023,4872,
65,DePaul,2023,5568,
65,DePaul,2023,6341,
65,DePaul,2023,15247,
65,DePaul,2023,15422,
65,DePaul,2023,21164,1999-12-07
65,DePaul,2023,21165,1999-01-05
65,DePaul,2023,21166,
65,DePaul,2023,21167,
65,DePaul,2023,21168,2000-09-29
65,DePaul,2023,21169,
34,Butler,2023,466,
34,Butler,2023,1355,
34,Butler,2023,2746,
34,Butler,2023,2796,
34,Butler,2023,2856,
34,Butler,2023,6157,
34,Butler,2023,7540,
34,Butler,2023,16615,2000-10-02
34,Butler,2023,16616,
34,Butler,2023,17292,
34,Butler,2023,20217,2000-03-14
34,Butler,2023,20218,
34,Butler,2023,16969,
345,Weber State,2023,874,
345,Weber State,2023,6635,
345,Weber State,2023,6636,
345,Weber State,2023,7567,
345,Weber State,2023,17403,2001-10-29
345,Weber State,2023,17404,
345,Weber State,2023,17405,
345,Weber State,2023,17406,
345,Weber State,2023,17408,
345,Weber State,2023,17409,
345,Weber State,2023,22184,
345,Weber State,2023,22185,
345,Weber State,2023,22186,
345,Weber State,2023,22187,
345,Weber State,2023,22188,
345,Weber State,2023,22189,
179,Montana,2023,6507,
179,Montana,2023,13350,
179,Montana,2023,16424,
179,Montana,2023,17394,
179,Montana,2023,17395,
179,Montana,2023,17396,
179,Montana,2023,17397,
179,Montana,2023,17398,
179,Montana,2023,17399,
179,Montana,2023,17401,
179,Montana,2023,19358,
179,Montana,2023,22280,2001-02-26
179,Montana,2023,22281,
179,Montana,2023,22282,
179,Montana,2023,22283,
179,Montana,2023,22284,
180,Montana State,2023,7129,
180,Montana State,2023,7775,
180,Montana State,2023,8915,
180,Montana State,2023,8918,
180,Montana State,2023,15486,
180,Montana State,2023,16123,2001-02-19
180,Montana State,2023,16933,
180,Montana State,2023,16937,
180,Montana State,2023,16976,1999-07-28
180,Montana State,2023,21859,
180,Montana State,2023,21860,
180,Montana State,2023,21861,
180,Montana State,2023,8914,
180,Montana State,2023,8920,
116,Idaho State,2023,6638,
116,Idaho State,2023,7632,
116,Idaho State,2023,8383,
116,Idaho State,2023,16466,
116,Idaho State,2023,16467,
116,Idaho State,2023,16468,
116,Idaho State,2023,16471,
116,Idaho State,2023,16472,
116,Idaho State,2023,21873,2000-04-10
116,Idaho State,2023,21874,
116,Idaho State,2023,21875,
116,Idaho State,2023,21876,
116,Idaho State,2023,21877,
116,Idaho State,2023,21878,
116,Idaho State,2023,21879,
116,Idaho State,2023,21880,
116,Idaho State,2023,21881,
206,Northern Arizona,2023,279,
206,Northern Arizona,2023,5034,
206,Northern Arizona,2023,5036,
206,Northern Arizona,2023,5037,
206,Northern Arizona,2023,5040,
206,Northern Arizona,2023,5045,
206,Northern Arizona,2023,5035,
206,Northern Arizona,2023,5038,
206,Northern Arizona,2023,5041,
206,Northern Arizona,2023,16696,
206,Northern Arizona,2023,16919,
206,Northern Arizona,2023,20779,
206,Northern Arizona,2023,20780,
206,Northern Arizona,2023,20781,
206,Northern Arizona,2023,20782,
206,Northern Arizona,2023,20783,
206,Northern Arizona,2023,20784,
80,Eastern Washington,2023,184,
80,Eastern Washington,2023,7322,
80,Eastern Washington,2023,7323,
80,Eastern Washington,2023,7324,
80,Eastern Washington,2023,7326,
80,Eastern Washington,2023,9612,2001-10-07
80,Eastern Washington,2023,15726,
80,Eastern Washington,2023,16994,
80,Eastern Washington,2023,16996,
80,Eastern Washington,2023,17004,
80,Eastern Washington,2023,22092,1999-04-28
80,Eastern Washington,2023,22093,
80,Eastern Washington,2023,22094,
80,Eastern Washington,2023,22095,
80,Eastern Washington,2023,22096,
231,Portland State,2023,2292,
231,Portland State,2023,7308,
231,Portland State,2023,7315,
231,Portland State,2023,7317,
231,Portland State,2023,12129,
231,Portland State,2023,16981,
231,Portland State,2023,16982,
231,Portland State,2023,16983,
231,Portland State,2023,16984,
231,Portland State,2023,16985,
231,Portland State,2023,22804,
231,Portland State,2023,22805,
231,Portland State,2023,22806,1998-12-16
231,Portland State,2023,22807,
207,Northern Colorado,2023,6412,
207,Northern Colorado,2023,7125,
207,Northern Colorado,2023,7123,
207,Northern Colorado,2023,7126,
207,Northern Colorado,2023,15275,2001-04-19
207,Northern Colorado,2023,16989,
207,Northern Colorado,2023,16990,
207,Northern Colorado,2023,16991,
207,Northern Colorado,2023,16992,
207,Northern Colorado,2023,16993,
207,Northern Colorado,2023,17338,
207,Northern Colorado,2023,19858,
207,Northern Colorado,2023,19859,
207,Northern Colorado,2023,19860,
207,Northern Colorado,2023,19861,
249,Sacramento State,2023,6513,
249,Sacramento State,2023,7569,
249,Sacramento State,2023,7756,
249,Sacramento State,2023,17021,
249,Sacramento State,2023,17481,
249,Sacramento State,2023,17482,
249,Sacramento State,2023,19903,
249,Sacramento State,2023,19904,
249,Sacramento State,2023,19905,
249,Sacramento State,2023,19906,
249,Sacramento State,2023,19907,
249,Sacramento State,2023,19908,
249,Sacramento State,2023,19909,
354,Winthrop,2023,1393,
354,Winthrop,2023,1395,
354,Winthrop,2023,1397,
354,Winthrop,2023,1406,
354,Winthrop,2023,1403,
354,Winthrop,2023,2664,
354,Winthrop,2023,4538,
354,Winthrop,2023,5569,
354,Winthrop,2023,15943,
354,Winthrop,2023,15945,
354,Winthrop,2023,15946,
354,Winthrop,2023,15947,
354,Winthrop,2023,20807,
354,Winthrop,2023,20808,
354,Winthrop,2023,20809,
239,Radford,2023,2246,
239,Radford,2023,2672,
239,Radford,2023,3033,
239,Radford,2023,15367,
239,Radford,2023,15368,
239,Radford,2023,15369,
239,Radford,2023,15370,
239,Radford,2023,15372,
239,Radford,2023,15373,
239,Radford,2023,15374,
239,Radford,2023,21744,
239,Radford,2023,21745,
239,Radford,2023,21746,
239,Radford,2023,21747,
239,Radford,2023,21748,
239,Radford,2023,21751,
319,UNC Asheville,2023,70,
319,UNC Asheville,2023,2661,
319,UNC Asheville,2023,17384,2000-06-14
319,UNC Asheville,2023,17385,
319,UNC Asheville,2023,17386,
319,UNC Asheville,2023,17387,
319,UNC Asheville,2023,17388,
319,UNC Asheville,2023,17389,
319,UNC Asheville,2023,21462,
319,UNC Asheville,2023,21463,
319,UNC Asheville,2023,21464,
319,UNC Asheville,2023,21465,
319,UNC Asheville,2023,21466,
319,UNC Asheville,2023,21467,
319,UNC Asheville,2023,21468,
47,Charleston Southern,2023,824,
47,Charleston Southern,2023,3432,
47,Charleston Southern,2023,3433,
47,Charleston Southern,2023,4167,
47,Charleston Southern,2023,4770,
47,Charleston Southern,2023,15720,
47,Charleston Southern,2023,15721,
47,Charleston Southern,2023,15725,
47,Charleston Southern,2023,15728,
47,Charleston Southern,2023,17031,
47,Charleston Southern,2023,21322,
47,Charleston Southern,2023,21323,
47,Charleston Southern,2023,21324,
47,Charleston Southern,2023,21325,
47,Charleston Southern,2023,21326,
47,Charleston Southern,2023,21327,
109,High Point,2023,3050,
109,High Point,2023,8129,
109,High Point,2023,8657,
109,High Point,2023,15213,
109,High Point,2023,15239,
109,High Point,2023,15614,
109,High Point,2023,15715,
109,High Point,2023,15716,
109,High Point,2023,15717,
109,High Point,2023,15718,
109,High Point,2023,16393,
109,High Point,2023,21314,
109,High Point,2023,21315,
109,High Point,2023,62598,1990-09-02
109,High Point,2023,5155,
109,High Point,2023,62597,1992-07-29
109,High Point,2023,15205,
109,High Point,2023,8127,
94,Gardner-Webb,2023,285,
94,Gardner-Webb,2023,293,
94,Gardner-Webb,2023,300,
94,Gardner-Webb,2023,299,
94,Gardner-Webb,2023,2175,
94,Gardner-Webb,2023,6430,
94,Gardner-Webb,2023,15570,
94,Gardner-Webb,2023,15571,
94,Gardner-Webb,2023,15572,
94,Gardner-Webb,2023,15574,
94,Gardner-Webb,2023,21913,
94,Gardner-Webb,2023,21914,
94,Gardner-Webb,2023,21915,
94,Gardner-Webb,2023,21916,
94,Gardner-Webb,2023,21917,
94,Gardner-Webb,2023,294,
147,Longwood,2023,2516,
147,Longwood,2023,3194,
147,Longwood,2023,4033,
147,Longwood,2023,4038,
147,Longwood,2023,4532,
147,Longwood,2023,16099,
147,Longwood,2023,16142,
147,Longwood,2023,16143,
147,Longwood,2023,16146,
147,Longwood,2023,16328,
147,Longwood,2023,20024,
147,Longwood,2023,20025,
147,Longwood,2023,20026,
147,Longwood,2023,20027,
147,Longwood,2023,20028,
147,Longwood,2023,20029,
147,Longwood,2023,20030,
147,Longwood,2023,20031,
233,Presbyterian,2023,1768,
233,Presbyterian,2023,4837,
233,Presbyterian,2023,5102,
233,Presbyterian,2023,5106,
233,Presbyterian,2023,5111,
233,Presbyterian,2023,5098,
233,Presbyterian,2023,6068,
233,Presbyterian,2023,15963,
233,Presbyterian,2023,16321,
233,Presbyterian,2023,17364,
233,Presbyterian,2023,17365,
233,Presbyterian,2023,20308,
233,Presbyterian,2023,20309,
233,Presbyterian,2023,20310,
233,Presbyterian,2023,20311,
268,South Carolina Upstate,2023,310,
268,South Carolina Upstate,2023,953,
268,South Carolina Upstate,2023,2848,
268,South Carolina Upstate,2023,2945,
268,South Carolina Upstate,2023,3401,
268,South Carolina Upstate,2023,5860,
268,South Carolina Upstate,2023,7422,
268,South Carolina Upstate,2023,15837,
268,South Carolina Upstate,2023,15838,
268,South Carolina Upstate,2023,15840,
268,South Carolina Upstate,2023,15844,
268,South Carolina Upstate,2023,15976,
268,South Carolina Upstate,2023,21047,
268,South Carolina Upstate,2023,21048,
268,South Carolina Upstate,2023,21049,
236,Purdue,2023,210,
236,Purdue,2023,371,
236,Purdue,2023,373,
236,Purdue,2023,374,
236,Purdue,2023,379,
236,Purdue,2023,366,
236,Purdue,2023,368,
236,Purdue,2023,369,
236,Purdue,2023,378,
236,Purdue,2023,1486,
236,Purdue,2023,6678,
236,Purdue,2023,6789,
236,Purdue,2023,15234,2002-03-14
236,Purdue,2023,15236,
236,Purdue,2023,22236,
236,Purdue,2023,22237,
121,Indiana,2023,1405,
121,Indiana,2023,3293,
121,Indiana,2023,3891,
121,Indiana,2023,5400,
121,Indiana,2023,5497,
121,Indiana,2023,7836,
121,Indiana,2023,7845,
121,Indiana,2023,7852,
121,Indiana,2023,7854,
121,Indiana,2023,17269,
121,Indiana,2023,19957,2000-02-22
121,Indiana,2023,19958,1998-11-24
121,Indiana,2023,19959,1999-06-04
121,Indiana,2023,19960,2003-06-19
121,Indiana,2023,19961,
121,Indiana,2023,19962,
121,Indiana,2023,19963,
118,Illinois,2023,531,
118,Illinois,2023,3318,
118,Illinois,2023,3930,
118,Illinois,2023,4159,
118,Illinois,2023,4602,
118,Illinois,2023,5648,
118,Illinois,2023,5652,
118,Illinois,2023,5709,
118,Illinois,2023,7610,
118,Illinois,2023,7842,
118,Illinois,2023,8175,
118,Illinois,2023,15420,2000-07-30
118,Illinois,2023,20053,1999-09-23
118,Illinois,2023,20054,
118,Illinois,2023,25372,
118,Illinois,2023,5513,
216,Ohio State,2023,302,
216,Ohio State,2023,428,
216,Ohio State,2023,431,
216,Ohio State,2023,420,
216,Ohio State,2023,2599,
216,Ohio State,2023,2920,
216,Ohio State,2023,4965,
216,Ohio State,2023,5609,
216,Ohio State,2023,16069,
216,Ohio State,2023,20821,1999-03-15
216,Ohio State,2023,20822,
216,Ohio State,2023,20823,
216,Ohio State,2023,20824,2003-10-30
216,Ohio State,2023,17865,2000-04-06
124,Iowa,2023,1496,
124,Iowa,2023,2826,
124,Iowa,2023,5480,
124,Iowa,2023,5481,
124,Iowa,2023,5487,
124,Iowa,2023,5489,
124,Iowa,2023,5493,
124,Iowa,2023,5503,
124,Iowa,2023,5585,
124,Iowa,2023,5865,
124,Iowa,2023,20842,2000-08-19
124,Iowa,2023,20843,
124,Iowa,2023,20844,
124,Iowa,2023,20845,
124,Iowa,2023,20846,
355,Wisconsin,2023,1304,
355,Wisconsin,2023,3418,
355,Wisconsin,2023,4600,
355,Wisconsin,2023,5417,
355,Wisconsin,2023,5419,
355,Wisconsin,2023,5424,
355,Wisconsin,2023,5425,
355,Wisconsin,2023,5426,
355,Wisconsin,2023,5431,
355,Wisconsin,2023,5429,
355,Wisconsin,2023,5535,
355,Wisconsin,2023,5582,
355,Wisconsin,2023,16507,2001-03-07
355,Wisconsin,2023,16508,
355,Wisconsin,2023,21742,
355,Wisconsin,2023,21743,
173,Minnesota,2023,317,
173,Minnesota,2023,1092,
173,Minnesota,2023,3175,
173,Minnesota,2023,4402,
173,Minnesota,2023,7354,
173,Minnesota,2023,7382,
173,Minnesota,2023,8304,
173,Minnesota,2023,8309,
173,Minnesota,2023,8305,
173,Minnesota,2023,15848,
173,Minnesota,2023,16067,2001-05-10
173,Minnesota,2023,16709,
173,Minnesota,2023,16710,
173,Minnesota,2023,21928,
170,Michigan,2023,48,
170,Michigan,2023,3890,
170,Michigan,2023,4403,
170,Michigan,2023,4882,
170,Michigan,2023,4934,
170,Michigan,2023,5619,
170,Michigan,2023,5620,
170,Michigan,2023,5613,
170,Michigan,2023,7098,
170,Michigan,2023,7616,
170,Michigan,2023,7799,
170,Michigan,2023,17391,
170,Michigan,2023,17393,
170,Michigan,2023,20048,2003-09-14
170,Michigan,2023,20049,2003-09-21
170,Michigan,2023,20050,2000-09-13
169,Michigan State,2023,1495,
169,Michigan State,2023,2481,
169,Michigan State,2023,2476,
169,Michigan State,2023,2475,
169,Michigan State,2023,4572,
169,Michigan State,2023,7383,
169,Michigan State,2023,15243,2000-07-25
169,Michigan State,2023,15244,2000-09-18
169,Michigan State,2023,15245,
169,Michigan State,2023,15246,
169,Michigan State,2023,20785,1999-06-17
169,Michigan State,2023,20786,
169,Michigan State,2023,2478,
169,Michigan State,2023,2480,
212,Northwestern,2023,5449,
212,Northwestern,2023,5452,
212,Northwestern,2023,5455,
212,Northwestern,2023,5461,
212,Northwestern,2023,5454,
212,Northwestern,2023,5459,
212,Northwestern,2023,8166,
212,Northwestern,2023,16557,
212,Northwestern,2023,16718,1999-12-07
212,Northwestern,2023,21510,
212,Northwestern,2023,21511,1999-06-29
212,Northwestern,2023,21512,
212,Northwestern,2023,5448,
226,Penn State,2023,424,
226,Penn State,2023,1128,
226,Penn State,2023,1931,
226,Penn State,2023,2224,
226,Penn State,2023,3549,
226,Penn State,2023,4156,
226,Penn State,2023,8155,
226,Penn State,2023,15622,
226,Penn State,2023,15623,
226,Penn State,2023,20810,2000-04-02
226,Penn State,2023,20811,1999-10-22
226,Penn State,2023,20812,1999-09-21
226,Penn State,2023,20813,
226,Penn State,2023,20814,
226,Penn State,2023,20815,
226,Penn State,2023,20816,
160,Maryland,2023,2612,
160,Maryland,2023,2627,
160,Maryland,2023,3301,
160,Maryland,2023,3287,
160,Maryland,2023,6424,
160,Maryland,2023,6694,
160,Maryland,2023,8370,
160,Maryland,2023,15402,
160,Maryland,2023,17330,2000-12-04
160,Maryland,2023,17331,2000-10-07
160,Maryland,2023,17410,
160,Maryland,2023,20832,
160,Maryland,2023,20833,
160,Maryland,2023,20834,
160,Maryland,2023,20835,
160,Maryland,2023,23254,
188,Nebraska,2023,326,
188,Nebraska,2023,2589,
188,Nebraska,2023,4661,
188,Nebraska,2023,5148,
188,Nebraska,2023,5592,
188,Nebraska,2023,5583,
188,Nebraska,2023,5577,
188,Nebraska,2023,6760,
188,Nebraska,2023,7219,
188,Nebraska,2023,7781,
188,Nebraska,2023,16700,2001-02-01
188,Nebraska,2023,16763,
188,Nebraska,2023,21518,
188,Nebraska,2023,21519,2000-03-22
188,Nebraska,2023,21520,
188,Nebraska,2023,5588,
188,Nebraska,2023,5590,
245,Rutgers,2023,84,
245,Rutgers,2023,1335,
245,Rutgers,2023,3521,
245,Rutgers,2023,3903,
245,Rutgers,2023,5119,
245,Rutgers,2023,7678,
245,Rutgers,2023,8290,
245,Rutgers,2023,15261,2000-04-06
245,Rutgers,2023,15898,
245,Rutgers,2023,15900,
245,Rutgers,2023,15902,
245,Rutgers,2023,15903,
245,Rutgers,2023,15904,
245,Rutgers,2023,17188,
245,Rutgers,2023,20805,
245,Rutgers,2023,20806,1999-06-08
145,Long Beach State,2023,3415,
145,Long Beach State,2023,4075,
145,Long Beach State,2023,6155,
145,Long Beach State,2023,6249,
145,Long Beach State,2023,6693,
145,Long Beach State,2023,6699,
145,Long Beach State,2023,7223,
145,Long Beach State,2023,16063,
145,Long Beach State,2023,17134,
145,Long Beach State,2023,17135,
145,Long Beach State,2023,17137,
145,Long Beach State,2023,17138,
145,Long Beach State,2023,18464,
145,Long Beach State,2023,22099,
145,Long Beach State,2023,22100,
308,UC Irvine,2023,4439,
308,UC Irvine,2023,7292,
308,UC Irvine,2023,7293,
308,UC Irvine,2023,7296,
308,UC Irvine,2023,7305,
308,UC Irvine,2023,7681,
308,UC Irvine,2023,7779,
308,UC Irvine,2023,17016,
308,UC Irvine,2023,17467,
308,UC Irvine,2023,17468,
308,UC Irvine,2023,22110,2000-04-13
308,UC Irvine,2023,22111,
308,UC Irvine,2023,7295,
308,UC Irvine,2023,7298,
308,UC Irvine,2023,7303,
308,UC Irvine,2023,7306,
37,Cal State Fullerton,2023,91,
37,Cal State Fullerton,2023,1212,
37,Cal State Fullerton,2023,6390,
37,Cal State Fullerton,2023,7611,
37,Cal State Fullerton,2023,15343,
37,Cal State Fullerton,2023,15344,
37,Cal State Fullerton,2023,15349,
37,Cal State Fullerton,2023,20011,
37,Cal State Fullerton,2023,20012,
37,Cal State Fullerton,2023,20013,
37,Cal State Fullerton,2023,20014,
37,Cal State Fullerton,2023,20015,
37,Cal State Fullerton,2023,20016,
37,Cal State Fullerton,2023,20017,
37,Cal State Fullerton,2023,20018,
37,Cal State Fullerton,2023,20019,
35,Cal Poly,2023,7060,
35,Cal Poly,2023,7162,
35,Cal Poly,2023,7703,
35,Cal Poly,2023,7704,
35,Cal Poly,2023,7700,
35,Cal Poly,2023,17012,
35,Cal Poly,2023,17013,
35,Cal Poly,2023,17014,
35,Cal Poly,2023,17015,
35,Cal Poly,2023,17141,
35,Cal Poly,2023,18671,
35,Cal Poly,2023,18674,
35,Cal Poly,2023,22027,
35,Cal Poly,2023,22028,
35,Cal Poly,2023,22029,
35,Cal Poly,2023,22030,
35,Cal Poly,2023,22031,
35,Cal Poly,2023,22032,
35,Cal Poly,2023,22033,
38,Cal State Northridge,2023,2427,
38,Cal State Northridge,2023,4579,
38,Cal State Northridge,2023,4956,
38,Cal State Northridge,2023,6378,
38,Cal State Northridge,2023,7368,
38,Cal State Northridge,2023,7554,
38,Cal State Northridge,2023,7637,
38,Cal State Northridge,2023,15219,
38,Cal State Northridge,2023,17161,
38,Cal State Northridge,2023,17162,
38,Cal State Northridge,2023,22048,
38,Cal State Northridge,2023,22049,
38,Cal State Northridge,2023,22050,
38,Cal State Northridge,2023,22051,
38,Cal State Northridge,2023,22052,
38,Cal State Northridge,2023,22053,
309,UC Riverside,2023,1334,
309,UC Riverside,2023,1465,
309,UC Riverside,2023,4573,
309,UC Riverside,2023,7224,
309,UC Riverside,2023,7227,
309,UC Riverside,2023,7228,
309,UC Riverside,2023,7230,
309,UC Riverside,2023,7233,
309,UC Riverside,2023,16674,2001-03-03
309,UC Riverside,2023,17462,
309,UC Riverside,2023,17463,
309,UC Riverside,2023,21726,
309,UC Riverside,2023,21727,2000-06-03
309,UC Riverside,2023,21728,
309,UC Riverside,2023,21729,
307,UC Davis,2023,7714,
307,UC Davis,2023,7761,
307,UC Davis,2023,7762,
307,UC Davis,2023,7770,
307,UC Davis,2023,7771,
307,UC Davis,2023,7759,
307,UC Davis,2023,7763,
307,UC Davis,2023,16859,
307,UC Davis,2023,16860,
307,UC Davis,2023,16861,
307,UC Davis,2023,16862,
307,UC Davis,2023,22206,
307,UC Davis,2023,22207,
307,UC Davis,2023,22208,
307,UC Davis,2023,22209,
108,Hawai'i,2023,5861,
108,Hawai'i,2023,6495,
108,Hawai'i,2023,6838,
108,Hawai'i,2023,9381,
108,Hawai'i,2023,9392,
108,Hawai'i,2023,9403,
108,Hawai'i,2023,9389,
108,Hawai'i,2023,16695,
108,Hawai'i,2023,18196,
108,Hawai'i,2023,18197,
108,Hawai'i,2023,18198,
108,Hawai'i,2023,18200,
108,Hawai'i,2023,18201,
108,Hawai'i,2023,22808,2000-01-27
108,Hawai'i,2023,22809,
310,UC San Diego,2023,3950,
310,UC San Diego,2023,4077,
310,UC San Diego,2023,6082,
310,UC San Diego,2023,6374,
310,UC San Diego,2023,6494,
310,UC San Diego,2023,7097,
310,UC San Diego,2023,8452,
310,UC San Diego,2023,8453,
310,UC San Diego,2023,17130,
310,UC San Diego,2023,17131,
310,UC San Diego,2023,17133,
310,UC San Diego,2023,22129,
310,UC San Diego,2023,22130,
310,UC San Diego,2023,8447,
36,Cal State Bakersfield,2023,4495,
36,Cal State Bakersfield,2023,4903,
36,Cal State Bakersfield,2023,5272,
36,Cal State Bakersfield,2023,5688,
36,Cal State Bakersfield,2023,5692,
36,Cal State Bakersfield,2023,7370,
36,Cal State Bakersfield,2023,16104,
36,Cal State Bakersfield,2023,17020,
36,Cal State Bakersfield,2023,17022,
36,Cal State Bakersfield,2023,17023,
36,Cal State Bakersfield,2023,22012,
36,Cal State Bakersfield,2023,22013,
36,Cal State Bakersfield,2023,22014,
321,UNC Wilmington,2023,1976,
321,UNC Wilmington,2023,1979,
321,UNC Wilmington,2023,1977,
321,UNC Wilmington,2023,1978,
321,UNC Wilmington,2023,3208,
321,UNC Wilmington,2023,3794,
321,UNC Wilmington,2023,5101,
321,UNC Wilmington,2023,5669,
321,UNC Wilmington,2023,15609,
321,UNC Wilmington,2023,15610,
321,UNC Wilmington,2023,15612,
321,UNC Wilmington,2023,15613,
321,UNC Wilmington,2023,15955,
321,UNC Wilmington,2023,19843,
321,UNC Wilmington,2023,19844,
110,Hofstra,2023,316,
110,Hofstra,2023,995,
110,Hofstra,2023,1114,
110,Hofstra,2023,1133,
110,Hofstra,2023,3352,
110,Hofstra,2023,4764,
110,Hofstra,2023,15409,2001-02-03
110,Hofstra,2023,15452,2000-02-02
110,Hofstra,2023,15453,
110,Hofstra,2023,15454,
110,Hofstra,2023,16440,
110,Hofstra,2023,20991,
110,Hofstra,2023,20992,
110,Hofstra,2023,20993,
110,Hofstra,2023,991,
71,Drexel,2023,561,
71,Drexel,2023,1213,
71,Drexel,2023,1215,
71,Drexel,2023,1216,
71,Drexel,2023,2298,
71,Drexel,2023,3435,
71,Drexel,2023,5131,
71,Drexel,2023,6079,
71,Drexel,2023,17233,
71,Drexel,2023,17234,
71,Drexel,2023,17236,
71,Drexel,2023,17237,
71,Drexel,2023,22795,
71,Drexel,2023,22796,
71,Drexel,2023,1222,
71,Drexel,2023,1223,
71,Drexel,2023,1224,
205,Northeastern,2023,1494,
205,Northeastern,2023,3967,
205,Northeastern,2023,3969,
205,Northeastern,2023,3970,
205,Northeastern,2023,3974,
205,Northeastern,2023,3979,
205,Northeastern,2023,3980,
205,Northeastern,2023,6508,
205,Northeastern,2023,9508,
205,Northeastern,2023,16448,
205,Northeastern,2023,16450,
205,Northeastern,2023,20981,
205,Northeastern,2023,20982,
46,Charleston,2023,737,
46,Charleston,2023,741,
46,Charleston,2023,743,
46,Charleston,2023,729,
46,Charleston,2023,1572,
46,Charleston,2023,3426,
46,Charleston,2023,3430,
46,Charleston,2023,4651,
46,Charleston,2023,5228,
46,Charleston,2023,5708,
46,Charleston,2023,5873,
46,Charleston,2023,16058,
46,Charleston,2023,17313,
46,Charleston,2023,21007,
46,Charleston,2023,21008,
46,Charleston,2023,21009,
46,Charleston,2023,21010,
46,Charleston,2023,21011,
81,Elon,2023,219,
81,Elon,2023,228,
81,Elon,2023,229,
81,Elon,2023,234,
81,Elon,2023,3971,
81,Elon,2023,8423,
81,Elon,2023,11631,
81,Elon,2023,16618,
81,Elon,2023,16620,
81,Elon,2023,20427,
81,Elon,2023,20428,
81,Elon,2023,20429,
81,Elon,2023,20430,
81,Elon,2023,20432,
285,Stony Brook,2023,392,
285,Stony Brook,2023,393,
285,Stony Brook,2023,2205,
285,Stony Brook,2023,5456,
285,Stony Brook,2023,16056,
285,Stony Brook,2023,17300,
285,Stony Brook,2023,17301,
285,Stony Brook,2023,17302,
285,Stony Brook,2023,17303,
285,Stony Brook,2023,21578,
285,Stony Brook,2023,21579,
285,Stony Brook,2023,21580,
285,Stony Brook,2023,394,
285,Stony Brook,2023,397,
178,Monmouth,2023,454,
178,Monmouth,2023,1329,
178,Monmouth,2023,2300,
178,Monmouth,2023,2467,
178,Monmouth,2023,2468,
178,Monmouth,2023,2469,
178,Monmouth,2023,3279,
178,Monmouth,2023,3454,
178,Monmouth,2023,15952,
178,Monmouth,2023,15953,
178,Monmouth,2023,22429,
178,Monmouth,2023,22431,
178,Monmouth,2023,2457,
178,Monmouth,2023,2466,
106,Hampton,2023,1029,
106,Hampton,2023,2021,
106,Hampton,2023,2033,
106,Hampton,2023,6765,
106,Hampton,2023,7576,
106,Hampton,2023,15855,
106,Hampton,2023,15857,
106,Hampton,2023,15858,
106,Hampton,2023,16212,
106,Hampton,2023,22370,
106,Hampton,2023,22371,
106,Hampton,2023,22372,
106,Hampton,2023,22373,
106,Hampton,2023,22374,
106,Hampton,2023,22375,
106,Hampton,2023,22376,
198,North Carolina A&T,2023,1539,
198,North Carolina A&T,2023,1524,
198,North Carolina A&T,2023,3306,
198,North Carolina A&T,2023,3764,
198,North Carolina A&T,2023,6582,
198,North Carolina A&T,2023,7215,
198,North Carolina A&T,2023,8240,
198,North Carolina A&T,2023,16076,
198,North Carolina A&T,2023,16078,
198,North Carolina A&T,2023,16238,
198,North Carolina A&T,2023,20396,
198,North Carolina A&T,2023,20397,
198,North Carolina A&T,2023,20398,
198,North Carolina A&T,2023,20399,
198,North Carolina A&T,2023,20400,
198,North Carolina A&T,2023,20401,
198,North Carolina A&T,2023,20402,
305,UAB,2023,3955,
305,UAB,2023,3958,
305,UAB,2023,3966,
305,UAB,2023,7524,
305,UAB,2023,16499,
305,UAB,2023,16500,
305,UAB,2023,16501,
305,UAB,2023,16502,
305,UAB,2023,17322,
305,UAB,2023,21106,
305,UAB,2023,21107,1999-11-28
305,UAB,2023,21108,1999-08-11
305,UAB,2023,21109,
305,UAB,2023,21110,
305,UAB,2023,21111,
327,UTEP,2023,439,
327,UTEP,2023,4842,
327,UTEP,2023,5999,
327,UTEP,2023,6329,
327,UTEP,2023,6330,
327,UTEP,2023,6336,
327,UTEP,2023,6340,
327,UTEP,2023,16863,
327,UTEP,2023,16865,
327,UTEP,2023,16866,
327,UTEP,2023,16868,
327,UTEP,2023,19940,
327,UTEP,2023,19941,
327,UTEP,2023,19942,
327,UTEP,2023,19944,
149,Louisiana Tech,2023,3642,
149,Louisiana Tech,2023,3643,
149,Louisiana Tech,2023,3637,
149,Louisiana Tech,2023,4049,
149,Louisiana Tech,2023,4404,
149,Louisiana Tech,2023,6466,
149,Louisiana Tech,2023,6473,
149,Louisiana Tech,2023,9376,
149,Louisiana Tech,2023,9485,
149,Louisiana Tech,2023,16729,
149,Louisiana Tech,2023,17029,2000-11-01
149,Louisiana Tech,2023,17033,
149,Louisiana Tech,2023,21838,
149,Louisiana Tech,2023,21839,
241,Rice,2023,218,
241,Rice,2023,7421,
241,Rice,2023,7432,
241,Rice,2023,7434,
241,Rice,2023,7426,
241,Rice,2023,7431,
241,Rice,2023,7777,
241,Rice,2023,16296,
241,Rice,2023,16658,2001-05-27
241,Rice,2023,16938,
241,Rice,2023,17371,2001-02-26
241,Rice,2023,17372,
241,Rice,2023,18250,
241,Rice,2023,22140,
241,Rice,2023,22141,
241,Rice,2023,22142,
241,Rice,2023,22143,
171,Middle Tennessee,2023,669,
171,Middle Tennessee,2023,670,
171,Middle Tennessee,2023,671,
171,Middle Tennessee,2023,676,
171,Middle Tennessee,2023,679,
171,Middle Tennessee,2023,677,
171,Middle Tennessee,2023,8455,
171,Middle Tennessee,2023,15326,
171,Middle Tennessee,2023,15790,
171,Middle Tennessee,2023,16797,
171,Middle Tennessee,2023,16799,
171,Middle Tennessee,2023,20087,
171,Middle Tennessee,2023,20088,2002-07-21
171,Middle Tennessee,2023,20089,
171,Middle Tennessee,2023,675,
350,Western Kentucky,2023,4067,
350,Western Kentucky,2023,4650,
350,Western Kentucky,2023,4658,
350,Western Kentucky,2023,4660,
350,Western Kentucky,2023,4665,
350,Western Kentucky,2023,4666,
350,Western Kentucky,2023,5525,
350,Western Kentucky,2023,6758,
350,Western Kentucky,2023,16412,
350,Western Kentucky,2023,16419,2001-08-26
350,Western Kentucky,2023,22605,
350,Western Kentucky,2023,22606,
350,Western Kentucky,2023,22607,
350,Western Kentucky,2023,22608,
350,Western Kentucky,2023,15331,
204,North Texas,2023,452,
204,North Texas,2023,1425,
204,North Texas,2023,2453,
204,North Texas,2023,5622,
204,North Texas,2023,6669,
204,North Texas,2023,7552,
204,North Texas,2023,7557,
204,North Texas,2023,7565,
204,North Texas,2023,8921,
204,North Texas,2023,15384,2001-01-17
204,North Texas,2023,21195,
204,North Texas,2023,21196,
204,North Texas,2023,21197,
204,North Texas,2023,21198,
204,North Texas,2023,21199,
89,Florida International,2023,4,
89,Florida International,2023,6675,
89,Florida International,2023,6930,
89,Florida International,2023,7407,
89,Florida International,2023,7408,
89,Florida International,2023,7410,
89,Florida International,2023,7415,
89,Florida International,2023,15901,
89,Florida International,2023,16555,
89,Florida International,2023,16676,
89,Florida International,2023,16677,
89,Florida International,2023,16678,
89,Florida International,2023,20572,
89,Florida International,2023,20573,
89,Florida International,2023,20574,
86,Florida Atlantic,2023,500,
86,Florida Atlantic,2023,3027,
86,Florida Atlantic,2023,3927,
86,Florida Atlantic,2023,3931,
86,Florida Atlantic,2023,5113,
86,Florida Atlantic,2023,5607,
86,Florida Atlantic,2023,7556,
86,Florida Atlantic,2023,7823,
86,Florida Atlantic,2023,8458,
86,Florida Atlantic,2023,17488,
86,Florida Atlantic,2023,17489,
86,Florida Atlantic,2023,17490,
86,Florida Atlantic,2023,17491,
86,Florida Atlantic,2023,17492,
86,Florida Atlantic,2023,20536,
328,UTSA,2023,895,
328,UTSA,2023,1280,
328,UTSA,2023,1409,
328,UTSA,2023,2794,
328,UTSA,2023,4048,
328,UTSA,2023,6385,
328,UTSA,2023,7017,
328,UTSA,2023,7150,
328,UTSA,2023,7391,
328,UTSA,2023,7713,
328,UTSA,2023,16325,
328,UTSA,2023,21488,
328,UTSA,2023,21489,
328,UTSA,2023,21490,
69,Detroit Mercy,2023,1735,
69,Detroit Mercy,2023,3332,
69,Detroit Mercy,2023,6568,
69,Detroit Mercy,2023,15828,
69,Detroit Mercy,2023,16039,
69,Detroit Mercy,2023,16042,
69,Detroit Mercy,2023,16043,
69,Detroit Mercy,2023,19806,
69,Detroit Mercy,2023,22255,
69,Detroit Mercy,2023,22256,
69,Detroit Mercy,2023,22257,
69,Detroit Mercy,2023,22258,1998-10-03
69,Detroit Mercy,2023,22260,
69,Detroit Mercy,2023,22261,
69,Detroit Mercy,2023,22259,
357,Wright State,2023,547,
357,Wright State,2023,549,
357,Wright State,2023,550,
357,Wright State,2023,556,
357,Wright State,2023,557,
357,Wright State,2023,548,
357,Wright State,2023,7155,
357,Wright State,2023,17866,
357,Wright State,2023,22343,
357,Wright State,2023,22344,
357,Wright State,2023,22345,
357,Wright State,2023,22346,
357,Wright State,2023,22347,
357,Wright State,2023,22348,
357,Wright State,2023,22349,
105,Green Bay,2023,6510,
105,Green Bay,2023,6662,
105,Green Bay,2023,6727,
105,Green Bay,2023,7863,
105,Green Bay,2023,15987,
105,Green Bay,2023,16685,
105,Green Bay,2023,16795,
105,Green Bay,2023,20355,
105,Green Bay,2023,20356,
105,Green Bay,2023,20357,
105,Green Bay,2023,20358,
105,Green Bay,2023,20359,
105,Green Bay,2023,20360,
105,Green Bay,2023,20361,
172,Milwaukee,2023,1992,
172,Milwaukee,2023,3010,
172,Milwaukee,2023,3023,
172,Milwaukee,2023,3112,
172,Milwaukee,2023,5921,
172,Milwaukee,2023,7646,
172,Milwaukee,2023,8911,
172,Milwaukee,2023,16334,
172,Milwaukee,2023,16349,
172,Milwaukee,2023,16351,
172,Milwaukee,2023,16352,
172,Milwaukee,2023,18240,
172,Milwaukee,2023,20162,1999-05-26
172,Milwaukee,2023,20163,
172,Milwaukee,2023,20164,
172,Milwaukee,2023,20165,
172,Milwaukee,2023,20161,
53,Cleveland State,2023,1214,
53,Cleveland State,2023,1723,
53,Cleveland State,2023,5593,
53,Cleveland State,2023,5597,
53,Cleveland State,2023,15823,2001-06-26
53,Cleveland State,2023,15824,2000-12-14
53,Cleveland State,2023,15825,
53,Cleveland State,2023,15826,
53,Cleveland State,2023,15827,
53,Cleveland State,2023,19602,
53,Cleveland State,2023,20628,
53,Cleveland State,2023,20629,
53,Cleveland State,2023,20630,
53,Cleveland State,2023,20631,
361,Youngstown State,2023,3021,
361,Youngstown State,2023,5165,
361,Youngstown State,2023,16804,
361,Youngstown State,2023,16808,
361,Youngstown State,2023,18400,
361,Youngstown State,2023,20961,
361,Youngstown State,2023,20962,
361,Youngstown State,2023,20963,
361,Youngstown State,2023,20964,
361,Youngstown State,2023,20965,
361,Youngstown State,2023,20966,
361,Youngstown State,2023,20967,
361,Youngstown State,2023,20968,
361,Youngstown State,2023,20969,
214,Oakland,2023,266,
214,Oakland,2023,1726,
214,Oakland,2023,4117,
214,Oakland,2023,7786,
214,Oakland,2023,16060,
214,Oakland,2023,16061,
214,Oakland,2023,16064,
214,Oakland,2023,16066,
214,Oakland,2023,20150,
214,Oakland,2023,20151,
214,Oakland,2023,20152,
214,Oakland,2023,20153,
214,Oakland,2023,20154,
214,Oakland,2023,20155,
214,Oakland,2023,20156,
210,Northern Kentucky,2023,3090,
210,Northern Kentucky,2023,3091,
210,Northern Kentucky,2023,3092,
210,Northern Kentucky,2023,3096,
210,Northern Kentucky,2023,3102,
210,Northern Kentucky,2023,3093,
210,Northern Kentucky,2023,3101,
210,Northern Kentucky,2023,3423,
210,Northern Kentucky,2023,3444,
210,Northern Kentucky,2023,5502,
210,Northern Kentucky,2023,9620,
210,Northern Kentucky,2023,20611,2000-02-21
210,Northern Kentucky,2023,20612,
210,Northern Kentucky,2023,20613,
210,Northern Kentucky,2023,20614,
210,Northern Kentucky,2023,20615,
237,Purdue Fort Wayne,2023,1660,
237,Purdue Fort Wayne,2023,1663,
237,Purdue Fort Wayne,2023,1666,
237,Purdue Fort Wayne,2023,1668,
237,Purdue Fort Wayne,2023,1665,
237,Purdue Fort Wayne,2023,17436,
237,Purdue Fort Wayne,2023,20040,
237,Purdue Fort Wayne,2023,20041,
237,Purdue Fort Wayne,2023,20042,
237,Purdue Fort Wayne,2023,20043,
237,Purdue Fort Wayne,2023,20044,
237,Purdue Fort Wayne,2023,20045,
237,Purdue Fort Wayne,2023,20046,
237,Purdue Fort Wayne,2023,20047,
237,Purdue Fort Wayne,2023,1669,
115,IU Indianapolis,2023,678,
115,IU Indianapolis,2023,1481,
115,IU Indianapolis,2023,15442,
115,IU Indianapolis,2023,15443,
115,IU Indianapolis,2023,15444,
115,IU Indianapolis,2023,15445,
115,IU Indianapolis,2023,15446,
115,IU Indianapolis,2023,15447,
115,IU Indianapolis,2023,15448,
115,IU Indianapolis,2023,15449,
115,IU Indianapolis,2023,15450,
115,IU Indianapolis,2023,21530,
115,IU Indianapolis,2023,21531,
115,IU Indianapolis,2023,21532,
115,IU Indianapolis,2023,21533,
115,IU Indianapolis,2023,21534,
115,IU Indianapolis,2023,21535,
115,IU Indianapolis,2023,21536,
115,IU Indianapolis,2023,21537,
115,IU Indianapolis,2023,22409,
244,Robert Morris,2023,1980,
244,Robert Morris,2023,2634,
244,Robert Morris,2023,2922,
244,Robert Morris,2023,3312,
244,Robert Morris,2023,3314,
244,Robert Morris,2023,3315,
244,Robert Morris,2023,7213,
244,Robert Morris,2023,15241,
244,Robert Morris,2023,16654,
244,Robert Morris,2023,16656,
244,Robert Morris,2023,16657,
244,Robert Morris,2023,17228,
244,Robert Morris,2023,20817,
244,Robert Morris,2023,20818,
244,Robert Morris,2023,20819,
244,Robert Morris,2023,20820,
234,Princeton,2023,2221,
234,Princeton,2023,3383,
234,Princeton,2023,3386,
234,Princeton,2023,3389,
234,Princeton,2023,3392,
234,Princeton,2023,3395,
234,Princeton,2023,3396,
234,Princeton,2023,3397,
234,Princeton,2023,3721,
234,Princeton,2023,7869,
234,Princeton,2023,8159,
234,Princeton,2023,16263,
234,Princeton,2023,16717,
234,Princeton,2023,20994,2001-02-16
234,Princeton,2023,20995,
234,Princeton,2023,20996,
234,Princeton,2023,20997,
227,Pennsylvania,2023,2422,
227,Pennsylvania,2023,2431,
227,Pennsylvania,2023,2437,
227,Pennsylvania,2023,2434,
227,Pennsylvania,2023,2436,
227,Pennsylvania,2023,7096,
227,Pennsylvania,2023,7396,
227,Pennsylvania,2023,15545,
227,Pennsylvania,2023,15547,
227,Pennsylvania,2023,15548,
227,Pennsylvania,2023,15975,
227,Pennsylvania,2023,17235,
227,Pennsylvania,2023,17312,
227,Pennsylvania,2023,20696,
227,Pennsylvania,2023,20697,
227,Pennsylvania,2023,20698,
360,Yale,2023,3079,
360,Yale,2023,4821,
360,Yale,2023,4823,
360,Yale,2023,4826,
360,Yale,2023,4832,
360,Yale,2023,4833,
360,Yale,2023,4819,
360,Yale,2023,4831,
360,Yale,2023,4822,
360,Yale,2023,5608,
360,Yale,2023,7091,
360,Yale,2023,15896,
360,Yale,2023,15897,
360,Yale,2023,16672,
360,Yale,2023,18199,
360,Yale,2023,20693,
360,Yale,2023,20694,
360,Yale,2023,20695,
58,Columbia,2023,41,
58,Columbia,2023,875,
58,Columbia,2023,2227,
58,Columbia,2023,2392,
58,Columbia,2023,2394,
58,Columbia,2023,2395,
58,Columbia,2023,2396,
58,Columbia,2023,2398,
58,Columbia,2023,3195,
58,Columbia,2023,20800,
58,Columbia,2023,20801,
58,Columbia,2023,20802,
58,Columbia,2023,20803,
58,Columbia,2023,20804,
58,Columbia,2023,2388,
58,Columbia,2023,2389,
58,Columbia,2023,2390,
58,Columbia,2023,2391,
60,Cornell,2023,1925,
60,Cornell,2023,2203,
60,Cornell,2023,2368,
60,Cornell,2023,2369,
60,Cornell,2023,2375,
60,Cornell,2023,2379,
60,Cornell,2023,2387,
60,Cornell,2023,4567,
60,Cornell,2023,4967,
60,Cornell,2023,5181,
60,Cornell,2023,16204,
60,Cornell,2023,16205,
60,Cornell,2023,17324,
60,Cornell,2023,17494,
60,Cornell,2023,21611,
60,Cornell,2023,2371,
60,Cornell,2023,2372,
60,Cornell,2023,2376,
60,Cornell,2023,2385,
62,Dartmouth,2023,44,
62,Dartmouth,2023,2709,
62,Dartmouth,2023,2711,
62,Dartmouth,2023,2712,
62,Dartmouth,2023,2715,
62,Dartmouth,2023,2722,
62,Dartmouth,2023,2708,
62,Dartmouth,2023,2714,
62,Dartmouth,2023,8138,
62,Dartmouth,2023,15221,
62,Dartmouth,2023,15222,
62,Dartmouth,2023,17496,
62,Dartmouth,2023,21091,
62,Dartmouth,2023,21092,
62,Dartmouth,2023,21093,
62,Dartmouth,2023,21094,
62,Dartmouth,2023,21095,
62,Dartmouth,2023,2721,
107,Harvard,2023,915,
107,Harvard,2023,1061,
107,Harvard,2023,1072,
107,Harvard,2023,1069,
107,Harvard,2023,3519,
107,Harvard,2023,7158,
107,Harvard,2023,16015,
107,Harvard,2023,16016,
107,Harvard,2023,16017,
107,Harvard,2023,16018,
107,Harvard,2023,16019,
107,Harvard,2023,16020,
107,Harvard,2023,16050,
107,Harvard,2023,16449,
107,Harvard,2023,17308,
107,Harvard,2023,20130,
107,Harvard,2023,1060,
30,Brown,2023,806,
30,Brown,2023,1924,
30,Brown,2023,2724,
30,Brown,2023,2726,
30,Brown,2023,2732,
30,Brown,2023,2735,
30,Brown,2023,2723,
30,Brown,2023,2725,
30,Brown,2023,8463,
30,Brown,2023,15378,
30,Brown,2023,16044,
30,Brown,2023,16189,
30,Brown,2023,20704,
30,Brown,2023,2734,
30,Brown,2023,2738,
123,Iona,2023,499,
123,Iona,2023,984,
123,Iona,2023,988,
123,Iona,2023,1430,
123,Iona,2023,4751,
123,Iona,2023,6435,
123,Iona,2023,16053,
123,Iona,2023,16120,
123,Iona,2023,17309,2001-08-17
123,Iona,2023,20699,
123,Iona,2023,20700,
123,Iona,2023,20701,
123,Iona,2023,20702,
123,Iona,2023,20703,
123,Iona,2023,25688,
254,Saint Peter's,2023,593,
254,Saint Peter's,2023,4082,
254,Saint Peter's,2023,4091,
254,Saint Peter's,2023,4635,
254,Saint Peter's,2023,5957,
254,Saint Peter's,2023,6114,
254,Saint Peter's,2023,16245,
254,Saint Peter's,2023,16248,
254,Saint Peter's,2023,20489,
254,Saint Peter's,2023,20490,
254,Saint Peter's,2023,20491,
254,Saint Peter's,2023,20492,
254,Saint Peter's,2023,20493,
83,Fairfield,2023,3939,
83,Fairfield,2023,5136,
83,Fairfield,2023,5451,
83,Fairfield,2023,5958,
83,Fairfield,2023,7250,
83,Fairfield,2023,16659,
83,Fairfield,2023,16660,
83,Fairfield,2023,16663,
83,Fairfield,2023,16664,
83,Fairfield,2023,17299,
83,Fairfield,2023,21585,
83,Fairfield,2023,21586,
83,Fairfield,2023,21587,
83,Fairfield,2023,21588,
83,Fairfield,2023,21589,
83,Fairfield,2023,6237,
155,Manhattan,2023,3285,
155,Manhattan,2023,15289,
155,Manhattan,2023,15291,
155,Manhattan,2023,16072,
155,Manhattan,2023,16191,
155,Manhattan,2023,16194,
155,Manhattan,2023,16262,
155,Manhattan,2023,17602,
155,Manhattan,2023,20632,
155,Manhattan,2023,20633,
155,Manhattan,2023,20634,
155,Manhattan,2023,20635,
155,Manhattan,2023,20636,
155,Manhattan,2023,20637,
155,Manhattan,2023,20638,
155,Manhattan,2023,20639,
155,Manhattan,2023,25507,
155,Manhattan,2023,25508,
155,Manhattan,2023,10083,
264,Siena,2023,193,
264,Siena,2023,2739,
264,Siena,2023,2954,
264,Siena,2023,3335,
264,Siena,2023,3901,
264,Siena,2023,8236,
264,Siena,2023,15812,
264,Siena,2023,15813,
264,Siena,2023,15815,
264,Siena,2023,20518,
264,Siena,2023,20519,
264,Siena,2023,20520,
264,Siena,2023,20521,
264,Siena,2023,20522,
264,Siena,2023,20523,
264,Siena,2023,20524,
264,Siena,2023,20525,
194,Niagara,2023,1983,
194,Niagara,2023,3907,
194,Niagara,2023,4653,
194,Niagara,2023,15491,
194,Niagara,2023,15985,
194,Niagara,2023,15986,
194,Niagara,2023,15988,
194,Niagara,2023,20825,
194,Niagara,2023,20826,
194,Niagara,2023,20827,
194,Niagara,2023,20828,
194,Niagara,2023,20829,
194,Niagara,2023,20830,
194,Niagara,2023,20831,
42,Canisius,2023,986,
42,Canisius,2023,2022,
42,Canisius,2023,3972,
42,Canisius,2023,4713,
42,Canisius,2023,5549,
42,Canisius,2023,5596,
42,Canisius,2023,8315,
42,Canisius,2023,9619,
42,Canisius,2023,15451,
42,Canisius,2023,17571,
42,Canisius,2023,20970,
42,Canisius,2023,20971,
42,Canisius,2023,20972,
42,Canisius,2023,20973,
243,Rider,2023,514,
243,Rider,2023,523,
243,Rider,2023,3552,
243,Rider,2023,4092,
243,Rider,2023,4115,
243,Rider,2023,4530,
243,Rider,2023,15804,
243,Rider,2023,15816,
243,Rider,2023,15817,
243,Rider,2023,15821,
243,Rider,2023,15822,
243,Rider,2023,22227,
243,Rider,2023,22228,
243,Rider,2023,22229,
243,Rider,2023,22231,
156,Marist,2023,1053,
156,Marist,2023,1042,
156,Marist,2023,1049,
156,Marist,2023,4714,
156,Marist,2023,6560,
156,Marist,2023,8346,
156,Marist,2023,16526,
156,Marist,2023,16527,
156,Marist,2023,22364,1999-06-16
156,Marist,2023,22365,
156,Marist,2023,22366,
156,Marist,2023,22367,
156,Marist,2023,22368,
156,Marist,2023,22369,
238,Quinnipiac,2023,4112,
238,Quinnipiac,2023,4804,
238,Quinnipiac,2023,4806,
238,Quinnipiac,2023,4808,
238,Quinnipiac,2023,4815,
238,Quinnipiac,2023,7784,
238,Quinnipiac,2023,16316,
238,Quinnipiac,2023,16317,
238,Quinnipiac,2023,16318,
238,Quinnipiac,2023,16319,
238,Quinnipiac,2023,16747,
238,Quinnipiac,2023,20655,
238,Quinnipiac,2023,20656,
183,Mount St. Mary's,2023,27,
183,Mount St. Mary's,2023,1761,
183,Mount St. Mary's,2023,1762,
183,Mount St. Mary's,2023,1765,
183,Mount St. Mary's,2023,4499,
183,Mount St. Mary's,2023,15414,
183,Mount St. Mary's,2023,17327,
183,Mount St. Mary's,2023,17328,
183,Mount St. Mary's,2023,17628,
183,Mount St. Mary's,2023,20847,
183,Mount St. Mary's,2023,20848,
183,Mount St. Mary's,2023,20849,
183,Mount St. Mary's,2023,20850,
183,Mount St. Mary's,2023,20851,
183,Mount St. Mary's,2023,20852,
183,Mount St. Mary's,2023,20853,
215,Ohio,2023,1464,
215,Ohio,2023,2549,
215,Ohio,2023,2550,
215,Ohio,2023,2554,
215,Ohio,2023,2562,
215,Ohio,2023,2548,
215,Ohio,2023,2555,
215,Ohio,2023,17591,
215,Ohio,2023,17592,
215,Ohio,2023,17593,
215,Ohio,2023,17594,
215,Ohio,2023,17595,
215,Ohio,2023,21033,
215,Ohio,2023,21034,
215,Ohio,2023,21035,
300,Toledo,2023,2517,
300,Toledo,2023,2518,
300,Toledo,2023,4072,
300,Toledo,2023,5623,
300,Toledo,2023,7246,
300,Toledo,2023,8319,
300,Toledo,2023,9611,
300,Toledo,2023,16220,
300,Toledo,2023,17224,2001-03-30
300,Toledo,2023,20338,1999-06-28
300,Toledo,2023,20339,
300,Toledo,2023,20340,
300,Toledo,2023,20341,
300,Toledo,2023,20342,
167,Miami (OH),2023,3465,
167,Miami (OH),2023,4087,
167,Miami (OH),2023,4807,
167,Miami (OH),2023,4838,
167,Miami (OH),2023,4877,
167,Miami (OH),2023,16492,
167,Miami (OH),2023,21666,
167,Miami (OH),2023,21667,
167,Miami (OH),2023,21668,
167,Miami (OH),2023,21669,
167,Miami (OH),2023,21670,
167,Miami (OH),2023,21671,
167,Miami (OH),2023,21672,
167,Miami (OH),2023,21673,
167,Miami (OH),2023,1349,
134,Kent State,2023,4834,
134,Kent State,2023,4835,
134,Kent State,2023,4843,
134,Kent State,2023,4844,
134,Kent State,2023,4839,
134,Kent State,2023,4840,
134,Kent State,2023,4850,
134,Kent State,2023,6375,
134,Kent State,2023,7019,
134,Kent State,2023,10494,
134,Kent State,2023,15710,
134,Kent State,2023,15711,
134,Kent State,2023,20607,
134,Kent State,2023,20608,
134,Kent State,2023,20609,
134,Kent State,2023,20610,
353,William & Mary,2023,384,
353,William & Mary,2023,1926,
353,William & Mary,2023,1928,
353,William & Mary,2023,1930,
353,William & Mary,2023,1938,
353,William & Mary,2023,1927,
353,William & Mary,2023,1937,
353,William & Mary,2023,2023,
353,William & Mary,2023,3463,
353,William & Mary,2023,5527,
353,William & Mary,2023,15843,
353,William & Mary,2023,16216,
353,William & Mary,2023,21081,
353,William & Mary,2023,21082,
28,Bowling Green,2023,1094,
28,Bowling Green,2023,2871,
28,Bowling Green,2023,4933,
28,Bowling Green,2023,4928,
28,Bowling Green,2023,6583,
28,Bowling Green,2023,7092,
28,Bowling Green,2023,7656,
28,Bowling Green,2023,15366,
28,Bowling Green,2023,16269,
28,Bowling Green,2023,20714,
28,Bowling Green,2023,20715,
28,Bowling Green,2023,20716,
28,Bowling Green,2023,20717,
28,Bowling Green,2023,20718,
28,Bowling Green,2023,20719,
351,Western Michigan,2023,2488,
351,Western Michigan,2023,2490,
351,Western Michigan,2023,2499,
351,Western Michigan,2023,2526,
351,Western Michigan,2023,2487,
351,Western Michigan,2023,8151,
351,Western Michigan,2023,16013,
351,Western Michigan,2023,16653,
351,Western Michigan,2023,21921,
351,Western Michigan,2023,21922,
351,Western Michigan,2023,21923,
351,Western Michigan,2023,21924,2000-08-13
351,Western Michigan,2023,21925,
351,Western Michigan,2023,21926,
351,Western Michigan,2023,21927,
19,Ball State,2023,346,
19,Ball State,2023,2646,
19,Ball State,2023,2652,
19,Ball State,2023,3408,
19,Ball State,2023,7640,
19,Ball State,2023,15981,
19,Ball State,2023,17295,
19,Ball State,2023,17296,
19,Ball State,2023,17297,
19,Ball State,2023,17335,
19,Ball State,2023,20343,
19,Ball State,2023,20344,
19,Ball State,2023,2647,
19,Ball State,2023,16699,
79,Eastern Michigan,2023,1800,
79,Eastern Michigan,2023,1804,
79,Eastern Michigan,2023,2024,
79,Eastern Michigan,2023,4869,
79,Eastern Michigan,2023,4874,
79,Eastern Michigan,2023,5349,
79,Eastern Michigan,2023,7877,
79,Eastern Michigan,2023,15876,
79,Eastern Michigan,2023,16610,
79,Eastern Michigan,2023,16611,
79,Eastern Michigan,2023,16612,
79,Eastern Michigan,2023,16613,
79,Eastern Michigan,2023,16614,
79,Eastern Michigan,2023,20958,
79,Eastern Michigan,2023,20959,
79,Eastern Michigan,2023,20960,2004-01-28
45,Central Michigan,2023,3906,
45,Central Michigan,2023,4172,
45,Central Michigan,2023,6149,
45,Central Michigan,2023,6220,
45,Central Michigan,2023,7149,
45,Central Michigan,2023,7749,
45,Central Michigan,2023,15494,
45,Central Michigan,2023,15580,
45,Central Michigan,2023,15957,
45,Central Michigan,2023,16537,
45,Central Michigan,2023,16539,
45,Central Michigan,2023,16541,
45,Central Michigan,2023,22659,
45,Central Michigan,2023,22660,
45,Central Michigan,2023,22661,
45,Central Michigan,2023,22662,
3,Akron,2023,1876,
3,Akron,2023,3305,
3,Akron,2023,4966,
3,Akron,2023,4974,
3,Akron,2023,4959,
3,Akron,2023,4963,
3,Akron,2023,16965,2000-07-29
3,Akron,2023,16966,
3,Akron,2023,16967,
3,Akron,2023,20349,
3,Akron,2023,20350,2000-03-26
3,Akron,2023,20351,
3,Akron,2023,20352,
3,Akron,2023,20353,
3,Akron,2023,20354,
33,Buffalo,2023,145,
33,Buffalo,2023,2521,
33,Buffalo,2023,2636,
33,Buffalo,2023,2840,
33,Buffalo,2023,2933,
33,Buffalo,2023,4086,
33,Buffalo,2023,4529,
33,Buffalo,2023,5233,
33,Buffalo,2023,15441,
33,Buffalo,2023,16232,1998-01-01
33,Buffalo,2023,16504,
33,Buffalo,2023,16864,
33,Buffalo,2023,20516,
33,Buffalo,2023,20517,
267,South Carolina State,2023,1618,
267,South Carolina State,2023,7846,
267,South Carolina State,2023,15335,
267,South Carolina State,2023,15565,
267,South Carolina State,2023,15567,
267,South Carolina State,2023,15568,
267,South Carolina State,2023,16107,
267,South Carolina State,2023,16184,
267,South Carolina State,2023,17080,
267,South Carolina State,2023,22290,
267,South Carolina State,2023,22291,
267,South Carolina State,2023,22292,
267,South Carolina State,2023,22293,
267,South Carolina State,2023,25094,
114,Howard,2023,38,
114,Howard,2023,39,
114,Howard,2023,40,
114,Howard,2023,1123,
114,Howard,2023,3176,
114,Howard,2023,3946,
114,Howard,2023,7594,
114,Howard,2023,15860,
114,Howard,2023,15868,
114,Howard,2023,15869,
114,Howard,2023,15870,
114,Howard,2023,19866,
114,Howard,2023,19867,
114,Howard,2023,19868,
114,Howard,2023,36,
114,Howard,2023,42,
67,Delaware State,2023,2222,
67,Delaware State,2023,5690,
67,Delaware State,2023,5693,
67,Delaware State,2023,5696,
67,Delaware State,2023,15615,
67,Delaware State,2023,15616,
67,Delaware State,2023,15617,
67,Delaware State,2023,15618,
67,Delaware State,2023,15619,
67,Delaware State,2023,16320,
67,Delaware State,2023,18298,
67,Delaware State,2023,21955,
67,Delaware State,2023,21956,
67,Delaware State,2023,21957,
67,Delaware State,2023,21958,
67,Delaware State,2023,21959,
59,Coppin State,2023,6872,
59,Coppin State,2023,16546,
59,Coppin State,2023,16549,
59,Coppin State,2023,16553,
59,Coppin State,2023,16554,
59,Coppin State,2023,16556,
59,Coppin State,2023,20177,
59,Coppin State,2023,20178,
59,Coppin State,2023,20179,
59,Coppin State,2023,20180,
59,Coppin State,2023,20181,
59,Coppin State,2023,20182,
59,Coppin State,2023,20183,
59,Coppin State,2023,20184,
182,Morgan State,2023,2122,
182,Morgan State,2023,2126,
182,Morgan State,2023,2117,
182,Morgan State,2023,15283,
182,Morgan State,2023,16548,
182,Morgan State,2023,16552,
182,Morgan State,2023,21146,
182,Morgan State,2023,21147,
182,Morgan State,2023,21148,
182,Morgan State,2023,21149,
182,Morgan State,2023,21150,
182,Morgan State,2023,21151,
182,Morgan State,2023,21152,
196,Norfolk State,2023,552,
196,Norfolk State,2023,2031,
196,Norfolk State,2023,4533,
196,Norfolk State,2023,4537,
196,Norfolk State,2023,15803,
196,Norfolk State,2023,15805,
196,Norfolk State,2023,15806,
196,Norfolk State,2023,15807,
196,Norfolk State,2023,15809,
196,Norfolk State,2023,21122,1999-06-11
196,Norfolk State,2023,21123,
196,Norfolk State,2023,21124,
196,Norfolk State,2023,21125,
196,Norfolk State,2023,21126,
196,Norfolk State,2023,21127,
159,Maryland Eastern Shore,2023,714,
159,Maryland Eastern Shore,2023,2939,
159,Maryland Eastern Shore,2023,3037,
159,Maryland Eastern Shore,2023,5756,
159,Maryland Eastern Shore,2023,15877,
159,Maryland Eastern Shore,2023,16005,
159,Maryland Eastern Shore,2023,16218,
159,Maryland Eastern Shore,2023,20575,
159,Maryland Eastern Shore,2023,20576,
159,Maryland Eastern Shore,2023,20577,
159,Maryland Eastern Shore,2023,20578,
159,Maryland Eastern Shore,2023,20579,
159,Maryland Eastern Shore,2023,20580,
159,Maryland Eastern Shore,2023,25589,
199,North Carolina Central,2023,81,
199,North Carolina Central,2023,2942,
199,North Carolina Central,2023,2950,
199,North Carolina Central,2023,15207,
199,North Carolina Central,2023,15208,
199,North Carolina Central,2023,15210,
199,North Carolina Central,2023,15211,
199,North Carolina Central,2023,19996,
199,North Carolina Central,2023,19997,
199,North Carolina Central,2023,19998,
199,North Carolina Central,2023,19999,
199,North Carolina Central,2023,20000,
199,North Carolina Central,2023,20001,
199,North Carolina Central,2023,20002,
199,North Carolina Central,2023,20003,
199,North Carolina Central,2023,20004,
273,Southern Illinois,2023,3367,
273,Southern Illinois,2023,4264,
273,Southern Illinois,2023,4593,
273,Southern Illinois,2023,5387,
273,Southern Illinois,2023,6053,
273,Southern Illinois,2023,6652,
273,Southern Illinois,2023,6761,
273,Southern Illinois,2023,7597,
273,Southern Illinois,2023,15235,
273,Southern Illinois,2023,15419,1998-08-30
273,Southern Illinois,2023,16380,
273,Southern Illinois,2023,16381,2000-03-01
273,Southern Illinois,2023,16382,
273,Southern Illinois,2023,21267,
273,Southern Illinois,2023,21268,
119,Illinois State,2023,721,
119,Illinois State,2023,4372,
119,Illinois State,2023,4594,
119,Illinois State,2023,5687,
119,Illinois State,2023,8133,
119,Illinois State,2023,16394,
119,Illinois State,2023,16475,
119,Illinois State,2023,16649,
119,Illinois State,2023,16650,
119,Illinois State,2023,16651,
119,Illinois State,2023,16652,
119,Illinois State,2023,21242,
119,Illinois State,2023,21243,
119,Illinois State,2023,21244,
119,Illinois State,2023,21245,
122,Indiana State,2023,438,
122,Indiana State,2023,440,
122,Indiana State,2023,807,
122,Indiana State,2023,819,
122,Indiana State,2023,820,
122,Indiana State,2023,4364,
122,Indiana State,2023,4607,
122,Indiana State,2023,5550,
122,Indiana State,2023,15799,
122,Indiana State,2023,20362,
122,Indiana State,2023,20363,
122,Indiana State,2023,20364,
122,Indiana State,2023,20365,
122,Indiana State,2023,20366,
122,Indiana State,2023,20367,
122,Indiana State,2023,20368,
209,Northern Iowa,2023,155,
209,Northern Iowa,2023,2220,
209,Northern Iowa,2023,4592,
209,Northern Iowa,2023,5334,
209,Northern Iowa,2023,5325,
209,Northern Iowa,2023,5331,
209,Northern Iowa,2023,5333,
209,Northern Iowa,2023,5327,
209,Northern Iowa,2023,6755,
209,Northern Iowa,2023,6794,
209,Northern Iowa,2023,17355,
209,Northern Iowa,2023,17356,
209,Northern Iowa,2023,21639,
209,Northern Iowa,2023,21640,
209,Northern Iowa,2023,21641,
82,Evansville,2023,2912,
82,Evansville,2023,4101,
82,Evansville,2023,5629,
82,Evansville,2023,6062,
82,Evansville,2023,7550,
82,Evansville,2023,14111,
82,Evansville,2023,16494,
82,Evansville,2023,16495,
82,Evansville,2023,16631,
82,Evansville,2023,18941,
82,Evansville,2023,21661,
82,Evansville,2023,21662,
82,Evansville,2023,21663,
82,Evansville,2023,21664,
82,Evansville,2023,21665,
335,Valparaiso,2023,261,
335,Valparaiso,2023,1076,
335,Valparaiso,2023,1659,
335,Valparaiso,2023,6651,
335,Valparaiso,2023,9395,
335,Valparaiso,2023,16439,
335,Valparaiso,2023,17361,
335,Valparaiso,2023,20331,
335,Valparaiso,2023,20332,
335,Valparaiso,2023,20333,
335,Valparaiso,2023,20334,
335,Valparaiso,2023,20335,
335,Valparaiso,2023,20336,
335,Valparaiso,2023,20337,
335,Valparaiso,2023,1089,
22,Belmont,2023,241,
22,Belmont,2023,3290,
22,Belmont,2023,3843,
22,Belmont,2023,3849,
22,Belmont,2023,4905,
22,Belmont,2023,5486,
22,Belmont,2023,16332,
22,Belmont,2023,16757,
22,Belmont,2023,16759,
22,Belmont,2023,21036,
22,Belmont,2023,21037,2001-07-16
22,Belmont,2023,21038,
22,Belmont,2023,21039,
22,Belmont,2023,3847,
22,Belmont,2023,3848,
184,Murray State,2023,1484,
184,Murray State,2023,2833,
184,Murray State,2023,3398,
184,Murray State,2023,4266,
184,Murray State,2023,4275,
184,Murray State,2023,4276,
184,Murray State,2023,4531,
184,Murray State,2023,4618,
184,Murray State,2023,16443,
184,Murray State,2023,16445,
184,Murray State,2023,16802,
184,Murray State,2023,21473,
184,Murray State,2023,21474,
184,Murray State,2023,21475,
315,UIC,2023,319,
315,UIC,2023,1662,
315,UIC,2023,3321,
315,UIC,2023,3400,
315,UIC,2023,4490,
315,UIC,2023,4890,
315,UIC,2023,6465,
315,UIC,2023,7612,
315,UIC,2023,16955,
315,UIC,2023,16959,
315,UIC,2023,21232,
257,San Diego State,2023,419,
257,San Diego State,2023,564,
257,San Diego State,2023,8190,
257,San Diego State,2023,8465,
257,San Diego State,2023,10785,
257,San Diego State,2023,10809,
257,San Diego State,2023,15285,2001-06-23
257,San Diego State,2023,15350,1999-09-25
257,San Diego State,2023,15352,
257,San Diego State,2023,15354,
257,San Diego State,2023,17163,
257,San Diego State,2023,20020,1998-04-09
257,San Diego State,2023,20021,
257,San Diego State,2023,20022,
257,San Diego State,2023,20023,1998-02-27
257,San Diego State,2023,8457,
257,San Diego State,2023,8468,
322,UNLV,2023,146,
322,UNLV,2023,334,
322,UNLV,2023,1411,
322,UNLV,2023,7312,
322,UNLV,2023,7357,
322,UNLV,2023,16373,
322,UNLV,2023,17617,2000-01-01
322,UNLV,2023,17618,
322,UNLV,2023,17619,
322,UNLV,2023,17622,
322,UNLV,2023,22155,2000-12-14
322,UNLV,2023,22156,
322,UNLV,2023,22157,2000-02-03
322,UNLV,2023,22158,
322,UNLV,2023,22159,
191,New Mexico,2023,1130,
191,New Mexico,2023,1810,
191,New Mexico,2023,5133,
191,New Mexico,2023,6436,
191,New Mexico,2023,6441,
191,New Mexico,2023,6442,
191,New Mexico,2023,7163,
191,New Mexico,2023,15611,
191,New Mexico,2023,16698,
191,New Mexico,2023,17007,2001-05-02
191,New Mexico,2023,17009,
191,New Mexico,2023,21909,1999-12-13
191,New Mexico,2023,21910,
191,New Mexico,2023,21911,
191,New Mexico,2023,21912,
57,Colorado State,2023,5391,
57,Colorado State,2023,5420,
57,Colorado State,2023,6002,
57,Colorado State,2023,6342,
57,Colorado State,2023,6561,
57,Colorado State,2023,6787,
57,Colorado State,2023,6793,
57,Colorado State,2023,7297,
57,Colorado State,2023,8332,
57,Colorado State,2023,17036,
57,Colorado State,2023,17037,2000-11-01
57,Colorado State,2023,17038,
57,Colorado State,2023,17039,
57,Colorado State,2023,21918,
57,Colorado State,2023,21919,
57,Colorado State,2023,21920,
358,Wyoming,2023,171,
358,Wyoming,2023,1297,
358,Wyoming,2023,5123,
358,Wyoming,2023,5671,
358,Wyoming,2023,6769,
358,Wyoming,2023,7059,
358,Wyoming,2023,7420,
358,Wyoming,2023,8913,
358,Wyoming,2023,16995,
358,Wyoming,2023,17065,
358,Wyoming,2023,17383,
358,Wyoming,2023,21849,
358,Wyoming,2023,21850,1999-03-24
358,Wyoming,2023,21851,
358,Wyoming,2023,5673,
2,Air Force,2023,1987,
2,Air Force,2023,3459,
2,Air Force,2023,5539,
2,Air Force,2023,6817,
2,Air Force,2023,6818,
2,Air Force,2023,6819,
2,Air Force,2023,6822,
2,Air Force,2023,6830,
2,Air Force,2023,6835,
2,Air Force,2023,7132,
2,Air Force,2023,7387,
2,Air Force,2023,7586,
2,Air Force,2023,7851,
2,Air Force,2023,16214,
2,Air Force,2023,16987,
2,Air Force,2023,16988,
2,Air Force,2023,20710,
2,Air Force,2023,20711,
2,Air Force,2023,20712,
2,Air Force,2023,20713,
25,Boise State,2023,6397,
25,Boise State,2023,6927,
25,Boise State,2023,7025,
25,Boise State,2023,7090,
25,Boise State,2023,7358,
25,Boise State,2023,16371,
25,Boise State,2023,17430,
25,Boise State,2023,17431,
25,Boise State,2023,17432,
25,Boise State,2023,17433,
25,Boise State,2023,17434,
25,Boise State,2023,22437,
25,Boise State,2023,22438,
25,Boise State,2023,22439,
25,Boise State,2023,8353,
25,Boise State,2023,8360,
189,Nevada,2023,527,
189,Nevada,2023,2830,
189,Nevada,2023,4878,
189,Nevada,2023,6697,
189,Nevada,2023,7057,
189,Nevada,2023,7058,
189,Nevada,2023,7062,
189,Nevada,2023,7065,
189,Nevada,2023,7582,
189,Nevada,2023,16519,2000-12-31
189,Nevada,2023,17483,2001-05-30
189,Nevada,2023,17484,1999-12-07
189,Nevada,2023,17485,
189,Nevada,2023,17486,
329,Utah State,2023,2473,
329,Utah State,2023,3481,
329,Utah State,2023,3676,
329,Utah State,2023,7808,
329,Utah State,2023,8366,
329,Utah State,2023,15714,
329,Utah State,2023,15929,
329,Utah State,2023,16112,
329,Utah State,2023,16113,
329,Utah State,2023,16978,
329,Utah State,2023,17479,
329,Utah State,2023,21895,1997-11-06
329,Utah State,2023,21896,
329,Utah State,2023,21897,
329,Utah State,2023,21898,
329,Utah State,2023,8368,
92,Fresno State,2023,2822,
92,Fresno State,2023,3254,
92,Fresno State,2023,3323,
92,Fresno State,2023,7033,
92,Fresno State,2023,7039,
92,Fresno State,2023,17010,
92,Fresno State,2023,17117,
92,Fresno State,2023,17121,
92,Fresno State,2023,17123,
92,Fresno State,2023,17190,
92,Fresno State,2023,17437,
92,Fresno State,2023,21985,2000-08-30
92,Fresno State,2023,21986,
92,Fresno State,2023,21987,
92,Fresno State,2023,21988,
260,San José State,2023,360,
260,San José State,2023,6151,
260,San José State,2023,6961,
260,San José State,2023,7026,
260,San José State,2023,8356,
260,San José State,2023,16524,
260,San José State,2023,16681,
260,San José State,2023,17470,
260,San José State,2023,17472,
260,San José State,2023,17475,
260,San José State,2023,22303,
260,San José State,2023,22304,2001-09-18
260,San José State,2023,22305,
260,San José State,2023,22306,
260,San José State,2023,22307,
260,San José State,2023,22308,
260,San José State,2023,23329,
260,San José State,2023,25624,
84,Fairleigh Dickinson,2023,566,
84,Fairleigh Dickinson,2023,1982,
84,Fairleigh Dickinson,2023,2588,
84,Fairleigh Dickinson,2023,3059,
84,Fairleigh Dickinson,2023,3064,
84,Fairleigh Dickinson,2023,3071,
84,Fairleigh Dickinson,2023,6563,
84,Fairleigh Dickinson,2023,7595,
84,Fairleigh Dickinson,2023,15054,
84,Fairleigh Dickinson,2023,16228,
84,Fairleigh Dickinson,2023,16231,
84,Fairleigh Dickinson,2023,21481,
84,Fairleigh Dickinson,2023,21482,2000-01-22
84,Fairleigh Dickinson,2023,21483,
84,Fairleigh Dickinson,2023,21484,
341,Wagner,2023,3674,
341,Wagner,2023,7856,
341,Wagner,2023,7858,
341,Wagner,2023,7859,
341,Wagner,2023,7857,
341,Wagner,2023,7861,
341,Wagner,2023,8142,
341,Wagner,2023,20599,
341,Wagner,2023,20600,
341,Wagner,2023,20601,
341,Wagner,2023,20602,
341,Wagner,2023,20603,
341,Wagner,2023,20604,
146,Long Island University,2023,190,
146,Long Island University,2023,680,
146,Long Island University,2023,6060,
146,Long Island University,2023,6064,
146,Long Island University,2023,6123,
146,Long Island University,2023,7014,
146,Long Island University,2023,7864,
146,Long Island University,2023,15956,
146,Long Island University,2023,17782,
146,Long Island University,2023,22194,
146,Long Island University,2023,22195,
146,Long Island University,2023,22196,
146,Long Island University,2023,22197,
146,Long Island University,2023,22198,
146,Long Island University,2023,22199,
146,Long Island University,2023,22200,
146,Long Island University,2023,22201,
364,St. Francis Brooklyn,2023,3034,
364,St. Francis Brooklyn,2023,7867,
364,St. Francis Brooklyn,2023,8340,
364,St. Francis Brooklyn,2023,15485,
364,St. Francis Brooklyn,2023,15852,
364,St. Francis Brooklyn,2023,16246,
364,St. Francis Brooklyn,2023,16619,
364,St. Francis Brooklyn,2023,20272,
364,St. Francis Brooklyn,2023,20273,
364,St. Francis Brooklyn,2023,20274,
364,St. Francis Brooklyn,2023,20275,
364,St. Francis Brooklyn,2023,20276,
364,St. Francis Brooklyn,2023,20277,
364,St. Francis Brooklyn,2023,20278,
364,St. Francis Brooklyn,2023,20279,
364,St. Francis Brooklyn,2023,20280,
278,St. Francis (PA),2023,1498,
278,St. Francis (PA),2023,2905,
278,St. Francis (PA),2023,2917,
278,St. Francis (PA),2023,2918,
278,St. Francis (PA),2023,2913,
278,St. Francis (PA),2023,3796,
278,St. Francis (PA),2023,4926,
278,St. Francis (PA),2023,5766,
278,St. Francis (PA),2023,7088,
278,St. Francis (PA),2023,13798,
278,St. Francis (PA),2023,15281,
278,St. Francis (PA),2023,17195,
278,St. Francis (PA),2023,17196,
278,St. Francis (PA),2023,18511,
278,St. Francis (PA),2023,20648,
278,St. Francis (PA),2023,20649,
278,St. Francis (PA),2023,20650,
278,St. Francis (PA),2023,20651,
44,Central Connecticut,2023,387,
44,Central Connecticut,2023,3120,
44,Central Connecticut,2023,3121,
44,Central Connecticut,2023,3123,
44,Central Connecticut,2023,3124,
44,Central Connecticut,2023,3127,
44,Central Connecticut,2023,7423,
44,Central Connecticut,2023,15907,
44,Central Connecticut,2023,15908,
44,Central Connecticut,2023,21083,
44,Central Connecticut,2023,21084,
44,Central Connecticut,2023,21085,
44,Central Connecticut,2023,21086,
44,Central Connecticut,2023,3134,
250,Sacred Heart,2023,1106,
250,Sacred Heart,2023,1107,
250,Sacred Heart,2023,1108,
250,Sacred Heart,2023,1110,
250,Sacred Heart,2023,9609,
250,Sacred Heart,2023,16026,
250,Sacred Heart,2023,16027,
250,Sacred Heart,2023,16029,
250,Sacred Heart,2023,16031,
250,Sacred Heart,2023,16032,
250,Sacred Heart,2023,16033,
250,Sacred Heart,2023,18787,
250,Sacred Heart,2023,18788,
250,Sacred Heart,2023,18789,
166,Merrimack,2023,2921,
166,Merrimack,2023,3718,
166,Merrimack,2023,7870,
166,Merrimack,2023,9510,
166,Merrimack,2023,9512,
166,Merrimack,2023,9520,
166,Merrimack,2023,9523,
166,Merrimack,2023,9519,
166,Merrimack,2023,16141,
166,Merrimack,2023,16264,
166,Merrimack,2023,16265,
166,Merrimack,2023,16801,
166,Merrimack,2023,17840,
166,Merrimack,2023,20219,
166,Merrimack,2023,9524,
284,Stonehill,2023,1033,
284,Stonehill,2023,1034,
284,Stonehill,2023,1041,
284,Stonehill,2023,1027,
284,Stonehill,2023,1028,
284,Stonehill,2023,4118,
284,Stonehill,2023,6503,
284,Stonehill,2023,16621,
284,Stonehill,2023,16625,
284,Stonehill,2023,21128,
284,Stonehill,2023,21129,
284,Stonehill,2023,21130,
284,Stonehill,2023,21131,
284,Stonehill,2023,21132,
284,Stonehill,2023,21133,
284,Stonehill,2023,21134,
181,Morehead State,2023,2567,
181,Morehead State,2023,3407,
181,Morehead State,2023,3413,
181,Morehead State,2023,3431,
181,Morehead State,2023,5490,
181,Morehead State,2023,15304,
181,Morehead State,2023,15406,
181,Morehead State,2023,15407,
181,Morehead State,2023,15800,
181,Morehead State,2023,19950,
181,Morehead State,2023,19951,
181,Morehead State,2023,19952,
181,Morehead State,2023,19953,
181,Morehead State,2023,19954,
181,Morehead State,2023,19955,
181,Morehead State,2023,19956,
291,Tennessee Tech,2023,4179,
291,Tennessee Tech,2023,4186,
291,Tennessee Tech,2023,4180,
291,Tennessee Tech,2023,7572,
291,Tennessee Tech,2023,11266,
291,Tennessee Tech,2023,15269,
291,Tennessee Tech,2023,15272,
291,Tennessee Tech,2023,15274,
291,Tennessee Tech,2023,16354,
291,Tennessee Tech,2023,16806,
291,Tennessee Tech,2023,19926,
291,Tennessee Tech,2023,19927,
291,Tennessee Tech,2023,19928,1997-10-19
291,Tennessee Tech,2023,19929,
291,Tennessee Tech,2023,19930,
291,Tennessee Tech,2023,19931,
291,Tennessee Tech,2023,19932,
290,Tennessee State,2023,805,
290,Tennessee State,2023,3020,
290,Tennessee State,2023,5868,
290,Tennessee State,2023,16755,
290,Tennessee State,2023,16758,
290,Tennessee State,2023,16760,
290,Tennessee State,2023,16762,
290,Tennessee State,2023,16764,
290,Tennessee State,2023,21852,
290,Tennessee State,2023,21853,
290,Tennessee State,2023,21854,
290,Tennessee State,2023,21855,
290,Tennessee State,2023,21856,
290,Tennessee State,2023,21857,
290,Tennessee State,2023,21858,
272,Southeast Missouri State,2023,2951,
272,Southeast Missouri State,2023,3468,
272,Southeast Missouri State,2023,3482,
272,Southeast Missouri State,2023,4610,
272,Southeast Missouri State,2023,4611,
272,Southeast Missouri State,2023,6566,
272,Southeast Missouri State,2023,16896,
272,Southeast Missouri State,2023,16897,
272,Southeast Missouri State,2023,16898,
272,Southeast Missouri State,2023,16899,
272,Southeast Missouri State,2023,16900,
272,Southeast Missouri State,2023,19253,
272,Southeast Missouri State,2023,21453,
272,Southeast Missouri State,2023,21454,
272,Southeast Missouri State,2023,21455,
325,UT Martin,2023,315,
325,UT Martin,2023,643,
325,UT Martin,2023,4500,
325,UT Martin,2023,4540,
325,UT Martin,2023,4584,
325,UT Martin,2023,8323,
325,UT Martin,2023,15584,
325,UT Martin,2023,15585,
325,UT Martin,2023,16363,
325,UT Martin,2023,20857,
325,UT Martin,2023,20859,
325,UT Martin,2023,20860,
325,UT Martin,2023,20861,
325,UT Martin,2023,20858,
77,Eastern Illinois,2023,1350,
77,Eastern Illinois,2023,4263,
77,Eastern Illinois,2023,5624,
77,Eastern Illinois,2023,5932,
77,Eastern Illinois,2023,6425,
77,Eastern Illinois,2023,7476,
77,Eastern Illinois,2023,7536,
77,Eastern Illinois,2023,7694,
77,Eastern Illinois,2023,15411,
77,Eastern Illinois,2023,15413,
77,Eastern Illinois,2023,15417,
77,Eastern Illinois,2023,15480,
77,Eastern Illinois,2023,16756,
77,Eastern Illinois,2023,20051,
77,Eastern Illinois,2023,20052,
247,SIU Edwardsville,2023,5922,
247,SIU Edwardsville,2023,5923,
247,SIU Edwardsville,2023,6856,
247,SIU Edwardsville,2023,13619,
247,SIU Edwardsville,2023,15666,
247,SIU Edwardsville,2023,15667,
247,SIU Edwardsville,2023,16095,
247,SIU Edwardsville,2023,16096,
247,SIU Edwardsville,2023,16097,
247,SIU Edwardsville,2023,16100,
247,SIU Edwardsville,2023,16101,
247,SIU Edwardsville,2023,21229,
247,SIU Edwardsville,2023,21230,
247,SIU Edwardsville,2023,21231,
247,SIU Edwardsville,2023,5926,
144,Little Rock,2023,3310,
144,Little Rock,2023,4120,
144,Little Rock,2023,4171,
144,Little Rock,2023,4223,
144,Little Rock,2023,4226,
144,Little Rock,2023,4943,
144,Little Rock,2023,16369,
144,Little Rock,2023,16370,
144,Little Rock,2023,16384,
144,Little Rock,2023,21261,
144,Little Rock,2023,21262,2001-05-21
144,Little Rock,2023,21263,
144,Little Rock,2023,21264,
144,Little Rock,2023,21265,
144,Little Rock,2023,21266,
365,Southern Indiana,2023,808,
365,Southern Indiana,2023,2564,
365,Southern Indiana,2023,2650,
365,Southern Indiana,2023,5370,
365,Southern Indiana,2023,5372,
365,Southern Indiana,2023,5381,
365,Southern Indiana,2023,5385,
365,Southern Indiana,2023,5386,
365,Southern Indiana,2023,7018,
365,Southern Indiana,2023,17030,
365,Southern Indiana,2023,18785,
365,Southern Indiana,2023,21560,
365,Southern Indiana,2023,21561,
365,Southern Indiana,2023,21562,
365,Southern Indiana,2023,21563,
366,Lindenwood,2023,7835,
366,Lindenwood,2023,16691,
366,Lindenwood,2023,16692,
366,Lindenwood,2023,16693,
366,Lindenwood,2023,16694,
366,Lindenwood,2023,16697,
366,Lindenwood,2023,20055,
366,Lindenwood,2023,20056,
366,Lindenwood,2023,20057,
366,Lindenwood,2023,20058,
366,Lindenwood,2023,20059,
366,Lindenwood,2023,20060,
366,Lindenwood,2023,20061,
366,Lindenwood,2023,20062,
366,Lindenwood,2023,20063,
366,Lindenwood,2023,20064,
366,Lindenwood,2023,20065,
32,Bucknell,2023,1306,
32,Bucknell,2023,1307,
32,Bucknell,2023,1308,
32,Bucknell,2023,1313,
32,Bucknell,2023,1305,
32,Bucknell,2023,1497,
32,Bucknell,2023,15796,
32,Bucknell,2023,15797,
32,Bucknell,2023,15798,
32,Bucknell,2023,15940,
32,Bucknell,2023,15944,
32,Bucknell,2023,15951,
32,Bucknell,2023,1316,
32,Bucknell,2023,1319,
55,Colgate,2023,187,
55,Colgate,2023,3973,
55,Colgate,2023,7464,
55,Colgate,2023,7468,
55,Colgate,2023,7477,
55,Colgate,2023,16046,
55,Colgate,2023,16047,
55,Colgate,2023,16048,
55,Colgate,2023,20512,
55,Colgate,2023,20513,
55,Colgate,2023,20514,
55,Colgate,2023,20515,
55,Colgate,2023,7467,
111,Holy Cross,2023,388,
111,Holy Cross,2023,1081,
111,Holy Cross,2023,1988,
111,Holy Cross,2023,3798,
111,Holy Cross,2023,5403,
111,Holy Cross,2023,5414,
111,Holy Cross,2023,15810,
111,Holy Cross,2023,15811,
111,Holy Cross,2023,20526,
111,Holy Cross,2023,20527,
111,Holy Cross,2023,20528,
111,Holy Cross,2023,20529,
111,Holy Cross,2023,5411,
111,Holy Cross,2023,5415,
141,Lehigh,2023,5435,
141,Lehigh,2023,5436,
141,Lehigh,2023,5437,
141,Lehigh,2023,8161,
141,Lehigh,2023,8364,
141,Lehigh,2023,16206,
141,Lehigh,2023,16207,
141,Lehigh,2023,16208,
141,Lehigh,2023,17369,
141,Lehigh,2023,19346,
141,Lehigh,2023,21595,
141,Lehigh,2023,21596,
141,Lehigh,2023,21597,
141,Lehigh,2023,5441,
141,Lehigh,2023,5445,
141,Lehigh,2023,5446,
141,Lehigh,2023,5447,
187,Navy,2023,3496,
187,Navy,2023,3498,
187,Navy,2023,3516,
187,Navy,2023,3517,
187,Navy,2023,3493,
187,Navy,2023,3495,
187,Navy,2023,3497,
187,Navy,2023,3502,
187,Navy,2023,15999,
187,Navy,2023,16385,
187,Navy,2023,16387,
187,Navy,2023,16390,
187,Navy,2023,16391,
187,Navy,2023,21068,
187,Navy,2023,21069,
187,Navy,2023,21070,
187,Navy,2023,21071,
187,Navy,2023,21072,
187,Navy,2023,21073,
187,Navy,2023,21074,
187,Navy,2023,21075,
187,Navy,2023,21076,
187,Navy,2023,21077,
187,Navy,2023,21078,
187,Navy,2023,21079,
187,Navy,2023,21080,
187,Navy,2023,3515,
138,Lafayette,2023,732,
138,Lafayette,2023,1412,
138,Lafayette,2023,5134,
138,Lafayette,2023,5343,
138,Lafayette,2023,5340,
138,Lafayette,2023,5342,
138,Lafayette,2023,15621,
138,Lafayette,2023,16087,
138,Lafayette,2023,16088,
138,Lafayette,2023,16089,
138,Lafayette,2023,16451,
138,Lafayette,2023,17902,
138,Lafayette,2023,21142,
138,Lafayette,2023,5350,
138,Lafayette,2023,5351,
15,Army,2023,2424,
15,Army,2023,4778,
15,Army,2023,4780,
15,Army,2023,4781,
15,Army,2023,4786,
15,Army,2023,4791,
15,Army,2023,4792,
15,Army,2023,4793,
15,Army,2023,4800,
15,Army,2023,4801,
15,Army,2023,4802,
15,Army,2023,4803,
15,Army,2023,4896,
15,Army,2023,16529,
15,Army,2023,16530,
15,Army,2023,16531,
15,Army,2023,16532,
15,Army,2023,16534,
15,Army,2023,16535,
15,Army,2023,16536,
15,Army,2023,21020,
15,Army,2023,21021,
15,Army,2023,4784,
15,Army,2023,4790,
15,Army,2023,4799,
8,American University,2023,301,
8,American University,2023,822,
8,American University,2023,3534,
8,American University,2023,3536,
8,American University,2023,3540,
8,American University,2023,3543,
8,American University,2023,3548,
8,American University,2023,8427,
8,American University,2023,15394,
8,American University,2023,15396,
8,American University,2023,15397,
8,American University,2023,22360,
8,American University,2023,22361,
8,American University,2023,22362,
8,American University,2023,22363,
8,American University,2023,3535,
27,Boston University,2023,2654,
27,Boston University,2023,3985,
27,Boston University,2023,3992,
27,Boston University,2023,4841,
27,Boston University,2023,15808,
27,Boston University,2023,16446,
27,Boston University,2023,20983,
27,Boston University,2023,20984,
27,Boston University,2023,20985,
27,Boston University,2023,20986,
27,Boston University,2023,20987,
27,Boston University,2023,20988,
27,Boston University,2023,20989,
27,Boston University,2023,20990,
27,Boston University,2023,3981,
27,Boston University,2023,3990,
27,Boston University,2023,3991,
152,Loyola Maryland,2023,2406,
152,Loyola Maryland,2023,2410,
152,Loyola Maryland,2023,2411,
152,Loyola Maryland,2023,2412,
152,Loyola Maryland,2023,2415,
152,Loyola Maryland,2023,2413,
152,Loyola Maryland,2023,2414,
152,Loyola Maryland,2023,5138,
152,Loyola Maryland,2023,8341,
152,Loyola Maryland,2023,15395,
152,Loyola Maryland,2023,16668,
152,Loyola Maryland,2023,16669,
152,Loyola Maryland,2023,16670,
152,Loyola Maryland,2023,21159,
152,Loyola Maryland,2023,21160,
152,Loyola Maryland,2023,21161,
152,Loyola Maryland,2023,21162,
152,Loyola Maryland,2023,21163,
135,Kentucky,2023,475,
135,Kentucky,2023,573,
135,Kentucky,2023,724,
135,Kentucky,2023,7614,
135,Kentucky,2023,7821,
135,Kentucky,2023,7834,
135,Kentucky,2023,8327,
135,Kentucky,2023,15339,2000-11-20
135,Kentucky,2023,15340,
135,Kentucky,2023,17192,
135,Kentucky,2023,19869,2000-05-08
135,Kentucky,2023,19870,2003-10-15
135,Kentucky,2023,19871,2003-11-07
135,Kentucky,2023,19872,1999-11-27
135,Kentucky,2023,569,
5,Alabama,2023,50,
5,Alabama,2023,86,
5,Alabama,2023,87,
5,Alabama,2023,269,
5,Alabama,2023,1884,
5,Alabama,2023,3205,
5,Alabama,2023,5611,
5,Alabama,2023,5774,
5,Alabama,2023,7529,
5,Alabama,2023,16571,
5,Alabama,2023,20032,2004-07-14
5,Alabama,2023,20033,2002-11-22
5,Alabama,2023,20034,2002-03-10
5,Alabama,2023,20035,
5,Alabama,2023,20036,
5,Alabama,2023,20037,
5,Alabama,2023,20038,
5,Alabama,2023,20039,
292,Tennessee,2023,265,
292,Tennessee,2023,306,
292,Tennessee,2023,304,
292,Tennessee,2023,4040,
292,Tennessee,2023,4126,
292,Tennessee,2023,6148,
292,Tennessee,2023,7828,
292,Tennessee,2023,15276,2001-09-14
292,Tennessee,2023,15277,
292,Tennessee,2023,15278,
292,Tennessee,2023,16528,
292,Tennessee,2023,17390,2000-05-02
292,Tennessee,2023,19933,2003-11-05
292,Tennessee,2023,19934,1998-12-22
292,Tennessee,2023,19935,
292,Tennessee,2023,19936,1998-10-29
292,Tennessee,2023,19937,
292,Tennessee,2023,19938,
292,Tennessee,2023,19939,
87,Florida,2023,498,
87,Florida,2023,503,
87,Florida,2023,1324,
87,Florida,2023,4166,
87,Florida,2023,5118,
87,Florida,2023,7074,
87,Florida,2023,8237,
87,Florida,2023,16108,
87,Florida,2023,16673,
87,Florida,2023,16675,
87,Florida,2023,16754,
87,Florida,2023,21581,2000-05-25
87,Florida,2023,21582,
87,Florida,2023,21583,2003-05-06
87,Florida,2023,21584,
336,Vanderbilt,2023,23,
336,Vanderbilt,2023,64,
336,Vanderbilt,2023,589,
336,Vanderbilt,2023,3206,
336,Vanderbilt,2023,3547,
336,Vanderbilt,2023,4566,
336,Vanderbilt,2023,4931,
336,Vanderbilt,2023,5236,
336,Vanderbilt,2023,6991,
336,Vanderbilt,2023,7389,
336,Vanderbilt,2023,15964,
336,Vanderbilt,2023,16520,
336,Vanderbilt,2023,17370,
336,Vanderbilt,2023,21550,
336,Vanderbilt,2023,21551,1999-07-12
336,Vanderbilt,2023,4565,
136,LSU,2023,2166,
136,LSU,2023,3316,
136,LSU,2023,4225,
136,LSU,2023,6800,
136,LSU,2023,7156,
136,LSU,2023,7643,
136,LSU,2023,7644,
136,LSU,2023,8184,
136,LSU,2023,8326,
136,LSU,2023,8331,
136,LSU,2023,8335,
136,LSU,2023,8320,
136,LSU,2023,16522,
136,LSU,2023,17478,
136,LSU,2023,22423,1999-09-03
136,LSU,2023,22424,
136,LSU,2023,22425,
16,Auburn,2023,2,
16,Auburn,2023,8,
16,Auburn,2023,11,
16,Auburn,2023,17,
16,Auburn,2023,2963,
16,Auburn,2023,3365,
16,Auburn,2023,5610,
16,Auburn,2023,6146,
16,Auburn,2023,15232,
16,Auburn,2023,16420,2001-04-24
16,Auburn,2023,16627,
16,Auburn,2023,17215,2000-07-26
16,Auburn,2023,17216,
16,Auburn,2023,17217,
16,Auburn,2023,17219,
16,Auburn,2023,17220,
16,Auburn,2023,19976,2002-08-07
16,Auburn,2023,19977,
174,Mississippi State,2023,65,
174,Mississippi State,2023,4154,
174,Mississippi State,2023,4165,
174,Mississippi State,2023,4157,
174,Mississippi State,2023,4155,
174,Mississippi State,2023,8117,
174,Mississippi State,2023,15385,
174,Mississippi State,2023,17606,1999-12-28
174,Mississippi State,2023,17607,
174,Mississippi State,2023,17608,
174,Mississippi State,2023,17610,2000-07-26
174,Mississippi State,2023,21028,
174,Mississippi State,2023,21029,
174,Mississippi State,2023,21030,
174,Mississippi State,2023,21031,
174,Mississippi State,2023,21032,
98,Georgia,2023,28,
98,Georgia,2023,33,
98,Georgia,2023,3143,
98,Georgia,2023,3422,
98,Georgia,2023,4269,
98,Georgia,2023,4637,
98,Georgia,2023,6150,
98,Georgia,2023,8381,
98,Georgia,2023,17353,
98,Georgia,2023,21573,2000-09-07
98,Georgia,2023,21574,
98,Georgia,2023,21575,
98,Georgia,2023,21576,
98,Georgia,2023,21577,
220,Ole Miss,2023,111,
220,Ole Miss,2023,597,
220,Ole Miss,2023,599,
220,Ole Miss,2023,600,
220,Ole Miss,2023,604,
220,Ole Miss,2023,591,
220,Ole Miss,2023,3103,
220,Ole Miss,2023,3634,
220,Ole Miss,2023,7599,
220,Ole Miss,2023,17357,
220,Ole Miss,2023,21950,2000-02-12
220,Ole Miss,2023,21951,
220,Ole Miss,2023,21952,
220,Ole Miss,2023,21953,
220,Ole Miss,2023,21954,
220,Ole Miss,2023,23805,
220,Ole Miss,2023,23806,
12,Arkansas,2023,4913,
12,Arkansas,2023,4981,
12,Arkansas,2023,4982,
12,Arkansas,2023,6672,
12,Arkansas,2023,7829,
12,Arkansas,2023,15311,
12,Arkansas,2023,15312,
12,Arkansas,2023,15313,
12,Arkansas,2023,16368,
12,Arkansas,2023,19921,
12,Arkansas,2023,19922,2004-01-20
12,Arkansas,2023,19923,2001-08-03
12,Arkansas,2023,19924,2004-03-03
12,Arkansas,2023,19925,2004-04-18
12,Arkansas,2023,7827,
266,South Carolina,2023,595,
266,South Carolina,2023,2884,
266,South Carolina,2023,3207,
266,South Carolina,2023,3210,
266,South Carolina,2023,3214,
266,South Carolina,2023,5494,
266,South Carolina,2023,5603,
266,South Carolina,2023,7309,
266,South Carolina,2023,15850,
266,South Carolina,2023,15854,
266,South Carolina,2023,17441,
266,South Carolina,2023,421,
266,South Carolina,2023,22294,2004-12-17
266,South Carolina,2023,22295,
293,Texas A&M,2023,318,
293,Texas A&M,2023,321,
293,Texas A&M,2023,322,
293,Texas A&M,2023,323,
293,Texas A&M,2023,325,
293,Texas A&M,2023,330,
293,Texas A&M,2023,3011,
293,Texas A&M,2023,4237,
293,Texas A&M,2023,4564,
293,Texas A&M,2023,6470,
293,Texas A&M,2023,15325,1999-04-22
293,Texas A&M,2023,15327,
293,Texas A&M,2023,21556,1999-02-09
293,Texas A&M,2023,21557,
293,Texas A&M,2023,21558,
293,Texas A&M,2023,21559,
293,Texas A&M,2023,5147,
293,Texas A&M,2023,320,
177,Missouri,2023,284,
177,Missouri,2023,2508,
177,Missouri,2023,4640,
177,Missouri,2023,5500,
177,Missouri,2023,6398,
177,Missouri,2023,15969,2001-01-01
177,Missouri,2023,16433,
177,Missouri,2023,16434,1999-11-17
177,Missouri,2023,16435,
177,Missouri,2023,21564,2000-01-01
177,Missouri,2023,21565,
177,Missouri,2023,21566,1998-12-20
177,Missouri,2023,21567,
177,Missouri,2023,21568,2000-05-03
177,Missouri,2023,21569,
274,Southern,2023,12419,
274,Southern,2023,15273,
274,Southern,2023,16052,
274,Southern,2023,16941,
274,Southern,2023,16946,
274,Southern,2023,16947,
274,Southern,2023,16948,
274,Southern,2023,22147,
274,Southern,2023,22148,
274,Southern,2023,22149,
274,Southern,2023,22150,
274,Southern,2023,22151,
274,Southern,2023,22152,
274,Southern,2023,22153,
274,Southern,2023,22154,
274,Southern,2023,2812,
296,Texas Southern,2023,601,
296,Texas Southern,2023,4054,
296,Texas Southern,2023,5656,
296,Texas Southern,2023,17002,
296,Texas Southern,2023,17003,
296,Texas Southern,2023,22055,1999-03-29
296,Texas Southern,2023,22056,
296,Texas Southern,2023,22057,
296,Texas Southern,2023,22058,
296,Texas Southern,2023,25587,
296,Texas Southern,2023,4050,
296,Texas Southern,2023,4051,
296,Texas Southern,2023,4063,
126,Jackson State,2023,96,
126,Jackson State,2023,106,
126,Jackson State,2023,107,
126,Jackson State,2023,99,
126,Jackson State,2023,104,
126,Jackson State,2023,3924,
126,Jackson State,2023,4857,
126,Jackson State,2023,5969,
126,Jackson State,2023,6575,
126,Jackson State,2023,16562,
126,Jackson State,2023,16564,
126,Jackson State,2023,16567,
126,Jackson State,2023,21200,
126,Jackson State,2023,21201,
126,Jackson State,2023,21202,
7,Alcorn State,2023,4765,
7,Alcorn State,2023,5560,
7,Alcorn State,2023,6569,
7,Alcorn State,2023,6574,
7,Alcorn State,2023,9455,
7,Alcorn State,2023,15303,
7,Alcorn State,2023,15306,
7,Alcorn State,2023,15345,
7,Alcorn State,2023,17005,
7,Alcorn State,2023,21940,
7,Alcorn State,2023,21941,
7,Alcorn State,2023,21942,
7,Alcorn State,2023,21943,
7,Alcorn State,2023,21944,
7,Alcorn State,2023,21945,
7,Alcorn State,2023,21946,
7,Alcorn State,2023,21949,
6,Alabama State,2023,137,
6,Alabama State,2023,4057,
6,Alabama State,2023,4058,
6,Alabama State,2023,7340,
6,Alabama State,2023,16413,
6,Alabama State,2023,16414,
6,Alabama State,2023,16418,
6,Alabama State,2023,16561,
6,Alabama State,2023,19023,
6,Alabama State,2023,21101,
6,Alabama State,2023,21102,
6,Alabama State,2023,21103,
6,Alabama State,2023,21104,
6,Alabama State,2023,21105,
6,Alabama State,2023,23862,
6,Alabama State,2023,23886,
6,Alabama State,2023,7341,
6,Alabama State,2023,7339,
103,Grambling,2023,6006,
103,Grambling,2023,6210,
103,Grambling,2023,9732,
103,Grambling,2023,16335,
103,Grambling,2023,16336,
103,Grambling,2023,16337,
103,Grambling,2023,16339,
103,Grambling,2023,16341,
103,Grambling,2023,16342,
103,Grambling,2023,16343,
103,Grambling,2023,21287,
103,Grambling,2023,21288,
103,Grambling,2023,21289,
103,Grambling,2023,21290,
103,Grambling,2023,21291,
175,Mississippi Valley State,2023,126,
175,Mississippi Valley State,2023,127,
175,Mississippi Valley State,2023,134,
175,Mississippi Valley State,2023,130,
175,Mississippi Valley State,2023,7371,
175,Mississippi Valley State,2023,16509,
175,Mississippi Valley State,2023,16511,
175,Mississippi Valley State,2023,16512,
175,Mississippi Valley State,2023,16515,
175,Mississippi Valley State,2023,16517,
175,Mississippi Valley State,2023,16518,
175,Mississippi Valley State,2023,16798,
175,Mississippi Valley State,2023,19873,
175,Mississippi Valley State,2023,19874,
175,Mississippi Valley State,2023,19875,
175,Mississippi Valley State,2023,19876,
175,Mississippi Valley State,2023,19877,
175,Mississippi Valley State,2023,19878,
232,Prairie View A&M,2023,6421,
232,Prairie View A&M,2023,15301,
232,Prairie View A&M,2023,15484,
232,Prairie View A&M,2023,15489,
232,Prairie View A&M,2023,20101,
232,Prairie View A&M,2023,20102,
232,Prairie View A&M,2023,20103,
232,Prairie View A&M,2023,20104,
232,Prairie View A&M,2023,20105,
232,Prairie View A&M,2023,20106,
232,Prairie View A&M,2023,20107,
232,Prairie View A&M,2023,20108,
232,Prairie View A&M,2023,20109,
232,Prairie View A&M,2023,20110,
232,Prairie View A&M,2023,20114,
232,Prairie View A&M,2023,20115,
4,Alabama A&M,2023,5373,
4,Alabama A&M,2023,8638,
4,Alabama A&M,2023,8649,
4,Alabama A&M,2023,8650,
4,Alabama A&M,2023,8652,
4,Alabama A&M,2023,15228,
4,Alabama A&M,2023,17136,
4,Alabama A&M,2023,17723,
4,Alabama A&M,2023,17724,
4,Alabama A&M,2023,17725,
4,Alabama A&M,2023,17726,
4,Alabama A&M,2023,17727,
4,Alabama A&M,2023,17728,
4,Alabama A&M,2023,17729,
4,Alabama A&M,2023,22653,
4,Alabama A&M,2023,22654,
4,Alabama A&M,2023,22655,
14,Arkansas-Pine Bluff,2023,450,
14,Arkansas-Pine Bluff,2023,451,
14,Arkansas-Pine Bluff,2023,463,
14,Arkansas-Pine Bluff,2023,3303,
14,Arkansas-Pine Bluff,2023,4267,
14,Arkansas-Pine Bluff,2023,16426,
14,Arkansas-Pine Bluff,2023,16428,
14,Arkansas-Pine Bluff,2023,16431,
14,Arkansas-Pine Bluff,2023,16432,
14,Arkansas-Pine Bluff,2023,19964,
14,Arkansas-Pine Bluff,2023,19965,
14,Arkansas-Pine Bluff,2023,19967,
14,Arkansas-Pine Bluff,2023,19968,
14,Arkansas-Pine Bluff,2023,19969,
14,Arkansas-Pine Bluff,2023,19966,
23,Bethune-Cookman,2023,343,
23,Bethune-Cookman,2023,1471,
23,Bethune-Cookman,2023,4104,
23,Bethune-Cookman,2023,16037,
23,Bethune-Cookman,2023,16425,
23,Bethune-Cookman,2023,16701,
23,Bethune-Cookman,2023,16703,
23,Bethune-Cookman,2023,16704,
23,Bethune-Cookman,2023,16706,
23,Bethune-Cookman,2023,20836,
23,Bethune-Cookman,2023,20837,
23,Bethune-Cookman,2023,20838,
23,Bethune-Cookman,2023,20839,
23,Bethune-Cookman,2023,20840,
23,Bethune-Cookman,2023,20841,
23,Bethune-Cookman,2023,7580,
85,Florida A&M,2023,1887,
85,Florida A&M,2023,2211,
85,Florida A&M,2023,5659,
85,Florida A&M,2023,5665,
85,Florida A&M,2023,5668,
85,Florida A&M,2023,13907,
85,Florida A&M,2023,16805,
85,Florida A&M,2023,17203,
85,Florida A&M,2023,17204,
85,Florida A&M,2023,17206,
85,Florida A&M,2023,17207,
85,Florida A&M,2023,17211,
85,Florida A&M,2023,22064,
85,Florida A&M,2023,22065,
85,Florida A&M,2023,22066,
85,Florida A&M,2023,22067,
85,Florida A&M,2023,22068,
85,Florida A&M,2023,22069,
85,Florida A&M,2023,22070,
85,Florida A&M,2023,25603,
85,Florida A&M,2023,5664,
49,Chattanooga,2023,501,
49,Chattanooga,2023,717,
49,Chattanooga,2023,2243,
49,Chattanooga,2023,4917,
49,Chattanooga,2023,7073,
49,Chattanooga,2023,16576,
49,Chattanooga,2023,20998,1999-11-05
49,Chattanooga,2023,20999,
49,Chattanooga,2023,21000,
49,Chattanooga,2023,21001,
49,Chattanooga,2023,21002,
49,Chattanooga,2023,21003,
49,Chattanooga,2023,21004,
49,Chattanooga,2023,21005,
49,Chattanooga,2023,21006,
299,The Citadel,2023,731,
299,The Citadel,2023,1043,
299,The Citadel,2023,2456,
299,The Citadel,2023,5725,
299,The Citadel,2023,5730,
299,The Citadel,2023,5736,
299,The Citadel,2023,15279,
299,The Citadel,2023,15792,
299,The Citadel,2023,15846,
299,The Citadel,2023,15965,
299,The Citadel,2023,15966,
299,The Citadel,2023,20871,
299,The Citadel,2023,20872,
299,The Citadel,2023,20873,
299,The Citadel,2023,20874,
299,The Citadel,2023,20875,
299,The Citadel,2023,20876,
299,The Citadel,2023,20877,
348,Western Carolina,2023,246,
348,Western Carolina,2023,2505,
348,Western Carolina,2023,2507,
348,Western Carolina,2023,3716,
348,Western Carolina,2023,3720,
348,Western Carolina,2023,3715,
348,Western Carolina,2023,7385,
348,Western Carolina,2023,16162,
348,Western Carolina,2023,17314,2000-10-06
348,Western Carolina,2023,17315,
348,Western Carolina,2023,17316,
348,Western Carolina,2023,17343,
348,Western Carolina,2023,21570,
348,Western Carolina,2023,21571,
348,Western Carolina,2023,21572,
348,Western Carolina,2023,3713,
356,Wofford,2023,952,
356,Wofford,2023,954,
356,Wofford,2023,956,
356,Wofford,2023,962,
356,Wofford,2023,2551,
356,Wofford,2023,4147,
356,Wofford,2023,4805,
356,Wofford,2023,6076,
356,Wofford,2023,6875,
356,Wofford,2023,8303,
356,Wofford,2023,15847,
356,Wofford,2023,20542,
356,Wofford,2023,20543,
356,Wofford,2023,20544,
356,Wofford,2023,20545,
356,Wofford,2023,20546,
320,UNC Greensboro,2023,596,
320,UNC Greensboro,2023,2237,
320,UNC Greensboro,2023,2238,
320,UNC Greensboro,2023,2239,
320,UNC Greensboro,2023,2240,
320,UNC Greensboro,2023,2247,
320,UNC Greensboro,2023,15950,
320,UNC Greensboro,2023,17841,
320,UNC Greensboro,2023,17842,
320,UNC Greensboro,2023,20124,
320,UNC Greensboro,2023,20125,
320,UNC Greensboro,2023,20126,
320,UNC Greensboro,2023,20127,
320,UNC Greensboro,2023,20128,
320,UNC Greensboro,2023,20129,
93,Furman,2023,18,
93,Furman,2023,2062,
93,Furman,2023,2070,
93,Furman,2023,2061,
93,Furman,2023,3854,
93,Furman,2023,4068,
93,Furman,2023,5529,
93,Furman,2023,5553,
93,Furman,2023,20773,1999-10-22
93,Furman,2023,20774,2000-01-19
93,Furman,2023,20775,
93,Furman,2023,20776,
93,Furman,2023,20777,
93,Furman,2023,20778,
93,Furman,2023,2069,
256,Samford,2023,426,
256,Samford,2023,3075,
256,Samford,2023,3680,
256,Samford,2023,3686,
256,Samford,2023,3687,
256,Samford,2023,3691,
256,Samford,2023,3679,
256,Samford,2023,7127,
256,Samford,2023,7621,
256,Samford,2023,10263,
256,Samford,2023,15226,
256,Samford,2023,15229,
256,Samford,2023,15231,
256,Samford,2023,21213,
256,Samford,2023,21214,
256,Samford,2023,21215,
256,Samford,2023,21216,
256,Samford,2023,21217,
256,Samford,2023,21218,
256,Samford,2023,21219,
256,Samford,2023,21220,
164,Mercer,2023,97,
164,Mercer,2023,2430,
164,Mercer,2023,4177,
164,Mercer,2023,5130,
164,Mercer,2023,8666,
164,Mercer,2023,8662,
164,Mercer,2023,15686,
164,Mercer,2023,15689,
164,Mercer,2023,16290,
164,Mercer,2023,16442,
164,Mercer,2023,17319,
164,Mercer,2023,22272,
164,Mercer,2023,22273,
164,Mercer,2023,22274,
164,Mercer,2023,22275,
164,Mercer,2023,22276,
164,Mercer,2023,22277,
162,McNeese,2023,1275,
162,McNeese,2023,3666,
162,McNeese,2023,6393,
162,McNeese,2023,6423,
162,McNeese,2023,6450,
162,McNeese,2023,7558,
162,McNeese,2023,16106,
162,McNeese,2023,16110,
162,McNeese,2023,21352,
162,McNeese,2023,21353,
162,McNeese,2023,21354,
162,McNeese,2023,21355,
162,McNeese,2023,21356,
162,McNeese,2023,21357,
162,McNeese,2023,21358,
162,McNeese,2023,21359,
211,Northwestern State,2023,1986,
211,Northwestern State,2023,4749,
211,Northwestern State,2023,4759,
211,Northwestern State,2023,6211,
211,Northwestern State,2023,16186,
211,Northwestern State,2023,16748,
211,Northwestern State,2023,16749,
211,Northwestern State,2023,16750,
211,Northwestern State,2023,16751,
211,Northwestern State,2023,17374,
211,Northwestern State,2023,20070,
211,Northwestern State,2023,20071,
211,Northwestern State,2023,20072,
211,Northwestern State,2023,20073,
211,Northwestern State,2023,20074,
195,Nicholls,2023,3757,
195,Nicholls,2023,6426,
195,Nicholls,2023,6431,
195,Nicholls,2023,16034,
195,Nicholls,2023,16353,
195,Nicholls,2023,16905,
195,Nicholls,2023,16907,
195,Nicholls,2023,17378,
195,Nicholls,2023,19594,
195,Nicholls,2023,19982,
195,Nicholls,2023,19983,
195,Nicholls,2023,19984,
195,Nicholls,2023,19985,
195,Nicholls,2023,19986,
195,Nicholls,2023,19987,
246,SE Louisiana,2023,2870,
246,SE Louisiana,2023,5739,
246,SE Louisiana,2023,6119,
246,SE Louisiana,2023,6124,
246,SE Louisiana,2023,15763,
246,SE Louisiana,2023,15764,
246,SE Louisiana,2023,15765,
246,SE Louisiana,2023,15767,
246,SE Louisiana,2023,21681,
246,SE Louisiana,2023,21682,
246,SE Louisiana,2023,21683,
246,SE Louisiana,2023,21684,
246,SE Louisiana,2023,21685,
246,SE Louisiana,2023,21686,
246,SE Louisiana,2023,21687,
294,Texas A&M-Corpus Christi,2023,258,
294,Texas A&M-Corpus Christi,2023,351,
294,Texas A&M-Corpus Christi,2023,353,
294,Texas A&M-Corpus Christi,2023,363,
294,Texas A&M-Corpus Christi,2023,4659,
294,Texas A&M-Corpus Christi,2023,4667,
294,Texas A&M-Corpus Christi,2023,16953,
294,Texas A&M-Corpus Christi,2023,17008,
294,Texas A&M-Corpus Christi,2023,17375,
294,Texas A&M-Corpus Christi,2023,17379,
294,Texas A&M-Corpus Christi,2023,21022,
294,Texas A&M-Corpus Christi,2023,21023,
294,Texas A&M-Corpus Christi,2023,21024,
294,Texas A&M-Corpus Christi,2023,21025,
294,Texas A&M-Corpus Christi,2023,21026,
294,Texas A&M-Corpus Christi,2023,21027,2000-07-17
193,New Orleans,2023,3918,
193,New Orleans,2023,7598,
193,New Orleans,2023,7608,
193,New Orleans,2023,16289,
193,New Orleans,2023,16291,
193,New Orleans,2023,16292,
193,New Orleans,2023,16294,
193,New Orleans,2023,16297,
193,New Orleans,2023,16299,
193,New Orleans,2023,16300,
193,New Orleans,2023,16301,
193,New Orleans,2023,20210,
193,New Orleans,2023,20211,
193,New Orleans,2023,20212,
193,New Orleans,2023,20213,
193,New Orleans,2023,20214,
193,New Orleans,2023,20215,
193,New Orleans,2023,20216,
120,Incarnate Word,2023,1030,
120,Incarnate Word,2023,2284,
120,Incarnate Word,2023,5563,
120,Incarnate Word,2023,7141,
120,Incarnate Word,2023,15356,
120,Incarnate Word,2023,15357,
120,Incarnate Word,2023,17465,
120,Incarnate Word,2023,21694,
120,Incarnate Word,2023,21695,
120,Incarnate Word,2023,21696,
120,Incarnate Word,2023,21697,
120,Incarnate Word,2023,21698,
120,Incarnate Word,2023,21699,
120,Incarnate Word,2023,21701,
120,Incarnate Word,2023,21702,
120,Incarnate Word,2023,21703,
120,Incarnate Word,2023,25568,
112,Houston Christian,2023,223,
112,Houston Christian,2023,5278,
112,Houston Christian,2023,5279,
112,Houston Christian,2023,5280,
112,Houston Christian,2023,7654,
112,Houston Christian,2023,15408,
112,Houston Christian,2023,16222,
112,Houston Christian,2023,16544,
112,Houston Christian,2023,16886,
112,Houston Christian,2023,16887,
112,Houston Christian,2023,16888,
112,Houston Christian,2023,16889,
112,Houston Christian,2023,16891,
112,Houston Christian,2023,16892,
112,Houston Christian,2023,20568,
112,Houston Christian,2023,20569,
112,Houston Christian,2023,20570,
112,Houston Christian,2023,20571,
76,East Texas A&M,2023,1283,
76,East Texas A&M,2023,1367,
76,East Texas A&M,2023,5466,
76,East Texas A&M,2023,15316,
76,East Texas A&M,2023,15317,
76,East Texas A&M,2023,15319,
76,East Texas A&M,2023,15322,
76,East Texas A&M,2023,21704,
76,East Texas A&M,2023,21705,
76,East Texas A&M,2023,21706,
76,East Texas A&M,2023,21707,
76,East Texas A&M,2023,21708,
76,East Texas A&M,2023,21709,
76,East Texas A&M,2023,21710,
76,East Texas A&M,2023,21711,
349,Western Illinois,2023,6009,
349,Western Illinois,2023,13908,
349,Western Illinois,2023,16474,
349,Western Illinois,2023,16477,
349,Western Illinois,2023,16480,
349,Western Illinois,2023,16482,
349,Western Illinois,2023,16483,
349,Western Illinois,2023,16484,
349,Western Illinois,2023,21234,
349,Western Illinois,2023,21235,
349,Western Illinois,2023,21236,
349,Western Illinois,2023,21237,
349,Western Illinois,2023,21238,
349,Western Illinois,2023,21239,
349,Western Illinois,2023,21240,
349,Western Illinois,2023,21241,
270,South Dakota State,2023,60,
270,South Dakota State,2023,534,
270,South Dakota State,2023,1290,
270,South Dakota State,2023,1294,
270,South Dakota State,2023,16970,
270,South Dakota State,2023,16971,
270,South Dakota State,2023,16972,
270,South Dakota State,2023,16974,
270,South Dakota State,2023,16975,
270,South Dakota State,2023,20345,
270,South Dakota State,2023,20346,
270,South Dakota State,2023,20347,
270,South Dakota State,2023,20348,
202,North Dakota State,2023,90,
202,North Dakota State,2023,3467,
202,North Dakota State,2023,4313,
202,North Dakota State,2023,4317,
202,North Dakota State,2023,4365,
202,North Dakota State,2023,4371,
202,North Dakota State,2023,4604,
202,North Dakota State,2023,5581,
202,North Dakota State,2023,16011,
202,North Dakota State,2023,16012,
202,North Dakota State,2023,19920,
202,North Dakota State,2023,4363,
202,North Dakota State,2023,4376,
269,South Dakota,2023,5649,
269,South Dakota,2023,6467,
269,South Dakota,2023,6474,
269,South Dakota,2023,6476,
269,South Dakota,2023,16881,
269,South Dakota,2023,16883,
269,South Dakota,2023,16884,
269,South Dakota,2023,16885,
269,South Dakota,2023,17368,
269,South Dakota,2023,21735,
269,South Dakota,2023,21736,
269,South Dakota,2023,21737,
269,South Dakota,2023,21738,2000-11-23
269,South Dakota,2023,21739,
269,South Dakota,2023,21740,
269,South Dakota,2023,21741,
221,Omaha,2023,1470,
221,Omaha,2023,2471,
221,Omaha,2023,3371,
221,Omaha,2023,4311,
221,Omaha,2023,4321,
221,Omaha,2023,4314,
221,Omaha,2023,4315,
221,Omaha,2023,16831,
221,Omaha,2023,18134,
221,Omaha,2023,19883,
221,Omaha,2023,19884,
221,Omaha,2023,19885,
221,Omaha,2023,19886,
221,Omaha,2023,19887,
221,Omaha,2023,19888,
221,Omaha,2023,19889,
68,Denver,2023,891,
68,Denver,2023,901,
68,Denver,2023,5458,
68,Denver,2023,5595,
68,Denver,2023,6759,
68,Denver,2023,17124,
68,Denver,2023,17127,
68,Denver,2023,17128,
68,Denver,2023,17129,
68,Denver,2023,20592,
68,Denver,2023,20593,
68,Denver,2023,20594,
68,Denver,2023,20595,
68,Denver,2023,20596,
68,Denver,2023,20597,
68,Denver,2023,20598,
201,North Dakota,2023,5271,
201,North Dakota,2023,6773,
201,North Dakota,2023,6777,
201,North Dakota,2023,7388,
201,North Dakota,2023,15793,
201,North Dakota,2023,17358,
201,North Dakota,2023,17359,
201,North Dakota,2023,17360,
201,North Dakota,2023,21688,
201,North Dakota,2023,21689,
201,North Dakota,2023,21690,
201,North Dakota,2023,21691,
201,North Dakota,2023,21692,
201,North Dakota,2023,21693,
280,St. Thomas-Minnesota,2023,5283,
280,St. Thomas-Minnesota,2023,6287,
280,St. Thomas-Minnesota,2023,6288,
280,St. Thomas-Minnesota,2023,6297,
280,St. Thomas-Minnesota,2023,6284,
280,St. Thomas-Minnesota,2023,8192,
280,St. Thomas-Minnesota,2023,16912,
280,St. Thomas-Minnesota,2023,16913,
280,St. Thomas-Minnesota,2023,16915,
280,St. Thomas-Minnesota,2023,16916,
280,St. Thomas-Minnesota,2023,16917,
280,St. Thomas-Minnesota,2023,19916,
280,St. Thomas-Minnesota,2023,19917,
280,St. Thomas-Minnesota,2023,6296,
265,South Alabama,2023,793,
265,South Alabama,2023,4919,
265,South Alabama,2023,4920,
265,South Alabama,2023,4921,
265,South Alabama,2023,5660,
265,South Alabama,2023,16348,
265,South Alabama,2023,22400,
265,South Alabama,2023,22401,
265,South Alabama,2023,22402,
265,South Alabama,2023,22403,
265,South Alabama,2023,22404,
265,South Alabama,2023,16346,
148,Louisiana,2023,289,
148,Louisiana,2023,1274,
148,Louisiana,2023,3013,
148,Louisiana,2023,4856,
148,Louisiana,2023,4861,
148,Louisiana,2023,4862,
148,Louisiana,2023,4867,
148,Louisiana,2023,4852,
148,Louisiana,2023,4979,
148,Louisiana,2023,16572,
148,Louisiana,2023,16811,
148,Louisiana,2023,21658,
148,Louisiana,2023,21659,
148,Louisiana,2023,21660,
13,Arkansas State,2023,521,
13,Arkansas State,2023,1801,
13,Arkansas State,2023,4980,
13,Arkansas State,2023,4984,
13,Arkansas State,2023,4986,
13,Arkansas State,2023,6581,
13,Arkansas State,2023,16503,
13,Arkansas State,2023,16506,
13,Arkansas State,2023,19025,
13,Arkansas State,2023,21406,
13,Arkansas State,2023,21407,
13,Arkansas State,2023,21408,
13,Arkansas State,2023,21409,
13,Arkansas State,2023,21410,
13,Arkansas State,2023,21411,
13,Arkansas State,2023,21412,
302,Troy,2023,524,
302,Troy,2023,2533,
302,Troy,2023,4884,
302,Troy,2023,6235,
302,Troy,2023,6381,
302,Troy,2023,6684,
302,Troy,2023,15455,
302,Troy,2023,15456,
302,Troy,2023,15457,
302,Troy,2023,20323,
302,Troy,2023,20324,
302,Troy,2023,20325,
302,Troy,2023,20326,
302,Troy,2023,20327,
302,Troy,2023,20328,
302,Troy,2023,20329,
302,Troy,2023,20330,
302,Troy,2023,22551,
316,UL Monroe,2023,5122,
316,UL Monroe,2023,5960,
316,UL Monroe,2023,5961,
316,UL Monroe,2023,5963,
316,UL Monroe,2023,5968,
316,UL Monroe,2023,15263,
316,UL Monroe,2023,15264,
316,UL Monroe,2023,15265,
316,UL Monroe,2023,15266,
316,UL Monroe,2023,16344,
316,UL Monroe,2023,21552,
316,UL Monroe,2023,21553,
316,UL Monroe,2023,21554,
316,UL Monroe,2023,21555,
297,Texas State,2023,752,
297,Texas State,2023,1873,
297,Texas State,2023,2038,
297,Texas State,2023,4224,
297,Texas State,2023,4497,
297,Texas State,2023,4883,
297,Texas State,2023,4887,
297,Texas State,2023,4893,
297,Texas State,2023,7056,
297,Texas State,2023,16944,
297,Texas State,2023,20974,
297,Texas State,2023,20975,
297,Texas State,2023,20976,
297,Texas State,2023,20977,
99,Georgia Southern,2023,2598,
99,Georgia Southern,2023,2608,
99,Georgia Southern,2023,3443,
99,Georgia Southern,2023,3957,
99,Georgia Southern,2023,8656,
99,Georgia Southern,2023,9378,
99,Georgia Southern,2023,15829,
99,Georgia Southern,2023,16209,
99,Georgia Southern,2023,17784,
99,Georgia Southern,2023,22297,
99,Georgia Southern,2023,22298,
99,Georgia Southern,2023,22299,
99,Georgia Southern,2023,22300,
99,Georgia Southern,2023,22301,
99,Georgia Southern,2023,22302,
9,App State,2023,195,
9,App State,2023,525,
9,App State,2023,1352,
9,App State,2023,4265,
9,App State,2023,12384,
9,App State,2023,17256,
9,App State,2023,17257,
9,App State,2023,17260,
9,App State,2023,17261,
9,App State,2023,18623,
9,App State,2023,20205,
9,App State,2023,20206,
9,App State,2023,20207,
9,App State,2023,20208,1999-09-13
9,App State,2023,20209,
54,Coastal Carolina,2023,667,
54,Coastal Carolina,2023,2510,
54,Coastal Carolina,2023,3965,
54,Coastal Carolina,2023,5125,
54,Coastal Carolina,2023,7027,
54,Coastal Carolina,2023,15577,
54,Coastal Carolina,2023,15579,
54,Coastal Carolina,2023,15582,
54,Coastal Carolina,2023,18619,
54,Coastal Carolina,2023,20289,
54,Coastal Carolina,2023,20290,
54,Coastal Carolina,2023,20291,
54,Coastal Carolina,2023,20292,
54,Coastal Carolina,2023,20293,
129,James Madison,2023,578,
129,James Madison,2023,2565,
129,James Madison,2023,2573,
129,James Madison,2023,2574,
129,James Madison,2023,3417,
129,James Madison,2023,4411,
129,James Madison,2023,4568,
129,James Madison,2023,15238,
129,James Madison,2023,15240,
129,James Madison,2023,15242,
129,James Madison,2023,20118,
129,James Madison,2023,20119,
129,James Madison,2023,20120,
129,James Madison,2023,20121,
129,James Madison,2023,20122,
129,James Madison,2023,20123,
129,James Madison,2023,7778,
275,Southern Miss,2023,4946,
275,Southern Miss,2023,4949,
275,Southern Miss,2023,16372,
275,Southern Miss,2023,16374,
275,Southern Miss,2023,16375,
275,Southern Miss,2023,16376,
275,Southern Miss,2023,16378,
275,Southern Miss,2023,21432,
275,Southern Miss,2023,21433,1998-03-19
275,Southern Miss,2023,21434,
275,Southern Miss,2023,21435,
275,Southern Miss,2023,21436,
275,Southern Miss,2023,21437,
275,Southern Miss,2023,4942,
275,Southern Miss,2023,4957,
275,Southern Miss,2023,4958,
158,Marshall,2023,506,
158,Marshall,2023,1885,
158,Marshall,2023,1872,
158,Marshall,2023,1874,
158,Marshall,2023,2926,
158,Marshall,2023,3041,
158,Marshall,2023,3722,
158,Marshall,2023,13462,
158,Marshall,2023,16004,
158,Marshall,2023,16007,
158,Marshall,2023,16008,
158,Marshall,2023,16009,
158,Marshall,2023,17609,
158,Marshall,2023,20737,2000-03-10
192,New Mexico State,2023,287,
192,New Mexico State,2023,6654,
192,New Mexico State,2023,6673,
192,New Mexico State,2023,7374,
192,New Mexico State,2023,7378,
192,New Mexico State,2023,15082,
192,New Mexico State,2023,15583,
192,New Mexico State,2023,16406,2001-01-10
192,New Mexico State,2023,17332,
192,New Mexico State,2023,21816,
192,New Mexico State,2023,21817,
192,New Mexico State,2023,21818,2000-06-23
192,New Mexico State,2023,21819,
192,New Mexico State,2023,21820,
192,New Mexico State,2023,21824,
192,New Mexico State,2023,21825,
332,Utah Valley,2023,464,
332,Utah Valley,2023,2506,
332,Utah Valley,2023,4435,
332,Utah Valley,2023,4437,
332,Utah Valley,2023,15421,
332,Utah Valley,2023,15930,
332,Utah Valley,2023,15934,
332,Utah Valley,2023,16543,
332,Utah Valley,2023,17843,
332,Utah Valley,2023,21887,
332,Utah Valley,2023,21888,
332,Utah Valley,2023,21889,
332,Utah Valley,2023,21890,
332,Utah Valley,2023,21891,
332,Utah Valley,2023,21892,
332,Utah Valley,2023,21893,
332,Utah Valley,2023,21894,
326,UT Rio Grande Valley,2023,2606,
326,UT Rio Grande Valley,2023,4875,
326,UT Rio Grande Valley,2023,5375,
326,UT Rio Grande Valley,2023,5566,
326,UT Rio Grande Valley,2023,5761,
326,UT Rio Grande Valley,2023,6960,
326,UT Rio Grande Valley,2023,16176,
326,UT Rio Grande Valley,2023,16178,
326,UT Rio Grande Valley,2023,16180,
326,UT Rio Grande Valley,2023,16181,
326,UT Rio Grande Valley,2023,21929,
326,UT Rio Grande Valley,2023,21930,1999-08-11
326,UT Rio Grande Valley,2023,21931,
326,UT Rio Grande Valley,2023,21932,
326,UT Rio Grande Valley,2023,21933,
39,California Baptist,2023,2808,
39,California Baptist,2023,5815,
39,California Baptist,2023,17041,
39,California Baptist,2023,17044,
39,California Baptist,2023,17046,
39,California Baptist,2023,17047,
39,California Baptist,2023,17049,
39,California Baptist,2023,17051,
39,California Baptist,2023,22101,
39,California Baptist,2023,22102,
39,California Baptist,2023,22103,
39,California Baptist,2023,22104,
39,California Baptist,2023,22105,
39,California Baptist,2023,22106,
39,California Baptist,2023,22107,
39,California Baptist,2023,22108,
39,California Baptist,2023,22109,
288,Tarleton State,2023,350,
288,Tarleton State,2023,2825,
288,Tarleton State,2023,3940,
288,Tarleton State,2023,15412,
288,Tarleton State,2023,15481,
288,Tarleton State,2023,16124,
288,Tarleton State,2023,16125,
288,Tarleton State,2023,16126,
288,Tarleton State,2023,16127,
288,Tarleton State,2023,16128,
288,Tarleton State,2023,16505,
288,Tarleton State,2023,20787,
288,Tarleton State,2023,20788,
288,Tarleton State,2023,20789,
288,Tarleton State,2023,20790,
288,Tarleton State,2023,20791,
288,Tarleton State,2023,20792,
288,Tarleton State,2023,20793,
288,Tarleton State,2023,6144,
1,Abilene Christian,2023,747,
1,Abilene Christian,2023,3746,
1,Abilene Christian,2023,5094,
1,Abilene Christian,2023,6045,
1,Abilene Christian,2023,6049,
1,Abilene Christian,2023,6058,
1,Abilene Christian,2023,6661,
1,Abilene Christian,2023,16869,
1,Abilene Christian,2023,16870,
1,Abilene Christian,2023,16872,
1,Abilene Christian,2023,16873,
1,Abilene Christian,2023,21203,
1,Abilene Christian,2023,21204,
1,Abilene Christian,2023,21206,
1,Abilene Christian,2023,21205,
282,Stephen F. Austin,2023,1351,
282,Stephen F. Austin,2023,4052,
282,Stephen F. Austin,2023,5810,
282,Stephen F. Austin,2023,5813,
282,Stephen F. Austin,2023,5822,
282,Stephen F. Austin,2023,6456,
282,Stephen F. Austin,2023,7029,
282,Stephen F. Austin,2023,7559,
282,Stephen F. Austin,2023,15321,
282,Stephen F. Austin,2023,15477,
282,Stephen F. Austin,2023,21974,
282,Stephen F. Austin,2023,21975,
282,Stephen F. Austin,2023,21976,
282,Stephen F. Austin,2023,21977,
282,Stephen F. Austin,2023,21978,
330,Utah Tech,2023,3263,
330,Utah Tech,2023,6837,
330,Utah Tech,2023,6848,
330,Utah Tech,2023,8310,
330,Utah Tech,2023,9390,
330,Utah Tech,2023,15478,
330,Utah Tech,2023,17119,
330,Utah Tech,2023,17623,
330,Utah Tech,2023,17626,
330,Utah Tech,2023,22131,
330,Utah Tech,2023,22132,
330,Utah Tech,2023,22133,
330,Utah Tech,2023,22134,
330,Utah Tech,2023,22135,
330,Utah Tech,2023,22137,
330,Utah Tech,2023,22138,
330,Utah Tech,2023,22139,
255,Sam Houston,2023,2958,
255,Sam Houston,2023,7042,
255,Sam Houston,2023,7045,
255,Sam Houston,2023,7047,
255,Sam Houston,2023,7055,
255,Sam Houston,2023,17072,
255,Sam Houston,2023,17074,
255,Sam Houston,2023,21521,
255,Sam Houston,2023,21522,
255,Sam Houston,2023,21523,
255,Sam Houston,2023,21524,
255,Sam Houston,2023,21525,
255,Sam Houston,2023,21526,
255,Sam Houston,2023,15329,
276,Southern Utah,2023,5565,
276,Southern Utah,2023,6018,
276,Southern Utah,2023,6852,
276,Southern Utah,2023,7159,
276,Southern Utah,2023,8369,
276,Southern Utah,2023,8377,
276,Southern Utah,2023,15875,
276,Southern Utah,2023,17018,
276,Southern Utah,2023,21899,
276,Southern Utah,2023,21900,
276,Southern Utah,2023,21901,2000-06-29
276,Southern Utah,2023,21902,
276,Southern Utah,2023,21903,
276,Southern Utah,2023,21904,
276,Southern Utah,2023,21905,
276,Southern Utah,2023,21906,
276,Southern Utah,2023,21907,
276,Southern Utah,2023,21908,
276,Southern Utah,2023,25700,
259,San Francisco,2023,4645,
259,San Francisco,2023,6839,
259,San Francisco,2023,7124,
259,San Francisco,2023,7360,
259,San Francisco,2023,7708,
259,San Francisco,2023,7706,
259,San Francisco,2023,7718,
259,San Francisco,2023,17025,
259,San Francisco,2023,17026,
259,San Francisco,2023,17027,
259,San Francisco,2023,22059,
259,San Francisco,2023,22060,
259,San Francisco,2023,22061,
259,San Francisco,2023,22062,
259,San Francisco,2023,22063,
261,Santa Clara,2023,823,
261,Santa Clara,2023,828,
261,Santa Clara,2023,837,
261,Santa Clara,2023,7746,
261,Santa Clara,2023,15215,2000-01-20
261,Santa Clara,2023,16250,
261,Santa Clara,2023,17402,
261,Santa Clara,2023,17627,
261,Santa Clara,2023,22097,1999-10-22
261,Santa Clara,2023,22098,2003-02-25
261,Santa Clara,2023,826,
261,Santa Clara,2023,830,
261,Santa Clara,2023,831,
261,Santa Clara,2023,835,
261,Santa Clara,2023,836,
253,Saint Mary's,2023,142,
253,Saint Mary's,2023,220,
253,Saint Mary's,2023,6886,
253,Saint Mary's,2023,6887,
253,Saint Mary's,2023,6891,
253,Saint Mary's,2023,6888,
253,Saint Mary's,2023,7795,
253,Saint Mary's,2023,8442,
253,Saint Mary's,2023,15403,2000-12-11
253,Saint Mary's,2023,15404,
253,Saint Mary's,2023,22089,
253,Saint Mary's,2023,22090,1999-10-11
253,Saint Mary's,2023,22091,
253,Saint Mary's,2023,6893,
253,Saint Mary's,2023,6895,
253,Saint Mary's,2023,6898,
102,Gonzaga,2023,180,
102,Gonzaga,2023,170,
102,Gonzaga,2023,172,
102,Gonzaga,2023,539,
102,Gonzaga,2023,5767,
102,Gonzaga,2023,5771,
102,Gonzaga,2023,8483,
102,Gonzaga,2023,17777,2000-10-06
102,Gonzaga,2023,19851,2000-09-09
102,Gonzaga,2023,19852,2002-04-18
102,Gonzaga,2023,19853,
102,Gonzaga,2023,19854,1999-12-06
102,Gonzaga,2023,19855,
102,Gonzaga,2023,19856,
102,Gonzaga,2023,19857,
102,Gonzaga,2023,177,
228,Pepperdine,2023,94,
228,Pepperdine,2023,3719,
228,Pepperdine,2023,6518,
228,Pepperdine,2023,6969,
228,Pepperdine,2023,7745,
228,Pepperdine,2023,8307,
228,Pepperdine,2023,8337,
228,Pepperdine,2023,8344,
228,Pepperdine,2023,15254,
228,Pepperdine,2023,15789,
228,Pepperdine,2023,17066,
228,Pepperdine,2023,17069,
228,Pepperdine,2023,22144,2002-07-27
228,Pepperdine,2023,22145,
228,Pepperdine,2023,22146,
153,Loyola Marymount,2023,982,
153,Loyola Marymount,2023,3299,
153,Loyola Marymount,2023,4446,
153,Loyola Marymount,2023,6958,
153,Loyola Marymount,2023,6967,
153,Loyola Marymount,2023,7142,
153,Loyola Marymount,2023,15983,
153,Loyola Marymount,2023,17157,
153,Loyola Marymount,2023,17476,
153,Loyola Marymount,2023,22082,
153,Loyola Marymount,2023,22083,
153,Loyola Marymount,2023,22084,
153,Loyola Marymount,2023,22085,
153,Loyola Marymount,2023,22086,
153,Loyola Marymount,2023,6970,
258,San Diego,2023,390,
258,San Diego,2023,7008,
258,San Diego,2023,8461,
258,San Diego,2023,8471,
258,San Diego,2023,8479,
258,San Diego,2023,8480,
258,San Diego,2023,8482,
258,San Diego,2023,22168,2000-08-31
258,San Diego,2023,22169,
258,San Diego,2023,22170,
258,San Diego,2023,22171,
258,San Diego,2023,22172,
258,San Diego,2023,22173,
258,San Diego,2023,22174,
258,San Diego,2023,22175,
258,San Diego,2023,25182,
258,San Diego,2023,25183,
258,San Diego,2023,8489,
258,San Diego,2023,8490,
230,Portland,2023,2649,
230,Portland,2023,4270,
230,Portland,2023,6641,
230,Portland,2023,6646,
230,Portland,2023,8424,
230,Portland,2023,8425,
230,Portland,2023,8426,
230,Portland,2023,8437,
230,Portland,2023,8919,
230,Portland,2023,16359,
230,Portland,2023,17139,2000-07-25
230,Portland,2023,17143,
230,Portland,2023,17187,1999-05-03
230,Portland,2023,18458,
230,Portland,2023,18536,
230,Portland,2023,22181,
230,Portland,2023,22182,
230,Portland,2023,22183,
18,BYU,2023,563,
18,BYU,2023,3420,
18,BYU,2023,4438,
18,BYU,2023,6439,
18,BYU,2023,7676,
18,BYU,2023,7679,
18,BYU,2023,7684,
18,BYU,2023,7686,
18,BYU,2023,7687,
18,BYU,2023,7673,
18,BYU,2023,7685,
18,BYU,2023,16893,
18,BYU,2023,16894,
18,BYU,2023,16895,
18,BYU,2023,21882,
18,BYU,2023,21883,
18,BYU,2023,21884,
18,BYU,2023,21886,
262,Seattle U,2023,150,
262,Seattle U,2023,8385,
262,Seattle U,2023,8388,
262,Seattle U,2023,8389,
262,Seattle U,2023,8393,
262,Seattle U,2023,17464,
262,Seattle U,2023,17611,
262,Seattle U,2023,17612,2001-02-20
262,Seattle U,2023,17613,
262,Seattle U,2023,17614,
262,Seattle U,2023,17616,
262,Seattle U,2023,22123,
262,Seattle U,2023,22124,
262,Seattle U,2023,22125,
262,Seattle U,2023,22126,
262,Seattle U,2023,22127,
262,Seattle U,2023,22128,
219,Old Dominion,2023,1402,
219,Old Dominion,2023,2645,
219,Old Dominion,2023,3009,
219,Old Dominion,2023,4097,
219,Old Dominion,2023,15482,
219,Old Dominion,2023,15993,
219,Old Dominion,2023,15994,
219,Old Dominion,2023,16559,
219,Old Dominion,2023,16667,
219,Old Dominion,2023,20581,
219,Old Dominion,2023,20582,
219,Old Dominion,2023,20583,
219,Old Dominion,2023,20584,
219,Old Dominion,2023,20585,
219,Old Dominion,2023,2644,
363,Hartford,2023,638,
363,Hartford,2023,5384,
363,Hartford,2023,5765,
363,Hartford,2023,16192,
363,Hartford,2023,16622,
363,Hartford,2023,19239,
363,Hartford,2023,22262,
363,Hartford,2023,22263,
363,Hartford,2023,22264,
363,Hartford,2023,22265,
363,Hartford,2023,22266,
363,Hartford,2023,22267,
363,Hartford,2023,22268,
363,Hartford,2023,22269,
363,Hartford,2023,22270,
363,Hartford,2023,22271,
313,UCLA,2023,532,
313,UCLA,2023,3179,
313,UCLA,2023,3555,
313,UCLA,2023,17198,
313,UCLA,2023,17199,2003-03-28
313,UCLA,2023,17201,
313,UCLA,2023,19910,2004-02-17
313,UCLA,2023,19911,2001-02-18
313,UCLA,2023,19912,2001-10-13
313,UCLA,2023,19913,2000-01-09
313,UCLA,2023,19914,
313,UCLA,2023,19915,1998-10-27
313,UCLA,2023,7028,
313,UCLA,2023,540,
313,UCLA,2023,545,
343,Washington,2023,2571,
343,Washington,2023,2809,
343,Washington,2023,3424,
343,Washington,2023,5578,
343,Washington,2023,6551,
343,Washington,2023,6836,
343,Washington,2023,7790,
343,Washington,2023,7776,
343,Washington,2023,15315,
343,Washington,2023,16350,
343,Washington,2023,16977,
343,Washington,2023,16998,
343,Washington,2023,17186,2000-08-07
343,Washington,2023,22190,1999-09-05
343,Washington,2023,22191,
343,Washington,2023,22192,
343,Washington,2023,22193,
223,Oregon,2023,2580,
223,Oregon,2023,6404,
223,Oregon,2023,7245,
223,Oregon,2023,7249,
223,Oregon,2023,8306,
223,Oregon,2023,15418,
223,Oregon,2023,15493,2001-10-19
223,Oregon,2023,15495,
223,Oregon,2023,15497,
223,Oregon,2023,15995,
223,Oregon,2023,16542,
223,Oregon,2023,17268,2004-04-20
223,Oregon,2023,22071,1999-09-03
223,Oregon,2023,22072,
223,Oregon,2023,7241,
40,California,2023,166,
40,California,2023,5042,
40,California,2023,7212,
40,California,2023,7331,
40,California,2023,7403,
40,California,2023,7551,
40,California,2023,7692,
40,California,2023,7774,
40,California,2023,8287,
40,California,2023,16051,
40,California,2023,16111,2000-03-27
40,California,2023,16922,
40,California,2023,17477,
40,California,2023,19841,
40,California,2023,22210,
40,California,2023,22211,
323,USC,2023,533,
323,USC,2023,796,
323,USC,2023,908,
323,USC,2023,1432,
323,USC,2023,4569,
323,USC,2023,5642,
323,USC,2023,7093,
323,USC,2023,7709,
323,USC,2023,8469,
323,USC,2023,15389,
323,USC,2023,15391,2000-12-12
323,USC,2023,15392,
323,USC,2023,21984,1999-11-09
224,Oregon State,2023,436,
224,Oregon State,2023,529,
224,Oregon State,2023,4854,
224,Oregon State,2023,6132,
224,Oregon State,2023,6241,
224,Oregon State,2023,6556,
224,Oregon State,2023,6854,
224,Oregon State,2023,7030,
224,Oregon State,2023,7787,
224,Oregon State,2023,8378,
224,Oregon State,2023,8446,
224,Oregon State,2023,15543,
224,Oregon State,2023,17341,
224,Oregon State,2023,22213,
224,Oregon State,2023,22214,
281,Stanford,2023,214,
281,Stanford,2023,907,
281,Stanford,2023,909,
281,Stanford,2023,914,
281,Stanford,2023,918,
281,Stanford,2023,2854,
281,Stanford,2023,3031,
281,Stanford,2023,6999,
281,Stanford,2023,7240,
281,Stanford,2023,7721,
281,Stanford,2023,15376,2002-11-27
281,Stanford,2023,17168,2001-06-14
281,Stanford,2023,17170,
281,Stanford,2023,17171,
281,Stanford,2023,17172,
281,Stanford,2023,17173,
344,Washington State,2023,143,
344,Washington State,2023,6080,
344,Washington State,2023,6701,
344,Washington State,2023,7035,
344,Washington State,2023,7243,
344,Washington State,2023,7626,
344,Washington State,2023,7839,
344,Washington State,2023,8288,
344,Washington State,2023,8916,
344,Washington State,2023,15388,2001-04-25
344,Washington State,2023,16708,
344,Washington State,2023,17177,
344,Washington State,2023,17179,
344,Washington State,2023,17180,
344,Washington State,2023,17181,
344,Washington State,2023,20978,2002-11-09
344,Washington State,2023,20979,2001-05-09
344,Washington State,2023,20980,
11,Arizona,2023,270,
11,Arizona,2023,272,
11,Arizona,2023,273,
11,Arizona,2023,278,
11,Arizona,2023,277,
11,Arizona,2023,571,
11,Arizona,2023,825,
11,Arizona,2023,5643,
11,Arizona,2023,6433,
11,Arizona,2023,7838,
11,Arizona,2023,8355,
11,Arizona,2023,15286,2001-02-23
11,Arizona,2023,19988,2002-03-22
11,Arizona,2023,19989,2000-03-03
11,Arizona,2023,19990,
11,Arizona,2023,19991,
11,Arizona,2023,19992,
11,Arizona,2023,19993,
11,Arizona,2023,19994,
11,Arizona,2023,19995,
10,Arizona State,2023,5354,
10,Arizona State,2023,5672,
10,Arizona State,2023,6414,
10,Arizona State,2023,6417,
10,Arizona State,2023,7588,
10,Arizona State,2023,7652,
10,Arizona State,2023,7653,
10,Arizona State,2023,7807,
10,Arizona State,2023,15971,2000-10-31
10,Arizona State,2023,16935,
10,Arizona State,2023,17596,2000-03-03
10,Arizona State,2023,17603,
10,Arizona State,2023,20794,2001-10-23
10,Arizona State,2023,20795,
10,Arizona State,2023,20796,1998-12-30
10,Arizona State,2023,20797,
10,Arizona State,2023,20798,
10,Arizona State,2023,20799,
10,Arizona State,2023,7647,
56,Colorado,2023,2335,
56,Colorado,2023,3416,
56,Colorado,2023,6061,
56,Colorado,2023,6599,
56,Colorado,2023,6703,
56,Colorado,2023,6704,
56,Colorado,2023,6709,
56,Colorado,2023,6710,
56,Colorado,2023,6713,
56,Colorado,2023,6716,
56,Colorado,2023,6788,
56,Colorado,2023,8234,
56,Colorado,2023,16242,2001-05-15
56,Colorado,2023,16243,2002-08-08
56,Colorado,2023,21730,
56,Colorado,2023,21731,
56,Colorado,2023,21732,
56,Colorado,2023,21733,
56,Colorado,2023,21734,
331,Utah,2023,538,
331,Utah,2023,3105,
331,Utah,2023,4935,
331,Utah,2023,5579,
331,Utah,2023,6588,
331,Utah,2023,6601,
331,Utah,2023,7674,
331,Utah,2023,7697,
331,Utah,2023,16997,1999-06-14
331,Utah,2023,16999,
331,Utah,2023,17125,
331,Utah,2023,22202,
331,Utah,2023,22203,
331,Utah,2023,22204,
331,Utah,2023,22205,
331,Utah,2023,1289,
104,Grand Canyon,2023,481,
104,Grand Canyon,2023,892,
104,Grand Canyon,2023,1077,
104,Grand Canyon,2023,6407,
104,Grand Canyon,2023,7209,
104,Grand Canyon,2023,7386,
104,Grand Canyon,2023,7584,
104,Grand Canyon,2023,16871,
104,Grand Canyon,2023,16902,1999-03-03
104,Grand Canyon,2023,16904,
104,Grand Canyon,2023,17042,
104,Grand Canyon,2023,21862,
104,Grand Canyon,2023,21863,
104,Grand Canyon,2023,21864,1999-11-29
176,Missouri State,2023,751,
176,Missouri State,2023,1492,
176,Missouri State,2023,2827,
176,Missouri State,2023,5392,
176,Missouri State,2023,5757,
176,Missouri State,2023,6216,
176,Missouri State,2023,7642,
176,Missouri State,2023,16114,
176,Missouri State,2023,16115,
176,Missouri State,2023,16116,
176,Missouri State,2023,16117,
176,Missouri State,2023,16119,
176,Missouri State,2023,16324,
176,Missouri State,2023,17024,2001-10-29
176,Missouri State,2023,22406,
176,Missouri State,2023,22407,
161,Massachusetts,2023,257,
161,Massachusetts,2023,517,
161,Massachusetts,2023,1426,
161,Massachusetts,2023,2886,
161,Massachusetts,2023,3292,
161,Massachusetts,2023,4978,
161,Massachusetts,2023,5823,
161,Massachusetts,2023,6147,
161,Massachusetts,2023,15324,
161,Massachusetts,2023,15899,
161,Massachusetts,2023,17325,
161,Massachusetts,2023,17326,
161,Massachusetts,2023,21087,
161,Massachusetts,2023,21088,
161,Massachusetts,2023,21089,
161,Massachusetts,2023,21090,
324,UT Arlington,2023,437,
324,UT Arlington,2023,722,
324,UT Arlington,2023,8912,
324,UT Arlington,2023,16129,
324,UT Arlington,2023,16404,
324,UT Arlington,2023,16410,
324,UT Arlington,2023,16906,
324,UT Arlington,2023,17373,
324,UT Arlington,2023,17600,
324,UT Arlington,2023,21865,
324,UT Arlington,2023,21866,
324,UT Arlington,2023,21867,
324,UT Arlington,2023,21868,
324,UT Arlington,2023,21869,
139,Lamar,2023,5082,
139,Lamar,2023,5091,
139,Lamar,2023,5086,
139,Lamar,2023,5097,
139,Lamar,2023,5282,
139,Lamar,2023,6116,
139,Lamar,2023,7066,
139,Lamar,2023,7325,
139,Lamar,2023,16603,
139,Lamar,2023,16604,
139,Lamar,2023,16606,
139,Lamar,2023,16607,
139,Lamar,2023,21373,
139,Lamar,2023,21374,
139,Lamar,2023,21375,
139,Lamar,2023,21376,
314,UConn,2023,4445,
314,UConn,2023,4811,
314,UConn,2023,7801,
314,UConn,2023,8146,
314,UConn,2023,15258,2004-02-23
314,UConn,2023,15260,2001-04-26
314,UConn,2023,15262,
314,UConn,2023,16356,
314,UConn,2023,17311,
314,UConn,2023,21137,2002-02-12
314,UConn,2023,21138,2002-04-29
314,UConn,2023,21139,
314,UConn,2023,21140,1998-10-15
314,UConn,2023,21141,2001-11-13
314,UConn,2023,7793,
314,UConn,2023,7792,
130,Kansas City,2023,1563,
130,Kansas City,2023,1730,
130,Kansas City,2023,1835,
130,Kansas City,2023,1840,
130,Kansas City,2023,4043,
130,Kansas City,2023,15624,
130,Kansas City,2023,15691,
130,Kansas City,2023,16036,
130,Kansas City,2023,16577,
130,Kansas City,2023,16578,
130,Kansas City,2023,16579,
130,Kansas City,2023,16580,
130,Kansas City,2023,16680,
130,Kansas City,2023,21386,
130,Kansas City,2023,21387,
130,Kansas City,2023,21388,
130,Kansas City,2023,21389,
130,Kansas City,2023,21390,
222,Oral Roberts,2023,5273,
222,Oral Roberts,2023,6453,
222,Oral Roberts,2023,8291,
222,Oral Roberts,2023,8299,
222,Oral Roberts,2023,15360,2001-04-02
222,Oral Roberts,2023,16398,
222,Oral Roberts,2023,16399,
222,Oral Roberts,2023,16400,
222,Oral Roberts,2023,16401,
222,Oral Roberts,2023,16402,
222,Oral Roberts,2023,16436,
222,Oral Roberts,2023,17498,
222,Oral Roberts,2023,22087,
222,Oral Roberts,2023,22088,
334,VMI,2023,1178,
334,VMI,2023,1331,
334,VMI,2023,1569,
334,VMI,2023,3030,
334,VMI,2023,3892,
334,VMI,2023,4366,
334,VMI,2023,7133,
334,VMI,2023,16154,
334,VMI,2023,16158,
334,VMI,2023,17310,
334,VMI,2023,20758,
334,VMI,2023,20759,
334,VMI,2023,20760,
334,VMI,2023,20761,
334,VMI,2023,20762,
334,VMI,2023,1168,
75,East Tennessee State,2023,1463,
75,East Tennessee State,2023,2790,
75,East Tennessee State,2023,2952,
75,East Tennessee State,2023,5462,
75,East Tennessee State,2023,15600,
75,East Tennessee State,2023,15608,
75,East Tennessee State,2023,16161,
75,East Tennessee State,2023,16177,
75,East Tennessee State,2023,20732,
75,East Tennessee State,2023,20733,
75,East Tennessee State,2023,20734,
75,East Tennessee State,2023,20735,
75,East Tennessee State,2023,20736,
75,East Tennessee State,2023,2800,
117,Idaho,2023,3801,
117,Idaho,2023,4418,
117,Idaho,2023,5473,
117,Idaho,2023,6000,
117,Idaho,2023,6564,
117,Idaho,2023,6634,
117,Idaho,2023,17176,2000-04-11
117,Idaho,2023,19308,
117,Idaho,2023,20586,
117,Idaho,2023,20587,
117,Idaho,2023,20588,
117,Idaho,2023,20589,
117,Idaho,2023,20590,
117,Idaho,2023,20591,
117,Idaho,2023,6559,
100,Georgia State,2023,6,
100,Georgia State,2023,2676,
100,Georgia State,2023,4410,
100,Georgia State,2023,4554,
100,Georgia State,2023,5099,
100,Georgia State,2023,6227,
100,Georgia State,2023,6380,
100,Georgia State,2023,6408,
100,Georgia State,2023,16329,
100,Georgia State,2023,17572,
100,Georgia State,2023,21421,
100,Georgia State,2023,21422,
100,Georgia State,2023,21423,
100,Georgia State,2023,288,
225,Pacific,2023,2495,
225,Pacific,2023,2811,
225,Pacific,2023,2815,
225,Pacific,2023,7075,
225,Pacific,2023,7220,
225,Pacific,2023,8339,
225,Pacific,2023,17081,
225,Pacific,2023,17082,
225,Pacific,2023,17083,
225,Pacific,2023,17084,
225,Pacific,2023,17621,
225,Pacific,2023,20116,1998-11-08
225,Pacific,2023,20117,
225,Pacific,2023,335,
301,Towson,2023,6382,
301,Towson,2023,6870,
301,Towson,2023,6877,
301,Towson,2023,15218,
301,Towson,2023,16234,
301,Towson,2023,16235,
301,Towson,2023,16236,
301,Towson,2023,16237,
301,Towson,2023,20562,
301,Towson,2023,20563,
301,Towson,2023,20564,
301,Towson,2023,20565,
301,Towson,2023,20566,
301,Towson,2023,20567,
301,Towson,2023,6871,
301,Towson,2023,6878,
301,Towson,2023,6884,
208,Northern Illinois,2023,49,
208,Northern Illinois,2023,292,
208,Northern Illinois,2023,1475,
208,Northern Illinois,2023,2581,
208,Northern Illinois,2023,2594,
208,Northern Illinois,2023,2660,
208,Northern Illinois,2023,4124,
208,Northern Illinois,2023,5423,
208,Northern Illinois,2023,6795,
208,Northern Illinois,2023,9516,
208,Northern Illinois,2023,15248,
208,Northern Illinois,2023,16014,
208,Northern Illinois,2023,16491,
208,Northern Illinois,2023,16968,
208,Northern Illinois,2023,21260,
73,Duquesne,2023,900,
73,Duquesne,2023,1780,
73,Duquesne,2023,5543,
73,Duquesne,2023,5547,
73,Duquesne,2023,5552,
73,Duquesne,2023,5542,
73,Duquesne,2023,8654,
73,Duquesne,2023,15575,
73,Duquesne,2023,15830,
73,Duquesne,2023,15831,
73,Duquesne,2023,15834,
73,Duquesne,2023,15836,
73,Duquesne,2023,22285,
73,Duquesne,2023,22286,
73,Duquesne,2023,22287,
73,Duquesne,2023,22288,
73,Duquesne,2023,22289,
311,UC Santa Barbara,2023,6766,
311,UC Santa Barbara,2023,6994,
311,UC Santa Barbara,2023,6996,
311,UC Santa Barbara,2023,6997,
311,UC Santa Barbara,2023,7006,
311,UC Santa Barbara,2023,7007,
311,UC Santa Barbara,2023,17774,2002-06-25
311,UC Santa Barbara,2023,17775,
311,UC Santa Barbara,2023,22117,2000-04-15
311,UC Santa Barbara,2023,22118,
311,UC Santa Barbara,2023,22119,
311,UC Santa Barbara,2023,22120,
311,UC Santa Barbara,2023,22121,
311,UC Santa Barbara,2023,22122,
311,UC Santa Barbara,2023,17772,2001-05-08
311,UC Santa Barbara,2023,6998,
311,UC Santa Barbara,2023,7000,
50,Chicago State,2023,577,
50,Chicago State,2023,588,
50,Chicago State,2023,878,
50,Chicago State,2023,3137,
50,Chicago State,2023,5545,
50,Chicago State,2023,6072,
50,Chicago State,2023,6073,
50,Chicago State,2023,6075,
50,Chicago State,2023,12409,
50,Chicago State,2023,15871,
50,Chicago State,2023,15874,
50,Chicago State,2023,21504,
50,Chicago State,2023,21505,
50,Chicago State,2023,21506,
50,Chicago State,2023,21507,
50,Chicago State,2023,21508,
50,Chicago State,2023,21509,
48,Charlotte,2023,303,
48,Charlotte,2023,1354,
48,Charlotte,2023,3428,
48,Charlotte,2023,3434,
48,Charlotte,2023,5112,
48,Charlotte,2023,5114,
48,Charlotte,2023,5116,
48,Charlotte,2023,5120,
48,Charlotte,2023,5126,
48,Charlotte,2023,5580,
48,Charlotte,2023,8308,
48,Charlotte,2023,20185,
48,Charlotte,2023,20186,
48,Charlotte,2023,20187,
48,Charlotte,2023,20188,
128,Jacksonville State,2023,792,
128,Jacksonville State,2023,797,
128,Jacksonville State,2023,1050,
128,Jacksonville State,2023,15328,
128,Jacksonville State,2023,15687,
128,Jacksonville State,2023,17229,
128,Jacksonville State,2023,17232,
128,Jacksonville State,2023,21803,
128,Jacksonville State,2023,21804,
128,Jacksonville State,2023,21805,
128,Jacksonville State,2023,21806,
128,Jacksonville State,2023,21807,
128,Jacksonville State,2023,21808,
128,Jacksonville State,2023,21809,
128,Jacksonville State,2023,18879,2001-03-28
41,Campbell,2023,100,
41,Campbell,2023,276,
41,Campbell,2023,3795,
41,Campbell,2023,3802,
41,Campbell,2023,3804,
41,Campbell,2023,3805,
41,Campbell,2023,3808,
41,Campbell,2023,3807,
41,Campbell,2023,7573,
41,Campbell,2023,8663,
41,Campbell,2023,11851,
41,Campbell,2023,15351,
41,Campbell,2023,15851,
41,Campbell,2023,16392,
41,Campbell,2023,21341,
41,Campbell,2023,21342,
29,Bradley,2023,472,
29,Bradley,2023,4620,
29,Bradley,2023,4621,
29,Bradley,2023,4623,
29,Bradley,2023,4625,
29,Bradley,2023,4626,
29,Bradley,2023,4633,
29,Bradley,2023,4634,
29,Bradley,2023,4627,
29,Bradley,2023,5589,
29,Bradley,2023,9466,
29,Bradley,2023,16498,1999-09-23
29,Bradley,2023,21450,
29,Bradley,2023,21451,
29,Bradley,2023,21452,
29,Bradley,2023,21449,
29,Bradley,2023,4622,
70,Drake,2023,3070,
70,Drake,2023,3319,
70,Drake,2023,3598,
70,Drake,2023,3601,
70,Drake,2023,5389,
70,Drake,2023,16075,
70,Drake,2023,17598,
70,Drake,2023,17599,
70,Drake,2023,22410,
70,Drake,2023,22411,
70,Drake,2023,22412,
70,Drake,2023,22413,
70,Drake,2023,22414,
70,Drake,2023,22416,
887,Southwest Minnesota State,2023,18125,
802,Webber International,2023,14316,
802,Webber International,2023,14322,
802,Webber International,2023,14324,
802,Webber International,2023,14325,
802,Webber International,2023,14326,
802,Webber International,2023,14327,
802,Webber International,2023,14328,
802,Webber International,2023,14329,
802,Webber International,2023,14330,
802,Webber International,2023,14331,
802,Webber International,2023,14332,
802,Webber International,2023,14333,
802,Webber International,2023,14334,
802,Webber International,2023,14335,
802,Webber International,2023,14336,
802,Webber International,2023,14337,
802,Webber International,2023,14338,
802,Webber International,2023,14339,
802,Webber International,2023,14340,
802,Webber International,2023,14341,
496,Penn State-York,2023,842,
496,Penn State-York,2023,849,
496,Penn State-York,2023,850,
496,Penn State-York,2023,860,
496,Penn State-York,2023,861,
496,Penn State-York,2023,862,
496,Penn State-York,2023,863,
496,Penn State-York,2023,864,
496,Penn State-York,2023,865,
496,Penn State-York,2023,866,
496,Penn State-York,2023,867,
496,Penn State-York,2023,868,
496,Penn State-York,2023,869,
496,Penn State-York,2023,870,
496,Penn State-York,2023,871,
496,Penn State-York,2023,872,
496,Penn State-York,2023,873,
630,Dillard,2023,9741,
630,Dillard,2023,9742,
630,Dillard,2023,9743,
630,Dillard,2023,9744,
630,Dillard,2023,9749,
630,Dillard,2023,19470,
630,Dillard,2023,25246,
630,Dillard,2023,25247,
630,Dillard,2023,25248,
630,Dillard,2023,25249,
630,Dillard,2023,25250,
630,Dillard,2023,25251,
630,Dillard,2023,25252,
630,Dillard,2023,25253,
606,Siena Heights,2023,9001,
606,Siena Heights,2023,9009,
606,Siena Heights,2023,9018,
606,Siena Heights,2023,9021,
606,Siena Heights,2023,9023,
606,Siena Heights,2023,25261,
606,Siena Heights,2023,25262,
606,Siena Heights,2023,25263,
606,Siena Heights,2023,25264,
606,Siena Heights,2023,25265,
606,Siena Heights,2023,25266,
606,Siena Heights,2023,25267,
606,Siena Heights,2023,25268,
606,Siena Heights,2023,25269,
606,Siena Heights,2023,25270,
606,Siena Heights,2023,25271,
606,Siena Heights,2023,25272,
606,Siena Heights,2023,25273,
606,Siena Heights,2023,25274,
606,Siena Heights,2023,25275,
606,Siena Heights,2023,25276,
606,Siena Heights,2023,25277,
606,Siena Heights,2023,25278,
606,Siena Heights,2023,25279,
606,Siena Heights,2023,25280,
606,Siena Heights,2023,25281,
606,Siena Heights,2023,25282,
606,Siena Heights,2023,25283,
606,Siena Heights,2023,25284,
606,Siena Heights,2023,25285,
606,Siena Heights,2023,25286,
606,Siena Heights,2023,25287,
606,Siena Heights,2023,25288,
606,Siena Heights,2023,25289,
850,Doane,2023,16825,
801,Blackburn,2023,14287,
801,Blackburn,2023,14290,
801,Blackburn,2023,14294,
801,Blackburn,2023,14300,
801,Blackburn,2023,14301,
801,Blackburn,2023,14307,
801,Blackburn,2023,14308,
801,Blackburn,2023,14309,
801,Blackburn,2023,14310,
801,Blackburn,2023,14311,
801,Blackburn,2023,24291,
801,Blackburn,2023,24292,
801,Blackburn,2023,24293,
801,Blackburn,2023,24294,
801,Blackburn,2023,24295,
801,Blackburn,2023,24296,
801,Blackburn,2023,24297,
801,Blackburn,2023,24298,
801,Blackburn,2023,24299,
599,Purchase,2023,8768,
599,Purchase,2023,8769,
599,Purchase,2023,8779,
599,Purchase,2023,8780,
599,Purchase,2023,8784,
599,Purchase,2023,8785,
599,Purchase,2023,8786,
599,Purchase,2023,8787,
599,Purchase,2023,8788,
599,Purchase,2023,8789,
599,Purchase,2023,8790,
599,Purchase,2023,8791,
599,Purchase,2023,8792,
599,Purchase,2023,8793,
856,WVU Tech,2023,17271,
856,WVU Tech,2023,17274,
856,WVU Tech,2023,17275,
856,WVU Tech,2023,17285,
856,WVU Tech,2023,17286,
756,Cairn University,2023,13070,
756,Cairn University,2023,13074,
756,Cairn University,2023,13078,
756,Cairn University,2023,13079,
756,Cairn University,2023,13080,
756,Cairn University,2023,13085,
756,Cairn University,2023,13086,
756,Cairn University,2023,13088,
756,Cairn University,2023,13089,
756,Cairn University,2023,13090,
756,Cairn University,2023,13091,
756,Cairn University,2023,22383,
756,Cairn University,2023,22384,
756,Cairn University,2023,22385,
756,Cairn University,2023,22386,
756,Cairn University,2023,22387,
756,Cairn University,2023,22388,
756,Cairn University,2023,22389,
756,Cairn University,2023,22390,
756,Cairn University,2023,22391,
756,Cairn University,2023,22392,
756,Cairn University,2023,22393,
872,Ave Maria,2023,17830,
872,Ave Maria,2023,17831,
872,Ave Maria,2023,17834,
872,Ave Maria,2023,17839,
872,Ave Maria,2023,23021,
872,Ave Maria,2023,23022,
872,Ave Maria,2023,23023,
872,Ave Maria,2023,23024,
872,Ave Maria,2023,23025,
872,Ave Maria,2023,23026,
872,Ave Maria,2023,23027,
872,Ave Maria,2023,23028,
872,Ave Maria,2023,23029,
872,Ave Maria,2023,23030,
872,Ave Maria,2023,23031,
847,Lourdes University,2023,16632,
847,Lourdes University,2023,16634,
847,Lourdes University,2023,16635,
847,Lourdes University,2023,16639,
847,Lourdes University,2023,25469,
847,Lourdes University,2023,25470,
847,Lourdes University,2023,25471,
847,Lourdes University,2023,25472,
847,Lourdes University,2023,25473,
847,Lourdes University,2023,25474,
847,Lourdes University,2023,25475,
847,Lourdes University,2023,25476,
847,Lourdes University,2023,25477,
847,Lourdes University,2023,25478,
847,Lourdes University,2023,25479,
847,Lourdes University,2023,25480,
847,Lourdes University,2023,25481,
847,Lourdes University,2023,25482,
847,Lourdes University,2023,25483,
847,Lourdes University,2023,25484,
847,Lourdes University,2023,25485,
847,Lourdes University,2023,25486,
847,Lourdes University,2023,25487,
847,Lourdes University,2023,25488,
847,Lourdes University,2023,25489,
847,Lourdes University,2023,25490,
847,Lourdes University,2023,25491,
847,Lourdes University,2023,25492,
847,Lourdes University,2023,25493,
847,Lourdes University,2023,25494,
1048,Knox,2023,25071,
1048,Knox,2023,25072,
1048,Knox,2023,25073,
1048,Knox,2023,25074,
1048,Knox,2023,25075,
1048,Knox,2023,25076,
1048,Knox,2023,25077,
1048,Knox,2023,25078,
1048,Knox,2023,25079,
1048,Knox,2023,25080,
1048,Knox,2023,25081,
1048,Knox,2023,25082,
1048,Knox,2023,25083,
1048,Knox,2023,25084,
1048,Knox,2023,25085,
1048,Knox,2023,25086,
1048,Knox,2023,25087,
1048,Knox,2023,25088,
1048,Knox,2023,25089,
1048,Knox,2023,25090,
1048,Knox,2023,25091,
1043,Midland University,2023,24807,
1043,Midland University,2023,24808,
1043,Midland University,2023,24809,
1043,Midland University,2023,24810,
1043,Midland University,2023,24811,
1043,Midland University,2023,24812,
1043,Midland University,2023,24813,
1043,Midland University,2023,24814,
1043,Midland University,2023,24815,
1043,Midland University,2023,24816,
1043,Midland University,2023,24817,
1043,Midland University,2023,24818,
1043,Midland University,2023,24819,
1043,Midland University,2023,24820,
1043,Midland University,2023,24821,
1043,Midland University,2023,24822,
1043,Midland University,2023,24823,
1043,Midland University,2023,24824,
1043,Midland University,2023,24825,
1060,Centenary (NJ),2023,25511,
1060,Centenary (NJ),2023,25512,
1060,Centenary (NJ),2023,25513,
1060,Centenary (NJ),2023,25514,
1060,Centenary (NJ),2023,25515,
1060,Centenary (NJ),2023,25516,
1060,Centenary (NJ),2023,25517,
1060,Centenary (NJ),2023,25518,
1060,Centenary (NJ),2023,25519,
1060,Centenary (NJ),2023,25520,
1060,Centenary (NJ),2023,25521,
1060,Centenary (NJ),2023,25522,
1060,Centenary (NJ),2023,25523,
1060,Centenary (NJ),2023,25524,
1060,Centenary (NJ),2023,25525,
1060,Centenary (NJ),2023,25526,
1060,Centenary (NJ),2023,25527,
1060,Centenary (NJ),2023,25528,
1060,Centenary (NJ),2023,25529,
1060,Centenary (NJ),2023,25530,
1060,Centenary (NJ),2023,25531,
1060,Centenary (NJ),2023,25532,
1060,Centenary (NJ),2023,25533,
1060,Centenary (NJ),2023,25534,
1060,Centenary (NJ),2023,25535,
1060,Centenary (NJ),2023,25536,
1060,Centenary (NJ),2023,25537,
1060,Centenary (NJ),2023,25538,
1060,Centenary (NJ),2023,25539,
1060,Centenary (NJ),2023,25540,
1060,Centenary (NJ),2023,25541,
1060,Centenary (NJ),2023,25542,
1060,Centenary (NJ),2023,25543,
1060,Centenary (NJ),2023,25544,
1060,Centenary (NJ),2023,25545,
1060,Centenary (NJ),2023,25546,
1060,Centenary (NJ),2023,25547,
969,St. Xavier  (IL),2023,19740,
969,St. Xavier  (IL),2023,19743,
969,St. Xavier  (IL),2023,19746,
969,St. Xavier  (IL),2023,19747,
969,St. Xavier  (IL),2023,19750,
969,St. Xavier  (IL),2023,19751,
969,St. Xavier  (IL),2023,19756,
969,St. Xavier  (IL),2023,19757,
969,St. Xavier  (IL),2023,25625,
969,St. Xavier  (IL),2023,25626,
969,St. Xavier  (IL),2023,25627,
969,St. Xavier  (IL),2023,25628,
969,St. Xavier  (IL),2023,25629,
969,St. Xavier  (IL),2023,25630,
969,St. Xavier  (IL),2023,25631,
969,St. Xavier  (IL),2023,25632,
969,St. Xavier  (IL),2023,25633,
969,St. Xavier  (IL),2023,25634,
969,St. Xavier  (IL),2023,25635,
785,Lincoln (MO),2023,4747,
785,Lincoln (MO),2023,5627,
785,Lincoln (MO),2023,13894,
785,Lincoln (MO),2023,13900,
785,Lincoln (MO),2023,13901,
785,Lincoln (MO),2023,13905,
785,Lincoln (MO),2023,13906,
785,Lincoln (MO),2023,13912,
785,Lincoln (MO),2023,13914,
785,Lincoln (MO),2023,13915,
785,Lincoln (MO),2023,21377,
785,Lincoln (MO),2023,21378,
785,Lincoln (MO),2023,21379,
785,Lincoln (MO),2023,21380,
785,Lincoln (MO),2023,21381,
785,Lincoln (MO),2023,21382,
785,Lincoln (MO),2023,21383,
785,Lincoln (MO),2023,21384,
785,Lincoln (MO),2023,21385,
899,Lake Erie,2023,18401,
899,Lake Erie,2023,18404,
899,Lake Erie,2023,18405,
899,Lake Erie,2023,18406,
899,Lake Erie,2023,18407,
899,Lake Erie,2023,18411,
899,Lake Erie,2023,18412,
899,Lake Erie,2023,18413,
899,Lake Erie,2023,18414,
899,Lake Erie,2023,18415,
899,Lake Erie,2023,18416,
899,Lake Erie,2023,18417,
899,Lake Erie,2023,18418,
899,Lake Erie,2023,18419,
899,Lake Erie,2023,18420,
899,Lake Erie,2023,18421,
899,Lake Erie,2023,18422,
786,Milligan,2023,13920,
786,Milligan,2023,13921,
786,Milligan,2023,13923,
786,Milligan,2023,13928,
786,Milligan,2023,13929,
786,Milligan,2023,13936,
786,Milligan,2023,22719,
786,Milligan,2023,22720,
786,Milligan,2023,22721,
786,Milligan,2023,22722,
786,Milligan,2023,22723,
786,Milligan,2023,22724,
786,Milligan,2023,22725,
786,Milligan,2023,22726,
786,Milligan,2023,22727,
786,Milligan,2023,22728,
706,Lane College,2023,11794,
706,Lane College,2023,11795,
706,Lane College,2023,11796,
706,Lane College,2023,11797,
706,Lane College,2023,11798,
706,Lane College,2023,11799,
706,Lane College,2023,11800,
706,Lane College,2023,11801,
706,Lane College,2023,11802,
706,Lane College,2023,11803,
706,Lane College,2023,11804,
706,Lane College,2023,11805,
706,Lane College,2023,11806,
706,Lane College,2023,11807,
1009,Grace Christian,2023,1878,
1009,Grace Christian,2023,1879,
1009,Grace Christian,2023,3173,
1009,Grace Christian,2023,6702,
1009,Grace Christian,2023,23193,
1009,Grace Christian,2023,23194,
1009,Grace Christian,2023,23195,
1009,Grace Christian,2023,23196,
1009,Grace Christian,2023,23197,
1009,Grace Christian,2023,23198,
1009,Grace Christian,2023,23199,
1009,Grace Christian,2023,23200,
1009,Grace Christian,2023,23201,
1009,Grace Christian,2023,23202,
1009,Grace Christian,2023,23203,
1009,Grace Christian,2023,23204,
1009,Grace Christian,2023,23205,
1009,Grace Christian,2023,23206,
1009,Grace Christian,2023,23207,
1009,Grace Christian,2023,23208,
1009,Grace Christian,2023,23209,
1009,Grace Christian,2023,23210,
1009,Grace Christian,2023,23211,
1009,Grace Christian,2023,23212,
1009,Grace Christian,2023,23213,
1009,Grace Christian,2023,23214,
1009,Grace Christian,2023,23215,
1009,Grace Christian,2023,23216,
1009,Grace Christian,2023,23217,
1009,Grace Christian,2023,23218,
541,Mid-America Christian,2023,4282,
541,Mid-America Christian,2023,4283,
541,Mid-America Christian,2023,4288,
541,Mid-America Christian,2023,4293,
541,Mid-America Christian,2023,4294,
541,Mid-America Christian,2023,4295,
541,Mid-America Christian,2023,4303,
541,Mid-America Christian,2023,4304,
541,Mid-America Christian,2023,4305,
541,Mid-America Christian,2023,4306,
541,Mid-America Christian,2023,4307,
541,Mid-America Christian,2023,4308,
541,Mid-America Christian,2023,4309,
541,Mid-America Christian,2023,4310,
541,Mid-America Christian,2023,22532,
541,Mid-America Christian,2023,22533,
541,Mid-America Christian,2023,22534,
541,Mid-America Christian,2023,16403,
774,Walla Walla,2023,13553,
774,Walla Walla,2023,13556,
774,Walla Walla,2023,13565,
774,Walla Walla,2023,13574,
774,Walla Walla,2023,13575,
774,Walla Walla,2023,13576,
774,Walla Walla,2023,22706,
774,Walla Walla,2023,22707,
774,Walla Walla,2023,22708,
774,Walla Walla,2023,22709,
774,Walla Walla,2023,22710,
774,Walla Walla,2023,22711,
774,Walla Walla,2023,22712,
774,Walla Walla,2023,22713,
774,Walla Walla,2023,22714,
774,Walla Walla,2023,22715,
774,Walla Walla,2023,22716,
774,Walla Walla,2023,22717,
714,Florida Tech,2023,11986,
714,Florida Tech,2023,11989,
714,Florida Tech,2023,11999,
714,Florida Tech,2023,12000,
714,Florida Tech,2023,12001,
714,Florida Tech,2023,12002,
714,Florida Tech,2023,12003,
714,Florida Tech,2023,12004,
714,Florida Tech,2023,12005,
714,Florida Tech,2023,12006,
714,Florida Tech,2023,12007,
714,Florida Tech,2023,12008,
714,Florida Tech,2023,12009,
714,Florida Tech,2023,12010,
714,Florida Tech,2023,12011,
714,Florida Tech,2023,12012,
714,Florida Tech,2023,16215,
537,Louisiana Christian,2023,3863,
537,Louisiana Christian,2023,3868,
537,Louisiana Christian,2023,3869,
537,Louisiana Christian,2023,3870,
537,Louisiana Christian,2023,3875,
537,Louisiana Christian,2023,3876,
537,Louisiana Christian,2023,3877,
537,Louisiana Christian,2023,3887,
537,Louisiana Christian,2023,3888,
537,Louisiana Christian,2023,3889,
537,Louisiana Christian,2023,24796,
537,Louisiana Christian,2023,24797,
537,Louisiana Christian,2023,24798,
537,Louisiana Christian,2023,24799,
537,Louisiana Christian,2023,24800,
537,Louisiana Christian,2023,24801,
537,Louisiana Christian,2023,24802,
537,Louisiana Christian,2023,24803,
537,Louisiana Christian,2023,24804,
537,Louisiana Christian,2023,24805,
839,Delta State,2023,15745,
526,Newberry,2023,2760,
526,Newberry,2023,2769,
526,Newberry,2023,2770,
526,Newberry,2023,2771,
526,Newberry,2023,2772,
526,Newberry,2023,2773,
526,Newberry,2023,2774,
526,Newberry,2023,2775,
526,Newberry,2023,2776,
526,Newberry,2023,2777,
526,Newberry,2023,2778,
526,Newberry,2023,2779,
526,Newberry,2023,2780,
526,Newberry,2023,2781,
526,Newberry,2023,2782,
526,Newberry,2023,2783,
526,Newberry,2023,2784,
526,Newberry,2023,2785,
526,Newberry,2023,2786,
526,Newberry,2023,2787,
526,Newberry,2023,2788,
526,Newberry,2023,2789,
559,Howard Payne,2023,6022,
559,Howard Payne,2023,6033,
559,Howard Payne,2023,6036,
559,Howard Payne,2023,6037,
559,Howard Payne,2023,6042,
559,Howard Payne,2023,6043,
559,Howard Payne,2023,24011,
559,Howard Payne,2023,24012,
559,Howard Payne,2023,24013,
559,Howard Payne,2023,24014,
559,Howard Payne,2023,24015,
559,Howard Payne,2023,24016,
559,Howard Payne,2023,24017,
559,Howard Payne,2023,24018,
559,Howard Payne,2023,24019,
559,Howard Payne,2023,24020,
559,Howard Payne,2023,24021,
559,Howard Payne,2023,24022,
559,Howard Payne,2023,24023,
559,Howard Payne,2023,24024,
559,Howard Payne,2023,24025,
559,Howard Payne,2023,24026,
559,Howard Payne,2023,24027,
974,Wilmington (DE),2023,1113,
974,Wilmington (DE),2023,19583,
974,Wilmington (DE),2023,20433,
974,Wilmington (DE),2023,20434,
974,Wilmington (DE),2023,20435,
974,Wilmington (DE),2023,20436,
974,Wilmington (DE),2023,20437,
974,Wilmington (DE),2023,20438,
974,Wilmington (DE),2023,20439,
974,Wilmington (DE),2023,20440,
974,Wilmington (DE),2023,20441,
974,Wilmington (DE),2023,20442,
974,Wilmington (DE),2023,20443,
974,Wilmington (DE),2023,20444,
974,Wilmington (DE),2023,20445,
974,Wilmington (DE),2023,20446,
974,Wilmington (DE),2023,20447,
812,Neumann,2023,14632,
812,Neumann,2023,14642,
812,Neumann,2023,14643,
812,Neumann,2023,14644,
812,Neumann,2023,14645,
812,Neumann,2023,14646,
812,Neumann,2023,14647,
812,Neumann,2023,14648,
812,Neumann,2023,14649,
812,Neumann,2023,14650,
812,Neumann,2023,14651,
812,Neumann,2023,14652,
812,Neumann,2023,14653,
812,Neumann,2023,14654,
812,Neumann,2023,14655,
812,Neumann,2023,14656,
812,Neumann,2023,14657,
1021,Western New England,2023,23987,
1021,Western New England,2023,23988,
1021,Western New England,2023,23989,
1021,Western New England,2023,23990,
1021,Western New England,2023,23991,
1021,Western New England,2023,23992,
1021,Western New England,2023,23993,
1021,Western New England,2023,23994,
1021,Western New England,2023,23995,
1021,Western New England,2023,23996,
1021,Western New England,2023,23997,
1021,Western New England,2023,23998,
1021,Western New England,2023,23999,
1021,Western New England,2023,24000,
1021,Western New England,2023,24001,
1021,Western New England,2023,24002,
980,Cazenovia College,2023,2679,
980,Cazenovia College,2023,4522,
980,Cazenovia College,2023,20900,
980,Cazenovia College,2023,20901,
980,Cazenovia College,2023,20902,
980,Cazenovia College,2023,20903,
980,Cazenovia College,2023,20904,
980,Cazenovia College,2023,20905,
980,Cazenovia College,2023,20906,
980,Cazenovia College,2023,20907,
980,Cazenovia College,2023,20908,
980,Cazenovia College,2023,20909,
980,Cazenovia College,2023,20910,
980,Cazenovia College,2023,20911,
980,Cazenovia College,2023,20912,
980,Cazenovia College,2023,20913,
980,Cazenovia College,2023,20914,
980,Cazenovia College,2023,20915,
980,Cazenovia College,2023,20916,
980,Cazenovia College,2023,20917,
980,Cazenovia College,2023,20918,
504,Houghton,2023,1439,
504,Houghton,2023,1446,
504,Houghton,2023,1449,
504,Houghton,2023,1452,
504,Houghton,2023,1456,
504,Houghton,2023,1457,
504,Houghton,2023,1458,
504,Houghton,2023,1459,
504,Houghton,2023,1460,
504,Houghton,2023,1461,
504,Houghton,2023,13077,
504,Houghton,2023,23445,
504,Houghton,2023,23446,
504,Houghton,2023,23447,
504,Houghton,2023,23448,
504,Houghton,2023,23449,
504,Houghton,2023,23450,
504,Houghton,2023,23451,
504,Houghton,2023,23452,
1003,Massachusetts College of Liberal Arts,2023,22937,
1003,Massachusetts College of Liberal Arts,2023,22938,
1003,Massachusetts College of Liberal Arts,2023,22939,
1003,Massachusetts College of Liberal Arts,2023,22940,
1003,Massachusetts College of Liberal Arts,2023,22941,
1003,Massachusetts College of Liberal Arts,2023,22942,
1003,Massachusetts College of Liberal Arts,2023,22943,
1003,Massachusetts College of Liberal Arts,2023,22944,
1003,Massachusetts College of Liberal Arts,2023,22945,
1003,Massachusetts College of Liberal Arts,2023,22946,
1003,Massachusetts College of Liberal Arts,2023,22947,
1003,Massachusetts College of Liberal Arts,2023,22948,
1003,Massachusetts College of Liberal Arts,2023,22949,
1003,Massachusetts College of Liberal Arts,2023,22950,
1003,Massachusetts College of Liberal Arts,2023,22951,
1003,Massachusetts College of Liberal Arts,2023,22952,
1003,Massachusetts College of Liberal Arts,2023,22953,
1003,Massachusetts College of Liberal Arts,2023,22954,
1003,Massachusetts College of Liberal Arts,2023,22955,
1003,Massachusetts College of Liberal Arts,2023,22956,
1003,Massachusetts College of Liberal Arts,2023,22957,
1003,Massachusetts College of Liberal Arts,2023,22958,
1003,Massachusetts College of Liberal Arts,2023,22959,
1003,Massachusetts College of Liberal Arts,2023,22960,
1003,Massachusetts College of Liberal Arts,2023,22961,
1003,Massachusetts College of Liberal Arts,2023,22962,
1003,Massachusetts College of Liberal Arts,2023,22963,
1003,Massachusetts College of Liberal Arts,2023,22964,
633,Augusta,2023,9820,
633,Augusta,2023,9821,2004-12-10
633,Augusta,2023,9822,2004-12-10
633,Augusta,2023,9824,
633,Augusta,2023,9825,2004-10-14
633,Augusta,2023,9827,
633,Augusta,2023,9828,
633,Augusta,2023,9829,
633,Augusta,2023,9830,2004-12-10
900,Wilkes University,2023,5700,
900,Wilkes University,2023,18423,
900,Wilkes University,2023,18424,
900,Wilkes University,2023,18425,
900,Wilkes University,2023,18426,
900,Wilkes University,2023,18427,
900,Wilkes University,2023,18430,
900,Wilkes University,2023,18433,
900,Wilkes University,2023,18434,
900,Wilkes University,2023,18435,
900,Wilkes University,2023,18436,
900,Wilkes University,2023,25449,
900,Wilkes University,2023,25450,
900,Wilkes University,2023,25451,
900,Wilkes University,2023,25452,
900,Wilkes University,2023,25453,
900,Wilkes University,2023,25454,
900,Wilkes University,2023,25455,
914,Point Loma Nazarene,2023,18675,
524,Vermont State - Lyndon,2023,2680,
524,Vermont State - Lyndon,2023,2681,
524,Vermont State - Lyndon,2023,2695,
524,Vermont State - Lyndon,2023,2696,
524,Vermont State - Lyndon,2023,2697,
524,Vermont State - Lyndon,2023,2702,
524,Vermont State - Lyndon,2023,2704,
524,Vermont State - Lyndon,2023,2705,
524,Vermont State - Lyndon,2023,2706,
524,Vermont State - Lyndon,2023,22510,
524,Vermont State - Lyndon,2023,22511,
524,Vermont State - Lyndon,2023,22512,
524,Vermont State - Lyndon,2023,22513,
524,Vermont State - Lyndon,2023,22514,
524,Vermont State - Lyndon,2023,22515,
524,Vermont State - Lyndon,2023,22516,
524,Vermont State - Lyndon,2023,22517,
524,Vermont State - Lyndon,2023,22518,
524,Vermont State - Lyndon,2023,22519,
524,Vermont State - Lyndon,2023,22520,
524,Vermont State - Lyndon,2023,2707,
644,Mary Baldwin,2023,10086,
644,Mary Baldwin,2023,10087,
644,Mary Baldwin,2023,10088,
644,Mary Baldwin,2023,10099,
644,Mary Baldwin,2023,10103,
644,Mary Baldwin,2023,10104,
644,Mary Baldwin,2023,10105,
644,Mary Baldwin,2023,10108,
644,Mary Baldwin,2023,10109,
644,Mary Baldwin,2023,18089,
644,Mary Baldwin,2023,23809,
644,Mary Baldwin,2023,23810,
644,Mary Baldwin,2023,23811,
644,Mary Baldwin,2023,23812,
644,Mary Baldwin,2023,23813,
644,Mary Baldwin,2023,23814,
644,Mary Baldwin,2023,23815,
644,Mary Baldwin,2023,23816,
763,Colorado-Colorado Springs,2023,13263,
763,Colorado-Colorado Springs,2023,13264,
763,Colorado-Colorado Springs,2023,13265,
763,Colorado-Colorado Springs,2023,13266,
763,Colorado-Colorado Springs,2023,13267,
763,Colorado-Colorado Springs,2023,13268,
763,Colorado-Colorado Springs,2023,13269,
763,Colorado-Colorado Springs,2023,13270,
763,Colorado-Colorado Springs,2023,13271,
763,Colorado-Colorado Springs,2023,13272,
763,Colorado-Colorado Springs,2023,13273,
763,Colorado-Colorado Springs,2023,13274,
763,Colorado-Colorado Springs,2023,13275,
763,Colorado-Colorado Springs,2023,13276,
763,Colorado-Colorado Springs,2023,13277,
763,Colorado-Colorado Springs,2023,13278,
763,Colorado-Colorado Springs,2023,13279,
763,Colorado-Colorado Springs,2023,13280,
686,Spring Hill,2023,254,
686,Spring Hill,2023,11263,
686,Spring Hill,2023,11264,
686,Spring Hill,2023,11265,
686,Spring Hill,2023,11267,
686,Spring Hill,2023,11274,
686,Spring Hill,2023,11275,
686,Spring Hill,2023,11278,
686,Spring Hill,2023,11280,
686,Spring Hill,2023,15346,
686,Spring Hill,2023,22617,
686,Spring Hill,2023,22618,
686,Spring Hill,2023,22619,
686,Spring Hill,2023,22620,
752,Thomas (ME),2023,12954,
752,Thomas (ME),2023,12961,
752,Thomas (ME),2023,12974,
752,Thomas (ME),2023,12991,
752,Thomas (ME),2023,20494,
752,Thomas (ME),2023,20495,
752,Thomas (ME),2023,20496,
752,Thomas (ME),2023,20497,
752,Thomas (ME),2023,20498,
752,Thomas (ME),2023,20499,
752,Thomas (ME),2023,20500,
752,Thomas (ME),2023,20501,
752,Thomas (ME),2023,20502,
752,Thomas (ME),2023,20503,
752,Thomas (ME),2023,20504,
752,Thomas (ME),2023,20505,
655,Occidental,2023,10368,
655,Occidental,2023,10374,
655,Occidental,2023,10375,
655,Occidental,2023,10380,
655,Occidental,2023,10381,
655,Occidental,2023,10385,
655,Occidental,2023,10386,
655,Occidental,2023,10387,
655,Occidental,2023,10388,
655,Occidental,2023,10389,
655,Occidental,2023,10390,
655,Occidental,2023,10391,
655,Occidental,2023,15348,
655,Occidental,2023,23483,
655,Occidental,2023,23484,
655,Occidental,2023,23485,
655,Occidental,2023,23486,
655,Occidental,2023,23487,
655,Occidental,2023,23488,
655,Occidental,2023,24232,
853,Fresno Pacific,2023,17087,
853,Fresno Pacific,2023,17088,
853,Fresno Pacific,2023,17089,
853,Fresno Pacific,2023,17095,
853,Fresno Pacific,2023,17096,
853,Fresno Pacific,2023,17098,
853,Fresno Pacific,2023,17099,
853,Fresno Pacific,2023,17100,
853,Fresno Pacific,2023,17101,
853,Fresno Pacific,2023,17102,
853,Fresno Pacific,2023,17103,
853,Fresno Pacific,2023,17104,
853,Fresno Pacific,2023,17105,
853,Fresno Pacific,2023,17106,
853,Fresno Pacific,2023,17107,
853,Fresno Pacific,2023,17108,
853,Fresno Pacific,2023,17109,
853,Fresno Pacific,2023,17110,
853,Fresno Pacific,2023,17111,
853,Fresno Pacific,2023,17112,
853,Fresno Pacific,2023,17113,
853,Fresno Pacific,2023,17114,
853,Fresno Pacific,2023,17115,
853,Fresno Pacific,2023,17116,
617,Fredonia State,2023,9323,
617,Fredonia State,2023,9328,
617,Fredonia State,2023,9335,
617,Fredonia State,2023,9336,
617,Fredonia State,2023,9337,
617,Fredonia State,2023,9343,
617,Fredonia State,2023,9344,
617,Fredonia State,2023,9345,
617,Fredonia State,2023,23566,
617,Fredonia State,2023,23567,
617,Fredonia State,2023,23568,
617,Fredonia State,2023,23569,
617,Fredonia State,2023,23570,
617,Fredonia State,2023,23571,
617,Fredonia State,2023,23572,
674,Saint Mary's (MN),2023,10893,
674,Saint Mary's (MN),2023,10894,
674,Saint Mary's (MN),2023,10895,
674,Saint Mary's (MN),2023,10896,
674,Saint Mary's (MN),2023,10897,
674,Saint Mary's (MN),2023,10898,
674,Saint Mary's (MN),2023,10899,
674,Saint Mary's (MN),2023,10900,
674,Saint Mary's (MN),2023,10901,
674,Saint Mary's (MN),2023,10902,
674,Saint Mary's (MN),2023,10903,
674,Saint Mary's (MN),2023,10904,
674,Saint Mary's (MN),2023,10905,
674,Saint Mary's (MN),2023,10906,
674,Saint Mary's (MN),2023,10907,
674,Saint Mary's (MN),2023,10908,
674,Saint Mary's (MN),2023,10909,
995,Clinton College,2023,22472,
995,Clinton College,2023,22473,
995,Clinton College,2023,22474,
995,Clinton College,2023,22475,
995,Clinton College,2023,22476,
995,Clinton College,2023,22477,
995,Clinton College,2023,22478,
995,Clinton College,2023,22479,
995,Clinton College,2023,22480,
995,Clinton College,2023,22481,
995,Clinton College,2023,22482,
995,Clinton College,2023,22483,
995,Clinton College,2023,22484,
995,Clinton College,2023,22485,
995,Clinton College,2023,22486,
629,Menlo,2023,9712,
629,Menlo,2023,9713,
629,Menlo,2023,9714,
629,Menlo,2023,9724,
629,Menlo,2023,9725,
629,Menlo,2023,9726,
629,Menlo,2023,9727,
629,Menlo,2023,23775,
629,Menlo,2023,23776,
629,Menlo,2023,23777,
629,Menlo,2023,23778,
629,Menlo,2023,23779,
629,Menlo,2023,23780,
629,Menlo,2023,23781,
629,Menlo,2023,23782,
629,Menlo,2023,23783,
533,Bob Jones,2023,3694,
533,Bob Jones,2023,3695,
533,Bob Jones,2023,3696,
533,Bob Jones,2023,3707,
533,Bob Jones,2023,3708,
533,Bob Jones,2023,3709,
533,Bob Jones,2023,3711,
533,Bob Jones,2023,3712,
533,Bob Jones,2023,3714,
533,Bob Jones,2023,20537,
533,Bob Jones,2023,20538,
533,Bob Jones,2023,20539,
533,Bob Jones,2023,20540,
533,Bob Jones,2023,20541,
533,Bob Jones,2023,25203,
588,Earlham College,2023,8263,
588,Earlham College,2023,8268,
588,Earlham College,2023,8269,
588,Earlham College,2023,8270,
588,Earlham College,2023,8271,
588,Earlham College,2023,8272,
588,Earlham College,2023,8273,
588,Earlham College,2023,8274,
588,Earlham College,2023,8275,
588,Earlham College,2023,8276,
588,Earlham College,2023,8277,
588,Earlham College,2023,8278,
588,Earlham College,2023,8279,
588,Earlham College,2023,8280,
588,Earlham College,2023,8281,
588,Earlham College,2023,8282,
588,Earlham College,2023,8283,
588,Earlham College,2023,8284,
588,Earlham College,2023,8285,
588,Earlham College,2023,8286,
1026,Paine,2023,24235,
1026,Paine,2023,24236,
1026,Paine,2023,24237,
1026,Paine,2023,24238,
1026,Paine,2023,24239,
1026,Paine,2023,24240,
1026,Paine,2023,24241,
1026,Paine,2023,24242,
1026,Paine,2023,24243,
1026,Paine,2023,24244,
1026,Paine,2023,24245,
1026,Paine,2023,24246,
1026,Paine,2023,24247,
1026,Paine,2023,24248,
624,SUNY Poly,2023,9538,
624,SUNY Poly,2023,9539,
624,SUNY Poly,2023,9540,
624,SUNY Poly,2023,9541,
624,SUNY Poly,2023,9542,
624,SUNY Poly,2023,9543,
624,SUNY Poly,2023,9544,
624,SUNY Poly,2023,9545,
624,SUNY Poly,2023,9546,
624,SUNY Poly,2023,9547,
624,SUNY Poly,2023,9548,
626,Bluefield University,2023,9594,
626,Bluefield University,2023,9595,
626,Bluefield University,2023,9596,
626,Bluefield University,2023,9597,
626,Bluefield University,2023,9598,
626,Bluefield University,2023,9599,
626,Bluefield University,2023,9600,
626,Bluefield University,2023,9601,
626,Bluefield University,2023,9602,
626,Bluefield University,2023,9603,
626,Bluefield University,2023,9604,
626,Bluefield University,2023,9605,
626,Bluefield University,2023,9606,
626,Bluefield University,2023,9607,
823,Anderson (IN),2023,14980,
823,Anderson (IN),2023,14981,
823,Anderson (IN),2023,14986,
823,Anderson (IN),2023,14992,
823,Anderson (IN),2023,14993,
823,Anderson (IN),2023,14994,
823,Anderson (IN),2023,14995,
823,Anderson (IN),2023,14996,
823,Anderson (IN),2023,14997,
823,Anderson (IN),2023,14998,
823,Anderson (IN),2023,14999,
823,Anderson (IN),2023,15000,
823,Anderson (IN),2023,15001,
823,Anderson (IN),2023,15002,
823,Anderson (IN),2023,15003,
823,Anderson (IN),2023,15004,
823,Anderson (IN),2023,15005,
705,Puerto Rico-Mayaguez,2023,11769,2004-11-23
705,Puerto Rico-Mayaguez,2023,11770,2004-11-23
705,Puerto Rico-Mayaguez,2023,11771,2003-11-20
705,Puerto Rico-Mayaguez,2023,11772,
705,Puerto Rico-Mayaguez,2023,11773,
705,Puerto Rico-Mayaguez,2023,11774,
705,Puerto Rico-Mayaguez,2023,11775,
705,Puerto Rico-Mayaguez,2023,11776,
705,Puerto Rico-Mayaguez,2023,11777,
705,Puerto Rico-Mayaguez,2023,11778,
705,Puerto Rico-Mayaguez,2023,11779,
705,Puerto Rico-Mayaguez,2023,11780,
886,Tiffin,2023,18109,
781,Willamette,2023,13764,
781,Willamette,2023,13765,
781,Willamette,2023,13774,
781,Willamette,2023,13783,
781,Willamette,2023,13784,
893,University of Saint Katherine,2023,5939,
893,University of Saint Katherine,2023,6419,
893,University of Saint Katherine,2023,17054,
893,University of Saint Katherine,2023,18255,
893,University of Saint Katherine,2023,18257,
893,University of Saint Katherine,2023,18261,
893,University of Saint Katherine,2023,18264,
893,University of Saint Katherine,2023,18265,
893,University of Saint Katherine,2023,18266,
893,University of Saint Katherine,2023,22980,
893,University of Saint Katherine,2023,22981,
893,University of Saint Katherine,2023,22982,
893,University of Saint Katherine,2023,22983,
893,University of Saint Katherine,2023,22984,
893,University of Saint Katherine,2023,22985,
893,University of Saint Katherine,2023,22986,
689,Randolph-Macon,2023,11343,
689,Randolph-Macon,2023,11344,
689,Randolph-Macon,2023,11345,
689,Randolph-Macon,2023,11346,
689,Randolph-Macon,2023,11352,
636,Missouri Southern State,2023,9900,
636,Missouri Southern State,2023,9901,
636,Missouri Southern State,2023,9902,
636,Missouri Southern State,2023,9903,
636,Missouri Southern State,2023,9904,
636,Missouri Southern State,2023,9905,
636,Missouri Southern State,2023,9906,
636,Missouri Southern State,2023,9907,
636,Missouri Southern State,2023,9908,
636,Missouri Southern State,2023,9909,
636,Missouri Southern State,2023,9910,
636,Missouri Southern State,2023,9911,
636,Missouri Southern State,2023,9912,
1000,College of New Jersey,2023,22852,
1000,College of New Jersey,2023,22853,
1000,College of New Jersey,2023,22854,
1000,College of New Jersey,2023,22855,
1000,College of New Jersey,2023,22856,
1000,College of New Jersey,2023,22857,
1000,College of New Jersey,2023,22858,
1000,College of New Jersey,2023,22859,
1000,College of New Jersey,2023,22860,
1000,College of New Jersey,2023,22861,
1000,College of New Jersey,2023,22862,
1000,College of New Jersey,2023,22863,
1000,College of New Jersey,2023,22864,
1000,College of New Jersey,2023,22865,
1000,College of New Jersey,2023,22866,
1000,College of New Jersey,2023,22867,
1000,College of New Jersey,2023,22868,
1000,College of New Jersey,2023,22869,
819,Mobile,2023,6449,
819,Mobile,2023,14858,
819,Mobile,2023,14859,
819,Mobile,2023,14865,
819,Mobile,2023,14866,
819,Mobile,2023,14873,
819,Mobile,2023,14874,
819,Mobile,2023,14875,
819,Mobile,2023,14876,
819,Mobile,2023,14891,
819,Mobile,2023,14892,
819,Mobile,2023,14894,
819,Mobile,2023,14895,
819,Mobile,2023,22394,
819,Mobile,2023,22395,
819,Mobile,2023,22396,
819,Mobile,2023,22397,
819,Mobile,2023,22398,
819,Mobile,2023,22399,
813,Heidelberg,2023,14660,
813,Heidelberg,2023,14661,
813,Heidelberg,2023,14685,
813,Heidelberg,2023,14689,
813,Heidelberg,2023,14690,
806,Westcliff,2023,14435,
806,Westcliff,2023,14445,
806,Westcliff,2023,14449,
806,Westcliff,2023,14450,
806,Westcliff,2023,14451,
806,Westcliff,2023,14452,
806,Westcliff,2023,22689,
806,Westcliff,2023,22690,
806,Westcliff,2023,22691,
806,Westcliff,2023,22692,
806,Westcliff,2023,22693,
806,Westcliff,2023,22694,
806,Westcliff,2023,22695,
806,Westcliff,2023,22696,
806,Westcliff,2023,22698,
806,Westcliff,2023,22699,
806,Westcliff,2023,22700,
806,Westcliff,2023,22701,
806,Westcliff,2023,22702,
590,Kentucky Christian,2023,8506,
590,Kentucky Christian,2023,8512,
590,Kentucky Christian,2023,8519,
590,Kentucky Christian,2023,11819,
590,Kentucky Christian,2023,12055,
590,Kentucky Christian,2023,24036,
590,Kentucky Christian,2023,24037,
590,Kentucky Christian,2023,24038,
590,Kentucky Christian,2023,24039,
590,Kentucky Christian,2023,24040,
590,Kentucky Christian,2023,24041,
590,Kentucky Christian,2023,24042,
590,Kentucky Christian,2023,24043,
590,Kentucky Christian,2023,24044,
590,Kentucky Christian,2023,24045,
590,Kentucky Christian,2023,24046,
590,Kentucky Christian,2023,24047,
590,Kentucky Christian,2023,24048,
590,Kentucky Christian,2023,24049,
590,Kentucky Christian,2023,24050,
590,Kentucky Christian,2023,24051,
579,Maine-Fort Kent,2023,7883,
579,Maine-Fort Kent,2023,7887,
579,Maine-Fort Kent,2023,7899,
579,Maine-Fort Kent,2023,7900,
579,Maine-Fort Kent,2023,7901,
579,Maine-Fort Kent,2023,7902,
579,Maine-Fort Kent,2023,7903,
579,Maine-Fort Kent,2023,7904,
579,Maine-Fort Kent,2023,7905,
579,Maine-Fort Kent,2023,7906,
579,Maine-Fort Kent,2023,7907,
579,Maine-Fort Kent,2023,7908,
579,Maine-Fort Kent,2023,7909,
579,Maine-Fort Kent,2023,7910,
579,Maine-Fort Kent,2023,7911,
579,Maine-Fort Kent,2023,7912,
579,Maine-Fort Kent,2023,7913,
579,Maine-Fort Kent,2023,22770,
579,Maine-Fort Kent,2023,22771,
579,Maine-Fort Kent,2023,22772,
579,Maine-Fort Kent,2023,22773,
579,Maine-Fort Kent,2023,22774,
579,Maine-Fort Kent,2023,22775,
579,Maine-Fort Kent,2023,22776,
579,Maine-Fort Kent,2023,22777,
579,Maine-Fort Kent,2023,22778,
579,Maine-Fort Kent,2023,22779,
946,Penn State-Alleghany,2023,19255,
946,Penn State-Alleghany,2023,19256,
946,Penn State-Alleghany,2023,19257,
946,Penn State-Alleghany,2023,19258,
946,Penn State-Alleghany,2023,19268,
946,Penn State-Alleghany,2023,19273,
946,Penn State-Alleghany,2023,19274,
946,Penn State-Alleghany,2023,22642,
946,Penn State-Alleghany,2023,22643,
946,Penn State-Alleghany,2023,22644,
946,Penn State-Alleghany,2023,22645,
946,Penn State-Alleghany,2023,22646,
946,Penn State-Alleghany,2023,22647,
946,Penn State-Alleghany,2023,22648,
946,Penn State-Alleghany,2023,22649,
946,Penn State-Alleghany,2023,22650,
946,Penn State-Alleghany,2023,22651,
946,Penn State-Alleghany,2023,22652,
729,Central Penn,2023,12360,
729,Central Penn,2023,12383,
885,Loras,2023,18090,
885,Loras,2023,18092,
885,Loras,2023,18093,
885,Loras,2023,18094,
885,Loras,2023,18100,
885,Loras,2023,18102,
885,Loras,2023,18103,
885,Loras,2023,18104,
885,Loras,2023,18105,
885,Loras,2023,18106,
885,Loras,2023,18107,
885,Loras,2023,23435,
885,Loras,2023,23436,
885,Loras,2023,23437,
885,Loras,2023,23438,
885,Loras,2023,23439,
885,Loras,2023,23440,
885,Loras,2023,23441,
885,Loras,2023,23442,
885,Loras,2023,23443,
885,Loras,2023,23444,
1045,Holy Names University,2023,24863,
1045,Holy Names University,2023,24864,
1045,Holy Names University,2023,24865,
1045,Holy Names University,2023,24866,
1045,Holy Names University,2023,24867,
1045,Holy Names University,2023,24868,
1045,Holy Names University,2023,24869,
1045,Holy Names University,2023,24870,
1045,Holy Names University,2023,24871,
1045,Holy Names University,2023,24872,
1045,Holy Names University,2023,24873,
1045,Holy Names University,2023,24874,
1045,Holy Names University,2023,24875,
1045,Holy Names University,2023,24876,
1045,Holy Names University,2023,24877,
1045,Holy Names University,2023,24878,
1045,Holy Names University,2023,24879,
1045,Holy Names University,2023,24880,
1045,Holy Names University,2023,24881,
1045,Holy Names University,2023,24882,
1045,Holy Names University,2023,24883,
880,Lyon,2023,17992,
880,Lyon,2023,17993,
880,Lyon,2023,17995,
880,Lyon,2023,18002,
880,Lyon,2023,18003,
880,Lyon,2023,18004,
880,Lyon,2023,18005,
880,Lyon,2023,18008,
880,Lyon,2023,22879,
880,Lyon,2023,22880,
880,Lyon,2023,22881,
880,Lyon,2023,22882,
880,Lyon,2023,22883,
880,Lyon,2023,22884,
880,Lyon,2023,22885,
880,Lyon,2023,22886,
575,Westminster (PA),2023,19277,
575,Westminster (PA),2023,19278,
575,Westminster (PA),2023,19279,
575,Westminster (PA),2023,19280,
575,Westminster (PA),2023,19281,
575,Westminster (PA),2023,19282,
575,Westminster (PA),2023,19289,
575,Westminster (PA),2023,19290,
575,Westminster (PA),2023,19291,
575,Westminster (PA),2023,19293,
575,Westminster (PA),2023,24609,
575,Westminster (PA),2023,24610,
575,Westminster (PA),2023,24611,
575,Westminster (PA),2023,24612,
575,Westminster (PA),2023,24613,
575,Westminster (PA),2023,24614,
575,Westminster (PA),2023,24615,
575,Westminster (PA),2023,24616,
575,Westminster (PA),2023,24617,
575,Westminster (PA),2023,24618,
915,Missouri Baptist,2023,18688,
915,Missouri Baptist,2023,18693,
923,Belhaven,2023,18826,
923,Belhaven,2023,18827,
923,Belhaven,2023,18828,
923,Belhaven,2023,18830,
923,Belhaven,2023,18831,
923,Belhaven,2023,18832,
923,Belhaven,2023,18834,
923,Belhaven,2023,18841,
923,Belhaven,2023,22839,
923,Belhaven,2023,22840,
923,Belhaven,2023,22841,
923,Belhaven,2023,22842,
923,Belhaven,2023,22843,
923,Belhaven,2023,22844,
923,Belhaven,2023,22845,
923,Belhaven,2023,22846,
923,Belhaven,2023,22847,
923,Belhaven,2023,22848,
923,Belhaven,2023,22849,
923,Belhaven,2023,22850,
547,Dean College,2023,4681,
547,Dean College,2023,4682,
547,Dean College,2023,4683,
547,Dean College,2023,4684,
547,Dean College,2023,4685,
547,Dean College,2023,4686,
547,Dean College,2023,4687,
547,Dean College,2023,4688,
547,Dean College,2023,4689,
547,Dean College,2023,4690,
547,Dean College,2023,4691,
547,Dean College,2023,4692,
547,Dean College,2023,4693,
547,Dean College,2023,4694,
547,Dean College,2023,4695,
547,Dean College,2023,4696,
547,Dean College,2023,4697,
547,Dean College,2023,4698,
547,Dean College,2023,4699,
547,Dean College,2023,4700,
547,Dean College,2023,4701,
547,Dean College,2023,4702,
547,Dean College,2023,15020,
997,Allen University,2023,16514,
997,Allen University,2023,22750,
997,Allen University,2023,22751,
997,Allen University,2023,22752,
997,Allen University,2023,22753,
997,Allen University,2023,22754,
997,Allen University,2023,22755,
997,Allen University,2023,22756,
997,Allen University,2023,22757,
997,Allen University,2023,22758,
997,Allen University,2023,22759,
997,Allen University,2023,22760,
997,Allen University,2023,22761,
997,Allen University,2023,22762,
997,Allen University,2023,22763,
997,Allen University,2023,22764,
997,Allen University,2023,22765,
997,Allen University,2023,22766,
997,Allen University,2023,22767,
997,Allen University,2023,22768,
997,Allen University,2023,22769,
997,Allen University,2023,25245,
977,Virginia St,2023,4081,
977,Virginia St,2023,20660,
977,Virginia St,2023,20661,
977,Virginia St,2023,20662,
977,Virginia St,2023,20663,
977,Virginia St,2023,20664,
977,Virginia St,2023,20665,
977,Virginia St,2023,20666,
977,Virginia St,2023,20667,
977,Virginia St,2023,20668,
977,Virginia St,2023,20669,
977,Virginia St,2023,20670,
977,Virginia St,2023,20671,
977,Virginia St,2023,20672,
977,Virginia St,2023,20673,
977,Virginia St,2023,20674,
977,Virginia St,2023,20675,
977,Virginia St,2023,20676,
977,Virginia St,2023,20677,
977,Virginia St,2023,20678,
578,Cal Maritime,2023,7726,
578,Cal Maritime,2023,7735,
578,Cal Maritime,2023,7736,
578,Cal Maritime,2023,7737,
578,Cal Maritime,2023,7738,
578,Cal Maritime,2023,7742,
578,Cal Maritime,2023,7743,
578,Cal Maritime,2023,7744,
578,Cal Maritime,2023,22440,
578,Cal Maritime,2023,22441,
578,Cal Maritime,2023,22442,
578,Cal Maritime,2023,22443,
578,Cal Maritime,2023,22444,
578,Cal Maritime,2023,22445,
578,Cal Maritime,2023,22446,
578,Cal Maritime,2023,22447,
556,Westminster (MO),2023,5901,
556,Westminster (MO),2023,5902,
556,Westminster (MO),2023,5903,
556,Westminster (MO),2023,5904,
556,Westminster (MO),2023,5905,
556,Westminster (MO),2023,5906,
556,Westminster (MO),2023,5907,
556,Westminster (MO),2023,5908,
556,Westminster (MO),2023,5909,
556,Westminster (MO),2023,5910,
556,Westminster (MO),2023,5911,
556,Westminster (MO),2023,5912,
556,Westminster (MO),2023,5913,
556,Westminster (MO),2023,5914,
556,Westminster (MO),2023,5915,
556,Westminster (MO),2023,5916,
556,Westminster (MO),2023,5917,
556,Westminster (MO),2023,5918,
1123,Texas Permian Basin,2023,10329,
879,Keystone,2023,408,
879,Keystone,2023,8605,
879,Keystone,2023,17977,
879,Keystone,2023,17979,
879,Keystone,2023,17981,
879,Keystone,2023,17982,
879,Keystone,2023,17983,
879,Keystone,2023,17986,
879,Keystone,2023,17990,
879,Keystone,2023,21012,
879,Keystone,2023,21013,
879,Keystone,2023,21014,
879,Keystone,2023,21015,
879,Keystone,2023,21016,
879,Keystone,2023,21017,
879,Keystone,2023,21018,
879,Keystone,2023,21019,
566,Northwest University,2023,6548,
515,Mount Olive,2023,1944,
515,Mount Olive,2023,1957,
515,Mount Olive,2023,1959,
515,Mount Olive,2023,1960,
515,Mount Olive,2023,1961,
515,Mount Olive,2023,1962,
515,Mount Olive,2023,1963,
515,Mount Olive,2023,1964,
515,Mount Olive,2023,1965,
515,Mount Olive,2023,1966,
515,Mount Olive,2023,1967,
515,Mount Olive,2023,1968,
515,Mount Olive,2023,1969,
515,Mount Olive,2023,1970,
515,Mount Olive,2023,1971,
515,Mount Olive,2023,1972,
515,Mount Olive,2023,1973,
515,Mount Olive,2023,1974,
515,Mount Olive,2023,1975,
515,Mount Olive,2023,11850,
695,Saint Elizabeth,2023,11500,
695,Saint Elizabeth,2023,11501,
695,Saint Elizabeth,2023,11506,
695,Saint Elizabeth,2023,11507,
695,Saint Elizabeth,2023,11510,
695,Saint Elizabeth,2023,11511,
695,Saint Elizabeth,2023,11512,
695,Saint Elizabeth,2023,11514,
695,Saint Elizabeth,2023,11515,
695,Saint Elizabeth,2023,11516,
695,Saint Elizabeth,2023,11517,
695,Saint Elizabeth,2023,11518,
695,Saint Elizabeth,2023,11519,
695,Saint Elizabeth,2023,25130,
695,Saint Elizabeth,2023,25131,
695,Saint Elizabeth,2023,25132,
695,Saint Elizabeth,2023,25133,
695,Saint Elizabeth,2023,25134,
695,Saint Elizabeth,2023,25135,
695,Saint Elizabeth,2023,25136,
695,Saint Elizabeth,2023,25137,
737,Pittsburgh-Bradford,2023,12606,
737,Pittsburgh-Bradford,2023,12607,
737,Pittsburgh-Bradford,2023,12608,
737,Pittsburgh-Bradford,2023,12609,
737,Pittsburgh-Bradford,2023,12610,
737,Pittsburgh-Bradford,2023,12611,
737,Pittsburgh-Bradford,2023,12612,
737,Pittsburgh-Bradford,2023,12613,
737,Pittsburgh-Bradford,2023,12614,
737,Pittsburgh-Bradford,2023,12615,
737,Pittsburgh-Bradford,2023,12616,
737,Pittsburgh-Bradford,2023,12617,
737,Pittsburgh-Bradford,2023,12618,
737,Pittsburgh-Bradford,2023,12619,
737,Pittsburgh-Bradford,2023,12620,
737,Pittsburgh-Bradford,2023,12621,
737,Pittsburgh-Bradford,2023,12622,
737,Pittsburgh-Bradford,2023,12623,
782,Michigan Tech,2023,13823,
610,Miami (OH)-Hamilton,2023,9123,
610,Miami (OH)-Hamilton,2023,9126,
610,Miami (OH)-Hamilton,2023,9138,
610,Miami (OH)-Hamilton,2023,9139,
610,Miami (OH)-Hamilton,2023,9141,
610,Miami (OH)-Hamilton,2023,9142,
610,Miami (OH)-Hamilton,2023,9143,
610,Miami (OH)-Hamilton,2023,22731,
610,Miami (OH)-Hamilton,2023,22732,
610,Miami (OH)-Hamilton,2023,22733,
610,Miami (OH)-Hamilton,2023,22734,
610,Miami (OH)-Hamilton,2023,22735,
610,Miami (OH)-Hamilton,2023,22736,
610,Miami (OH)-Hamilton,2023,22737,
165,Mercyhurst,2023,5163,
165,Mercyhurst,2023,5172,
1056,Mount St. Joseph,2023,1401,
1056,Mount St. Joseph,2023,25347,
1056,Mount St. Joseph,2023,25348,
1056,Mount St. Joseph,2023,25349,
1056,Mount St. Joseph,2023,25350,
1056,Mount St. Joseph,2023,25351,
1056,Mount St. Joseph,2023,25352,
1056,Mount St. Joseph,2023,25353,
1056,Mount St. Joseph,2023,25354,
1056,Mount St. Joseph,2023,25355,
1056,Mount St. Joseph,2023,25356,
1056,Mount St. Joseph,2023,25357,
1056,Mount St. Joseph,2023,25358,
1056,Mount St. Joseph,2023,25359,
1056,Mount St. Joseph,2023,25360,
1056,Mount St. Joseph,2023,25361,
1056,Mount St. Joseph,2023,25362,
1056,Mount St. Joseph,2023,25363,
1056,Mount St. Joseph,2023,25364,
1056,Mount St. Joseph,2023,25365,
1056,Mount St. Joseph,2023,25366,
1056,Mount St. Joseph,2023,25367,
1056,Mount St. Joseph,2023,25368,
570,Life Pacific,2023,6936,
570,Life Pacific,2023,6938,
570,Life Pacific,2023,6941,
570,Life Pacific,2023,6942,
570,Life Pacific,2023,6945,
570,Life Pacific,2023,6951,
570,Life Pacific,2023,6953,
570,Life Pacific,2023,6954,
570,Life Pacific,2023,6955,
570,Life Pacific,2023,6956,
570,Life Pacific,2023,22073,
570,Life Pacific,2023,22074,
570,Life Pacific,2023,22075,
570,Life Pacific,2023,22076,
570,Life Pacific,2023,22077,
570,Life Pacific,2023,22078,
570,Life Pacific,2023,22079,
570,Life Pacific,2023,22080,
570,Life Pacific,2023,22081,
1049,Northwestern Ohio,2023,15704,
1049,Northwestern Ohio,2023,17760,
1049,Northwestern Ohio,2023,25103,
1049,Northwestern Ohio,2023,25104,
1049,Northwestern Ohio,2023,25105,
1049,Northwestern Ohio,2023,25106,
1049,Northwestern Ohio,2023,25107,
1049,Northwestern Ohio,2023,25108,
1049,Northwestern Ohio,2023,25109,
1049,Northwestern Ohio,2023,25110,
1049,Northwestern Ohio,2023,25111,
1049,Northwestern Ohio,2023,25112,
1049,Northwestern Ohio,2023,25113,
1049,Northwestern Ohio,2023,25114,
1049,Northwestern Ohio,2023,25115,
1049,Northwestern Ohio,2023,25116,
1049,Northwestern Ohio,2023,25117,
1049,Northwestern Ohio,2023,25118,
367,Centenary (LA),2023,21642,
367,Centenary (LA),2023,21643,
367,Centenary (LA),2023,21644,
367,Centenary (LA),2023,21645,
367,Centenary (LA),2023,21646,
367,Centenary (LA),2023,21647,
367,Centenary (LA),2023,21648,
367,Centenary (LA),2023,21649,
367,Centenary (LA),2023,21650,
367,Centenary (LA),2023,21651,
367,Centenary (LA),2023,21652,
367,Centenary (LA),2023,21653,
367,Centenary (LA),2023,21654,
367,Centenary (LA),2023,21655,
367,Centenary (LA),2023,21656,
367,Centenary (LA),2023,21657,
822,Eastern Oregon,2023,14957,
822,Eastern Oregon,2023,14958,
822,Eastern Oregon,2023,14971,
822,Eastern Oregon,2023,14972,
822,Eastern Oregon,2023,14973,
822,Eastern Oregon,2023,14975,
822,Eastern Oregon,2023,14976,
822,Eastern Oregon,2023,24509,
822,Eastern Oregon,2023,24510,
822,Eastern Oregon,2023,24511,
822,Eastern Oregon,2023,24512,
822,Eastern Oregon,2023,24513,
822,Eastern Oregon,2023,24514,
822,Eastern Oregon,2023,24515,
822,Eastern Oregon,2023,24516,
822,Eastern Oregon,2023,24517,
822,Eastern Oregon,2023,24518,
822,Eastern Oregon,2023,24519,
983,Clayton State,2023,21050,
983,Clayton State,2023,21051,
983,Clayton State,2023,21052,
983,Clayton State,2023,21053,
983,Clayton State,2023,21054,
983,Clayton State,2023,21055,
983,Clayton State,2023,21056,
983,Clayton State,2023,21057,
983,Clayton State,2023,21058,
983,Clayton State,2023,21059,
983,Clayton State,2023,21060,
983,Clayton State,2023,21061,
983,Clayton State,2023,21062,
983,Clayton State,2023,21063,
609,Coastal Georgia,2023,9110,
609,Coastal Georgia,2023,9111,
609,Coastal Georgia,2023,9115,
609,Coastal Georgia,2023,9119,
609,Coastal Georgia,2023,9120,
609,Coastal Georgia,2023,9121,
609,Coastal Georgia,2023,21413,
609,Coastal Georgia,2023,21414,
609,Coastal Georgia,2023,21415,
609,Coastal Georgia,2023,21416,
609,Coastal Georgia,2023,21417,
609,Coastal Georgia,2023,21418,
609,Coastal Georgia,2023,21419,
609,Coastal Georgia,2023,21420,
609,Coastal Georgia,2023,23807,
609,Coastal Georgia,2023,23808,
718,SUNY-Maritime,2023,12064,
718,SUNY-Maritime,2023,12065,
718,SUNY-Maritime,2023,12066,
718,SUNY-Maritime,2023,12067,
718,SUNY-Maritime,2023,12074,
718,SUNY-Maritime,2023,12075,
718,SUNY-Maritime,2023,12076,
718,SUNY-Maritime,2023,12077,
718,SUNY-Maritime,2023,12080,
718,SUNY-Maritime,2023,12081,
718,SUNY-Maritime,2023,12082,
718,SUNY-Maritime,2023,12084,
718,SUNY-Maritime,2023,12085,
718,SUNY-Maritime,2023,23501,
718,SUNY-Maritime,2023,23502,
718,SUNY-Maritime,2023,23503,
718,SUNY-Maritime,2023,23504,
718,SUNY-Maritime,2023,23505,
690,Mount Aloysius,2023,11376,
690,Mount Aloysius,2023,11377,
690,Mount Aloysius,2023,11378,
690,Mount Aloysius,2023,11379,
690,Mount Aloysius,2023,11380,
690,Mount Aloysius,2023,11381,
690,Mount Aloysius,2023,11382,
690,Mount Aloysius,2023,11383,
690,Mount Aloysius,2023,11384,
690,Mount Aloysius,2023,11385,
690,Mount Aloysius,2023,11386,
690,Mount Aloysius,2023,11387,
690,Mount Aloysius,2023,11388,
690,Mount Aloysius,2023,11389,
690,Mount Aloysius,2023,11390,
690,Mount Aloysius,2023,11391,
690,Mount Aloysius,2023,11392,
690,Mount Aloysius,2023,11393,
690,Mount Aloysius,2023,11394,
690,Mount Aloysius,2023,11395,
694,Mitchell College,2023,11475,
694,Mitchell College,2023,11476,
694,Mitchell College,2023,11477,
694,Mitchell College,2023,11478,
694,Mitchell College,2023,11479,
694,Mitchell College,2023,11480,
694,Mitchell College,2023,11481,
694,Mitchell College,2023,11482,
694,Mitchell College,2023,11483,
694,Mitchell College,2023,11484,
694,Mitchell College,2023,11485,
694,Mitchell College,2023,11486,
694,Mitchell College,2023,11487,
694,Mitchell College,2023,11488,
694,Mitchell College,2023,11489,
694,Mitchell College,2023,11490,
694,Mitchell College,2023,11491,
694,Mitchell College,2023,11492,
694,Mitchell College,2023,11493,
694,Mitchell College,2023,11494,
694,Mitchell College,2023,11495,
694,Mitchell College,2023,11496,
863,Curry College,2023,17586,
954,Greensboro College,2023,19419,
954,Greensboro College,2023,19420,
954,Greensboro College,2023,19421,
954,Greensboro College,2023,19423,
954,Greensboro College,2023,19425,
954,Greensboro College,2023,19426,
954,Greensboro College,2023,19430,
954,Greensboro College,2023,19431,
954,Greensboro College,2023,19432,
954,Greensboro College,2023,19433,
954,Greensboro College,2023,19434,
954,Greensboro College,2023,19438,
954,Greensboro College,2023,23851,
954,Greensboro College,2023,23852,
954,Greensboro College,2023,23853,
954,Greensboro College,2023,23854,
954,Greensboro College,2023,23855,
954,Greensboro College,2023,23856,
954,Greensboro College,2023,23857,
954,Greensboro College,2023,23858,
954,Greensboro College,2023,23859,
1029,Simon Fraser,2023,5474,
1029,Simon Fraser,2023,24381,
1029,Simon Fraser,2023,24382,
1029,Simon Fraser,2023,24383,
1029,Simon Fraser,2023,24384,
1029,Simon Fraser,2023,24385,
1029,Simon Fraser,2023,24386,
1029,Simon Fraser,2023,24387,
1029,Simon Fraser,2023,24388,
1029,Simon Fraser,2023,24389,
1029,Simon Fraser,2023,24390,
1029,Simon Fraser,2023,24391,
1029,Simon Fraser,2023,24392,
1029,Simon Fraser,2023,24393,
1029,Simon Fraser,2023,24394,
1029,Simon Fraser,2023,24395,
1029,Simon Fraser,2023,24396,
1029,Simon Fraser,2023,24397,
1029,Simon Fraser,2023,24398,
889,Pacific Union,2023,18180,
889,Pacific Union,2023,18181,
889,Pacific Union,2023,18182,
889,Pacific Union,2023,18183,
889,Pacific Union,2023,18184,
889,Pacific Union,2023,18185,
889,Pacific Union,2023,18186,
889,Pacific Union,2023,18187,
889,Pacific Union,2023,18188,
889,Pacific Union,2023,18189,
889,Pacific Union,2023,18190,
889,Pacific Union,2023,18191,
889,Pacific Union,2023,18192,
889,Pacific Union,2023,18193,
889,Pacific Union,2023,18194,
653,UT Permian Basin,2023,10316,
653,UT Permian Basin,2023,10317,
653,UT Permian Basin,2023,10318,
653,UT Permian Basin,2023,10319,
653,UT Permian Basin,2023,10320,
653,UT Permian Basin,2023,10321,
653,UT Permian Basin,2023,10322,
653,UT Permian Basin,2023,10323,
653,UT Permian Basin,2023,10325,
653,UT Permian Basin,2023,10326,
653,UT Permian Basin,2023,10327,
653,UT Permian Basin,2023,10328,
589,Lewis & Clark,2023,8399,
589,Lewis & Clark,2023,8400,
589,Lewis & Clark,2023,8404,
589,Lewis & Clark,2023,8407,
589,Lewis & Clark,2023,8408,
589,Lewis & Clark,2023,8411,
589,Lewis & Clark,2023,8412,
589,Lewis & Clark,2023,8417,
589,Lewis & Clark,2023,8418,
589,Lewis & Clark,2023,8419,
589,Lewis & Clark,2023,10298,
589,Lewis & Clark,2023,19242,
589,Lewis & Clark,2023,22176,
589,Lewis & Clark,2023,22177,
589,Lewis & Clark,2023,22178,
589,Lewis & Clark,2023,22179,
589,Lewis & Clark,2023,22180,
643,Mercy,2023,10072,
643,Mercy,2023,10073,
643,Mercy,2023,10074,
643,Mercy,2023,10078,
643,Mercy,2023,10079,
643,Mercy,2023,10080,
643,Mercy,2023,10081,
643,Mercy,2023,10082,
643,Mercy,2023,22377,
643,Mercy,2023,22378,
643,Mercy,2023,22379,
643,Mercy,2023,22380,
643,Mercy,2023,22381,
643,Mercy,2023,22382,
1051,Concord,2023,25163,
1051,Concord,2023,25164,
1051,Concord,2023,25165,
1051,Concord,2023,25166,
1051,Concord,2023,25167,
1051,Concord,2023,25168,
1051,Concord,2023,25169,
1051,Concord,2023,25170,
1051,Concord,2023,25171,
1051,Concord,2023,25172,
1051,Concord,2023,25173,
1051,Concord,2023,25174,
1051,Concord,2023,25175,
1051,Concord,2023,25176,
1051,Concord,2023,25177,
1051,Concord,2023,25178,
1051,Concord,2023,25179,
1051,Concord,2023,25180,
1017,Indiana-South Bend,2023,23453,
1017,Indiana-South Bend,2023,23454,
1017,Indiana-South Bend,2023,23455,
1017,Indiana-South Bend,2023,23456,
1017,Indiana-South Bend,2023,23457,
1017,Indiana-South Bend,2023,23458,
1017,Indiana-South Bend,2023,23459,
1017,Indiana-South Bend,2023,23460,
1017,Indiana-South Bend,2023,23461,
1017,Indiana-South Bend,2023,23462,
1017,Indiana-South Bend,2023,23463,
1017,Indiana-South Bend,2023,23464,
1017,Indiana-South Bend,2023,23465,
1017,Indiana-South Bend,2023,23466,
1017,Indiana-South Bend,2023,23467,
1017,Indiana-South Bend,2023,23468,
1022,Ottawa (AZ),2023,24072,
1022,Ottawa (AZ),2023,24073,
1022,Ottawa (AZ),2023,24074,
1022,Ottawa (AZ),2023,24075,
1022,Ottawa (AZ),2023,24076,
1022,Ottawa (AZ),2023,24077,
1022,Ottawa (AZ),2023,24078,
1022,Ottawa (AZ),2023,24079,
1022,Ottawa (AZ),2023,24080,
1022,Ottawa (AZ),2023,24081,
1022,Ottawa (AZ),2023,24082,
1022,Ottawa (AZ),2023,24083,
1022,Ottawa (AZ),2023,24084,
1022,Ottawa (AZ),2023,24085,
1022,Ottawa (AZ),2023,24086,
546,Penn State - Wilkes-Barre,2023,4507,
546,Penn State - Wilkes-Barre,2023,4521,
546,Penn State - Wilkes-Barre,2023,4523,
546,Penn State - Wilkes-Barre,2023,4524,
546,Penn State - Wilkes-Barre,2023,4527,
546,Penn State - Wilkes-Barre,2023,4528,
546,Penn State - Wilkes-Barre,2023,24550,
546,Penn State - Wilkes-Barre,2023,24551,
546,Penn State - Wilkes-Barre,2023,24552,
546,Penn State - Wilkes-Barre,2023,24553,
546,Penn State - Wilkes-Barre,2023,24554,
546,Penn State - Wilkes-Barre,2023,24555,
546,Penn State - Wilkes-Barre,2023,24556,
546,Penn State - Wilkes-Barre,2023,24557,
546,Penn State - Wilkes-Barre,2023,24558,
546,Penn State - Wilkes-Barre,2023,24559,
546,Penn State - Wilkes-Barre,2023,24560,
546,Penn State - Wilkes-Barre,2023,25567,
701,Texas Wesleyan,2023,11677,
701,Texas Wesleyan,2023,11678,
1006,Central Baptist College,2023,3669,
1006,Central Baptist College,2023,23144,
1006,Central Baptist College,2023,23145,
1006,Central Baptist College,2023,23146,
1006,Central Baptist College,2023,23147,
1006,Central Baptist College,2023,23148,
1006,Central Baptist College,2023,23149,
1006,Central Baptist College,2023,23150,
1006,Central Baptist College,2023,23151,
1006,Central Baptist College,2023,23152,
1006,Central Baptist College,2023,23153,
1006,Central Baptist College,2023,23154,
1006,Central Baptist College,2023,23155,
1006,Central Baptist College,2023,23156,
1006,Central Baptist College,2023,23157,
1006,Central Baptist College,2023,23158,
1006,Central Baptist College,2023,23159,
941,Bridgewater College (VA),2023,2313,
941,Bridgewater College (VA),2023,19153,
941,Bridgewater College (VA),2023,19155,
941,Bridgewater College (VA),2023,19157,
941,Bridgewater College (VA),2023,19158,
941,Bridgewater College (VA),2023,19159,
941,Bridgewater College (VA),2023,19163,
941,Bridgewater College (VA),2023,19164,
941,Bridgewater College (VA),2023,19165,
941,Bridgewater College (VA),2023,19166,
941,Bridgewater College (VA),2023,23104,
941,Bridgewater College (VA),2023,23105,
941,Bridgewater College (VA),2023,23106,
941,Bridgewater College (VA),2023,23107,
941,Bridgewater College (VA),2023,23108,
941,Bridgewater College (VA),2023,23109,
941,Bridgewater College (VA),2023,23110,
941,Bridgewater College (VA),2023,23111,
941,Bridgewater College (VA),2023,23112,
941,Bridgewater College (VA),2023,23113,
941,Bridgewater College (VA),2023,23114,
603,UT Dallas,2023,8898,
603,UT Dallas,2023,8899,
603,UT Dallas,2023,8900,
603,UT Dallas,2023,8901,
603,UT Dallas,2023,8902,
603,UT Dallas,2023,8903,
603,UT Dallas,2023,8904,
603,UT Dallas,2023,8905,
603,UT Dallas,2023,8906,
603,UT Dallas,2023,8907,
603,UT Dallas,2023,8908,
603,UT Dallas,2023,8909,
603,UT Dallas,2023,8910,
637,Southern Oregon,2023,9928,
637,Southern Oregon,2023,9929,
637,Southern Oregon,2023,9930,
637,Southern Oregon,2023,9931,
637,Southern Oregon,2023,9932,
637,Southern Oregon,2023,9933,
637,Southern Oregon,2023,9934,
637,Southern Oregon,2023,9935,
637,Southern Oregon,2023,9936,
637,Southern Oregon,2023,9937,
637,Southern Oregon,2023,9938,
637,Southern Oregon,2023,9939,
637,Southern Oregon,2023,9940,
804,Southwestern Christian,2023,14377,
804,Southwestern Christian,2023,14382,
804,Southwestern Christian,2023,14383,
804,Southwestern Christian,2023,14398,
804,Southwestern Christian,2023,14399,
804,Southwestern Christian,2023,14400,
804,Southwestern Christian,2023,14401,
804,Southwestern Christian,2023,14402,
804,Southwestern Christian,2023,14403,
804,Southwestern Christian,2023,14404,
804,Southwestern Christian,2023,24929,
804,Southwestern Christian,2023,24930,
804,Southwestern Christian,2023,24931,
804,Southwestern Christian,2023,24932,
804,Southwestern Christian,2023,24933,
804,Southwestern Christian,2023,24934,
804,Southwestern Christian,2023,24935,
804,Southwestern Christian,2023,24936,
804,Southwestern Christian,2023,24937,
804,Southwestern Christian,2023,24938,
804,Southwestern Christian,2023,24939,
804,Southwestern Christian,2023,24940,
804,Southwestern Christian,2023,24941,
804,Southwestern Christian,2023,24942,
804,Southwestern Christian,2023,24943,
804,Southwestern Christian,2023,24944,
804,Southwestern Christian,2023,24945,
804,Southwestern Christian,2023,24946,
804,Southwestern Christian,2023,24947,
804,Southwestern Christian,2023,24948,
804,Southwestern Christian,2023,24949,
804,Southwestern Christian,2023,24950,
758,Harris-Stowe State,2023,13137,
758,Harris-Stowe State,2023,13138,
758,Harris-Stowe State,2023,13139,
758,Harris-Stowe State,2023,13140,
758,Harris-Stowe State,2023,13144,
758,Harris-Stowe State,2023,13145,
758,Harris-Stowe State,2023,13146,
758,Harris-Stowe State,2023,15463,
758,Harris-Stowe State,2023,21221,
758,Harris-Stowe State,2023,21222,
758,Harris-Stowe State,2023,21223,
758,Harris-Stowe State,2023,21224,
758,Harris-Stowe State,2023,21225,
758,Harris-Stowe State,2023,21226,
758,Harris-Stowe State,2023,21227,
758,Harris-Stowe State,2023,21228,
803,Virginia Wesleyan,2023,14343,
803,Virginia Wesleyan,2023,14345,
803,Virginia Wesleyan,2023,14346,
803,Virginia Wesleyan,2023,14361,
803,Virginia Wesleyan,2023,14362,
803,Virginia Wesleyan,2023,14363,
803,Virginia Wesleyan,2023,14368,
803,Virginia Wesleyan,2023,14369,
803,Virginia Wesleyan,2023,14372,
803,Virginia Wesleyan,2023,23133,
803,Virginia Wesleyan,2023,23134,
803,Virginia Wesleyan,2023,23135,
803,Virginia Wesleyan,2023,23136,
803,Virginia Wesleyan,2023,23137,
803,Virginia Wesleyan,2023,23138,
803,Virginia Wesleyan,2023,23139,
803,Virginia Wesleyan,2023,23140,
803,Virginia Wesleyan,2023,23141,
803,Virginia Wesleyan,2023,23142,
803,Virginia Wesleyan,2023,23143,
494,UNT Dallas,2023,686,
494,UNT Dallas,2023,690,
494,UNT Dallas,2023,701,
494,UNT Dallas,2023,702,
494,UNT Dallas,2023,703,
494,UNT Dallas,2023,704,
494,UNT Dallas,2023,705,
494,UNT Dallas,2023,706,
494,UNT Dallas,2023,707,
494,UNT Dallas,2023,708,
494,UNT Dallas,2023,709,
494,UNT Dallas,2023,710,
494,UNT Dallas,2023,21269,
494,UNT Dallas,2023,21270,
494,UNT Dallas,2023,21271,
494,UNT Dallas,2023,21272,
494,UNT Dallas,2023,21273,
494,UNT Dallas,2023,21274,
494,UNT Dallas,2023,21275,
494,UNT Dallas,2023,21276,
494,UNT Dallas,2023,21277,
494,UNT Dallas,2023,21278,
494,UNT Dallas,2023,21279,
494,UNT Dallas,2023,21280,
494,UNT Dallas,2023,21281,
494,UNT Dallas,2023,21282,
494,UNT Dallas,2023,21283,
494,UNT Dallas,2023,21284,
494,UNT Dallas,2023,21285,
494,UNT Dallas,2023,21286,
1018,Oklahoma Baptist,2023,7021,
1018,Oklahoma Baptist,2023,18626,
1018,Oklahoma Baptist,2023,19591,
1018,Oklahoma Baptist,2023,23489,
1018,Oklahoma Baptist,2023,23490,
1018,Oklahoma Baptist,2023,23491,
1018,Oklahoma Baptist,2023,23492,
1018,Oklahoma Baptist,2023,23493,
1018,Oklahoma Baptist,2023,23494,
1018,Oklahoma Baptist,2023,23495,
1018,Oklahoma Baptist,2023,23496,
1018,Oklahoma Baptist,2023,23497,
1018,Oklahoma Baptist,2023,23498,
1018,Oklahoma Baptist,2023,23499,
1018,Oklahoma Baptist,2023,23500,
652,Colorado Christian,2023,10280,
652,Colorado Christian,2023,10282,
652,Colorado Christian,2023,10292,
652,Colorado Christian,2023,10293,
652,Colorado Christian,2023,10296,
652,Colorado Christian,2023,10299,
652,Colorado Christian,2023,10396,
652,Colorado Christian,2023,21840,
652,Colorado Christian,2023,21841,
652,Colorado Christian,2023,21842,
652,Colorado Christian,2023,21843,
652,Colorado Christian,2023,21844,
652,Colorado Christian,2023,21845,
652,Colorado Christian,2023,21846,
652,Colorado Christian,2023,21847,
652,Colorado Christian,2023,21848,
535,Pfeiffer,2023,3768,
535,Pfeiffer,2023,3769,
535,Pfeiffer,2023,3770,
535,Pfeiffer,2023,3771,
535,Pfeiffer,2023,3772,
535,Pfeiffer,2023,3785,
535,Pfeiffer,2023,3787,
535,Pfeiffer,2023,3788,
535,Pfeiffer,2023,3791,
535,Pfeiffer,2023,3792,
535,Pfeiffer,2023,3793,
535,Pfeiffer,2023,21292,
535,Pfeiffer,2023,21293,
535,Pfeiffer,2023,21294,
535,Pfeiffer,2023,21295,
535,Pfeiffer,2023,21296,
535,Pfeiffer,2023,21297,
535,Pfeiffer,2023,21298,
535,Pfeiffer,2023,21299,
535,Pfeiffer,2023,21300,
535,Pfeiffer,2023,21301,
535,Pfeiffer,2023,21302,
535,Pfeiffer,2023,21303,
535,Pfeiffer,2023,21304,
535,Pfeiffer,2023,21305,
535,Pfeiffer,2023,21306,
535,Pfeiffer,2023,21307,
535,Pfeiffer,2023,21308,
535,Pfeiffer,2023,21309,
535,Pfeiffer,2023,21310,
535,Pfeiffer,2023,21311,
535,Pfeiffer,2023,21312,
535,Pfeiffer,2023,21313,
728,Judson University,2023,12341,
728,Judson University,2023,12342,
728,Judson University,2023,12343,
728,Judson University,2023,12344,
728,Judson University,2023,12345,
728,Judson University,2023,12346,
728,Judson University,2023,12347,
728,Judson University,2023,12348,
728,Judson University,2023,12349,
728,Judson University,2023,12350,
728,Judson University,2023,12351,
728,Judson University,2023,12352,
728,Judson University,2023,12353,
728,Judson University,2023,12354,
728,Judson University,2023,12355,
1052,Fairmont St,2023,19030,
1052,Fairmont St,2023,25184,
1052,Fairmont St,2023,25185,
1052,Fairmont St,2023,25186,
1052,Fairmont St,2023,25187,
1052,Fairmont St,2023,25188,
1052,Fairmont St,2023,25189,
1052,Fairmont St,2023,25190,
1052,Fairmont St,2023,25191,
1052,Fairmont St,2023,25192,
1052,Fairmont St,2023,25193,
1052,Fairmont St,2023,25194,
1052,Fairmont St,2023,25195,
1052,Fairmont St,2023,25196,
1052,Fairmont St,2023,25197,
1052,Fairmont St,2023,25198,
1052,Fairmont St,2023,25199,
1052,Fairmont St,2023,25200,
1052,Fairmont St,2023,25201,
1052,Fairmont St,2023,25202,
987,Harding,2023,21391,
987,Harding,2023,21392,
987,Harding,2023,21393,
987,Harding,2023,21394,
987,Harding,2023,21395,
987,Harding,2023,21396,
987,Harding,2023,21397,
987,Harding,2023,21398,
987,Harding,2023,21399,
987,Harding,2023,21400,
987,Harding,2023,21401,
987,Harding,2023,21402,
987,Harding,2023,21403,
987,Harding,2023,21404,
987,Harding,2023,21405,
865,Point Park,2023,17654,
865,Point Park,2023,17656,
809,Manhattanville,2023,14513,
809,Manhattanville,2023,14522,
809,Manhattanville,2023,14530,
809,Manhattanville,2023,14531,
809,Manhattanville,2023,14532,
809,Manhattanville,2023,14533,
809,Manhattanville,2023,14534,
809,Manhattanville,2023,14535,
809,Manhattanville,2023,14536,
809,Manhattanville,2023,14537,
809,Manhattanville,2023,14538,
809,Manhattanville,2023,14539,
809,Manhattanville,2023,14540,
809,Manhattanville,2023,14541,
809,Manhattanville,2023,14542,
809,Manhattanville,2023,14543,
809,Manhattanville,2023,14544,
881,Johnson & Wales (NC),2023,18011,
881,Johnson & Wales (NC),2023,18012,
881,Johnson & Wales (NC),2023,18013,
881,Johnson & Wales (NC),2023,18014,
881,Johnson & Wales (NC),2023,18015,
881,Johnson & Wales (NC),2023,18016,
881,Johnson & Wales (NC),2023,18019,
881,Johnson & Wales (NC),2023,18020,
881,Johnson & Wales (NC),2023,18021,
881,Johnson & Wales (NC),2023,18022,
881,Johnson & Wales (NC),2023,18023,
881,Johnson & Wales (NC),2023,18024,
881,Johnson & Wales (NC),2023,18025,
881,Johnson & Wales (NC),2023,18026,
881,Johnson & Wales (NC),2023,18027,
881,Johnson & Wales (NC),2023,18028,
881,Johnson & Wales (NC),2023,18029,
881,Johnson & Wales (NC),2023,18030,
542,Jamestown,2023,4342,
542,Jamestown,2023,4343,
542,Jamestown,2023,4344,
542,Jamestown,2023,4345,
542,Jamestown,2023,4346,
542,Jamestown,2023,4347,
542,Jamestown,2023,4348,
542,Jamestown,2023,4349,
542,Jamestown,2023,4350,
542,Jamestown,2023,4351,
542,Jamestown,2023,4352,
542,Jamestown,2023,4353,
542,Jamestown,2023,4354,
542,Jamestown,2023,4355,
542,Jamestown,2023,4356,
542,Jamestown,2023,4357,
542,Jamestown,2023,4358,
542,Jamestown,2023,4359,
542,Jamestown,2023,4360,
542,Jamestown,2023,4361,
685,Calvary,2023,11244,
685,Calvary,2023,11251,
685,Calvary,2023,11252,
685,Calvary,2023,11253,
685,Calvary,2023,11254,
685,Calvary,2023,11255,
685,Calvary,2023,11256,
685,Calvary,2023,11257,
685,Calvary,2023,11258,
685,Calvary,2023,11259,
685,Calvary,2023,11260,
685,Calvary,2023,11261,
685,Calvary,2023,11262,
1005,Union (NY),2023,23115,
1005,Union (NY),2023,23116,
1005,Union (NY),2023,23117,
1005,Union (NY),2023,23118,
1005,Union (NY),2023,23119,
1005,Union (NY),2023,23120,
1005,Union (NY),2023,23121,
1005,Union (NY),2023,23122,
1005,Union (NY),2023,23123,
1005,Union (NY),2023,23124,
1005,Union (NY),2023,23125,
1005,Union (NY),2023,23126,
1005,Union (NY),2023,23127,
1005,Union (NY),2023,23128,
1005,Union (NY),2023,23129,
1005,Union (NY),2023,23130,
1005,Union (NY),2023,23131,
1005,Union (NY),2023,23132,
699,Johnson University (TN),2023,11600,
699,Johnson University (TN),2023,11605,
699,Johnson University (TN),2023,11606,
699,Johnson University (TN),2023,11607,
699,Johnson University (TN),2023,11610,
699,Johnson University (TN),2023,11611,
699,Johnson University (TN),2023,11612,
699,Johnson University (TN),2023,11613,
699,Johnson University (TN),2023,11616,
699,Johnson University (TN),2023,24643,
699,Johnson University (TN),2023,24644,
699,Johnson University (TN),2023,24645,
699,Johnson University (TN),2023,24646,
699,Johnson University (TN),2023,24647,
699,Johnson University (TN),2023,24648,
699,Johnson University (TN),2023,24649,
699,Johnson University (TN),2023,24650,
699,Johnson University (TN),2023,24651,
699,Johnson University (TN),2023,24652,
699,Johnson University (TN),2023,24653,
699,Johnson University (TN),2023,24654,
699,Johnson University (TN),2023,24655,
699,Johnson University (TN),2023,24656,
1002,Cardinal Stritch,2023,22901,
1002,Cardinal Stritch,2023,22902,
1002,Cardinal Stritch,2023,22903,
1002,Cardinal Stritch,2023,22904,
1002,Cardinal Stritch,2023,22905,
1002,Cardinal Stritch,2023,22906,
1002,Cardinal Stritch,2023,22907,
1002,Cardinal Stritch,2023,22908,
1002,Cardinal Stritch,2023,22909,
1002,Cardinal Stritch,2023,22910,
1002,Cardinal Stritch,2023,22911,
1002,Cardinal Stritch,2023,22912,
1002,Cardinal Stritch,2023,22913,
1002,Cardinal Stritch,2023,22914,
1002,Cardinal Stritch,2023,22915,
1002,Cardinal Stritch,2023,22916,
1002,Cardinal Stritch,2023,22917,
1050,Master's University,2023,3199,
1050,Master's University,2023,18369,
1050,Master's University,2023,25138,
1050,Master's University,2023,25139,
1050,Master's University,2023,25140,
1050,Master's University,2023,25141,
1050,Master's University,2023,25142,
1050,Master's University,2023,25143,
1050,Master's University,2023,25144,
1050,Master's University,2023,25145,
1050,Master's University,2023,25146,
1050,Master's University,2023,25147,
1050,Master's University,2023,25148,
1050,Master's University,2023,25149,
1050,Master's University,2023,25150,
514,Dickinson (PA),2023,1910,
514,Dickinson (PA),2023,1911,
514,Dickinson (PA),2023,1913,
514,Dickinson (PA),2023,1915,
514,Dickinson (PA),2023,1918,
762,Ouachita Baptist,2023,5933,
762,Ouachita Baptist,2023,6312,
762,Ouachita Baptist,2023,13236,
762,Ouachita Baptist,2023,13237,
762,Ouachita Baptist,2023,13239,
762,Ouachita Baptist,2023,13240,
762,Ouachita Baptist,2023,13241,
762,Ouachita Baptist,2023,13242,
762,Ouachita Baptist,2023,13243,
762,Ouachita Baptist,2023,13244,
762,Ouachita Baptist,2023,13245,
762,Ouachita Baptist,2023,13246,
762,Ouachita Baptist,2023,13247,
762,Ouachita Baptist,2023,13248,
762,Ouachita Baptist,2023,13249,
762,Ouachita Baptist,2023,19074,
531,LSU Alexandria,2023,3609,
531,LSU Alexandria,2023,3619,
531,LSU Alexandria,2023,3620,
531,LSU Alexandria,2023,3621,
531,LSU Alexandria,2023,3622,
531,LSU Alexandria,2023,3623,
531,LSU Alexandria,2023,3624,
531,LSU Alexandria,2023,3625,
531,LSU Alexandria,2023,3626,
531,LSU Alexandria,2023,3627,
531,LSU Alexandria,2023,3628,
531,LSU Alexandria,2023,3629,
531,LSU Alexandria,2023,3630,
531,LSU Alexandria,2023,3667,
1040,Cal State East Bay,2023,2807,
1040,Cal State East Bay,2023,24734,
1040,Cal State East Bay,2023,24735,
1040,Cal State East Bay,2023,24736,
1040,Cal State East Bay,2023,24737,
1040,Cal State East Bay,2023,24738,
1040,Cal State East Bay,2023,24739,
1040,Cal State East Bay,2023,24740,
1040,Cal State East Bay,2023,24741,
1040,Cal State East Bay,2023,24742,
1040,Cal State East Bay,2023,24743,
1040,Cal State East Bay,2023,24744,
1040,Cal State East Bay,2023,24745,
1040,Cal State East Bay,2023,24746,
1040,Cal State East Bay,2023,24747,
628,Mount Marty College,2023,9676,
628,Mount Marty College,2023,9683,
628,Mount Marty College,2023,9700,
628,Mount Marty College,2023,9703,
628,Mount Marty College,2023,9704,
628,Mount Marty College,2023,9705,
628,Mount Marty College,2023,9706,
628,Mount Marty College,2023,9707,
628,Mount Marty College,2023,9708,
628,Mount Marty College,2023,24003,
628,Mount Marty College,2023,24004,
628,Mount Marty College,2023,24005,
628,Mount Marty College,2023,24006,
628,Mount Marty College,2023,24007,
628,Mount Marty College,2023,24008,
628,Mount Marty College,2023,24009,
628,Mount Marty College,2023,24010,
988,UW-Parkside,2023,1661,
988,UW-Parkside,2023,2527,
988,UW-Parkside,2023,6001,
988,UW-Parkside,2023,16481,
988,UW-Parkside,2023,21438,
988,UW-Parkside,2023,21439,
988,UW-Parkside,2023,21440,
988,UW-Parkside,2023,21441,
988,UW-Parkside,2023,21442,
988,UW-Parkside,2023,21443,
988,UW-Parkside,2023,21444,
988,UW-Parkside,2023,21445,
988,UW-Parkside,2023,21446,
988,UW-Parkside,2023,21447,
988,UW-Parkside,2023,21448,
670,La Sierra,2023,10805,
670,La Sierra,2023,10806,
670,La Sierra,2023,10807,
670,La Sierra,2023,10808,
670,La Sierra,2023,22034,
670,La Sierra,2023,22035,
670,La Sierra,2023,22036,
670,La Sierra,2023,22037,
670,La Sierra,2023,22038,
670,La Sierra,2023,22039,
670,La Sierra,2023,22040,
670,La Sierra,2023,22041,
670,La Sierra,2023,22042,
670,La Sierra,2023,22043,
670,La Sierra,2023,22044,
670,La Sierra,2023,22045,
670,La Sierra,2023,22046,
670,La Sierra,2023,22047,
670,La Sierra,2023,24103,
560,William Carey,2023,6103,
560,William Carey,2023,6104,
560,William Carey,2023,6108,
560,William Carey,2023,6109,
560,William Carey,2023,6111,
560,William Carey,2023,6112,
560,William Carey,2023,21424,
560,William Carey,2023,21425,
560,William Carey,2023,21426,
560,William Carey,2023,21427,
560,William Carey,2023,21428,
560,William Carey,2023,21429,
560,William Carey,2023,21430,
560,William Carey,2023,21431,
1057,Goucher,2023,25392,
1057,Goucher,2023,25393,
1057,Goucher,2023,25394,
1057,Goucher,2023,25395,
1057,Goucher,2023,25396,
1057,Goucher,2023,25397,
1057,Goucher,2023,25398,
1057,Goucher,2023,25399,
1057,Goucher,2023,25400,
1057,Goucher,2023,25401,
1057,Goucher,2023,25402,
1057,Goucher,2023,25403,
1057,Goucher,2023,25404,
1057,Goucher,2023,25405,
1057,Goucher,2023,25406,
1057,Goucher,2023,25407,
1057,Goucher,2023,25408,
1057,Goucher,2023,25409,
1057,Goucher,2023,25410,
1057,Goucher,2023,25411,
545,St. Francis (IL),2023,4451,
545,St. Francis (IL),2023,4459,
545,St. Francis (IL),2023,4460,
545,St. Francis (IL),2023,4467,
545,St. Francis (IL),2023,4468,
545,St. Francis (IL),2023,4469,
545,St. Francis (IL),2023,4470,
545,St. Francis (IL),2023,4472,
545,St. Francis (IL),2023,4473,
545,St. Francis (IL),2023,4474,
545,St. Francis (IL),2023,4475,
545,St. Francis (IL),2023,4477,
545,St. Francis (IL),2023,4478,
545,St. Francis (IL),2023,4479,
545,St. Francis (IL),2023,4480,
545,St. Francis (IL),2023,4481,
545,St. Francis (IL),2023,4482,
545,St. Francis (IL),2023,4483,
545,St. Francis (IL),2023,4484,
545,St. Francis (IL),2023,4485,
545,St. Francis (IL),2023,4486,
545,St. Francis (IL),2023,4487,
545,St. Francis (IL),2023,4488,
940,Mayville State,2023,19136,
697,Mansfield,2023,11550,
697,Mansfield,2023,11551,
697,Mansfield,2023,11552,
697,Mansfield,2023,11553,
697,Mansfield,2023,11554,
697,Mansfield,2023,11555,
697,Mansfield,2023,11556,
697,Mansfield,2023,11557,
697,Mansfield,2023,11558,
697,Mansfield,2023,11559,
697,Mansfield,2023,11560,
697,Mansfield,2023,11561,
697,Mansfield,2023,11562,
697,Mansfield,2023,11563,
697,Mansfield,2023,11564,
697,Mansfield,2023,11565,
553,Dubuque,2023,5284,
553,Dubuque,2023,5288,
553,Dubuque,2023,5300,
553,Dubuque,2023,5301,
553,Dubuque,2023,5302,
553,Dubuque,2023,5303,
553,Dubuque,2023,5304,
553,Dubuque,2023,5305,
553,Dubuque,2023,5306,
553,Dubuque,2023,5307,
553,Dubuque,2023,5308,
553,Dubuque,2023,5309,
553,Dubuque,2023,5310,
553,Dubuque,2023,5311,
553,Dubuque,2023,5312,
553,Dubuque,2023,5313,
553,Dubuque,2023,5314,
553,Dubuque,2023,5315,
553,Dubuque,2023,5316,
553,Dubuque,2023,5317,
553,Dubuque,2023,5318,
553,Dubuque,2023,5319,
553,Dubuque,2023,5320,
553,Dubuque,2023,5321,
553,Dubuque,2023,5322,
831,Spalding,2023,15423,
831,Spalding,2023,15424,
831,Spalding,2023,15425,
831,Spalding,2023,15426,
831,Spalding,2023,15427,
831,Spalding,2023,15434,
831,Spalding,2023,15435,
831,Spalding,2023,15436,
831,Spalding,2023,15437,
831,Spalding,2023,15438,
831,Spalding,2023,24748,
831,Spalding,2023,24749,
831,Spalding,2023,24750,
831,Spalding,2023,24751,
831,Spalding,2023,24752,
831,Spalding,2023,24753,
831,Spalding,2023,24754,
831,Spalding,2023,24755,
831,Spalding,2023,24756,
831,Spalding,2023,24757,
831,Spalding,2023,24758,
811,Waldorf College,2023,13911,
811,Waldorf College,2023,14576,
811,Waldorf College,2023,14577,
811,Waldorf College,2023,14578,
811,Waldorf College,2023,14583,
811,Waldorf College,2023,14588,
811,Waldorf College,2023,14590,
811,Waldorf College,2023,14591,
811,Waldorf College,2023,14592,
811,Waldorf College,2023,14593,
811,Waldorf College,2023,24725,
811,Waldorf College,2023,24726,
811,Waldorf College,2023,24727,
811,Waldorf College,2023,24728,
811,Waldorf College,2023,24729,
811,Waldorf College,2023,24730,
811,Waldorf College,2023,24731,
811,Waldorf College,2023,24732,
811,Waldorf College,2023,24733,
605,Evergreen State,2023,8985,
605,Evergreen State,2023,8986,
605,Evergreen State,2023,8987,
605,Evergreen State,2023,8988,
605,Evergreen State,2023,8992,
605,Evergreen State,2023,8993,
605,Evergreen State,2023,8994,
605,Evergreen State,2023,8995,
605,Evergreen State,2023,8996,
605,Evergreen State,2023,23360,
605,Evergreen State,2023,23361,
605,Evergreen State,2023,23362,
605,Evergreen State,2023,23363,
605,Evergreen State,2023,23364,
605,Evergreen State,2023,23365,
605,Evergreen State,2023,23366,
605,Evergreen State,2023,23367,
605,Evergreen State,2023,23368,
605,Evergreen State,2023,23369,
605,Evergreen State,2023,23370,
605,Evergreen State,2023,23371,
605,Evergreen State,2023,23372,
605,Evergreen State,2023,23373,
605,Evergreen State,2023,23374,
605,Evergreen State,2023,23375,
587,St. Andrews,2023,8207,
587,St. Andrews,2023,8208,
587,St. Andrews,2023,8216,
587,St. Andrews,2023,8219,
587,St. Andrews,2023,8220,
587,St. Andrews,2023,8221,
587,St. Andrews,2023,8222,
587,St. Andrews,2023,8223,
587,St. Andrews,2023,8224,
587,St. Andrews,2023,8228,
587,St. Andrews,2023,8229,
587,St. Andrews,2023,8230,
587,St. Andrews,2023,8231,
587,St. Andrews,2023,8232,
587,St. Andrews,2023,23607,
587,St. Andrews,2023,23608,
587,St. Andrews,2023,23609,
587,St. Andrews,2023,23610,
587,St. Andrews,2023,23611,
587,St. Andrews,2023,23612,
587,St. Andrews,2023,23613,
587,St. Andrews,2023,23614,
587,St. Andrews,2023,23615,
587,St. Andrews,2023,23616,
587,St. Andrews,2023,23617,
587,St. Andrews,2023,23618,
587,St. Andrews,2023,23619,
587,St. Andrews,2023,25509,
587,St. Andrews,2023,25510,
604,Wayland Baptist,2023,8944,
604,Wayland Baptist,2023,8945,
604,Wayland Baptist,2023,8946,
604,Wayland Baptist,2023,8947,
604,Wayland Baptist,2023,8948,
604,Wayland Baptist,2023,8949,
604,Wayland Baptist,2023,8950,
604,Wayland Baptist,2023,8951,
604,Wayland Baptist,2023,8952,
604,Wayland Baptist,2023,8953,
604,Wayland Baptist,2023,8954,
604,Wayland Baptist,2023,8955,
604,Wayland Baptist,2023,8956,
604,Wayland Baptist,2023,8957,
604,Wayland Baptist,2023,8958,
604,Wayland Baptist,2023,8959,
604,Wayland Baptist,2023,8960,
604,Wayland Baptist,2023,8961,
604,Wayland Baptist,2023,8962,
604,Wayland Baptist,2023,8963,
604,Wayland Baptist,2023,8964,
604,Wayland Baptist,2023,8965,
604,Wayland Baptist,2023,8966,
842,Carroll (MT),2023,6689,
842,Carroll (MT),2023,15914,
842,Carroll (MT),2023,15918,
842,Carroll (MT),2023,15921,
842,Carroll (MT),2023,15924,
842,Carroll (MT),2023,15928,
639,Dickinson State (ND),2023,9970,
639,Dickinson State (ND),2023,9976,
639,Dickinson State (ND),2023,9977,
639,Dickinson State (ND),2023,9980,
639,Dickinson State (ND),2023,9981,
639,Dickinson State (ND),2023,9982,
639,Dickinson State (ND),2023,9983,
639,Dickinson State (ND),2023,9984,
639,Dickinson State (ND),2023,9985,
639,Dickinson State (ND),2023,9986,
639,Dickinson State (ND),2023,9987,
639,Dickinson State (ND),2023,9988,
639,Dickinson State (ND),2023,9989,
639,Dickinson State (ND),2023,9990,
639,Dickinson State (ND),2023,9991,
506,Alice Lloyd College,2023,1541,
506,Alice Lloyd College,2023,1542,
506,Alice Lloyd College,2023,1543,
506,Alice Lloyd College,2023,1544,
506,Alice Lloyd College,2023,1549,
506,Alice Lloyd College,2023,1551,
506,Alice Lloyd College,2023,1552,
506,Alice Lloyd College,2023,1553,
506,Alice Lloyd College,2023,1554,
506,Alice Lloyd College,2023,1556,
506,Alice Lloyd College,2023,1557,
506,Alice Lloyd College,2023,1559,
506,Alice Lloyd College,2023,24325,
506,Alice Lloyd College,2023,24326,
506,Alice Lloyd College,2023,24327,
506,Alice Lloyd College,2023,24328,
506,Alice Lloyd College,2023,24329,
506,Alice Lloyd College,2023,24330,
506,Alice Lloyd College,2023,24331,
506,Alice Lloyd College,2023,24332,
968,Mount Saint Vincent,2023,11003,
968,Mount Saint Vincent,2023,19718,
968,Mount Saint Vincent,2023,19721,
968,Mount Saint Vincent,2023,19722,
968,Mount Saint Vincent,2023,19724,
968,Mount Saint Vincent,2023,19728,
968,Mount Saint Vincent,2023,19729,
968,Mount Saint Vincent,2023,19730,
968,Mount Saint Vincent,2023,19732,
968,Mount Saint Vincent,2023,19733,
968,Mount Saint Vincent,2023,23032,
968,Mount Saint Vincent,2023,23033,
968,Mount Saint Vincent,2023,23034,
968,Mount Saint Vincent,2023,23035,
968,Mount Saint Vincent,2023,23036,
968,Mount Saint Vincent,2023,23037,
968,Mount Saint Vincent,2023,23038,
968,Mount Saint Vincent,2023,23039,
922,SUNY-Potsdam,2023,18810,
742,Arlington Baptist,2023,12706,
742,Arlington Baptist,2023,12715,
742,Arlington Baptist,2023,12716,
742,Arlington Baptist,2023,12720,
742,Arlington Baptist,2023,12729,
742,Arlington Baptist,2023,12730,
742,Arlington Baptist,2023,23961,
742,Arlington Baptist,2023,23962,
742,Arlington Baptist,2023,23963,
742,Arlington Baptist,2023,23964,
742,Arlington Baptist,2023,23965,
742,Arlington Baptist,2023,23966,
742,Arlington Baptist,2023,23967,
742,Arlington Baptist,2023,23968,
742,Arlington Baptist,2023,23969,
742,Arlington Baptist,2023,23970,
742,Arlington Baptist,2023,23971,
742,Arlington Baptist,2023,23972,
742,Arlington Baptist,2023,23973,
742,Arlington Baptist,2023,23974,
742,Arlington Baptist,2023,23975,
742,Arlington Baptist,2023,23976,
742,Arlington Baptist,2023,23977,
742,Arlington Baptist,2023,23978,
742,Arlington Baptist,2023,23979,
742,Arlington Baptist,2023,23980,
742,Arlington Baptist,2023,23981,
742,Arlington Baptist,2023,23982,
742,Arlington Baptist,2023,23983,
742,Arlington Baptist,2023,23984,
742,Arlington Baptist,2023,23985,
742,Arlington Baptist,2023,23986,
742,Arlington Baptist,2023,24233,
742,Arlington Baptist,2023,24234,
742,Arlington Baptist,2023,25260,
724,Nazareth College,2023,12228,
724,Nazareth College,2023,12229,
724,Nazareth College,2023,12230,
724,Nazareth College,2023,12231,
724,Nazareth College,2023,12232,
724,Nazareth College,2023,12233,
724,Nazareth College,2023,12234,
724,Nazareth College,2023,12235,
724,Nazareth College,2023,12236,
724,Nazareth College,2023,12237,
724,Nazareth College,2023,12238,
724,Nazareth College,2023,12239,
724,Nazareth College,2023,12240,
724,Nazareth College,2023,12241,
724,Nazareth College,2023,12242,
724,Nazareth College,2023,12243,
724,Nazareth College,2023,12244,
724,Nazareth College,2023,12245,
724,Nazareth College,2023,12246,
724,Nazareth College,2023,12247,
724,Nazareth College,2023,12248,
724,Nazareth College,2023,12249,
788,Franciscan University,2023,13967,
788,Franciscan University,2023,13968,
788,Franciscan University,2023,13970,
788,Franciscan University,2023,13971,
788,Franciscan University,2023,13983,
788,Franciscan University,2023,13984,
788,Franciscan University,2023,13985,
788,Franciscan University,2023,13986,
788,Franciscan University,2023,13989,
788,Franciscan University,2023,13990,
788,Franciscan University,2023,13991,
788,Franciscan University,2023,13992,
788,Franciscan University,2023,13993,
788,Franciscan University,2023,23784,
788,Franciscan University,2023,23785,
788,Franciscan University,2023,23786,
788,Franciscan University,2023,23787,
788,Franciscan University,2023,23788,
788,Franciscan University,2023,23789,
788,Franciscan University,2023,23790,
788,Franciscan University,2023,23791,
788,Franciscan University,2023,23792,
788,Franciscan University,2023,23793,
788,Franciscan University,2023,23794,
1008,St. Mary's (TX),2023,6683,
1008,St. Mary's (TX),2023,23171,
1008,St. Mary's (TX),2023,23172,
1008,St. Mary's (TX),2023,23173,
1008,St. Mary's (TX),2023,23174,
1008,St. Mary's (TX),2023,23175,
1008,St. Mary's (TX),2023,23176,
1008,St. Mary's (TX),2023,23177,
1008,St. Mary's (TX),2023,23178,
1008,St. Mary's (TX),2023,23179,
1008,St. Mary's (TX),2023,23180,
1008,St. Mary's (TX),2023,23181,
1008,St. Mary's (TX),2023,23182,
1008,St. Mary's (TX),2023,23183,
1008,St. Mary's (TX),2023,23184,
1008,St. Mary's (TX),2023,23185,
1008,St. Mary's (TX),2023,23186,
1008,St. Mary's (TX),2023,23187,
1008,St. Mary's (TX),2023,23188,
1008,St. Mary's (TX),2023,23189,
1008,St. Mary's (TX),2023,23190,
1008,St. Mary's (TX),2023,23191,
1008,St. Mary's (TX),2023,23192,
826,Medgar Evers,2023,15058,
826,Medgar Evers,2023,15059,
826,Medgar Evers,2023,15068,
826,Medgar Evers,2023,15078,
826,Medgar Evers,2023,15079,
826,Medgar Evers,2023,15080,
826,Medgar Evers,2023,15081,
826,Medgar Evers,2023,25380,
826,Medgar Evers,2023,25381,
826,Medgar Evers,2023,25382,
826,Medgar Evers,2023,25383,
826,Medgar Evers,2023,25384,
826,Medgar Evers,2023,25385,
826,Medgar Evers,2023,25386,
826,Medgar Evers,2023,25387,
826,Medgar Evers,2023,25388,
826,Medgar Evers,2023,25389,
826,Medgar Evers,2023,25390,
826,Medgar Evers,2023,25391,
1055,Williams Baptist,2023,25303,
1055,Williams Baptist,2023,25304,
1055,Williams Baptist,2023,25305,
1055,Williams Baptist,2023,25306,
1055,Williams Baptist,2023,25307,
1055,Williams Baptist,2023,25308,
1055,Williams Baptist,2023,25309,
1055,Williams Baptist,2023,25310,
1055,Williams Baptist,2023,25311,
1055,Williams Baptist,2023,25312,
1055,Williams Baptist,2023,25313,
1055,Williams Baptist,2023,25314,
1055,Williams Baptist,2023,25315,
1055,Williams Baptist,2023,25316,
1055,Williams Baptist,2023,25317,
1055,Williams Baptist,2023,25318,
1055,Williams Baptist,2023,25319,
1055,Williams Baptist,2023,25320,
1055,Williams Baptist,2023,25321,
1055,Williams Baptist,2023,25322,
1055,Williams Baptist,2023,25323,
1055,Williams Baptist,2023,25324,
1055,Williams Baptist,2023,25325,
1055,Williams Baptist,2023,25326,
1055,Williams Baptist,2023,25327,
1055,Williams Baptist,2023,25328,
1055,Williams Baptist,2023,25329,
1055,Williams Baptist,2023,25330,
1055,Williams Baptist,2023,25331,
1055,Williams Baptist,2023,25332,
1055,Williams Baptist,2023,25333,2003-12-10
1032,Wabash College,2023,24446,
1032,Wabash College,2023,24447,
1032,Wabash College,2023,24448,
1032,Wabash College,2023,24449,
1032,Wabash College,2023,24450,
1032,Wabash College,2023,24451,
1032,Wabash College,2023,24452,
1032,Wabash College,2023,24453,
1032,Wabash College,2023,24454,
1032,Wabash College,2023,24455,
1032,Wabash College,2023,24456,
1032,Wabash College,2023,24457,
1032,Wabash College,2023,24458,
1032,Wabash College,2023,24459,
1032,Wabash College,2023,24460,
1032,Wabash College,2023,24461,
1032,Wabash College,2023,24462,
1032,Wabash College,2023,24463,
849,Southwestern Assemblies of God,2023,16780,
849,Southwestern Assemblies of God,2023,16781,
849,Southwestern Assemblies of God,2023,16782,
849,Southwestern Assemblies of God,2023,16783,
849,Southwestern Assemblies of God,2023,16784,
849,Southwestern Assemblies of God,2023,16785,
849,Southwestern Assemblies of God,2023,16786,
849,Southwestern Assemblies of God,2023,16787,
849,Southwestern Assemblies of God,2023,16788,
849,Southwestern Assemblies of God,2023,16789,
849,Southwestern Assemblies of God,2023,16790,
849,Southwestern Assemblies of God,2023,16791,
849,Southwestern Assemblies of God,2023,16792,2023-01-24
849,Southwestern Assemblies of God,2023,25637,
849,Southwestern Assemblies of God,2023,25638,
849,Southwestern Assemblies of God,2023,25639,
849,Southwestern Assemblies of God,2023,25640,
849,Southwestern Assemblies of God,2023,25641,
849,Southwestern Assemblies of God,2023,25642,
849,Southwestern Assemblies of God,2023,25643,
849,Southwestern Assemblies of God,2023,25644,
849,Southwestern Assemblies of God,2023,25645,
849,Southwestern Assemblies of God,2023,25646,
849,Southwestern Assemblies of God,2023,25647,
849,Southwestern Assemblies of God,2023,25648,
849,Southwestern Assemblies of God,2023,25649,
849,Southwestern Assemblies of God,2023,25650,
849,Southwestern Assemblies of God,2023,25651,
764,Montana Tech,2023,13283,
764,Montana Tech,2023,13284,
764,Montana Tech,2023,13286,
764,Montana Tech,2023,13296,
764,Montana Tech,2023,13297,
764,Montana Tech,2023,13298,
764,Montana Tech,2023,13299,
764,Montana Tech,2023,13304,
764,Montana Tech,2023,13305,
764,Montana Tech,2023,13306,
1004,Manchester,2023,23077,
1004,Manchester,2023,23078,
1004,Manchester,2023,23079,
1004,Manchester,2023,23080,
1004,Manchester,2023,23081,
1004,Manchester,2023,23082,
1004,Manchester,2023,23083,
1004,Manchester,2023,23084,
1004,Manchester,2023,23085,
1004,Manchester,2023,23086,
1004,Manchester,2023,23087,
1004,Manchester,2023,23088,
1004,Manchester,2023,23089,
1004,Manchester,2023,23090,
1004,Manchester,2023,23091,
1004,Manchester,2023,23092,
1004,Manchester,2023,23093,
1004,Manchester,2023,23094,
1004,Manchester,2023,23095,
1004,Manchester,2023,23096,
1004,Manchester,2023,23097,
1004,Manchester,2023,23098,
973,Lebanon Valley,2023,19443,
973,Lebanon Valley,2023,20369,
973,Lebanon Valley,2023,20370,
973,Lebanon Valley,2023,20371,
973,Lebanon Valley,2023,20372,
973,Lebanon Valley,2023,20373,
973,Lebanon Valley,2023,20374,
973,Lebanon Valley,2023,20375,
973,Lebanon Valley,2023,20376,
973,Lebanon Valley,2023,20377,
973,Lebanon Valley,2023,20378,
973,Lebanon Valley,2023,20379,
973,Lebanon Valley,2023,20380,
973,Lebanon Valley,2023,20381,
973,Lebanon Valley,2023,20382,
973,Lebanon Valley,2023,20383,
973,Lebanon Valley,2023,20384,
845,Warner Pacific,2023,16452,
845,Warner Pacific,2023,16453,
845,Warner Pacific,2023,16456,
845,Warner Pacific,2023,16460,
845,Warner Pacific,2023,16463,
845,Warner Pacific,2023,16464,
845,Warner Pacific,2023,16465,
845,Warner Pacific,2023,23428,
845,Warner Pacific,2023,23429,
845,Warner Pacific,2023,23430,
845,Warner Pacific,2023,23431,
845,Warner Pacific,2023,23432,
845,Warner Pacific,2023,23433,
845,Warner Pacific,2023,23434,
552,Avila,2023,5259,
521,Trinity Baptist,2023,2254,
521,Trinity Baptist,2023,2255,
521,Trinity Baptist,2023,2256,
521,Trinity Baptist,2023,2265,
521,Trinity Baptist,2023,2266,
521,Trinity Baptist,2023,2267,
521,Trinity Baptist,2023,2268,
521,Trinity Baptist,2023,2274,
521,Trinity Baptist,2023,2275,
521,Trinity Baptist,2023,2278,
521,Trinity Baptist,2023,2279,
521,Trinity Baptist,2023,2280,
521,Trinity Baptist,2023,2281,
521,Trinity Baptist,2023,2282,
521,Trinity Baptist,2023,2283,
521,Trinity Baptist,2023,22927,
521,Trinity Baptist,2023,22928,
521,Trinity Baptist,2023,22929,
521,Trinity Baptist,2023,22930,
521,Trinity Baptist,2023,22931,
521,Trinity Baptist,2023,22932,
521,Trinity Baptist,2023,22933,
521,Trinity Baptist,2023,22934,
521,Trinity Baptist,2023,22935,
521,Trinity Baptist,2023,22936,
715,Rogers State,2023,12016,
715,Rogers State,2023,12017,
715,Rogers State,2023,12018,
715,Rogers State,2023,12027,
715,Rogers State,2023,12028,
715,Rogers State,2023,12029,
715,Rogers State,2023,12030,
715,Rogers State,2023,23934,
715,Rogers State,2023,23935,
715,Rogers State,2023,23936,
715,Rogers State,2023,23937,
715,Rogers State,2023,23938,
715,Rogers State,2023,23939,
715,Rogers State,2023,23940,
715,Rogers State,2023,23941,
607,Southwestern (TX),2023,9027,
607,Southwestern (TX),2023,9028,
607,Southwestern (TX),2023,9039,
607,Southwestern (TX),2023,9040,
607,Southwestern (TX),2023,9043,
607,Southwestern (TX),2023,9044,
607,Southwestern (TX),2023,9045,
607,Southwestern (TX),2023,9046,
607,Southwestern (TX),2023,9047,
607,Southwestern (TX),2023,9048,
607,Southwestern (TX),2023,9049,
607,Southwestern (TX),2023,9050,
607,Southwestern (TX),2023,9051,
607,Southwestern (TX),2023,9052,
607,Southwestern (TX),2023,9053,
607,Southwestern (TX),2023,9054,
607,Southwestern (TX),2023,9055,
607,Southwestern (TX),2023,9056,
607,Southwestern (TX),2023,9057,
607,Southwestern (TX),2023,9058,
607,Southwestern (TX),2023,9059,
607,Southwestern (TX),2023,9060,
607,Southwestern (TX),2023,9061,
607,Southwestern (TX),2023,9062,
932,Northwest Nazarene,2023,18989,
932,Northwest Nazarene,2023,18990,
932,Northwest Nazarene,2023,18991,
932,Northwest Nazarene,2023,18992,
932,Northwest Nazarene,2023,19000,
932,Northwest Nazarene,2023,19001,
932,Northwest Nazarene,2023,19005,
932,Northwest Nazarene,2023,19006,
932,Northwest Nazarene,2023,19007,
932,Northwest Nazarene,2023,19008,
932,Northwest Nazarene,2023,19009,
932,Northwest Nazarene,2023,19010,
932,Northwest Nazarene,2023,19011,
932,Northwest Nazarene,2023,19012,
932,Northwest Nazarene,2023,19013,
509,Defiance,2023,1677,
509,Defiance,2023,1678,
509,Defiance,2023,1687,
509,Defiance,2023,1690,
509,Defiance,2023,1708,
509,Defiance,2023,1709,
509,Defiance,2023,1711,
509,Defiance,2023,1715,
509,Defiance,2023,1716,
509,Defiance,2023,1717,
509,Defiance,2023,1718,
509,Defiance,2023,1719,
509,Defiance,2023,20140,
509,Defiance,2023,20141,
509,Defiance,2023,20142,
509,Defiance,2023,20143,
509,Defiance,2023,20144,
509,Defiance,2023,20145,
509,Defiance,2023,20146,
509,Defiance,2023,20147,
509,Defiance,2023,20148,
509,Defiance,2023,20149,
516,Mid-Atlantic Christian,2023,2012,
516,Mid-Atlantic Christian,2023,2013,
516,Mid-Atlantic Christian,2023,2014,
516,Mid-Atlantic Christian,2023,2019,
516,Mid-Atlantic Christian,2023,2020,
516,Mid-Atlantic Christian,2023,22598,
516,Mid-Atlantic Christian,2023,22599,
516,Mid-Atlantic Christian,2023,22600,
516,Mid-Atlantic Christian,2023,22601,
516,Mid-Atlantic Christian,2023,22602,
516,Mid-Atlantic Christian,2023,22603,
516,Mid-Atlantic Christian,2023,22604,
580,Ohio Christian,2023,7934,
580,Ohio Christian,2023,7935,
580,Ohio Christian,2023,7936,
580,Ohio Christian,2023,7937,
580,Ohio Christian,2023,7938,
580,Ohio Christian,2023,7939,
580,Ohio Christian,2023,7940,
580,Ohio Christian,2023,7941,
580,Ohio Christian,2023,7942,
580,Ohio Christian,2023,7943,
580,Ohio Christian,2023,7944,
580,Ohio Christian,2023,7945,
580,Ohio Christian,2023,7946,
580,Ohio Christian,2023,7947,
580,Ohio Christian,2023,7948,
720,Northern New Mexico,2023,12111,
720,Northern New Mexico,2023,12112,
720,Northern New Mexico,2023,12122,
720,Northern New Mexico,2023,12123,
720,Northern New Mexico,2023,12128,
720,Northern New Mexico,2023,12137,
720,Northern New Mexico,2023,14029,
720,Northern New Mexico,2023,15462,
720,Northern New Mexico,2023,15475,
720,Northern New Mexico,2023,24250,
720,Northern New Mexico,2023,24251,
720,Northern New Mexico,2023,24252,
720,Northern New Mexico,2023,24253,
720,Northern New Mexico,2023,24254,
720,Northern New Mexico,2023,24255,
720,Northern New Mexico,2023,24256,
720,Northern New Mexico,2023,24257,
720,Northern New Mexico,2023,24258,
720,Northern New Mexico,2023,24259,
720,Northern New Mexico,2023,24260,
720,Northern New Mexico,2023,24261,
720,Northern New Mexico,2023,24262,
720,Northern New Mexico,2023,24263,
720,Northern New Mexico,2023,24264,
720,Northern New Mexico,2023,24265,
720,Northern New Mexico,2023,24266,
720,Northern New Mexico,2023,24267,
720,Northern New Mexico,2023,24268,
720,Northern New Mexico,2023,25181,
1041,St. Josephs (ME),2023,24759,
1041,St. Josephs (ME),2023,24760,
1041,St. Josephs (ME),2023,24761,
1041,St. Josephs (ME),2023,24762,
1041,St. Josephs (ME),2023,24763,
1041,St. Josephs (ME),2023,24764,
1041,St. Josephs (ME),2023,24765,
1041,St. Josephs (ME),2023,24766,
1041,St. Josephs (ME),2023,24767,
1041,St. Josephs (ME),2023,24768,
1041,St. Josephs (ME),2023,24769,
1041,St. Josephs (ME),2023,24770,
1041,St. Josephs (ME),2023,24771,
1041,St. Josephs (ME),2023,24772,
1041,St. Josephs (ME),2023,24773,
1041,St. Josephs (ME),2023,24774,
999,Cincinnati Clermont,2023,22810,
999,Cincinnati Clermont,2023,22811,
999,Cincinnati Clermont,2023,22812,
999,Cincinnati Clermont,2023,22813,
999,Cincinnati Clermont,2023,22814,
999,Cincinnati Clermont,2023,22815,
999,Cincinnati Clermont,2023,22816,
999,Cincinnati Clermont,2023,22817,
999,Cincinnati Clermont,2023,22818,
999,Cincinnati Clermont,2023,22819,
999,Cincinnati Clermont,2023,22820,
999,Cincinnati Clermont,2023,22821,
999,Cincinnati Clermont,2023,22822,
999,Cincinnati Clermont,2023,22823,
999,Cincinnati Clermont,2023,22824,
999,Cincinnati Clermont,2023,22825,
999,Cincinnati Clermont,2023,22826,
999,Cincinnati Clermont,2023,22827,
999,Cincinnati Clermont,2023,22828,
999,Cincinnati Clermont,2023,22829,
999,Cincinnati Clermont,2023,22830,
999,Cincinnati Clermont,2023,22831,
999,Cincinnati Clermont,2023,22832,
999,Cincinnati Clermont,2023,22833,
999,Cincinnati Clermont,2023,22834,
999,Cincinnati Clermont,2023,22835,
999,Cincinnati Clermont,2023,22836,
999,Cincinnati Clermont,2023,22837,
999,Cincinnati Clermont,2023,22838,
840,Covenant,2023,4153,
840,Covenant,2023,5701,
840,Covenant,2023,12681,
840,Covenant,2023,15771,
840,Covenant,2023,15772,
840,Covenant,2023,15773,
840,Covenant,2023,15774,
840,Covenant,2023,15776,
840,Covenant,2023,15777,
840,Covenant,2023,15778,
840,Covenant,2023,15779,
840,Covenant,2023,15785,
840,Covenant,2023,15786,
840,Covenant,2023,23469,
840,Covenant,2023,23470,
840,Covenant,2023,23471,
840,Covenant,2023,23472,
769,SUNY Delhi,2023,13412,
769,SUNY Delhi,2023,13413,
769,SUNY Delhi,2023,13414,
769,SUNY Delhi,2023,13415,
769,SUNY Delhi,2023,13425,
769,SUNY Delhi,2023,13427,
769,SUNY Delhi,2023,13428,
769,SUNY Delhi,2023,13429,
769,SUNY Delhi,2023,13430,
769,SUNY Delhi,2023,13431,
769,SUNY Delhi,2023,13432,
769,SUNY Delhi,2023,13433,
769,SUNY Delhi,2023,13434,
769,SUNY Delhi,2023,22535,
769,SUNY Delhi,2023,22536,
769,SUNY Delhi,2023,22537,
769,SUNY Delhi,2023,22538,
769,SUNY Delhi,2023,22539,
769,SUNY Delhi,2023,22540,
769,SUNY Delhi,2023,22541,
769,SUNY Delhi,2023,22542,
564,New Mexico Highlands,2023,5031,
564,New Mexico Highlands,2023,6349,
564,New Mexico Highlands,2023,6356,
564,New Mexico Highlands,2023,6357,
564,New Mexico Highlands,2023,6358,
564,New Mexico Highlands,2023,6360,
564,New Mexico Highlands,2023,6361,
564,New Mexico Highlands,2023,6362,
564,New Mexico Highlands,2023,6363,
564,New Mexico Highlands,2023,6364,
564,New Mexico Highlands,2023,6365,
564,New Mexico Highlands,2023,6366,
564,New Mexico Highlands,2023,6367,
564,New Mexico Highlands,2023,6368,
564,New Mexico Highlands,2023,6369,
564,New Mexico Highlands,2023,6370,
564,New Mexico Highlands,2023,6371,
564,New Mexico Highlands,2023,6372,
564,New Mexico Highlands,2023,6373,
564,New Mexico Highlands,2023,8565,
564,New Mexico Highlands,2023,21810,
564,New Mexico Highlands,2023,21811,1992-09-20
564,New Mexico Highlands,2023,21812,
564,New Mexico Highlands,2023,21813,
564,New Mexico Highlands,2023,21814,
564,New Mexico Highlands,2023,21815,
904,D'Youville,2023,11931,
904,D'Youville,2023,18489,
904,D'Youville,2023,18490,
904,D'Youville,2023,18491,
904,D'Youville,2023,18492,
904,D'Youville,2023,18496,
904,D'Youville,2023,18497,
904,D'Youville,2023,18498,
904,D'Youville,2023,23763,
904,D'Youville,2023,23764,
904,D'Youville,2023,23765,
904,D'Youville,2023,23766,
904,D'Youville,2023,23767,
904,D'Youville,2023,23768,
904,D'Youville,2023,23769,
904,D'Youville,2023,23770,
904,D'Youville,2023,23771,
904,D'Youville,2023,23772,
904,D'Youville,2023,23773,
904,D'Youville,2023,23774,
858,UC Merced,2023,17443,
858,UC Merced,2023,17444,
858,UC Merced,2023,17446,
858,UC Merced,2023,17447,
858,UC Merced,2023,17450,
858,UC Merced,2023,17451,
858,UC Merced,2023,17452,
858,UC Merced,2023,17455,
858,UC Merced,2023,17461,
858,UC Merced,2023,23011,
858,UC Merced,2023,23012,
858,UC Merced,2023,23013,
858,UC Merced,2023,23014,
858,UC Merced,2023,23015,
858,UC Merced,2023,23016,
858,UC Merced,2023,23017,
858,UC Merced,2023,23018,
858,UC Merced,2023,23019,
858,UC Merced,2023,23020,
680,Haskell,2023,11076,
680,Haskell,2023,11083,
680,Haskell,2023,11084,
680,Haskell,2023,11085,
680,Haskell,2023,11086,
680,Haskell,2023,11087,
680,Haskell,2023,11088,
680,Haskell,2023,11089,
680,Haskell,2023,11090,
680,Haskell,2023,11091,
680,Haskell,2023,11092,
680,Haskell,2023,11093,
680,Haskell,2023,11094,
680,Haskell,2023,11095,
680,Haskell,2023,11096,
680,Haskell,2023,11097,
680,Haskell,2023,11098,
680,Haskell,2023,11099,
680,Haskell,2023,11100,
680,Haskell,2023,11101,
993,Missouri S&T,2023,9180,
993,Missouri S&T,2023,9181,
993,Missouri S&T,2023,9182,
993,Missouri S&T,2023,9190,
993,Missouri S&T,2023,9191,
993,Missouri S&T,2023,9193,
993,Missouri S&T,2023,9194,
993,Missouri S&T,2023,9195,
993,Missouri S&T,2023,9196,
993,Missouri S&T,2023,9197,
993,Missouri S&T,2023,9209,
993,Missouri S&T,2023,9210,
993,Missouri S&T,2023,9211,
993,Missouri S&T,2023,9212,
993,Missouri S&T,2023,9213,
993,Missouri S&T,2023,9214,
810,Regis,2023,14548,
810,Regis,2023,14549,
810,Regis,2023,14559,
810,Regis,2023,14560,
810,Regis,2023,14562,
810,Regis,2023,14563,
810,Regis,2023,14564,
810,Regis,2023,14565,
810,Regis,2023,14566,
810,Regis,2023,14567,
810,Regis,2023,14568,
810,Regis,2023,14569,
810,Regis,2023,14570,
810,Regis,2023,14571,
810,Regis,2023,14572,
810,Regis,2023,14573,
1035,Iowa Wesleyan,2023,14456,
1035,Iowa Wesleyan,2023,14485,
1035,Iowa Wesleyan,2023,14486,
1035,Iowa Wesleyan,2023,18903,
1035,Iowa Wesleyan,2023,24561,
1035,Iowa Wesleyan,2023,24562,
1035,Iowa Wesleyan,2023,24563,
1035,Iowa Wesleyan,2023,24564,
1035,Iowa Wesleyan,2023,24565,
1035,Iowa Wesleyan,2023,24566,
1035,Iowa Wesleyan,2023,24567,
1035,Iowa Wesleyan,2023,24568,
1035,Iowa Wesleyan,2023,24569,
1035,Iowa Wesleyan,2023,24570,
1035,Iowa Wesleyan,2023,24571,
1035,Iowa Wesleyan,2023,24572,
1035,Iowa Wesleyan,2023,24573,
1035,Iowa Wesleyan,2023,24574,
1035,Iowa Wesleyan,2023,24575,
1035,Iowa Wesleyan,2023,24576,
1035,Iowa Wesleyan,2023,24577,
1035,Iowa Wesleyan,2023,24578,
1035,Iowa Wesleyan,2023,24579,
1035,Iowa Wesleyan,2023,24580,
1035,Iowa Wesleyan,2023,24581,
1035,Iowa Wesleyan,2023,24582,
1035,Iowa Wesleyan,2023,24583,
1035,Iowa Wesleyan,2023,24584,
1035,Iowa Wesleyan,2023,24585,
1035,Iowa Wesleyan,2023,24586,
1035,Iowa Wesleyan,2023,24587,
1035,Iowa Wesleyan,2023,24588,
1035,Iowa Wesleyan,2023,24589,
1035,Iowa Wesleyan,2023,24590,
1035,Iowa Wesleyan,2023,24591,
1035,Iowa Wesleyan,2023,24592,
857,Vanguard,2023,17412,
857,Vanguard,2023,17413,
857,Vanguard,2023,17414,
857,Vanguard,2023,17415,
857,Vanguard,2023,17416,
857,Vanguard,2023,17423,
857,Vanguard,2023,17424,
857,Vanguard,2023,17425,
857,Vanguard,2023,17426,
857,Vanguard,2023,23321,
857,Vanguard,2023,23322,
857,Vanguard,2023,23323,
857,Vanguard,2023,23324,
857,Vanguard,2023,23325,
857,Vanguard,2023,23326,
857,Vanguard,2023,23327,
857,Vanguard,2023,23328,
1039,Peru State,2023,24707,
1039,Peru State,2023,24708,
1039,Peru State,2023,24709,
1039,Peru State,2023,24710,
1039,Peru State,2023,24711,
1039,Peru State,2023,24712,
1039,Peru State,2023,24713,
1039,Peru State,2023,24714,
1039,Peru State,2023,24715,
1039,Peru State,2023,24716,
1039,Peru State,2023,24717,
1039,Peru State,2023,24718,
1039,Peru State,2023,24719,
1039,Peru State,2023,24720,
1039,Peru State,2023,24721,
1039,Peru State,2023,24722,
1039,Peru State,2023,24723,
1039,Peru State,2023,24724,
814,Asbury,2023,14694,
814,Asbury,2023,14696,
814,Asbury,2023,14724,
544,Western Colorado,2023,4416,
544,Western Colorado,2023,4417,
544,Western Colorado,2023,4419,
544,Western Colorado,2023,4422,
544,Western Colorado,2023,4423,
544,Western Colorado,2023,4424,
544,Western Colorado,2023,4429,
544,Western Colorado,2023,4430,
544,Western Colorado,2023,4431,
544,Western Colorado,2023,4432,
544,Western Colorado,2023,4433,
544,Western Colorado,2023,22417,
544,Western Colorado,2023,22418,
544,Western Colorado,2023,22419,
544,Western Colorado,2023,22420,
544,Western Colorado,2023,22421,
544,Western Colorado,2023,22422,
791,Brewton-Parker,2023,14043,
791,Brewton-Parker,2023,14044,
791,Brewton-Parker,2023,14054,
791,Brewton-Parker,2023,14060,
791,Brewton-Parker,2023,14061,
791,Brewton-Parker,2023,14063,
791,Brewton-Parker,2023,14064,
791,Brewton-Parker,2023,14068,
791,Brewton-Parker,2023,23059,
791,Brewton-Parker,2023,23060,
791,Brewton-Parker,2023,23061,
791,Brewton-Parker,2023,23062,
791,Brewton-Parker,2023,23063,
791,Brewton-Parker,2023,23064,
791,Brewton-Parker,2023,23065,
791,Brewton-Parker,2023,23066,
791,Brewton-Parker,2023,23067,
791,Brewton-Parker,2023,23068,
791,Brewton-Parker,2023,23070,
791,Brewton-Parker,2023,23071,
791,Brewton-Parker,2023,23072,
791,Brewton-Parker,2023,23073,
791,Brewton-Parker,2023,23074,
791,Brewton-Parker,2023,23075,
791,Brewton-Parker,2023,23076,
929,Bethel (IN),2023,18939,
929,Bethel (IN),2023,18940,
1012,Indianapolis,2023,625,
1012,Indianapolis,2023,627,
1012,Indianapolis,2023,634,
1012,Indianapolis,2023,636,
1012,Indianapolis,2023,23270,
1012,Indianapolis,2023,23271,
1012,Indianapolis,2023,23272,
1012,Indianapolis,2023,23273,
1012,Indianapolis,2023,23274,
1012,Indianapolis,2023,23275,
1012,Indianapolis,2023,23276,
1012,Indianapolis,2023,23277,
1012,Indianapolis,2023,23278,
1012,Indianapolis,2023,23279,
1012,Indianapolis,2023,23280,
562,North Central (MN),2023,6253,
562,North Central (MN),2023,6254,
562,North Central (MN),2023,6265,
562,North Central (MN),2023,6273,
562,North Central (MN),2023,6281,
562,North Central (MN),2023,6282,
562,North Central (MN),2023,6283,
562,North Central (MN),2023,24087,
562,North Central (MN),2023,24088,
562,North Central (MN),2023,24089,
562,North Central (MN),2023,24090,
562,North Central (MN),2023,24091,
562,North Central (MN),2023,24092,
562,North Central (MN),2023,24093,
562,North Central (MN),2023,24094,
562,North Central (MN),2023,24095,
562,North Central (MN),2023,24096,
562,North Central (MN),2023,24097,
562,North Central (MN),2023,24098,
562,North Central (MN),2023,24099,
562,North Central (MN),2023,24100,
562,North Central (MN),2023,24101,
562,North Central (MN),2023,24102,
780,Whittier,2023,584,
780,Whittier,2023,13755,
780,Whittier,2023,13757,
780,Whittier,2023,13759,
780,Whittier,2023,13760,
780,Whittier,2023,24333,
780,Whittier,2023,24334,
780,Whittier,2023,24335,
780,Whittier,2023,24336,
780,Whittier,2023,24337,
780,Whittier,2023,24338,
780,Whittier,2023,24339,
780,Whittier,2023,24340,
780,Whittier,2023,24341,
780,Whittier,2023,24342,
906,Northland,2023,18520,
906,Northland,2023,18521,
906,Northland,2023,18524,
906,Northland,2023,18525,
906,Northland,2023,18526,
906,Northland,2023,18531,
906,Northland,2023,18532,
945,Montevallo,2023,8522,
945,Montevallo,2023,19245,
945,Montevallo,2023,19246,
945,Montevallo,2023,19247,
945,Montevallo,2023,19252,
945,Montevallo,2023,20312,
945,Montevallo,2023,20313,
945,Montevallo,2023,20314,
945,Montevallo,2023,20315,
945,Montevallo,2023,20316,
945,Montevallo,2023,20317,
945,Montevallo,2023,20318,
945,Montevallo,2023,20319,
945,Montevallo,2023,20320,
945,Montevallo,2023,20321,
945,Montevallo,2023,20322,
495,LaGrange,2023,762,
495,LaGrange,2023,768,
495,LaGrange,2023,769,
495,LaGrange,2023,770,
495,LaGrange,2023,772,
495,LaGrange,2023,773,
495,LaGrange,2023,776,
495,LaGrange,2023,777,
495,LaGrange,2023,778,
495,LaGrange,2023,779,
495,LaGrange,2023,785,
495,LaGrange,2023,786,
495,LaGrange,2023,787,
495,LaGrange,2023,788,
495,LaGrange,2023,789,
495,LaGrange,2023,790,
495,LaGrange,2023,20246,
495,LaGrange,2023,20247,
495,LaGrange,2023,20248,
495,LaGrange,2023,20249,
495,LaGrange,2023,20250,
495,LaGrange,2023,20251,
495,LaGrange,2023,20252,
495,LaGrange,2023,20253,
495,LaGrange,2023,20254,
495,LaGrange,2023,20255,
495,LaGrange,2023,20256,
495,LaGrange,2023,20257,
495,LaGrange,2023,20258,
495,LaGrange,2023,20259,
495,LaGrange,2023,20260,
495,LaGrange,2023,20261,
495,LaGrange,2023,20262,
495,LaGrange,2023,20263,
981,Brandeis,2023,20923,
981,Brandeis,2023,20924,
981,Brandeis,2023,20925,
981,Brandeis,2023,20926,
981,Brandeis,2023,20927,
981,Brandeis,2023,20928,
981,Brandeis,2023,20929,
981,Brandeis,2023,20930,
981,Brandeis,2023,20931,
981,Brandeis,2023,20932,
981,Brandeis,2023,20933,
981,Brandeis,2023,20934,
981,Brandeis,2023,20935,
981,Brandeis,2023,20936,
981,Brandeis,2023,20937,
981,Brandeis,2023,20938,
981,Brandeis,2023,20939,
975,Guilford,2023,20455,
975,Guilford,2023,20456,
975,Guilford,2023,20457,
975,Guilford,2023,20458,
975,Guilford,2023,20459,
975,Guilford,2023,20460,
975,Guilford,2023,20461,
975,Guilford,2023,20462,
975,Guilford,2023,20463,
975,Guilford,2023,20464,
975,Guilford,2023,20465,
975,Guilford,2023,20466,
975,Guilford,2023,20467,
975,Guilford,2023,20468,
975,Guilford,2023,20469,
975,Guilford,2023,20470,
975,Guilford,2023,20471,
975,Guilford,2023,20472,
975,Guilford,2023,20473,
975,Guilford,2023,20474,
975,Guilford,2023,20475,
975,Guilford,2023,20476,
618,Nelson,2023,5030,
618,Nelson,2023,9350,
618,Nelson,2023,9358,
618,Nelson,2023,9360,
618,Nelson,2023,9363,
618,Nelson,2023,9364,
618,Nelson,2023,9365,
618,Nelson,2023,9366,
618,Nelson,2023,24855,
618,Nelson,2023,24856,
668,Ecclesia,2023,10747,
668,Ecclesia,2023,10749,
668,Ecclesia,2023,10750,
668,Ecclesia,2023,10751,
668,Ecclesia,2023,10752,
668,Ecclesia,2023,10753,
668,Ecclesia,2023,10754,
668,Ecclesia,2023,10755,
668,Ecclesia,2023,19089,
668,Ecclesia,2023,25062,
668,Ecclesia,2023,25063,
668,Ecclesia,2023,25064,
668,Ecclesia,2023,25065,
668,Ecclesia,2023,25066,
668,Ecclesia,2023,25067,
668,Ecclesia,2023,25068,
668,Ecclesia,2023,25069,
668,Ecclesia,2023,25070,
561,Southern-New Orleans,2023,6166,
561,Southern-New Orleans,2023,6173,
561,Southern-New Orleans,2023,6177,
561,Southern-New Orleans,2023,6178,
561,Southern-New Orleans,2023,6179,
561,Southern-New Orleans,2023,6180,
561,Southern-New Orleans,2023,6181,
561,Southern-New Orleans,2023,6182,
561,Southern-New Orleans,2023,6183,
561,Southern-New Orleans,2023,6184,
561,Southern-New Orleans,2023,6185,
561,Southern-New Orleans,2023,6186,
561,Southern-New Orleans,2023,6191,
561,Southern-New Orleans,2023,6192,
561,Southern-New Orleans,2023,6193,
561,Southern-New Orleans,2023,6194,
561,Southern-New Orleans,2023,6195,
561,Southern-New Orleans,2023,6196,
561,Southern-New Orleans,2023,6197,
561,Southern-New Orleans,2023,6198,
561,Southern-New Orleans,2023,6199,
561,Southern-New Orleans,2023,23620,
561,Southern-New Orleans,2023,23621,
561,Southern-New Orleans,2023,23622,
561,Southern-New Orleans,2023,23623,
561,Southern-New Orleans,2023,23624,
561,Southern-New Orleans,2023,23625,
561,Southern-New Orleans,2023,23626,
561,Southern-New Orleans,2023,23627,
561,Southern-New Orleans,2023,23628,
561,Southern-New Orleans,2023,23629,
561,Southern-New Orleans,2023,23630,
561,Southern-New Orleans,2023,23631,
561,Southern-New Orleans,2023,23632,
561,Southern-New Orleans,2023,23633,
561,Southern-New Orleans,2023,23634,
561,Southern-New Orleans,2023,23635,
561,Southern-New Orleans,2023,23636,
561,Southern-New Orleans,2023,23637,
561,Southern-New Orleans,2023,23638,
561,Southern-New Orleans,2023,23639,
561,Southern-New Orleans,2023,23640,
561,Southern-New Orleans,2023,23641,
561,Southern-New Orleans,2023,23642,
561,Southern-New Orleans,2023,23643,
561,Southern-New Orleans,2023,23644,
561,Southern-New Orleans,2023,23645,
561,Southern-New Orleans,2023,23646,
561,Southern-New Orleans,2023,23647,
561,Southern-New Orleans,2023,23648,
561,Southern-New Orleans,2023,23649,
1044,Mary Hardin-Baylor,2023,6021,
1044,Mary Hardin-Baylor,2023,6044,
1044,Mary Hardin-Baylor,2023,6328,
1044,Mary Hardin-Baylor,2023,24826,
1044,Mary Hardin-Baylor,2023,24827,
1044,Mary Hardin-Baylor,2023,24828,
1044,Mary Hardin-Baylor,2023,24829,
1044,Mary Hardin-Baylor,2023,24830,
1044,Mary Hardin-Baylor,2023,24831,
1044,Mary Hardin-Baylor,2023,24832,
1044,Mary Hardin-Baylor,2023,24833,
1044,Mary Hardin-Baylor,2023,24834,
1044,Mary Hardin-Baylor,2023,24835,
1044,Mary Hardin-Baylor,2023,24836,
1044,Mary Hardin-Baylor,2023,24837,
1044,Mary Hardin-Baylor,2023,24838,
1044,Mary Hardin-Baylor,2023,24839,
1044,Mary Hardin-Baylor,2023,24840,
1044,Mary Hardin-Baylor,2023,24841,
1044,Mary Hardin-Baylor,2023,24842,
1044,Mary Hardin-Baylor,2023,24843,
1044,Mary Hardin-Baylor,2023,24844,
1044,Mary Hardin-Baylor,2023,24845,
1044,Mary Hardin-Baylor,2023,24846,
1044,Mary Hardin-Baylor,2023,24847,
1044,Mary Hardin-Baylor,2023,24848,
1044,Mary Hardin-Baylor,2023,24849,
1044,Mary Hardin-Baylor,2023,24850,
1044,Mary Hardin-Baylor,2023,24851,
1044,Mary Hardin-Baylor,2023,24852,
1044,Mary Hardin-Baylor,2023,24853,
1044,Mary Hardin-Baylor,2023,24854,
1010,Lees-McRae,2023,12700,
1010,Lees-McRae,2023,15271,
1010,Lees-McRae,2023,18243,
1010,Lees-McRae,2023,23219,
1010,Lees-McRae,2023,23220,
1010,Lees-McRae,2023,23221,
1010,Lees-McRae,2023,23222,
1010,Lees-McRae,2023,23223,
1010,Lees-McRae,2023,23224,
1010,Lees-McRae,2023,23225,
1010,Lees-McRae,2023,23226,
1010,Lees-McRae,2023,23227,
1010,Lees-McRae,2023,23228,
1010,Lees-McRae,2023,23229,
1010,Lees-McRae,2023,23230,
1010,Lees-McRae,2023,23231,
1010,Lees-McRae,2023,23232,
1010,Lees-McRae,2023,23233,
1010,Lees-McRae,2023,23234,
1010,Lees-McRae,2023,23235,
924,Montana State-Northern,2023,18845,
924,Montana State-Northern,2023,18846,
924,Montana State-Northern,2023,18847,
924,Montana State-Northern,2023,18849,
924,Montana State-Northern,2023,18850,
924,Montana State-Northern,2023,18852,
924,Montana State-Northern,2023,18853,
924,Montana State-Northern,2023,23723,
924,Montana State-Northern,2023,23724,
924,Montana State-Northern,2023,23725,
924,Montana State-Northern,2023,23726,
924,Montana State-Northern,2023,23727,
924,Montana State-Northern,2023,23728,
924,Montana State-Northern,2023,23729,
924,Montana State-Northern,2023,23730,
924,Montana State-Northern,2023,23731,
645,Gwynedd-Mercy,2023,10111,
645,Gwynedd-Mercy,2023,10114,
645,Gwynedd-Mercy,2023,10121,
645,Gwynedd-Mercy,2023,10122,
645,Gwynedd-Mercy,2023,10124,
645,Gwynedd-Mercy,2023,10129,
645,Gwynedd-Mercy,2023,10130,
645,Gwynedd-Mercy,2023,10131,
645,Gwynedd-Mercy,2023,10132,
645,Gwynedd-Mercy,2023,13064,
645,Gwynedd-Mercy,2023,13440,
645,Gwynedd-Mercy,2023,25374,
645,Gwynedd-Mercy,2023,25375,
645,Gwynedd-Mercy,2023,25376,
645,Gwynedd-Mercy,2023,25377,
645,Gwynedd-Mercy,2023,25378,
645,Gwynedd-Mercy,2023,25379,
746,Campbellsville-Harrodsburg,2023,12813,
746,Campbellsville-Harrodsburg,2023,12814,
746,Campbellsville-Harrodsburg,2023,12824,
746,Campbellsville-Harrodsburg,2023,12825,
746,Campbellsville-Harrodsburg,2023,12826,
746,Campbellsville-Harrodsburg,2023,12827,
746,Campbellsville-Harrodsburg,2023,12828,
746,Campbellsville-Harrodsburg,2023,12829,
746,Campbellsville-Harrodsburg,2023,12830,
746,Campbellsville-Harrodsburg,2023,12831,
746,Campbellsville-Harrodsburg,2023,12832,
746,Campbellsville-Harrodsburg,2023,12833,
746,Campbellsville-Harrodsburg,2023,12834,
746,Campbellsville-Harrodsburg,2023,12835,
746,Campbellsville-Harrodsburg,2023,12836,
746,Campbellsville-Harrodsburg,2023,12837,
746,Campbellsville-Harrodsburg,2023,12838,
746,Campbellsville-Harrodsburg,2023,12839,
597,Eureka,2023,8719,
597,Eureka,2023,8727,
597,Eureka,2023,8728,
597,Eureka,2023,8729,
597,Eureka,2023,8732,
597,Eureka,2023,8733,
597,Eureka,2023,8735,
597,Eureka,2023,8736,
597,Eureka,2023,8737,
597,Eureka,2023,8741,
597,Eureka,2023,8742,
597,Eureka,2023,24971,
597,Eureka,2023,24972,
597,Eureka,2023,24973,
597,Eureka,2023,24974,
597,Eureka,2023,24975,
597,Eureka,2023,24976,
597,Eureka,2023,24977,
597,Eureka,2023,24978,
597,Eureka,2023,24979,
597,Eureka,2023,24980,
597,Eureka,2023,24981,
597,Eureka,2023,24982,
597,Eureka,2023,24983,
597,Eureka,2023,24984,
597,Eureka,2023,24985,
597,Eureka,2023,24986,
597,Eureka,2023,24987,
597,Eureka,2023,24988,
597,Eureka,2023,24989,
597,Eureka,2023,24990,
597,Eureka,2023,24991,
597,Eureka,2023,24992,
597,Eureka,2023,24993,
597,Eureka,2023,24994,
597,Eureka,2023,24995,
597,Eureka,2023,24996,
597,Eureka,2023,24997,
597,Eureka,2023,24998,
597,Eureka,2023,24999,
597,Eureka,2023,25000,
597,Eureka,2023,25001,
598,Mississippi University For Women,2023,8746,
598,Mississippi University For Women,2023,8747,
598,Mississippi University For Women,2023,8754,
598,Mississippi University For Women,2023,8755,
598,Mississippi University For Women,2023,8757,
598,Mississippi University For Women,2023,8758,
598,Mississippi University For Women,2023,8764,
598,Mississippi University For Women,2023,22543,
598,Mississippi University For Women,2023,22544,
598,Mississippi University For Women,2023,22545,
598,Mississippi University For Women,2023,22546,
598,Mississippi University For Women,2023,22547,
598,Mississippi University For Women,2023,22548,
598,Mississippi University For Women,2023,22549,
598,Mississippi University For Women,2023,22550,
824,Colby-Sawyer,2023,15018,
824,Colby-Sawyer,2023,15019,
824,Colby-Sawyer,2023,15021,
824,Colby-Sawyer,2023,23918,
824,Colby-Sawyer,2023,23919,
824,Colby-Sawyer,2023,23920,
824,Colby-Sawyer,2023,23921,
824,Colby-Sawyer,2023,23922,
824,Colby-Sawyer,2023,23923,
824,Colby-Sawyer,2023,23924,
824,Colby-Sawyer,2023,23925,
824,Colby-Sawyer,2023,23926,
824,Colby-Sawyer,2023,23927,
824,Colby-Sawyer,2023,23928,
824,Colby-Sawyer,2023,23929,
776,Saint Mary of the Woods College,2023,13605,
776,Saint Mary of the Woods College,2023,13618,
776,Saint Mary of the Woods College,2023,13632,
776,Saint Mary of the Woods College,2023,13633,
776,Saint Mary of the Woods College,2023,13634,
776,Saint Mary of the Woods College,2023,13635,
776,Saint Mary of the Woods College,2023,13636,
776,Saint Mary of the Woods College,2023,13637,
776,Saint Mary of the Woods College,2023,23573,
776,Saint Mary of the Woods College,2023,23574,
776,Saint Mary of the Woods College,2023,23575,
776,Saint Mary of the Woods College,2023,23576,
776,Saint Mary of the Woods College,2023,23577,
776,Saint Mary of the Woods College,2023,23578,
776,Saint Mary of the Woods College,2023,23579,
776,Saint Mary of the Woods College,2023,23580,
776,Saint Mary of the Woods College,2023,23581,
776,Saint Mary of the Woods College,2023,23582,
649,Rhodes,2023,10212,
649,Rhodes,2023,10213,
649,Rhodes,2023,10214,
649,Rhodes,2023,10220,
649,Rhodes,2023,10221,
649,Rhodes,2023,10222,
649,Rhodes,2023,10227,
649,Rhodes,2023,10228,
649,Rhodes,2023,10229,
649,Rhodes,2023,10230,
649,Rhodes,2023,10231,
649,Rhodes,2023,10232,
649,Rhodes,2023,10233,
649,Rhodes,2023,10234,
649,Rhodes,2023,10235,
649,Rhodes,2023,10236,
902,Chaminade,2023,6491,
902,Chaminade,2023,8395,
902,Chaminade,2023,18457,
902,Chaminade,2023,18460,
902,Chaminade,2023,18461,
902,Chaminade,2023,18462,
902,Chaminade,2023,18463,
902,Chaminade,2023,18465,
902,Chaminade,2023,18469,
902,Chaminade,2023,20547,
902,Chaminade,2023,20548,
902,Chaminade,2023,20549,
902,Chaminade,2023,20550,
902,Chaminade,2023,20551,
902,Chaminade,2023,20552,
902,Chaminade,2023,20553,
873,Hendrix College,2023,17844,
873,Hendrix College,2023,17845,
873,Hendrix College,2023,17846,
873,Hendrix College,2023,17847,
873,Hendrix College,2023,17848,
873,Hendrix College,2023,17850,
873,Hendrix College,2023,17852,
873,Hendrix College,2023,17853,
873,Hendrix College,2023,17854,
873,Hendrix College,2023,17855,
873,Hendrix College,2023,17856,
873,Hendrix College,2023,17857,
873,Hendrix College,2023,17858,
873,Hendrix College,2023,17859,
873,Hendrix College,2023,17861,
873,Hendrix College,2023,22738,
873,Hendrix College,2023,22739,
873,Hendrix College,2023,22740,
873,Hendrix College,2023,22741,
873,Hendrix College,2023,22742,
873,Hendrix College,2023,22743,
873,Hendrix College,2023,22744,
873,Hendrix College,2023,22745,
873,Hendrix College,2023,22746,
873,Hendrix College,2023,22747,
873,Hendrix College,2023,22748,
873,Hendrix College,2023,22749,
634,Vermont State - Johnson,2023,9342,
634,Vermont State - Johnson,2023,9835,
634,Vermont State - Johnson,2023,9855,
634,Vermont State - Johnson,2023,24129,
634,Vermont State - Johnson,2023,24130,
634,Vermont State - Johnson,2023,24131,
634,Vermont State - Johnson,2023,24132,
634,Vermont State - Johnson,2023,24133,
634,Vermont State - Johnson,2023,24134,
634,Vermont State - Johnson,2023,24135,
634,Vermont State - Johnson,2023,24136,
634,Vermont State - Johnson,2023,24137,
634,Vermont State - Johnson,2023,24138,
634,Vermont State - Johnson,2023,24139,
634,Vermont State - Johnson,2023,24140,
944,Saint Vincent,2023,19202,
944,Saint Vincent,2023,19204,
944,Saint Vincent,2023,19206,
944,Saint Vincent,2023,19209,
944,Saint Vincent,2023,19214,
944,Saint Vincent,2023,19215,
944,Saint Vincent,2023,19216,
944,Saint Vincent,2023,19217,
944,Saint Vincent,2023,19218,
944,Saint Vincent,2023,19222,
944,Saint Vincent,2023,19223,
944,Saint Vincent,2023,19224,
944,Saint Vincent,2023,24619,
944,Saint Vincent,2023,24620,
944,Saint Vincent,2023,24621,
944,Saint Vincent,2023,24622,
944,Saint Vincent,2023,24623,
787,Schreiner,2023,9266,
787,Schreiner,2023,13939,
787,Schreiner,2023,13940,
787,Schreiner,2023,13941,
787,Schreiner,2023,13949,
787,Schreiner,2023,13950,
787,Schreiner,2023,13951,
787,Schreiner,2023,13954,
787,Schreiner,2023,13955,
787,Schreiner,2023,13958,
787,Schreiner,2023,13959,
787,Schreiner,2023,13960,
787,Schreiner,2023,13961,
787,Schreiner,2023,13962,
787,Schreiner,2023,13963,
787,Schreiner,2023,13964,
787,Schreiner,2023,13965,
787,Schreiner,2023,13966,
787,Schreiner,2023,24957,
787,Schreiner,2023,24958,
787,Schreiner,2023,24959,
916,Albany St (GA),2023,9849,
916,Albany St (GA),2023,18706,
916,Albany St (GA),2023,18707,
916,Albany St (GA),2023,18708,
916,Albany St (GA),2023,18713,
916,Albany St (GA),2023,18714,
916,Albany St (GA),2023,18715,
916,Albany St (GA),2023,18716,
916,Albany St (GA),2023,18717,
916,Albany St (GA),2023,18718,
916,Albany St (GA),2023,18719,
916,Albany St (GA),2023,23583,
916,Albany St (GA),2023,23584,
916,Albany St (GA),2023,23585,
916,Albany St (GA),2023,23586,
916,Albany St (GA),2023,23587,
916,Albany St (GA),2023,23588,
916,Albany St (GA),2023,23589,
916,Albany St (GA),2023,23590,
916,Albany St (GA),2023,23591,
916,Albany St (GA),2023,23592,
916,Albany St (GA),2023,23593,
916,Albany St (GA),2023,23594,
916,Albany St (GA),2023,23595,
916,Albany St (GA),2023,23596,
916,Albany St (GA),2023,23597,
1036,Lincoln (PA),2023,24593,
1036,Lincoln (PA),2023,24594,
1036,Lincoln (PA),2023,24595,
1036,Lincoln (PA),2023,24596,
1036,Lincoln (PA),2023,24597,
1036,Lincoln (PA),2023,24598,
1036,Lincoln (PA),2023,24599,
1036,Lincoln (PA),2023,24600,
1036,Lincoln (PA),2023,24601,
1036,Lincoln (PA),2023,24602,
1036,Lincoln (PA),2023,24603,
1036,Lincoln (PA),2023,24604,
1036,Lincoln (PA),2023,24605,
1036,Lincoln (PA),2023,24606,
1036,Lincoln (PA),2023,24607,
1036,Lincoln (PA),2023,24608,
602,Bryan (TN),2023,8854,
602,Bryan (TN),2023,8855,
602,Bryan (TN),2023,8856,
602,Bryan (TN),2023,8861,
602,Bryan (TN),2023,8863,
602,Bryan (TN),2023,8870,
602,Bryan (TN),2023,8871,
602,Bryan (TN),2023,8872,
602,Bryan (TN),2023,8876,
602,Bryan (TN),2023,8877,
602,Bryan (TN),2023,8878,
602,Bryan (TN),2023,8879,
602,Bryan (TN),2023,25095,
602,Bryan (TN),2023,25096,
602,Bryan (TN),2023,25097,
602,Bryan (TN),2023,25098,
602,Bryan (TN),2023,25099,
602,Bryan (TN),2023,25100,
602,Bryan (TN),2023,25101,
602,Bryan (TN),2023,25102,
657,Truett-McConnell,2023,10420,
657,Truett-McConnell,2023,10421,
657,Truett-McConnell,2023,10428,
657,Truett-McConnell,2023,10429,
657,Truett-McConnell,2023,10431,
657,Truett-McConnell,2023,10432,
657,Truett-McConnell,2023,10448,
657,Truett-McConnell,2023,10449,
657,Truett-McConnell,2023,10450,
657,Truett-McConnell,2023,23650,
657,Truett-McConnell,2023,23651,
657,Truett-McConnell,2023,23652,
657,Truett-McConnell,2023,23653,
657,Truett-McConnell,2023,23654,
657,Truett-McConnell,2023,23655,
657,Truett-McConnell,2023,23656,
657,Truett-McConnell,2023,23657,
657,Truett-McConnell,2023,23658,
657,Truett-McConnell,2023,23659,
657,Truett-McConnell,2023,23660,
657,Truett-McConnell,2023,23661,
657,Truett-McConnell,2023,23662,
657,Truett-McConnell,2023,23663,
657,Truett-McConnell,2023,23664,
657,Truett-McConnell,2023,23665,
963,Anderson (SC),2023,5821,
963,Anderson (SC),2023,19601,
963,Anderson (SC),2023,19604,
963,Anderson (SC),2023,19605,
963,Anderson (SC),2023,19609,
963,Anderson (SC),2023,19610,
963,Anderson (SC),2023,19611,
963,Anderson (SC),2023,19614,
963,Anderson (SC),2023,19615,
963,Anderson (SC),2023,21207,
963,Anderson (SC),2023,21208,
963,Anderson (SC),2023,21209,
963,Anderson (SC),2023,21210,
963,Anderson (SC),2023,21211,
963,Anderson (SC),2023,21212,
1037,University of New England,2023,1016,
1037,University of New England,2023,24624,
1037,University of New England,2023,24625,
1037,University of New England,2023,24626,
1037,University of New England,2023,24627,
1037,University of New England,2023,24628,
1037,University of New England,2023,24629,
1037,University of New England,2023,24630,
1037,University of New England,2023,24631,
1037,University of New England,2023,24632,
1037,University of New England,2023,24633,
1037,University of New England,2023,24634,
1037,University of New England,2023,24635,
1037,University of New England,2023,24636,
1037,University of New England,2023,24637,
1037,University of New England,2023,24638,
1037,University of New England,2023,24639,
1037,University of New England,2023,24640,
1037,University of New England,2023,24641,
1037,University of New England,2023,24642,
592,Bethesda University,2023,8548,
592,Bethesda University,2023,8559,
592,Bethesda University,2023,8566,
592,Bethesda University,2023,8577,
592,Bethesda University,2023,8578,
592,Bethesda University,2023,8579,
592,Bethesda University,2023,22015,
592,Bethesda University,2023,22016,
592,Bethesda University,2023,22017,
592,Bethesda University,2023,22018,
592,Bethesda University,2023,22019,
592,Bethesda University,2023,22020,
592,Bethesda University,2023,22021,
592,Bethesda University,2023,22022,
592,Bethesda University,2023,22023,
592,Bethesda University,2023,22024,
592,Bethesda University,2023,22025,
592,Bethesda University,2023,22026,
592,Bethesda University,2023,22851,
907,Westmont,2023,18533,
907,Westmont,2023,18535,
907,Westmont,2023,18537,
907,Westmont,2023,18541,
907,Westmont,2023,18546,
907,Westmont,2023,18547,
907,Westmont,2023,25254,
907,Westmont,2023,25255,
907,Westmont,2023,25256,
907,Westmont,2023,25257,
907,Westmont,2023,25258,
907,Westmont,2023,25259,
757,Chestnut Hill College,2023,13105,
757,Chestnut Hill College,2023,13106,
757,Chestnut Hill College,2023,13107,
757,Chestnut Hill College,2023,13108,
757,Chestnut Hill College,2023,13109,
757,Chestnut Hill College,2023,13110,
757,Chestnut Hill College,2023,13111,
757,Chestnut Hill College,2023,13112,
757,Chestnut Hill College,2023,13113,
757,Chestnut Hill College,2023,13114,
757,Chestnut Hill College,2023,13115,
757,Chestnut Hill College,2023,13116,
757,Chestnut Hill College,2023,13117,
757,Chestnut Hill College,2023,13118,
757,Chestnut Hill College,2023,13119,
757,Chestnut Hill College,2023,13120,
757,Chestnut Hill College,2023,13121,
757,Chestnut Hill College,2023,13122,
757,Chestnut Hill College,2023,13123,
773,Pacific (OR),2023,13510,
773,Pacific (OR),2023,13529,
773,Pacific (OR),2023,13530,
773,Pacific (OR),2023,13531,
773,Pacific (OR),2023,13532,
773,Pacific (OR),2023,13533,
773,Pacific (OR),2023,13534,
773,Pacific (OR),2023,13535,
773,Pacific (OR),2023,13536,
773,Pacific (OR),2023,13537,
773,Pacific (OR),2023,13538,
773,Pacific (OR),2023,13539,
773,Pacific (OR),2023,13540,
773,Pacific (OR),2023,13541,
773,Pacific (OR),2023,13542,
773,Pacific (OR),2023,13543,
773,Pacific (OR),2023,13544,
773,Pacific (OR),2023,13545,
773,Pacific (OR),2023,13546,
773,Pacific (OR),2023,13547,
773,Pacific (OR),2023,13548,
773,Pacific (OR),2023,13549,
773,Pacific (OR),2023,13550,
773,Pacific (OR),2023,13551,
527,Lakeland,2023,2989,
527,Lakeland,2023,2990,
527,Lakeland,2023,2991,
527,Lakeland,2023,2992,
527,Lakeland,2023,2993,
527,Lakeland,2023,2994,
527,Lakeland,2023,2995,
527,Lakeland,2023,2996,
527,Lakeland,2023,2997,
527,Lakeland,2023,2998,
527,Lakeland,2023,2999,
527,Lakeland,2023,3000,
527,Lakeland,2023,3001,
527,Lakeland,2023,3002,
527,Lakeland,2023,3003,
527,Lakeland,2023,3004,
527,Lakeland,2023,3005,
527,Lakeland,2023,3006,
527,Lakeland,2023,3007,
527,Lakeland,2023,3008,
1027,Alma,2023,24269,
1027,Alma,2023,24270,
1027,Alma,2023,24271,
1027,Alma,2023,24272,
1027,Alma,2023,24273,
1027,Alma,2023,24274,
1027,Alma,2023,24275,
1027,Alma,2023,24276,
1027,Alma,2023,24277,
1027,Alma,2023,24278,
1027,Alma,2023,24279,
1027,Alma,2023,24280,
1027,Alma,2023,24281,
1027,Alma,2023,24282,
1027,Alma,2023,24283,
1027,Alma,2023,24284,
1027,Alma,2023,24285,
1027,Alma,2023,24286,
1027,Alma,2023,24287,
1027,Alma,2023,24288,
1027,Alma,2023,24289,
1027,Alma,2023,24290,
783,Southwestern Adventist,2023,10746,
783,Southwestern Adventist,2023,13849,
783,Southwestern Adventist,2023,13850,
783,Southwestern Adventist,2023,13854,
783,Southwestern Adventist,2023,13855,
783,Southwestern Adventist,2023,22609,
783,Southwestern Adventist,2023,22610,
783,Southwestern Adventist,2023,22611,
783,Southwestern Adventist,2023,22612,
783,Southwestern Adventist,2023,22613,
783,Southwestern Adventist,2023,22614,
783,Southwestern Adventist,2023,22615,
783,Southwestern Adventist,2023,22616,
1030,St. John Fisher,2023,24400,
1030,St. John Fisher,2023,24401,
1030,St. John Fisher,2023,24402,
1030,St. John Fisher,2023,24403,
1030,St. John Fisher,2023,24404,
1030,St. John Fisher,2023,24405,
1030,St. John Fisher,2023,24406,
1030,St. John Fisher,2023,24407,
1030,St. John Fisher,2023,24408,
1030,St. John Fisher,2023,24409,
1030,St. John Fisher,2023,24410,
1030,St. John Fisher,2023,24411,
1030,St. John Fisher,2023,24412,
1030,St. John Fisher,2023,24413,
1030,St. John Fisher,2023,24414,
1030,St. John Fisher,2023,24415,
1030,St. John Fisher,2023,24416,
1030,St. John Fisher,2023,24417,
1030,St. John Fisher,2023,24418,
1030,St. John Fisher,2023,24419,
1030,St. John Fisher,2023,24420,
1030,St. John Fisher,2023,24421,
1030,St. John Fisher,2023,24422,
1030,St. John Fisher,2023,24423,
1030,St. John Fisher,2023,24424,
711,St. Ambrose,2023,11907,
711,St. Ambrose,2023,11908,
711,St. Ambrose,2023,11917,
711,St. Ambrose,2023,11919,
711,St. Ambrose,2023,11925,
711,St. Ambrose,2023,11926,
711,St. Ambrose,2023,11928,
711,St. Ambrose,2023,11929,
711,St. Ambrose,2023,24052,
711,St. Ambrose,2023,24053,
711,St. Ambrose,2023,24054,
711,St. Ambrose,2023,24055,
711,St. Ambrose,2023,24056,
711,St. Ambrose,2023,24057,
711,St. Ambrose,2023,24058,
711,St. Ambrose,2023,24059,
711,St. Ambrose,2023,24060,
711,St. Ambrose,2023,24061,
749,Merchant Marine Academy,2023,12881,
749,Merchant Marine Academy,2023,12882,
749,Merchant Marine Academy,2023,12883,
749,Merchant Marine Academy,2023,12888,
749,Merchant Marine Academy,2023,12889,
749,Merchant Marine Academy,2023,12892,
749,Merchant Marine Academy,2023,12893,
749,Merchant Marine Academy,2023,12894,
749,Merchant Marine Academy,2023,12895,
749,Merchant Marine Academy,2023,24104,
749,Merchant Marine Academy,2023,24105,
749,Merchant Marine Academy,2023,24106,
749,Merchant Marine Academy,2023,24107,
749,Merchant Marine Academy,2023,24108,
772,Hardin-Simmons,2023,13489,
772,Hardin-Simmons,2023,13490,
772,Hardin-Simmons,2023,13492,
772,Hardin-Simmons,2023,13503,
772,Hardin-Simmons,2023,13507,
772,Hardin-Simmons,2023,23296,
772,Hardin-Simmons,2023,23297,
772,Hardin-Simmons,2023,23298,
772,Hardin-Simmons,2023,23299,
772,Hardin-Simmons,2023,23300,
772,Hardin-Simmons,2023,23301,
772,Hardin-Simmons,2023,23302,
772,Hardin-Simmons,2023,23303,
772,Hardin-Simmons,2023,23304,
548,Union (TN),2023,4736,
548,Union (TN),2023,4737,
548,Union (TN),2023,4738,1995-01-10
548,Union (TN),2023,4739,
548,Union (TN),2023,4740,
548,Union (TN),2023,4741,
548,Union (TN),2023,4742,
548,Union (TN),2023,4743,
548,Union (TN),2023,4744,
548,Union (TN),2023,4745,
548,Union (TN),2023,4746,
962,LSU Shreveport,2023,19599,
953,Penn State-New Kensington,2023,19405,
953,Penn State-New Kensington,2023,19407,
953,Penn State-New Kensington,2023,19408,
953,Penn State-New Kensington,2023,19409,
953,Penn State-New Kensington,2023,19410,
953,Penn State-New Kensington,2023,19412,
953,Penn State-New Kensington,2023,19414,
953,Penn State-New Kensington,2023,19418,
953,Penn State-New Kensington,2023,22521,
953,Penn State-New Kensington,2023,22522,
953,Penn State-New Kensington,2023,22523,
953,Penn State-New Kensington,2023,22524,
953,Penn State-New Kensington,2023,22525,
953,Penn State-New Kensington,2023,22526,
953,Penn State-New Kensington,2023,22527,
953,Penn State-New Kensington,2023,22528,
953,Penn State-New Kensington,2023,22529,
953,Penn State-New Kensington,2023,22530,
953,Penn State-New Kensington,2023,22531,
615,McMurry,2023,9267,
615,McMurry,2023,9268,
615,McMurry,2023,9269,
615,McMurry,2023,9282,
615,McMurry,2023,9283,
615,McMurry,2023,9289,
615,McMurry,2023,9290,
615,McMurry,2023,23262,
615,McMurry,2023,23263,
615,McMurry,2023,23264,
615,McMurry,2023,23265,
615,McMurry,2023,23266,
615,McMurry,2023,23267,
615,McMurry,2023,23268,
615,McMurry,2023,23269,
681,Trinity Christian (IL),2023,11128,
681,Trinity Christian (IL),2023,11129,
681,Trinity Christian (IL),2023,11130,
681,Trinity Christian (IL),2023,11131,
681,Trinity Christian (IL),2023,11132,
681,Trinity Christian (IL),2023,11133,
681,Trinity Christian (IL),2023,11134,
681,Trinity Christian (IL),2023,11135,
681,Trinity Christian (IL),2023,11137,
681,Trinity Christian (IL),2023,11138,
681,Trinity Christian (IL),2023,11139,
681,Trinity Christian (IL),2023,11140,
681,Trinity Christian (IL),2023,11141,
681,Trinity Christian (IL),2023,11142,
681,Trinity Christian (IL),2023,11143,
866,Molloy,2023,17669,
866,Molloy,2023,17670,
866,Molloy,2023,17675,
866,Molloy,2023,17676,
866,Molloy,2023,17678,
497,Erskine,2023,926,
497,Erskine,2023,936,
497,Erskine,2023,941,
497,Erskine,2023,946,
497,Erskine,2023,947,
497,Erskine,2023,950,
497,Erskine,2023,951,
497,Erskine,2023,20403,
497,Erskine,2023,20404,
497,Erskine,2023,20405,
497,Erskine,2023,20406,
497,Erskine,2023,20407,
497,Erskine,2023,20408,
497,Erskine,2023,20409,
497,Erskine,2023,20410,
497,Erskine,2023,20411,
497,Erskine,2023,20412,
497,Erskine,2023,20413,
497,Erskine,2023,20414,
497,Erskine,2023,20415,
497,Erskine,2023,20416,
497,Erskine,2023,20417,
497,Erskine,2023,20418,
497,Erskine,2023,20419,
497,Erskine,2023,20420,
497,Erskine,2023,20421,
497,Erskine,2023,20422,
497,Erskine,2023,20423,
497,Erskine,2023,20424,
497,Erskine,2023,20425,
497,Erskine,2023,20426,
1046,St. Thomas (FL),2023,5657,
1046,St. Thomas (FL),2023,24887,
1046,St. Thomas (FL),2023,24888,
1046,St. Thomas (FL),2023,24889,
1046,St. Thomas (FL),2023,24890,
1046,St. Thomas (FL),2023,24891,
1046,St. Thomas (FL),2023,24892,
1046,St. Thomas (FL),2023,24893,
1046,St. Thomas (FL),2023,24894,
1046,St. Thomas (FL),2023,24895,
1046,St. Thomas (FL),2023,24896,
1046,St. Thomas (FL),2023,24897,
1046,St. Thomas (FL),2023,24898,
1046,St. Thomas (FL),2023,24899,
1046,St. Thomas (FL),2023,24900,
1046,St. Thomas (FL),2023,24901,
1042,Philander Smith,2023,24775,
1042,Philander Smith,2023,24776,
1042,Philander Smith,2023,24777,
1042,Philander Smith,2023,24778,
1042,Philander Smith,2023,24779,
1042,Philander Smith,2023,24780,
1042,Philander Smith,2023,24781,
1042,Philander Smith,2023,24782,
1042,Philander Smith,2023,24783,
1042,Philander Smith,2023,24784,
1042,Philander Smith,2023,24785,
1042,Philander Smith,2023,24786,
1042,Philander Smith,2023,24787,
1042,Philander Smith,2023,24788,
1042,Philander Smith,2023,24789,
1042,Philander Smith,2023,24790,
1042,Philander Smith,2023,24791,
665,North Greenville,2023,10644,
665,North Greenville,2023,10646,
665,North Greenville,2023,10647,
665,North Greenville,2023,10653,
665,North Greenville,2023,10658,
665,North Greenville,2023,10659,
665,North Greenville,2023,10660,
665,North Greenville,2023,10661,
665,North Greenville,2023,10662,
665,North Greenville,2023,10663,
665,North Greenville,2023,20767,
665,North Greenville,2023,20768,
665,North Greenville,2023,20769,
665,North Greenville,2023,20770,
665,North Greenville,2023,20771,
665,North Greenville,2023,20772,
577,Toccoa Falls,2023,2257,
577,Toccoa Falls,2023,7488,
577,Toccoa Falls,2023,7498,
577,Toccoa Falls,2023,7499,
577,Toccoa Falls,2023,7500,
577,Toccoa Falls,2023,7501,
577,Toccoa Falls,2023,7502,
577,Toccoa Falls,2023,7503,
577,Toccoa Falls,2023,7504,
577,Toccoa Falls,2023,7505,
577,Toccoa Falls,2023,7506,
577,Toccoa Falls,2023,7507,
577,Toccoa Falls,2023,7508,
577,Toccoa Falls,2023,7509,
577,Toccoa Falls,2023,7510,
577,Toccoa Falls,2023,7511,
577,Toccoa Falls,2023,7512,
577,Toccoa Falls,2023,7513,
577,Toccoa Falls,2023,7514,
577,Toccoa Falls,2023,7515,
577,Toccoa Falls,2023,21316,
577,Toccoa Falls,2023,21317,
577,Toccoa Falls,2023,21318,
577,Toccoa Falls,2023,21319,
577,Toccoa Falls,2023,21320,
577,Toccoa Falls,2023,21321,
550,Paul Quinn,2023,5054,
550,Paul Quinn,2023,5065,
550,Paul Quinn,2023,5066,
550,Paul Quinn,2023,5067,
550,Paul Quinn,2023,5068,
550,Paul Quinn,2023,5069,
550,Paul Quinn,2023,5070,
550,Paul Quinn,2023,5071,
550,Paul Quinn,2023,5072,
550,Paul Quinn,2023,5073,
550,Paul Quinn,2023,5074,
550,Paul Quinn,2023,5075,
550,Paul Quinn,2023,5076,
550,Paul Quinn,2023,5077,
550,Paul Quinn,2023,5078,
550,Paul Quinn,2023,5079,
550,Paul Quinn,2023,5080,
550,Paul Quinn,2023,5081,
550,Paul Quinn,2023,18616,
550,Paul Quinn,2023,23693,
550,Paul Quinn,2023,23694,
550,Paul Quinn,2023,23695,
550,Paul Quinn,2023,23696,
550,Paul Quinn,2023,23697,
550,Paul Quinn,2023,23698,
550,Paul Quinn,2023,23699,
550,Paul Quinn,2023,23700,
550,Paul Quinn,2023,23701,
550,Paul Quinn,2023,23702,
550,Paul Quinn,2023,23703,
550,Paul Quinn,2023,23704,
807,William Woods,2023,14457,
807,William Woods,2023,14469,
807,William Woods,2023,14470,
807,William Woods,2023,23667,
807,William Woods,2023,23668,
807,William Woods,2023,23669,
807,William Woods,2023,23670,
807,William Woods,2023,23671,
807,William Woods,2023,23672,
807,William Woods,2023,23673,
807,William Woods,2023,23674,
807,William Woods,2023,23675,
807,William Woods,2023,23676,
807,William Woods,2023,23677,
807,William Woods,2023,23678,
807,William Woods,2023,23679,
700,Edward Waters,2023,11640,
700,Edward Waters,2023,11644,
700,Edward Waters,2023,11645,
700,Edward Waters,2023,11647,
700,Edward Waters,2023,15330,
700,Edward Waters,2023,19323,
700,Edward Waters,2023,20385,
700,Edward Waters,2023,20386,
700,Edward Waters,2023,20387,
700,Edward Waters,2023,20388,
700,Edward Waters,2023,20389,
700,Edward Waters,2023,20390,
700,Edward Waters,2023,20391,
700,Edward Waters,2023,20392,
700,Edward Waters,2023,20393,
700,Edward Waters,2023,20394,
700,Edward Waters,2023,20395,
852,Concordia-Irvine,2023,17053,
518,Frostburg State,2023,2094,
518,Frostburg State,2023,2095,
518,Frostburg State,2023,2096,
518,Frostburg State,2023,2097,
518,Frostburg State,2023,2098,
518,Frostburg State,2023,2099,
518,Frostburg State,2023,2100,
518,Frostburg State,2023,2101,
518,Frostburg State,2023,2102,
518,Frostburg State,2023,2103,
518,Frostburg State,2023,2104,
518,Frostburg State,2023,2105,
518,Frostburg State,2023,2106,
518,Frostburg State,2023,2107,
518,Frostburg State,2023,2108,
518,Frostburg State,2023,2109,
518,Frostburg State,2023,2110,
518,Frostburg State,2023,2111,
518,Frostburg State,2023,2112,
518,Frostburg State,2023,2113,
549,Park University Gilbert,2023,4992,
549,Park University Gilbert,2023,5008,
549,Park University Gilbert,2023,5029,
549,Park University Gilbert,2023,5032,
549,Park University Gilbert,2023,5033,
549,Park University Gilbert,2023,25652,
549,Park University Gilbert,2023,25653,
549,Park University Gilbert,2023,25654,
549,Park University Gilbert,2023,25655,
549,Park University Gilbert,2023,25656,
549,Park University Gilbert,2023,25657,
549,Park University Gilbert,2023,25658,
549,Park University Gilbert,2023,25659,
549,Park University Gilbert,2023,25660,
549,Park University Gilbert,2023,25661,
549,Park University Gilbert,2023,25662,
549,Park University Gilbert,2023,25663,
549,Park University Gilbert,2023,25664,
549,Park University Gilbert,2023,25665,
549,Park University Gilbert,2023,25666,
549,Park University Gilbert,2023,25667,
549,Park University Gilbert,2023,25668,
549,Park University Gilbert,2023,25669,
549,Park University Gilbert,2023,25670,
549,Park University Gilbert,2023,25671,
549,Park University Gilbert,2023,25672,
549,Park University Gilbert,2023,25673,
549,Park University Gilbert,2023,25674,
549,Park University Gilbert,2023,25675,
549,Park University Gilbert,2023,25676,
549,Park University Gilbert,2023,25677,
549,Park University Gilbert,2023,25678,
549,Park University Gilbert,2023,25679,
549,Park University Gilbert,2023,25680,
549,Park University Gilbert,2023,25681,
549,Park University Gilbert,2023,25682,
549,Park University Gilbert,2023,25683,
549,Park University Gilbert,2023,25684,
549,Park University Gilbert,2023,25685,
549,Park University Gilbert,2023,25686,
549,Park University Gilbert,2023,25687,
745,Calumet College,2023,12776,
745,Calumet College,2023,12779,
745,Calumet College,2023,12780,
745,Calumet College,2023,12789,
745,Calumet College,2023,12790,
745,Calumet College,2023,12791,
745,Calumet College,2023,12792,
745,Calumet College,2023,12794,
745,Calumet College,2023,12795,
745,Calumet College,2023,12796,
745,Calumet College,2023,12797,
745,Calumet College,2023,12798,
745,Calumet College,2023,12799,
745,Calumet College,2023,12800,
745,Calumet College,2023,12801,
745,Calumet College,2023,12802,
745,Calumet College,2023,12803,
745,Calumet College,2023,12804,
745,Calumet College,2023,12805,
745,Calumet College,2023,12806,
745,Calumet College,2023,12807,
745,Calumet College,2023,12808,
745,Calumet College,2023,12809,
745,Calumet College,2023,24674,
745,Calumet College,2023,24675,
745,Calumet College,2023,24676,
745,Calumet College,2023,24677,
745,Calumet College,2023,24678,
745,Calumet College,2023,24679,
745,Calumet College,2023,24680,
745,Calumet College,2023,24681,
745,Calumet College,2023,24682,
745,Calumet College,2023,24683,
745,Calumet College,2023,24684,
745,Calumet College,2023,24685,
745,Calumet College,2023,24686,
745,Calumet College,2023,24687,
745,Calumet College,2023,24688,
745,Calumet College,2023,24689,
745,Calumet College,2023,24690,
745,Calumet College,2023,23069,
996,Clark (MA),2023,22552,
996,Clark (MA),2023,22553,
996,Clark (MA),2023,22554,
996,Clark (MA),2023,22555,
996,Clark (MA),2023,22556,
996,Clark (MA),2023,22557,
996,Clark (MA),2023,22558,
996,Clark (MA),2023,22559,
996,Clark (MA),2023,22560,
996,Clark (MA),2023,22561,
996,Clark (MA),2023,22562,
996,Clark (MA),2023,22563,
996,Clark (MA),2023,22564,
996,Clark (MA),2023,22565,
996,Clark (MA),2023,22566,
996,Clark (MA),2023,22567,
996,Clark (MA),2023,22568,
996,Clark (MA),2023,22569,
883,Depauw,2023,18056,
883,Depauw,2023,18058,
883,Depauw,2023,18063,
883,Depauw,2023,18064,
883,Depauw,2023,18068,
942,Saginaw Valley State,2023,19172,
942,Saginaw Valley State,2023,19174,
942,Saginaw Valley State,2023,19175,
942,Saginaw Valley State,2023,19177,
942,Saginaw Valley State,2023,19182,
733,Regent,2023,12492,
733,Regent,2023,12500,
733,Regent,2023,12501,
733,Regent,2023,12502,
733,Regent,2023,12508,
733,Regent,2023,12509,
733,Regent,2023,20746,
733,Regent,2023,20747,
733,Regent,2023,20748,
733,Regent,2023,20749,
733,Regent,2023,20750,
733,Regent,2023,20751,
733,Regent,2023,20752,
733,Regent,2023,20753,
733,Regent,2023,20754,
733,Regent,2023,25128,
825,Kean,2023,15035,
825,Kean,2023,15036,
825,Kean,2023,15044,
825,Kean,2023,15045,
825,Kean,2023,15046,
825,Kean,2023,15047,
825,Kean,2023,15049,
825,Kean,2023,15050,
825,Kean,2023,15053,
825,Kean,2023,25412,
825,Kean,2023,25413,
825,Kean,2023,25414,
825,Kean,2023,25415,
825,Kean,2023,25416,
825,Kean,2023,25417,
825,Kean,2023,25418,
555,Fisk,2023,5635,
555,Fisk,2023,5827,
555,Fisk,2023,5828,
555,Fisk,2023,5837,
555,Fisk,2023,5840,
555,Fisk,2023,5841,
555,Fisk,2023,5842,
555,Fisk,2023,5843,
555,Fisk,2023,5844,
555,Fisk,2023,5845,
555,Fisk,2023,5846,
555,Fisk,2023,5847,
555,Fisk,2023,5848,
555,Fisk,2023,5849,
555,Fisk,2023,5850,
555,Fisk,2023,5851,
555,Fisk,2023,5852,
555,Fisk,2023,5853,
555,Fisk,2023,5854,
555,Fisk,2023,5855,
555,Fisk,2023,5856,
555,Fisk,2023,5857,
554,Dallas,2023,5785,
554,Dallas,2023,5788,
554,Dallas,2023,5795,
554,Dallas,2023,5796,
554,Dallas,2023,5802,
554,Dallas,2023,5808,
833,Linfield College,2023,15521,
833,Linfield College,2023,15522,
833,Linfield College,2023,15523,
833,Linfield College,2023,15524,
833,Linfield College,2023,15525,
833,Linfield College,2023,15526,
833,Linfield College,2023,15527,
833,Linfield College,2023,15528,
833,Linfield College,2023,15529,
833,Linfield College,2023,15530,
833,Linfield College,2023,15531,
833,Linfield College,2023,15532,
833,Linfield College,2023,15533,
833,Linfield College,2023,15534,
833,Linfield College,2023,15535,
833,Linfield College,2023,15536,
833,Linfield College,2023,15537,
833,Linfield College,2023,15538,
833,Linfield College,2023,15539,
833,Linfield College,2023,15540,
833,Linfield College,2023,15541,
833,Linfield College,2023,15542,
1047,Georgia College,2023,13469,
1047,Georgia College,2023,25028,
1047,Georgia College,2023,25029,
1047,Georgia College,2023,25030,
1047,Georgia College,2023,25031,
1047,Georgia College,2023,25032,
1047,Georgia College,2023,25033,
1047,Georgia College,2023,25034,
1047,Georgia College,2023,25035,
1047,Georgia College,2023,25036,
1047,Georgia College,2023,25037,
1047,Georgia College,2023,25038,
1047,Georgia College,2023,25039,
1047,Georgia College,2023,25040,
1047,Georgia College,2023,25041,
1047,Georgia College,2023,25042,
1047,Georgia College,2023,25043,
1047,Georgia College,2023,25044,
1047,Georgia College,2023,25045,
1047,Georgia College,2023,25046,
1047,Georgia College,2023,25047,
1047,Georgia College,2023,25048,
1047,Georgia College,2023,25049,
1047,Georgia College,2023,25050,
1047,Georgia College,2023,25051,
1047,Georgia College,2023,25052,
1047,Georgia College,2023,25053,
1047,Georgia College,2023,25054,
882,Illinois Tech,2023,18033,
882,Illinois Tech,2023,18035,
882,Illinois Tech,2023,18037,
882,Illinois Tech,2023,18042,
882,Illinois Tech,2023,18043,
882,Illinois Tech,2023,18044,
882,Illinois Tech,2023,18045,
882,Illinois Tech,2023,18046,
882,Illinois Tech,2023,18047,
882,Illinois Tech,2023,18048,
882,Illinois Tech,2023,18050,
882,Illinois Tech,2023,18051,
882,Illinois Tech,2023,18052,
882,Illinois Tech,2023,25155,
882,Illinois Tech,2023,25156,
882,Illinois Tech,2023,25157,
882,Illinois Tech,2023,25158,
882,Illinois Tech,2023,25159,
882,Illinois Tech,2023,25160,
882,Illinois Tech,2023,25161,
882,Illinois Tech,2023,25162,
508,Bluffton,2023,1628,
508,Bluffton,2023,1629,
508,Bluffton,2023,1630,
508,Bluffton,2023,1640,
508,Bluffton,2023,1641,
508,Bluffton,2023,1642,
508,Bluffton,2023,1643,
508,Bluffton,2023,1644,
508,Bluffton,2023,1645,
508,Bluffton,2023,1646,
508,Bluffton,2023,1647,
508,Bluffton,2023,1648,
508,Bluffton,2023,1649,
508,Bluffton,2023,1650,
508,Bluffton,2023,1651,
508,Bluffton,2023,1652,
508,Bluffton,2023,1653,
508,Bluffton,2023,1654,
508,Bluffton,2023,1655,
508,Bluffton,2023,1656,
508,Bluffton,2023,1657,
508,Bluffton,2023,1658,
662,Westminster (UT),2023,4939,
662,Westminster (UT),2023,10586,
662,Westminster (UT),2023,10592,
662,Westminster (UT),2023,10593,
662,Westminster (UT),2023,10594,
662,Westminster (UT),2023,10595,
662,Westminster (UT),2023,10596,
662,Westminster (UT),2023,10597,
662,Westminster (UT),2023,10598,
662,Westminster (UT),2023,10599,
662,Westminster (UT),2023,10600,
662,Westminster (UT),2023,10601,
662,Westminster (UT),2023,10602,
662,Westminster (UT),2023,10603,
662,Westminster (UT),2023,10604,
662,Westminster (UT),2023,10605,
662,Westminster (UT),2023,18627,
1031,Carlow,2023,24425,
1031,Carlow,2023,24426,
1031,Carlow,2023,24427,
1031,Carlow,2023,24428,
1031,Carlow,2023,24429,
1031,Carlow,2023,24430,
1031,Carlow,2023,24431,
1031,Carlow,2023,24432,
1031,Carlow,2023,24433,
1031,Carlow,2023,24434,
1031,Carlow,2023,24435,
1031,Carlow,2023,24436,
1031,Carlow,2023,24437,
1031,Carlow,2023,24438,
1031,Carlow,2023,24439,
1031,Carlow,2023,24440,
1031,Carlow,2023,24441,
1031,Carlow,2023,24442,
1031,Carlow,2023,24443,
1031,Carlow,2023,24444,
1031,Carlow,2023,24445,
1033,West Coast Baptist,2023,24473,
1033,West Coast Baptist,2023,24474,
1033,West Coast Baptist,2023,24475,
1033,West Coast Baptist,2023,24476,
1033,West Coast Baptist,2023,24477,
1033,West Coast Baptist,2023,24478,
1033,West Coast Baptist,2023,24479,
1033,West Coast Baptist,2023,24480,
1033,West Coast Baptist,2023,24481,
1033,West Coast Baptist,2023,24482,
1033,West Coast Baptist,2023,24483,
1033,West Coast Baptist,2023,24484,
1033,West Coast Baptist,2023,24485,
1033,West Coast Baptist,2023,24486,
1033,West Coast Baptist,2023,24487,
1033,West Coast Baptist,2023,24488,
1033,West Coast Baptist,2023,24489,
1033,West Coast Baptist,2023,24490,
1033,West Coast Baptist,2023,24491,
1033,West Coast Baptist,2023,24492,
1033,West Coast Baptist,2023,24493,
1033,West Coast Baptist,2023,24494,
1033,West Coast Baptist,2023,24495,
1033,West Coast Baptist,2023,24496,
1033,West Coast Baptist,2023,24497,
1033,West Coast Baptist,2023,24498,
1033,West Coast Baptist,2023,24499,
1033,West Coast Baptist,2023,24500,
1033,West Coast Baptist,2023,24501,
1033,West Coast Baptist,2023,24502,
1033,West Coast Baptist,2023,24503,
1033,West Coast Baptist,2023,24504,
1033,West Coast Baptist,2023,24505,
1033,West Coast Baptist,2023,24506,
1033,West Coast Baptist,2023,24507,
1033,West Coast Baptist,2023,24508,
1033,West Coast Baptist,2023,25636,
1019,Old Westbury,2023,23732,
1019,Old Westbury,2023,23733,
1019,Old Westbury,2023,23734,
1019,Old Westbury,2023,23735,
1019,Old Westbury,2023,23736,
1019,Old Westbury,2023,23737,
1019,Old Westbury,2023,23738,
1019,Old Westbury,2023,23739,
1019,Old Westbury,2023,23740,
1019,Old Westbury,2023,23741,
1019,Old Westbury,2023,23742,
1019,Old Westbury,2023,23743,
1019,Old Westbury,2023,23744,
1019,Old Westbury,2023,23745,
1019,Old Westbury,2023,23746,
1019,Old Westbury,2023,23747,
1019,Old Westbury,2023,23748,
1019,Old Westbury,2023,23749,
1019,Old Westbury,2023,23750,
1019,Old Westbury,2023,23751,
1019,Old Westbury,2023,23752,
1019,Old Westbury,2023,23753,
1019,Old Westbury,2023,23754,
1019,Old Westbury,2023,23755,
1019,Old Westbury,2023,23756,
1019,Old Westbury,2023,23757,
1019,Old Westbury,2023,23758,
1019,Old Westbury,2023,23759,
1019,Old Westbury,2023,23760,
1019,Old Westbury,2023,23761,
1019,Old Westbury,2023,23762,
1019,Old Westbury,2023,25373,
563,Sul Ross State,2023,6310,
563,Sul Ross State,2023,6311,
563,Sul Ross State,2023,6315,
563,Sul Ross State,2023,6316,
563,Sul Ross State,2023,6317,
563,Sul Ross State,2023,6322,
563,Sul Ross State,2023,6323,
563,Sul Ross State,2023,6324,
563,Sul Ross State,2023,6325,
563,Sul Ross State,2023,6326,
563,Sul Ross State,2023,6327,
563,Sul Ross State,2023,23305,
563,Sul Ross State,2023,23306,
563,Sul Ross State,2023,23307,
563,Sul Ross State,2023,23308,
563,Sul Ross State,2023,23309,
563,Sul Ross State,2023,23310,
563,Sul Ross State,2023,23311,
563,Sul Ross State,2023,23312,
563,Sul Ross State,2023,23313,
563,Sul Ross State,2023,23314,
563,Sul Ross State,2023,23315,
563,Sul Ross State,2023,23316,
563,Sul Ross State,2023,23317,
563,Sul Ross State,2023,23318,
563,Sul Ross State,2023,23319,
563,Sul Ross State,2023,23320,
640,District Of Columbia,2023,4090,
640,District Of Columbia,2023,9996,
640,District Of Columbia,2023,10004,
640,District Of Columbia,2023,10005,
640,District Of Columbia,2023,10006,
640,District Of Columbia,2023,10007,
640,District Of Columbia,2023,10008,
640,District Of Columbia,2023,10009,
640,District Of Columbia,2023,10010,
640,District Of Columbia,2023,10011,
640,District Of Columbia,2023,10012,
640,District Of Columbia,2023,10013,
640,District Of Columbia,2023,10014,
640,District Of Columbia,2023,10015,
640,District Of Columbia,2023,10016,
512,Hannibal-LaGrange,2023,1814,
512,Hannibal-LaGrange,2023,1816,
512,Hannibal-LaGrange,2023,1824,
512,Hannibal-LaGrange,2023,1825,
512,Hannibal-LaGrange,2023,1826,
512,Hannibal-LaGrange,2023,1827,
512,Hannibal-LaGrange,2023,1828,
512,Hannibal-LaGrange,2023,1829,
512,Hannibal-LaGrange,2023,1830,
512,Hannibal-LaGrange,2023,22656,
512,Hannibal-LaGrange,2023,22657,
512,Hannibal-LaGrange,2023,22658,
817,Muskingum,2023,14684,
817,Muskingum,2023,14812,
817,Muskingum,2023,14813,
817,Muskingum,2023,14819,
817,Muskingum,2023,14824,
817,Muskingum,2023,14825,
817,Muskingum,2023,14828,
817,Muskingum,2023,14830,
817,Muskingum,2023,14831,
817,Muskingum,2023,24300,
817,Muskingum,2023,24301,
817,Muskingum,2023,24302,
817,Muskingum,2023,24303,
817,Muskingum,2023,24304,
817,Muskingum,2023,24305,
817,Muskingum,2023,24306,
817,Muskingum,2023,24307,
949,Wiley,2023,12208,
949,Wiley,2023,17913,
949,Wiley,2023,19327,
949,Wiley,2023,19328,
949,Wiley,2023,19335,
949,Wiley,2023,19336,
949,Wiley,2023,19337,
949,Wiley,2023,19338,
949,Wiley,2023,19339,
949,Wiley,2023,19340,
949,Wiley,2023,19341,
949,Wiley,2023,19342,
949,Wiley,2023,19343,
949,Wiley,2023,19344,
949,Wiley,2023,19345,
684,Auburn-Montgomery,2023,11222,
684,Auburn-Montgomery,2023,11223,
684,Auburn-Montgomery,2023,11224,
684,Auburn-Montgomery,2023,11225,
684,Auburn-Montgomery,2023,11226,
684,Auburn-Montgomery,2023,11227,
684,Auburn-Montgomery,2023,11228,
684,Auburn-Montgomery,2023,11229,
684,Auburn-Montgomery,2023,11230,
684,Auburn-Montgomery,2023,11231,
684,Auburn-Montgomery,2023,11232,
684,Auburn-Montgomery,2023,11233,
684,Auburn-Montgomery,2023,11234,
684,Auburn-Montgomery,2023,11235,
614,Kansas Christian,2023,5941,
614,Kansas Christian,2023,5956,
614,Kansas Christian,2023,9255,
614,Kansas Christian,2023,9256,
614,Kansas Christian,2023,9260,
614,Kansas Christian,2023,20090,
614,Kansas Christian,2023,20091,
614,Kansas Christian,2023,20092,
614,Kansas Christian,2023,20093,
614,Kansas Christian,2023,20094,
614,Kansas Christian,2023,20095,
614,Kansas Christian,2023,20096,
614,Kansas Christian,2023,20097,
614,Kansas Christian,2023,20098,
614,Kansas Christian,2023,20099,
614,Kansas Christian,2023,20100,
614,Kansas Christian,2023,22641,
848,Life University,2023,16731,
848,Life University,2023,16732,
848,Life University,2023,16736,
848,Life University,2023,16741,
594,Oakwood,2023,8612,
594,Oakwood,2023,8617,
594,Oakwood,2023,8619,
594,Oakwood,2023,8620,
594,Oakwood,2023,8628,
594,Oakwood,2023,8632,
594,Oakwood,2023,8633,
594,Oakwood,2023,8634,
594,Oakwood,2023,20223,
594,Oakwood,2023,20224,
594,Oakwood,2023,20225,
594,Oakwood,2023,20226,
594,Oakwood,2023,20227,
594,Oakwood,2023,20228,
594,Oakwood,2023,20229,
594,Oakwood,2023,20230,
594,Oakwood,2023,20231,
594,Oakwood,2023,20232,
594,Oakwood,2023,20233,
594,Oakwood,2023,20234,
594,Oakwood,2023,20235,
594,Oakwood,2023,20236,
594,Oakwood,2023,20237,
594,Oakwood,2023,20238,
594,Oakwood,2023,20239,
594,Oakwood,2023,20240,
594,Oakwood,2023,20241,
594,Oakwood,2023,20242,
594,Oakwood,2023,20243,
927,Coe,2023,5338,
927,Coe,2023,18891,
927,Coe,2023,18892,
927,Coe,2023,18893,
927,Coe,2023,18897,
927,Coe,2023,18904,
927,Coe,2023,18905,
927,Coe,2023,18906,
927,Coe,2023,18907,
927,Coe,2023,18908,
918,Warren Wilson,2023,1230,
918,Warren Wilson,2023,18740,
918,Warren Wilson,2023,18741,
918,Warren Wilson,2023,18744,
918,Warren Wilson,2023,18752,
918,Warren Wilson,2023,18753,
918,Warren Wilson,2023,20189,
918,Warren Wilson,2023,20190,
918,Warren Wilson,2023,20191,
918,Warren Wilson,2023,20192,
918,Warren Wilson,2023,20193,
918,Warren Wilson,2023,20194,
918,Warren Wilson,2023,20195,
918,Warren Wilson,2023,20196,
918,Warren Wilson,2023,20197,
918,Warren Wilson,2023,20198,
918,Warren Wilson,2023,20199,
918,Warren Wilson,2023,20200,
918,Warren Wilson,2023,20201,
918,Warren Wilson,2023,20202,
918,Warren Wilson,2023,20203,
918,Warren Wilson,2023,20204,
777,Crown College,2023,13641,
777,Crown College,2023,13642,
777,Crown College,2023,13646,
777,Crown College,2023,13647,
777,Crown College,2023,13648,
777,Crown College,2023,13651,
777,Crown College,2023,13652,
777,Crown College,2023,13653,
777,Crown College,2023,13664,
777,Crown College,2023,13667,
777,Crown College,2023,13668,
777,Crown College,2023,13669,
777,Crown College,2023,13670,
777,Crown College,2023,13671,
777,Crown College,2023,13672,
777,Crown College,2023,13674,
777,Crown College,2023,16837,
777,Crown College,2023,18327,
777,Crown College,2023,23521,
777,Crown College,2023,23522,
777,Crown College,2023,23523,
777,Crown College,2023,23524,
777,Crown College,2023,23525,
777,Crown College,2023,23526,
777,Crown College,2023,23527,
777,Crown College,2023,23528,
777,Crown College,2023,23529,
777,Crown College,2023,23530,
777,Crown College,2023,23531,
582,Baldwin Wallace,2023,7978,
582,Baldwin Wallace,2023,7988,
582,Baldwin Wallace,2023,7993,
582,Baldwin Wallace,2023,7994,
582,Baldwin Wallace,2023,7995,
582,Baldwin Wallace,2023,7996,
582,Baldwin Wallace,2023,7997,
582,Baldwin Wallace,2023,7998,
582,Baldwin Wallace,2023,7999,
582,Baldwin Wallace,2023,8000,
582,Baldwin Wallace,2023,8001,
582,Baldwin Wallace,2023,8002,
582,Baldwin Wallace,2023,8003,
582,Baldwin Wallace,2023,8004,
582,Baldwin Wallace,2023,8005,
582,Baldwin Wallace,2023,8006,
582,Baldwin Wallace,2023,8007,
582,Baldwin Wallace,2023,8008,
582,Baldwin Wallace,2023,8009,
582,Baldwin Wallace,2023,15713,
582,Baldwin Wallace,2023,22487,
898,Pacific Lutheran,2023,13564,
898,Pacific Lutheran,2023,18359,
898,Pacific Lutheran,2023,18362,
898,Pacific Lutheran,2023,18363,
898,Pacific Lutheran,2023,18364,
898,Pacific Lutheran,2023,18365,
898,Pacific Lutheran,2023,18366,
898,Pacific Lutheran,2023,18367,
898,Pacific Lutheran,2023,18370,
898,Pacific Lutheran,2023,18373,
898,Pacific Lutheran,2023,18374,
898,Pacific Lutheran,2023,18375,
898,Pacific Lutheran,2023,23795,
898,Pacific Lutheran,2023,23796,
898,Pacific Lutheran,2023,23797,
898,Pacific Lutheran,2023,23798,
898,Pacific Lutheran,2023,23799,
898,Pacific Lutheran,2023,23800,
898,Pacific Lutheran,2023,23801,
898,Pacific Lutheran,2023,23802,
898,Pacific Lutheran,2023,23803,
898,Pacific Lutheran,2023,23804,
1014,Albertus Magnus,2023,23384,
1014,Albertus Magnus,2023,23385,
1014,Albertus Magnus,2023,23386,
1014,Albertus Magnus,2023,23387,
1014,Albertus Magnus,2023,23388,
1014,Albertus Magnus,2023,23389,
1014,Albertus Magnus,2023,23390,
1014,Albertus Magnus,2023,23391,
1014,Albertus Magnus,2023,23392,
1014,Albertus Magnus,2023,23393,
1014,Albertus Magnus,2023,23394,
1014,Albertus Magnus,2023,23395,
1014,Albertus Magnus,2023,23396,
1014,Albertus Magnus,2023,23397,
1014,Albertus Magnus,2023,23398,
1014,Albertus Magnus,2023,23399,
1014,Albertus Magnus,2023,23400,
1014,Albertus Magnus,2023,23401,
1014,Albertus Magnus,2023,23402,
1014,Albertus Magnus,2023,23403,
1014,Albertus Magnus,2023,23404,
1014,Albertus Magnus,2023,23405,
796,UVA Wise,2023,14190,
843,Millsaps,2023,16275,
843,Millsaps,2023,16277,
843,Millsaps,2023,16280,
843,Millsaps,2023,16286,
843,Millsaps,2023,16287,
841,Vassar,2023,15878,
841,Vassar,2023,15879,
841,Vassar,2023,15882,
841,Vassar,2023,15886,
841,Vassar,2023,15887,
841,Vassar,2023,15888,
841,Vassar,2023,15895,
938,Portland Bible,2023,19092,
938,Portland Bible,2023,19095,
938,Portland Bible,2023,24186,
938,Portland Bible,2023,24187,
938,Portland Bible,2023,24188,
938,Portland Bible,2023,24189,
938,Portland Bible,2023,24190,
938,Portland Bible,2023,24191,
938,Portland Bible,2023,24192,
938,Portland Bible,2023,24193,
938,Portland Bible,2023,24194,
938,Portland Bible,2023,24195,
938,Portland Bible,2023,24196,
938,Portland Bible,2023,24197,
938,Portland Bible,2023,24198,
938,Portland Bible,2023,24199,
938,Portland Bible,2023,24200,
938,Portland Bible,2023,24201,
938,Portland Bible,2023,24202,
938,Portland Bible,2023,24203,
938,Portland Bible,2023,24204,
938,Portland Bible,2023,24205,
627,Chatham University,2023,9642,
627,Chatham University,2023,9643,
627,Chatham University,2023,9644,
627,Chatham University,2023,9645,
627,Chatham University,2023,9646,
627,Chatham University,2023,9647,
627,Chatham University,2023,9648,
627,Chatham University,2023,9649,
627,Chatham University,2023,9650,
627,Chatham University,2023,9651,
627,Chatham University,2023,9652,
627,Chatham University,2023,9653,
627,Chatham University,2023,9654,
627,Chatham University,2023,9655,
627,Chatham University,2023,9656,
627,Chatham University,2023,9657,
627,Chatham University,2023,9658,
627,Chatham University,2023,9659,
627,Chatham University,2023,9660,
627,Chatham University,2023,9661,
627,Chatham University,2023,9662,
627,Chatham University,2023,9663,
1023,Eastern Nazarene,2023,11614,
1023,Eastern Nazarene,2023,11615,
1023,Eastern Nazarene,2023,14808,
1023,Eastern Nazarene,2023,24112,
1023,Eastern Nazarene,2023,24113,
1023,Eastern Nazarene,2023,24114,
1023,Eastern Nazarene,2023,24115,
1023,Eastern Nazarene,2023,24116,
1023,Eastern Nazarene,2023,24117,
1023,Eastern Nazarene,2023,24118,
1023,Eastern Nazarene,2023,24119,
1023,Eastern Nazarene,2023,24120,
1023,Eastern Nazarene,2023,24121,
1023,Eastern Nazarene,2023,24122,
1023,Eastern Nazarene,2023,24123,
1023,Eastern Nazarene,2023,24124,
1023,Eastern Nazarene,2023,24125,
1023,Eastern Nazarene,2023,24126,
1023,Eastern Nazarene,2023,24127,
1023,Eastern Nazarene,2023,24128,
651,Campbellsville,2023,10262,
651,Campbellsville,2023,10268,
651,Campbellsville,2023,10270,
651,Campbellsville,2023,10276,
651,Campbellsville,2023,10277,
741,Brevard,2023,12679,
741,Brevard,2023,12680,
741,Brevard,2023,12682,
741,Brevard,2023,12687,
741,Brevard,2023,12691,
741,Brevard,2023,12692,
741,Brevard,2023,12695,
741,Brevard,2023,12696,
741,Brevard,2023,12701,
741,Brevard,2023,12702,
741,Brevard,2023,12703,
741,Brevard,2023,12704,
741,Brevard,2023,21040,
741,Brevard,2023,21041,
741,Brevard,2023,21042,
741,Brevard,2023,21043,
741,Brevard,2023,21044,
741,Brevard,2023,21045,
741,Brevard,2023,21046,
919,Rocky Mountain,2023,18754,
919,Rocky Mountain,2023,18757,
919,Rocky Mountain,2023,18758,
919,Rocky Mountain,2023,18762,
919,Rocky Mountain,2023,18765,
851,Blue Mountain,2023,16423,
851,Blue Mountain,2023,16836,
851,Blue Mountain,2023,16840,
851,Blue Mountain,2023,16841,
851,Blue Mountain,2023,16847,
851,Blue Mountain,2023,23040,
851,Blue Mountain,2023,23041,
851,Blue Mountain,2023,23042,
851,Blue Mountain,2023,23043,
851,Blue Mountain,2023,23044,
851,Blue Mountain,2023,23045,
851,Blue Mountain,2023,23046,
851,Blue Mountain,2023,23047,
851,Blue Mountain,2023,23048,
851,Blue Mountain,2023,23049,
851,Blue Mountain,2023,23050,
851,Blue Mountain,2023,23051,
851,Blue Mountain,2023,23052,
851,Blue Mountain,2023,23053,
851,Blue Mountain,2023,23054,
851,Blue Mountain,2023,23055,
851,Blue Mountain,2023,23056,
851,Blue Mountain,2023,23057,
851,Blue Mountain,2023,23058,
687,Embry-Riddle (AZ),2023,11285,
687,Embry-Riddle (AZ),2023,11292,
687,Embry-Riddle (AZ),2023,11294,
687,Embry-Riddle (AZ),2023,11295,
687,Embry-Riddle (AZ),2023,11296,
687,Embry-Riddle (AZ),2023,11297,
687,Embry-Riddle (AZ),2023,11298,
687,Embry-Riddle (AZ),2023,11299,
687,Embry-Riddle (AZ),2023,11300,
631,Valley Forge,2023,9760,
631,Valley Forge,2023,9761,
631,Valley Forge,2023,9766,
631,Valley Forge,2023,9767,
631,Valley Forge,2023,9768,
631,Valley Forge,2023,9769,
631,Valley Forge,2023,9770,
631,Valley Forge,2023,9771,
631,Valley Forge,2023,9772,
631,Valley Forge,2023,9773,
631,Valley Forge,2023,9774,
631,Valley Forge,2023,9775,
631,Valley Forge,2023,9776,
631,Valley Forge,2023,9777,
984,Southern Nazarene,2023,4493,
984,Southern Nazarene,2023,16829,
984,Southern Nazarene,2023,21170,
984,Southern Nazarene,2023,21171,
984,Southern Nazarene,2023,21172,
984,Southern Nazarene,2023,21173,
984,Southern Nazarene,2023,21174,
984,Southern Nazarene,2023,21175,
984,Southern Nazarene,2023,21176,
984,Southern Nazarene,2023,21177,
984,Southern Nazarene,2023,21178,
984,Southern Nazarene,2023,21179,
984,Southern Nazarene,2023,21180,
984,Southern Nazarene,2023,21181,
984,Southern Nazarene,2023,21182,
984,Southern Nazarene,2023,21183,
984,Southern Nazarene,2023,21184,
984,Southern Nazarene,2023,21185,
984,Southern Nazarene,2023,21186,
984,Southern Nazarene,2023,21187,
984,Southern Nazarene,2023,21188,
984,Southern Nazarene,2023,21189,1998-02-17
984,Southern Nazarene,2023,21190,
984,Southern Nazarene,2023,21191,
984,Southern Nazarene,2023,21192,
984,Southern Nazarene,2023,21193,
984,Southern Nazarene,2023,21194,
569,Jessup University,2023,4916,
569,Jessup University,2023,6908,
569,Jessup University,2023,6909,
569,Jessup University,2023,6913,
569,Jessup University,2023,6914,
569,Jessup University,2023,6915,
569,Jessup University,2023,6918,
569,Jessup University,2023,23330,
569,Jessup University,2023,23331,
569,Jessup University,2023,23332,
569,Jessup University,2023,23333,
569,Jessup University,2023,23334,
569,Jessup University,2023,23335,
569,Jessup University,2023,23336,
569,Jessup University,2023,23337,
569,Jessup University,2023,23338,
569,Jessup University,2023,23339,
569,Jessup University,2023,23340,
569,Jessup University,2023,23341,
507,Morris College,2023,1590,
507,Morris College,2023,1591,
507,Morris College,2023,1592,
507,Morris College,2023,1593,
507,Morris College,2023,1594,
507,Morris College,2023,1595,
507,Morris College,2023,1596,
507,Morris College,2023,1597,
507,Morris College,2023,1598,
507,Morris College,2023,1599,
507,Morris College,2023,1600,
507,Morris College,2023,1601,
507,Morris College,2023,1602,
507,Morris College,2023,1603,
507,Morris College,2023,1604,
507,Morris College,2023,1605,
507,Morris College,2023,1606,
507,Morris College,2023,1607,
507,Morris College,2023,1608,
507,Morris College,2023,1609,
596,WPI,2023,8691,
596,WPI,2023,8692,
596,WPI,2023,8693,
596,WPI,2023,8700,
596,WPI,2023,8702,
596,WPI,2023,8703,
596,WPI,2023,8704,
596,WPI,2023,8705,
596,WPI,2023,8706,
596,WPI,2023,8707,
596,WPI,2023,8708,
596,WPI,2023,8709,
596,WPI,2023,8710,
596,WPI,2023,8711,
596,WPI,2023,8712,
596,WPI,2023,8713,
596,WPI,2023,8714,
500,Washington College (MD),2023,1141,
500,Washington College (MD),2023,1142,
500,Washington College (MD),2023,1148,
500,Washington College (MD),2023,1150,
500,Washington College (MD),2023,1154,
500,Washington College (MD),2023,1155,
500,Washington College (MD),2023,1159,
500,Washington College (MD),2023,1160,
500,Washington College (MD),2023,1161,
500,Washington College (MD),2023,1162,
500,Washington College (MD),2023,1163,
500,Washington College (MD),2023,7607,
500,Washington College (MD),2023,13087,
500,Washington College (MD),2023,23376,
500,Washington College (MD),2023,23377,
500,Washington College (MD),2023,23378,
500,Washington College (MD),2023,23379,
500,Washington College (MD),2023,23380,
500,Washington College (MD),2023,23381,
500,Washington College (MD),2023,23382,
500,Washington College (MD),2023,23383,
770,Bryn Athyn,2023,13441,
770,Bryn Athyn,2023,13447,
770,Bryn Athyn,2023,13448,
770,Bryn Athyn,2023,13455,
770,Bryn Athyn,2023,13456,
770,Bryn Athyn,2023,13458,
770,Bryn Athyn,2023,13459,
770,Bryn Athyn,2023,13460,
770,Bryn Athyn,2023,19695,
770,Bryn Athyn,2023,22870,
770,Bryn Athyn,2023,22871,
770,Bryn Athyn,2023,22872,
770,Bryn Athyn,2023,22873,
770,Bryn Athyn,2023,22874,
770,Bryn Athyn,2023,22875,
770,Bryn Athyn,2023,22876,
770,Bryn Athyn,2023,22877,
770,Bryn Athyn,2023,22878,
540,Bethel (TN),2023,4239,
540,Bethel (TN),2023,4247,
540,Bethel (TN),2023,4248,
540,Bethel (TN),2023,4252,
540,Bethel (TN),2023,4253,
540,Bethel (TN),2023,4254,
540,Bethel (TN),2023,4257,
540,Bethel (TN),2023,4258,
540,Bethel (TN),2023,4259,
540,Bethel (TN),2023,4260,
540,Bethel (TN),2023,4261,
540,Bethel (TN),2023,4262,
540,Bethel (TN),2023,23930,
540,Bethel (TN),2023,23931,
540,Bethel (TN),2023,23932,
540,Bethel (TN),2023,23933,
540,Bethel (TN),2023,24806,
543,Northeastern State,2023,4393,
543,Northeastern State,2023,4394,
543,Northeastern State,2023,4397,
543,Northeastern State,2023,4398,
543,Northeastern State,2023,4399,
869,North Park,2023,17733,
869,North Park,2023,17734,
869,North Park,2023,17735,
869,North Park,2023,17740,
869,North Park,2023,17741,
869,North Park,2023,17743,
869,North Park,2023,17745,
869,North Park,2023,17746,
869,North Park,2023,17747,
869,North Park,2023,17749,
869,North Park,2023,17752,
869,North Park,2023,24691,
869,North Park,2023,24692,
869,North Park,2023,24693,
869,North Park,2023,24694,
869,North Park,2023,24695,
869,North Park,2023,24696,
869,North Park,2023,24697,
869,North Park,2023,24698,
869,North Park,2023,24699,
869,North Park,2023,24700,
869,North Park,2023,24701,
869,North Park,2023,24702,
869,North Park,2023,24703,
869,North Park,2023,24704,
869,North Park,2023,24705,
532,Mississippi College,2023,3648,
532,Mississippi College,2023,3661,
532,Mississippi College,2023,3668,
532,Mississippi College,2023,6096,
532,Mississippi College,2023,16516,
532,Mississippi College,2023,18507,
532,Mississippi College,2023,21827,
532,Mississippi College,2023,21828,
532,Mississippi College,2023,21829,
532,Mississippi College,2023,21830,
532,Mississippi College,2023,21831,
532,Mississippi College,2023,21832,
532,Mississippi College,2023,21833,
532,Mississippi College,2023,21834,
532,Mississippi College,2023,21835,
532,Mississippi College,2023,21836,
532,Mississippi College,2023,21837,
837,Malone,2023,15697,
976,Notre Dame College (OH),2023,7577,
976,Notre Dame College (OH),2023,20616,
976,Notre Dame College (OH),2023,20617,
976,Notre Dame College (OH),2023,20618,
976,Notre Dame College (OH),2023,20619,
976,Notre Dame College (OH),2023,20620,
976,Notre Dame College (OH),2023,20621,
976,Notre Dame College (OH),2023,20622,
976,Notre Dame College (OH),2023,20623,
976,Notre Dame College (OH),2023,20624,
976,Notre Dame College (OH),2023,20625,
976,Notre Dame College (OH),2023,20626,
976,Notre Dame College (OH),2023,20627,
719,Texas Lutheran,2023,6023,
719,Texas Lutheran,2023,12088,
719,Texas Lutheran,2023,12089,
719,Texas Lutheran,2023,12090,
719,Texas Lutheran,2023,12101,
719,Texas Lutheran,2023,12103,
719,Texas Lutheran,2023,12106,
719,Texas Lutheran,2023,12107,
719,Texas Lutheran,2023,12108,
719,Texas Lutheran,2023,23255,
719,Texas Lutheran,2023,23256,
719,Texas Lutheran,2023,23257,
719,Texas Lutheran,2023,23258,
719,Texas Lutheran,2023,23259,
719,Texas Lutheran,2023,23260,
719,Texas Lutheran,2023,23261,
536,Maryville College (TN),2023,3813,
536,Maryville College (TN),2023,3814,
536,Maryville College (TN),2023,3823,
536,Maryville College (TN),2023,3824,
536,Maryville College (TN),2023,3825,
536,Maryville College (TN),2023,3826,
536,Maryville College (TN),2023,3827,
536,Maryville College (TN),2023,3828,
536,Maryville College (TN),2023,3829,
536,Maryville College (TN),2023,3830,
536,Maryville College (TN),2023,3831,
536,Maryville College (TN),2023,3832,
536,Maryville College (TN),2023,3833,
536,Maryville College (TN),2023,3834,
536,Maryville College (TN),2023,3835,
536,Maryville College (TN),2023,3836,
536,Maryville College (TN),2023,3837,
536,Maryville College (TN),2023,3838,
499,Framingham State,2023,1014,
499,Framingham State,2023,1015,
499,Framingham State,2023,1022,
499,Framingham State,2023,1023,
499,Framingham State,2023,1025,
499,Framingham State,2023,23942,
499,Framingham State,2023,23943,
499,Framingham State,2023,23944,
499,Framingham State,2023,23945,
499,Framingham State,2023,23946,
499,Framingham State,2023,23947,
499,Framingham State,2023,23948,
499,Framingham State,2023,23949,
499,Framingham State,2023,23950,
499,Framingham State,2023,23951,
499,Framingham State,2023,23952,
499,Framingham State,2023,23953,
499,Framingham State,2023,23954,
499,Framingham State,2023,23955,
499,Framingham State,2023,23956,
499,Framingham State,2023,23957,
499,Framingham State,2023,23958,
499,Framingham State,2023,23959,
499,Framingham State,2023,23960,
789,Chadron State,2023,14005,
789,Chadron State,2023,14006,
789,Chadron State,2023,14007,
789,Chadron State,2023,14008,
789,Chadron State,2023,14009,
789,Chadron State,2023,14010,
789,Chadron State,2023,14011,
789,Chadron State,2023,14012,
789,Chadron State,2023,14013,
789,Chadron State,2023,14014,
789,Chadron State,2023,14015,
789,Chadron State,2023,14016,
789,Chadron State,2023,14017,
789,Chadron State,2023,14018,
789,Chadron State,2023,14019,
593,SUNY-Oneonta,2023,8585,
593,SUNY-Oneonta,2023,8586,
593,SUNY-Oneonta,2023,8593,
593,SUNY-Oneonta,2023,8594,
593,SUNY-Oneonta,2023,8599,
593,SUNY-Oneonta,2023,8603,
593,SUNY-Oneonta,2023,8604,
593,SUNY-Oneonta,2023,8606,
593,SUNY-Oneonta,2023,8607,
593,SUNY-Oneonta,2023,25055,
593,SUNY-Oneonta,2023,25056,
593,SUNY-Oneonta,2023,25057,
593,SUNY-Oneonta,2023,25058,
593,SUNY-Oneonta,2023,25059,
593,SUNY-Oneonta,2023,25060,
593,SUNY-Oneonta,2023,25061,
1007,Huston-Tillotson,2023,23160,
1007,Huston-Tillotson,2023,23161,
1007,Huston-Tillotson,2023,23162,
1007,Huston-Tillotson,2023,23163,
1007,Huston-Tillotson,2023,23164,
1007,Huston-Tillotson,2023,23165,
1007,Huston-Tillotson,2023,23166,
1007,Huston-Tillotson,2023,23167,
1007,Huston-Tillotson,2023,23168,
1007,Huston-Tillotson,2023,23169,
1007,Huston-Tillotson,2023,23170,
1007,Huston-Tillotson,2023,25369,
1007,Huston-Tillotson,2023,25370,
1007,Huston-Tillotson,2023,25371,
1007,Huston-Tillotson,2023,25506,
661,Randall University,2023,10560,
661,Randall University,2023,10561,
661,Randall University,2023,10562,
661,Randall University,2023,10563,
661,Randall University,2023,10564,
661,Randall University,2023,10565,
661,Randall University,2023,10566,
661,Randall University,2023,10567,
661,Randall University,2023,10568,
661,Randall University,2023,10569,
661,Randall University,2023,10570,
661,Randall University,2023,10571,
661,Randall University,2023,10572,
661,Randall University,2023,10573,
661,Randall University,2023,10574,
661,Randall University,2023,10575,
1011,McDaniel,2023,23236,
1011,McDaniel,2023,23237,
1011,McDaniel,2023,23238,
1011,McDaniel,2023,23239,
1011,McDaniel,2023,23240,
1011,McDaniel,2023,23241,
1011,McDaniel,2023,23242,
1011,McDaniel,2023,23243,
1011,McDaniel,2023,23244,
1011,McDaniel,2023,23245,
1011,McDaniel,2023,23246,
1011,McDaniel,2023,23247,
1011,McDaniel,2023,23248,
1011,McDaniel,2023,23249,
1011,McDaniel,2023,23250,
1011,McDaniel,2023,23251,
1011,McDaniel,2023,23252,
1011,McDaniel,2023,23253,
994,Puget Sound,2023,22455,
994,Puget Sound,2023,22456,
994,Puget Sound,2023,22457,
994,Puget Sound,2023,22458,
994,Puget Sound,2023,22459,
994,Puget Sound,2023,22460,
994,Puget Sound,2023,22461,
994,Puget Sound,2023,22462,
994,Puget Sound,2023,22463,
994,Puget Sound,2023,22464,
994,Puget Sound,2023,22465,
994,Puget Sound,2023,22466,
994,Puget Sound,2023,22467,
994,Puget Sound,2023,22468,
994,Puget Sound,2023,22469,
994,Puget Sound,2023,22470,
994,Puget Sound,2023,22471,
979,Miami (OH)-Middletown,2023,20882,
979,Miami (OH)-Middletown,2023,20883,
979,Miami (OH)-Middletown,2023,20884,
979,Miami (OH)-Middletown,2023,20885,
979,Miami (OH)-Middletown,2023,20886,
979,Miami (OH)-Middletown,2023,20887,
979,Miami (OH)-Middletown,2023,20888,
979,Miami (OH)-Middletown,2023,20889,
979,Miami (OH)-Middletown,2023,20890,
979,Miami (OH)-Middletown,2023,20891,
979,Miami (OH)-Middletown,2023,20892,
979,Miami (OH)-Middletown,2023,20893,
979,Miami (OH)-Middletown,2023,20894,
979,Miami (OH)-Middletown,2023,20895,
519,NC Wesleyan,2023,2133,
519,NC Wesleyan,2023,2134,
519,NC Wesleyan,2023,2135,
519,NC Wesleyan,2023,2148,
519,NC Wesleyan,2023,2149,
519,NC Wesleyan,2023,2150,
519,NC Wesleyan,2023,2151,
519,NC Wesleyan,2023,2152,
519,NC Wesleyan,2023,2153,
519,NC Wesleyan,2023,2154,
519,NC Wesleyan,2023,2155,
519,NC Wesleyan,2023,2156,
519,NC Wesleyan,2023,2157,
519,NC Wesleyan,2023,2158,
519,NC Wesleyan,2023,2159,
519,NC Wesleyan,2023,2160,
519,NC Wesleyan,2023,2161,
519,NC Wesleyan,2023,2162,
846,Jarvis Christian,2023,5085,
846,Jarvis Christian,2023,9750,
846,Jarvis Christian,2023,16581,
846,Jarvis Christian,2023,16583,
846,Jarvis Christian,2023,16585,
846,Jarvis Christian,2023,16588,
846,Jarvis Christian,2023,16593,
846,Jarvis Christian,2023,16594,
846,Jarvis Christian,2023,16596,
846,Jarvis Christian,2023,16597,
846,Jarvis Christian,2023,16601,
846,Jarvis Christian,2023,16602,
846,Jarvis Christian,2023,23705,
846,Jarvis Christian,2023,23706,
846,Jarvis Christian,2023,23707,
846,Jarvis Christian,2023,23708,
846,Jarvis Christian,2023,23709,
846,Jarvis Christian,2023,23710,
846,Jarvis Christian,2023,23711,
846,Jarvis Christian,2023,23712,
846,Jarvis Christian,2023,23713,
846,Jarvis Christian,2023,23714,
673,Texas College,2023,10863,
673,Texas College,2023,10864,
673,Texas College,2023,10865,
673,Texas College,2023,10866,
673,Texas College,2023,10867,
673,Texas College,2023,10868,
673,Texas College,2023,10869,
673,Texas College,2023,10870,
673,Texas College,2023,10871,
673,Texas College,2023,10872,
673,Texas College,2023,10873,
673,Texas College,2023,10874,
673,Texas College,2023,10875,
673,Texas College,2023,10876,
673,Texas College,2023,10877,
931,George Fox,2023,18970,
931,George Fox,2023,18972,
931,George Fox,2023,18973,
931,George Fox,2023,18974,
931,George Fox,2023,18978,
931,George Fox,2023,18979,
931,George Fox,2023,18987,
656,Western Oregon,2023,7311,
656,Western Oregon,2023,8416,
656,Western Oregon,2023,10402,
656,Western Oregon,2023,10403,
656,Western Oregon,2023,10407,
656,Western Oregon,2023,10408,
656,Western Oregon,2023,10409,
656,Western Oregon,2023,10414,
656,Western Oregon,2023,10415,
656,Western Oregon,2023,24951,
656,Western Oregon,2023,24952,
656,Western Oregon,2023,24953,
656,Western Oregon,2023,24954,
656,Western Oregon,2023,24955,
656,Western Oregon,2023,24956,
625,Lancaster Bible College,2023,9563,
625,Lancaster Bible College,2023,9567,
625,Lancaster Bible College,2023,9568,
625,Lancaster Bible College,2023,9569,
625,Lancaster Bible College,2023,9570,
625,Lancaster Bible College,2023,9571,
625,Lancaster Bible College,2023,9572,
625,Lancaster Bible College,2023,9573,
625,Lancaster Bible College,2023,9574,
625,Lancaster Bible College,2023,9575,
625,Lancaster Bible College,2023,9576,
625,Lancaster Bible College,2023,9577,
625,Lancaster Bible College,2023,9578,
581,Boyce,2023,7951,
581,Boyce,2023,7952,
581,Boyce,2023,7953,
581,Boyce,2023,7964,
581,Boyce,2023,7970,
581,Boyce,2023,7971,
581,Boyce,2023,7972,
581,Boyce,2023,7973,
581,Boyce,2023,24468,
581,Boyce,2023,24469,
581,Boyce,2023,24470,
581,Boyce,2023,24471,
581,Boyce,2023,24472,
820,Fort Valley State,2023,14907,
820,Fort Valley State,2023,14908,
820,Fort Valley State,2023,14910,
820,Fort Valley State,2023,14912,
820,Fort Valley State,2023,14913,
820,Fort Valley State,2023,14914,
820,Fort Valley State,2023,14916,
820,Fort Valley State,2023,14917,
679,Capital,2023,11057,
679,Capital,2023,11058,
679,Capital,2023,11059,
679,Capital,2023,11060,
679,Capital,2023,11061,
679,Capital,2023,11062,
679,Capital,2023,11063,
679,Capital,2023,11064,
679,Capital,2023,11065,
679,Capital,2023,11066,
679,Capital,2023,11067,
679,Capital,2023,11068,
679,Capital,2023,11069,
679,Capital,2023,11070,
679,Capital,2023,11071,
493,Oglethorpe,2023,640,
493,Oglethorpe,2023,641,
493,Oglethorpe,2023,656,
493,Oglethorpe,2023,657,
493,Oglethorpe,2023,658,
493,Oglethorpe,2023,661,
493,Oglethorpe,2023,662,
493,Oglethorpe,2023,663,
493,Oglethorpe,2023,665,
493,Oglethorpe,2023,666,
493,Oglethorpe,2023,23841,
493,Oglethorpe,2023,23842,
493,Oglethorpe,2023,23843,
493,Oglethorpe,2023,23844,
493,Oglethorpe,2023,23845,
493,Oglethorpe,2023,23846,
493,Oglethorpe,2023,23847,
493,Oglethorpe,2023,23848,
493,Oglethorpe,2023,23849,
493,Oglethorpe,2023,23850,
654,Corban College,2023,10348,
654,Corban College,2023,10349,
654,Corban College,2023,10363,
576,SUNY-Canton,2023,7439,
576,SUNY-Canton,2023,7461,
576,SUNY-Canton,2023,7462,
576,SUNY-Canton,2023,7463,
576,SUNY-Canton,2023,25334,
576,SUNY-Canton,2023,25335,
576,SUNY-Canton,2023,25336,
576,SUNY-Canton,2023,25337,
576,SUNY-Canton,2023,25338,
576,SUNY-Canton,2023,25339,
576,SUNY-Canton,2023,25340,
576,SUNY-Canton,2023,25341,
576,SUNY-Canton,2023,25342,
576,SUNY-Canton,2023,25343,
576,SUNY-Canton,2023,25344,
576,SUNY-Canton,2023,25345,
576,SUNY-Canton,2023,25346,
1001,Dakota State,2023,16633,
1001,Dakota State,2023,17242,
1001,Dakota State,2023,18321,
1001,Dakota State,2023,22887,
1001,Dakota State,2023,22888,
1001,Dakota State,2023,22889,
1001,Dakota State,2023,22890,
1001,Dakota State,2023,22891,
1001,Dakota State,2023,22892,
1001,Dakota State,2023,22893,
1001,Dakota State,2023,22894,
1001,Dakota State,2023,22895,
1001,Dakota State,2023,22896,
1001,Dakota State,2023,22897,
1001,Dakota State,2023,22898,
1001,Dakota State,2023,22899,
1001,Dakota State,2023,22900,
759,Apprentice School,2023,13149,
759,Apprentice School,2023,13150,
759,Apprentice School,2023,13151,
759,Apprentice School,2023,13155,
759,Apprentice School,2023,13158,
759,Apprentice School,2023,13159,
759,Apprentice School,2023,13173,
759,Apprentice School,2023,13174,
759,Apprentice School,2023,13175,
759,Apprentice School,2023,13177,
759,Apprentice School,2023,13178,
966,Antelope Valley,2023,19671,
966,Antelope Valley,2023,19674,
966,Antelope Valley,2023,19675,
966,Antelope Valley,2023,19679,
966,Antelope Valley,2023,19680,
966,Antelope Valley,2023,19683,
966,Antelope Valley,2023,19688,
966,Antelope Valley,2023,19689,
966,Antelope Valley,2023,24960,
966,Antelope Valley,2023,24961,
966,Antelope Valley,2023,24962,
966,Antelope Valley,2023,24963,
966,Antelope Valley,2023,24964,
966,Antelope Valley,2023,24965,
966,Antelope Valley,2023,24966,
966,Antelope Valley,2023,24967,
966,Antelope Valley,2023,24968,
966,Antelope Valley,2023,24969,
966,Antelope Valley,2023,24970,
635,Taylor,2023,9871,
635,Taylor,2023,9872,
635,Taylor,2023,9873,
635,Taylor,2023,9874,
635,Taylor,2023,9875,
635,Taylor,2023,9876,
635,Taylor,2023,9877,
635,Taylor,2023,9878,
635,Taylor,2023,9879,
635,Taylor,2023,9880,
635,Taylor,2023,9881,
635,Taylor,2023,9882,
635,Taylor,2023,9883,
755,Lindsey Wilson College,2023,13042,
755,Lindsey Wilson College,2023,13043,
755,Lindsey Wilson College,2023,13049,
755,Lindsey Wilson College,2023,13055,
755,Lindsey Wilson College,2023,13057,
755,Lindsey Wilson College,2023,13058,
755,Lindsey Wilson College,2023,13059,
755,Lindsey Wilson College,2023,22965,
755,Lindsey Wilson College,2023,22966,
755,Lindsey Wilson College,2023,22967,
755,Lindsey Wilson College,2023,22968,
755,Lindsey Wilson College,2023,22969,
755,Lindsey Wilson College,2023,22970,
755,Lindsey Wilson College,2023,22971,
755,Lindsey Wilson College,2023,22972,
755,Lindsey Wilson College,2023,22973,
755,Lindsey Wilson College,2023,22974,
755,Lindsey Wilson College,2023,22975,
755,Lindsey Wilson College,2023,22976,
755,Lindsey Wilson College,2023,24792,
755,Lindsey Wilson College,2023,24793,
755,Lindsey Wilson College,2023,24794,
755,Lindsey Wilson College,2023,24795,
638,Mount Saint Mary (NY),2023,9943,
638,Mount Saint Mary (NY),2023,9946,
638,Mount Saint Mary (NY),2023,9947,
638,Mount Saint Mary (NY),2023,9953,
638,Mount Saint Mary (NY),2023,9958,
638,Mount Saint Mary (NY),2023,9959,
638,Mount Saint Mary (NY),2023,9960,
638,Mount Saint Mary (NY),2023,9961,
638,Mount Saint Mary (NY),2023,9965,
638,Mount Saint Mary (NY),2023,20267,
638,Mount Saint Mary (NY),2023,20268,
638,Mount Saint Mary (NY),2023,20269,
638,Mount Saint Mary (NY),2023,20270,
638,Mount Saint Mary (NY),2023,20271,
722,Texas A&M-Kingsville,2023,12173,
722,Texas A&M-Kingsville,2023,12174,
722,Texas A&M-Kingsville,2023,12175,
722,Texas A&M-Kingsville,2023,12176,
722,Texas A&M-Kingsville,2023,12177,
722,Texas A&M-Kingsville,2023,12178,
722,Texas A&M-Kingsville,2023,12179,
722,Texas A&M-Kingsville,2023,12180,
722,Texas A&M-Kingsville,2023,12181,
722,Texas A&M-Kingsville,2023,12182,
722,Texas A&M-Kingsville,2023,12183,
722,Texas A&M-Kingsville,2023,12184,
722,Texas A&M-Kingsville,2023,12185,
722,Texas A&M-Kingsville,2023,12186,
722,Texas A&M-Kingsville,2023,12187,
722,Texas A&M-Kingsville,2023,12188,
722,Texas A&M-Kingsville,2023,12189,
722,Texas A&M-Kingsville,2023,12190,
646,Carolina University,2023,10159,
646,Carolina University,2023,10160,
646,Carolina University,2023,10161,
646,Carolina University,2023,10162,
646,Carolina University,2023,11628,
646,Carolina University,2023,20294,
646,Carolina University,2023,20295,
646,Carolina University,2023,20296,
646,Carolina University,2023,20297,
646,Carolina University,2023,20298,
646,Carolina University,2023,20299,
646,Carolina University,2023,20300,
646,Carolina University,2023,20301,
646,Carolina University,2023,20302,
646,Carolina University,2023,20303,
646,Carolina University,2023,20304,
646,Carolina University,2023,20305,
646,Carolina University,2023,20306,
646,Carolina University,2023,20307,
725,Averett,2023,2011,
725,Averett,2023,12253,
725,Averett,2023,12254,
725,Averett,2023,12255,
725,Averett,2023,12267,
725,Averett,2023,12268,
725,Averett,2023,12269,
725,Averett,2023,12270,
725,Averett,2023,12271,
725,Averett,2023,12272,
725,Averett,2023,12273,
725,Averett,2023,12274,
725,Averett,2023,12275,
725,Averett,2023,12276,
725,Averett,2023,12277,
725,Averett,2023,12278,
725,Averett,2023,12279,2003-12-05
725,Averett,2023,23359,
744,Warner University,2023,14613,
744,Warner University,2023,14614,
744,Warner University,2023,14615,
744,Warner University,2023,14616,
744,Warner University,2023,14617,
744,Warner University,2023,14618,
744,Warner University,2023,14619,
744,Warner University,2023,14620,
744,Warner University,2023,14621,
744,Warner University,2023,14622,
744,Warner University,2023,14623,
744,Warner University,2023,14624,
744,Warner University,2023,14625,
744,Warner University,2023,14626,
744,Warner University,2023,14627,
985,Illinois-Springfield,2023,21246,
985,Illinois-Springfield,2023,21247,
985,Illinois-Springfield,2023,21248,
985,Illinois-Springfield,2023,21249,
985,Illinois-Springfield,2023,21250,
985,Illinois-Springfield,2023,21251,
985,Illinois-Springfield,2023,21252,
985,Illinois-Springfield,2023,21253,
985,Illinois-Springfield,2023,21254,
985,Illinois-Springfield,2023,21255,
985,Illinois-Springfield,2023,21256,
985,Illinois-Springfield,2023,21257,
985,Illinois-Springfield,2023,21258,
985,Illinois-Springfield,2023,21259,
707,Kentucky State,2023,11812,
707,Kentucky State,2023,11815,
707,Kentucky State,2023,11822,
707,Kentucky State,2023,11825,
707,Kentucky State,2023,11826,
707,Kentucky State,2023,22918,
707,Kentucky State,2023,22919,
707,Kentucky State,2023,22920,
707,Kentucky State,2023,22921,2000-07-31
707,Kentucky State,2023,22922,
707,Kentucky State,2023,22923,
707,Kentucky State,2023,22924,
707,Kentucky State,2023,22925,
707,Kentucky State,2023,22926,
971,Wells College,2023,19773,
971,Wells College,2023,19775,
971,Wells College,2023,19776,
971,Wells College,2023,19779,
971,Wells College,2023,19780,
971,Wells College,2023,19788,
971,Wells College,2023,19789,
971,Wells College,2023,22994,
971,Wells College,2023,22995,
971,Wells College,2023,22996,
971,Wells College,2023,22997,
971,Wells College,2023,22998,
971,Wells College,2023,22999,
971,Wells College,2023,23000,
971,Wells College,2023,23001,
971,Wells College,2023,23002,
971,Wells College,2023,23003,
971,Wells College,2023,23004,
971,Wells College,2023,23005,
971,Wells College,2023,23006,
971,Wells College,2023,23007,
930,LeMoyne-Owen,2023,18954,
930,LeMoyne-Owen,2023,18957,
551,Trinity (TX),2023,5193,
551,Trinity (TX),2023,5194,
551,Trinity (TX),2023,5195,
551,Trinity (TX),2023,5207,
551,Trinity (TX),2023,5208,
551,Trinity (TX),2023,5209,
551,Trinity (TX),2023,5210,
551,Trinity (TX),2023,5212,
551,Trinity (TX),2023,5213,
551,Trinity (TX),2023,5214,
551,Trinity (TX),2023,5215,
551,Trinity (TX),2023,5216,
551,Trinity (TX),2023,5217,
551,Trinity (TX),2023,5218,
551,Trinity (TX),2023,5219,
551,Trinity (TX),2023,5220,
551,Trinity (TX),2023,5221,
551,Trinity (TX),2023,5222,
551,Trinity (TX),2023,5223,
551,Trinity (TX),2023,5224,
551,Trinity (TX),2023,5225,
551,Trinity (TX),2023,5226,
551,Trinity (TX),2023,16298,
903,Pittsburgh - Greensburg,2023,18472,
903,Pittsburgh - Greensburg,2023,18473,
903,Pittsburgh - Greensburg,2023,18474,
903,Pittsburgh - Greensburg,2023,18475,
903,Pittsburgh - Greensburg,2023,18476,
903,Pittsburgh - Greensburg,2023,18477,
903,Pittsburgh - Greensburg,2023,18478,
903,Pittsburgh - Greensburg,2023,18480,
903,Pittsburgh - Greensburg,2023,18481,
903,Pittsburgh - Greensburg,2023,18487,
903,Pittsburgh - Greensburg,2023,22333,
903,Pittsburgh - Greensburg,2023,22334,
903,Pittsburgh - Greensburg,2023,22335,
903,Pittsburgh - Greensburg,2023,22336,
903,Pittsburgh - Greensburg,2023,22337,
903,Pittsburgh - Greensburg,2023,22338,
903,Pittsburgh - Greensburg,2023,22339,
903,Pittsburgh - Greensburg,2023,22340,
903,Pittsburgh - Greensburg,2023,22341,
903,Pittsburgh - Greensburg,2023,22342,
855,Oakland City,2023,17243,
855,Oakland City,2023,17244,
855,Oakland City,2023,17245,
855,Oakland City,2023,17246,
855,Oakland City,2023,17247,
855,Oakland City,2023,17250,
855,Oakland City,2023,17251,
855,Oakland City,2023,17252,
855,Oakland City,2023,17254,
855,Oakland City,2023,17255,
855,Oakland City,2023,22591,
855,Oakland City,2023,22592,
855,Oakland City,2023,22593,
855,Oakland City,2023,22594,
855,Oakland City,2023,22595,
855,Oakland City,2023,22596,
855,Oakland City,2023,22597,
877,Eastern Mennonite,2023,17949,
877,Eastern Mennonite,2023,17950,
877,Eastern Mennonite,2023,17951,
877,Eastern Mennonite,2023,17952,
877,Eastern Mennonite,2023,17953,
877,Eastern Mennonite,2023,17954,
877,Eastern Mennonite,2023,17955,
877,Eastern Mennonite,2023,17956,
877,Eastern Mennonite,2023,17957,
877,Eastern Mennonite,2023,17958,
877,Eastern Mennonite,2023,17959,
877,Eastern Mennonite,2023,17960,
877,Eastern Mennonite,2023,17961,
877,Eastern Mennonite,2023,17962,
571,San Francisco State,2023,6973,
571,San Francisco State,2023,6974,
571,San Francisco State,2023,6975,
571,San Francisco State,2023,6983,
571,San Francisco State,2023,6984,
571,San Francisco State,2023,6985,
571,San Francisco State,2023,6986,
571,San Francisco State,2023,6988,
571,San Francisco State,2023,6989,
571,San Francisco State,2023,6990,
571,San Francisco State,2023,22112,
571,San Francisco State,2023,22113,
571,San Francisco State,2023,22114,
571,San Francisco State,2023,22115,
571,San Francisco State,2023,22116,
693,Fisher College,2023,11433,
693,Fisher College,2023,11442,
693,Fisher College,2023,11443,
693,Fisher College,2023,11444,
693,Fisher College,2023,11452,
693,Fisher College,2023,11453,
693,Fisher College,2023,11454,
693,Fisher College,2023,11455,
693,Fisher College,2023,11456,
693,Fisher College,2023,11457,
693,Fisher College,2023,20166,
693,Fisher College,2023,20167,
693,Fisher College,2023,20168,
693,Fisher College,2023,20169,
693,Fisher College,2023,20170,
693,Fisher College,2023,20171,
693,Fisher College,2023,20172,
622,Xavier (LA),2023,4440,
622,Xavier (LA),2023,9463,
622,Xavier (LA),2023,9467,
622,Xavier (LA),2023,9472,
622,Xavier (LA),2023,9475,
622,Xavier (LA),2023,9476,
622,Xavier (LA),2023,9482,
622,Xavier (LA),2023,9483,
622,Xavier (LA),2023,9484,
732,Our Lady Of The Lake,2023,2843,
732,Our Lady Of The Lake,2023,12473,
732,Our Lady Of The Lake,2023,12479,
732,Our Lady Of The Lake,2023,12480,
732,Our Lady Of The Lake,2023,12483,
732,Our Lady Of The Lake,2023,12485,
732,Our Lady Of The Lake,2023,12486,
732,Our Lady Of The Lake,2023,23680,
732,Our Lady Of The Lake,2023,23681,
732,Our Lady Of The Lake,2023,23682,
732,Our Lady Of The Lake,2023,23683,
732,Our Lady Of The Lake,2023,23684,
732,Our Lady Of The Lake,2023,23685,
732,Our Lady Of The Lake,2023,23686,
732,Our Lady Of The Lake,2023,23687,
732,Our Lady Of The Lake,2023,23688,
732,Our Lady Of The Lake,2023,23689,
732,Our Lady Of The Lake,2023,23690,
732,Our Lady Of The Lake,2023,23691,
732,Our Lady Of The Lake,2023,23692,
967,Trevecca Nazarene,2023,2513,
967,Trevecca Nazarene,2023,19693,
967,Trevecca Nazarene,2023,19696,
967,Trevecca Nazarene,2023,19697,
967,Trevecca Nazarene,2023,19699,
967,Trevecca Nazarene,2023,19703,
967,Trevecca Nazarene,2023,19704,
967,Trevecca Nazarene,2023,19705,
967,Trevecca Nazarene,2023,19706,
967,Trevecca Nazarene,2023,19707,
967,Trevecca Nazarene,2023,19708,
967,Trevecca Nazarene,2023,24375,
967,Trevecca Nazarene,2023,24376,
967,Trevecca Nazarene,2023,24377,
967,Trevecca Nazarene,2023,24378,
967,Trevecca Nazarene,2023,24379,
967,Trevecca Nazarene,2023,24380,
821,Benedictine (AZ),2023,14921,
821,Benedictine (AZ),2023,14924,
821,Benedictine (AZ),2023,14926,
821,Benedictine (AZ),2023,14928,
821,Benedictine (AZ),2023,14930,
821,Benedictine (AZ),2023,14931,
821,Benedictine (AZ),2023,14940,
821,Benedictine (AZ),2023,14941,
821,Benedictine (AZ),2023,14942,
821,Benedictine (AZ),2023,14943,
821,Benedictine (AZ),2023,14949,
821,Benedictine (AZ),2023,14950,
821,Benedictine (AZ),2023,14951,
821,Benedictine (AZ),2023,14952,
821,Benedictine (AZ),2023,14953,
821,Benedictine (AZ),2023,23281,
821,Benedictine (AZ),2023,23282,
821,Benedictine (AZ),2023,23283,
821,Benedictine (AZ),2023,23284,
821,Benedictine (AZ),2023,23285,
821,Benedictine (AZ),2023,23286,
821,Benedictine (AZ),2023,23287,
821,Benedictine (AZ),2023,23288,
821,Benedictine (AZ),2023,23289,
821,Benedictine (AZ),2023,23290,
821,Benedictine (AZ),2023,23291,
821,Benedictine (AZ),2023,23292,
821,Benedictine (AZ),2023,23293,
821,Benedictine (AZ),2023,23294,
821,Benedictine (AZ),2023,23295,
871,Wilberforce,2023,17805,
871,Wilberforce,2023,17806,
871,Wilberforce,2023,17807,
871,Wilberforce,2023,17808,
871,Wilberforce,2023,17809,
871,Wilberforce,2023,17810,
871,Wilberforce,2023,17811,
871,Wilberforce,2023,17812,
871,Wilberforce,2023,17813,
871,Wilberforce,2023,17814,
871,Wilberforce,2023,17815,
871,Wilberforce,2023,17816,
871,Wilberforce,2023,17817,
871,Wilberforce,2023,17818,
871,Wilberforce,2023,17819,
871,Wilberforce,2023,17820,
871,Wilberforce,2023,17821,
871,Wilberforce,2023,17822,
871,Wilberforce,2023,17823,
871,Wilberforce,2023,17824,
871,Wilberforce,2023,17825,
871,Wilberforce,2023,17826,
751,Montreat,2023,12459,
751,Montreat,2023,12922,
751,Montreat,2023,12931,
751,Montreat,2023,12936,
751,Montreat,2023,12937,
751,Montreat,2023,12938,
751,Montreat,2023,12939,
751,Montreat,2023,12940,
751,Montreat,2023,12944,
751,Montreat,2023,12945,
751,Montreat,2023,12946,
751,Montreat,2023,12947,
751,Montreat,2023,12948,
751,Montreat,2023,12949,
751,Montreat,2023,13858,
751,Montreat,2023,23532,
751,Montreat,2023,23533,
751,Montreat,2023,23534,
751,Montreat,2023,23535,
751,Montreat,2023,23536,
751,Montreat,2023,23537,
751,Montreat,2023,23538,
751,Montreat,2023,23539,
751,Montreat,2023,23540,
751,Montreat,2023,23541,
751,Montreat,2023,23542,
751,Montreat,2023,23543,
751,Montreat,2023,23544,
751,Montreat,2023,23545,
751,Montreat,2023,23546,
751,Montreat,2023,23547,
751,Montreat,2023,23548,
751,Montreat,2023,23549,
751,Montreat,2023,23550,
751,Montreat,2023,23551,
751,Montreat,2023,23552,
751,Montreat,2023,23553,
751,Montreat,2023,23554,
751,Montreat,2023,23555,
751,Montreat,2023,23556,
751,Montreat,2023,23557,
751,Montreat,2023,23558,
751,Montreat,2023,23559,
751,Montreat,2023,23560,
751,Montreat,2023,23561,
751,Montreat,2023,23562,
751,Montreat,2023,23563,
751,Montreat,2023,23564,
751,Montreat,2023,23565,
751,Montreat,2023,25092,
751,Montreat,2023,25093,
939,Saint Augustine's,2023,2209,
939,Saint Augustine's,2023,19110,
939,Saint Augustine's,2023,19111,
939,Saint Augustine's,2023,19112,
939,Saint Augustine's,2023,21328,
939,Saint Augustine's,2023,21329,
939,Saint Augustine's,2023,21330,
939,Saint Augustine's,2023,21331,
939,Saint Augustine's,2023,21332,
939,Saint Augustine's,2023,21333,
939,Saint Augustine's,2023,21334,
939,Saint Augustine's,2023,21335,
939,Saint Augustine's,2023,21336,
939,Saint Augustine's,2023,21337,
939,Saint Augustine's,2023,21338,
939,Saint Augustine's,2023,21339,
939,Saint Augustine's,2023,21340,
675,Misericordia,2023,10912,
675,Misericordia,2023,10913,
675,Misericordia,2023,10914,
675,Misericordia,2023,10926,
675,Misericordia,2023,10927,
675,Misericordia,2023,10928,
675,Misericordia,2023,10929,
675,Misericordia,2023,10930,
675,Misericordia,2023,10931,
675,Misericordia,2023,10932,
675,Misericordia,2023,10933,
675,Misericordia,2023,10934,
675,Misericordia,2023,10935,
675,Misericordia,2023,10936,
675,Misericordia,2023,10937,
675,Misericordia,2023,10938,
675,Misericordia,2023,10939,
675,Misericordia,2023,10940,
675,Misericordia,2023,10941,
675,Misericordia,2023,10942,
675,Misericordia,2023,10943,
991,San Diego Christian,2023,6952,
991,San Diego Christian,2023,8558,
991,San Diego Christian,2023,8580,
991,San Diego Christian,2023,21989,
991,San Diego Christian,2023,21990,
991,San Diego Christian,2023,21991,
991,San Diego Christian,2023,21992,
991,San Diego Christian,2023,21993,
991,San Diego Christian,2023,21994,
991,San Diego Christian,2023,21995,
991,San Diego Christian,2023,21996,
991,San Diego Christian,2023,21997,
991,San Diego Christian,2023,21998,
991,San Diego Christian,2023,21999,
991,San Diego Christian,2023,22000,
991,San Diego Christian,2023,22001,
991,San Diego Christian,2023,22002,
991,San Diego Christian,2023,22003,
991,San Diego Christian,2023,22004,
991,San Diego Christian,2023,22005,
991,San Diego Christian,2023,22006,
991,San Diego Christian,2023,22007,
991,San Diego Christian,2023,22008,
991,San Diego Christian,2023,22009,
991,San Diego Christian,2023,22010,
991,San Diego Christian,2023,22011,
991,San Diego Christian,2023,23598,
795,Rust,2023,14131,
795,Rust,2023,14132,
795,Rust,2023,14145,
795,Rust,2023,14146,
795,Rust,2023,14147,
795,Rust,2023,14148,
795,Rust,2023,14149,
795,Rust,2023,14150,
795,Rust,2023,14151,
795,Rust,2023,14152,
795,Rust,2023,14153,
795,Rust,2023,14154,
795,Rust,2023,14155,
795,Rust,2023,14156,
795,Rust,2023,14157,
795,Rust,2023,14158,
795,Rust,2023,14159,
632,Voorhees,2023,9779,
632,Voorhees,2023,9780,
632,Voorhees,2023,9782,
632,Voorhees,2023,9791,
632,Voorhees,2023,9795,
632,Voorhees,2023,9796,
632,Voorhees,2023,9797,
632,Voorhees,2023,9801,
632,Voorhees,2023,9802,
632,Voorhees,2023,9803,
632,Voorhees,2023,15556,
632,Voorhees,2023,15557,
632,Voorhees,2023,15558,
632,Voorhees,2023,15559,
632,Voorhees,2023,15560,
632,Voorhees,2023,15561,
632,Voorhees,2023,15562,
632,Voorhees,2023,15563,
632,Voorhees,2023,15564,
632,Voorhees,2023,11641,
632,Voorhees,2023,23515,
632,Voorhees,2023,23516,
632,Voorhees,2023,23517,
632,Voorhees,2023,23518,
632,Voorhees,2023,23519,
632,Voorhees,2023,23520,
632,Voorhees,2023,11621,
632,Voorhees,2023,11643,
676,Rockford,2023,10944,
676,Rockford,2023,10948,
676,Rockford,2023,10955,
676,Rockford,2023,10956,
676,Rockford,2023,10963,
676,Rockford,2023,10975,
676,Rockford,2023,10976,
676,Rockford,2023,10977,
676,Rockford,2023,10978,
676,Rockford,2023,10979,
676,Rockford,2023,10980,
676,Rockford,2023,10981,
676,Rockford,2023,10982,
676,Rockford,2023,10983,
676,Rockford,2023,22309,
676,Rockford,2023,22310,
676,Rockford,2023,22311,
676,Rockford,2023,22312,
676,Rockford,2023,22313,
676,Rockford,2023,22314,
676,Rockford,2023,22315,
676,Rockford,2023,22316,
676,Rockford,2023,22317,
676,Rockford,2023,22318,
676,Rockford,2023,22319,
676,Rockford,2023,22320,
676,Rockford,2023,22321,
676,Rockford,2023,22322,
986,St. Thomas (TX),2023,13713,
986,St. Thomas (TX),2023,13725,
986,St. Thomas (TX),2023,13726,
986,St. Thomas (TX),2023,13734,
986,St. Thomas (TX),2023,13735,
986,St. Thomas (TX),2023,13736,
986,St. Thomas (TX),2023,21360,
986,St. Thomas (TX),2023,21361,
986,St. Thomas (TX),2023,21362,
986,St. Thomas (TX),2023,21363,
986,St. Thomas (TX),2023,21364,
986,St. Thomas (TX),2023,21365,
986,St. Thomas (TX),2023,21366,
986,St. Thomas (TX),2023,21367,
986,St. Thomas (TX),2023,21368,
986,St. Thomas (TX),2023,21369,
986,St. Thomas (TX),2023,21370,
986,St. Thomas (TX),2023,21371,
986,St. Thomas (TX),2023,21372,
986,St. Thomas (TX),2023,13728,
986,St. Thomas (TX),2023,13729,
950,CS Dominguez Hills,2023,19349,
717,Midway University,2023,12045,
717,Midway University,2023,12054,
717,Midway University,2023,12059,
717,Midway University,2023,12060,
717,Midway University,2023,12061,
717,Midway University,2023,12062,
767,Lesley University,2023,13367,
767,Lesley University,2023,13368,
767,Lesley University,2023,13369,
767,Lesley University,2023,13370,
767,Lesley University,2023,13371,
767,Lesley University,2023,13372,
767,Lesley University,2023,13373,
767,Lesley University,2023,13374,
767,Lesley University,2023,13375,
767,Lesley University,2023,13376,
767,Lesley University,2023,13377,
767,Lesley University,2023,13378,
767,Lesley University,2023,13379,
767,Lesley University,2023,13380,
641,Goshen,2023,10021,
641,Goshen,2023,10035,
641,Goshen,2023,10036,
641,Goshen,2023,10037,
641,Goshen,2023,10039,
641,Goshen,2023,10040,
641,Goshen,2023,10044,
641,Goshen,2023,22488,
641,Goshen,2023,22489,
641,Goshen,2023,22490,
641,Goshen,2023,22491,
641,Goshen,2023,22492,
641,Goshen,2023,22493,
641,Goshen,2023,22494,
641,Goshen,2023,22495,
641,Goshen,2023,22496,
641,Goshen,2023,22497,
641,Goshen,2023,22498,
641,Goshen,2023,22499,
641,Goshen,2023,22500,
641,Goshen,2023,22501,
641,Goshen,2023,22502,
641,Goshen,2023,22503,
641,Goshen,2023,22504,
641,Goshen,2023,22505,
641,Goshen,2023,22506,
641,Goshen,2023,22507,
641,Goshen,2023,22508,
641,Goshen,2023,22509,
558,Western New Mexico,2023,5986,
558,Western New Mexico,2023,5997,
558,Western New Mexico,2023,19024,
558,Western New Mexico,2023,24535,
558,Western New Mexico,2023,24536,
558,Western New Mexico,2023,24537,
558,Western New Mexico,2023,24538,
558,Western New Mexico,2023,24539,
558,Western New Mexico,2023,24540,
558,Western New Mexico,2023,24541,
558,Western New Mexico,2023,24542,
558,Western New Mexico,2023,24543,
558,Western New Mexico,2023,24544,
558,Western New Mexico,2023,24545,
558,Western New Mexico,2023,24546,
558,Western New Mexico,2023,24547,
558,Western New Mexico,2023,24548,
558,Western New Mexico,2023,24549,
951,Milwaukee School Of Engineering,2023,19364,
951,Milwaukee School Of Engineering,2023,19365,
951,Milwaukee School Of Engineering,2023,19366,
951,Milwaukee School Of Engineering,2023,19367,
951,Milwaukee School Of Engineering,2023,19368,
951,Milwaukee School Of Engineering,2023,19370,
951,Milwaukee School Of Engineering,2023,19371,
951,Milwaukee School Of Engineering,2023,19372,
951,Milwaukee School Of Engineering,2023,19374,
951,Milwaukee School Of Engineering,2023,19375,
951,Milwaukee School Of Engineering,2023,19376,
951,Milwaukee School Of Engineering,2023,19377,
951,Milwaukee School Of Engineering,2023,19378,
951,Milwaukee School Of Engineering,2023,19379,
951,Milwaukee School Of Engineering,2023,20157,
951,Milwaukee School Of Engineering,2023,20158,
951,Milwaukee School Of Engineering,2023,20159,
951,Milwaukee School Of Engineering,2023,20160,
934,Ohio Dominican,2023,19032,
934,Ohio Dominican,2023,19038,
934,Ohio Dominican,2023,19042,
934,Ohio Dominican,2023,25456,
934,Ohio Dominican,2023,25457,
934,Ohio Dominican,2023,25458,
934,Ohio Dominican,2023,25459,
934,Ohio Dominican,2023,25460,
934,Ohio Dominican,2023,25461,
934,Ohio Dominican,2023,25462,
934,Ohio Dominican,2023,25463,
934,Ohio Dominican,2023,25464,
934,Ohio Dominican,2023,25465,
934,Ohio Dominican,2023,25466,
934,Ohio Dominican,2023,25467,
934,Ohio Dominican,2023,25468,
1020,Tennessee Southern,2023,23827,
1020,Tennessee Southern,2023,23828,
1020,Tennessee Southern,2023,23829,
1020,Tennessee Southern,2023,23830,
1020,Tennessee Southern,2023,23831,
1020,Tennessee Southern,2023,23832,
1020,Tennessee Southern,2023,23833,
1020,Tennessee Southern,2023,23834,
1020,Tennessee Southern,2023,23835,
1020,Tennessee Southern,2023,23836,
1020,Tennessee Southern,2023,23837,
1020,Tennessee Southern,2023,23838,
1020,Tennessee Southern,2023,23839,
1020,Tennessee Southern,2023,23840,
534,Dallas Christian,2023,3745,
534,Dallas Christian,2023,3750,
534,Dallas Christian,2023,3751,
534,Dallas Christian,2023,3752,
534,Dallas Christian,2023,22621,
534,Dallas Christian,2023,22622,
534,Dallas Christian,2023,22623,
534,Dallas Christian,2023,22624,
534,Dallas Christian,2023,22625,
534,Dallas Christian,2023,22626,
534,Dallas Christian,2023,22627,
534,Dallas Christian,2023,22628,
534,Dallas Christian,2023,22629,
534,Dallas Christian,2023,22630,
534,Dallas Christian,2023,22631,
534,Dallas Christian,2023,22632,
534,Dallas Christian,2023,22633,
534,Dallas Christian,2023,22634,
534,Dallas Christian,2023,22635,
534,Dallas Christian,2023,22636,
534,Dallas Christian,2023,22637,
534,Dallas Christian,2023,22638,
534,Dallas Christian,2023,22639,
534,Dallas Christian,2023,22640,
534,Dallas Christian,2023,24157,
534,Dallas Christian,2023,24158,
534,Dallas Christian,2023,24159,
534,Dallas Christian,2023,24160,
534,Dallas Christian,2023,24161,
534,Dallas Christian,2023,24162,
534,Dallas Christian,2023,24163,
964,Arcadia,2023,19624,
964,Arcadia,2023,19625,
964,Arcadia,2023,19626,
964,Arcadia,2023,19627,
964,Arcadia,2023,19628,
964,Arcadia,2023,19629,
964,Arcadia,2023,19630,
964,Arcadia,2023,19631,
964,Arcadia,2023,19636,
964,Arcadia,2023,19637,
964,Arcadia,2023,19638,
964,Arcadia,2023,19639,
964,Arcadia,2023,23406,
964,Arcadia,2023,23407,
964,Arcadia,2023,23408,
964,Arcadia,2023,23409,
964,Arcadia,2023,23410,
844,Coast Guard,2023,16303,
844,Coast Guard,2023,16304,
844,Coast Guard,2023,16305,
844,Coast Guard,2023,16306,
844,Coast Guard,2023,16308,
844,Coast Guard,2023,16309,
844,Coast Guard,2023,16310,
844,Coast Guard,2023,16311,
844,Coast Guard,2023,16312,
844,Coast Guard,2023,16313,
844,Coast Guard,2023,16315,
844,Coast Guard,2023,25151,
844,Coast Guard,2023,25152,
844,Coast Guard,2023,25153,
835,Johnson University Florida,2023,15630,
835,Johnson University Florida,2023,15635,
835,Johnson University Florida,2023,15637,
835,Johnson University Florida,2023,15643,
835,Johnson University Florida,2023,15644,
835,Johnson University Florida,2023,15645,
835,Johnson University Florida,2023,15646,
835,Johnson University Florida,2023,15647,
835,Johnson University Florida,2023,15648,
835,Johnson University Florida,2023,15649,
835,Johnson University Florida,2023,15650,
835,Johnson University Florida,2023,15651,
835,Johnson University Florida,2023,15652,
835,Johnson University Florida,2023,15653,
835,Johnson University Florida,2023,15654,
835,Johnson University Florida,2023,15655,
835,Johnson University Florida,2023,15656,
835,Johnson University Florida,2023,15657,
835,Johnson University Florida,2023,15658,
835,Johnson University Florida,2023,15659,
835,Johnson University Florida,2023,15660,
688,East-West University,2023,11301,
688,East-West University,2023,11316,
688,East-West University,2023,11317,
688,East-West University,2023,11324,
688,East-West University,2023,11325,
688,East-West University,2023,12541,
688,East-West University,2023,18049,
688,East-West University,2023,18697,
688,East-West University,2023,18698,
688,East-West University,2023,18699,
688,East-West University,2023,18700,
688,East-West University,2023,18701,
688,East-West University,2023,18702,
688,East-West University,2023,18703,
688,East-West University,2023,18704,
688,East-West University,2023,24164,
688,East-West University,2023,24165,
688,East-West University,2023,24166,
688,East-West University,2023,24167,
688,East-West University,2023,24168,
688,East-West University,2023,24169,
688,East-West University,2023,24170,
688,East-West University,2023,24171,
688,East-West University,2023,24172,
688,East-West University,2023,24173,
688,East-West University,2023,24174,
688,East-West University,2023,24175,
688,East-West University,2023,24176,
688,East-West University,2023,24177,
688,East-West University,2023,24178,
688,East-West University,2023,24179,
688,East-West University,2023,24180,
688,East-West University,2023,24181,
688,East-West University,2023,24182,
688,East-West University,2023,24183,
688,East-West University,2023,24184,
688,East-West University,2023,24185,
688,East-West University,2023,25569,
721,Hawai'i Pacific,2023,7833,
721,Hawai'i Pacific,2023,12144,
721,Hawai'i Pacific,2023,12145,
721,Hawai'i Pacific,2023,12146,
721,Hawai'i Pacific,2023,12147,
721,Hawai'i Pacific,2023,12149,
721,Hawai'i Pacific,2023,12158,
721,Hawai'i Pacific,2023,17340,
721,Hawai'i Pacific,2023,23473,
721,Hawai'i Pacific,2023,23474,
721,Hawai'i Pacific,2023,23475,
721,Hawai'i Pacific,2023,23476,
721,Hawai'i Pacific,2023,23477,
721,Hawai'i Pacific,2023,23478,
721,Hawai'i Pacific,2023,23479,
721,Hawai'i Pacific,2023,23480,
721,Hawai'i Pacific,2023,23481,
721,Hawai'i Pacific,2023,23482,
703,Minnesota Crookston,2023,11725,
703,Minnesota Crookston,2023,11726,
703,Minnesota Crookston,2023,11727,
703,Minnesota Crookston,2023,11728,
703,Minnesota Crookston,2023,11729,
703,Minnesota Crookston,2023,11730,
703,Minnesota Crookston,2023,11731,
703,Minnesota Crookston,2023,11732,
703,Minnesota Crookston,2023,11733,
703,Minnesota Crookston,2023,11734,
703,Minnesota Crookston,2023,11735,
703,Minnesota Crookston,2023,11736,
703,Minnesota Crookston,2023,11737,
703,Minnesota Crookston,2023,11738,
567,Northwest Indian,2023,6606,
567,Northwest Indian,2023,6615,
567,Northwest Indian,2023,6629,
567,Northwest Indian,2023,6630,
567,Northwest Indian,2023,6631,
567,Northwest Indian,2023,6632,
567,Northwest Indian,2023,6633,
567,Northwest Indian,2023,9941,
567,Northwest Indian,2023,16924,
567,Northwest Indian,2023,16925,
567,Northwest Indian,2023,16926,
567,Northwest Indian,2023,16927,
567,Northwest Indian,2023,16928,
567,Northwest Indian,2023,16929,
567,Northwest Indian,2023,16930,
567,Northwest Indian,2023,16931,
567,Northwest Indian,2023,16932,
567,Northwest Indian,2023,25002,
567,Northwest Indian,2023,25003,
567,Northwest Indian,2023,25004,
567,Northwest Indian,2023,25005,
567,Northwest Indian,2023,25006,
567,Northwest Indian,2023,25007,
567,Northwest Indian,2023,25008,
567,Northwest Indian,2023,25009,
567,Northwest Indian,2023,25010,
567,Northwest Indian,2023,25011,
567,Northwest Indian,2023,25012,
567,Northwest Indian,2023,25013,
567,Northwest Indian,2023,25014,
567,Northwest Indian,2023,25015,
567,Northwest Indian,2023,25016,
567,Northwest Indian,2023,25017,
567,Northwest Indian,2023,25018,
567,Northwest Indian,2023,25019,
567,Northwest Indian,2023,25020,
567,Northwest Indian,2023,25021,
567,Northwest Indian,2023,25022,
567,Northwest Indian,2023,25023,
567,Northwest Indian,2023,25024,
567,Northwest Indian,2023,25025,
567,Northwest Indian,2023,25026,
567,Northwest Indian,2023,25027,
567,Northwest Indian,2023,25129,
735,Maine-Augusta,2023,12547,
735,Maine-Augusta,2023,12548,
735,Maine-Augusta,2023,12556,
735,Maine-Augusta,2023,12557,
735,Maine-Augusta,2023,12558,
735,Maine-Augusta,2023,12559,
735,Maine-Augusta,2023,12560,
735,Maine-Augusta,2023,12561,
735,Maine-Augusta,2023,12562,
735,Maine-Augusta,2023,12563,
735,Maine-Augusta,2023,12564,
735,Maine-Augusta,2023,12565,
735,Maine-Augusta,2023,12566,
660,Crowley's Ridge,2023,10519,
660,Crowley's Ridge,2023,10526,
660,Crowley's Ridge,2023,10527,
660,Crowley's Ridge,2023,10528,
660,Crowley's Ridge,2023,10529,
660,Crowley's Ridge,2023,10532,
660,Crowley's Ridge,2023,10533,
660,Crowley's Ridge,2023,10534,
660,Crowley's Ridge,2023,10535,
660,Crowley's Ridge,2023,10536,
660,Crowley's Ridge,2023,10537,
660,Crowley's Ridge,2023,10538,
660,Crowley's Ridge,2023,10539,
660,Crowley's Ridge,2023,10540,
660,Crowley's Ridge,2023,10541,
660,Crowley's Ridge,2023,10542,
660,Crowley's Ridge,2023,10543,
660,Crowley's Ridge,2023,10544,
658,Emerson,2023,10458,
658,Emerson,2023,10459,
658,Emerson,2023,10460,
658,Emerson,2023,10461,
658,Emerson,2023,10472,
658,Emerson,2023,10479,
658,Emerson,2023,10480,
658,Emerson,2023,10481,
658,Emerson,2023,10482,
658,Emerson,2023,10483,
658,Emerson,2023,10484,
658,Emerson,2023,10485,
658,Emerson,2023,10486,
658,Emerson,2023,10487,
658,Emerson,2023,10488,
658,Emerson,2023,10489,
658,Emerson,2023,10490,
513,Davis & Elkins,2023,1850,
513,Davis & Elkins,2023,1860,
513,Davis & Elkins,2023,1861,
513,Davis & Elkins,2023,1864,
513,Davis & Elkins,2023,1865,
513,Davis & Elkins,2023,1866,
513,Davis & Elkins,2023,1867,
513,Davis & Elkins,2023,1868,
513,Davis & Elkins,2023,1869,
513,Davis & Elkins,2023,1870,
513,Davis & Elkins,2023,1871,
513,Davis & Elkins,2023,15458,
513,Davis & Elkins,2023,19459,
513,Davis & Elkins,2023,25218,
513,Davis & Elkins,2023,25219,
513,Davis & Elkins,2023,25220,
513,Davis & Elkins,2023,25221,
513,Davis & Elkins,2023,25222,
513,Davis & Elkins,2023,25223,
513,Davis & Elkins,2023,25224,
513,Davis & Elkins,2023,25225,
513,Davis & Elkins,2023,25226,
513,Davis & Elkins,2023,25227,
513,Davis & Elkins,2023,25228,
513,Davis & Elkins,2023,25229,
513,Davis & Elkins,2023,25230,
513,Davis & Elkins,2023,25231,
529,Lynchburg,2023,249,
529,Lynchburg,2023,3221,
529,Lynchburg,2023,3222,
529,Lynchburg,2023,3230,
529,Lynchburg,2023,3235,
529,Lynchburg,2023,3236,
529,Lynchburg,2023,3237,
529,Lynchburg,2023,3238,
529,Lynchburg,2023,3239,
529,Lynchburg,2023,3240,
529,Lynchburg,2023,3241,
529,Lynchburg,2023,3242,
529,Lynchburg,2023,3243,
529,Lynchburg,2023,3244,
529,Lynchburg,2023,3245,
529,Lynchburg,2023,3246,
529,Lynchburg,2023,3247,
529,Lynchburg,2023,3248,
529,Lynchburg,2023,3249,
529,Lynchburg,2023,3250,
529,Lynchburg,2023,3251,
557,Champion Christian,2023,5934,
557,Champion Christian,2023,5937,
557,Champion Christian,2023,5940,
557,Champion Christian,2023,5942,
557,Champion Christian,2023,5947,
557,Champion Christian,2023,5949,
557,Champion Christian,2023,5950,
557,Champion Christian,2023,5954,
557,Champion Christian,2023,5955,
557,Champion Christian,2023,21343,
557,Champion Christian,2023,21344,
557,Champion Christian,2023,21345,
557,Champion Christian,2023,21346,
557,Champion Christian,2023,21347,
557,Champion Christian,2023,21348,
557,Champion Christian,2023,21349,
557,Champion Christian,2023,21350,
557,Champion Christian,2023,21351,
557,Champion Christian,2023,22405,
557,Champion Christian,2023,24249,
557,Champion Christian,2023,13840,
778,West Virginia Wesleyan,2023,10071,
778,West Virginia Wesleyan,2023,13682,
778,West Virginia Wesleyan,2023,13691,
778,West Virginia Wesleyan,2023,13692,
778,West Virginia Wesleyan,2023,13693,
778,West Virginia Wesleyan,2023,13695,
778,West Virginia Wesleyan,2023,13696,
778,West Virginia Wesleyan,2023,13697,
778,West Virginia Wesleyan,2023,13698,
778,West Virginia Wesleyan,2023,13699,
778,West Virginia Wesleyan,2023,13700,
778,West Virginia Wesleyan,2023,13701,
778,West Virginia Wesleyan,2023,13702,
778,West Virginia Wesleyan,2023,13703,
778,West Virginia Wesleyan,2023,13704,
778,West Virginia Wesleyan,2023,13705,
778,West Virginia Wesleyan,2023,13706,
778,West Virginia Wesleyan,2023,13707,
778,West Virginia Wesleyan,2023,13708,
778,West Virginia Wesleyan,2023,13709,
778,West Virginia Wesleyan,2023,19446,
870,Science & Arts (OK),2023,17754,
870,Science & Arts (OK),2023,17758,
870,Science & Arts (OK),2023,17763,
870,Science & Arts (OK),2023,17764,
870,Science & Arts (OK),2023,17765,
870,Science & Arts (OK),2023,17766,
870,Science & Arts (OK),2023,17767,
870,Science & Arts (OK),2023,17769,
870,Science & Arts (OK),2023,17770,
870,Science & Arts (OK),2023,25297,
870,Science & Arts (OK),2023,25298,
870,Science & Arts (OK),2023,25299,
870,Science & Arts (OK),2023,25300,
870,Science & Arts (OK),2023,25301,
870,Science & Arts (OK),2023,25302,
502,Rivier,2023,1248,
502,Rivier,2023,1257,
502,Rivier,2023,1258,
1013,Bushnell,2023,23342,
1013,Bushnell,2023,23343,
1013,Bushnell,2023,23344,
1013,Bushnell,2023,23345,
1013,Bushnell,2023,23346,
1013,Bushnell,2023,23347,
1013,Bushnell,2023,23348,
1013,Bushnell,2023,23349,
1013,Bushnell,2023,23350,
1013,Bushnell,2023,23351,
1013,Bushnell,2023,23352,
1013,Bushnell,2023,23353,
1013,Bushnell,2023,23354,
1013,Bushnell,2023,23355,
1013,Bushnell,2023,23356,
1013,Bushnell,2023,23357,
1013,Bushnell,2023,23358,
621,Brescia,2023,3174,
621,Brescia,2023,3662,
621,Brescia,2023,9438,
621,Brescia,2023,9439,
621,Brescia,2023,9445,
621,Brescia,2023,9446,
621,Brescia,2023,9449,
621,Brescia,2023,9456,
621,Brescia,2023,9457,
621,Brescia,2023,20077,
621,Brescia,2023,20078,
621,Brescia,2023,20079,
621,Brescia,2023,20080,
621,Brescia,2023,20081,
621,Brescia,2023,20082,
621,Brescia,2023,20083,
621,Brescia,2023,20084,
621,Brescia,2023,20085,
621,Brescia,2023,20086,
621,Brescia,2023,23009,
621,Brescia,2023,23010,
734,Purdue Northwest,2023,12522,
734,Purdue Northwest,2023,12523,
734,Purdue Northwest,2023,12524,
734,Purdue Northwest,2023,12525,
734,Purdue Northwest,2023,12526,
734,Purdue Northwest,2023,12527,
734,Purdue Northwest,2023,12528,
734,Purdue Northwest,2023,12529,
734,Purdue Northwest,2023,12530,
734,Purdue Northwest,2023,12531,
734,Purdue Northwest,2023,12532,
734,Purdue Northwest,2023,12533,
734,Purdue Northwest,2023,12534,
734,Purdue Northwest,2023,12535,
734,Purdue Northwest,2023,12536,
734,Purdue Northwest,2023,12537,
1025,Multnomah University,2023,24206,
1025,Multnomah University,2023,24207,
1025,Multnomah University,2023,24208,
1025,Multnomah University,2023,24209,
1025,Multnomah University,2023,24210,
1025,Multnomah University,2023,24211,
1025,Multnomah University,2023,24212,
1025,Multnomah University,2023,24213,
1025,Multnomah University,2023,24214,
1025,Multnomah University,2023,24215,
1025,Multnomah University,2023,24216,
1025,Multnomah University,2023,24217,
1025,Multnomah University,2023,24218,
1025,Multnomah University,2023,24219,
1025,Multnomah University,2023,24220,
1025,Multnomah University,2023,24221,
1025,Multnomah University,2023,24222,
1025,Multnomah University,2023,24223,
1025,Multnomah University,2023,24224,
501,Georgian Court,2023,1182,
501,Georgian Court,2023,1183,
501,Georgian Court,2023,1193,
501,Georgian Court,2023,1194,
501,Georgian Court,2023,1201,
501,Georgian Court,2023,1202,
501,Georgian Court,2023,1203,
501,Georgian Court,2023,1204,
501,Georgian Court,2023,1205,
501,Georgian Court,2023,1206,
501,Georgian Court,2023,1207,
501,Georgian Court,2023,1208,
501,Georgian Court,2023,1209,
501,Georgian Court,2023,1210,
501,Georgian Court,2023,1211,
698,Stanislaus State,2023,885,
698,Stanislaus State,2023,11566,
698,Stanislaus State,2023,11567,
698,Stanislaus State,2023,11577,
698,Stanislaus State,2023,11580,
698,Stanislaus State,2023,11581,
698,Stanislaus State,2023,11584,
698,Stanislaus State,2023,11585,
698,Stanislaus State,2023,11586,
698,Stanislaus State,2023,11587,
698,Stanislaus State,2023,11588,
698,Stanislaus State,2023,24857,
698,Stanislaus State,2023,24858,
698,Stanislaus State,2023,24859,
698,Stanislaus State,2023,24860,
698,Stanislaus State,2023,24861,
698,Stanislaus State,2023,24862,
539,Arkansas Baptist,2023,4208,
539,Arkansas Baptist,2023,4209,
539,Arkansas Baptist,2023,4219,
539,Arkansas Baptist,2023,4220,
539,Arkansas Baptist,2023,4221,
539,Arkansas Baptist,2023,4222,
539,Arkansas Baptist,2023,22667,
539,Arkansas Baptist,2023,22668,
539,Arkansas Baptist,2023,22669,
539,Arkansas Baptist,2023,22670,
539,Arkansas Baptist,2023,22671,
539,Arkansas Baptist,2023,22672,
539,Arkansas Baptist,2023,22673,
539,Arkansas Baptist,2023,22674,
539,Arkansas Baptist,2023,22675,
539,Arkansas Baptist,2023,22676,
539,Arkansas Baptist,2023,22677,
539,Arkansas Baptist,2023,22678,
539,Arkansas Baptist,2023,22679,
539,Arkansas Baptist,2023,22680,
539,Arkansas Baptist,2023,22681,
539,Arkansas Baptist,2023,22682,
539,Arkansas Baptist,2023,22683,
539,Arkansas Baptist,2023,22684,
539,Arkansas Baptist,2023,22685,
539,Arkansas Baptist,2023,22686,
539,Arkansas Baptist,2023,22687,
539,Arkansas Baptist,2023,22688,
648,LeTourneau,2023,10188,
648,LeTourneau,2023,10189,
648,LeTourneau,2023,10198,
648,LeTourneau,2023,10202,
648,LeTourneau,2023,10206,
648,LeTourneau,2023,10207,
648,LeTourneau,2023,10208,
648,LeTourneau,2023,10209,
648,LeTourneau,2023,21964,
648,LeTourneau,2023,21965,
648,LeTourneau,2023,21966,
648,LeTourneau,2023,21967,
648,LeTourneau,2023,21968,
648,LeTourneau,2023,21969,
648,LeTourneau,2023,21970,
648,LeTourneau,2023,21971,
648,LeTourneau,2023,21972,
648,LeTourneau,2023,21973,
992,Rochester University (MI),2023,4912,
992,Rochester University (MI),2023,22238,
992,Rochester University (MI),2023,22239,
992,Rochester University (MI),2023,22240,
992,Rochester University (MI),2023,22241,
992,Rochester University (MI),2023,22242,
992,Rochester University (MI),2023,22243,
992,Rochester University (MI),2023,22244,
992,Rochester University (MI),2023,22245,
992,Rochester University (MI),2023,22246,
992,Rochester University (MI),2023,22247,
992,Rochester University (MI),2023,22248,
992,Rochester University (MI),2023,22249,
992,Rochester University (MI),2023,22250,
992,Rochester University (MI),2023,22251,
992,Rochester University (MI),2023,22252,
992,Rochester University (MI),2023,22253,
992,Rochester University (MI),2023,22254,
517,Columbia International,2023,2041,
517,Columbia International,2023,2042,
517,Columbia International,2023,2043,
517,Columbia International,2023,2049,
517,Columbia International,2023,2052,
517,Columbia International,2023,2053,
517,Columbia International,2023,2054,
517,Columbia International,2023,2055,
517,Columbia International,2023,2056,
517,Columbia International,2023,2057,
517,Columbia International,2023,2058,
517,Columbia International,2023,2059,
517,Columbia International,2023,24109,
517,Columbia International,2023,24110,
517,Columbia International,2023,24111,
574,Chapman,2023,7257,
574,Chapman,2023,7258,
574,Chapman,2023,7259,
574,Chapman,2023,7275,
574,Chapman,2023,7276,
574,Chapman,2023,7277,
574,Chapman,2023,7278,
574,Chapman,2023,7279,
574,Chapman,2023,7280,
574,Chapman,2023,7281,
574,Chapman,2023,7282,
574,Chapman,2023,7283,
574,Chapman,2023,7284,
574,Chapman,2023,7285,
574,Chapman,2023,7286,
574,Chapman,2023,7287,
574,Chapman,2023,7288,
574,Chapman,2023,7289,
574,Chapman,2023,7290,
574,Chapman,2023,7291,
854,Sonoma State,2023,17144,
854,Sonoma State,2023,17145,
854,Sonoma State,2023,17146,
854,Sonoma State,2023,17151,
854,Sonoma State,2023,17152,
854,Sonoma State,2023,17158,
854,Sonoma State,2023,17178,2003-08-26
854,Sonoma State,2023,19311,
854,Sonoma State,2023,22160,
854,Sonoma State,2023,22161,
854,Sonoma State,2023,22162,
854,Sonoma State,2023,22163,
854,Sonoma State,2023,22164,
854,Sonoma State,2023,22165,
854,Sonoma State,2023,22166,
854,Sonoma State,2023,22167,
1028,Tufts,2023,17469,
1028,Tufts,2023,24308,
1028,Tufts,2023,24309,
1028,Tufts,2023,24310,
1028,Tufts,2023,24311,
1028,Tufts,2023,24312,
1028,Tufts,2023,24313,
1028,Tufts,2023,24314,
1028,Tufts,2023,24315,
1028,Tufts,2023,24316,
1028,Tufts,2023,24317,
1028,Tufts,2023,24318,
1028,Tufts,2023,24319,
1028,Tufts,2023,24320,
1028,Tufts,2023,24321,
1028,Tufts,2023,24322,
1028,Tufts,2023,24323,
1028,Tufts,2023,24324,
888,Reinhardt,2023,18140,
888,Reinhardt,2023,18141,
888,Reinhardt,2023,18142,
888,Reinhardt,2023,18148,
888,Reinhardt,2023,18149,
888,Reinhardt,2023,18150,
888,Reinhardt,2023,18151,
888,Reinhardt,2023,18152,
888,Reinhardt,2023,18153,
888,Reinhardt,2023,18166,
888,Reinhardt,2023,24902,
888,Reinhardt,2023,24903,
888,Reinhardt,2023,24904,
888,Reinhardt,2023,24905,
888,Reinhardt,2023,24906,
888,Reinhardt,2023,24907,
888,Reinhardt,2023,24908,
888,Reinhardt,2023,24909,
888,Reinhardt,2023,24910,
888,Reinhardt,2023,24911,
888,Reinhardt,2023,24912,
888,Reinhardt,2023,24913,
888,Reinhardt,2023,24914,
888,Reinhardt,2023,24915,
888,Reinhardt,2023,24916,
888,Reinhardt,2023,24917,
888,Reinhardt,2023,24918,
888,Reinhardt,2023,24919,
888,Reinhardt,2023,24920,
888,Reinhardt,2023,24921,
888,Reinhardt,2023,24922,
888,Reinhardt,2023,24923,
888,Reinhardt,2023,24924,
888,Reinhardt,2023,24925,
888,Reinhardt,2023,24926,
888,Reinhardt,2023,24927,
888,Reinhardt,2023,24928,
678,Central State (OH),2023,11025,
678,Central State (OH),2023,11026,
678,Central State (OH),2023,11027,
678,Central State (OH),2023,11028,
678,Central State (OH),2023,11029,
678,Central State (OH),2023,11030,
678,Central State (OH),2023,11031,
678,Central State (OH),2023,11032,
678,Central State (OH),2023,11033,
678,Central State (OH),2023,11034,
678,Central State (OH),2023,11035,
678,Central State (OH),2023,11036,
678,Central State (OH),2023,11037,
678,Central State (OH),2023,11038,
1038,Saint Martin's,2023,1256,
1038,Saint Martin's,2023,24658,
1038,Saint Martin's,2023,24659,
1038,Saint Martin's,2023,24660,
1038,Saint Martin's,2023,24661,
1038,Saint Martin's,2023,24662,
1038,Saint Martin's,2023,24663,
1038,Saint Martin's,2023,24664,
1038,Saint Martin's,2023,24665,
1038,Saint Martin's,2023,24666,
1038,Saint Martin's,2023,24667,
1038,Saint Martin's,2023,24668,
1038,Saint Martin's,2023,24669,
1038,Saint Martin's,2023,24670,
1038,Saint Martin's,2023,24671,
1038,Saint Martin's,2023,24672,
1038,Saint Martin's,2023,24673,
948,Adams State,2023,19310,
613,Ozark Christian,2023,9226,
613,Ozark Christian,2023,9227,
613,Ozark Christian,2023,9240,
613,Ozark Christian,2023,9242,
613,Ozark Christian,2023,9243,
613,Ozark Christian,2023,9248,
613,Ozark Christian,2023,24062,
613,Ozark Christian,2023,24063,
613,Ozark Christian,2023,24064,
613,Ozark Christian,2023,24065,
613,Ozark Christian,2023,24066,
613,Ozark Christian,2023,24067,
613,Ozark Christian,2023,24068,
613,Ozark Christian,2023,24069,
613,Ozark Christian,2023,24070,
613,Ozark Christian,2023,24071,
990,Shorter,2023,21755,
990,Shorter,2023,21756,
990,Shorter,2023,21757,
990,Shorter,2023,21758,
990,Shorter,2023,21759,
990,Shorter,2023,21760,
990,Shorter,2023,21761,
990,Shorter,2023,21762,
990,Shorter,2023,21763,
990,Shorter,2023,21764,
990,Shorter,2023,21765,
990,Shorter,2023,21766,
990,Shorter,2023,21767,
990,Shorter,2023,21768,
990,Shorter,2023,21769,
990,Shorter,2023,21770,
990,Shorter,2023,21771,1989-12-15
990,Shorter,2023,21772,1990-09-03
990,Shorter,2023,21773,1986-05-21
990,Shorter,2023,21774,1986-10-29
990,Shorter,2023,21775,1988-04-21
990,Shorter,2023,21776,
990,Shorter,2023,21777,
990,Shorter,2023,21778,
990,Shorter,2023,21779,
990,Shorter,2023,21780,
990,Shorter,2023,21781,
990,Shorter,2023,21782,
990,Shorter,2023,21783,
990,Shorter,2023,21784,
990,Shorter,2023,21785,
990,Shorter,2023,21786,
990,Shorter,2023,21787,
990,Shorter,2023,21788,
990,Shorter,2023,21789,
990,Shorter,2023,21790,
990,Shorter,2023,21791,
990,Shorter,2023,21792,1987-11-19
990,Shorter,2023,21793,1988-04-15
990,Shorter,2023,21794,1991-01-24
990,Shorter,2023,21795,1991-02-06
990,Shorter,2023,21796,1990-03-15
990,Shorter,2023,21797,1987-08-30
990,Shorter,2023,21798,1988-08-24
990,Shorter,2023,21799,1989-10-17
990,Shorter,2023,21800,1988-07-10
990,Shorter,2023,21801,
990,Shorter,2023,21802,
371,Birmingham-Southern,2023,3690,
371,Birmingham-Southern,2023,19116,
371,Birmingham-Southern,2023,19117,
371,Birmingham-Southern,2023,19118,
371,Birmingham-Southern,2023,19119,
371,Birmingham-Southern,2023,19128,
371,Birmingham-Southern,2023,19129,
371,Birmingham-Southern,2023,19131,
650,Loyola New Orleans,2023,10238,
650,Loyola New Orleans,2023,10239,
650,Loyola New Orleans,2023,10240,
650,Loyola New Orleans,2023,10241,
650,Loyola New Orleans,2023,10247,
650,Loyola New Orleans,2023,10248,
650,Loyola New Orleans,2023,10250,
650,Loyola New Orleans,2023,10251,
650,Loyola New Orleans,2023,10253,
650,Loyola New Orleans,2023,10254,
650,Loyola New Orleans,2023,10257,
650,Loyola New Orleans,2023,10258,
650,Loyola New Orleans,2023,16379,
650,Loyola New Orleans,2023,21674,
650,Loyola New Orleans,2023,21675,
650,Loyola New Orleans,2023,21676,
650,Loyola New Orleans,2023,21677,
650,Loyola New Orleans,2023,21678,
650,Loyola New Orleans,2023,21679,
650,Loyola New Orleans,2023,21680,
936,Buffalo State,2023,19059,
936,Buffalo State,2023,19060,
998,Methodist,2023,22780,
998,Methodist,2023,22781,
998,Methodist,2023,22782,
998,Methodist,2023,22783,
998,Methodist,2023,22784,
998,Methodist,2023,22785,
998,Methodist,2023,22786,
998,Methodist,2023,22787,
998,Methodist,2023,22788,
998,Methodist,2023,22789,
998,Methodist,2023,22790,
998,Methodist,2023,22791,
998,Methodist,2023,22792,
998,Methodist,2023,22793,
998,Methodist,2023,22794,
754,Lincoln University (CA),2023,13024,
754,Lincoln University (CA),2023,13025,
754,Lincoln University (CA),2023,13026,
754,Lincoln University (CA),2023,13027,
754,Lincoln University (CA),2023,13028,
754,Lincoln University (CA),2023,13029,
754,Lincoln University (CA),2023,13030,
754,Lincoln University (CA),2023,13031,
754,Lincoln University (CA),2023,13032,
754,Lincoln University (CA),2023,13033,
754,Lincoln University (CA),2023,13034,
754,Lincoln University (CA),2023,13035,
754,Lincoln University (CA),2023,13036,
754,Lincoln University (CA),2023,13037,
754,Lincoln University (CA),2023,13038,
677,Saint Joseph's Long Island,2023,10985,
677,Saint Joseph's Long Island,2023,10986,
677,Saint Joseph's Long Island,2023,10988,
677,Saint Joseph's Long Island,2023,10999,
677,Saint Joseph's Long Island,2023,11000,
677,Saint Joseph's Long Island,2023,11001,
677,Saint Joseph's Long Island,2023,11002,
677,Saint Joseph's Long Island,2023,11006,
677,Saint Joseph's Long Island,2023,11007,
677,Saint Joseph's Long Island,2023,24029,
677,Saint Joseph's Long Island,2023,24030,
677,Saint Joseph's Long Island,2023,24031,
677,Saint Joseph's Long Island,2023,24032,
677,Saint Joseph's Long Island,2023,24033,
677,Saint Joseph's Long Island,2023,24034,
677,Saint Joseph's Long Island,2023,24035,
666,Florida National,2023,6067,
666,Florida National,2023,10665,
666,Florida National,2023,10679,
666,Florida National,2023,10680,
666,Florida National,2023,10681,
666,Florida National,2023,10682,
666,Florida National,2023,10683,
666,Florida National,2023,10684,
666,Florida National,2023,10685,
666,Florida National,2023,10686,
666,Florida National,2023,10687,
666,Florida National,2023,10688,
666,Florida National,2023,10689,
666,Florida National,2023,10690,
682,Gallaudet,2023,11152,
682,Gallaudet,2023,11153,
682,Gallaudet,2023,11154,
682,Gallaudet,2023,11155,
682,Gallaudet,2023,11163,
682,Gallaudet,2023,11164,
682,Gallaudet,2023,11165,
682,Gallaudet,2023,11168,
682,Gallaudet,2023,11169,
682,Gallaudet,2023,11170,
682,Gallaudet,2023,11174,
682,Gallaudet,2023,22987,
682,Gallaudet,2023,22988,
682,Gallaudet,2023,22989,
682,Gallaudet,2023,22990,
682,Gallaudet,2023,22991,
682,Gallaudet,2023,22992,
682,Gallaudet,2023,22993,
608,Franklin,2023,1441,
608,Franklin,2023,9066,
608,Franklin,2023,9067,
608,Franklin,2023,9068,
608,Franklin,2023,9075,
608,Franklin,2023,9076,
608,Franklin,2023,9084,
608,Franklin,2023,9085,
608,Franklin,2023,9086,
608,Franklin,2023,9087,
608,Franklin,2023,9088,
608,Franklin,2023,9089,
608,Franklin,2023,9090,
608,Franklin,2023,9091,
608,Franklin,2023,9092,
608,Franklin,2023,9093,
608,Franklin,2023,9094,
608,Franklin,2023,9095,
608,Franklin,2023,9096,
608,Franklin,2023,9097,
768,Wisconsin-Stout,2023,5718,
768,Wisconsin-Stout,2023,13388,
768,Wisconsin-Stout,2023,13389,
768,Wisconsin-Stout,2023,13400,
768,Wisconsin-Stout,2023,13401,
768,Wisconsin-Stout,2023,13402,
768,Wisconsin-Stout,2023,13403,
768,Wisconsin-Stout,2023,13407,
768,Wisconsin-Stout,2023,13408,
768,Wisconsin-Stout,2023,13409,
768,Wisconsin-Stout,2023,13410,
768,Wisconsin-Stout,2023,23715,
768,Wisconsin-Stout,2023,23716,
768,Wisconsin-Stout,2023,23717,
768,Wisconsin-Stout,2023,23718,
768,Wisconsin-Stout,2023,23719,
768,Wisconsin-Stout,2023,23720,
768,Wisconsin-Stout,2023,23721,
768,Wisconsin-Stout,2023,23722,
572,Colorado College,2023,7105,
572,Colorado College,2023,7106,
572,Colorado College,2023,7108,
572,Colorado College,2023,7109,
572,Colorado College,2023,7110,
572,Colorado College,2023,7111,
572,Colorado College,2023,7112,
572,Colorado College,2023,7114,
572,Colorado College,2023,7115,
572,Colorado College,2023,7116,
572,Colorado College,2023,7117,
572,Colorado College,2023,7118,
572,Colorado College,2023,7119,
572,Colorado College,2023,7120,
572,Colorado College,2023,7121,
572,Colorado College,2023,7122,
572,Colorado College,2023,22703,
572,Colorado College,2023,22704,
572,Colorado College,2023,22705,
978,Emory & Henry,2023,3425,
978,Emory & Henry,2023,7428,
978,Emory & Henry,2023,18077,
978,Emory & Henry,2023,20720,
978,Emory & Henry,2023,20721,
978,Emory & Henry,2023,20722,
978,Emory & Henry,2023,20723,
978,Emory & Henry,2023,20724,
978,Emory & Henry,2023,20725,
978,Emory & Henry,2023,20726,
978,Emory & Henry,2023,20727,
978,Emory & Henry,2023,20728,
978,Emory & Henry,2023,20729,
978,Emory & Henry,2023,20730,
978,Emory & Henry,2023,20731,
1058,Georgia Southwestern,2023,12385,
1058,Georgia Southwestern,2023,25419,
1058,Georgia Southwestern,2023,25420,
1058,Georgia Southwestern,2023,25421,
1058,Georgia Southwestern,2023,25422,
1058,Georgia Southwestern,2023,25423,
1058,Georgia Southwestern,2023,25424,
1058,Georgia Southwestern,2023,25425,
1058,Georgia Southwestern,2023,25426,
1058,Georgia Southwestern,2023,25427,
1058,Georgia Southwestern,2023,25428,
1058,Georgia Southwestern,2023,25429,
1058,Georgia Southwestern,2023,25430,
1058,Georgia Southwestern,2023,25431,
1058,Georgia Southwestern,2023,25432,
1058,Georgia Southwestern,2023,25433,
1058,Georgia Southwestern,2023,25434,
1058,Georgia Southwestern,2023,25435,
1058,Georgia Southwestern,2023,25436,1989-06-14
1058,Georgia Southwestern,2023,25437,
1058,Georgia Southwestern,2023,25438,
1058,Georgia Southwestern,2023,25439,
1058,Georgia Southwestern,2023,25440,
1058,Georgia Southwestern,2023,25441,
1058,Georgia Southwestern,2023,25442,
1058,Georgia Southwestern,2023,25443,
1058,Georgia Southwestern,2023,25444,
1058,Georgia Southwestern,2023,25445,
1058,Georgia Southwestern,2023,25446,
1058,Georgia Southwestern,2023,25447,
1058,Georgia Southwestern,2023,25448,
743,Aquinas,2023,12735,
743,Aquinas,2023,12741,
743,Aquinas,2023,12742,
743,Aquinas,2023,12743,
743,Aquinas,2023,12751,
743,Aquinas,2023,12753,
743,Aquinas,2023,12754,
743,Aquinas,2023,12755,
829,Morehouse,2023,15144,
829,Morehouse,2023,15156,
829,Morehouse,2023,15158,
829,Morehouse,2023,15162,
829,Morehouse,2023,15163,
829,Morehouse,2023,20131,
829,Morehouse,2023,20132,
829,Morehouse,2023,20133,
829,Morehouse,2023,20134,
829,Morehouse,2023,20135,
829,Morehouse,2023,20136,
829,Morehouse,2023,20137,
829,Morehouse,2023,20138,
829,Morehouse,2023,20139,
829,Morehouse,2023,25588,
1061,Academy of Art,2023,581,
1061,Academy of Art,2023,25549,
1061,Academy of Art,2023,25550,
1061,Academy of Art,2023,25551,
1061,Academy of Art,2023,25552,
1061,Academy of Art,2023,25553,
1061,Academy of Art,2023,25554,
1061,Academy of Art,2023,25555,
1061,Academy of Art,2023,25556,
1061,Academy of Art,2023,25557,
1061,Academy of Art,2023,25558,
1061,Academy of Art,2023,25559,
1061,Academy of Art,2023,25560,
1061,Academy of Art,2023,25561,
1061,Academy of Art,2023,25562,
1061,Academy of Art,2023,25563,
1061,Academy of Art,2023,25564,
1061,Academy of Art,2023,25565,
1061,Academy of Art,2023,25566,
611,Ohio Wesleyan,2023,9144,
611,Ohio Wesleyan,2023,9146,
611,Ohio Wesleyan,2023,9148,
611,Ohio Wesleyan,2023,9155,
611,Ohio Wesleyan,2023,9156,
611,Ohio Wesleyan,2023,9161,
611,Ohio Wesleyan,2023,9162,
611,Ohio Wesleyan,2023,9163,
611,Ohio Wesleyan,2023,9164,
611,Ohio Wesleyan,2023,9165,
611,Ohio Wesleyan,2023,9166,
611,Ohio Wesleyan,2023,9167,
611,Ohio Wesleyan,2023,9168,
611,Ohio Wesleyan,2023,9169,
611,Ohio Wesleyan,2023,9170,
611,Ohio Wesleyan,2023,9171,
611,Ohio Wesleyan,2023,9172,
611,Ohio Wesleyan,2023,9173,
671,John Jay College,2023,10813,
671,John Jay College,2023,10814,
671,John Jay College,2023,10821,
671,John Jay College,2023,10822,
671,John Jay College,2023,10825,
671,John Jay College,2023,10826,
671,John Jay College,2023,10831,
671,John Jay College,2023,23506,
671,John Jay College,2023,23507,
671,John Jay College,2023,23508,
671,John Jay College,2023,23509,
671,John Jay College,2023,23510,
671,John Jay College,2023,23511,
671,John Jay College,2023,23512,
671,John Jay College,2023,23513,
671,John Jay College,2023,23514,
1054,Glenville State,2023,9251,
1054,Glenville State,2023,12206,
1054,Glenville State,2023,18551,
1054,Glenville State,2023,25232,
1054,Glenville State,2023,25233,
1054,Glenville State,2023,25234,
1054,Glenville State,2023,25235,
1054,Glenville State,2023,25236,
1054,Glenville State,2023,25237,
1054,Glenville State,2023,25238,
1054,Glenville State,2023,25239,
1054,Glenville State,2023,25240,
1054,Glenville State,2023,25241,
1054,Glenville State,2023,25242,
1054,Glenville State,2023,25243,
1054,Glenville State,2023,25244,
894,Rhode Island College,2023,18274,
894,Rhode Island College,2023,18290,
909,Clarks Summit,2023,18569,
909,Clarks Summit,2023,18570,
909,Clarks Summit,2023,18571,
909,Clarks Summit,2023,18572,
909,Clarks Summit,2023,18573,
909,Clarks Summit,2023,18577,
909,Clarks Summit,2023,18578,
909,Clarks Summit,2023,18579,
909,Clarks Summit,2023,18580,
909,Clarks Summit,2023,18581,
909,Clarks Summit,2023,18582,
909,Clarks Summit,2023,18583,
909,Clarks Summit,2023,18584,
909,Clarks Summit,2023,18585,
909,Clarks Summit,2023,18586,
909,Clarks Summit,2023,18587,
909,Clarks Summit,2023,18590,
909,Clarks Summit,2023,25119,
909,Clarks Summit,2023,25120,
909,Clarks Summit,2023,25121,
909,Clarks Summit,2023,25122,
909,Clarks Summit,2023,25123,
909,Clarks Summit,2023,25124,
909,Clarks Summit,2023,25125,
909,Clarks Summit,2023,25126,
909,Clarks Summit,2023,25127,
1053,Cal State LA,2023,25204,
1053,Cal State LA,2023,25205,
1053,Cal State LA,2023,25206,
1053,Cal State LA,2023,25207,
1053,Cal State LA,2023,25208,
1053,Cal State LA,2023,25209,
1053,Cal State LA,2023,25210,
1053,Cal State LA,2023,25211,
1053,Cal State LA,2023,25212,
1053,Cal State LA,2023,25213,
1053,Cal State LA,2023,25214,
1053,Cal State LA,2023,25215,
1053,Cal State LA,2023,25216,
1053,Cal State LA,2023,25217,
1024,Mars Hill,2023,24141,
1024,Mars Hill,2023,24142,
1024,Mars Hill,2023,24143,
1024,Mars Hill,2023,24144,
1024,Mars Hill,2023,24145,
1024,Mars Hill,2023,24146,
1024,Mars Hill,2023,24147,
1024,Mars Hill,2023,24148,
1024,Mars Hill,2023,24149,
1024,Mars Hill,2023,24150,
1024,Mars Hill,2023,24151,
1024,Mars Hill,2023,24152,
1024,Mars Hill,2023,24153,
1024,Mars Hill,2023,24154,
1024,Mars Hill,2023,24155,
1024,Mars Hill,2023,24156,
905,Lynn,2023,4143,
905,Lynn,2023,8438,
905,Lynn,2023,16183,
905,Lynn,2023,18506,
905,Lynn,2023,18510,
905,Lynn,2023,18513,
905,Lynn,2023,18514,
905,Lynn,2023,18515,
905,Lynn,2023,18516,
905,Lynn,2023,20530,
905,Lynn,2023,20531,
905,Lynn,2023,20532,
905,Lynn,2023,20533,
905,Lynn,2023,20534,
905,Lynn,2023,20535,
747,Trinity (FL),2023,12862,
747,Trinity (FL),2023,12863,
982,Wayne State (MI),2023,20943,
982,Wayne State (MI),2023,20944,
982,Wayne State (MI),2023,20945,
982,Wayne State (MI),2023,20946,
982,Wayne State (MI),2023,20947,
982,Wayne State (MI),2023,20948,
982,Wayne State (MI),2023,20949,
982,Wayne State (MI),2023,20950,
982,Wayne State (MI),2023,20951,
982,Wayne State (MI),2023,20952,
982,Wayne State (MI),2023,20953,
982,Wayne State (MI),2023,20954,
982,Wayne State (MI),2023,20955,
982,Wayne State (MI),2023,20956,
982,Wayne State (MI),2023,20957,
771,Middle Georgia State,2023,13467,
771,Middle Georgia State,2023,13476,
771,Middle Georgia State,2023,13477,
771,Middle Georgia State,2023,13480,
771,Middle Georgia State,2023,13484,
771,Middle Georgia State,2023,13485,
771,Middle Georgia State,2023,13486,
771,Middle Georgia State,2023,24225,
771,Middle Georgia State,2023,24226,
771,Middle Georgia State,2023,24227,
771,Middle Georgia State,2023,24228,
771,Middle Georgia State,2023,24229,
771,Middle Georgia State,2023,24230,
771,Middle Georgia State,2023,24231,
771,Middle Georgia State,2023,24399,
1015,Ithaca College,2023,2444,
1015,Ithaca College,2023,23411,
1015,Ithaca College,2023,23412,
1015,Ithaca College,2023,23413,
1015,Ithaca College,2023,23414,
1015,Ithaca College,2023,23415,
1015,Ithaca College,2023,23416,
1015,Ithaca College,2023,23417,
1015,Ithaca College,2023,23418,
1015,Ithaca College,2023,23419,
1015,Ithaca College,2023,23420,
1015,Ithaca College,2023,23421,
1015,Ithaca College,2023,23422,
1015,Ithaca College,2023,23423,
1015,Ithaca College,2023,23424,
1015,Ithaca College,2023,23425,
1015,Ithaca College,2023,23426,
1015,Ithaca College,2023,23427,
573,La Verne,2023,7173,
573,La Verne,2023,7174,
573,La Verne,2023,7191,
573,La Verne,2023,7192,
573,La Verne,2023,7193,
573,La Verne,2023,7194,
573,La Verne,2023,7195,
573,La Verne,2023,7196,
573,La Verne,2023,7197,
573,La Verne,2023,7198,
573,La Verne,2023,7199,
573,La Verne,2023,7200,
573,La Verne,2023,7201,
573,La Verne,2023,7202,
573,La Verne,2023,7203,
573,La Verne,2023,7204,
573,La Verne,2023,7205,
573,La Verne,2023,7206,
573,La Verne,2023,7207,
573,La Verne,2023,7208,
864,John Brown,2023,17630,
864,John Brown,2023,17633,
864,John Brown,2023,17634,
864,John Brown,2023,17639,
864,John Brown,2023,17640,
864,John Brown,2023,17644,
864,John Brown,2023,17645,
864,John Brown,2023,22797,
864,John Brown,2023,22798,
864,John Brown,2023,22799,
864,John Brown,2023,22800,
864,John Brown,2023,22801,
864,John Brown,2023,22802,
864,John Brown,2023,22803,
522,William Peace,2023,2303,
522,William Peace,2023,2305,
522,William Peace,2023,2312,
522,William Peace,2023,2318,
522,William Peace,2023,2319,
522,William Peace,2023,2320,
522,William Peace,2023,2321,
522,William Peace,2023,2322,
522,William Peace,2023,2323,
522,William Peace,2023,2324,
522,William Peace,2023,2325,
522,William Peace,2023,2326,
522,William Peace,2023,2327,
522,William Peace,2023,2328,
522,William Peace,2023,24884,
522,William Peace,2023,24885,
522,William Peace,2023,24886,
901,Aurora,2023,17744,
901,Aurora,2023,18441,
901,Aurora,2023,18442,
901,Aurora,2023,18443,
901,Aurora,2023,18445,
901,Aurora,2023,18456,
901,Aurora,2023,25591,
901,Aurora,2023,25592,
901,Aurora,2023,25593,
901,Aurora,2023,25594,
901,Aurora,2023,25595,
901,Aurora,2023,25596,
901,Aurora,2023,25597,
901,Aurora,2023,25598,
901,Aurora,2023,25599,
901,Aurora,2023,25600,
901,Aurora,2023,25601,
901,Aurora,2023,25602,
1059,Florida College,2023,15461,
1059,Florida College,2023,15766,
1059,Florida College,2023,16746,
1059,Florida College,2023,25495,
1059,Florida College,2023,25496,
1059,Florida College,2023,25497,
1059,Florida College,2023,25498,
1059,Florida College,2023,25499,
1059,Florida College,2023,25500,
1059,Florida College,2023,25501,
1059,Florida College,2023,25502,
1059,Florida College,2023,25503,
1059,Florida College,2023,25504,
1059,Florida College,2023,25505,
659,Tusculum,2023,8539,
659,Tusculum,2023,10495,
659,Tusculum,2023,10502,
659,Tusculum,2023,10507,
659,Tusculum,2023,10508,
659,Tusculum,2023,10512,
659,Tusculum,2023,10513,
659,Tusculum,2023,10515,
659,Tusculum,2023,23817,
659,Tusculum,2023,23818,
659,Tusculum,2023,23819,
659,Tusculum,2023,23820,
659,Tusculum,2023,23821,
659,Tusculum,2023,23822,
659,Tusculum,2023,23823,
659,Tusculum,2023,23824,
659,Tusculum,2023,23825,
659,Tusculum,2023,23826,
584,Virginia-Lynchburg,2023,8064,
584,Virginia-Lynchburg,2023,8065,
584,Virginia-Lynchburg,2023,8066,
584,Virginia-Lynchburg,2023,21112,
584,Virginia-Lynchburg,2023,21113,
584,Virginia-Lynchburg,2023,21114,
584,Virginia-Lynchburg,2023,21115,
584,Virginia-Lynchburg,2023,21116,
584,Virginia-Lynchburg,2023,21117,
584,Virginia-Lynchburg,2023,21118,
584,Virginia-Lynchburg,2023,21119,
584,Virginia-Lynchburg,2023,21120,
584,Virginia-Lynchburg,2023,21121,
584,Virginia-Lynchburg,2023,24028,
584,Virginia-Lynchburg,2023,24464,
584,Virginia-Lynchburg,2023,24465,
584,Virginia-Lynchburg,2023,24466,
584,Virginia-Lynchburg,2023,24467,
503,Piedmont,2023,1371,
503,Piedmont,2023,1375,
503,Piedmont,2023,1376,
503,Piedmont,2023,1377,
503,Piedmont,2023,1384,
503,Piedmont,2023,1385,
503,Piedmont,2023,1387,
503,Piedmont,2023,1388,
503,Piedmont,2023,1389,
503,Piedmont,2023,1390,
503,Piedmont,2023,1394,
503,Piedmont,2023,22350,
503,Piedmont,2023,22351,
503,Piedmont,2023,22352,
503,Piedmont,2023,22353,
503,Piedmont,2023,22354,
503,Piedmont,2023,22355,
503,Piedmont,2023,22356,
503,Piedmont,2023,22357,
503,Piedmont,2023,22358,
503,Piedmont,2023,22359,
792,Immaculata,2023,14072,
792,Immaculata,2023,14073,
792,Immaculata,2023,14077,
792,Immaculata,2023,14081,
792,Immaculata,2023,14082,
792,Immaculata,2023,14084,
792,Immaculata,2023,14085,
792,Immaculata,2023,14086,
792,Immaculata,2023,14087,
792,Immaculata,2023,14090,
792,Immaculata,2023,14091,
792,Immaculata,2023,22215,
792,Immaculata,2023,22216,
792,Immaculata,2023,22217,
792,Immaculata,2023,22218,
792,Immaculata,2023,22219,
792,Immaculata,2023,22220,
792,Immaculata,2023,22221,
792,Immaculata,2023,22222,
792,Immaculata,2023,22223,
792,Immaculata,2023,22224,
792,Immaculata,2023,22225,
792,Immaculata,2023,22226,
784,Tennessee Wesleyan,2023,13870,
784,Tennessee Wesleyan,2023,13874,
784,Tennessee Wesleyan,2023,13875,
784,Tennessee Wesleyan,2023,13876,
784,Tennessee Wesleyan,2023,13877,
784,Tennessee Wesleyan,2023,13878,
784,Tennessee Wesleyan,2023,13882,
784,Tennessee Wesleyan,2023,13883,
784,Tennessee Wesleyan,2023,13884,
784,Tennessee Wesleyan,2023,13885,
784,Tennessee Wesleyan,2023,13886,
784,Tennessee Wesleyan,2023,13887,
784,Tennessee Wesleyan,2023,13888,
784,Tennessee Wesleyan,2023,13889,
784,Tennessee Wesleyan,2023,22571,
784,Tennessee Wesleyan,2023,22572,
784,Tennessee Wesleyan,2023,22573,
784,Tennessee Wesleyan,2023,22574,
784,Tennessee Wesleyan,2023,22575,
784,Tennessee Wesleyan,2023,22576,
784,Tennessee Wesleyan,2023,22577,
784,Tennessee Wesleyan,2023,22578,
784,Tennessee Wesleyan,2023,22579,
784,Tennessee Wesleyan,2023,22580,
784,Tennessee Wesleyan,2023,22581,
784,Tennessee Wesleyan,2023,22582,
784,Tennessee Wesleyan,2023,22583,
784,Tennessee Wesleyan,2023,22584,
784,Tennessee Wesleyan,2023,22585,
784,Tennessee Wesleyan,2023,22586,
784,Tennessee Wesleyan,2023,22587,
784,Tennessee Wesleyan,2023,22588,
784,Tennessee Wesleyan,2023,22589,
784,Tennessee Wesleyan,2023,22590,
753,Sarah Lawrence,2023,12992,
753,Sarah Lawrence,2023,12993,
753,Sarah Lawrence,2023,12995,
753,Sarah Lawrence,2023,12996,
753,Sarah Lawrence,2023,12999,
753,Sarah Lawrence,2023,13004,
753,Sarah Lawrence,2023,13005,
753,Sarah Lawrence,2023,13006,
753,Sarah Lawrence,2023,13007,
753,Sarah Lawrence,2023,13009,
753,Sarah Lawrence,2023,13010,
753,Sarah Lawrence,2023,20686,
753,Sarah Lawrence,2023,20687,
753,Sarah Lawrence,2023,20688,
753,Sarah Lawrence,2023,20689,
753,Sarah Lawrence,2023,20690,
753,Sarah Lawrence,2023,20691,
753,Sarah Lawrence,2023,20692,
1034,Montana-Western,2023,24520,
1034,Montana-Western,2023,24521,
1034,Montana-Western,2023,24522,
1034,Montana-Western,2023,24523,
1034,Montana-Western,2023,24524,
1034,Montana-Western,2023,24525,
1034,Montana-Western,2023,24526,
1034,Montana-Western,2023,24527,
1034,Montana-Western,2023,24528,
1034,Montana-Western,2023,24529,
1034,Montana-Western,2023,24530,
1034,Montana-Western,2023,24531,
1034,Montana-Western,2023,24532,
1034,Montana-Western,2023,24533,
1034,Montana-Western,2023,24534,
989,Wartburg,2023,21617,
989,Wartburg,2023,21618,
989,Wartburg,2023,21619,
989,Wartburg,2023,21620,
989,Wartburg,2023,21621,
989,Wartburg,2023,21622,
989,Wartburg,2023,21623,
989,Wartburg,2023,21624,
989,Wartburg,2023,21625,
989,Wartburg,2023,21626,
989,Wartburg,2023,21627,
989,Wartburg,2023,21628,
989,Wartburg,2023,21629,
989,Wartburg,2023,21630,
989,Wartburg,2023,21631,
989,Wartburg,2023,21632,
989,Wartburg,2023,21633,
989,Wartburg,2023,21634,
989,Wartburg,2023,21635,
989,Wartburg,2023,21636,
989,Wartburg,2023,21637,
989,Wartburg,2023,21638,
943,CSU Pueblo,2023,19187,
808,Johnson & Wales (RI),2023,14489,
808,Johnson & Wales (RI),2023,14490,
808,Johnson & Wales (RI),2023,14491,
808,Johnson & Wales (RI),2023,14492,
808,Johnson & Wales (RI),2023,14498,
808,Johnson & Wales (RI),2023,14499,
808,Johnson & Wales (RI),2023,14500,
808,Johnson & Wales (RI),2023,14508,
808,Johnson & Wales (RI),2023,23099,
808,Johnson & Wales (RI),2023,23100,
808,Johnson & Wales (RI),2023,23101,
808,Johnson & Wales (RI),2023,23102,
808,Johnson & Wales (RI),2023,23103,
926,Bloomsburg,2023,18881,
874,St. Mary's (MD),2023,1024,
874,St. Mary's (MD),2023,17658,
874,St. Mary's (MD),2023,17870,
874,St. Mary's (MD),2023,17871,
874,St. Mary's (MD),2023,17874,
874,St. Mary's (MD),2023,17875,
874,St. Mary's (MD),2023,17878,
874,St. Mary's (MD),2023,17879,
874,St. Mary's (MD),2023,17880,
874,St. Mary's (MD),2023,17881,
874,St. Mary's (MD),2023,17884,
874,St. Mary's (MD),2023,17886,
874,St. Mary's (MD),2023,20281,
874,St. Mary's (MD),2023,20282,
874,St. Mary's (MD),2023,20283,
874,St. Mary's (MD),2023,20284,
874,St. Mary's (MD),2023,20285,
874,St. Mary's (MD),2023,20286,
874,St. Mary's (MD),2023,20287,
874,St. Mary's (MD),2023,20288,
874,St. Mary's (MD),2023,23666,
874,St. Mary's (MD),2023,25548,
832,North American,2023,15460,
832,North American,2023,15467,
832,North American,2023,15470,
832,North American,2023,15471,
832,North American,2023,15474,
832,North American,2023,22323,
832,North American,2023,22324,
832,North American,2023,22325,
832,North American,2023,22326,
832,North American,2023,22327,
832,North American,2023,22328,
832,North American,2023,22329,
832,North American,2023,22330,
832,North American,2023,22331,
832,North American,2023,22332,
832,North American,2023,24706,
908,Limestone,2023,18557,
908,Limestone,2023,18560,
908,Limestone,2023,18567,
908,Limestone,2023,18568,
538,Randolph College,2023,3998,
538,Randolph College,2023,3999,
538,Randolph College,2023,4000,
538,Randolph College,2023,4007,
538,Randolph College,2023,4008,
538,Randolph College,2023,4015,
538,Randolph College,2023,4016,
538,Randolph College,2023,4017,
538,Randolph College,2023,4018,
538,Randolph College,2023,4019,
538,Randolph College,2023,4020,
538,Randolph College,2023,4021,
538,Randolph College,2023,4022,
538,Randolph College,2023,4023,
538,Randolph College,2023,4024,
538,Randolph College,2023,4025,
538,Randolph College,2023,4026,
538,Randolph College,2023,4027,
538,Randolph College,2023,4028,
538,Randolph College,2023,4029,
538,Randolph College,2023,4030,
538,Randolph College,2023,4031,
538,Randolph College,2023,25290,
538,Randolph College,2023,25291,
538,Randolph College,2023,25292,
538,Randolph College,2023,25293,
538,Randolph College,2023,25294,
538,Randolph College,2023,25295,
538,Randolph College,2023,25296,
925,FDU Florham,2023,18855,
925,FDU Florham,2023,18856,
925,FDU Florham,2023,18857,
925,FDU Florham,2023,18858,
925,FDU Florham,2023,18860,
925,FDU Florham,2023,18866,
925,FDU Florham,2023,18867,
925,FDU Florham,2023,18873,
925,FDU Florham,2023,18874,
925,FDU Florham,2023,23599,
925,FDU Florham,2023,23600,
925,FDU Florham,2023,23601,
925,FDU Florham,2023,23602,
925,FDU Florham,2023,23603,
925,FDU Florham,2023,23604,
925,FDU Florham,2023,23605,
925,FDU Florham,2023,23606,
616,Concordia-Ann Arbor,2023,8492,
616,Concordia-Ann Arbor,2023,9294,
616,Concordia-Ann Arbor,2023,9295,
616,Concordia-Ann Arbor,2023,9306,
616,Concordia-Ann Arbor,2023,9307,
616,Concordia-Ann Arbor,2023,9308,
616,Concordia-Ann Arbor,2023,9309,
616,Concordia-Ann Arbor,2023,9310,
616,Concordia-Ann Arbor,2023,9311,
616,Concordia-Ann Arbor,2023,9312,
616,Concordia-Ann Arbor,2023,9313,
616,Concordia-Ann Arbor,2023,9314,
616,Concordia-Ann Arbor,2023,9315,
616,Concordia-Ann Arbor,2023,9316,
616,Concordia-Ann Arbor,2023,9317,
616,Concordia-Ann Arbor,2023,9318,
616,Concordia-Ann Arbor,2023,24343,
616,Concordia-Ann Arbor,2023,24344,
616,Concordia-Ann Arbor,2023,24345,
616,Concordia-Ann Arbor,2023,24346,
616,Concordia-Ann Arbor,2023,24347,
616,Concordia-Ann Arbor,2023,24348,
616,Concordia-Ann Arbor,2023,24349,
616,Concordia-Ann Arbor,2023,24350,
616,Concordia-Ann Arbor,2023,24351,
616,Concordia-Ann Arbor,2023,24352,
616,Concordia-Ann Arbor,2023,24353,
616,Concordia-Ann Arbor,2023,24354,
616,Concordia-Ann Arbor,2023,24355,
616,Concordia-Ann Arbor,2023,24356,
616,Concordia-Ann Arbor,2023,24357,
616,Concordia-Ann Arbor,2023,24358,
616,Concordia-Ann Arbor,2023,24359,
616,Concordia-Ann Arbor,2023,24360,
616,Concordia-Ann Arbor,2023,24361,
616,Concordia-Ann Arbor,2023,24362,
616,Concordia-Ann Arbor,2023,24363,
616,Concordia-Ann Arbor,2023,24364,
616,Concordia-Ann Arbor,2023,24365,
616,Concordia-Ann Arbor,2023,24366,
616,Concordia-Ann Arbor,2023,24367,
616,Concordia-Ann Arbor,2023,24368,
616,Concordia-Ann Arbor,2023,24369,
616,Concordia-Ann Arbor,2023,24370,
616,Concordia-Ann Arbor,2023,24371,
616,Concordia-Ann Arbor,2023,24372,
616,Concordia-Ann Arbor,2023,24373,
616,Concordia-Ann Arbor,2023,24374,
