season,seasonLabel,teamId,team,conference,games,wins,losses,totalMinutes,pace,teamStats_assists,teamStats_blocks,teamStats_steals,teamStats_possessions,teamStats_trueShooting,teamStats_rating,teamStats_fieldGoals_made,teamStats_fieldGoals_attempted,teamStats_fieldGoals_pct,teamStats_twoPointFieldGoals_made,teamStats_twoPointFieldGoals_attempted,teamStats_twoPointFieldGoals_pct,teamStats_threePointFieldGoals_made,teamStats_threePointFieldGoals_attempted,teamStats_threePointFieldGoals_pct,teamStats_freeThrows_made,teamStats_freeThrows_attempted,teamStats_freeThrows_pct,teamStats_rebounds_offensive,teamStats_rebounds_defensive,teamStats_rebounds_total,teamStats_turnovers_total,teamStats_turnovers_teamTotal,teamStats_fouls_total,teamStats_fouls_technical,teamStats_fouls_flagrant,teamStats_points_total,teamStats_points_inPaint,teamStats_points_offTurnovers,teamStats_points_fastBreak,teamStats_fourFactors_effectiveFieldGoalPct,teamStats_fourFactors_turnoverRatio,teamStats_fourFactors_offensiveReboundPct,teamStats_fourFactors_freeThrowRate,opponentStats_assists,opponentStats_blocks,opponentStats_steals,opponentStats_possessions,opponentStats_trueShooting,opponentStats_rating,opponentStats_fieldGoals_made,opponentStats_fieldGoals_attempted,opponentStats_fieldGoals_pct,opponentStats_twoPointFieldGoals_made,opponentStats_twoPointFieldGoals_attempted,opponentStats_twoPointFieldGoals_pct,opponentStats_threePointFieldGoals_made,opponentStats_threePointFieldGoals_attempted,opponentStats_threePointFieldGoals_pct,opponentStats_freeThrows_made,opponentStats_freeThrows_attempted,opponentStats_freeThrows_pct,opponentStats_rebounds_offensive,opponentStats_rebounds_defensive,opponentStats_rebounds_total,opponentStats_turnovers_total,opponentStats_turnovers_teamTotal,opponentStats_fouls_total,opponentStats_fouls_technical,opponentStats_fouls_flagrant,opponentStats_points_total,opponentStats_points_inPaint,opponentStats_points_offTurnovers,opponentStats_points_fastBreak,opponentStats_fourFactors_effectiveFieldGoalPct,opponentStats_fourFactors_turnoverRatio,opponentStats_fourFactors_offensiveReboundPct,opponentStats_fourFactors_freeThrowRate
2025,20242025,1,Abilene Christian,WAC,32,16,16,1310,66.4,421,94,331,2178,52.9,103.8,819,1845,44.4,673,1362,49.4,146,483,30.2,476,666,71.5,356,727,1083,476,14,671,9,0,2260,1164,581,359,48.3,0.22,32.9,36.1,383,143,259,2172,55.2,103.5,747,1675,44.6,566,1098,51.5,181,577,31.4,574,825,69.6,312,762,1074,547,28,570,5,0,2249,1032,459,306,50.0,0.25,29.1,49.3
2025,20242025,2,Air Force,Mountain West,32,4,28,1310,61.1,428,90,181,2004,53.1,98.9,680,1616,42.1,421,833,50.5,259,783,33.1,363,572,63.5,236,720,956,432,43,571,1,0,1982,768,336,174,50.1,0.22,24.7,35.4,410,103,217,1999,58.0,117.9,845,1758,48.1,614,1121,54.8,231,637,36.3,436,623,70.0,294,802,1096,327,17,558,3,0,2357,1108,535,302,54.6,0.16,26.8,35.4
2025,20242025,3,Akron,MAC,35,28,7,1415,69.1,617,130,267,2441,58.4,120.5,1060,2259,46.9,684,1222,56.0,376,1037,36.3,445,590,75.4,414,934,1348,414,13,623,8,0,2941,1208,555,462,55.2,0.17,30.7,26.1,418,88,246,2445,53.3,107.4,933,2157,43.3,670,1333,50.3,263,824,31.9,496,692,71.7,375,850,1225,444,16,578,3,0,2625,1140,419,362,49.4,0.18,30.6,32.1
2025,20242025,4,Alabama A&M,SWAC,32,10,22,1320,61.5,432,131,266,2037,51.0,114.7,795,1966,40.4,538,1159,46.4,257,807,31.8,490,738,66.4,447,725,1172,513,27,687,8,0,2337,970,491,428,47.0,0.25,38.1,37.5,484,97,289,2025,57.5,124.5,834,1816,45.9,574,1141,50.3,260,675,38.5,591,853,69.3,370,828,1198,514,40,599,6,0,2521,1040,555,441,53.1,0.25,30.9,47.0
2025,20242025,5,Alabama,SEC,37,28,9,1510,74.5,634,167,228,2812,60.3,119.3,1147,2371,48.4,757,1267,59.7,390,1104,35.3,671,932,72.0,459,1108,1567,469,23,702,1,0,3355,1432,453,500,56.6,0.17,29.3,39.3,480,153,288,2813,52.0,106.9,1074,2523,42.6,809,1650,49.0,265,873,30.4,594,837,71.0,462,902,1364,382,12,759,6,0,3007,1336,459,346,47.8,0.14,33.9,33.2
2025,20242025,6,Alabama State,SWAC,36,20,16,1455,68.3,418,101,285,2485,50.9,105.8,927,2290,40.5,607,1312,46.3,320,978,32.7,456,665,68.6,417,886,1303,327,17,662,2,0,2630,1026,588,482,47.5,0.13,32.0,29.0,448,120,183,2483,54.5,105.0,893,2044,43.7,621,1228,50.6,272,816,33.3,549,791,69.4,388,1038,1426,474,31,577,4,0,2607,1056,392,384,50.3,0.19,27.2,38.7
2025,20242025,7,Alcorn State,SWAC,32,11,21,1295,62.8,329,86,211,2039,50.0,102.1,754,1833,41.1,583,1295,45.0,171,538,31.8,402,561,71.7,370,707,1077,415,29,545,7,0,2081,908,421,310,45.8,0.2,34.4,30.6,489,136,215,2029,56.2,113.7,805,1795,44.8,532,986,54.0,273,809,33.7,424,585,72.5,343,747,1090,389,21,503,4,0,2307,966,498,364,52.5,0.19,31.5,32.6
2025,20242025,8,American University,Patriot,35,22,13,1450,62.3,441,66,229,2259,56.2,106.5,840,1893,44.4,541,1034,52.3,299,859,34.8,427,566,75.4,270,787,1057,389,31,626,4,0,2406,966,503,311,52.3,0.17,25.5,29.9,430,97,209,2260,55.2,104.9,852,1863,45.7,636,1211,52.5,216,652,33.1,450,643,70.0,295,834,1129,418,24,548,4,0,2370,1132,455,244,51.5,0.18,26.1,34.5
2025,20242025,9,App State,Sun Belt,31,17,14,1255,57.5,388,114,171,1805,53.9,116.5,738,1690,43.7,498,994,50.1,240,696,34.5,386,593,65.1,303,841,1144,335,15,414,1,0,2102,906,326,184,50.8,0.19,26.5,35.1,347,109,207,1800,48.3,109.4,728,1861,39.1,513,1132,45.3,215,729,29.5,299,407,73.5,340,773,1113,294,14,522,1,0,1970,872,325,188,44.9,0.16,30.5,21.9
2025,20242025,10,Arizona State,Big 12,33,13,20,1355,64.0,424,146,174,2167,55.7,112.8,830,1892,43.9,543,1086,50.0,287,806,35.6,497,685,72.6,289,833,1122,411,15,570,28,0,2444,910,418,382,51.5,0.19,25.8,36.2,479,120,254,2171,55.0,116.7,893,2024,44.1,625,1209,51.7,268,815,32.9,479,635,75.4,362,864,1226,377,19,598,20,0,2533,1102,492,426,50.7,0.17,29.5,31.4
2025,20242025,11,Arizona,Big 12,37,24,13,1510,68.9,598,162,280,2595,58.1,117.6,1076,2268,47.4,810,1481,54.7,266,787,33.8,634,813,78.0,456,1014,1470,421,8,625,11,0,3052,1446,512,509,53.3,0.16,31.0,35.8,495,105,229,2605,52.7,104.1,953,2274,41.9,634,1335,47.5,319,939,34.0,486,678,71.7,392,810,1202,426,23,659,12,0,2711,1060,485,325,48.9,0.16,32.6,29.8
2025,20242025,12,Arkansas,SEC,36,22,14,1470,68.7,510,202,271,2523,56.5,109.6,978,2115,46.2,725,1341,54.1,253,774,32.7,556,752,73.9,343,940,1283,415,8,584,7,0,2765,1258,508,440,52.2,0.16,26.7,35.6,441,98,241,2523,51.6,101.9,916,2208,41.5,647,1350,47.9,269,858,31.4,470,644,73.0,402,878,1280,440,20,626,5,0,2571,1150,442,303,47.6,0.17,31.4,29.2
2025,20242025,13,Arkansas State,Sun Belt,36,25,11,1470,64.4,513,160,264,2371,54.0,120.5,986,2313,42.6,647,1269,51.0,339,1044,32.5,547,752,72.7,481,985,1466,376,25,659,7,0,2858,1218,514,415,50.0,0.16,32.8,32.5,423,131,224,2362,50.5,107.0,873,2156,40.5,649,1414,45.9,224,742,30.2,558,793,70.4,427,934,1361,435,23,600,11,0,2528,1060,401,299,45.7,0.18,31.4,36.8
2025,20242025,14,Arkansas-Pine Bluff,SWAC,31,6,25,1240,67.1,452,66,220,2081,53.5,107.7,834,1838,45.4,609,1142,53.3,225,696,32.3,349,589,59.3,306,745,1051,449,12,588,5,0,2242,1166,408,220,51.5,0.22,29.1,32.0,522,99,283,2078,58.6,125.2,894,1888,47.4,598,1047,57.1,296,841,35.2,518,759,68.2,362,830,1192,385,10,505,6,0,2602,1104,543,321,55.2,0.19,30.4,40.2
2025,20242025,15,Army,Patriot,33,17,16,1380,65.9,466,72,221,2274,53.2,106.2,892,2042,43.7,616,1172,52.6,276,870,31.7,356,523,68.1,336,819,1155,331,19,514,4,0,2416,1118,429,314,50.4,0.15,29.1,25.6,487,103,196,2271,55.8,108.9,910,1986,45.8,626,1154,54.2,284,832,34.1,369,527,70.0,332,896,1228,382,21,511,5,0,2473,1072,343,269,53.0,0.17,27.0,26.5
2025,20242025,16,Auburn,SEC,38,32,6,1535,67.5,613,224,261,2593,58.5,121.6,1116,2344,47.6,773,1388,55.7,343,956,35.9,578,795,72.7,449,974,1423,359,14,703,13,0,3153,1340,577,367,54.9,0.14,31.6,33.9,360,107,232,2591,51.4,101.8,894,2192,40.8,663,1418,46.8,231,774,29.8,619,848,73.0,411,865,1276,458,33,673,7,0,2638,1172,428,351,46.1,0.18,32.2,38.7
2025,20242025,17,Austin Peay,ASUN,33,14,19,1365,57.8,416,87,229,1977,52.9,119.5,836,1980,42.2,556,1170,47.5,280,810,34.6,410,570,71.9,326,759,1085,327,22,589,6,0,2362,1034,470,284,49.3,0.17,30.0,28.8,448,152,187,1965,57.2,125.8,868,1867,46.5,615,1191,51.6,253,676,37.4,483,664,72.7,339,894,1233,390,22,486,3,0,2472,1156,399,329,53.3,0.2,27.5,35.6
2025,20242025,18,BYU,Big 12,36,26,10,1505,64.0,602,106,251,2415,61.5,121.4,1015,2106,48.2,643,1101,58.4,372,1005,37.0,449,632,71.0,392,921,1313,422,22,568,12,1,2931,1192,503,345,57.0,0.17,29.9,30.0,476,94,230,2402,56.4,108.7,885,2048,43.2,543,1094,49.6,342,954,35.8,435,604,72.0,326,783,1109,409,16,595,14,0,2612,888,531,298,51.6,0.17,29.4,29.5
2025,20242025,19,Ball State,MAC,31,14,17,1270,62.8,407,67,154,1995,56.6,117.1,781,1718,45.5,560,1077,52.0,221,641,34.5,553,785,70.4,292,809,1101,363,15,508,10,0,2336,1012,352,230,51.9,0.18,26.5,45.7,433,87,201,1992,54.4,115.5,829,1867,44.4,596,1117,53.4,233,750,31.1,409,564,72.5,298,764,1062,313,19,619,4,0,2300,1012,425,315,50.6,0.16,28.1,30.2
2025,20242025,20,Baylor,Big 12,35,20,15,1465,63.5,504,97,264,2329,55.3,114.4,946,2125,44.5,652,1279,51.0,294,846,34.8,478,640,74.7,454,802,1256,378,24,571,2,0,2664,1180,532,351,51.4,0.16,36.1,30.1,505,135,206,2322,55.0,105.2,853,1938,44.0,570,1140,50.0,283,798,35.5,454,646,70.3,349,788,1137,440,17,584,6,0,2443,986,414,327,51.3,0.19,30.7,33.3
2025,20242025,21,Bellarmine,ASUN,31,5,26,1270,59.5,439,53,197,1896,58.1,118.8,814,1743,46.7,533,967,55.1,281,776,36.2,343,444,77.3,205,703,908,370,36,527,7,0,2252,1032,385,268,54.8,0.2,22.6,25.5,469,69,211,1884,60.8,131.8,857,1781,48.1,538,954,56.4,319,827,38.6,451,597,75.5,283,763,1046,320,18,461,3,0,2484,988,455,282,57.1,0.17,27.1,33.5
2025,20242025,22,Belmont,MVC,33,22,11,1335,65.5,568,104,229,2185,57.8,119.8,945,2033,46.5,598,1128,53.0,347,905,38.3,381,530,71.9,317,825,1142,371,16,515,0,0,2618,1070,461,280,55.0,0.17,27.8,26.1,505,112,231,2190,56.5,115.5,917,1997,45.9,617,1132,54.5,300,865,34.7,395,544,72.6,337,848,1185,409,17,517,4,0,2529,1132,413,209,53.4,0.19,28.4,27.2
2025,20242025,23,Bethune-Cookman,SWAC,33,17,16,1320,68.8,423,119,220,2276,52.3,99.5,800,1870,42.8,598,1236,48.4,202,634,31.9,463,671,69.0,334,841,1175,448,28,531,22,0,2265,998,410,365,48.2,0.2,28.4,35.9,450,124,251,2268,53.0,105.0,846,1968,43.0,619,1242,49.8,227,726,31.3,462,637,72.5,361,824,1185,384,20,582,16,0,2381,1092,503,423,48.8,0.17,30.5,32.4
2025,20242025,24,Binghamton,Am. East,32,15,17,1325,62.6,415,95,153,2070,56.1,107.9,800,1735,46.1,573,1102,52.0,227,633,35.9,404,583,69.3,284,864,1148,430,20,525,4,0,2233,1086,332,239,52.7,0.21,24.7,33.6,364,124,254,2080,52.8,110.0,808,1895,42.6,578,1149,50.3,230,746,30.8,438,613,71.5,308,745,1053,289,12,517,6,0,2287,1020,511,352,48.7,0.14,29.2,32.3
2025,20242025,25,Boise State,Mountain West,37,27,10,1495,64.7,541,99,207,2410,58.4,116.8,959,2064,46.5,679,1197,56.7,280,867,32.3,614,788,77.9,389,954,1343,406,38,591,2,0,2814,1262,461,282,53.2,0.17,29.0,38.2,397,111,191,2423,53.2,101.8,890,2045,43.5,628,1279,49.1,262,766,34.2,425,618,68.8,275,783,1058,404,22,673,1,0,2467,1068,411,277,49.9,0.17,26.0,30.2
2025,20242025,26,Boston College,ACC,31,12,19,1315,64.1,355,121,162,2107,52.9,103.6,783,1811,43.2,577,1214,47.5,206,597,34.5,410,570,71.9,318,747,1065,368,18,572,5,0,2182,974,342,190,48.9,0.17,29.9,31.5,397,97,200,2107,56.0,111.5,821,1802,45.6,593,1155,51.3,228,647,35.2,479,668,71.7,320,785,1105,330,10,519,6,0,2349,1048,419,224,51.9,0.16,29.0,37.1
2025,20242025,27,Boston University,Patriot,32,16,16,1330,61.9,381,84,193,2059,53.9,104.3,768,1752,43.8,518,1012,51.2,250,740,33.8,362,546,66.3,349,776,1125,423,24,516,4,0,2148,894,339,168,51.0,0.21,31.0,31.2,408,94,235,2055,56.3,106.6,766,1707,44.9,514,1011,50.8,252,696,36.2,407,544,74.8,234,715,949,349,18,516,4,0,2191,854,456,262,52.3,0.17,24.7,31.9
2025,20242025,28,Bowling Green,MAC,32,14,18,1280,67.5,338,94,215,2160,58.8,108.9,773,1740,44.4,533,1045,51.0,240,695,34.5,437,588,74.3,280,747,1027,369,24,529,5,0,2352,952,393,314,51.3,0.17,27.3,33.8,422,123,193,2162,59.7,109.4,785,1748,44.9,539,987,54.6,246,761,32.3,413,531,77.8,277,760,1037,372,12,505,5,0,2366,920,431,271,51.9,0.17,26.7,30.4
2025,20242025,29,Bradley,MVC,37,28,9,1530,64.8,534,140,243,2481,60.3,113.8,993,2056,48.3,640,1169,54.7,353,887,39.8,484,648,74.7,305,967,1272,427,17,619,6,0,2823,1042,506,353,56.9,0.17,24.0,31.5,441,83,258,2476,52.0,102.4,856,2113,40.5,568,1214,46.8,288,899,32.0,535,734,72.9,378,845,1223,412,23,633,3,0,2535,1008,461,290,47.3,0.17,30.9,34.7
2025,20242025,30,Brown,Ivy,27,14,13,1115,63.2,396,142,159,1763,53.9,110.6,723,1611,44.9,502,953,52.7,221,658,33.6,283,448,63.2,295,683,978,313,16,426,3,0,1950,900,289,293,51.7,0.18,30.2,27.8,323,98,185,1761,52.7,109.8,698,1625,43.0,497,1015,49.0,201,610,33.0,336,475,70.7,300,664,964,294,20,387,2,0,1933,832,360,188,49.1,0.17,31.1,29.2
2025,20242025,31,Bryant,Am. East,35,23,12,1415,70.1,496,203,224,2479,56.8,115.4,1013,2231,45.4,749,1440,52.0,264,791,33.4,465,653,71.2,450,937,1387,402,12,546,26,0,2860,1346,469,382,51.3,0.16,32.4,29.3,397,82,222,2481,52.8,104.7,912,2178,41.9,661,1402,47.1,251,776,32.3,460,643,71.5,390,864,1254,410,20,583,16,0,2598,1132,419,356,47.6,0.17,31.1,29.5
2025,20242025,32,Bucknell,Patriot,33,18,15,1470,60.5,448,106,219,2219,56.8,110.1,862,1850,46.6,594,1091,54.4,268,759,35.3,451,679,66.4,281,836,1117,433,27,588,3,0,2443,1120,419,226,53.8,0.2,25.2,36.7,423,102,253,2230,54.0,108.3,836,1934,43.2,563,1148,49.0,273,786,34.7,469,684,68.6,325,800,1125,395,24,605,6,0,2414,934,486,197,50.3,0.18,28.9,35.4
2025,20242025,33,Buffalo,MAC,31,9,22,1240,70.5,419,109,209,2187,53.2,101.8,776,1821,42.6,533,1020,52.3,243,801,30.3,431,616,70.0,286,783,1069,451,11,516,3,0,2226,1024,373,384,49.3,0.21,26.8,33.8,489,102,271,2181,57.0,115.0,916,1947,47.0,657,1238,53.1,259,709,36.5,417,578,72.1,344,855,1199,389,18,534,9,0,2508,1162,524,420,53.7,0.18,28.7,29.7
2025,20242025,34,Butler,Big East,35,15,20,1415,64.6,487,94,140,2278,57.9,114.8,894,1944,46.0,595,1136,52.4,299,808,37.0,529,715,74.0,296,924,1220,384,19,477,2,0,2616,1038,299,196,53.7,0.17,24.3,36.8,483,115,236,2292,53.2,114.3,995,2252,44.2,729,1416,51.5,266,836,31.8,362,480,75.4,376,838,1214,271,10,625,2,0,2620,1282,443,344,50.1,0.12,31.0,21.3
2025,20242025,35,Cal Poly,Big West,35,16,19,1460,72.6,535,75,275,2648,58.8,108.5,1011,2187,46.2,608,1073,56.7,403,1114,36.2,448,585,76.6,352,869,1221,550,12,631,12,0,2873,1140,563,528,55.4,0.21,28.8,26.7,514,107,319,2649,56.8,109.5,1029,2242,45.9,725,1347,53.8,304,895,34.0,539,712,75.7,421,903,1324,501,30,593,7,0,2901,1226,619,441,52.7,0.19,31.8,31.8
2025,20242025,36,Cal State Bakersfield,Big West,33,14,19,1350,64.0,333,92,225,2156,54.4,112.9,851,1944,43.8,633,1371,46.2,218,573,38.0,514,666,77.2,423,750,1173,416,28,671,11,0,2434,872,486,295,49.4,0.19,36.1,34.3,416,104,182,2161,58.0,112.4,798,1750,45.6,548,1023,53.6,250,727,34.4,584,782,74.7,309,731,1040,430,15,617,8,0,2430,944,465,326,52.7,0.2,29.7,44.7
2025,20242025,37,Cal State Fullerton,Big West,32,6,26,1280,68.0,288,62,170,2181,50.6,92.8,683,1701,40.2,527,1126,46.8,156,575,27.1,502,677,74.2,302,761,1063,473,15,569,9,0,2024,922,364,313,44.7,0.22,28.4,39.8,477,105,268,2173,57.7,113.9,856,1869,45.8,560,1024,54.7,296,845,35.0,467,627,74.5,321,808,1129,364,22,605,9,0,2475,960,540,387,53.7,0.17,28.4,33.5
2025,20242025,38,Cal State Northridge,Big West,33,22,11,1335,71.9,538,95,251,2397,56.3,110.6,952,2035,46.8,733,1401,52.3,219,634,34.5,527,727,72.5,422,900,1322,452,13,679,12,0,2650,1290,590,411,52.2,0.19,31.9,35.7,455,108,255,2400,55.3,100.3,740,1830,40.4,417,909,45.9,323,921,35.1,603,788,76.5,278,767,1045,487,32,632,15,0,2406,684,470,388,49.3,0.2,26.6,43.1
2025,20242025,39,California Baptist,WAC,32,17,15,1315,61.4,373,86,212,2017,52.6,113.0,818,1915,42.7,605,1244,48.6,213,671,31.7,431,569,75.7,384,768,1152,386,18,552,0,0,2280,1114,424,211,48.3,0.19,33.3,29.7,324,113,204,2023,53.7,110.8,818,1820,44.9,629,1250,50.3,189,570,33.2,416,608,68.4,323,769,1092,395,19,536,8,0,2241,1096,421,236,50.1,0.2,29.6,33.4
2025,20242025,40,California,ACC,33,14,19,1400,65.6,346,122,208,2296,53.2,108.6,838,2002,41.9,600,1246,48.2,238,756,31.5,580,778,74.6,443,795,1238,383,15,545,9,0,2494,1066,458,293,47.8,0.17,35.8,38.9,390,129,221,2294,56.9,110.5,911,1945,46.8,671,1307,51.3,240,638,37.6,472,637,74.1,322,832,1154,375,7,635,5,0,2534,1080,462,277,53.0,0.16,27.9,32.8
2025,20242025,41,Campbell,CAA,32,15,17,1295,63.0,430,98,220,2042,54.9,110.0,792,1804,43.9,552,1059,52.1,240,745,32.2,422,547,77.1,264,752,1016,335,20,516,7,0,2246,1010,501,299,50.6,0.16,26.0,30.3,425,103,198,2037,54.4,106.5,803,1758,45.7,604,1110,54.4,199,648,30.7,364,533,68.3,291,810,1101,417,32,528,8,0,2169,1090,339,237,51.3,0.2,26.4,30.3
2025,20242025,42,Canisius,MAAC,31,3,28,1240,65.6,348,75,191,2033,54.4,98.8,729,1673,43.6,475,981,48.4,254,692,36.7,296,390,75.9,180,622,802,380,43,495,3,0,2008,768,336,269,51.2,0.19,22.4,23.3,517,97,191,2032,60.5,119.9,876,1770,49.5,614,1046,58.7,262,724,36.2,423,556,76.1,325,802,1127,337,19,389,7,0,2437,1094,442,301,56.9,0.17,28.8,31.4
2025,20242025,43,Central Arkansas,ASUN,33,9,24,1390,65.2,453,78,242,2268,51.7,102.2,817,1995,41.0,534,1033,51.7,283,962,29.4,401,558,71.9,368,812,1180,408,21,448,3,0,2318,936,387,219,48.0,0.18,31.2,28.0,562,122,253,2265,58.2,113.8,928,2021,45.9,524,969,54.1,404,1052,38.4,318,440,72.3,330,885,1215,386,26,492,7,0,2578,950,504,370,55.9,0.17,27.2,21.8
2025,20242025,44,Central Connecticut,NEC,32,25,7,1295,65.4,456,134,242,2118,56.9,109.2,870,1827,47.6,644,1173,54.9,226,654,34.6,346,466,74.2,273,864,1137,361,27,360,8,0,2312,1082,473,328,53.8,0.17,24.0,25.5,397,69,198,2119,49.7,95.0,770,1871,41.2,531,1096,48.4,239,775,30.8,233,344,67.7,290,737,1027,393,25,423,5,0,2012,910,345,202,47.5,0.19,28.2,18.4
2025,20242025,45,Central Michigan,MAC,31,14,17,1260,65.9,420,90,228,2076,55.9,112.8,835,1807,46.2,637,1197,53.2,198,610,32.5,473,655,72.2,331,789,1120,380,18,514,8,0,2341,1138,464,383,51.7,0.18,29.6,36.2,424,99,199,2073,54.2,107.9,792,1821,43.5,525,1029,51.0,267,792,33.7,386,551,70.1,307,700,1007,406,18,565,5,0,2237,906,401,298,50.8,0.2,30.5,30.3
2025,20242025,46,Charleston,CAA,33,24,9,1370,65.8,525,76,214,2253,56.3,113.1,892,1962,45.5,616,1180,52.2,276,782,35.3,489,683,71.6,307,882,1189,377,19,513,2,0,2549,1110,443,339,52.5,0.17,25.8,34.8,481,118,221,2252,53.3,108.2,895,2050,43.7,631,1229,51.3,264,821,32.2,383,536,71.5,338,845,1183,384,25,562,6,0,2437,1118,389,300,50.1,0.17,28.6,26.1
2025,20242025,47,Charleston Southern,Big South,32,10,22,1305,64.3,367,88,151,2098,53.3,110.0,769,1808,42.5,536,1041,51.5,233,767,30.4,536,810,66.2,376,811,1187,433,13,559,5,0,2307,1010,321,262,49.0,0.21,31.7,44.8,395,109,234,2097,56.2,119.4,940,1955,48.1,751,1388,54.1,189,567,33.3,434,622,69.8,302,798,1100,310,17,636,6,0,2503,1212,479,339,52.9,0.15,27.5,31.8
2025,20242025,48,Charlotte,American,33,11,22,1375,61.6,404,73,168,2116,54.2,110.0,761,1808,42.1,530,1063,49.9,231,745,31.0,575,768,74.9,291,745,1036,329,20,575,9,0,2328,976,317,240,48.5,0.16,28.1,42.5,409,116,180,2118,57.2,116.1,890,1848,48.2,679,1209,56.2,211,639,33.0,469,685,68.5,302,841,1143,319,17,630,7,0,2460,1186,408,297,53.9,0.15,26.4,37.1
2025,20242025,49,Chattanooga,SoCon,38,28,10,1605,64.3,647,112,258,2573,59.8,117.5,1065,2228,47.8,693,1193,58.1,372,1035,35.9,521,677,77.0,309,948,1257,383,28,612,2,0,3023,1248,507,333,56.1,0.15,24.6,30.4,482,101,219,2588,54.6,107.4,979,2223,44.0,666,1324,50.3,313,899,34.8,508,733,69.3,374,898,1272,423,24,619,2,0,2779,1138,431,275,51.1,0.16,29.4,33.0
2025,20242025,50,Chicago State,NEC,32,4,28,1310,67.3,344,114,235,2213,48.2,90.4,709,1858,38.2,477,1099,43.4,232,759,30.6,351,498,70.5,273,708,981,412,23,609,14,0,2001,784,416,282,44.4,0.19,27.8,26.8,508,98,220,2198,58.7,114.6,883,1846,47.8,623,1119,55.7,260,727,35.8,492,682,72.1,359,936,1295,404,23,461,11,0,2518,1122,484,369,54.9,0.18,27.7,36.9
2025,20242025,51,Cincinnati,Big 12,35,19,16,1400,64.0,485,145,265,2234,53.3,111.5,951,2120,44.9,688,1309,52.6,263,811,32.4,326,490,66.5,395,823,1218,361,22,497,5,0,2491,1138,519,347,51.1,0.16,32.4,23.1,418,103,207,2243,52.4,103.3,858,1993,43.1,630,1303,48.3,228,690,33.0,374,496,75.4,344,832,1176,457,20,495,9,0,2318,1048,383,218,48.8,0.2,29.3,24.9
2025,20242025,52,Clemson,ACC,34,27,7,1430,60.9,484,119,252,2176,57.1,118.8,930,2012,46.2,642,1231,52.2,288,781,36.9,438,570,76.8,383,819,1202,358,15,518,1,0,2586,1120,525,242,53.4,0.16,31.9,28.3,358,103,210,2177,52.0,102.7,819,1915,42.8,587,1187,49.5,232,728,31.9,366,533,68.7,358,752,1110,452,35,553,0,0,2236,978,387,180,48.8,0.21,32.3,27.8
2025,20242025,53,Cleveland State,Horizon,36,23,13,1455,63.7,490,166,311,2321,54.4,113.4,965,2136,45.2,734,1444,50.8,231,692,33.4,470,644,73.0,436,792,1228,417,25,641,7,0,2631,1244,631,343,50.6,0.18,35.5,30.1,452,134,230,2312,54.1,103.6,816,1896,43.0,557,1150,48.4,259,746,34.7,504,725,69.5,387,800,1187,546,27,574,7,0,2395,1022,411,334,49.9,0.24,32.6,38.2
2025,20242025,54,Coastal Carolina,Sun Belt,32,10,22,1295,63.6,367,53,105,2057,53.7,103.8,740,1728,42.8,501,1039,48.2,239,689,34.7,417,594,70.2,321,850,1171,382,47,567,9,0,2136,870,231,155,49.7,0.19,27.4,34.4,334,111,219,2063,52.8,110.3,783,1855,42.2,570,1180,48.3,213,675,31.6,496,677,73.3,331,771,1102,224,2,553,8,0,2275,814,444,310,48.0,0.11,30.0,36.5
2025,20242025,55,Colgate,Patriot,33,14,19,1340,64.3,467,80,211,2151,57.0,110.6,888,1897,46.8,601,1091,55.1,287,806,35.6,316,433,73.0,255,808,1063,372,16,492,7,0,2379,1002,409,290,54.4,0.17,24.0,22.8,468,99,221,2154,55.8,110.9,876,1920,45.6,593,1162,51.0,283,758,37.3,353,499,70.7,287,810,1097,364,19,442,4,0,2388,1010,415,289,53.0,0.17,26.2,26.0
2025,20242025,56,Colorado,Big 12,35,14,21,1420,67.0,494,135,244,2377,55.1,102.7,849,1912,44.4,620,1198,51.8,229,714,32.1,514,685,75.0,334,893,1227,504,22,580,2,0,2441,1092,395,364,50.4,0.21,27.2,35.8,440,119,297,2379,53.9,105.7,876,2028,43.2,603,1228,49.1,273,800,34.1,490,698,70.2,352,808,1160,390,13,641,7,0,2515,1070,537,391,49.9,0.16,30.3,34.4
2025,20242025,57,Colorado State,Mountain West,36,26,10,1485,64.5,594,99,185,2390,59.5,113.3,953,1996,47.7,643,1141,56.4,310,855,36.3,489,631,77.5,302,955,1257,414,17,620,2,0,2707,1086,483,280,55.5,0.17,24.0,31.6,398,97,221,2402,52.2,100.9,854,2025,42.2,599,1256,47.7,255,769,33.2,460,672,68.5,332,815,1147,403,25,625,6,0,2423,996,441,250,48.5,0.17,28.9,33.2
2025,20242025,58,Columbia,Ivy,27,12,15,1080,70.8,470,57,210,1911,56.7,110.8,771,1655,46.6,549,996,55.1,222,659,33.7,353,480,73.5,259,681,940,295,10,415,3,0,2117,996,387,331,53.3,0.15,27.6,29.0,493,98,167,1912,57.5,110.3,774,1655,46.8,510,962,53.0,264,693,38.1,297,405,73.3,245,685,930,324,14,432,5,0,2109,858,361,280,54.7,0.17,26.3,24.5
2025,20242025,59,Coppin State,MEAC,30,6,24,1215,65.9,336,57,244,2000,49.0,93.4,653,1644,39.7,498,1116,44.6,155,528,29.4,406,596,68.1,290,629,919,447,24,522,6,0,1867,850,460,314,44.4,0.22,31.6,36.3,462,142,240,2001,59.0,114.5,808,1670,48.4,576,1026,56.1,232,644,36.0,444,620,71.6,312,802,1114,434,19,497,4,0,2292,982,509,369,55.3,0.22,28.0,37.1
2025,20242025,60,Cornell,Ivy,29,18,11,1160,71.2,550,94,183,2062,62.2,119.6,886,1769,50.1,561,905,62.0,325,864,37.6,370,490,75.5,258,756,1014,346,17,473,2,0,2467,1072,391,415,59.3,0.17,25.4,27.7,434,57,191,2069,54.8,108.7,813,1810,44.9,573,1106,51.8,240,704,34.1,382,551,69.3,305,679,984,328,13,476,4,0,2248,1008,402,314,51.5,0.16,31.0,30.4
2025,20242025,61,Creighton,Big East,36,25,11,1460,66.9,615,161,130,2435,59.1,111.6,974,2041,47.7,630,1043,60.4,344,998,34.5,425,584,72.8,303,1043,1346,440,28,400,2,0,2717,1154,334,337,56.1,0.18,22.5,28.6,419,114,284,2451,49.6,102.9,979,2364,41.4,707,1530,46.2,272,834,32.6,291,406,71.7,390,844,1234,285,20,573,5,0,2521,1154,493,276,47.2,0.12,31.6,17.2
2025,20242025,62,Dartmouth,Ivy,28,14,14,1135,70.3,441,83,144,1995,55.9,108.6,748,1710,43.7,464,904,51.3,284,806,35.2,386,520,74.2,250,812,1062,322,17,417,7,0,2166,846,339,272,52.0,0.16,23.5,30.4,385,80,193,1995,51.2,100.9,766,1785,42.9,566,1109,51.0,200,676,29.6,281,410,68.5,257,763,1020,292,15,483,6,0,2013,1014,335,197,48.5,0.15,25.2,23.0
2025,20242025,63,Davidson,A-10,33,17,16,1320,65.8,491,76,188,2174,56.1,110.1,859,1891,45.4,593,1105,53.7,266,786,33.8,409,548,74.6,267,828,1095,318,19,488,8,0,2393,1080,409,225,52.5,0.15,24.4,29.0,419,95,189,2166,55.0,107.8,849,1889,44.9,579,1125,51.5,270,764,35.3,366,525,69.7,296,820,1116,349,16,526,8,0,2334,1042,381,242,52.1,0.16,26.5,27.8
2025,20242025,64,Dayton,A-10,34,23,11,1410,61.9,518,118,240,2177,57.6,117.8,874,1910,45.8,591,1126,52.5,283,784,36.1,533,718,74.2,330,827,1157,354,14,536,7,0,2564,1074,448,415,53.2,0.16,28.5,37.6,430,115,209,2185,54.8,110.2,847,1935,43.8,576,1109,51.9,271,826,32.8,443,594,74.6,334,783,1117,403,27,611,8,0,2408,1012,385,307,50.8,0.18,29.9,30.7
2025,20242025,65,DePaul,Big East,34,14,20,1440,62.7,524,124,208,2255,55.5,109.2,881,1976,44.6,567,1064,53.3,314,912,34.4,387,549,70.5,311,859,1170,426,26,555,2,0,2463,1018,397,289,52.5,0.19,26.6,27.8,505,108,251,2259,54.7,112.1,934,2056,45.4,682,1329,51.3,252,727,34.7,412,587,70.2,346,845,1191,365,12,500,8,0,2532,1182,482,374,51.6,0.16,29.1,28.6
2025,20242025,66,Delaware,CAA,36,16,20,1440,67.7,510,108,230,2436,59.0,114.1,988,2081,47.5,672,1232,54.5,316,849,37.2,488,624,78.2,267,884,1151,426,24,597,5,0,2780,1202,461,442,55.1,0.17,23.2,30.0,456,120,219,2439,55.5,114.9,1008,2214,45.5,741,1454,51.0,267,760,35.1,520,704,73.9,412,895,1307,395,17,566,6,0,2803,1282,491,330,51.6,0.16,31.5,31.8
2025,20242025,67,Delaware State,MEAC,30,16,14,1230,65.1,419,78,259,2005,54.4,117.7,871,1889,46.1,716,1469,48.7,155,420,36.9,463,640,72.3,399,723,1122,379,12,546,11,0,2360,1102,523,414,50.2,0.19,35.6,33.9,434,90,193,1996,55.3,111.7,769,1724,44.6,551,1035,53.2,218,689,31.6,473,659,71.8,315,703,1018,447,20,538,10,0,2229,948,433,336,50.9,0.22,30.9,38.2
2025,20242025,68,Denver,Summit,32,11,21,1330,66.0,365,81,217,2193,55.4,105.6,820,1825,44.9,588,1156,50.9,232,669,34.7,444,600,74.0,279,704,983,404,22,718,10,0,2316,920,452,293,51.3,0.18,28.4,32.9,395,84,208,2197,59.5,113.0,818,1709,47.9,596,1072,55.6,222,637,34.9,625,859,72.8,298,792,1090,413,9,571,12,0,2483,1112,474,342,54.4,0.19,27.3,50.3
2025,20242025,69,Detroit Mercy,Horizon,32,8,24,1340,58.8,347,79,185,1971,50.2,108.9,781,1897,41.2,601,1351,44.5,180,546,33.0,404,550,73.5,378,819,1197,415,16,605,8,0,2146,886,349,248,45.9,0.21,31.6,29.0,473,115,232,1970,55.4,123.2,807,1868,43.2,518,990,52.3,289,878,32.9,525,732,71.7,346,795,1141,341,20,519,6,1,2428,952,516,401,50.9,0.17,30.3,39.2
2025,20242025,70,Drake,MVC,35,31,4,1475,50.7,474,85,312,1867,58.8,130.9,845,1753,48.2,613,1111,55.2,232,642,36.1,520,741,70.2,353,721,1074,387,54,552,4,0,2444,1116,569,209,54.8,0.21,32.9,42.3,347,81,182,1873,54.6,110.1,723,1635,44.2,531,1005,52.8,192,630,30.5,424,577,73.5,243,644,887,476,26,600,5,0,2062,964,360,173,50.1,0.25,27.4,35.3
2025,20242025,71,Drexel,CAA,33,18,15,1375,60.2,430,150,161,2071,55.2,112.1,870,1898,45.8,616,1192,51.7,254,706,36.0,328,469,69.9,364,850,1214,402,31,486,4,0,2322,1070,335,199,52.5,0.19,30.0,24.7,391,97,233,2065,50.6,106.9,808,1944,41.6,593,1253,47.3,215,691,31.1,376,542,69.4,358,723,1081,313,20,474,2,0,2207,992,413,305,47.1,0.15,33.1,27.9
2025,20242025,72,Duke,ACC,39,35,4,1560,65.7,661,153,262,2562,61.9,126.7,1129,2289,49.3,735,1269,57.9,394,1020,38.6,594,752,79.0,415,1073,1488,364,14,618,4,0,3246,1334,593,440,57.9,0.14,27.9,32.9,443,119,207,2565,48.2,95.4,879,2287,38.4,606,1410,43.0,273,877,31.1,417,572,72.9,402,805,1207,443,37,647,8,0,2448,980,377,224,44.4,0.17,33.3,25.0
2025,20242025,73,Duquesne,A-10,32,13,19,1310,63.7,442,136,227,2087,53.2,106.0,795,1838,43.3,527,1052,50.1,268,786,34.1,354,544,65.1,374,717,1091,387,17,564,9,0,2212,952,460,364,50.5,0.19,34.3,29.6,390,103,212,2087,54.6,103.3,730,1684,43.3,512,1077,47.5,218,607,35.9,477,659,72.4,315,750,1065,430,27,521,7,0,2155,908,411,337,49.8,0.21,29.6,39.1
2025,20242025,74,East Carolina,American,33,19,14,1385,63.1,438,149,249,2187,53.6,114.4,879,2015,43.6,657,1312,50.1,222,703,31.6,522,725,72.0,426,801,1227,359,16,516,3,0,2502,1132,449,453,49.1,0.16,34.7,36.0,481,113,204,2180,54.8,111.7,863,1953,44.2,603,1266,47.6,260,687,37.8,448,609,73.6,353,794,1147,393,22,571,8,0,2434,1038,411,351,50.8,0.18,30.8,31.2
2025,20242025,75,East Tennessee State,SoCon,32,19,13,1280,61.3,415,121,257,1957,53.6,117.6,815,1881,43.3,544,1101,49.4,271,780,34.7,400,605,66.1,404,782,1186,347,28,523,3,0,2301,944,444,328,50.5,0.18,34.1,32.2,375,105,192,1965,52.7,108.3,750,1764,42.5,509,1047,48.6,241,717,33.6,387,577,67.1,322,744,1066,408,16,517,3,0,2128,856,396,258,49.3,0.21,30.2,32.7
2025,20242025,76,East Texas A&M,Southland,31,5,26,1255,67.0,439,121,260,2103,51.8,94.9,713,1714,41.6,453,886,51.1,260,828,31.4,309,480,64.4,304,644,948,475,22,520,4,0,1995,848,482,324,49.2,0.23,32.1,28.0,491,119,286,2100,57.3,110.5,827,1746,47.4,601,1142,52.6,226,604,37.4,441,637,69.2,361,778,1139,420,16,479,4,0,2321,1118,565,370,53.8,0.2,31.7,36.5
2025,20242025,77,Eastern Illinois,OVC,31,12,19,1270,50.7,350,85,278,1613,49.8,127.8,742,1801,41.2,576,1281,45.0,166,520,31.9,412,608,67.8,358,736,1094,385,26,577,2,0,2062,930,487,295,45.8,0.24,32.7,33.8,438,139,191,1608,54.5,133.1,714,1680,42.5,457,939,48.7,257,741,34.7,455,642,70.9,325,800,1125,463,24,520,2,0,2140,796,386,250,50.1,0.29,28.9,38.2
2025,20242025,78,Eastern Kentucky,ASUN,32,18,14,1330,64.2,417,112,276,2132,53.5,116.8,883,2081,42.4,577,1197,48.2,306,884,34.6,419,559,75.0,431,752,1183,315,19,536,2,0,2491,900,490,330,49.8,0.15,36.4,26.9,430,104,185,2136,55.6,112.7,870,1902,45.7,622,1204,51.7,248,698,35.5,420,596,70.5,365,832,1197,416,21,500,6,0,2408,1098,333,312,52.3,0.19,30.5,31.3
2025,20242025,79,Eastern Michigan,MAC,32,16,16,1310,66.7,400,109,223,2184,56.6,107.8,833,1812,46.0,592,1122,52.8,241,690,34.9,448,608,73.7,321,722,1043,416,19,578,6,0,2355,1038,438,360,52.6,0.19,30.8,33.6,419,96,236,2182,57.6,112.2,838,1823,46.0,575,1112,51.7,263,711,37.0,510,685,74.5,331,746,1077,395,15,585,3,0,2449,1010,466,321,53.2,0.18,30.7,37.6
2025,20242025,80,Eastern Washington,Big Sky,32,10,22,1280,65.4,437,100,241,2092,56.1,109.1,818,1792,45.6,602,1128,53.4,216,664,32.5,431,554,77.8,273,690,963,401,15,583,13,0,2283,1058,460,298,51.7,0.19,28.3,30.9,451,85,248,2092,57.9,115.4,835,1787,46.7,586,1106,53.0,249,681,36.6,496,676,73.4,332,739,1071,419,20,534,4,0,2415,1076,419,328,53.7,0.2,31.0,37.8
2025,20242025,81,Elon,CAA,33,17,16,1335,62.9,404,137,170,2096,56.1,116.1,821,1857,44.2,562,1072,52.4,259,785,33.0,532,710,74.9,417,897,1314,413,28,447,4,0,2433,978,373,301,51.2,0.2,31.7,38.2,467,87,247,2102,50.8,110.1,832,2058,40.4,543,1170,46.4,289,888,32.5,362,506,71.5,396,691,1087,296,25,586,8,0,2315,920,468,322,47.4,0.14,36.4,24.6
2025,20242025,82,Evansville,MVC,32,11,21,1280,66.6,403,140,192,2129,53.0,99.2,761,1759,43.3,543,1040,52.2,218,719,30.3,373,535,69.7,245,809,1054,377,17,527,8,0,2113,956,356,284,49.5,0.18,23.2,30.4,414,77,235,2131,54.0,106.2,767,1824,42.1,495,1014,48.8,272,810,33.6,457,621,73.6,325,828,1153,355,19,505,7,0,2263,850,421,293,49.5,0.17,28.2,34.0
2025,20242025,83,Fairfield,MAAC,32,12,20,1295,65.5,404,96,218,2123,50.4,101.8,784,1925,40.7,554,1196,46.3,230,729,31.6,363,500,72.6,351,702,1053,331,17,522,9,0,2161,914,433,342,46.7,0.16,33.3,26.0,438,115,191,2120,57.1,109.6,835,1796,46.5,599,1138,52.6,236,658,35.9,418,545,76.7,313,851,1164,397,20,495,9,0,2324,1064,352,291,53.1,0.19,26.9,30.3
2025,20242025,84,Fairleigh Dickinson,NEC,33,13,20,1370,65.0,449,89,229,2228,54.5,109.1,849,1946,43.6,574,1127,50.9,275,819,33.6,458,644,71.1,319,793,1112,386,22,532,3,0,2431,1072,464,289,50.7,0.17,28.7,33.1,439,100,221,2225,53.7,108.5,877,1989,44.1,657,1259,52.2,220,730,30.1,441,587,75.1,368,857,1225,419,25,551,3,0,2415,1120,457,294,49.6,0.19,30.0,29.5
2025,20242025,85,Florida A&M,SWAC,31,14,17,1240,68.3,384,100,159,2120,57.9,105.4,740,1667,44.4,469,894,52.5,271,773,35.1,425,596,71.3,287,742,1029,411,18,534,10,0,2235,846,365,316,52.5,0.19,27.9,35.8,351,86,224,2114,56.9,110.4,769,1749,44.0,558,1120,49.8,211,629,33.5,480,685,70.1,332,710,1042,340,20,491,8,0,2334,986,487,368,50.0,0.16,31.9,39.2
2025,20242025,86,Florida Atlantic,American,34,18,16,1395,66.0,548,147,213,2304,56.8,116.2,954,2059,46.3,658,1219,54.0,296,840,35.2,473,679,69.7,378,877,1255,389,5,587,9,0,2677,1210,481,380,53.5,0.17,30.1,33.0,460,105,253,2300,54.2,111.7,895,2067,43.3,622,1329,46.8,273,738,37.0,506,689,73.4,388,834,1222,395,25,581,6,0,2569,1084,444,364,49.9,0.17,31.8,33.3
2025,20242025,87,Florida,SEC,40,36,4,1600,68.1,619,179,296,2719,58.6,124.7,1182,2510,47.1,792,1413,56.1,390,1097,35.6,637,875,72.8,549,1124,1673,444,20,684,3,0,3391,1464,588,615,54.9,0.16,32.8,34.9,441,123,261,2725,49.9,102.2,976,2441,40.0,709,1532,46.3,267,909,29.4,565,794,71.2,460,876,1336,469,26,705,4,0,2784,1246,439,319,45.5,0.17,34.4,32.5
2025,20242025,88,Florida Gulf Coast,ASUN,34,19,15,1360,61.2,476,78,188,2081,56.0,117.9,934,1990,46.9,664,1225,54.2,270,765,35.3,316,461,68.5,337,871,1208,360,17,506,3,0,2454,1198,400,286,53.7,0.17,27.9,23.2,413,105,209,2080,53.8,113.9,830,1951,42.5,533,1106,48.2,297,845,35.1,413,574,72.0,313,776,1089,319,26,460,2,0,2370,958,416,276,50.2,0.15,28.7,29.4
2025,20242025,89,Florida International,CUSA,33,10,23,1370,63.2,403,153,297,2163,51.3,105.6,821,1932,42.5,653,1347,48.5,168,585,28.7,475,672,70.7,377,781,1158,451,15,560,6,0,2285,1172,536,363,46.8,0.21,32.6,34.8,466,107,267,2164,55.2,110.0,823,1858,44.3,579,1127,51.4,244,731,33.4,490,676,72.5,326,819,1145,486,37,577,2,0,2380,1018,489,321,50.9,0.22,28.5,36.4
2025,20242025,90,Florida State,ACC,32,17,15,1295,66.5,417,152,243,2152,55.3,110.7,834,1838,45.4,638,1219,52.3,196,619,31.7,519,724,71.7,326,781,1107,393,5,611,17,0,2383,1084,451,338,50.7,0.18,29.4,39.4,395,86,198,2151,53.4,107.8,779,1864,41.8,528,1079,48.9,251,785,32.0,510,699,73.0,364,772,1136,431,14,608,8,0,2319,936,416,240,48.5,0.2,32.0,37.5
2025,20242025,91,Fordham,A-10,33,12,21,1345,67.0,452,115,249,2257,53.3,108.6,850,2008,42.3,578,1172,49.3,272,836,32.5,480,668,71.9,401,798,1199,434,22,618,6,0,2452,1040,476,411,49.1,0.19,33.4,33.3,447,120,241,2252,56.7,114.3,911,1942,46.9,694,1320,52.6,217,622,34.9,534,746,71.6,346,852,1198,396,17,578,9,0,2573,1246,450,363,52.5,0.18,28.9,38.4
2025,20242025,92,Fresno State,Mountain West,32,6,26,1365,63.3,344,103,242,2168,50.6,104.3,782,1927,40.6,569,1247,45.6,213,680,31.3,485,701,69.2,331,770,1101,412,19,494,7,0,2262,1070,450,328,46.1,0.19,30.1,36.4,555,132,216,2154,56.6,119.9,964,2068,46.6,660,1178,56.0,304,890,34.2,350,485,72.2,398,910,1308,418,21,586,9,0,2582,1196,494,353,54.0,0.19,30.4,23.5
2025,20242025,93,Furman,SoCon,35,25,10,1445,63.4,593,114,229,2288,58.1,118.1,927,2024,45.8,547,987,55.4,380,1037,36.6,468,681,68.7,368,902,1270,391,24,522,0,0,2702,970,525,304,55.2,0.17,29.0,33.6,409,103,248,2290,52.3,106.7,877,2077,42.2,619,1266,48.9,258,811,31.8,431,586,73.5,376,823,1199,394,15,568,2,0,2443,1086,452,278,48.4,0.17,31.4,28.2
2025,20242025,94,Gardner-Webb,Big South,31,11,20,1240,64.9,325,101,161,2012,55.6,113.7,824,1774,46.4,630,1186,53.1,194,588,33.0,445,643,69.2,355,773,1128,451,18,584,9,0,2287,1190,352,233,51.9,0.22,31.5,36.2,432,100,245,2010,56.0,120.5,853,1859,45.9,625,1153,54.2,228,706,32.3,488,692,70.5,335,709,1044,321,19,568,5,0,2422,1128,498,331,52.0,0.16,32.1,37.2
2025,20242025,95,George Mason,A-10,36,27,9,1510,62.8,456,118,272,2365,56.6,108.4,869,1908,45.5,619,1203,51.5,250,705,35.5,576,807,71.4,364,946,1310,466,26,595,20,0,2564,1094,539,279,52.1,0.2,27.8,42.3,415,119,258,2373,49.7,96.8,778,2031,38.3,490,1096,44.7,288,935,30.8,452,632,71.5,387,773,1160,461,34,682,17,0,2296,842,508,306,45.4,0.19,33.4,31.1
2025,20242025,96,George Washington,A-10,34,21,13,1395,65.9,472,104,302,2304,55.4,108.0,850,1906,44.6,597,1106,54.0,253,800,31.6,534,770,69.4,367,822,1189,429,19,511,8,0,2489,1162,518,343,51.2,0.19,30.9,40.4,443,149,272,2292,52.1,101.5,846,2001,42.3,599,1219,49.1,247,782,31.6,388,528,73.5,393,792,1185,450,18,588,7,0,2327,1026,497,310,48.5,0.2,33.2,26.4
2025,20242025,97,Georgetown,Big East,34,17,17,1360,67.6,483,126,267,2302,53.6,106.2,909,2043,44.5,663,1273,52.1,246,770,31.9,380,537,70.8,373,820,1193,397,18,524,10,0,2444,1128,496,420,50.5,0.17,31.3,26.3,456,119,242,2292,53.7,103.3,836,1956,42.7,570,1172,48.6,266,784,33.9,430,566,76.0,341,825,1166,448,42,518,12,0,2368,978,409,315,49.5,0.2,29.2,28.9
2025,20242025,98,Georgia,SEC,33,20,13,1320,67.7,411,169,256,2231,56.5,111.4,860,1870,46.0,632,1178,53.7,228,692,32.9,538,750,71.7,391,812,1203,427,19,549,8,0,2486,1138,459,336,52.1,0.19,32.5,40.1,402,109,264,2235,52.0,103.2,810,1959,41.3,560,1168,47.9,250,791,31.6,437,593,73.7,381,696,1077,407,21,655,8,0,2307,948,488,329,47.7,0.18,35.4,30.3
2025,20242025,99,Georgia Southern,Sun Belt,33,17,16,1380,63.2,450,123,258,2182,53.1,112.2,887,2063,43.0,574,1151,49.9,313,912,34.3,362,550,65.8,422,811,1233,444,15,648,9,0,2449,1086,525,350,50.6,0.2,34.2,26.7,426,140,227,2179,54.8,115.0,836,1924,43.5,591,1159,51.0,245,765,32.0,588,825,71.3,399,861,1260,427,28,514,6,0,2505,1026,499,377,49.8,0.2,31.7,42.9
2025,20242025,100,Georgia State,Sun Belt,33,14,19,1335,58.7,394,97,173,1959,54.2,126.5,898,1997,45.0,665,1322,50.3,233,675,34.5,450,656,68.6,392,861,1253,389,21,525,8,0,2479,1088,403,292,50.8,0.2,31.3,32.8,502,114,228,1962,54.2,131.7,944,2136,44.2,651,1246,52.2,293,890,32.9,402,561,71.7,397,789,1186,308,17,554,5,0,2583,1126,482,358,51.1,0.16,33.5,26.3
2025,20242025,101,Georgia Tech,ACC,34,17,17,1400,67.2,504,126,201,2348,53.5,105.8,898,2045,43.9,640,1292,49.5,258,753,34.3,431,627,68.7,371,891,1262,414,26,538,3,0,2485,1102,445,306,50.2,0.18,29.4,30.7,482,127,242,2355,52.9,104.9,875,2079,42.1,577,1231,46.9,298,848,35.1,423,584,72.4,357,855,1212,375,12,555,5,0,2471,996,446,400,49.3,0.16,29.5,28.1
2025,20242025,102,Gonzaga,WCC,35,26,9,1445,67.3,690,104,261,2428,60.2,124.5,1108,2212,50.1,845,1469,57.5,263,743,35.4,545,678,80.4,385,954,1339,334,9,590,12,1,3024,1488,547,502,56.0,0.14,28.8,30.7,429,121,189,2432,51.5,100.6,871,2104,41.4,615,1258,48.9,256,846,30.3,449,616,72.9,350,798,1148,449,39,617,6,1,2447,1020,362,248,47.5,0.18,30.5,29.3
2025,20242025,103,Grambling,SWAC,34,12,22,1390,62.8,386,123,227,2183,53.2,104.0,800,1863,42.9,581,1216,47.8,219,647,33.8,452,620,72.9,302,848,1150,431,16,558,11,0,2271,960,470,312,48.8,0.2,26.3,33.3,430,117,266,2183,52.0,105.4,816,1953,41.8,582,1281,45.4,234,672,34.8,435,589,73.9,358,823,1181,422,27,519,10,0,2301,988,466,360,47.8,0.19,30.3,30.2
2025,20242025,104,Grand Canyon,WAC,34,26,8,1375,68.8,468,175,312,2365,56.1,112.5,906,1986,45.6,695,1309,53.1,211,677,31.2,638,873,73.1,379,884,1263,448,26,596,8,0,2661,1188,538,359,50.9,0.19,30.0,44.0,397,116,228,2364,51.1,99.9,836,2027,41.2,612,1326,46.2,224,701,32.0,466,643,72.5,360,788,1148,507,21,689,9,0,2362,1072,495,327,46.8,0.21,31.4,31.7
2025,20242025,105,Green Bay,Horizon,32,4,28,1295,67.6,447,64,157,2193,56.1,102.0,742,1716,43.2,483,928,52.0,259,788,32.9,494,630,78.4,197,761,958,400,20,585,8,0,2237,894,316,234,50.8,0.18,20.6,36.7,505,125,214,2181,57.9,117.8,909,1923,47.3,624,1152,54.2,285,771,37.0,467,677,69.0,349,836,1185,320,8,550,7,0,2570,1122,476,307,54.7,0.15,29.5,35.2
2025,20242025,106,Hampton,CAA,33,17,16,1335,59.4,391,100,248,1984,52.5,120.5,856,2010,42.6,609,1269,48.0,247,741,33.3,430,604,71.2,435,761,1196,356,27,602,16,0,2391,952,489,305,48.7,0.18,36.4,30.0,431,102,193,1982,56.3,116.5,791,1736,45.6,579,1095,52.9,212,641,33.1,515,718,71.7,284,799,1083,424,22,522,7,0,2309,1020,392,337,51.7,0.21,26.2,41.4
2025,20242025,107,Harvard,Ivy,27,12,15,1095,63.4,369,77,199,1734,54.4,106.6,679,1532,44.3,482,921,52.3,197,611,32.2,293,382,76.7,224,630,854,322,19,383,3,0,1848,772,359,227,50.8,0.19,26.2,24.9,367,91,186,1737,55.4,112.0,729,1587,45.9,531,997,53.3,198,590,33.6,289,386,74.9,279,668,947,316,15,374,3,0,1945,978,380,232,52.2,0.18,29.5,24.3
2025,20242025,108,Hawai'i,Big West,31,15,16,1270,64.9,368,72,111,2059,55.9,105.5,745,1658,44.9,542,1024,52.9,203,634,32.0,480,650,73.8,308,794,1102,418,16,548,3,0,2173,984,289,217,51.1,0.2,27.9,39.2,319,80,229,2062,53.8,107.1,782,1793,43.6,577,1210,47.7,205,583,35.2,439,588,74.7,258,675,933,278,13,601,7,0,2208,952,512,348,49.3,0.13,27.7,32.8
2025,20242025,109,High Point,Big South,35,29,6,1415,66.2,454,100,214,2341,60.6,122.1,1000,2031,49.2,710,1233,57.6,290,798,36.3,568,746,76.1,389,872,1261,363,19,634,12,0,2858,1298,515,392,56.4,0.16,30.8,36.7,362,93,174,2342,52.7,103.0,846,1982,42.7,616,1279,48.2,230,703,32.7,491,702,69.9,365,723,1088,405,22,640,9,0,2413,1044,394,272,48.5,0.17,33.5,35.4
2025,20242025,110,Hofstra,CAA,33,15,18,1380,60.9,447,130,196,2099,53.2,104.9,794,1861,42.7,521,1059,49.2,273,802,34.0,341,477,71.5,290,883,1173,371,30,580,3,0,2202,904,393,244,50.0,0.18,24.7,25.6,376,94,197,2105,50.2,101.7,707,1833,38.6,458,1096,41.8,249,737,33.8,478,680,70.3,336,840,1176,362,23,507,5,0,2141,762,409,186,45.4,0.17,28.6,37.1
2025,20242025,111,Holy Cross,Patriot,32,13,19,1310,62.7,398,92,148,2058,56.2,108.2,824,1807,45.6,532,1052,50.6,292,755,38.7,287,398,72.1,239,803,1042,381,24,443,2,0,2227,862,333,127,53.7,0.19,22.9,22.0,454,81,212,2048,54.7,112.6,872,1902,45.8,630,1174,53.7,242,728,33.2,321,469,68.4,292,785,1077,299,13,439,1,0,2307,1122,443,232,52.2,0.15,27.1,24.7
2025,20242025,112,Houston Christian,Southland,32,12,20,1280,64.8,348,115,252,2074,52.9,101.8,742,1753,42.3,491,984,49.9,251,769,32.6,376,547,68.7,296,704,1000,374,19,435,3,0,2111,892,390,312,49.5,0.18,29.6,31.2,370,98,240,2073,55.2,107.1,838,1782,47.0,657,1219,53.9,181,563,32.1,363,520,69.8,322,811,1133,381,22,478,4,0,2220,1172,434,310,52.1,0.18,28.4,29.2
2025,20242025,113,Houston,Big 12,40,35,5,1665,60.5,481,184,310,2521,55.2,116.9,1070,2384,44.9,744,1556,47.8,326,828,39.4,480,649,74.0,512,963,1475,360,25,651,7,0,2946,1164,644,304,51.7,0.14,34.7,27.2,457,108,198,2514,49.6,93.3,786,2054,38.3,517,1162,44.5,269,892,30.2,505,703,71.8,386,877,1263,529,38,635,15,0,2346,880,375,249,44.8,0.21,30.6,34.2
2025,20242025,114,Howard,MEAC,32,12,20,1310,69.6,507,93,180,2279,56.5,105.8,854,1837,46.5,581,1104,52.6,273,733,37.2,499,675,73.9,320,767,1087,477,26,613,5,0,2411,976,413,368,53.9,0.21,29.4,36.7,390,90,235,2282,56.7,111.2,871,1907,45.7,651,1259,51.7,220,648,34.0,576,753,76.5,342,741,1083,377,11,597,7,0,2538,1082,576,434,51.4,0.17,31.6,39.5
2025,20242025,115,IU Indianapolis,Horizon,32,10,22,1295,65.1,436,64,199,2100,55.8,114.4,803,1873,42.9,475,995,47.7,328,878,37.4,468,632,74.1,364,707,1071,329,20,562,8,0,2402,846,414,253,51.6,0.16,34.0,33.7,509,126,174,2116,58.7,116.2,866,1822,47.5,596,1057,56.4,270,765,35.3,456,617,73.9,315,781,1096,355,24,523,9,0,2458,1062,388,405,54.9,0.17,28.7,33.9
2025,20242025,116,Idaho State,Big Sky,30,15,15,1215,62.9,398,135,181,1907,53.7,116.9,779,1809,43.1,558,1128,49.5,221,681,32.5,451,608,74.2,422,721,1143,321,18,494,5,0,2230,960,378,282,49.2,0.17,36.9,33.6,406,114,175,1914,55.7,109.7,758,1662,45.6,527,1043,50.5,231,619,37.3,352,508,69.3,243,640,883,364,19,543,14,0,2100,918,319,297,52.6,0.19,27.5,30.6
2025,20242025,117,Idaho,Big Sky,33,14,19,1335,63.8,405,93,194,2132,56.5,114.0,823,1871,44.0,515,986,52.2,308,885,34.8,476,634,75.1,337,771,1108,390,16,590,5,0,2430,926,390,212,52.2,0.18,30.4,33.9,452,103,218,2126,56.9,117.3,882,1892,46.6,621,1142,54.4,261,750,34.8,468,678,69.0,340,788,1128,351,9,557,8,0,2493,1108,473,321,53.5,0.17,30.1,35.8
2025,20242025,118,Illinois,Big Ten,35,22,13,1430,68.0,520,147,150,2428,56.9,120.6,1006,2233,45.1,676,1179,57.3,330,1054,31.3,585,768,76.2,453,1039,1492,409,9,568,6,0,2927,1230,355,252,52.4,0.17,30.4,34.4,445,103,235,2433,50.9,107.6,972,2298,42.3,736,1596,46.1,236,702,33.6,439,619,70.9,361,813,1174,315,18,643,8,0,2619,1164,462,313,47.4,0.13,30.7,26.9
2025,20242025,119,Illinois State,MVC,36,22,14,1455,63.1,519,64,200,2294,60.4,118.9,956,1985,48.2,604,1049,57.6,352,936,37.6,463,618,74.9,278,885,1163,377,20,601,4,0,2727,1050,464,242,57.0,0.16,23.9,31.1,431,91,194,2300,56.7,112.4,906,2000,45.3,608,1155,52.6,298,845,35.3,475,632,75.2,287,838,1125,387,18,624,6,0,2585,1044,420,277,52.8,0.17,25.5,31.6
2025,20242025,120,Incarnate Word,Southland,36,19,17,1470,59.0,444,134,250,2165,56.2,122.8,982,2099,46.8,703,1347,52.2,279,752,37.1,416,607,68.5,427,831,1258,410,36,603,4,0,2659,1136,533,324,53.4,0.19,33.9,28.9,431,111,239,2170,54.7,115.6,890,1982,44.9,663,1333,49.7,227,649,35.0,501,709,70.7,369,773,1142,425,10,549,4,0,2508,1174,437,370,50.6,0.2,32.3,35.8
2025,20242025,121,Indiana,Big Ten,32,19,13,1295,67.9,509,107,186,2200,54.8,108.6,871,1902,45.8,668,1270,52.6,203,632,32.1,444,629,70.6,349,817,1166,371,9,531,5,1,2389,1116,475,340,51.1,0.17,29.9,33.1,428,104,216,2195,53.6,105.0,827,1904,43.4,585,1163,50.3,242,741,32.7,409,564,72.5,320,759,1079,363,21,574,8,1,2305,978,451,345,49.8,0.17,29.7,29.6
2025,20242025,122,Indiana State,MVC,32,14,18,1325,67.8,502,71,219,2244,59.1,114.2,877,1884,46.5,554,953,58.1,323,931,34.7,486,649,74.9,294,845,1139,448,16,586,9,0,2563,1082,424,367,55.1,0.2,25.8,34.4,427,107,257,2247,56.7,113.3,893,1934,46.2,636,1198,53.1,257,736,34.9,502,703,71.4,304,806,1110,376,16,553,4,0,2545,1150,524,300,52.8,0.17,27.4,36.3
2025,20242025,123,Iona,MAAC,34,17,17,1390,67.1,492,96,327,2328,50.9,101.8,872,2075,42.0,643,1354,47.5,229,721,31.8,396,578,68.5,495,764,1259,491,34,623,12,0,2369,1086,548,381,47.5,0.21,39.3,27.9,495,147,242,2334,56.1,102.7,820,1845,44.4,552,1024,53.9,268,821,32.6,488,657,74.3,342,770,1112,536,36,531,10,0,2396,956,551,325,51.7,0.23,30.8,35.6
2025,20242025,124,Iowa,Big Ten,33,17,16,1335,70.4,605,138,219,2347,59.2,116.0,1011,2065,49.0,689,1218,56.6,322,847,38.0,378,536,70.5,286,770,1056,323,9,511,4,0,2722,1172,527,434,56.8,0.14,27.1,26.0,527,92,197,2352,57.3,111.8,975,2042,47.7,702,1248,56.3,273,794,34.4,407,578,70.4,366,852,1218,423,28,526,1,0,2630,1276,382,256,54.4,0.18,30.0,28.3
2025,20242025,125,Iowa State,Big 12,35,25,10,1450,67.2,524,120,325,2437,59.3,115.4,982,2034,48.3,714,1286,55.5,268,748,35.8,580,770,75.3,361,877,1238,420,14,567,13,0,2812,1306,680,418,54.9,0.17,29.2,37.9,468,114,261,2437,53.0,98.2,841,2001,42.0,566,1183,47.8,275,818,33.6,435,580,75.0,340,760,1100,533,28,637,10,0,2392,962,436,302,48.9,0.22,30.9,29.0
2025,20242025,126,Jackson State,SWAC,34,16,18,1400,68.3,415,115,243,2390,52.7,101.6,835,1978,42.2,618,1312,47.1,217,666,32.6,541,741,73.0,372,874,1246,469,32,562,11,0,2428,1058,430,290,47.7,0.2,29.9,37.5,502,119,282,2389,54.2,106.1,898,2063,43.5,605,1203,50.3,293,860,34.1,446,631,70.7,374,865,1239,420,16,581,10,0,2535,1054,527,468,50.6,0.18,30.2,30.6
2025,20242025,127,Jacksonville,ASUN,33,19,14,1335,67.0,451,144,256,2236,53.2,106.4,874,1981,44.1,633,1310,48.3,241,671,35.9,390,579,67.4,418,782,1200,438,22,576,6,0,2379,1102,497,331,50.2,0.2,34.8,29.2,405,118,263,2239,54.5,105.4,833,1881,44.3,586,1167,50.2,247,714,34.6,447,643,69.5,337,752,1089,428,23,527,7,0,2360,1052,495,289,50.9,0.19,30.9,34.2
2025,20242025,128,Jacksonville State,CUSA,36,23,13,1460,65.0,422,127,182,2372,55.3,111.8,940,2109,44.6,664,1322,50.2,276,787,35.1,497,661,75.2,395,988,1383,365,20,495,4,0,2653,1108,347,308,51.1,0.15,28.6,31.3,464,113,211,2376,51.6,103.7,882,2146,41.1,568,1228,46.3,314,918,34.2,386,553,69.8,339,847,1186,322,17,542,5,0,2464,984,414,334,48.4,0.14,28.6,25.8
2025,20242025,129,James Madison,Sun Belt,32,20,12,1300,62.7,358,97,191,2035,57.4,116.2,797,1819,43.8,520,1016,51.2,277,803,34.5,411,545,75.4,351,755,1106,329,22,505,3,0,2365,910,388,293,51.4,0.16,31.7,30.0,321,76,184,2039,55.8,110.6,775,1763,44.0,560,1139,49.2,215,624,34.5,419,588,71.3,304,738,1042,322,10,491,5,0,2256,932,376,252,50.1,0.16,29.2,33.4
2025,20242025,130,Kansas City,Summit,33,13,20,1320,63.4,407,106,244,2092,55.1,114.1,816,1898,43.0,526,1053,50.0,290,845,34.3,464,609,76.2,392,776,1168,394,36,553,4,0,2386,888,505,287,50.6,0.19,33.6,32.1,382,84,204,2091,53.8,106.1,778,1795,43.3,548,1050,52.2,230,745,30.9,432,609,70.9,308,710,1018,410,15,566,2,0,2218,954,442,232,49.7,0.2,30.3,33.9
2025,20242025,131,Kansas,Big 12,34,21,13,1395,67.0,602,160,211,2341,55.8,110.5,984,2093,47.0,731,1379,53.0,253,714,35.4,366,511,71.6,359,951,1310,402,11,489,5,0,2587,1248,424,346,53.1,0.17,27.4,24.4,440,125,257,2335,50.3,101.3,837,2091,40.0,576,1243,46.3,261,848,30.8,430,588,73.1,362,818,1180,371,22,491,1,0,2365,950,404,287,46.3,0.16,30.7,28.1
2025,20242025,132,Kansas State,Big 12,33,16,17,1335,64.5,499,114,239,2161,55.4,108.1,831,1882,44.2,583,1122,52.0,248,760,32.6,362,520,69.6,325,762,1087,387,23,500,8,0,2337,1076,444,318,50.7,0.18,29.9,27.6,445,110,215,2146,54.5,107.0,810,1876,43.2,599,1210,49.5,211,666,31.7,386,527,73.2,347,787,1134,395,22,512,9,0,2297,1074,441,268,48.8,0.18,30.6,28.1
2025,20242025,133,Kennesaw State,CUSA,33,19,14,1350,69.6,439,140,218,2347,54.5,107.6,857,1996,42.9,573,1081,53.0,284,915,31.0,528,734,71.9,414,917,1331,450,20,621,6,0,2526,1036,400,315,50.1,0.19,31.1,36.8,416,122,272,2352,52.2,102.8,815,1968,41.4,571,1213,47.1,244,755,32.3,543,790,68.7,336,789,1125,371,21,599,5,0,2417,1008,497,315,47.6,0.16,29.9,40.1
2025,20242025,134,Kent State,MAC,36,24,12,1455,66.3,446,112,270,2410,53.6,109.8,950,2181,43.6,691,1370,50.4,259,811,31.9,488,655,74.5,459,876,1335,421,27,652,9,0,2647,1216,491,322,49.5,0.17,34.4,30.0,463,117,224,2410,53.6,102.0,826,1968,42.0,569,1150,49.5,257,818,31.4,550,741,74.2,337,822,1159,455,30,606,12,0,2459,1012,424,347,48.5,0.19,29.1,37.7
2025,20242025,135,Kentucky,SEC,36,24,12,1455,67.1,607,144,249,2440,59.6,124.6,1065,2210,48.2,724,1300,55.7,341,910,37.5,569,778,73.1,355,1013,1368,394,19,620,7,0,3040,1336,502,505,55.9,0.16,26.0,35.2,465,103,230,2442,54.0,113.8,990,2267,43.7,688,1276,53.9,302,991,30.5,498,695,71.7,363,906,1269,371,14,637,6,0,2780,1152,450,403,50.3,0.15,28.6,30.7
2025,20242025,136,LSU,SEC,32,14,18,1305,68.1,409,151,227,2221,54.8,106.4,838,1885,44.5,588,1065,55.2,250,820,30.5,437,612,71.4,330,811,1141,419,26,537,5,0,2363,1016,422,356,51.1,0.19,28.9,32.5,404,105,257,2224,52.0,105.9,853,2006,42.5,621,1288,48.2,232,718,32.3,417,591,70.6,423,790,1213,372,15,537,4,0,2355,1080,426,337,48.3,0.17,34.9,29.5
2025,20242025,137,La Salle,A-10,33,14,19,1335,68.3,388,117,238,2281,51.2,104.2,845,2046,41.3,615,1361,45.2,230,685,33.6,456,628,72.6,392,824,1216,354,27,521,6,0,2376,970,463,367,46.9,0.16,32.2,30.7,492,123,202,2276,55.0,108.3,894,1983,45.1,624,1160,53.8,270,823,32.8,407,585,69.6,338,872,1210,383,18,539,6,0,2465,1142,415,324,51.9,0.17,27.9,29.5
2025,20242025,138,Lafayette,Patriot,33,13,20,1365,61.4,486,115,192,2098,53.8,107.8,809,1854,43.6,552,1101,50.1,257,753,34.1,386,564,68.4,284,818,1102,362,15,512,4,0,2261,962,413,254,50.6,0.17,25.8,30.4,446,71,205,2095,53.7,108.5,821,1889,43.5,568,1173,48.4,253,716,35.3,379,516,73.4,315,851,1166,379,24,537,9,0,2274,962,383,254,50.2,0.18,27.0,27.3
2025,20242025,139,Lamar,Southland,33,20,13,1335,66.3,495,165,246,2212,51.8,104.2,845,1979,42.7,615,1326,46.4,230,653,35.2,386,562,68.7,441,836,1277,413,18,504,4,0,2306,1018,496,417,48.5,0.19,34.5,28.4,428,121,252,2211,50.5,98.1,763,1870,40.8,540,1162,46.5,223,708,31.5,421,630,66.8,374,785,1159,415,23,526,6,0,2170,926,433,414,46.8,0.19,32.3,33.7
2025,20242025,140,Le Moyne,NEC,32,9,23,1355,66.3,454,68,222,2248,56.6,105.5,826,1802,45.8,573,1056,54.3,253,746,33.9,466,662,70.4,290,761,1051,444,28,614,11,0,2371,1040,376,285,52.9,0.2,27.6,36.7,503,96,242,2246,57.8,114.2,884,1912,46.2,596,1124,53.0,288,788,36.5,510,699,73.0,357,787,1144,378,19,554,10,0,2566,1044,550,366,53.8,0.17,31.2,36.6
2025,20242025,141,Lehigh,Patriot,30,11,19,1230,65.4,401,63,174,2006,55.2,105.2,758,1682,45.1,522,1045,50.0,236,637,37.0,358,524,68.3,217,726,943,321,16,486,1,0,2110,888,354,331,52.1,0.16,23.0,31.2,361,83,189,2016,54.3,106.3,766,1724,44.4,572,1105,51.8,194,619,31.3,417,569,73.3,277,767,1044,326,19,502,2,0,2143,958,317,254,50.1,0.16,26.5,33.0
2025,20242025,142,Liberty,CUSA,35,28,7,1415,63.8,588,102,231,2253,60.1,117.8,958,1959,48.9,591,1001,59.0,367,958,38.3,372,565,65.8,227,923,1150,354,21,470,5,0,2655,1144,540,271,58.3,0.16,19.7,28.8,330,87,215,2259,49.3,98.2,823,2031,40.5,616,1313,46.9,207,718,28.8,366,497,73.6,335,868,1203,424,19,503,5,0,2219,1034,343,222,45.6,0.19,27.8,24.5
2025,20242025,143,Lipscomb,ASUN,35,25,10,1415,66.6,529,104,241,2353,59.6,117.0,958,2035,47.1,614,1071,57.3,344,964,35.7,492,620,79.4,288,953,1241,341,17,437,0,0,2752,1120,434,288,55.5,0.14,23.2,30.5,358,108,217,2356,50.8,100.6,911,2133,42.7,664,1336,49.7,247,797,31.0,302,452,66.8,345,841,1186,390,21,553,2,0,2371,1132,361,199,48.5,0.17,29.1,21.2
2025,20242025,144,Little Rock,OVC,33,19,14,1350,64.5,447,172,298,2176,53.6,105.1,843,1894,44.5,628,1311,47.9,215,583,36.9,386,548,70.4,342,770,1112,458,44,564,5,0,2287,988,578,332,50.2,0.21,30.8,28.9,423,94,278,2178,51.5,101.9,732,1847,39.6,479,1046,45.8,253,801,31.6,502,699,71.8,417,777,1194,492,33,525,7,0,2219,844,471,385,46.5,0.23,34.9,37.8
2025,20242025,145,Long Beach State,Big West,32,7,25,1325,63.9,364,96,182,2117,54.7,101.7,736,1698,43.3,518,1073,48.3,218,625,34.9,462,611,75.6,304,717,1021,460,46,586,13,0,2152,796,405,260,49.8,0.22,29.8,36.0,411,81,229,2114,56.5,112.3,825,1820,45.3,567,1133,50.0,258,687,37.6,466,639,72.9,372,720,1092,373,17,585,10,0,2374,962,530,269,52.4,0.18,34.1,35.1
2025,20242025,146,Long Island University,NEC,33,17,16,1385,61.1,388,117,269,2117,52.3,105.6,831,1910,43.5,630,1261,50.0,201,649,31.0,372,518,71.8,382,790,1172,430,27,625,8,0,2235,1100,467,278,48.8,0.2,32.6,27.1,421,125,235,2114,53.2,102.0,698,1703,41.0,487,1021,47.7,211,682,30.9,549,734,74.8,294,755,1049,441,15,510,5,0,2156,906,420,283,47.2,0.21,28.0,43.1
2025,20242025,147,Longwood,Big South,32,18,14,1280,67.8,427,65,244,2166,57.0,115.6,847,1830,46.3,641,1210,53.0,206,620,33.2,604,831,72.7,362,748,1110,400,8,590,9,0,2504,1142,559,347,51.9,0.18,32.6,45.4,425,90,222,2171,58.0,109.2,840,1756,47.8,591,1005,58.8,249,751,33.2,440,654,67.3,284,733,1017,474,21,666,13,0,2371,1066,446,300,54.9,0.22,27.9,37.2
2025,20242025,148,Louisiana,Sun Belt,33,12,21,1350,65.2,340,95,243,2202,50.2,98.0,757,1897,39.9,534,1177,45.4,223,720,31.0,422,579,72.9,316,697,1013,357,28,581,10,0,2159,890,430,313,45.8,0.16,31.2,30.5,398,137,206,2196,56.3,109.7,815,1795,45.4,606,1125,53.9,209,670,31.2,571,785,72.7,381,888,1269,433,21,521,9,0,2410,1074,386,296,51.2,0.2,30.0,43.7
2025,20242025,149,Louisiana Tech,CUSA,32,20,12,1330,62.5,485,131,205,2081,57.7,113.6,830,1780,46.6,582,1050,55.4,248,730,34.0,456,608,75.0,307,859,1166,402,23,505,3,0,2364,1072,367,269,53.6,0.19,26.3,34.2,373,90,227,2076,51.1,105.4,779,1886,41.3,549,1141,48.1,230,745,30.9,400,575,69.6,329,706,1035,338,16,519,4,0,2188,930,441,261,47.4,0.16,31.8,30.5
2025,20242025,150,Louisville,ACC,35,27,8,1415,67.9,486,100,223,2399,57.3,114.5,947,2088,45.4,619,1089,56.8,328,999,32.8,525,704,74.6,389,916,1305,395,16,546,2,0,2747,1170,511,241,53.2,0.16,29.8,33.7,412,107,222,2404,53.0,101.2,879,2050,42.9,601,1234,48.7,278,816,34.1,396,556,71.2,340,830,1170,447,20,644,10,0,2432,1030,413,223,49.7,0.19,29.1,27.1
2025,20242025,151,Loyola Chicago,A-10,37,26,11,1525,65.3,595,166,231,2485,56.1,109.8,979,2133,45.9,664,1229,54.0,315,904,34.8,455,677,67.2,372,942,1314,435,23,662,12,0,2728,1200,511,327,53.3,0.18,28.3,31.7,439,113,236,2493,53.0,102.1,874,2090,41.8,599,1257,47.7,275,833,33.0,523,712,73.5,356,870,1226,448,32,603,9,0,2546,1018,440,297,48.4,0.18,29.0,34.1
2025,20242025,152,Loyola Maryland,Patriot,31,12,19,1255,63.9,426,89,223,2012,53.4,106.6,775,1779,43.6,546,1075,50.8,229,704,32.5,366,525,69.7,310,724,1034,372,21,476,6,0,2145,1026,390,204,50.0,0.18,30.0,29.5,417,73,226,1996,56.0,110.5,806,1744,46.2,593,1126,52.7,213,618,34.5,380,513,74.1,273,748,1021,368,14,495,7,0,2205,1042,412,290,52.3,0.18,26.7,29.4
2025,20242025,153,Loyola Marymount,WCC,32,17,15,1280,67.1,423,126,185,2144,54.3,106.3,821,1866,44.0,569,1111,51.2,252,755,33.4,385,532,72.4,250,817,1067,333,15,528,14,0,2279,970,378,339,50.8,0.16,23.4,28.5,421,71,168,2148,52.6,106.6,823,1933,42.6,597,1227,48.7,226,706,32.0,418,552,75.7,354,846,1200,354,26,498,15,0,2290,972,359,220,48.4,0.16,29.5,28.6
2025,20242025,154,Maine,Am. East,34,20,14,1375,64.2,504,124,308,2213,55.6,108.9,893,1929,46.3,668,1294,51.6,225,635,35.4,398,542,73.4,253,777,1030,352,19,511,2,0,2409,1132,564,394,52.1,0.16,24.6,28.1,446,95,197,2199,52.7,102.1,818,1893,43.2,593,1208,49.1,225,685,32.8,385,539,71.4,362,844,1206,506,40,488,7,0,2246,1076,336,200,49.2,0.23,30.0,28.5
2025,20242025,155,Manhattan,MAAC,31,17,14,1305,64.8,458,76,196,2111,55.5,112.0,820,1868,43.9,554,1094,50.6,266,774,34.4,459,596,77.0,367,769,1136,359,17,441,11,0,2365,968,345,283,51.0,0.17,32.3,31.9,495,125,220,2119,54.2,109.8,848,1928,44.0,583,1122,52.0,265,806,32.9,364,501,72.7,359,741,1100,318,13,525,8,0,2327,1012,377,270,50.9,0.15,32.6,26.0
2025,20242025,156,Marist,MAAC,30,20,10,1245,61.9,420,103,173,1926,52.6,102.8,753,1712,44.0,551,1069,51.5,202,643,31.4,271,383,70.8,310,769,1079,358,29,448,2,0,1979,926,309,124,49.9,0.19,28.7,22.4,299,74,208,1925,51.4,100.5,672,1642,40.9,476,1060,44.9,196,582,33.7,394,545,72.3,264,704,968,319,18,444,7,0,1934,796,330,190,46.9,0.17,27.3,33.2
2025,20242025,157,Marquette,Big East,34,23,11,1390,66.9,467,124,305,2325,55.1,112.0,943,2122,44.4,622,1137,54.7,321,985,32.6,396,550,72.0,371,787,1158,318,12,545,4,0,2603,1200,604,420,52.0,0.14,32.0,25.9,500,98,192,2323,53.9,100.6,835,1913,43.6,595,1159,51.3,240,754,31.8,427,583,73.2,354,867,1221,500,40,503,7,0,2337,1034,325,286,49.9,0.22,29.0,30.5
2025,20242025,158,Marshall,Sun Belt,33,20,13,1335,65.2,482,180,219,2180,54.2,114.6,883,2004,44.1,623,1197,52.0,260,807,32.2,473,683,69.3,412,827,1239,382,18,636,8,0,2499,978,443,269,50.5,0.18,33.3,34.1,329,102,205,2172,53.7,108.9,820,1875,43.7,623,1265,49.2,197,610,32.3,529,750,70.5,342,819,1161,398,16,604,5,0,2366,1080,398,255,49.0,0.18,29.5,40.0
2025,20242025,159,Maryland Eastern Shore,MEAC,31,6,25,1240,67.9,361,62,165,2109,52.1,99.1,738,1740,42.4,528,1101,48.0,210,639,32.9,404,608,66.4,307,713,1020,412,23,557,8,0,2090,854,365,269,48.4,0.2,30.1,34.9,468,89,223,2098,57.7,114.9,849,1787,47.5,628,1106,56.8,221,681,32.5,491,687,71.5,330,798,1128,332,11,520,9,0,2410,1048,496,322,53.7,0.16,29.3,38.4
2025,20242025,160,Maryland,Big Ten,36,27,9,1455,67.1,510,160,284,2438,57.6,119.7,1039,2212,47.0,747,1430,52.2,292,782,37.3,549,732,75.0,380,925,1305,364,16,552,7,0,2919,1278,646,454,53.6,0.15,29.1,33.1,435,97,174,2447,50.9,98.8,886,2131,41.6,650,1359,47.8,236,772,30.6,410,556,73.7,363,859,1222,511,39,648,5,0,2418,1090,401,251,47.1,0.21,29.7,26.1
2025,20242025,161,Massachusetts,A-10,32,12,20,1320,69.0,413,155,249,2276,49.4,102.5,841,2052,41.0,656,1394,47.1,185,658,28.1,466,702,66.4,455,813,1268,375,18,580,3,0,2333,1202,456,339,45.5,0.16,35.9,34.2,473,121,208,2278,53.7,105.3,825,1931,42.7,571,1155,49.4,254,776,32.7,495,688,71.9,357,854,1211,406,23,611,8,0,2399,1030,445,371,49.3,0.18,29.5,35.6
2025,20242025,162,McNeese,Southland,35,28,7,1400,59.7,489,120,315,2086,57.5,128.5,963,2019,47.7,700,1277,54.8,263,742,35.4,491,704,69.7,410,852,1262,379,23,572,9,0,2680,1258,619,371,54.2,0.18,32.5,34.9,427,100,220,2092,51.8,107.8,772,1918,40.3,486,1032,47.1,286,886,32.3,426,590,72.2,385,765,1150,512,43,555,10,0,2256,832,374,256,47.7,0.24,33.5,30.8
2025,20242025,163,Memphis,American,35,29,6,1445,66.9,488,156,260,2419,59.2,115.5,952,2014,47.3,695,1337,52.0,257,677,38.0,551,786,70.1,413,858,1271,471,14,601,5,0,2795,1216,596,460,53.6,0.19,32.5,39.0,470,122,261,2412,54.3,106.5,865,2063,41.9,594,1219,48.7,271,844,32.1,487,686,71.0,415,761,1176,460,33,634,9,0,2568,1052,545,331,48.5,0.19,35.3,33.3
2025,20242025,164,Mercer,SoCon,33,14,19,1365,65.8,435,87,278,2245,52.7,111.8,919,2113,43.5,646,1264,51.1,273,849,32.2,400,611,65.5,386,911,1297,398,10,548,9,0,2511,1124,514,436,50.0,0.18,29.8,28.9,463,117,264,2247,53.5,110.6,853,2037,41.9,542,1121,48.3,311,916,34.0,468,650,72.0,353,915,1268,426,21,522,5,0,2485,938,424,336,49.5,0.19,27.8,31.9
2025,20242025,165,Mercyhurst,NEC,31,15,16,1275,61.0,419,67,227,1945,54.4,108.2,735,1703,43.2,521,1093,47.7,214,610,35.1,421,525,80.2,235,613,848,334,27,520,8,0,2105,876,491,229,49.4,0.17,27.7,30.8,411,87,178,1943,57.7,111.5,750,1605,46.7,528,972,54.3,222,633,35.1,445,618,72.0,291,751,1042,443,20,524,5,0,2167,966,363,210,53.6,0.23,27.9,38.5
2025,20242025,166,Merrimack,MAAC,33,18,15,1350,63.0,391,124,313,2125,52.5,101.9,787,1861,42.3,524,1063,49.3,263,798,33.0,329,455,72.3,232,700,932,297,20,518,4,0,2166,854,456,273,49.4,0.14,24.9,24.4,453,92,166,2127,51.0,99.7,759,1838,41.3,552,1170,47.2,207,668,31.0,395,550,71.8,440,886,1326,499,29,449,3,0,2120,946,324,229,46.9,0.23,33.2,29.9
2025,20242025,167,Miami (OH),MAC,34,25,9,1375,67.3,550,120,272,2312,59.7,118.5,985,2046,48.1,622,1132,54.9,363,914,39.7,407,562,72.4,319,840,1159,412,16,603,6,0,2740,1048,581,359,57.0,0.18,27.5,27.5,421,106,247,2313,55.1,106.9,874,1962,44.5,602,1165,51.7,272,797,34.1,453,640,70.8,335,805,1140,480,24,563,11,0,2473,1094,444,316,51.5,0.21,29.4,32.6
2025,20242025,168,Miami,ACC,31,7,24,1270,63.5,399,106,198,2021,55.6,113.5,849,1849,45.9,626,1137,55.1,223,712,31.3,373,488,76.4,293,684,977,339,23,446,7,0,2294,986,362,298,51.9,0.17,30.0,26.4,510,92,190,2011,60.4,124.3,908,1836,49.5,617,1103,55.9,291,733,39.7,393,528,74.4,304,745,1049,316,10,445,6,0,2500,1098,425,249,57.4,0.16,29.0,28.8
2025,20242025,169,Michigan State,Big Ten,37,30,7,1495,65.6,612,169,196,2455,56.2,117.1,1003,2192,45.8,779,1471,53.0,224,721,31.1,644,827,77.9,440,1032,1472,420,24,618,6,0,2874,1346,491,577,50.9,0.17,29.9,37.7,461,117,220,2450,50.4,101.4,876,2163,40.5,630,1283,49.1,246,880,28.0,486,681,71.4,339,805,1144,408,23,722,8,0,2484,1088,448,323,46.2,0.17,29.6,31.5
2025,20242025,170,Michigan,Big Ten,37,27,10,1510,67.3,586,135,198,2543,57.7,113.4,1011,2160,46.8,710,1253,56.7,301,907,33.2,562,772,72.8,409,1013,1422,517,12,634,3,0,2885,1322,471,357,53.8,0.2,28.8,35.7,421,93,269,2540,50.2,104.1,938,2340,40.1,656,1425,46.0,282,915,30.8,486,665,73.1,438,824,1262,417,23,686,3,0,2644,1054,561,297,46.1,0.16,34.7,28.4
2025,20242025,171,Middle Tennessee,CUSA,34,22,12,1435,66.3,427,148,224,2379,54.7,109.6,945,2084,45.3,686,1265,54.2,259,819,31.6,459,685,67.0,393,912,1305,391,15,589,8,0,2608,1228,452,310,51.6,0.16,30.1,32.9,430,112,219,2375,52.3,103.8,881,2069,42.6,655,1322,49.5,226,747,30.3,478,652,73.3,357,858,1215,395,20,569,3,0,2466,1146,385,266,48.0,0.17,29.4,31.5
2025,20242025,172,Milwaukee,Horizon,32,21,11,1310,62.7,457,105,246,2058,55.4,122.0,907,1939,46.8,718,1326,54.1,189,613,30.8,507,741,68.4,462,791,1253,423,14,563,19,0,2510,1342,506,588,51.7,0.21,36.9,38.2,422,137,220,2051,55.1,111.9,816,1825,44.7,578,1121,51.6,238,704,33.8,425,584,72.8,276,678,954,427,29,634,8,0,2295,1022,496,355,51.2,0.21,28.9,32.0
2025,20242025,173,Minnesota,Big Ten,32,15,17,1345,61.6,487,151,193,2075,53.0,105.0,796,1806,44.1,587,1157,50.7,209,649,32.2,377,568,66.4,337,746,1083,346,34,561,6,0,2178,980,378,218,49.9,0.17,31.1,31.5,477,117,177,2066,54.5,108.0,790,1788,44.2,578,1174,49.2,212,614,34.5,439,591,74.3,330,779,1109,339,18,533,4,0,2231,998,360,286,50.1,0.16,29.8,33.1
2025,20242025,174,Mississippi State,SEC,34,21,13,1405,62.1,517,152,310,2182,55.3,123.9,970,2146,45.2,682,1230,55.4,288,916,31.4,474,676,70.1,435,853,1288,365,15,591,6,0,2704,1240,523,438,51.9,0.17,33.8,31.5,458,107,212,2182,55.5,115.6,864,1968,43.9,554,1102,50.3,310,866,35.8,484,694,69.7,364,849,1213,452,23,588,5,1,2522,924,410,301,51.8,0.21,30.0,35.3
2025,20242025,175,Mississippi Valley State,SWAC,31,3,28,1240,65.8,258,60,186,2038,47.1,82.3,610,1568,38.9,470,1095,42.9,140,473,29.6,318,482,66.0,238,631,869,501,33,508,9,0,1678,768,306,184,43.4,0.25,27.4,30.7,473,108,300,2040,60.0,122.8,896,1796,49.9,636,1097,58.0,260,699,37.2,454,665,68.3,367,777,1144,321,8,460,8,0,2506,1134,611,384,57.1,0.16,32.1,37.0
2025,20242025,176,Missouri State,MVC,32,9,23,1365,57.9,390,83,236,1980,54.4,109.8,776,1735,44.7,548,1096,50.0,228,639,35.7,395,602,65.6,334,712,1046,437,22,581,6,0,2175,960,425,202,51.3,0.22,31.9,34.7,433,127,212,1975,57.5,114.8,792,1694,46.8,558,1026,54.4,234,668,35.0,450,631,71.3,283,711,994,414,17,527,7,0,2268,958,499,219,53.7,0.21,28.5,37.2
2025,20242025,177,Missouri,SEC,34,22,12,1375,66.5,464,89,318,2289,60.4,124.2,939,1949,48.2,643,1143,56.3,296,806,36.7,670,918,73.0,375,783,1158,370,12,621,4,0,2844,1152,605,418,55.8,0.16,32.4,47.1,425,120,228,2286,55.6,109.5,867,1946,44.6,620,1211,51.2,247,735,33.6,523,695,75.3,373,741,1114,479,17,691,3,0,2504,1102,448,262,50.9,0.21,33.5,35.7
2025,20242025,178,Monmouth,CAA,33,13,20,1355,61.4,389,147,195,2081,52.4,111.5,784,1908,41.1,551,1247,44.2,233,661,35.2,520,701,74.2,357,767,1124,364,23,592,2,0,2321,880,403,348,47.2,0.17,31.8,36.7,471,120,204,2077,55.1,119.7,853,1947,43.8,585,1154,50.7,268,793,33.8,513,703,73.0,409,843,1252,373,22,565,2,0,2487,1042,444,374,50.7,0.18,32.7,36.1
2025,20242025,179,Montana,Big Sky,35,25,10,1415,63.0,474,112,219,2227,60.1,120.4,964,1934,49.8,708,1218,58.1,256,716,35.8,496,674,73.6,253,855,1108,380,16,565,3,0,2681,1254,455,302,56.5,0.17,22.8,34.9,435,100,191,2229,55.3,115.1,936,2047,45.7,703,1334,52.7,233,713,32.7,460,622,74.0,330,814,1144,381,11,611,4,0,2565,1212,421,210,51.4,0.17,28.8,30.4
2025,20242025,180,Montana State,Big Sky,33,15,18,1335,63.2,435,119,210,2106,56.4,111.8,835,1834,45.5,565,1041,54.3,270,793,34.0,414,571,72.5,230,803,1033,328,21,534,6,0,2354,984,434,298,52.9,0.16,22.3,31.1,384,78,185,2113,52.9,108.8,828,1908,43.4,647,1302,49.7,181,606,29.9,461,601,76.7,330,834,1164,349,16,540,8,0,2298,1120,362,254,48.1,0.17,28.4,31.5
2025,20242025,181,Morehead State,OVC,32,15,17,1295,64.7,368,82,179,2097,51.1,100.9,741,1779,41.7,551,1165,47.3,190,614,30.9,444,658,67.5,361,810,1171,376,34,508,6,0,2116,940,352,231,47.0,0.18,30.8,37.0,361,105,212,2092,54.1,105.1,778,1776,43.8,572,1173,48.8,206,603,34.2,437,579,75.5,254,770,1024,320,16,531,7,0,2199,900,409,308,49.6,0.15,24.8,32.6
2025,20242025,182,Morgan State,MEAC,32,14,18,1315,71.4,414,149,222,2343,55.8,109.2,948,1982,47.8,800,1548,51.7,148,434,34.1,515,707,72.8,388,794,1182,432,5,596,7,0,2559,1280,512,478,51.6,0.18,32.8,35.7,487,121,236,2353,54.9,109.8,904,2010,45.0,658,1322,49.8,246,688,35.8,530,776,68.3,440,743,1183,429,11,573,6,0,2584,1150,490,474,51.1,0.18,37.2,38.6
2025,20242025,183,Mount St. Mary's,MAAC,36,23,13,1490,66.0,537,99,217,2462,55.1,102.5,889,2014,44.1,604,1187,50.9,285,827,34.5,461,626,73.6,366,983,1349,538,23,564,11,0,2524,1078,411,287,51.2,0.22,27.1,31.1,475,113,316,2457,51.9,103.3,903,2196,41.1,590,1207,48.9,313,989,31.6,419,569,73.6,384,817,1201,395,21,580,8,0,2538,948,522,374,48.2,0.16,32.0,25.9
2025,20242025,184,Murray State,MVC,33,16,17,1390,59.0,391,100,220,2051,55.1,115.6,789,1821,43.3,538,1092,49.3,251,729,34.4,542,751,72.2,331,790,1121,378,27,574,5,0,2371,978,429,285,50.2,0.18,29.5,41.2,306,112,197,2050,54.9,111.3,817,1800,45.4,636,1228,51.8,181,572,31.6,467,633,73.8,285,792,1077,402,26,616,6,0,2282,1080,420,272,50.4,0.2,26.5,35.2
2025,20242025,185,NC State,ACC,31,12,19,1255,64.6,394,118,200,2029,52.6,106.4,764,1798,42.5,555,1148,48.3,209,650,32.2,421,580,72.6,318,675,993,295,13,515,1,0,2158,890,426,400,48.3,0.15,32.0,32.3,379,96,158,2025,55.4,107.8,783,1725,45.4,590,1162,50.8,193,563,34.3,424,556,76.3,325,786,1111,381,24,494,3,0,2183,1036,309,307,51.0,0.19,29.3,32.2
2025,20242025,186,NJIT,Am. East,31,6,25,1255,66.0,312,114,148,2073,49.8,97.6,726,1815,40.0,514,1127,45.6,212,688,30.8,359,491,73.1,333,767,1100,375,26,571,13,0,2023,816,291,198,45.8,0.18,30.3,27.1,402,113,182,2071,53.4,109.6,801,1821,44.0,608,1189,51.1,193,632,30.5,474,693,68.4,351,812,1163,290,16,464,9,0,2269,1086,427,322,49.3,0.14,30.2,38.1
2025,20242025,187,Navy,Patriot,34,15,19,1375,66.0,452,91,222,2264,53.0,106.3,837,1979,42.3,588,1242,47.3,249,737,33.8,484,661,73.2,383,833,1216,367,22,558,3,0,2407,994,417,245,48.6,0.16,31.5,33.4,423,114,193,2271,55.4,105.4,843,1887,44.7,576,1114,51.7,267,773,34.5,440,624,70.5,306,837,1143,407,24,604,2,0,2393,964,405,274,51.7,0.18,26.8,33.1
2025,20242025,188,Nebraska,Big Ten,35,20,15,1450,67.1,492,101,254,2430,56.2,109.1,927,2041,45.4,667,1250,53.4,260,791,32.9,536,715,75.0,323,909,1232,394,14,549,1,0,2650,1168,482,299,51.8,0.16,26.2,35.0,475,112,200,2433,54.0,104.8,906,2110,42.9,574,1147,50.0,332,963,34.5,407,571,71.3,365,877,1242,433,17,605,3,0,2551,978,401,277,50.8,0.18,29.4,27.1
2025,20242025,189,Nevada,Mountain West,33,17,16,1350,63.4,497,119,205,2138,57.4,111.6,845,1785,47.3,617,1116,55.3,228,669,34.1,468,666,70.3,286,785,1071,335,13,579,7,0,2386,970,439,205,53.7,0.16,26.7,37.3,467,84,188,2142,55.7,104.9,750,1730,43.4,474,957,49.5,276,773,35.7,472,656,72.0,283,757,1040,404,28,638,8,0,2248,840,380,256,51.3,0.19,27.2,37.9
2025,20242025,190,New Hampshire,Am. East,32,8,24,1280,68.3,359,76,181,2183,50.7,97.3,772,1872,41.2,523,1107,47.2,249,765,32.5,331,502,65.9,330,768,1098,424,31,530,5,0,2124,934,364,224,47.9,0.19,30.1,26.8,467,143,230,2188,56.8,112.0,884,1889,46.8,630,1133,55.6,254,756,33.6,428,606,70.6,336,856,1192,370,25,476,8,0,2450,1118,543,439,53.5,0.17,28.2,32.1
2025,20242025,191,New Mexico,Mountain West,35,27,8,1430,71.0,521,174,306,2537,55.2,111.1,1010,2198,46.0,767,1497,51.2,243,701,34.7,556,807,68.9,419,942,1361,400,15,615,7,0,2819,1404,622,554,51.5,0.16,30.8,36.7,510,144,242,2540,52.8,97.3,871,2033,42.8,608,1256,48.4,263,777,33.8,467,703,66.4,326,904,1230,527,36,667,7,0,2472,1078,373,342,49.3,0.21,26.5,34.6
2025,20242025,192,New Mexico State,CUSA,32,17,15,1295,60.7,356,72,202,1967,53.0,113.3,765,1830,41.8,545,1142,47.7,220,688,32.0,419,623,67.3,362,787,1149,333,23,572,3,0,2229,894,396,276,47.8,0.17,31.5,34.0,358,113,190,1965,52.3,107.4,688,1723,39.9,473,987,47.9,215,736,29.2,458,665,68.9,300,733,1033,341,22,522,2,0,2110,806,341,321,46.2,0.17,29.0,38.6
2025,20242025,193,New Orleans,Southland,31,4,27,1270,65.9,380,81,226,2092,49.8,100.6,758,1840,41.2,586,1275,46.0,172,565,30.4,417,623,66.9,375,729,1104,408,20,466,3,0,2105,1072,389,316,45.9,0.2,34.0,33.9,547,142,240,2092,57.8,122.2,935,1981,47.2,629,1141,55.1,306,840,36.4,380,526,72.2,402,810,1212,349,13,516,6,0,2556,1122,520,419,54.9,0.17,33.2,26.6
2025,20242025,194,Niagara,MAAC,31,11,20,1285,60.5,390,69,193,1943,56.3,109.2,747,1659,45.0,496,948,52.3,251,711,35.3,377,510,73.9,230,718,948,379,23,487,6,0,2122,928,355,256,52.6,0.2,24.3,30.7,437,87,206,1941,56.8,114.1,786,1720,45.7,546,1061,51.5,240,659,36.4,402,519,77.5,270,747,1017,349,16,499,10,0,2214,938,429,305,52.7,0.18,26.5,30.2
2025,20242025,195,Nicholls,Southland,33,20,13,1350,65.6,373,129,266,2217,52.7,110.2,867,2025,42.8,615,1296,47.5,252,729,34.6,457,667,68.5,396,851,1247,351,14,570,3,0,2443,1100,454,393,49.0,0.16,31.8,32.9,400,147,226,2211,51.5,103.8,806,1937,41.6,593,1216,48.8,213,721,29.5,471,664,70.9,376,866,1242,411,15,508,7,0,2296,1008,349,296,47.1,0.19,30.3,34.3
2025,20242025,196,Norfolk State,MEAC,35,24,11,1430,64.5,484,105,244,2306,58.2,116.9,968,1983,48.8,783,1416,55.3,185,567,32.6,575,760,75.7,358,850,1208,433,25,623,9,0,2696,1346,544,544,53.5,0.19,29.6,38.3,485,124,240,2308,51.4,102.7,830,1999,41.5,548,1156,47.4,282,843,33.5,498,702,70.9,407,731,1138,461,20,634,10,0,2371,896,454,357,48.6,0.2,35.8,35.1
2025,20242025,197,North Alabama,ASUN,35,24,11,1430,64.5,422,115,263,2309,55.3,119.2,998,2185,45.7,731,1424,51.3,267,761,35.1,490,691,70.9,435,901,1336,310,23,520,4,0,2753,1300,488,340,51.8,0.13,32.6,31.6,456,130,172,2306,53.0,107.2,893,2079,43.0,605,1184,51.1,288,895,32.2,397,570,69.6,371,845,1216,405,17,564,5,0,2471,1100,342,269,49.9,0.18,30.5,27.4
2025,20242025,198,North Carolina A&T,CAA,32,7,25,1280,64.8,358,96,197,2071,50.2,106.9,791,1937,40.8,576,1229,46.9,215,708,30.4,416,606,68.6,341,807,1148,340,17,484,9,0,2213,936,358,297,46.4,0.16,29.7,31.3,498,116,187,2073,55.1,117.7,871,1950,44.7,621,1195,52.0,250,755,33.1,445,601,74.0,357,906,1263,344,17,528,8,0,2439,1074,379,389,51.1,0.17,28.3,30.8
2025,20242025,199,North Carolina Central,MEAC,33,14,19,1370,65.9,520,79,276,2258,55.8,115.1,915,1994,45.9,673,1303,51.7,242,691,35.0,528,759,69.6,437,668,1105,437,21,659,7,0,2600,1198,617,521,52.0,0.19,39.5,38.1,427,106,209,2256,57.6,110.9,882,1837,48.0,691,1220,56.6,191,617,31.0,546,761,71.7,368,739,1107,527,32,594,9,0,2501,1188,495,399,53.2,0.23,33.2,41.4
2025,20242025,200,North Carolina,ACC,37,23,14,1510,69.0,544,135,221,2600,58.1,114.9,1059,2230,47.5,764,1401,54.5,295,829,35.6,574,775,74.1,362,995,1357,397,8,627,7,0,2987,1376,493,479,54.1,0.15,26.7,34.8,467,147,228,2612,53.6,105.8,980,2271,43.2,690,1405,49.1,290,866,33.5,513,693,74.0,367,881,1248,403,25,639,4,0,2763,1122,456,273,49.5,0.15,29.4,30.5
2025,20242025,201,North Dakota,Summit,33,12,21,1320,69.6,404,81,188,2297,53.8,111.0,899,2070,43.4,628,1238,50.7,271,832,32.6,481,679,70.8,438,809,1247,375,9,549,4,0,2550,1130,405,280,50.0,0.16,35.1,32.8,440,115,211,2294,58.3,114.4,936,1976,47.4,648,1179,55.0,288,797,36.1,464,623,74.5,312,845,1157,356,16,606,4,0,2624,1164,443,348,54.7,0.16,27.0,31.5
2025,20242025,202,North Dakota State,Summit,32,21,11,1340,63.5,480,59,117,2132,62.0,121.7,871,1826,47.7,491,871,56.4,380,955,39.8,473,610,77.5,286,825,1111,332,17,478,0,0,2595,920,334,134,58.1,0.16,25.7,33.4,359,77,187,2123,54.0,112.4,876,1977,44.3,613,1208,50.7,263,769,34.2,371,530,70.0,324,729,1053,252,8,542,5,0,2386,1024,411,211,51.0,0.12,30.8,26.8
2025,20242025,203,North Florida,ASUN,32,15,17,1325,68.8,521,104,202,2275,56.3,116.5,944,2125,44.4,535,978,54.7,409,1147,35.7,354,517,68.5,359,786,1145,358,8,573,1,0,2651,1034,403,341,54.0,0.16,31.4,24.3,531,125,225,2280,56.7,118.9,1015,2110,48.1,792,1464,54.1,223,646,34.5,459,642,71.5,395,890,1285,350,10,461,0,0,2712,1456,437,389,53.4,0.15,30.7,30.4
2025,20242025,204,North Texas,American,36,27,9,1440,61.0,375,91,271,2190,56.2,111.7,842,1884,44.7,594,1198,49.6,248,686,36.2,515,669,77.0,368,814,1182,369,40,536,4,0,2447,960,494,243,51.3,0.17,31.1,35.5,351,103,217,2200,52.3,98.4,738,1785,41.3,526,1104,47.6,212,681,31.1,477,643,74.2,308,746,1054,437,30,573,3,0,2165,872,410,308,47.3,0.2,29.2,36.0
2025,20242025,205,Northeastern,CAA,32,17,15,1280,62.7,415,151,242,2007,54.0,111.8,835,1848,45.2,618,1204,51.3,217,644,33.7,356,518,68.7,339,751,1090,399,19,517,3,0,2243,1112,441,336,51.1,0.2,31.1,28.0,386,122,225,2006,53.7,111.1,810,1832,44.2,588,1196,49.2,222,636,34.9,387,556,69.6,344,740,1084,391,25,486,1,0,2229,1030,488,255,50.3,0.19,31.7,30.3
2025,20242025,206,Northern Arizona,Big Sky,34,18,16,1360,65.0,505,51,208,2216,54.6,116.5,955,2098,45.5,680,1312,51.8,275,786,35.0,396,600,66.0,408,868,1276,343,13,541,6,0,2581,1208,411,356,52.1,0.15,32.0,28.6,449,110,190,2206,55.7,110.4,869,1916,45.4,610,1192,51.2,259,724,35.8,438,612,71.6,266,829,1095,365,14,556,8,0,2435,1058,342,297,52.1,0.17,24.3,31.9
2025,20242025,207,Northern Colorado,Big Sky,35,25,10,1435,67.1,552,82,214,2405,61.1,117.3,1024,2019,50.7,730,1246,58.6,294,773,38.0,480,663,72.4,288,914,1202,386,5,610,9,0,2822,1348,433,380,58.0,0.16,24.0,32.8,344,114,217,2410,55.6,105.6,904,1992,45.4,665,1305,51.0,239,687,34.8,498,672,74.1,255,794,1049,381,14,570,9,0,2545,1166,403,245,51.4,0.16,24.3,33.7
2025,20242025,208,Northern Illinois,MAC,31,6,25,1275,69.1,387,110,189,2201,52.7,99.9,756,1843,41.0,461,961,48.0,295,882,33.4,392,556,70.5,229,789,1018,355,16,614,7,0,2199,792,403,308,49.0,0.16,22.5,30.2,430,87,204,2202,56.1,108.2,794,1786,44.5,543,1106,49.1,251,680,36.9,544,766,71.0,328,946,1274,392,18,519,7,0,2383,954,426,384,51.5,0.18,25.7,42.9
2025,20242025,209,Northern Iowa,MVC,33,20,13,1335,62.5,459,99,196,2085,58.4,116.0,872,1792,48.7,636,1148,55.4,236,644,36.6,438,630,69.5,265,825,1090,348,13,484,2,0,2418,1110,427,270,55.2,0.17,24.3,35.2,357,91,219,2088,54.4,106.5,798,1822,43.8,531,1070,49.6,267,752,35.5,358,505,70.9,275,762,1037,383,32,556,7,0,2223,896,386,227,51.1,0.18,26.5,27.7
2025,20242025,210,Northern Kentucky,Horizon,33,17,16,1360,63.6,467,106,256,2159,53.5,109.8,852,1946,43.8,594,1168,50.9,258,778,33.2,409,611,66.9,372,734,1106,397,19,529,1,0,2371,1024,530,380,50.4,0.18,33.6,31.4,451,104,222,2167,55.7,109.7,847,1890,44.8,572,1132,50.5,275,758,36.3,408,554,73.6,348,793,1141,456,32,567,2,0,2377,990,415,292,52.1,0.21,30.5,29.3
2025,20242025,211,Northwestern State,Southland,32,16,16,1310,61.3,407,136,218,2007,53.4,106.9,756,1756,43.1,533,1126,47.3,223,630,35.4,411,575,71.5,364,756,1120,421,23,501,7,0,2146,870,395,245,49.4,0.21,32.5,32.7,389,126,237,2006,53.4,109.9,765,1805,42.4,508,1091,46.6,257,714,36.0,417,590,70.7,366,720,1086,375,24,504,5,0,2204,898,459,287,49.5,0.19,33.7,32.7
2025,20242025,212,Northwestern,Big Ten,33,17,16,1380,63.3,479,116,228,2181,53.8,109.6,860,1951,44.1,638,1283,49.7,222,668,33.2,448,611,73.3,361,753,1114,329,21,585,5,0,2390,1010,481,236,49.8,0.15,32.4,31.3,473,114,182,2184,54.8,104.5,776,1793,43.3,538,1089,49.4,238,704,33.8,492,656,75.0,324,797,1121,439,24,553,3,0,2282,896,344,185,49.9,0.2,28.9,36.6
2025,20242025,213,Notre Dame,ACC,33,15,18,1385,63.2,376,58,184,2188,55.7,109.6,851,1889,45.1,600,1181,50.8,251,708,35.5,444,600,74.0,329,829,1158,366,26,519,7,0,2397,1010,347,166,51.7,0.17,28.4,31.8,470,107,198,2188,55.4,109.3,856,1907,44.9,608,1135,53.6,248,772,32.1,432,573,75.4,292,781,1073,331,18,552,4,0,2392,996,426,245,51.4,0.15,27.2,30.0
2025,20242025,214,Oakland,Horizon,34,16,18,1450,61.2,439,102,223,2221,53.7,108.1,859,1968,43.6,604,1132,53.4,255,836,30.5,429,614,69.9,409,791,1200,405,28,545,1,0,2402,1110,413,259,50.1,0.18,34.1,31.2,537,112,205,2214,54.6,110.0,872,1992,43.8,579,1168,49.6,293,824,35.6,399,544,73.3,376,768,1144,366,12,594,3,0,2436,1020,500,363,51.1,0.17,32.9,27.3
2025,20242025,215,Ohio,MAC,32,16,16,1310,67.7,450,95,231,2212,58.2,115.5,899,1915,46.9,624,1146,54.5,275,769,35.8,481,632,76.1,261,801,1062,348,10,562,7,0,2554,1120,492,479,54.1,0.16,24.6,33.0,416,97,214,2224,55.5,110.1,872,1909,45.7,640,1284,49.8,232,625,37.1,473,672,70.4,323,823,1146,412,26,588,9,0,2449,1110,378,302,51.8,0.19,28.2,35.2
2025,20242025,216,Ohio State,Big Ten,32,17,15,1350,65.4,421,115,207,2201,57.8,114.6,878,1884,46.6,617,1173,52.6,261,711,36.7,505,675,74.8,305,773,1078,349,20,626,2,0,2522,1062,418,176,53.5,0.16,28.3,35.8,380,107,135,2211,54.1,106.4,793,1851,42.8,581,1155,50.3,212,696,30.5,555,738,75.2,339,750,1089,376,15,604,8,0,2353,988,385,162,48.6,0.17,31.1,39.9
2025,20242025,217,Oklahoma,SEC,34,20,14,1360,69.2,457,78,265,2348,59.8,113.3,886,1894,46.8,598,1106,54.1,288,788,36.5,601,756,79.5,287,805,1092,411,22,629,8,0,2661,1088,544,415,54.4,0.18,26.3,39.9,416,116,246,2356,55.3,107.7,885,1983,44.6,633,1151,55.0,252,832,30.3,515,707,72.8,376,792,1168,432,17,627,10,0,2537,1122,458,279,51.0,0.18,32.2,35.7
2025,20242025,218,Oklahoma State,Big 12,35,17,18,1400,71.3,445,103,317,2492,53.6,102.6,865,2019,42.8,633,1318,48.0,232,701,33.1,594,828,71.7,391,840,1231,479,20,681,16,0,2556,1064,570,450,48.6,0.19,31.8,41.0,509,151,281,2498,56.8,106.9,922,2027,45.5,617,1163,53.1,305,864,35.3,522,737,70.8,353,865,1218,511,22,665,9,0,2671,1076,514,342,53.0,0.2,29.0,36.4
2025,20242025,219,Old Dominion,Sun Belt,35,15,20,1430,62.1,369,118,193,2219,49.2,107.1,839,2120,39.6,621,1362,45.6,218,758,28.8,480,669,71.7,500,845,1345,400,17,586,1,0,2376,956,392,298,44.7,0.18,37.2,31.6,444,133,237,2221,53.8,112.7,891,2020,44.1,651,1304,49.9,240,716,33.5,478,690,69.3,390,869,1259,372,33,540,1,0,2502,1158,422,339,50.0,0.17,31.0,34.2
2025,20242025,220,Ole Miss,SEC,36,24,12,1470,65.7,509,134,315,2414,55.8,115.1,959,2156,44.5,659,1293,51.0,300,863,34.8,561,760,73.8,331,862,1193,325,16,657,4,0,2779,1100,578,387,51.4,0.13,27.7,35.3,500,141,207,2413,55.0,107.0,868,2001,43.4,585,1131,51.7,283,870,32.5,557,787,70.8,377,965,1342,508,26,641,4,0,2582,1012,359,266,50.4,0.21,28.1,39.3
2025,20242025,221,Omaha,Summit,35,22,13,1400,68.6,465,82,207,2402,56.9,112.7,941,2051,45.9,653,1243,52.5,288,808,35.6,537,744,72.2,360,891,1251,379,14,640,7,0,2707,1128,409,341,52.9,0.16,28.8,36.3,461,104,202,2397,56.5,109.9,899,2007,44.8,589,1115,52.8,310,892,34.8,526,735,71.6,306,850,1156,363,17,645,5,0,2634,1020,419,260,52.5,0.15,26.5,36.6
2025,20242025,222,Oral Roberts,Summit,30,7,23,1215,67.1,306,70,149,2042,56.3,107.7,738,1693,43.6,458,920,49.8,280,773,36.2,444,590,75.3,252,689,941,348,19,532,3,0,2200,806,338,192,51.9,0.17,26.8,34.8,435,92,176,2036,58.2,115.7,820,1755,46.7,576,1040,55.4,244,715,34.1,472,614,76.9,307,776,1083,309,14,521,5,0,2356,1030,413,306,53.7,0.15,28.3,35.0
2025,20242025,223,Oregon,Big Ten,35,25,10,1445,66.6,501,130,251,2400,56.8,111.6,947,2060,46.0,676,1272,53.1,271,788,34.4,514,679,75.7,357,896,1253,395,25,569,4,0,2679,1116,547,417,52.5,0.16,28.5,33.0,457,114,213,2415,52.4,102.7,905,2109,42.9,652,1311,49.7,253,798,31.7,417,581,71.8,367,815,1182,425,22,621,6,0,2480,1096,429,259,48.9,0.18,31.0,27.5
2025,20242025,224,Oregon State,WCC,33,21,12,1365,63.0,485,105,218,2151,59.6,117.0,872,1812,48.1,634,1166,54.4,238,646,36.8,535,682,78.4,314,789,1103,357,22,523,1,0,2517,1062,445,322,54.7,0.17,28.5,37.6,453,82,196,2147,54.4,106.0,801,1836,43.6,545,1086,50.2,256,750,34.1,417,576,72.4,313,668,981,370,28,595,4,0,2275,932,385,250,50.6,0.17,31.9,31.4
2025,20242025,225,Pacific,WCC,33,9,24,1350,66.5,421,94,188,2249,53.3,102.0,819,1883,43.5,607,1176,51.6,212,707,30.0,445,614,72.5,338,810,1148,429,24,610,1,0,2295,1112,364,237,49.1,0.19,29.4,32.6,510,100,234,2241,56.8,111.6,852,1894,45.0,590,1137,51.9,262,757,34.6,534,693,77.1,304,817,1121,351,15,568,5,0,2500,1046,523,350,51.9,0.16,27.1,36.6
2025,20242025,226,Penn State,Big Ten,31,16,15,1240,67.9,496,126,250,2106,58.6,116.4,858,1792,47.9,636,1144,55.6,222,648,34.3,514,680,75.6,290,754,1044,384,11,512,8,0,2452,1190,496,408,54.1,0.18,27.8,37.9,523,99,230,2102,55.4,108.0,819,1815,45.1,574,1120,51.3,245,695,35.3,387,533,72.6,310,727,1037,437,27,597,10,0,2270,1004,419,315,51.9,0.21,29.9,29.4
2025,20242025,227,Pennsylvania,Ivy,27,8,19,1095,63.9,371,47,132,1750,52.8,107.3,666,1578,42.2,438,878,49.9,228,700,32.6,318,456,69.7,261,666,927,300,20,413,5,0,1878,810,254,154,49.4,0.17,28.2,28.9,407,85,159,1746,56.5,119.6,757,1660,45.6,513,1010,50.8,244,650,37.5,331,428,77.3,282,712,994,246,11,408,3,0,2089,894,352,241,53.0,0.14,28.4,25.8
2025,20242025,228,Pepperdine,WCC,35,13,22,1400,67.8,554,96,212,2373,54.1,107.9,923,2079,44.4,677,1358,49.9,246,721,34.1,468,654,71.6,350,874,1224,386,25,552,14,0,2560,1112,466,447,50.3,0.16,28.6,31.5,507,112,216,2375,55.7,112.9,980,2152,45.5,696,1315,52.9,284,837,33.9,437,580,75.3,364,893,1257,374,15,602,16,0,2681,1210,455,383,52.1,0.16,29.0,27.0
2025,20242025,229,Pittsburgh,ACC,32,17,15,1310,62.8,429,132,233,2057,57.0,118.0,834,1851,45.1,569,1085,52.4,265,766,34.6,495,633,78.2,314,754,1068,319,10,526,6,1,2428,958,453,313,52.2,0.16,29.4,34.2,416,86,175,2059,55.0,110.1,790,1800,43.9,532,1056,50.4,258,744,34.7,429,591,72.6,321,767,1088,395,20,566,7,0,2267,906,346,260,51.1,0.19,29.5,32.8
2025,20242025,230,Portland,WCC,32,12,20,1330,62.1,496,99,149,2066,55.6,113.0,805,1843,43.7,533,1055,50.5,272,788,34.5,452,582,77.7,266,817,1083,408,11,488,8,0,2334,928,328,252,51.1,0.2,24.6,31.6,552,91,241,2066,56.6,124.6,959,2077,46.2,636,1218,52.2,323,859,37.6,333,451,73.8,341,837,1178,305,12,556,9,0,2574,1092,498,402,53.9,0.15,28.9,21.7
2025,20242025,231,Portland State,Big Sky,32,19,13,1295,68.8,468,157,264,2231,54.8,108.4,913,1932,47.3,712,1317,54.1,201,615,32.7,391,621,63.0,387,792,1179,407,17,561,13,0,2418,1366,545,375,52.5,0.18,32.8,32.1,415,99,213,2226,53.3,100.0,777,1819,42.7,556,1124,49.5,221,695,31.8,452,611,74.0,326,745,1071,464,21,568,6,0,2227,984,401,301,48.8,0.21,30.4,33.6
2025,20242025,232,Prairie View A&M,SWAC,32,5,27,1280,65.2,390,102,259,2088,52.7,109.5,820,1884,43.5,618,1250,49.4,202,634,31.9,444,643,69.1,283,611,894,381,27,607,12,0,2286,1048,505,402,48.9,0.18,31.7,34.1,484,115,197,2082,59.9,126.7,944,1869,50.5,724,1254,57.7,220,615,35.8,529,759,69.7,386,860,1246,460,23,581,7,0,2637,1310,470,415,56.4,0.22,31.0,40.6
2025,20242025,233,Presbyterian,Big South,33,14,19,1365,62.7,429,104,224,2135,56.2,114.7,894,1911,46.8,655,1261,51.9,239,650,36.8,422,605,69.8,330,772,1102,349,14,595,7,0,2449,1124,475,398,53.0,0.16,29.9,31.7,379,102,203,2141,55.6,109.3,823,1805,45.6,615,1180,52.1,208,625,33.3,487,685,71.1,316,773,1089,406,28,530,8,0,2341,1118,399,298,51.4,0.19,29.0,38.0
2025,20242025,234,Princeton,Ivy,30,19,11,1200,62.9,439,65,221,1889,54.8,116.9,791,1824,43.4,475,935,50.8,316,889,35.5,311,438,71.0,291,723,1014,313,17,466,2,0,2209,874,394,180,52.0,0.17,28.7,24.0,392,115,196,1887,56.6,114.6,766,1680,45.6,526,1005,52.3,240,675,35.6,390,519,75.1,231,782,1013,364,15,446,1,0,2162,914,350,234,52.7,0.19,22.8,30.9
2025,20242025,235,Providence,Big East,32,12,20,1295,65.3,413,109,159,2118,55.1,107.8,807,1833,44.0,510,999,51.1,297,834,35.6,372,542,68.6,362,824,1186,407,28,554,7,0,2283,962,319,217,52.1,0.19,30.5,29.6,400,93,234,2110,53.7,110.0,818,1889,43.3,584,1191,49.0,234,698,33.5,450,620,72.6,332,729,1061,295,15,479,6,0,2320,946,455,208,49.5,0.14,31.3,32.8
2025,20242025,236,Purdue,Big Ten,36,24,12,1440,63.2,572,59,230,2276,59.5,122.2,985,2027,48.6,688,1249,55.1,297,778,38.2,514,702,73.2,352,831,1183,375,19,571,4,0,2781,1140,526,282,55.9,0.16,29.8,34.6,530,106,213,2275,55.3,111.3,914,2024,45.2,645,1161,55.6,269,863,31.2,436,609,71.6,351,756,1107,418,11,646,5,0,2533,1088,418,277,51.8,0.18,31.7,30.1
2025,20242025,237,Purdue Fort Wayne,Horizon,32,19,13,1315,68.6,434,89,278,2260,58.7,114.3,918,1955,47.0,588,1065,55.2,330,890,37.1,417,556,75.0,243,725,968,306,12,504,3,0,2583,1106,576,405,55.4,0.14,25.1,28.4,430,102,177,2252,56.1,106.0,871,1887,46.2,630,1131,55.7,241,756,31.9,405,549,73.8,342,840,1182,477,14,537,2,0,2388,1102,361,293,52.5,0.21,28.9,29.1
2025,20242025,238,Quinnipiac,MAAC,33,20,13,1335,69.9,453,154,272,2332,52.9,104.6,864,2026,42.6,637,1259,50.6,227,767,29.6,484,634,76.3,390,873,1263,425,17,539,7,0,2439,1086,427,324,48.2,0.18,30.9,31.3,481,142,261,2332,52.3,101.1,847,2006,42.2,580,1250,46.4,267,756,35.3,397,560,70.9,300,780,1080,407,28,526,9,0,2358,998,434,325,48.9,0.17,27.8,27.9
2025,20242025,239,Radford,Big South,33,20,13,1350,61.7,374,103,183,2084,57.3,117.1,824,1813,45.4,582,1149,50.7,242,664,36.4,551,722,76.3,375,792,1167,374,18,564,2,0,2441,1018,412,297,52.1,0.18,32.1,39.8,370,93,204,2082,55.2,111.1,790,1816,43.5,535,1097,48.8,255,719,35.5,479,638,75.1,320,710,1030,364,16,615,1,0,2314,984,412,359,50.5,0.17,31.1,35.1
2025,20242025,240,Rhode Island,A-10,31,18,13,1275,64.9,430,104,184,2067,57.2,117.0,828,1782,46.5,592,1109,53.4,236,673,35.1,527,759,69.4,311,849,1160,401,16,508,15,0,2419,1112,378,440,53.1,0.19,26.8,42.6,426,120,259,2071,53.0,112.4,829,1938,42.8,584,1171,49.9,245,767,31.9,425,589,72.2,339,764,1103,357,16,627,10,0,2328,1024,431,343,49.1,0.17,30.7,30.4
2025,20242025,241,Rice,American,32,13,19,1310,64.6,379,99,149,2119,53.1,106.1,748,1778,42.1,521,1090,47.8,227,688,33.0,526,772,68.1,394,829,1223,377,15,572,9,0,2249,860,322,215,48.5,0.18,32.2,43.4,370,106,226,2111,52.5,106.5,775,1847,42.0,557,1172,47.5,218,675,32.3,481,670,71.8,342,775,1117,299,17,642,11,0,2249,916,435,335,47.9,0.14,30.6,36.3
2025,20242025,242,Richmond,A-10,32,10,22,1350,62.2,372,66,191,2096,53.9,102.0,729,1745,41.8,479,948,50.5,250,797,31.4,429,542,79.2,208,788,996,327,28,562,3,0,2137,766,337,140,48.9,0.16,20.9,31.1,397,91,189,2101,55.9,109.6,770,1777,43.3,475,931,51.0,295,846,34.9,467,645,72.4,294,851,1145,333,10,496,6,0,2302,860,350,258,51.6,0.16,25.7,36.3
2025,20242025,243,Rider,MAAC,33,14,19,1320,64.7,412,102,177,2139,51.6,103.4,814,1894,43.0,636,1323,48.1,178,571,31.2,405,561,72.2,369,762,1131,369,38,477,6,0,2211,944,355,226,47.7,0.17,32.6,29.6,468,117,203,2131,55.8,111.2,868,1895,45.8,591,1119,52.8,277,776,35.7,357,517,69.1,338,776,1114,344,33,507,11,0,2370,1028,430,325,53.1,0.16,30.3,27.3
2025,20242025,244,Robert Morris,Horizon,35,26,9,1455,62.7,562,159,224,2283,55.6,118.0,934,2078,44.9,670,1317,50.9,264,761,34.7,562,780,72.1,437,870,1307,451,26,587,13,0,2694,1224,530,384,51.3,0.2,33.4,37.5,466,124,250,2282,53.8,108.9,902,2042,44.2,658,1312,50.2,244,730,33.4,437,608,71.9,341,798,1139,456,17,668,7,0,2485,1134,497,323,50.1,0.2,29.9,29.8
2025,20242025,245,Rutgers,Big Ten,32,15,17,1345,64.8,413,125,225,2181,54.8,113.0,865,1939,44.6,634,1236,51.3,231,703,32.9,504,702,71.8,358,771,1129,349,12,547,4,0,2465,1034,448,386,50.6,0.16,31.7,36.2,466,104,184,2175,55.9,114.1,904,1957,46.2,645,1220,52.9,259,737,35.1,415,596,69.6,367,805,1172,394,18,614,3,0,2482,1132,371,311,52.8,0.18,31.3,30.5
2025,20242025,246,SE Louisiana,Southland,32,18,14,1310,66.0,378,74,222,2159,54.4,107.6,824,1854,44.4,629,1262,49.8,195,592,32.9,481,642,74.9,349,798,1147,373,19,550,5,0,2324,1018,469,329,49.7,0.17,30.4,34.6,392,122,194,2163,54.2,103.2,774,1776,43.6,522,1010,51.7,252,766,32.9,432,640,67.5,323,759,1082,415,29,542,7,0,2232,916,416,313,50.7,0.19,29.9,36.0
2025,20242025,247,SIU Edwardsville,OVC,34,22,12,1380,65.0,462,137,226,2246,52.5,108.5,874,2030,43.1,625,1282,48.8,249,748,33.3,439,655,67.0,403,894,1297,388,23,560,4,0,2436,1070,449,416,49.2,0.17,31.1,32.3,386,96,220,2241,50.8,100.8,786,1954,40.2,536,1192,45.0,250,762,32.8,438,618,70.9,358,862,1220,425,27,569,5,0,2260,864,398,262,46.6,0.19,29.3,31.6
2025,20242025,248,SMU,ACC,35,24,11,1400,68.9,555,131,282,2406,58.2,116.3,990,2069,47.8,715,1342,53.3,275,727,37.8,542,759,71.4,436,909,1345,418,17,590,8,0,2797,1278,528,446,54.5,0.17,32.4,36.7,531,136,226,2418,52.6,103.2,856,2072,41.3,574,1220,47.0,282,852,33.1,501,677,74.0,387,765,1152,435,16,637,5,0,2495,900,463,283,48.1,0.18,33.6,32.7
2025,20242025,249,Sacramento State,Big Sky,32,7,25,1280,65.6,418,97,190,2103,53.5,100.8,746,1741,42.8,484,943,51.3,262,798,32.8,365,541,67.5,299,767,1066,419,9,592,14,0,2119,900,415,196,50.4,0.2,28.0,31.1,444,91,239,2096,56.7,107.7,765,1710,44.7,490,923,53.1,275,787,34.9,452,634,71.3,271,788,1059,375,15,549,10,0,2257,838,470,262,52.8,0.18,25.6,37.1
2025,20242025,250,Sacred Heart,MAAC,33,15,18,1335,69.1,547,98,243,2310,54.9,108.3,895,2042,43.8,577,1132,51.0,318,910,34.9,392,536,73.1,389,834,1223,406,14,521,7,0,2502,1084,462,413,51.6,0.18,31.8,26.2,532,117,249,2305,55.2,107.6,884,2007,44.0,574,1139,50.4,310,868,35.7,403,543,74.2,349,833,1182,409,33,496,1,0,2481,970,448,346,51.8,0.18,29.5,27.1
2025,20242025,251,Saint Joseph's,A-10,35,22,13,1430,65.0,510,197,228,2323,55.7,113.1,907,2070,43.8,584,1107,52.8,323,963,33.5,490,657,74.6,369,926,1295,395,12,503,2,0,2627,1086,463,371,51.6,0.17,28.5,31.7,446,109,234,2323,50.8,103.4,878,2122,41.4,645,1424,45.3,233,698,33.4,413,550,75.1,359,856,1215,390,29,565,1,0,2402,1142,415,359,46.9,0.17,29.5,25.9
2025,20242025,252,Saint Louis,A-10,34,19,15,1390,67.2,509,105,216,2333,59.0,108.3,899,1886,47.7,566,941,60.1,333,945,35.2,396,577,68.6,258,940,1198,431,14,499,0,0,2527,1058,376,323,56.5,0.18,21.5,30.6,428,107,247,2337,51.7,103.7,893,2117,42.2,618,1286,48.1,275,831,33.1,362,515,70.3,358,828,1186,352,20,533,4,0,2423,1040,480,307,48.7,0.15,30.2,24.3
2025,20242025,253,Saint Mary's,WCC,35,29,6,1430,61.8,529,140,214,2203,53.8,115.8,940,2087,45.0,717,1390,51.6,223,697,32.0,448,645,69.5,488,901,1389,338,22,523,3,0,2551,1246,426,213,50.4,0.15,35.1,30.9,432,102,181,2215,49.7,96.5,797,1939,41.1,606,1325,45.7,191,614,31.1,353,477,74.0,289,740,1029,370,14,586,6,0,2138,996,336,253,46.0,0.17,28.1,24.6
2025,20242025,254,Saint Peter's,MAAC,28,12,16,1150,61.0,289,101,190,1756,50.8,105.2,624,1581,39.5,425,977,43.5,199,604,32.9,401,543,73.8,377,666,1043,380,32,528,10,0,1848,726,368,269,45.8,0.22,36.1,34.3,315,114,194,1753,52.0,105.1,624,1521,41.0,442,941,47.0,182,580,31.4,412,566,72.8,296,622,918,337,23,465,11,0,1842,764,356,324,47.0,0.19,32.2,37.2
2025,20242025,255,Sam Houston,CUSA,32,13,19,1325,64.9,412,93,205,2149,56.2,112.2,827,1854,44.6,551,1142,48.2,276,712,38.8,481,663,72.5,345,784,1129,406,18,565,5,0,2411,928,440,322,52.0,0.19,30.6,35.8,443,91,224,2148,55.8,113.3,852,1907,44.7,568,1111,51.1,284,796,35.7,445,618,72.0,350,766,1116,393,19,580,7,0,2433,982,458,340,52.1,0.18,31.4,32.4
2025,20242025,256,Samford,SoCon,33,22,11,1350,68.0,543,120,326,2299,57.6,119.0,970,2107,46.0,614,1129,54.4,356,978,36.4,440,609,72.2,431,757,1188,427,14,647,3,0,2736,1150,665,468,54.5,0.19,36.3,28.9,500,117,268,2293,56.6,108.7,835,1863,44.8,551,1036,53.2,284,827,34.3,538,769,70.0,376,787,1163,532,38,547,4,0,2492,1000,485,488,52.4,0.23,32.3,41.3
2025,20242025,257,San Diego State,Mountain West,31,21,10,1270,63.7,403,169,236,2026,54.0,108.3,789,1784,44.2,550,1067,51.5,239,717,33.3,375,565,66.4,314,776,1090,340,26,572,7,0,2194,984,477,278,50.9,0.17,28.8,31.7,332,88,182,2021,50.4,99.2,654,1709,38.3,405,908,44.6,249,801,31.1,445,630,70.6,350,749,1099,411,32,551,6,0,2004,728,310,174,45.6,0.2,31.8,36.9
2025,20242025,258,San Diego,WCC,33,6,27,1320,70.0,376,118,245,2313,50.6,100.0,820,2016,40.7,609,1297,47.0,211,719,29.3,463,616,75.2,381,751,1132,440,24,695,12,0,2314,986,449,454,45.9,0.19,33.7,30.6,492,122,235,2308,58.8,113.9,865,1860,46.5,593,1153,51.4,272,707,38.5,627,852,73.6,346,886,1232,438,18,583,9,0,2629,1028,500,467,53.8,0.19,28.1,45.8
2025,20242025,259,San Francisco,WCC,35,25,10,1415,67.0,486,117,231,2374,56.4,112.0,929,2047,45.4,627,1156,54.2,302,891,33.9,500,703,71.1,363,883,1246,410,20,658,7,0,2660,1070,503,371,52.8,0.17,29.1,34.3,406,90,236,2368,52.7,102.2,857,1977,43.3,660,1272,51.9,197,705,27.9,509,721,70.6,335,875,1210,436,19,635,12,0,2420,1138,408,338,48.3,0.18,27.7,36.5
2025,20242025,260,San José State,Mountain West,35,15,20,1435,65.6,452,106,209,2351,55.4,107.4,891,2008,44.4,607,1190,51.0,284,818,34.7,459,617,74.4,331,854,1185,401,25,547,2,0,2525,1086,418,343,51.4,0.17,27.9,30.7,497,105,219,2357,54.5,109.0,962,2106,45.7,714,1338,53.4,248,768,32.3,394,571,69.0,379,850,1229,387,12,534,2,0,2568,1276,456,315,51.6,0.16,30.8,27.1
2025,20242025,261,Santa Clara,WCC,34,21,13,1405,65.9,589,102,222,2308,59.0,120.7,990,2099,47.2,618,1126,54.9,372,973,38.2,434,597,72.7,383,907,1290,403,22,558,3,0,2786,1202,507,396,56.0,0.17,29.7,28.4,512,117,208,2320,53.4,106.9,883,2040,43.3,630,1231,51.2,253,809,31.3,462,639,72.3,330,789,1119,401,22,535,6,0,2481,1098,472,325,49.5,0.17,29.5,31.3
2025,20242025,262,Seattle U,WAC,32,14,18,1280,67.4,386,102,259,2156,52.8,104.5,746,1799,41.5,532,1136,46.8,214,663,32.3,548,767,71.4,347,752,1099,364,16,576,4,0,2254,950,509,276,47.4,0.17,31.6,42.6,418,127,207,2156,54.4,98.6,742,1681,44.1,539,1035,52.1,203,646,31.4,438,619,70.8,267,799,1066,460,25,629,5,0,2125,924,387,256,50.2,0.21,25.0,36.8
2025,20242025,263,Seton Hall,Big East,32,7,25,1325,60.8,359,106,260,2014,48.6,97.8,708,1770,40.0,540,1231,43.9,168,539,31.2,386,582,66.3,359,637,996,400,32,579,9,0,1970,902,429,217,44.7,0.2,36.0,32.9,448,132,221,2015,58.8,111.5,757,1626,46.6,493,904,54.5,264,722,36.6,468,645,72.6,296,791,1087,466,40,545,10,0,2246,882,495,306,54.7,0.23,27.2,39.7
2025,20242025,264,Siena,MAAC,32,14,18,1330,65.1,378,159,219,2170,54.3,106.5,783,1827,42.9,544,1098,49.5,239,729,32.8,506,681,74.3,315,715,1030,379,22,520,2,0,2311,928,429,220,49.4,0.17,30.6,37.3,414,107,218,2161,55.8,106.8,833,1817,45.8,620,1196,51.8,213,621,34.3,428,570,75.1,306,779,1085,399,19,605,1,0,2307,1096,407,271,51.7,0.18,28.2,31.4
2025,20242025,265,South Alabama,Sun Belt,32,21,11,1370,59.2,461,84,299,2025,55.4,115.2,813,1835,44.3,540,997,54.2,273,838,32.6,433,615,70.4,320,810,1130,297,24,431,0,0,2332,972,533,427,51.7,0.15,28.3,33.5,488,103,185,2029,51.3,101.8,702,1822,38.5,342,739,46.3,360,1083,33.2,302,432,69.9,372,783,1155,449,45,495,2,0,2066,612,323,249,48.4,0.22,32.2,23.7
2025,20242025,266,South Carolina,SEC,32,12,20,1310,63.0,405,94,181,2058,54.1,108.5,741,1735,42.7,527,1058,49.8,214,677,31.6,537,751,71.5,323,777,1100,397,19,514,6,0,2233,948,348,235,48.9,0.19,29.4,43.3,416,147,251,2066,54.9,110.6,834,1835,45.4,613,1200,51.1,221,635,34.8,397,558,71.1,292,741,1033,336,18,605,8,0,2286,1034,439,383,51.5,0.16,28.3,30.4
2025,20242025,267,South Carolina State,MEAC,33,20,13,1350,69.6,515,116,313,2352,57.3,111.6,902,1926,46.8,668,1279,52.2,234,647,36.2,586,827,70.9,408,757,1165,469,25,695,6,0,2624,1132,641,429,52.9,0.2,35.0,42.9,427,95,243,2348,54.2,99.0,786,1784,44.1,600,1184,50.7,186,600,31.0,566,818,69.2,342,708,1050,547,30,655,6,0,2324,1048,510,344,49.3,0.23,32.6,45.9
2025,20242025,268,South Carolina Upstate,Big South,32,6,26,1280,73.6,426,74,242,2367,54.2,101.1,881,1941,45.4,659,1215,54.2,222,726,30.6,409,606,67.5,299,787,1086,453,11,618,3,0,2393,1178,460,387,51.1,0.19,27.5,31.2,435,93,261,2345,58.5,114.0,933,1951,47.8,666,1173,56.8,267,778,34.3,540,758,71.2,351,858,1209,401,14,546,6,0,2673,1184,526,336,54.7,0.17,29.0,38.9
2025,20242025,269,South Dakota,Summit,33,19,14,1320,71.9,378,110,249,2376,56.0,118.4,946,2104,45.0,686,1293,53.1,260,811,32.1,660,925,71.4,393,786,1179,317,13,613,6,0,2812,1264,535,340,51.1,0.13,33.3,44.0,498,108,164,2371,57.2,116.5,980,2100,46.7,692,1276,54.2,288,824,35.0,515,712,72.3,419,883,1302,442,23,683,3,0,2763,1272,375,382,53.5,0.19,32.2,33.9
2025,20242025,270,South Dakota State,Summit,32,20,12,1280,66.8,451,84,150,2140,57.9,119.0,913,1937,47.1,636,1146,55.5,277,791,35.0,443,593,74.7,374,913,1287,386,14,518,3,0,2546,1166,361,223,54.3,0.18,29.1,30.6,377,81,225,2137,54.2,110.1,821,1931,42.5,521,1027,50.7,300,904,33.2,410,543,75.5,260,731,991,301,11,565,2,0,2352,858,441,201,50.3,0.14,26.2,28.1
2025,20242025,271,South Florida,American,32,13,19,1300,66.4,459,113,265,2156,54.4,110.4,842,1899,44.3,616,1188,51.9,226,711,31.8,471,654,72.0,329,778,1107,355,13,548,6,0,2381,1110,499,491,50.3,0.16,29.7,34.4,452,118,204,2161,54.2,110.4,822,1898,43.3,584,1182,49.4,238,716,33.2,503,684,73.5,383,835,1218,421,24,552,6,0,2385,994,420,296,49.6,0.19,31.4,36.0
2025,20242025,272,Southeast Missouri State,OVC,33,21,12,1350,67.6,448,119,269,2284,55.1,106.9,901,1974,45.6,659,1248,52.8,242,726,33.3,398,551,72.2,278,815,1093,352,15,597,11,0,2442,1010,517,318,51.8,0.15,25.4,27.9,314,91,193,2282,51.5,96.9,755,1822,41.4,589,1235,47.7,166,587,28.3,536,741,72.3,301,827,1128,452,23,508,8,0,2212,988,362,233,46.0,0.2,26.7,40.7
2025,20242025,273,Southern Illinois,MVC,33,14,19,1350,66.9,467,99,207,2263,55.2,106.3,875,1896,46.1,653,1264,51.7,222,632,35.1,433,641,67.6,338,835,1173,412,16,560,8,0,2405,1224,423,336,52.0,0.18,28.8,33.8,457,103,240,2256,55.5,109.0,861,1928,44.7,587,1162,50.5,274,766,35.8,462,650,71.1,319,779,1098,357,24,559,2,0,2458,1038,486,278,51.8,0.16,29.1,33.7
2025,20242025,274,Southern,SWAC,32,20,12,1310,65.8,415,124,309,2154,52.8,111.0,849,1947,43.6,637,1291,49.3,212,656,32.3,482,721,66.9,416,779,1195,403,20,595,6,0,2392,1160,559,350,49.0,0.19,34.8,37.0,433,148,221,2154,53.4,101.4,727,1729,42.0,498,1044,47.7,229,685,33.4,501,721,69.5,293,743,1036,495,24,572,6,0,2184,838,430,324,48.7,0.23,28.3,41.7
2025,20242025,275,Southern Miss,Sun Belt,33,11,22,1350,68.0,448,129,215,2292,55.9,102.6,786,1828,43.0,581,1156,50.3,205,672,30.5,426,624,68.3,327,833,1160,437,22,530,10,0,2352,990,355,409,48.6,0.19,28.2,34.1,428,106,269,2295,56.9,109.2,834,1916,43.5,604,1190,50.8,230,726,31.7,458,649,70.6,353,810,1163,362,18,506,4,0,2507,1072,502,411,49.5,0.16,30.4,33.9
2025,20242025,276,Southern Utah,WAC,31,12,19,1240,65.9,371,136,157,2047,52.4,105.7,758,1785,42.5,576,1203,47.9,182,582,31.3,465,638,72.9,341,808,1149,448,26,547,5,0,2163,920,350,289,47.6,0.22,29.7,35.7,424,108,263,2041,51.8,112.0,851,1943,43.8,673,1394,48.3,178,549,32.4,405,594,68.2,367,758,1125,338,11,590,12,0,2285,1152,504,399,48.4,0.17,32.6,30.6
2025,20242025,277,St. Bonaventure,A-10,34,22,12,1375,64.3,373,110,256,2210,53.8,105.6,852,1918,44.4,641,1242,51.6,211,676,31.2,419,575,72.9,316,824,1140,352,20,456,0,0,2334,1176,469,385,49.9,0.16,27.7,30.0,464,114,209,2208,53.0,100.5,798,1889,42.2,507,1001,50.6,291,888,32.8,331,459,72.1,300,819,1119,425,26,502,6,0,2218,916,375,288,49.9,0.19,26.8,24.3
2025,20242025,278,St. Francis (PA),NEC,34,16,18,1425,62.7,484,85,212,2224,56.1,108.6,902,1952,46.2,621,1130,55.0,281,822,34.2,330,454,72.7,289,862,1151,439,21,516,1,0,2415,1052,424,289,53.4,0.2,25.1,23.3,444,97,273,2241,53.4,108.6,880,2037,43.2,610,1163,52.5,270,874,30.9,403,550,73.3,346,822,1168,375,15,484,3,0,2433,1024,499,299,49.8,0.17,29.6,27.0
2025,20242025,279,St. John's,Big East,36,31,5,1490,68.1,565,186,320,2536,52.7,111.4,1054,2366,44.5,833,1632,51.0,221,734,30.1,496,718,69.1,535,952,1487,392,21,602,8,0,2825,1360,642,464,49.2,0.15,36.0,30.3,462,136,235,2540,49.5,93.2,836,2107,39.7,573,1247,46.0,263,860,30.6,433,646,67.0,404,876,1280,547,36,628,6,0,2368,1026,359,289,45.9,0.22,31.6,30.7
2025,20242025,280,St. Thomas-Minnesota,Summit,34,24,10,1375,68.7,523,108,244,2361,62.1,119.7,976,1983,49.2,621,1066,58.3,355,917,38.7,520,667,78.0,247,815,1062,325,13,613,5,0,2827,1206,536,331,58.2,0.14,23.3,33.6,454,101,171,2361,56.3,107.8,872,1956,44.6,586,1143,51.3,286,813,35.2,514,687,74.8,350,837,1187,452,17,604,15,0,2544,1036,355,286,51.9,0.19,29.5,35.1
2025,20242025,281,Stanford,ACC,35,21,14,1400,66.5,483,129,237,2328,55.2,110.4,896,2059,43.5,602,1200,50.2,294,859,34.2,485,615,78.9,374,822,1196,366,21,600,4,0,2571,976,516,263,50.7,0.16,31.3,29.9,353,81,189,2328,55.0,106.4,872,1945,44.8,653,1289,50.7,219,656,33.4,513,691,74.2,326,838,1164,408,21,564,5,0,2476,1074,389,236,50.5,0.18,28.0,35.5
2025,20242025,282,Stephen F. Austin,Southland,31,14,17,1285,66.2,388,130,258,2125,50.5,97.2,756,1791,42.2,565,1132,49.9,191,659,29.0,362,572,63.3,407,758,1165,519,68,514,5,0,2065,1058,438,299,47.5,0.24,34.9,31.9,399,104,282,2131,51.5,99.4,748,1796,41.6,527,1132,46.6,221,664,33.3,403,593,68.0,372,731,1103,439,19,514,3,0,2118,926,474,348,47.8,0.21,33.7,33.0
2025,20242025,283,Stetson,ASUN,32,8,24,1310,66.5,363,96,156,2178,57.0,105.3,778,1753,44.4,558,1097,50.9,220,656,33.5,430,587,73.3,266,767,1033,402,27,449,5,0,2293,1010,297,279,50.7,0.18,25.8,33.5,497,90,244,2179,58.0,119.7,909,2016,45.1,614,1194,51.4,295,822,35.9,399,531,75.1,397,784,1181,287,15,541,6,0,2608,1094,507,419,52.4,0.13,33.6,26.3
2025,20242025,284,Stonehill,NEC,32,15,17,1280,65.8,461,84,206,2104,55.1,104.5,759,1748,43.4,483,971,49.7,276,777,35.5,404,558,72.4,288,772,1060,388,21,530,8,0,2198,878,360,208,51.3,0.18,27.2,31.9,328,120,221,2104,54.5,106.6,802,1803,44.5,592,1200,49.3,210,603,34.8,428,581,73.7,307,761,1068,355,20,502,5,0,2242,1042,442,278,50.3,0.17,28.7,32.2
2025,20242025,285,Stony Brook,CAA,32,8,24,1280,57.9,361,66,163,1857,52.5,114.6,739,1784,41.4,503,1084,46.4,236,700,33.7,414,555,74.6,335,724,1059,376,35,487,2,0,2128,786,349,187,48.0,0.2,31.6,31.1,509,118,224,1848,57.8,128.4,869,1827,47.6,594,1055,56.3,275,772,35.6,359,511,70.3,319,789,1108,312,14,489,3,0,2372,1066,463,313,55.1,0.17,28.8,28.0
2025,20242025,286,Syracuse,ACC,33,14,19,1380,66.7,448,83,161,2303,54.7,107.0,897,1964,45.7,686,1321,51.9,211,643,32.8,459,651,70.5,364,860,1224,415,18,542,7,0,2464,1168,366,280,51.0,0.18,29.7,33.1,436,119,258,2301,56.5,111.5,918,1982,46.3,657,1226,53.6,261,756,34.5,469,655,71.6,304,796,1100,324,12,570,9,0,2566,1120,506,329,52.9,0.14,27.6,33.0
2025,20242025,287,TCU,Big 12,32,16,16,1295,65.0,360,107,235,2109,52.2,102.5,739,1800,41.1,558,1180,47.3,181,620,29.2,398,613,64.9,367,700,1067,367,24,480,11,0,2162,982,435,336,46.1,0.17,34.4,34.1,495,113,197,2101,56.3,104.7,774,1740,44.5,541,1012,53.5,233,728,32.0,359,486,73.9,298,761,1059,407,31,504,6,0,2199,966,417,316,51.2,0.19,28.1,27.9
2025,20242025,288,Tarleton State,WAC,32,12,20,1280,68.0,338,115,300,2177,52.9,93.0,697,1614,43.2,565,1206,46.8,132,408,32.4,499,681,73.3,304,668,972,561,49,618,12,0,2025,940,563,286,47.3,0.26,31.3,42.2,434,140,274,2172,56.9,102.5,722,1627,44.4,489,941,52.0,233,686,34.0,550,753,73.0,331,684,1015,533,21,625,13,0,2227,830,603,313,51.5,0.25,32.6,46.3
2025,20242025,289,Temple,American,32,17,15,1350,66.6,347,119,205,2244,56.0,112.3,840,1875,44.8,624,1278,48.8,216,597,36.2,624,848,73.6,359,806,1165,351,14,575,4,0,2520,1002,405,283,50.6,0.16,30.8,45.2,476,131,220,2251,54.8,110.5,874,1959,44.6,634,1248,50.8,240,711,33.8,499,707,70.6,369,766,1135,350,14,636,7,0,2487,1140,359,320,50.7,0.16,32.5,36.1
2025,20242025,290,Tennessee State,OVC,33,17,16,1400,66.4,440,127,237,2319,55.7,111.1,909,1964,46.3,690,1291,53.4,219,673,32.5,540,793,68.1,428,910,1338,505,26,627,13,0,2577,1210,523,310,51.9,0.22,32.0,40.4,402,105,266,2328,51.7,103.9,839,2010,41.7,606,1288,47.0,233,722,32.3,507,751,67.5,380,750,1130,427,26,637,15,0,2418,1058,535,405,47.5,0.18,33.6,37.4
2025,20242025,291,Tennessee Tech,OVC,32,15,17,1310,67.6,486,88,203,2212,54.6,104.3,810,1874,43.2,501,996,50.3,309,878,35.2,379,543,69.8,277,833,1110,372,16,424,1,0,2308,874,329,358,51.5,0.17,25.0,29.0,436,91,238,2213,52.5,107.1,905,2065,43.8,673,1349,49.9,232,716,32.4,329,440,74.8,384,868,1252,331,20,464,2,0,2371,1108,425,308,49.4,0.15,30.7,21.3
2025,20242025,292,Tennessee,SEC,38,30,8,1520,62.3,586,181,263,2368,56.9,118.8,967,2138,45.2,654,1211,54.0,313,927,33.8,566,760,74.5,437,945,1382,397,34,579,7,0,2813,1144,552,291,52.5,0.17,31.6,35.5,392,111,224,2369,49.3,101.2,834,2161,38.6,558,1198,46.6,276,963,28.7,451,610,73.9,410,792,1202,436,37,674,5,0,2397,958,416,252,45.0,0.18,34.1,28.2
2025,20242025,293,Texas A&M,SEC,34,23,11,1380,65.0,406,137,257,2242,52.4,113.2,857,2050,41.8,620,1277,48.6,237,773,30.7,586,847,69.2,543,852,1395,414,19,595,9,0,2537,1120,510,299,47.6,0.18,38.9,41.3,495,184,263,2244,53.6,104.1,765,1884,40.6,475,1014,46.8,290,870,33.3,516,672,76.8,331,769,1100,451,42,676,6,0,2336,818,461,317,48.3,0.2,30.1,35.7
2025,20242025,294,Texas A&M-Corpus Christi,Southland,34,20,14,1360,66.1,509,121,268,2246,56.4,114.7,968,1976,49.0,769,1396,55.1,199,580,34.3,441,699,63.1,380,857,1237,407,26,604,7,0,2576,1370,529,435,54.0,0.18,30.7,35.4,416,153,253,2246,52.2,102.0,784,1876,41.8,546,1170,46.7,238,706,33.7,485,719,67.5,345,749,1094,453,17,561,11,0,2291,928,445,333,48.1,0.2,31.5,38.3
2025,20242025,295,Texas,SEC,35,19,16,1450,64.5,452,150,219,2337,57.2,117.5,956,2067,46.3,692,1338,51.7,264,729,36.2,569,760,74.9,356,892,1248,348,17,656,4,0,2747,1084,502,396,52.6,0.15,28.5,36.8,421,108,202,2336,53.3,108.8,869,2034,42.7,619,1294,47.8,250,740,33.8,554,792,69.9,371,842,1213,398,18,657,8,0,2542,1038,373,283,48.9,0.17,30.6,38.9
2025,20242025,296,Texas Southern,SWAC,32,15,17,1310,67.6,437,109,274,2211,52.4,105.2,846,1974,42.9,613,1277,48.0,233,697,33.4,400,554,72.2,363,825,1188,443,19,539,7,0,2325,1008,470,347,48.8,0.2,30.6,28.1,440,116,243,2214,51.4,104.2,792,1952,40.6,522,1135,46.0,270,817,33.0,453,667,67.9,407,821,1228,445,16,482,10,0,2307,904,473,262,47.5,0.2,33.1,34.2
2025,20242025,297,Texas State,Sun Belt,32,16,16,1360,61.6,465,129,226,2095,56.2,116.4,867,1869,46.4,677,1349,50.2,190,520,36.5,515,681,75.6,389,794,1183,393,31,584,0,0,2439,1178,435,329,51.5,0.19,32.9,36.4,394,128,234,2094,54.4,112.0,788,1830,43.1,548,1165,47.0,240,665,36.1,530,739,71.7,349,699,1048,371,14,558,4,0,2346,958,431,353,49.6,0.18,33.3,40.4
2025,20242025,298,Texas Tech,Big 12,37,28,9,1545,64.2,601,115,232,2487,58.3,120.3,1059,2274,46.6,688,1263,54.5,371,1011,36.7,504,663,76.0,438,933,1371,356,20,585,7,0,2993,1200,509,376,54.7,0.14,31.9,29.2,415,100,214,2475,52.4,102.3,897,2108,42.6,661,1379,47.9,236,729,32.4,503,705,71.3,369,844,1213,427,18,594,6,0,2533,1090,369,274,48.1,0.17,30.4,33.4
2025,20242025,299,The Citadel,SoCon,30,5,25,1245,64.5,368,61,180,2009,51.4,99.4,706,1685,41.9,480,919,52.2,226,766,29.5,359,582,61.7,318,714,1032,376,22,483,2,0,1997,886,347,222,48.6,0.19,30.8,34.5,422,97,228,2006,57.1,112.2,794,1725,46.0,541,993,54.5,253,732,34.6,410,563,72.8,309,786,1095,326,16,492,3,0,2251,966,444,294,53.4,0.16,28.2,32.6
2025,20242025,300,Toledo,MAC,33,18,15,1335,68.4,434,90,177,2284,55.8,114.0,937,2018,46.4,744,1445,51.5,193,573,33.7,536,715,75.0,356,766,1122,310,12,523,7,0,2603,1188,444,309,51.2,0.14,31.7,35.4,451,105,187,2280,58.7,116.0,982,2019,48.6,693,1260,55.0,289,759,38.1,392,533,73.5,334,817,1151,359,22,611,13,0,2645,1236,367,368,55.8,0.16,29.0,26.4
2025,20242025,301,Towson,CAA,33,22,11,1365,61.9,351,110,213,2112,51.6,109.3,836,1988,42.1,583,1238,47.1,253,750,33.7,384,563,68.2,433,780,1213,309,18,528,3,0,2309,988,417,252,48.4,0.15,35.7,28.3,368,99,175,2112,53.7,104.2,790,1806,43.7,556,1111,50.0,234,695,33.7,387,552,70.1,302,792,1094,380,33,489,4,0,2201,1000,318,260,50.2,0.18,27.6,30.6
2025,20242025,302,Troy,Sun Belt,34,23,11,1360,65.1,473,157,321,2213,54.7,112.7,851,1954,43.6,590,1076,54.8,261,878,29.7,532,741,71.8,471,840,1311,458,30,563,11,0,2495,1132,544,436,50.2,0.21,35.9,37.9,407,108,258,2216,50.6,100.9,791,1950,40.6,553,1216,45.5,238,734,32.4,415,583,71.2,392,736,1128,462,24,594,6,0,2235,940,488,342,46.7,0.21,34.8,29.9
2025,20242025,303,Tulane,American,34,19,15,1375,67.0,500,150,250,2302,56.5,110.0,874,1936,45.1,613,1170,52.4,261,766,34.1,524,692,75.7,313,863,1176,369,22,581,2,0,2533,1108,466,325,51.9,0.16,26.6,35.7,490,127,206,2307,52.3,103.7,824,2003,41.1,554,1152,48.1,270,851,31.7,475,648,73.3,388,835,1223,406,32,560,3,0,2393,974,410,355,47.9,0.18,31.7,32.4
2025,20242025,304,Tulsa,American,33,13,20,1360,62.3,450,90,202,2122,53.6,110.8,829,1910,43.4,567,1097,51.7,262,813,32.2,430,645,66.7,321,857,1178,377,24,514,0,0,2352,982,377,325,50.3,0.18,27.2,33.8,411,118,233,2114,53.5,114.9,876,1988,44.1,648,1307,49.6,228,681,33.5,450,643,70.0,366,854,1220,331,14,540,0,0,2430,1104,460,311,49.8,0.16,30.0,32.3
2025,20242025,305,UAB,American,37,24,13,1510,69.0,596,155,248,2600,54.9,116.9,1111,2437,45.6,868,1716,50.6,243,721,33.7,575,753,76.4,535,949,1484,368,11,575,5,0,3040,1444,551,576,50.6,0.14,36.1,30.9,513,139,216,2608,54.3,108.2,1033,2310,44.7,757,1511,50.1,276,799,34.5,478,659,72.5,411,877,1288,409,16,596,4,0,2822,1334,430,410,50.7,0.16,31.9,28.5
2025,20242025,306,UAlbany,Am. East,33,17,16,1365,66.3,414,77,273,2262,53.5,108.9,900,2043,44.1,663,1308,50.7,237,735,32.2,423,591,71.6,392,724,1116,357,21,575,7,0,2463,1188,526,368,49.9,0.16,35.1,28.9,435,154,186,2263,58.3,107.7,873,1806,48.3,653,1180,55.3,220,626,35.1,471,647,72.8,279,800,1079,460,27,520,3,0,2437,1182,389,303,54.4,0.2,25.9,35.8
2025,20242025,307,UC Davis,Big West,32,15,17,1295,67.7,354,115,252,2191,52.3,99.3,737,1784,41.3,534,1159,46.1,203,625,32.5,498,670,74.3,326,730,1056,424,18,579,10,0,2175,784,489,269,47.0,0.19,30.9,37.6,416,77,215,2191,54.6,102.6,758,1766,42.9,528,1107,47.7,230,659,34.9,503,668,75.3,357,803,1160,483,32,605,8,0,2249,918,486,286,49.4,0.22,30.8,37.8
2025,20242025,308,UC Irvine,Big West,39,32,7,1635,65.3,612,134,256,2662,57.0,111.3,1017,2238,45.4,739,1456,50.8,278,782,35.5,650,819,79.4,361,1134,1495,495,23,616,20,0,2962,1296,537,413,51.7,0.19,24.1,36.6,526,100,252,2673,48.9,97.8,957,2434,39.3,650,1524,42.7,307,910,33.7,392,543,72.2,411,936,1347,485,20,732,19,0,2613,1028,498,295,45.6,0.18,30.5,22.3
2025,20242025,309,UC Riverside,Big West,34,21,13,1420,63.8,445,82,186,2262,53.6,112.4,903,2121,42.6,597,1213,49.2,306,908,33.7,430,569,75.6,427,843,1270,384,18,616,6,0,2542,934,448,270,49.8,0.17,33.6,26.8,477,103,184,2267,55.9,112.5,897,1997,44.9,626,1224,51.1,271,773,35.1,485,644,75.3,331,847,1178,377,17,547,8,0,2550,1070,409,298,51.7,0.17,28.1,32.2
2025,20242025,310,UC San Diego,Big West,35,30,5,1400,63.1,550,74,345,2205,59.1,125.9,954,2057,46.4,579,1022,56.7,375,1035,36.2,494,662,74.6,317,868,1185,306,23,576,7,0,2777,1068,714,456,55.5,0.14,26.8,32.2,393,97,159,2210,51.2,97.9,743,1873,39.7,470,1044,45.0,273,829,32.9,404,544,74.3,331,869,1200,559,25,561,6,0,2163,798,285,238,47.0,0.25,27.6,29.0
2025,20242025,311,UC Santa Barbara,Big West,34,21,13,1360,60.6,508,106,205,2062,59.0,122.6,875,1891,46.3,535,998,53.6,340,893,38.1,437,572,76.4,303,850,1153,416,25,575,15,0,2527,896,472,353,55.3,0.2,26.3,30.2,381,68,204,2060,53.2,113.6,826,1934,42.7,604,1219,49.5,222,715,31.0,466,602,77.4,333,791,1124,389,21,588,14,0,2340,1014,463,295,48.4,0.19,29.6,31.1
2025,20242025,312,UCF,Big 12,37,19,18,1535,70.4,509,159,278,2707,55.0,109.0,991,2318,42.8,669,1354,49.4,322,964,33.4,646,832,77.6,453,921,1374,458,11,635,11,0,2950,1082,504,440,49.7,0.17,33.0,35.9,577,137,271,2700,54.9,110.2,1069,2387,44.8,771,1491,51.7,298,896,33.3,539,735,73.3,475,957,1432,476,21,699,9,0,2975,1366,539,406,51.0,0.18,33.2,30.8
2025,20242025,313,UCLA,Big Ten,34,23,11,1360,65.3,555,107,275,2217,56.3,113.8,909,1960,46.4,657,1245,52.8,252,715,35.2,450,634,71.0,366,744,1110,360,20,589,7,0,2522,982,632,272,52.8,0.16,33.0,32.3,437,87,194,2220,54.6,99.9,753,1765,42.7,492,970,50.7,261,795,32.8,450,599,75.1,315,753,1068,514,25,593,7,0,2217,854,388,259,50.1,0.23,29.5,33.9
2025,20242025,314,UConn,Big East,35,24,11,1460,61.9,606,217,190,2260,59.1,119.3,954,2008,47.5,655,1150,57.0,299,858,34.8,489,618,79.1,392,859,1251,389,39,642,8,0,2696,1246,432,302,55.0,0.17,31.3,30.8,351,98,197,2260,53.4,105.4,795,1889,42.1,569,1243,45.8,226,646,35.0,565,775,72.9,330,711,1041,359,17,563,6,0,2381,992,407,279,48.1,0.16,31.7,41.0
2025,20242025,315,UIC,MVC,31,17,14,1290,66.9,476,97,210,2157,56.1,109.3,831,1827,45.5,581,1111,52.3,250,716,34.9,445,619,71.9,328,791,1119,375,13,548,6,0,2357,1028,431,311,52.3,0.17,29.3,33.9,472,113,208,2161,54.3,105.8,826,1850,44.6,603,1186,50.8,223,664,33.6,411,579,71.0,294,749,1043,357,20,539,6,0,2286,1018,404,233,50.7,0.17,28.2,31.3
2025,20242025,316,UL Monroe,Sun Belt,32,7,25,1310,62.3,412,76,228,2043,50.6,107.9,782,1920,40.7,564,1262,44.7,218,658,33.1,423,593,71.3,360,795,1155,374,16,448,7,0,2205,894,436,271,46.4,0.18,31.2,30.9,522,119,244,2038,55.1,118.6,890,1982,44.9,593,1085,54.7,297,897,33.1,340,481,70.7,361,834,1195,364,17,495,4,0,2417,1064,440,411,52.4,0.18,30.2,24.3
2025,20242025,317,UMBC,Am. East,32,13,19,1330,66.9,469,85,235,2225,58.7,115.0,929,1917,48.5,642,1176,54.6,287,741,38.7,414,598,69.2,238,789,1027,364,11,491,7,0,2559,1146,481,383,55.9,0.16,23.2,31.2,422,93,204,2223,55.3,113.5,942,2034,46.3,697,1328,52.5,245,706,34.7,393,564,69.7,386,844,1230,409,22,489,8,0,2522,1234,410,208,52.3,0.18,31.4,27.7
2025,20242025,318,UMass Lowell,Am. East,32,17,15,1310,68.3,490,137,188,2235,60.0,113.8,916,1843,49.7,690,1204,57.3,226,639,35.4,485,628,77.2,274,871,1145,401,13,428,9,0,2543,1242,397,269,55.8,0.18,23.9,34.1,400,105,236,2238,52.7,105.9,898,2040,44.0,653,1317,49.6,245,723,33.9,330,477,69.2,336,723,1059,333,18,574,10,0,2371,1144,411,311,50.0,0.15,31.7,23.4
2025,20242025,319,UNC Asheville,Big South,32,21,11,1315,68.9,449,134,240,2266,57.3,116.1,942,1993,47.3,687,1261,54.5,255,732,34.8,491,686,71.6,362,763,1125,334,16,619,8,0,2630,1172,522,421,53.7,0.15,32.2,34.4,410,63,178,2266,55.7,108.1,840,1864,45.1,594,1144,51.9,246,720,34.2,524,758,69.1,371,794,1165,438,24,576,11,0,2450,1092,364,336,51.7,0.19,31.8,40.7
2025,20242025,320,UNC Greensboro,SoCon,32,20,12,1280,64.9,407,91,192,2069,55.8,112.7,818,1850,44.2,524,1060,49.4,294,790,37.2,402,547,73.5,349,824,1173,316,14,520,3,0,2332,882,394,229,52.2,0.15,29.8,29.6,328,77,182,2083,50.8,100.4,717,1794,40.0,492,1046,47.0,225,748,30.1,433,604,71.7,331,748,1079,350,24,503,5,0,2092,802,339,173,46.2,0.17,30.7,33.7
2025,20242025,321,UNC Wilmington,CAA,35,27,8,1435,61.6,538,120,224,2206,57.6,125.6,971,2067,47.0,716,1309,54.7,255,758,33.6,574,765,75.0,436,922,1358,385,17,585,4,0,2771,1240,487,357,53.1,0.17,32.1,37.0,424,121,210,2214,53.1,111.1,875,2045,42.8,583,1166,50.0,292,879,33.2,417,611,68.2,351,759,1110,404,22,644,5,0,2459,1006,412,354,49.9,0.18,31.6,29.9
2025,20242025,322,UNLV,Mountain West,33,18,15,1320,61.8,398,120,216,2036,54.1,112.2,803,1826,44.0,593,1195,49.6,210,631,33.3,469,654,71.7,306,813,1119,352,25,528,2,0,2285,1052,456,273,49.7,0.17,27.3,35.8,481,104,185,2040,53.2,110.2,785,1851,42.4,529,1048,50.5,256,803,31.9,422,593,71.2,345,816,1161,388,20,590,4,0,2248,918,367,233,49.3,0.19,29.7,32.0
2025,20242025,323,USC,Big Ten,35,17,18,1420,67.5,541,107,221,2399,58.8,111.9,957,1975,48.5,706,1288,54.8,251,687,36.5,520,702,74.1,300,810,1110,431,18,622,5,0,2685,1172,499,272,54.8,0.18,27.0,35.5,530,116,240,2394,56.3,109.1,916,2014,45.5,659,1235,53.4,257,779,33.0,522,696,75.0,351,777,1128,431,16,630,5,0,2611,1114,525,329,51.9,0.18,31.1,34.6
2025,20242025,324,UT Arlington,WAC,31,13,18,1285,60.1,434,99,184,1936,55.3,118.9,799,1793,44.6,530,1034,51.3,269,759,35.4,435,658,66.1,361,771,1132,418,22,560,12,0,2302,972,388,344,52.1,0.22,31.9,36.7,456,105,244,1927,53.7,120.4,812,1880,43.2,582,1237,47.0,230,643,35.8,466,635,73.4,367,731,1098,360,32,574,9,0,2320,996,455,332,49.3,0.19,33.4,33.8
2025,20242025,325,UT Martin,OVC,33,14,19,1410,60.2,447,93,267,2124,53.4,115.6,836,1997,41.9,530,1048,50.6,306,949,32.2,477,682,69.9,453,848,1301,433,32,556,5,0,2455,980,472,373,49.5,0.2,34.8,34.2,455,139,262,2121,54.4,111.9,807,1902,42.4,498,976,51.0,309,926,33.4,450,631,71.3,348,808,1156,436,34,545,4,0,2373,846,520,323,50.6,0.21,30.1,33.2
2025,20242025,326,UT Rio Grande Valley,Southland,31,16,15,1240,68.7,534,87,235,2129,55.2,111.7,872,1965,44.4,544,968,56.2,328,997,32.9,306,433,70.7,365,800,1165,417,21,510,20,0,2378,976,480,447,52.7,0.2,31.3,22.0,430,77,218,2128,53.1,107.8,834,1920,43.4,610,1240,49.2,224,680,32.9,402,550,73.1,370,786,1156,396,12,440,12,0,2294,1046,442,346,49.3,0.19,32.0,28.6
2025,20242025,327,UTEP,CUSA,33,18,15,1335,66.3,434,99,336,2215,54.7,108.0,825,1880,43.9,584,1194,48.9,241,686,35.1,501,701,71.5,296,734,1030,391,23,596,7,0,2392,1076,590,463,50.3,0.18,28.7,37.3,459,113,215,2211,55.7,105.6,799,1787,44.7,565,1071,52.8,234,716,32.7,503,702,71.7,354,856,1210,528,23,556,7,0,2335,1018,424,297,51.3,0.24,29.3,39.3
2025,20242025,328,UTSA,American,31,12,19,1270,68.7,393,107,294,2181,54.7,109.0,816,1929,42.3,508,1076,47.2,308,853,36.1,438,553,79.2,331,668,999,337,23,565,9,0,2378,810,567,469,50.3,0.15,33.1,28.7,464,130,216,2184,57.8,109.1,804,1738,46.3,566,1071,52.8,238,667,35.7,536,733,73.1,357,820,1177,470,22,455,6,0,2382,978,386,397,53.1,0.22,30.3,42.2
2025,20242025,329,Utah State,Mountain West,34,26,8,1360,66.8,583,94,291,2272,59.3,119.5,953,1970,48.4,653,1128,57.9,300,842,35.6,510,726,70.2,395,781,1176,364,11,617,3,0,2716,1228,577,444,56.0,0.16,33.6,36.9,489,110,222,2270,55.6,104.9,818,1855,44.1,541,1043,51.9,277,812,34.1,468,649,72.1,345,735,1080,468,36,617,5,0,2381,942,420,196,51.6,0.21,31.9,35.0
2025,20242025,330,Utah Tech,WAC,33,7,26,1335,66.2,418,106,213,2205,52.7,104.5,810,1908,42.5,564,1170,48.2,246,738,33.3,438,631,69.4,332,758,1090,417,16,635,1,0,2304,926,388,265,48.9,0.19,30.5,33.1,442,128,252,2212,56.5,113.4,885,1886,46.9,686,1293,53.1,199,593,33.6,539,758,71.1,347,854,1201,397,19,570,6,0,2508,1170,458,286,52.2,0.18,28.9,40.2
2025,20242025,331,Utah,Big 12,33,16,17,1335,67.6,574,120,211,2251,54.7,110.8,875,1961,44.6,594,1101,54.0,281,860,32.7,462,721,64.1,417,894,1311,409,14,613,5,0,2493,1114,420,277,51.8,0.18,31.8,36.8,429,142,237,2264,52.9,105.8,832,1975,42.1,561,1179,47.6,271,796,34.0,461,658,70.1,351,794,1145,358,16,596,8,0,2396,928,417,272,49.0,0.16,30.7,33.3
2025,20242025,332,Utah Valley,WAC,34,25,9,1390,66.0,530,191,226,2293,56.1,112.7,912,1948,46.8,707,1336,52.9,205,612,33.5,555,806,68.9,369,930,1299,415,20,559,12,0,2584,1298,426,416,52.1,0.18,28.4,41.4,409,125,232,2294,51.0,101.2,831,2006,41.4,607,1342,45.2,224,664,33.7,436,617,70.7,331,802,1133,406,23,669,9,0,2322,1032,423,335,47.0,0.18,29.2,30.8
2025,20242025,333,VCU,A-10,35,28,7,1415,63.8,524,190,282,2256,56.5,119.4,929,2088,44.5,592,1086,54.5,337,1002,33.6,498,670,74.3,463,873,1336,393,12,634,18,0,2693,1072,572,434,52.6,0.17,34.7,32.1,349,83,229,2261,49.6,97.3,747,1911,39.1,543,1241,43.8,204,670,30.4,503,703,71.6,379,790,1169,481,28,601,17,0,2201,940,421,246,44.4,0.21,32.4,36.8
2025,20242025,334,VMI,SoCon,34,15,19,1375,63.7,427,89,269,2190,55.2,113.8,833,1954,42.6,530,1022,51.9,303,932,32.5,523,687,76.1,339,841,1180,408,25,550,4,0,2492,984,453,282,50.4,0.19,28.7,35.2,568,105,239,2189,54.7,113.6,895,2017,44.4,580,1089,53.3,315,928,33.9,382,584,65.4,373,859,1232,426,24,589,2,0,2487,1020,439,310,52.2,0.19,30.3,29.0
2025,20242025,335,Valparaiso,MVC,34,15,19,1395,67.0,409,127,199,2334,54.3,108.8,873,2044,42.7,610,1261,48.4,263,783,33.6,530,671,79.0,340,832,1172,331,15,559,5,0,2539,1022,430,232,49.1,0.14,29.0,32.8,462,113,205,2337,56.1,107.5,901,1951,46.2,655,1239,52.9,246,712,34.6,465,659,70.6,309,900,1209,402,24,587,6,0,2513,1166,359,234,52.5,0.17,25.6,33.8
2025,20242025,336,Vanderbilt,SEC,33,20,13,1335,66.7,458,128,296,2228,55.8,116.9,915,2033,45.0,648,1211,53.5,267,822,32.5,507,680,74.6,378,765,1143,336,19,592,8,0,2604,1190,601,382,51.6,0.15,33.1,33.4,399,140,185,2226,57.0,110.2,844,1840,45.9,590,1146,51.5,254,694,36.6,510,709,71.9,324,820,1144,460,18,575,6,0,2452,1090,414,264,52.8,0.21,28.3,38.5
2025,20242025,337,Vermont,Am. East,33,21,12,1320,64.0,398,147,184,2117,54.2,103.9,776,1789,43.4,520,1014,51.3,256,775,33.0,391,543,72.0,291,834,1125,370,33,454,1,0,2199,936,428,221,50.5,0.17,25.9,30.4,340,113,208,2109,51.4,99.9,765,1834,41.7,541,1129,47.9,224,705,31.8,352,492,71.5,292,795,1087,353,23,502,1,0,2106,932,440,233,47.8,0.17,26.9,26.8
2025,20242025,338,Villanova,Big East,36,21,15,1455,61.1,448,84,203,2225,58.6,119.7,926,2015,46.0,582,1134,51.3,344,881,39.0,468,588,79.6,344,887,1231,352,26,566,4,0,2664,860,424,207,54.5,0.16,27.9,29.2,514,95,181,2222,54.3,110.4,860,1993,43.2,545,1080,50.5,315,913,34.5,419,605,69.3,340,791,1131,364,20,551,3,0,2454,928,337,311,51.1,0.16,30.1,30.4
2025,20242025,339,Virginia,ACC,32,15,17,1280,60.8,470,120,176,1948,56.1,106.4,739,1656,44.6,473,947,49.9,266,709,37.5,329,437,75.3,216,721,937,323,25,490,6,0,2073,770,356,131,52.7,0.17,23.1,26.4,383,89,188,1943,54.8,110.0,766,1732,44.2,537,1061,50.6,229,671,34.1,376,498,75.5,304,750,1054,309,16,438,4,0,2137,982,394,213,50.8,0.16,28.8,28.8
2025,20242025,340,Virginia Tech,ACC,32,13,19,1315,60.3,404,62,174,1986,54.8,111.4,785,1778,44.2,533,1059,50.3,252,719,35.0,391,548,71.4,325,741,1066,430,23,544,3,0,2213,902,375,162,51.2,0.22,30.5,30.8,456,105,224,1982,56.4,118.1,829,1820,45.5,585,1071,54.6,244,749,32.6,439,579,75.8,306,723,1029,346,14,479,6,0,2341,1008,497,249,52.3,0.17,29.7,31.8
2025,20242025,341,Wagner,NEC,30,14,16,1235,60.3,378,47,212,1862,50.7,100.6,663,1635,40.6,456,1015,44.9,207,620,33.4,341,483,70.6,337,705,1042,352,21,513,6,0,1874,734,436,215,46.9,0.19,32.3,29.5,340,95,189,1860,54.1,97.7,610,1444,42.2,400,811,49.3,210,633,33.2,388,538,72.1,200,697,897,377,24,442,7,0,1818,670,357,255,49.5,0.2,22.3,37.3
2025,20242025,342,Wake Forest,ACC,32,21,11,1280,62.9,362,126,230,2008,54.4,111.9,790,1782,44.3,611,1154,52.9,179,628,28.5,487,644,75.6,284,777,1061,362,18,529,10,0,2246,1028,449,237,49.4,0.18,26.8,36.1,423,86,201,2019,52.1,107.8,737,1835,40.2,479,994,48.2,258,841,30.7,445,578,77.0,358,776,1134,427,16,579,5,0,2177,794,409,275,47.2,0.21,31.6,31.5
2025,20242025,343,Washington,Big Ten,31,13,18,1270,64.5,399,120,200,2041,54.3,108.7,788,1771,44.5,570,1138,50.1,218,633,34.4,425,623,68.2,296,715,1011,373,14,570,2,0,2219,992,382,228,50.6,0.18,29.3,35.2,387,133,204,2054,57.5,113.9,823,1757,46.8,604,1138,53.1,219,619,35.4,474,632,75.0,278,778,1056,367,13,536,6,0,2339,1012,423,240,53.1,0.18,26.3,36.0
2025,20242025,344,Washington State,WCC,34,20,14,1375,67.2,571,164,219,2314,59.2,116.1,970,1989,48.8,667,1159,57.5,303,830,36.5,443,635,69.8,345,820,1165,493,15,653,27,0,2686,1180,463,337,56.4,0.21,29.6,31.9,477,92,267,2307,55.2,115.6,948,2110,44.9,676,1293,52.3,272,817,33.3,500,693,72.2,403,748,1151,418,28,619,21,0,2668,1216,565,400,51.4,0.18,35.0,32.8
2025,20242025,345,Weber State,Big Sky,34,12,22,1390,63.7,389,82,221,2214,55.8,110.3,866,1903,45.5,614,1176,52.2,252,727,34.7,459,653,70.3,289,851,1140,373,19,607,11,0,2443,1040,395,309,52.1,0.17,25.4,34.3,457,107,199,2213,55.3,110.4,833,1910,43.6,550,1103,49.9,283,807,35.1,494,683,72.3,331,843,1174,382,13,579,13,0,2443,968,430,326,51.0,0.17,28.2,35.8
2025,20242025,346,West Georgia,ASUN,31,6,25,1240,63.5,418,92,216,1974,51.4,108.4,803,1848,43.5,635,1291,49.2,168,557,30.2,366,528,69.3,295,721,1016,350,20,494,6,0,2140,1096,375,293,48.0,0.18,29.0,28.6,486,94,213,1961,59.0,123.7,845,1771,47.7,568,1003,56.6,277,768,36.1,459,644,71.3,297,829,1126,363,18,475,6,0,2426,1052,408,385,55.5,0.19,26.4,36.4
2025,20242025,347,West Virginia,Big 12,32,19,13,1340,60.6,442,131,242,2030,53.2,107.4,782,1842,42.5,505,993,50.9,277,849,32.6,340,472,72.0,288,776,1064,344,29,532,4,0,2181,874,477,295,50.0,0.17,27.1,25.6,336,93,178,2030,51.0,102.2,728,1780,40.9,535,1131,47.3,193,649,29.7,425,574,74.0,346,825,1171,411,22,460,4,0,2074,930,361,226,46.3,0.2,29.5,32.2
2025,20242025,348,Western Carolina,SoCon,30,8,22,1245,69.5,362,93,158,2166,50.9,96.5,720,1828,39.4,448,936,47.9,272,892,30.5,378,508,74.4,311,842,1153,421,20,509,2,0,2090,802,289,221,46.8,0.19,27.0,27.8,438,88,255,2161,54.4,109.7,822,1910,43.0,548,1064,51.5,274,846,32.4,453,611,74.1,333,840,1173,305,15,444,1,0,2371,994,458,382,50.2,0.14,28.4,32.0
2025,20242025,349,Western Illinois,OVC,31,12,19,1270,57.3,317,116,168,1821,54.0,117.0,774,1759,44.0,526,1098,47.9,248,661,37.5,334,483,69.2,317,762,1079,373,32,443,3,0,2130,832,299,209,51.1,0.2,29.4,27.5,388,80,210,1816,53.5,121.8,799,1830,43.7,576,1178,48.9,223,652,34.2,390,536,72.8,331,732,1063,295,22,440,3,0,2211,972,431,277,49.8,0.16,31.1,29.3
2025,20242025,350,Western Kentucky,CUSA,32,17,15,1295,71.5,382,85,259,2313,52.8,103.5,843,1997,42.2,581,1200,48.4,262,797,32.9,447,617,72.4,297,891,1188,352,15,585,2,0,2395,1010,448,332,48.8,0.15,25.0,30.9,439,135,212,2316,53.1,103.3,790,1926,41.0,524,1074,48.8,266,852,31.2,546,739,73.9,350,947,1297,410,28,521,3,0,2392,854,389,220,47.9,0.18,27.0,38.4
2025,20242025,351,Western Michigan,MAC,32,12,20,1280,68.5,398,75,222,2193,50.9,105.2,850,1992,42.7,660,1330,49.6,190,662,28.7,414,616,67.2,422,784,1206,352,20,574,4,0,2306,1148,432,378,47.4,0.16,35.0,30.9,490,138,187,2194,57.1,110.9,869,1859,46.7,600,1097,54.7,269,762,35.3,426,615,69.3,303,811,1114,378,15,552,3,0,2433,1074,408,366,54.0,0.17,27.2,33.1
2025,20242025,352,Wichita State,American,34,19,15,1390,68.1,391,145,221,2367,55.0,106.3,886,1986,44.6,720,1433,50.2,166,553,30.0,498,686,72.6,389,893,1282,377,13,501,5,0,2516,1312,421,338,48.8,0.16,30.3,34.5,450,144,232,2366,54.5,105.0,880,2034,43.3,613,1244,49.3,267,790,33.8,375,560,67.0,358,802,1160,356,26,535,3,0,2485,1018,405,270,49.8,0.15,30.9,27.5
2025,20242025,353,William & Mary,CAA,32,17,15,1280,66.4,529,58,232,2122,58.0,117.2,842,1858,45.3,506,898,56.3,336,960,35.0,467,646,72.3,298,804,1102,407,17,571,9,0,2487,958,438,463,54.4,0.19,27.0,34.8,435,100,223,2128,55.9,114.9,856,1898,45.1,590,1106,53.3,266,792,33.6,467,653,71.5,336,810,1146,413,25,589,7,0,2445,994,444,392,52.1,0.19,29.3,34.4
2025,20242025,354,Winthrop,Big South,34,23,11,1385,72.2,437,114,270,2500,57.8,115.2,978,2063,47.4,703,1259,55.8,275,804,34.2,648,970,66.8,420,891,1311,446,19,673,14,0,2879,1374,579,404,54.1,0.18,32.0,47.0,430,136,237,2499,54.8,106.1,916,2088,43.9,638,1291,49.4,278,797,34.9,541,747,72.4,390,841,1231,489,15,787,19,0,2651,1152,510,303,50.5,0.2,31.7,35.8
2025,20242025,355,Wisconsin,Big Ten,37,27,10,1495,67.3,537,87,190,2516,59.0,117.8,991,2184,45.4,625,1132,55.2,366,1052,34.8,616,746,82.6,347,1003,1350,356,14,612,8,0,2964,1148,429,264,53.8,0.14,25.7,34.2,468,121,176,2517,51.9,104.2,937,2252,41.6,644,1372,46.9,293,880,33.3,455,624,72.9,366,893,1259,369,12,686,12,1,2622,1044,375,311,48.1,0.15,29.1,27.7
2025,20242025,356,Wofford,SoCon,35,19,16,1430,63.5,524,88,209,2274,56.0,115.3,935,2068,45.2,595,1076,55.3,340,992,34.3,413,626,66.0,448,882,1330,383,34,592,1,0,2623,1128,428,282,53.4,0.17,33.7,30.3,411,101,220,2268,55.1,108.1,839,1925,43.6,535,1028,52.0,304,897,33.9,469,679,69.1,301,775,1076,356,18,564,0,0,2451,932,422,225,51.5,0.16,28.0,35.3
2025,20242025,357,Wright State,Horizon,33,15,18,1355,64.0,502,103,188,2170,59.1,117.6,952,1928,49.4,673,1202,56.0,279,726,38.4,368,521,70.6,306,828,1134,401,15,556,4,0,2551,1148,373,273,56.6,0.18,27.0,27.0,446,92,239,2168,56.1,116.2,899,1953,46.0,642,1250,51.4,257,703,36.6,465,666,69.8,327,751,1078,336,15,536,8,0,2520,1124,436,287,52.6,0.15,30.3,34.1
2025,20242025,358,Wyoming,Mountain West,32,12,20,1295,64.8,373,89,141,2093,53.4,102.7,779,1778,43.8,536,1068,50.2,243,710,34.2,348,534,65.2,337,777,1114,412,29,617,5,0,2149,920,343,129,50.6,0.2,30.3,30.0,364,99,217,2101,55.6,108.4,773,1734,44.6,556,1081,51.4,217,653,33.2,514,714,72.0,291,760,1051,335,17,552,6,0,2277,954,427,268,50.8,0.16,27.7,41.2
2025,20242025,359,Xavier,Big East,34,22,12,1390,65.5,568,86,263,2276,59.0,116.7,905,1938,46.7,620,1210,51.2,285,728,39.1,561,711,78.9,264,867,1131,371,19,534,2,0,2656,1098,491,513,54.1,0.16,23.3,36.7,489,135,196,2275,54.6,107.0,883,1981,44.6,628,1240,50.6,255,741,34.4,413,567,72.8,296,816,1112,418,23,605,6,0,2434,1104,397,300,51.0,0.18,26.6,28.6
2025,20242025,360,Yale,Ivy,30,22,8,1200,68.6,489,107,173,2057,58.6,118.6,896,1830,49.0,667,1239,53.8,229,591,38.7,418,573,72.9,329,822,1151,302,14,489,2,0,2439,1146,400,287,55.2,0.15,28.6,31.3,415,95,178,2058,52.8,102.1,723,1766,40.9,448,926,48.4,275,840,32.7,381,508,75.0,283,668,951,339,25,517,1,0,2102,762,322,340,48.7,0.16,29.8,28.8
2025,20242025,361,Youngstown State,Horizon,34,21,13,1380,68.9,469,179,236,2371,55.4,109.6,884,2028,43.6,585,1094,53.5,299,934,32.0,532,726,73.3,375,864,1239,415,24,624,4,0,2599,1078,528,405,51.0,0.18,30.3,35.8,451,91,225,2383,52.3,102.6,862,2028,42.5,638,1351,47.2,224,677,33.1,498,702,70.9,368,840,1208,469,58,625,1,0,2446,1112,445,313,48.0,0.2,30.5,34.6
2025,20242025,362,Queens University,ASUN,35,20,15,1445,64.6,538,181,219,2329,57.8,115.3,904,2018,44.8,594,1126,52.8,310,892,34.8,471,691,68.2,392,864,1256,430,17,557,6,0,2685,1150,483,408,52.5,0.18,31.2,34.2,422,115,269,2337,56.0,111.7,917,2057,44.6,663,1303,50.9,254,754,33.7,436,621,70.2,362,840,1202,405,18,580,5,0,2611,1186,469,314,50.8,0.17,30.1,30.2
2025,20242025,365,Southern Indiana,OVC,30,10,20,1245,62.0,342,86,201,1928,52.8,111.2,766,1791,42.8,550,1175,46.8,216,616,35.1,396,542,73.1,315,760,1075,351,21,518,9,0,2144,890,395,317,48.8,0.18,29.3,30.3,364,95,223,1934,53.9,114.0,784,1778,44.1,555,1129,49.2,229,649,35.3,407,604,67.4,339,773,1112,352,14,495,7,0,2204,972,374,275,50.5,0.18,30.5,34.0
2025,20242025,366,Lindenwood,OVC,33,16,17,1380,65.2,370,133,277,2247,51.2,104.5,837,1983,42.2,645,1305,49.4,192,678,28.3,482,709,68.0,380,823,1203,415,9,534,7,0,2348,1214,522,453,47.0,0.18,31.6,35.8,420,138,243,2250,52.8,104.6,831,1948,42.7,588,1215,48.4,243,733,33.2,449,640,70.2,363,872,1235,484,29,599,7,0,2354,1032,448,361,48.9,0.22,29.4,32.9
2025,20242025,492,IU Columbus,,1,0,1,40,73.0,7,3,3,74,35.0,59.5,18,58,31.0,14,39,35.9,4,19,21.1,4,11,36.4,5,22,27,16,0,16,0,0,44,24,7,4,34.5,0.22,18.5,19.0,20,0,7,72,54.9,138.9,37,81,45.7,25,50,50.0,12,31,38.7,14,23,60.9,25,39,64,5,0,12,0,0,100,48,25,11,53.1,0.07,39.1,28.4
2025,20242025,493,Oglethorpe,,2,0,2,80,77.8,14,2,11,156,37.4,63.5,33,116,28.4,24,64,37.5,9,52,17.3,24,37,64.9,8,43,51,29,1,25,0,0,99,38,8,17,32.3,0.19,15.7,31.9,50,8,24,155,64.2,142.6,86,155,55.5,60,89,67.4,26,66,39.4,23,39,59.0,34,80,114,15,0,35,0,0,221,116,50,54,63.9,0.1,29.8,25.2
2025,20242025,494,UNT Dallas,,2,1,1,80,74.0,17,5,16,147,45.5,84.4,43,120,35.8,33,94,35.1,10,26,38.5,28,37,75.7,23,52,75,32,6,37,0,0,124,50,22,20,40.0,0.22,30.7,30.8,26,6,15,149,53.0,106.0,56,128,43.8,42,82,51.2,14,46,30.4,32,48,66.7,27,56,83,24,3,30,0,0,158,72,38,30,49.2,0.16,32.5,37.5
2025,20242025,495,LaGrange,,2,0,2,80,75.8,18,5,16,151,36.9,71.5,36,132,27.3,24,77,31.2,12,55,21.8,24,33,72.7,25,34,59,28,1,32,0,0,108,44,19,24,31.8,0.19,42.4,25.0,39,11,21,152,66.4,142.8,79,141,56.0,60,86,69.8,19,55,34.5,40,51,78.4,34,76,110,22,0,26,0,0,217,116,38,50,62.8,0.14,30.9,36.2
2025,20242025,496,Penn State-York,,1,0,1,40,78.0,3,4,3,78,41.3,84.6,21,68,30.9,17,53,32.1,4,15,26.7,20,27,74.1,15,33,48,11,0,19,0,0,66,26,10,5,33.8,0.14,31.3,39.7,16,4,4,78,54.7,121.8,34,74,45.9,24,46,52.2,10,28,35.7,17,29,58.6,16,35,51,7,0,22,0,0,95,48,10,16,52.7,0.09,31.4,39.2
2025,20242025,497,Erskine,,2,0,2,80,77.8,15,4,15,155,45.7,73.5,38,109,34.9,22,47,46.8,16,62,25.8,22,36,61.1,12,52,64,45,0,38,0,0,114,40,20,12,42.2,0.29,18.8,33.0,52,3,30,156,56.4,126.9,73,154,47.4,47,61,77.0,26,93,28.0,26,49,53.1,42,71,113,25,3,29,0,0,198,94,64,37,55.8,0.16,37.2,31.8
2025,20242025,498,Old Westbury,,1,0,1,40,78.5,14,2,5,78,45.9,79.5,23,64,35.9,13,40,32.5,10,24,41.7,6,8,75.0,5,30,35,15,1,23,0,0,62,16,9,0,43.8,0.19,14.3,12.5,17,4,9,79,58.5,112.7,30,66,45.5,19,32,59.4,11,34,32.4,18,23,78.3,9,37,46,11,1,15,0,0,89,32,16,9,53.8,0.14,19.6,34.8
2025,20242025,499,Framingham State,,1,0,1,40,72.0,6,5,4,72,53.1,86.1,21,50,42.0,18,43,41.9,3,7,42.9,17,19,89.5,6,24,30,20,0,25,2,0,62,28,11,6,45.0,0.28,20.0,38.0,19,4,15,72,55.0,112.5,23,60,38.3,10,29,34.5,13,31,41.9,22,31,71.0,16,23,39,14,0,17,2,0,81,20,26,19,49.2,0.19,41.0,51.7
2025,20242025,500,Washington College (MD),,2,0,2,80,34.8,16,5,11,70,39.9,138.6,34,111,30.6,22,67,32.8,12,44,27.3,17,24,70.8,15,38,53,35,3,32,0,0,97,30,18,12,36.0,0.5,28.3,21.6,57,9,22,69,63.3,285.5,73,139,52.5,51,82,62.2,22,57,38.6,29,38,76.3,33,66,99,19,0,27,0,0,197,94,53,42,60.4,0.28,33.3,27.3
2025,20242025,501,Georgian Court,,2,0,2,80,0.0,11,7,18,0,38.0,,38,127,29.9,28,76,36.8,10,51,19.6,18,22,81.8,18,36,54,31,2,40,0,0,104,44,23,10,33.9,,33.3,17.3,51,13,14,0,65.2,,65,126,51.6,36,72,50.0,29,54,53.7,37,55,67.3,32,71,103,29,2,25,0,0,196,68,35,35,63.1,,31.1,43.7
2025,20242025,502,Rivier,,1,0,1,40,79.5,10,0,5,80,39.9,73.8,25,73,34.2,17,40,42.5,8,33,24.2,1,2,50.0,4,13,17,10,0,22,0,0,59,22,10,3,39.7,0.13,23.5,2.7,23,7,5,79,71.3,145.6,40,67,59.7,30,48,62.5,10,19,52.6,25,31,80.6,16,43,59,13,0,4,0,0,115,56,11,9,67.2,0.16,27.1,46.3
2025,20242025,503,Piedmont,,2,0,2,80,66.0,20,7,13,132,45.8,102.3,49,133,36.8,35,85,41.2,14,48,29.2,23,33,69.7,17,36,53,30,3,37,0,0,135,52,25,9,42.1,0.23,32.1,24.8,44,10,17,132,66.1,172.7,86,153,56.2,60,85,70.6,26,68,38.2,30,44,68.2,37,70,107,25,0,34,0,0,228,114,52,46,64.7,0.19,34.6,28.8
2025,20242025,504,Houghton,,2,0,2,80,35.3,23,3,15,70,50.3,181.4,45,109,41.3,34,70,48.6,11,39,28.2,26,39,66.7,20,39,59,43,1,34,0,0,127,56,24,19,46.3,0.61,33.9,35.8,44,6,24,71,67.5,264.8,66,119,55.5,46,75,61.3,20,44,45.5,36,46,78.3,19,47,66,26,2,37,0,0,188,88,54,22,63.9,0.37,28.8,38.7
2025,20242025,505,Cheyney (PA),,4,0,4,160,41.1,36,8,31,164,43.8,137.2,77,214,36.0,55,145,37.9,22,69,31.9,49,97,50.5,27,88,115,83,3,63,1,0,225,88,36,31,41.1,0.51,23.5,45.3,101,17,51,165,62.2,249.7,154,293,52.6,113,193,58.5,41,100,41.0,63,87,72.4,66,135,201,50,0,73,1,0,412,208,111,114,59.6,0.3,32.8,29.7
2025,20242025,506,Alice Lloyd College,,2,0,2,80,36.5,24,4,20,73,50.9,180.8,50,117,42.7,37,79,46.8,13,38,34.2,19,29,65.5,14,41,55,42,2,36,0,0,132,48,19,37,48.3,0.58,25.5,24.8,41,5,26,73,57.6,263.0,72,146,49.3,52,75,69.3,20,71,28.2,28,47,59.6,42,59,101,31,1,25,0,0,192,94,53,43,56.2,0.42,41.6,32.2
2025,20242025,507,Morris College,,2,0,2,80,76.0,11,2,9,152,40.2,69.1,41,121,33.9,31,89,34.8,10,32,31.3,13,22,59.1,16,28,44,41,1,49,0,0,105,40,19,8,38.0,0.27,36.4,18.2,48,8,22,152,73.1,161.2,83,139,59.7,51,71,71.8,32,68,47.1,47,65,72.3,32,61,93,25,1,29,0,0,245,100,59,44,71.2,0.16,34.4,46.8
2025,20242025,508,Bluffton,,1,0,1,40,77.5,9,1,7,77,37.1,61.0,17,59,28.8,10,30,33.3,7,29,24.1,6,10,60.0,9,21,30,22,0,12,0,0,47,16,9,5,34.7,0.29,30.0,16.9,17,7,14,78,69.0,126.9,39,66,59.1,29,39,74.4,10,27,37.0,11,13,84.6,6,36,42,11,0,13,0,0,99,58,33,26,66.7,0.14,14.3,19.7
2025,20242025,509,Defiance,,4,0,4,160,70.9,37,9,9,282,44.3,74.8,80,221,36.2,53,128,41.4,27,93,29.0,24,39,61.5,33,75,108,78,4,63,0,0,211,92,31,21,42.3,0.28,30.6,17.6,90,15,53,285,67.8,150.9,168,287,58.5,118,167,70.7,50,120,41.7,44,68,64.7,60,115,175,25,0,45,0,0,430,218,119,76,67.2,0.09,34.3,23.7
2025,20242025,510,Notre Dame (Md),,2,0,2,80,80.0,24,3,28,160,40.0,71.3,41,127,32.3,32,87,36.8,9,40,22.5,23,35,65.7,27,32,59,42,1,42,0,0,114,52,34,24,35.8,0.26,45.8,27.6,40,9,25,160,67.1,121.9,65,119,54.6,47,68,69.1,18,51,35.3,47,60,78.3,27,66,93,39,0,36,0,0,195,92,50,34,62.2,0.24,29.0,50.4
2025,20242025,511,Cleary University,,3,0,3,120,69.8,21,3,20,209,40.0,65.1,48,154,31.2,32,83,38.6,16,71,22.5,24,36,66.7,20,49,69,60,4,40,0,1,136,36,34,18,36.4,0.29,29.0,23.4,67,12,35,210,64.0,128.1,108,188,57.4,92,129,71.3,16,59,27.1,37,50,74.0,36,91,127,37,2,38,0,0,269,178,93,71,61.7,0.18,28.3,26.6
2025,20242025,512,Hannibal-LaGrange,,1,0,1,40,67.5,19,5,6,68,58.2,100.0,26,54,48.1,15,27,55.6,11,27,40.7,5,10,50.0,11,18,29,20,0,22,0,0,68,24,21,5,58.3,0.29,37.9,18.5,17,0,15,67,59.1,135.8,28,62,45.2,15,25,60.0,13,37,35.1,22,34,64.7,22,20,42,13,1,9,0,0,91,30,32,15,55.6,0.19,52.4,54.8
2025,20242025,513,Davis & Elkins,,1,0,1,40,0.0,7,3,6,0,42.1,,21,58,36.2,19,44,43.2,2,14,14.3,13,22,59.1,13,22,35,22,0,17,0,0,57,36,11,0,37.9,,37.1,37.9,18,4,16,0,57.6,,32,68,47.1,24,34,70.6,8,34,23.5,18,23,78.3,17,28,45,16,0,20,0,0,90,44,18,11,52.9,,37.8,33.8
2025,20242025,514,Dickinson (PA),,1,0,1,40,0.0,7,3,4,0,28.2,,14,59,23.7,10,28,35.7,4,31,12.9,4,11,36.4,11,29,40,21,1,17,0,0,36,20,7,6,27.1,,27.5,18.6,20,3,14,0,56.7,,29,64,45.3,17,28,60.7,12,36,33.3,14,23,60.9,11,39,50,9,1,17,0,0,84,34,26,24,54.7,,22.0,35.9
2025,20242025,515,Mount Olive,,3,0,3,120,56.0,34,6,18,168,45.3,138.1,85,229,37.1,67,153,43.8,18,76,23.7,44,61,72.1,39,60,99,42,2,74,0,0,232,106,32,62,41.0,0.25,39.4,26.6,65,16,24,168,68.1,210.7,128,215,59.5,99,139,71.2,29,76,38.2,69,102,67.6,45,113,158,39,1,53,0,0,354,196,66,64,66.3,0.23,28.5,47.4
2025,20242025,516,Mid-Atlantic Christian,,4,0,4,160,59.1,44,6,33,237,45.9,100.4,89,223,39.9,78,174,44.8,11,49,22.4,49,83,59.0,24,73,97,70,2,71,0,0,238,132,44,44,42.4,0.3,24.7,37.2,102,18,46,236,66.1,178.4,154,279,55.2,103,154,66.9,51,125,40.8,62,90,68.9,69,126,195,55,1,69,0,0,421,188,103,104,64.3,0.23,35.4,32.3
2025,20242025,517,Columbia International,,4,0,4,160,53.8,45,7,16,215,46.6,114.9,91,241,37.8,64,155,41.3,27,86,31.4,38,54,70.4,31,93,124,53,0,67,0,0,247,100,29,14,43.4,0.25,25.0,22.4,63,18,34,215,61.2,178.1,134,270,49.6,85,154,55.2,49,116,42.2,66,97,68.0,56,129,185,32,2,52,0,0,383,162,81,84,58.7,0.15,30.3,35.9
2025,20242025,518,Frostburg State,,1,0,1,40,76.5,14,2,7,76,47.9,100.0,28,74,37.8,18,40,45.0,10,34,29.4,10,12,83.3,16,21,37,15,0,18,0,0,76,32,8,13,44.6,0.2,43.2,16.2,10,1,7,77,63.8,115.6,35,61,57.4,30,53,56.6,5,8,62.5,14,20,70.0,8,31,39,16,0,11,0,0,89,52,11,21,61.5,0.21,20.5,32.8
2025,20242025,519,NC Wesleyan,,2,0,2,80,37.3,24,4,14,75,41.8,165.3,38,124,30.6,26,85,30.6,12,39,30.8,36,55,65.5,23,36,59,22,1,38,0,0,124,32,26,20,35.5,0.29,39.0,44.4,39,8,13,74,65.7,264.9,69,125,55.2,47,83,56.6,22,42,52.4,36,55,65.5,30,74,104,27,1,46,0,0,196,90,38,38,64.0,0.36,28.8,44.0
2025,20242025,520,College Of Biblical Studies,,5,0,5,200,45.8,58,6,32,228,46.0,143.0,126,329,38.3,97,225,43.1,29,104,27.9,45,58,77.6,42,104,146,79,3,69,1,0,326,136,43,33,42.7,0.35,28.8,17.6,122,9,49,230,65.3,230.9,202,368,54.9,139,209,66.5,63,159,39.6,64,87,73.6,65,158,223,56,3,67,3,0,531,250,114,113,63.5,0.24,29.1,23.6
2025,20242025,521,Trinity Baptist,,3,0,3,120,52.0,24,4,16,156,40.9,112.8,65,196,33.2,51,133,38.3,14,63,22.2,32,44,72.7,33,83,116,59,3,47,0,0,176,82,26,29,36.7,0.38,28.4,22.4,63,14,36,156,57.1,185.3,106,225,47.1,71,116,61.2,35,109,32.1,42,64,65.6,48,104,152,34,0,44,1,0,289,124,74,47,54.9,0.22,31.6,28.4
2025,20242025,522,William Peace,,2,0,2,80,69.5,18,4,9,138,40.9,60.9,31,97,32.0,17,45,37.8,14,52,26.9,8,13,61.5,11,42,53,46,2,24,0,0,84,20,14,4,39.2,0.33,20.8,13.4,43,4,28,140,62.0,124.3,68,128,53.1,50,80,62.5,18,48,37.5,20,28,71.4,21,57,78,20,0,23,0,0,174,96,53,38,60.2,0.14,26.9,21.9
2025,20242025,523,Marywood,,1,0,1,40,67.5,17,3,6,68,37.9,76.5,21,66,31.8,13,35,37.1,8,31,25.8,2,6,33.3,12,18,30,11,0,14,0,0,52,24,4,14,37.9,0.16,40.0,9.1,30,6,9,67,62.7,138.8,36,68,52.9,25,33,75.8,11,35,31.4,10,14,71.4,16,34,50,9,0,6,0,0,93,50,10,33,61.0,0.13,32.0,20.6
2025,20242025,524,Vermont State - Lyndon,,1,0,1,40,77.0,7,1,5,77,38.3,61.0,17,53,32.1,12,34,35.3,5,19,26.3,8,19,42.1,5,18,23,20,0,20,0,0,47,20,4,10,36.8,0.26,21.7,35.8,32,1,10,77,74.3,167.5,49,78,62.8,29,37,78.4,20,41,48.8,11,20,55.0,16,35,51,7,1,17,0,0,129,58,32,33,75.6,0.09,31.4,25.6
2025,20242025,526,Newberry,,2,0,2,80,34.0,18,4,11,68,37.5,133.8,35,108,32.4,26,77,33.8,9,31,29.0,12,30,40.0,20,54,74,40,0,26,0,0,91,48,17,17,36.6,0.59,27.0,27.8,34,11,25,68,55.1,227.9,60,131,45.8,42,81,51.9,18,50,36.0,17,22,77.3,20,63,83,21,0,26,0,0,155,74,45,37,52.7,0.31,24.1,16.8
2025,20242025,527,Lakeland,,1,0,1,40,0.0,14,6,5,0,46.7,,21,58,36.2,14,35,40.0,7,23,30.4,13,19,68.4,4,20,24,19,0,20,0,0,62,22,12,7,42.2,,16.7,32.8,28,4,15,0,63.8,,47,81,58.0,42,61,68.9,5,20,25.0,19,26,73.1,20,36,56,10,0,17,0,0,118,80,34,43,61.1,,35.7,32.1
2025,20242025,528,New College (FL),,2,0,2,80,72.3,25,2,19,145,48.8,95.2,51,133,38.3,28,73,38.4,23,60,38.3,13,19,68.4,20,42,62,26,2,35,0,0,138,44,29,5,47.0,0.18,32.3,14.3,31,15,14,144,56.8,113.9,62,126,49.2,51,85,60.0,11,41,26.8,29,42,69.0,26,65,91,30,0,19,0,0,164,100,30,41,53.6,0.21,28.6,33.3
2025,20242025,529,Lynchburg,,1,0,1,40,0.0,6,8,11,0,26.7,,10,62,16.1,8,36,22.2,2,26,7.7,17,25,68.0,17,29,46,27,0,21,0,0,39,12,11,9,17.7,,37.0,40.3,21,10,18,0,56.4,,30,67,44.8,17,31,54.8,13,36,36.1,17,29,58.6,16,39,55,17,0,16,0,0,90,34,33,34,54.5,,29.1,43.3
2025,20242025,530,York College Nebraska,,1,0,1,40,0.0,6,0,5,0,35.4,,16,54,29.6,14,38,36.8,2,16,12.5,7,9,77.8,5,20,25,19,2,20,0,0,41,20,4,3,31.5,,20.0,16.7,22,4,12,0,65.6,,31,59,52.5,18,29,62.1,13,30,43.3,18,27,66.7,9,26,35,6,0,8,0,0,93,36,24,9,63.6,,25.7,45.8
2025,20242025,531,LSU Alexandria,,1,0,1,40,0.0,6,5,6,0,36.2,,18,62,29.0,13,39,33.3,5,23,21.7,9,16,56.3,13,24,37,14,1,18,0,0,50,12,8,6,33.1,,35.1,25.8,17,8,10,0,54.6,,28,63,44.4,19,36,52.8,9,27,33.3,12,17,70.6,13,34,47,11,0,14,0,0,77,36,9,5,51.6,,27.7,27.0
2025,20242025,532,Mississippi College,,3,0,3,120,48.5,32,13,16,146,44.5,109.6,58,166,34.9,37,95,38.9,21,71,29.6,23,31,74.2,27,59,86,70,8,47,0,0,160,46,34,11,41.3,0.48,31.4,18.7,60,17,45,145,63.9,195.9,110,192,57.3,91,136,66.9,19,56,33.9,45,69,65.2,35,85,120,34,1,39,0,0,284,180,94,71,62.2,0.23,29.2,35.9
2025,20242025,533,Bob Jones,,2,0,2,80,76.0,22,5,25,152,41.0,76.3,42,133,31.6,22,61,36.1,20,72,27.8,12,19,63.2,17,23,40,27,2,28,0,0,116,30,27,4,39.1,0.18,42.5,14.3,49,6,16,152,70.6,133.6,75,127,59.1,50,65,76.9,25,62,40.3,28,38,73.7,31,77,108,38,0,21,0,0,203,100,41,35,68.9,0.25,28.7,29.9
2025,20242025,534,Dallas Christian,,4,0,4,160,54.3,32,9,28,217,37.4,85.3,62,223,27.8,35,128,27.3,27,95,28.4,34,56,60.7,47,76,123,87,3,78,4,0,185,50,33,23,33.9,0.4,38.2,25.1,86,21,48,217,63.3,166.4,126,244,51.6,90,143,62.9,36,101,35.6,73,94,77.7,54,122,176,59,3,64,0,0,361,164,115,69,59.0,0.27,30.7,38.5
2025,20242025,535,Pfeiffer,,2,0,2,80,33.3,20,2,8,66,40.7,150.0,35,107,32.7,24,68,35.3,11,39,28.2,18,33,54.5,18,36,54,39,3,42,1,0,99,38,7,2,37.9,0.59,33.3,30.8,30,17,20,67,59.7,264.2,61,124,49.2,50,82,61.0,11,42,26.2,44,55,80.0,26,63,89,23,3,37,0,0,177,96,51,26,53.6,0.34,29.2,44.4
2025,20242025,536,Maryville College (TN),,1,0,1,40,0.0,9,4,8,0,49.8,,24,61,39.3,19,36,52.8,5,25,20.0,17,21,81.0,7,23,30,11,0,13,0,0,70,38,8,4,43.4,,23.3,34.4,20,4,4,0,65.1,,33,64,51.6,21,38,55.3,12,26,46.2,15,17,88.2,9,32,41,11,1,15,0,0,93,40,10,5,60.9,,22.0,26.6
2025,20242025,537,Louisiana Christian,,1,0,1,40,69.0,8,7,6,69,32.6,60.9,14,57,24.6,11,35,31.4,3,22,13.6,11,17,64.7,9,27,36,14,4,21,0,0,42,14,2,5,27.2,0.2,25.0,29.8,17,10,4,69,54.5,110.1,25,60,41.7,15,36,41.7,10,24,41.7,16,22,72.7,12,36,48,11,0,15,0,0,76,30,6,10,50.0,0.16,25.0,36.7
2025,20242025,538,Randolph College,,1,0,1,40,74.0,18,2,2,74,52.5,91.9,24,59,40.7,11,23,47.8,13,36,36.1,7,13,53.8,4,23,27,14,0,27,0,0,68,20,8,5,51.7,0.19,14.8,22.0,10,1,5,74,54.4,106.8,24,55,43.6,22,41,53.7,2,14,14.3,29,40,72.5,10,34,44,11,0,17,0,0,79,40,21,11,45.5,0.15,22.7,72.7
2025,20242025,539,Arkansas Baptist,,3,0,3,120,45.3,27,9,22,137,45.9,129.2,57,162,35.2,46,125,36.8,11,37,29.7,52,70,74.3,26,55,81,53,5,47,1,0,177,70,45,30,38.6,0.39,32.1,43.2,61,15,23,135,62.2,199.3,100,189,52.9,71,127,55.9,29,62,46.8,40,62,64.5,39,83,122,37,1,48,0,0,269,126,66,56,60.6,0.27,32.0,32.8
2025,20242025,540,Bethel (TN),,1,0,1,40,0.0,3,4,6,0,29.8,,14,56,25.0,13,44,29.5,1,12,8.3,8,14,57.1,13,15,28,31,0,17,0,0,37,16,9,7,25.9,,46.4,25.0,25,7,18,0,73.5,,40,65,61.5,26,40,65.0,14,25,56.0,19,27,70.4,12,33,45,15,0,14,0,0,113,50,38,34,72.3,,26.7,41.5
2025,20242025,541,Mid-America Christian,,1,0,1,40,72.5,9,1,11,72,50.9,95.8,24,59,40.7,15,34,44.1,9,25,36.0,12,20,60.0,8,20,28,11,0,21,0,0,69,24,12,11,48.3,0.15,28.6,33.9,12,1,6,73,69.9,116.4,30,52,57.7,19,28,67.9,11,24,45.8,14,20,70.0,5,33,38,16,0,17,0,0,85,32,15,24,68.3,0.22,13.2,38.5
2025,20242025,542,Jamestown,,1,0,1,40,62.0,6,0,2,62,49.2,95.2,23,56,41.1,17,37,45.9,6,19,31.6,7,9,77.8,6,16,22,10,1,15,0,0,59,26,6,0,46.4,0.16,27.3,16.1,19,2,6,62,67.8,154.8,35,62,56.5,22,34,64.7,13,28,46.4,13,20,65.0,15,27,42,5,0,9,0,0,96,44,12,2,66.9,0.08,35.7,32.3
2025,20242025,543,Northeastern State,,1,0,1,40,72.0,15,2,4,72,54.5,94.4,27,58,46.6,18,34,52.9,9,24,37.5,5,10,50.0,7,28,35,16,1,16,0,0,68,30,10,8,54.3,0.22,20.0,17.2,13,4,11,72,55.1,113.9,28,63,44.4,17,34,50.0,11,29,37.9,15,26,57.7,11,27,38,9,0,12,0,0,82,34,19,12,53.2,0.13,28.9,41.3
2025,20242025,544,Western Colorado,,2,0,2,80,79.3,23,2,21,159,49.6,86.2,44,113,38.9,35,84,41.7,9,29,31.0,40,57,70.2,20,40,60,38,0,45,0,0,137,62,30,16,42.9,0.24,33.3,50.4,42,18,23,158,64.9,119.6,67,118,56.8,52,81,64.2,15,37,40.5,40,63,63.5,23,56,79,33,0,44,1,0,189,98,38,39,63.1,0.21,29.1,53.4
2025,20242025,545,St. Francis (IL),,2,0,2,80,68.5,22,10,13,137,43.1,71.5,36,104,34.6,26,69,37.7,10,35,28.6,16,22,72.7,14,40,54,35,2,19,0,0,98,40,18,15,39.4,0.26,25.9,21.2,49,8,22,137,58.5,123.4,72,136,52.9,53,88,60.2,19,48,39.6,6,19,31.6,32,57,89,24,1,31,0,0,169,92,55,40,59.9,0.18,36.0,14.0
2025,20242025,546,Penn State - Wilkes-Barre,,3,0,3,120,70.8,25,2,13,211,33.7,55.9,46,162,28.4,38,112,33.9,8,50,16.0,18,30,60.0,23,54,77,60,4,44,0,0,118,48,18,12,30.9,0.28,29.9,18.5,70,13,44,214,66.1,138.3,109,198,55.1,79,124,63.7,30,74,40.5,48,59,81.4,40,98,138,28,2,36,0,0,296,144,81,94,62.6,0.13,29.0,29.8
2025,20242025,547,Dean College,,1,0,1,40,0.0,0,0,0,0,,,0,0,,0,0,,0,0,,0,0,,0,0,0,0,0,0,0,0,63,0,0,0,,,,,0,0,0,0,,,0,0,,0,0,,0,0,,0,0,,0,0,0,0,0,0,0,0,105,0,0,0,,,,
2025,20242025,548,Union (TN),,1,0,1,40,0.0,17,4,4,0,57.7,,25,54,46.3,14,27,51.9,11,27,40.7,14,25,56.0,10,22,32,16,0,16,0,0,75,28,2,6,56.5,,31.3,46.3,14,0,10,0,64.7,,30,62,48.4,19,39,48.7,11,23,47.8,24,26,92.3,11,26,37,9,0,19,0,0,95,36,30,24,57.3,,29.7,41.9
2025,20242025,549,Park University Gilbert,,2,0,2,80,36.5,25,10,10,73,36.8,142.5,39,133,29.3,24,80,30.0,15,53,28.3,11,19,57.9,27,52,79,36,1,34,1,0,104,22,14,15,35.0,0.49,34.2,14.3,37,12,25,73,55.4,260.3,72,153,47.1,55,100,55.0,17,53,32.1,29,42,69.0,35,71,106,14,0,20,0,0,190,102,50,35,52.6,0.19,33.0,27.5
2025,20242025,550,Paul Quinn,,1,0,1,40,87.0,7,1,5,86,35.0,48.8,16,53,30.2,14,41,34.1,2,12,16.7,8,16,50.0,5,29,34,31,2,16,1,0,42,18,2,11,32.1,0.36,14.7,30.2,32,3,21,88,61.6,128.4,46,82,56.1,37,51,72.5,9,31,29.0,12,22,54.5,12,37,49,8,0,14,0,0,113,68,45,35,61.6,0.09,24.5,26.8
2025,20242025,551,Trinity (TX),,2,0,2,80,80.5,29,6,17,160,56.1,96.9,57,124,46.0,38,76,50.0,19,48,39.6,22,32,68.8,22,47,69,45,0,30,0,0,155,60,32,35,53.6,0.28,31.9,25.8,39,12,33,162,62.4,128.4,76,149,51.0,53,88,60.2,23,61,37.7,33,40,82.5,29,52,81,23,0,30,0,0,208,88,60,57,58.7,0.14,35.8,26.8
2025,20242025,552,Avila,,2,0,2,80,72.8,18,5,10,145,41.3,71.0,40,109,36.7,36,83,43.4,4,26,15.4,19,36,52.8,14,54,68,36,4,30,2,0,103,62,10,13,38.5,0.25,20.6,33.0,34,12,24,146,57.2,124.0,65,141,46.1,42,65,64.6,23,76,30.3,28,39,71.8,28,64,92,17,0,33,0,0,181,84,46,50,54.3,0.12,30.4,27.7
2025,20242025,553,Dubuque,,1,0,1,40,0.0,7,4,6,0,42.2,,18,60,30.0,8,27,29.6,10,33,30.3,8,9,88.9,8,18,26,19,1,19,1,0,54,16,6,0,38.3,,30.8,15.0,16,5,10,0,61.9,,35,67,52.2,30,50,60.0,5,17,29.4,21,24,87.5,17,34,51,13,0,14,0,0,96,54,27,24,56.0,,33.3,35.8
2025,20242025,554,Dallas,,2,0,2,80,82.0,15,4,13,164,40.7,70.7,40,128,31.3,27,82,32.9,13,46,28.3,23,33,69.7,23,46,69,42,4,26,0,0,116,42,13,16,36.3,0.26,33.3,25.8,33,10,28,164,60.4,119.5,77,146,52.7,62,101,61.4,15,45,33.3,27,37,73.0,29,71,100,30,2,35,0,0,196,120,60,38,57.9,0.18,29.0,25.3
2025,20242025,555,Fisk,,2,0,2,80,77.8,31,3,16,156,46.2,86.5,49,131,37.4,32,75,42.7,17,56,30.4,18,34,52.9,25,39,64,30,1,30,0,0,135,52,31,14,43.9,0.19,39.1,26.0,51,10,15,155,60.8,128.4,74,146,50.7,54,85,63.5,20,61,32.8,31,40,77.5,35,64,99,27,0,30,0,0,199,96,40,33,57.5,0.17,35.4,27.4
2025,20242025,556,Westminster (MO),,2,0,2,80,76.5,15,3,7,153,35.3,52.9,29,108,26.9,18,71,25.4,11,37,29.7,12,15,80.0,11,49,60,51,1,29,1,0,81,18,2,12,31.9,0.33,18.3,13.9,46,9,31,153,55.9,119.6,74,150,49.3,60,99,60.6,14,51,27.5,21,31,67.7,29,67,96,19,1,22,0,0,183,110,51,44,54.0,0.12,30.2,20.7
2025,20242025,557,Champion Christian,,5,0,5,200,65.2,48,16,35,326,39.1,89.6,99,336,29.5,59,162,36.4,40,174,23.0,54,85,63.5,36,119,155,82,1,75,0,0,292,82,37,52,35.4,0.25,23.2,25.3,114,13,54,326,62.7,173.0,210,405,51.9,142,224,63.4,68,181,37.6,76,101,75.2,85,212,297,53,0,77,1,0,564,254,109,89,60.2,0.16,28.6,24.9
2025,20242025,558,Western New Mexico,,2,0,2,80,79.3,21,9,14,159,51.3,86.8,53,124,42.7,39,86,45.3,14,38,36.8,18,24,75.0,16,41,57,39,0,32,0,0,138,68,20,13,48.4,0.25,28.1,19.4,49,11,24,158,65.6,138.0,82,150,54.7,58,96,60.4,24,54,44.4,30,37,81.1,29,57,86,23,2,34,0,0,218,110,67,54,62.7,0.15,33.7,24.7
2025,20242025,559,Howard Payne,,2,0,2,80,45.8,23,7,40,91,46.3,172.5,49,145,33.8,33,73,45.2,16,72,22.2,43,56,76.8,22,28,50,38,0,48,1,0,157,58,50,47,39.3,0.42,44.0,38.6,39,10,24,92,61.0,225.0,77,142,54.2,67,107,62.6,10,35,28.6,43,63,68.3,44,83,127,62,4,45,1,0,207,124,42,42,57.7,0.67,34.6,44.4
2025,20242025,560,William Carey,,2,0,2,80,73.0,16,5,16,147,43.3,83.7,47,132,35.6,34,71,47.9,13,61,21.3,16,23,69.6,22,42,64,26,2,31,0,0,123,50,20,24,40.5,0.18,34.4,17.4,27,8,15,145,57.7,117.9,62,128,48.4,49,88,55.7,13,40,32.5,34,46,73.9,29,68,97,24,1,29,0,0,171,86,26,24,53.5,0.17,29.9,35.9
2025,20242025,561,Southern-New Orleans,,3,0,3,120,82.0,37,8,39,246,43.0,76.0,71,195,36.4,56,145,38.6,15,50,30.0,30,51,58.8,26,67,93,53,1,46,2,0,187,106,43,41,40.3,0.22,28.0,26.2,52,21,30,246,61.4,118.3,109,210,51.9,82,140,58.6,27,70,38.6,46,61,75.4,41,105,146,51,2,38,0,0,291,158,74,58,58.3,0.21,28.1,29.0
2025,20242025,562,North Central (MN),,1,0,1,40,77.5,19,5,7,77,49.5,92.2,27,66,40.9,18,39,46.2,9,27,33.3,8,13,61.5,9,25,34,14,0,21,0,0,71,30,8,20,47.7,0.18,26.5,19.7,20,4,5,78,57.9,123.1,32,71,45.1,22,45,48.9,10,26,38.5,22,27,81.5,18,32,50,10,0,12,0,0,96,44,13,22,52.1,0.13,36.0,38.0
2025,20242025,563,Sul Ross State,,1,0,1,40,74.5,10,5,5,74,49.8,74.3,18,46,39.1,14,30,46.7,4,16,25.0,15,21,71.4,7,23,30,26,0,17,0,0,55,26,10,10,43.5,0.35,23.3,45.7,23,6,19,75,69.4,136.0,35,62,56.5,21,35,60.0,14,27,51.9,18,26,69.2,8,25,33,8,0,19,0,0,102,42,39,24,67.7,0.11,24.2,41.9
2025,20242025,564,New Mexico Highlands,,1,0,1,40,0.0,10,3,17,0,38.2,,16,61,26.2,6,22,27.3,10,39,25.6,15,31,48.4,14,20,34,22,1,10,0,0,57,6,22,12,34.4,,41.2,50.8,20,3,15,0,60.7,,34,70,48.6,20,38,52.6,14,32,43.8,11,15,73.3,18,41,59,26,2,22,0,0,93,40,20,16,58.6,,30.5,21.4
2025,20242025,565,Hawai'i Hilo,,1,0,1,40,0.0,11,1,2,0,44.4,,23,63,36.5,18,45,40.0,5,18,27.8,10,13,76.9,12,23,35,16,0,22,0,0,61,28,6,2,40.5,,34.3,20.6,15,9,7,0,59.6,,38,67,56.7,34,45,75.6,4,22,18.2,12,23,52.2,13,30,43,7,0,16,0,0,92,62,25,10,59.7,,30.2,34.3
2025,20242025,566,Northwest University,,2,0,2,80,77.5,14,7,10,155,45.9,72.3,38,99,38.4,27,67,40.3,11,32,34.4,25,52,48.1,14,47,61,43,0,49,1,0,112,50,12,7,43.9,0.28,23.0,52.5,26,9,23,155,55.9,112.3,57,128,44.5,43,78,55.1,14,50,28.0,46,63,73.0,26,58,84,22,0,50,0,0,174,78,51,28,50.0,0.14,31.0,49.2
2025,20242025,567,Northwest Indian,,4,0,4,160,75.6,42,5,16,303,30.5,53.5,67,253,26.5,54,179,30.2,13,74,17.6,15,29,51.7,36,91,127,73,0,59,0,0,162,72,19,19,29.1,0.24,28.3,11.5,99,25,47,302,62.4,137.4,167,305,54.8,123,192,64.1,44,113,38.9,37,62,59.7,62,158,220,32,0,44,0,0,415,228,110,89,62.0,0.11,28.2,20.3
2025,20242025,568,Concordia-St. Paul,,1,0,1,40,82.0,12,1,2,83,53.3,102.4,26,67,38.8,16,36,44.4,10,31,32.3,23,29,79.3,12,21,33,15,0,18,0,0,85,28,11,3,46.3,0.18,36.4,43.3,19,3,9,81,58.5,133.3,45,84,53.6,39,63,61.9,6,21,28.6,12,19,63.2,21,32,53,8,0,26,0,0,108,78,19,8,57.1,0.1,39.6,22.6
2025,20242025,569,Jessup University,,1,0,1,40,73.0,15,2,7,73,44.3,89.0,21,65,32.3,12,34,35.3,9,31,29.0,14,19,73.7,10,21,31,9,1,16,0,0,65,24,15,13,39.2,0.12,32.3,29.2,31,4,4,73,65.9,126.0,38,65,58.5,28,42,66.7,10,23,43.5,6,11,54.5,11,38,49,13,1,20,0,0,92,56,12,13,66.2,0.18,22.4,16.9
2025,20242025,570,Life Pacific,,6,0,6,240,71.3,46,6,24,430,41.6,75.1,117,360,32.5,78,211,37.0,39,149,26.2,50,64,78.1,42,119,161,88,4,97,0,0,323,108,37,29,37.9,0.2,26.1,17.8,131,20,54,426,63.9,141.1,233,417,55.9,180,255,70.6,53,162,32.7,82,121,67.8,84,207,291,45,0,72,1,0,601,352,114,118,62.2,0.11,28.9,29.0
2025,20242025,571,San Francisco State,,1,0,1,40,74.5,11,0,6,74,33.5,63.5,18,68,26.5,11,41,26.8,7,27,25.9,4,5,80.0,8,21,29,13,1,21,0,0,47,16,13,1,31.6,0.18,27.6,7.4,17,7,6,75,66.4,128.0,34,63,54.0,20,29,69.0,14,34,41.2,14,21,66.7,12,42,54,15,1,12,1,0,96,30,17,10,65.1,0.2,22.2,33.3
2025,20242025,572,Colorado College,,1,0,1,40,67.5,10,1,6,67,42.9,82.1,20,57,35.1,13,30,43.3,7,27,25.9,8,16,50.0,10,17,27,13,0,17,0,0,55,16,9,5,41.2,0.19,37.0,28.1,13,5,9,68,55.7,110.3,27,59,45.8,20,33,60.6,7,26,26.9,14,19,73.7,17,31,48,15,0,16,1,0,75,38,11,23,51.7,0.22,35.4,32.2
2025,20242025,573,La Verne,,2,0,2,80,75.5,16,2,13,151,32.7,53.6,25,111,22.5,11,62,17.7,14,49,28.6,17,29,58.6,19,38,57,44,1,32,0,0,81,20,18,6,28.8,0.29,33.3,26.1,43,7,32,151,61.8,133.8,77,145,53.1,56,88,63.6,21,57,36.8,27,42,64.3,37,73,110,22,0,29,1,0,202,94,55,50,60.3,0.15,33.6,29.0
2025,20242025,574,Chapman,,1,0,1,40,71.5,10,6,2,72,40.7,72.2,19,59,32.2,12,35,34.3,7,24,29.2,7,11,63.6,12,26,38,22,2,24,0,0,52,24,8,12,38.1,0.31,31.6,18.6,17,4,13,71,57.3,115.5,27,57,47.4,23,44,52.3,4,13,30.8,24,33,72.7,9,28,37,10,0,17,1,0,82,42,27,26,50.9,0.14,24.3,57.9
2025,20242025,576,SUNY-Canton,,1,0,1,40,74.5,7,0,3,74,50.3,83.8,20,52,38.5,16,41,39.0,4,11,36.4,18,22,81.8,3,22,25,14,1,18,0,0,62,14,7,6,42.3,0.19,12.0,42.3,20,3,6,75,62.7,126.7,35,67,52.2,24,34,70.6,11,33,33.3,14,20,70.0,11,31,42,12,1,20,0,0,95,44,16,8,60.4,0.16,26.2,29.9
2025,20242025,577,Toccoa Falls,,3,0,3,120,73.5,19,9,22,221,46.8,83.3,71,178,39.9,57,122,46.7,14,56,25.0,28,42,66.7,25,55,80,49,3,46,0,0,184,90,22,21,43.8,0.22,31.3,23.6,57,9,28,220,60.0,140.9,119,230,51.7,85,129,65.9,34,101,33.7,38,64,59.4,69,88,157,30,2,35,1,0,310,160,78,71,59.1,0.14,43.9,27.8
2025,20242025,578,Cal Maritime,,2,0,2,80,76.0,16,0,11,153,34.1,58.8,30,118,25.4,21,68,30.9,9,50,18.0,21,32,65.6,21,34,55,41,1,35,1,0,90,32,18,15,29.2,0.27,38.2,27.1,56,15,23,151,66.5,142.4,83,145,57.2,56,88,63.6,27,57,47.4,22,38,57.9,35,71,106,24,0,35,0,0,215,98,56,39,66.6,0.16,33.0,26.2
2025,20242025,579,Maine-Fort Kent,,1,0,1,40,77.0,10,1,5,76,28.6,61.8,16,75,21.3,9,46,19.6,7,29,24.1,8,16,50.0,21,18,39,14,2,23,0,0,47,14,10,2,26.0,0.18,53.8,21.3,19,8,7,78,62.4,125.6,33,64,51.6,28,42,66.7,5,22,22.7,27,33,81.8,16,41,57,14,2,13,0,0,98,54,15,21,55.5,0.18,28.1,51.6
2025,20242025,580,Ohio Christian,,1,0,1,40,67.5,10,1,5,68,47.0,88.2,22,59,37.3,13,32,40.6,9,27,33.3,7,11,63.6,10,14,24,16,1,18,0,0,60,26,7,5,44.9,0.24,41.7,18.6,16,4,7,67,66.7,132.8,33,57,57.9,27,40,67.5,6,17,35.3,17,22,77.3,12,26,38,12,0,15,0,0,89,42,26,20,63.2,0.18,31.6,38.6
2025,20242025,581,Boyce,,1,0,1,40,78.0,10,0,3,78,38.0,61.5,18,60,30.0,11,33,33.3,7,27,25.9,5,7,71.4,4,27,31,21,0,20,0,0,48,18,5,2,35.8,0.27,12.9,11.7,18,4,12,78,55.3,114.1,33,69,47.8,28,45,62.2,5,24,20.8,18,26,69.2,10,36,46,6,0,8,0,0,89,54,28,28,51.4,0.08,21.7,37.7
2025,20242025,582,Baldwin Wallace,,1,0,1,40,71.0,8,2,6,71,45.6,74.6,16,48,33.3,8,29,27.6,8,19,42.1,13,23,56.5,9,18,27,21,2,14,1,0,53,14,7,5,41.7,0.3,33.3,47.9,11,9,13,71,62.0,128.2,37,65,56.9,34,54,63.0,3,11,27.3,14,19,73.7,12,28,40,11,0,22,0,0,91,60,26,26,59.2,0.15,30.0,29.2
2025,20242025,583,Texas A&M-San Antonio,,2,0,2,80,75.5,33,3,10,151,46.9,86.8,49,126,38.9,29,73,39.7,20,53,37.7,13,31,41.9,23,48,71,33,2,30,0,0,131,50,19,10,46.8,0.22,32.4,24.6,45,7,22,151,56.5,120.5,72,146,49.3,55,96,57.3,17,50,34.0,21,34,61.8,34,64,98,24,2,27,0,0,182,100,39,46,55.1,0.16,34.7,23.3
2025,20242025,584,Virginia-Lynchburg,,13,0,13,520,78.5,61,32,81,1020,40.2,68.7,253,775,32.6,208,572,36.4,45,203,22.2,150,221,67.9,82,248,330,232,18,192,4,0,701,300,94,90,35.5,0.23,24.8,28.5,343,60,142,1020,65.8,148.8,572,1033,55.4,385,581,66.3,187,452,41.4,187,273,68.5,249,465,714,122,4,195,1,0,1518,726,319,418,64.4,0.12,34.9,26.4
2025,20242025,585,Massachusetts-Boston,,2,0,2,80,78.5,16,9,24,158,39.2,76.6,47,146,32.2,34,84,40.5,13,62,21.0,14,19,73.7,21,39,60,27,2,33,0,0,121,48,35,25,36.6,0.17,35.0,13.0,45,11,14,156,62.1,118.6,67,127,52.8,47,81,58.0,20,46,43.5,31,50,62.0,28,79,107,35,0,30,0,0,185,92,33,54,60.6,0.22,26.2,39.4
2025,20242025,586,Carolina Christian College,,1,0,1,40,78.5,7,1,4,78,33.6,57.7,17,60,28.3,14,38,36.8,3,22,13.6,8,16,50.0,10,17,27,19,2,18,0,0,45,22,9,5,30.8,0.24,37.0,26.7,22,6,14,79,73.4,151.9,43,69,62.3,32,43,74.4,11,26,42.3,23,29,79.3,11,38,49,7,0,15,0,0,120,60,28,31,70.3,0.09,22.4,42.0
2025,20242025,587,St. Andrews,,5,0,5,200,81.9,54,12,40,408,44.3,77.0,111,324,34.3,67,166,40.4,44,158,27.8,48,70,68.6,38,96,134,94,1,70,0,0,314,110,47,54,41.0,0.23,28.4,21.6,129,19,60,411,68.2,139.4,217,373,58.2,151,216,69.9,66,157,42.0,73,107,68.2,75,190,265,66,3,69,0,0,573,292,144,149,67.0,0.16,28.3,28.7
2025,20242025,588,Earlham College,,1,0,1,40,26.5,9,6,4,26,43.1,234.6,22,65,33.8,16,44,36.4,6,21,28.6,11,13,84.6,11,17,28,19,1,21,0,0,61,22,7,3,38.5,0.73,39.3,20.0,16,7,14,27,58.4,359.3,36,69,52.2,31,55,56.4,5,14,35.7,20,32,62.5,18,33,51,14,1,19,0,0,97,56,24,15,55.8,0.52,35.3,46.4
2025,20242025,589,Lewis & Clark,,1,0,1,40,72.0,17,0,8,72,48.4,97.2,24,67,35.8,10,31,32.3,14,36,38.9,8,12,66.7,12,22,34,12,0,19,0,0,70,18,17,14,46.3,0.17,35.3,17.9,19,7,4,72,62.3,115.3,32,60,53.3,22,40,55.0,10,20,50.0,9,15,60.0,9,33,42,16,0,17,1,0,83,38,8,9,61.7,0.22,21.4,25.0
2025,20242025,590,Kentucky Christian,,3,0,3,120,71.8,38,3,19,214,48.3,83.6,67,175,38.3,42,91,46.2,25,84,29.8,20,23,87.0,19,57,76,51,2,42,0,0,179,76,34,26,45.4,0.24,25.0,13.1,74,13,30,217,60.7,138.2,111,219,50.7,79,126,62.7,32,93,34.4,46,64,71.9,57,91,148,30,2,22,0,0,300,150,82,70,58.0,0.14,38.5,29.2
2025,20242025,591,Point University,,1,0,1,40,75.5,12,0,5,75,43.2,77.3,21,61,34.4,14,38,36.8,7,23,30.4,9,14,64.3,12,21,33,20,2,19,0,0,58,28,14,7,40.2,0.27,36.4,23.0,5,6,17,76,60.0,123.7,32,66,48.5,25,44,56.8,7,22,31.8,23,28,82.1,15,32,47,11,0,17,0,0,94,48,24,18,53.8,0.14,31.9,42.4
2025,20242025,592,Bethesda University,,5,0,5,200,78.2,48,14,26,391,37.9,67.3,107,327,32.7,85,227,37.4,22,100,22.0,27,45,60.0,37,110,147,79,3,77,3,0,263,118,41,38,36.1,0.2,25.2,13.8,107,30,47,391,61.6,132.0,192,370,51.9,138,229,60.3,54,141,38.3,78,111,70.3,83,191,274,47,1,54,2,0,516,236,112,112,59.2,0.12,30.3,30.0
2025,20242025,593,SUNY-Oneonta,,2,0,2,80,73.8,17,5,8,147,50.9,89.8,47,105,44.8,42,84,50.0,5,21,23.8,33,56,58.9,15,49,64,32,1,30,0,0,132,76,23,14,47.1,0.22,23.4,53.3,32,6,21,148,53.9,115.5,69,144,47.9,56,98,57.1,13,46,28.3,20,33,60.6,28,54,82,18,0,49,0,0,171,108,45,32,52.4,0.12,34.1,22.9
2025,20242025,594,Oakwood,,2,0,2,80,88.8,26,3,24,177,50.6,84.2,49,123,39.8,29,64,45.3,20,59,33.9,31,55,56.4,18,38,56,47,5,37,1,0,149,52,44,20,48.0,0.27,32.1,44.7,39,11,27,178,61.6,119.1,81,148,54.7,65,103,63.1,16,45,35.6,34,55,61.8,34,67,101,40,1,46,1,0,212,118,70,32,60.1,0.22,33.7,37.2
2025,20242025,595,University of Health Sciences & Pharmacy,,2,0,2,80,74.5,8,1,11,149,32.5,55.7,33,124,26.6,23,72,31.9,10,52,19.2,7,8,87.5,18,43,61,40,3,16,0,0,83,42,11,12,30.6,0.27,29.5,6.5,50,12,29,149,69.0,133.6,85,134,63.4,67,87,77.0,18,47,38.3,11,23,47.8,14,72,86,18,0,16,0,0,199,130,65,65,70.1,0.12,16.3,17.2
2025,20242025,596,WPI,,1,0,1,40,71.5,9,4,7,72,34.4,65.3,16,64,25.0,9,28,32.1,7,36,19.4,8,10,80.0,6,26,32,15,2,19,0,0,47,16,9,8,30.5,0.21,18.8,15.6,15,3,10,71,48.6,100.0,25,63,39.7,20,41,48.8,5,22,22.7,16,23,69.6,11,37,48,14,0,10,0,0,71,36,20,13,43.7,0.2,22.9,36.5
2025,20242025,597,Eureka,,3,0,3,120,74.8,27,4,18,225,39.4,68.0,56,179,31.3,39,105,37.1,17,74,23.0,24,35,68.6,28,61,89,56,4,48,2,0,153,60,27,13,36.0,0.25,31.5,19.6,61,11,34,224,66.7,133.0,109,194,56.2,73,109,67.0,36,85,42.4,44,67,65.7,35,100,135,38,0,42,0,0,298,142,78,76,65.5,0.17,25.9,34.5
2025,20242025,598,Mississippi University For Women,,2,0,2,80,65.3,17,2,13,131,39.4,71.0,35,110,31.8,26,71,36.6,9,39,23.1,14,18,77.8,19,41,60,32,1,22,2,0,93,40,16,9,35.9,0.24,31.7,16.4,33,12,22,130,60.7,122.3,64,119,53.8,49,80,61.3,15,39,38.5,16,27,59.3,18,52,70,21,1,21,1,0,159,86,37,27,60.1,0.16,25.7,22.7
2025,20242025,599,Purchase,,1,0,1,40,76.0,13,2,9,76,46.1,94.7,26,71,36.6,14,30,46.7,12,41,29.3,8,16,50.0,16,20,36,13,0,21,0,0,72,22,16,2,45.1,0.17,44.4,22.5,17,1,8,76,74.2,147.4,39,64,60.9,20,31,64.5,19,33,57.6,15,26,57.7,12,36,48,13,0,14,0,0,112,34,20,2,75.8,0.17,25.0,40.6
2025,20242025,600,Davenport,,1,0,1,40,72.5,9,1,9,72,37.1,63.9,18,55,32.7,14,33,42.4,4,22,18.2,6,16,37.5,12,22,34,21,0,16,0,0,46,26,15,15,36.4,0.29,35.3,29.1,27,4,12,73,61.5,117.8,32,62,51.6,21,35,60.0,11,27,40.7,11,18,61.1,10,33,43,13,0,19,0,0,86,38,26,16,60.5,0.18,23.3,29.0
2025,20242025,601,Holy Cross College (IN),,1,0,1,40,71.5,5,1,6,71,33.0,52.1,11,49,22.4,6,31,19.4,5,18,27.8,10,16,62.5,4,15,19,19,1,17,0,0,37,10,4,4,27.6,0.27,21.1,32.7,21,7,7,72,75.4,145.8,42,63,66.7,29,37,78.4,13,26,50.0,8,15,53.3,11,37,48,14,1,17,0,0,105,56,30,15,77.0,0.19,22.9,23.8
2025,20242025,602,Bryan (TN),,2,0,2,80,76.0,29,4,14,152,43.5,87.5,51,147,34.7,31,83,37.3,20,64,31.3,11,13,84.6,19,61,80,19,2,22,0,0,133,40,16,12,41.5,0.13,23.8,8.8,45,12,10,152,56.5,120.4,67,148,45.3,41,70,58.6,26,78,33.3,23,32,71.9,25,77,102,15,0,16,0,0,183,74,22,34,54.1,0.1,24.5,21.6
2025,20242025,603,UT Dallas,,1,0,1,40,77.0,8,6,8,77,51.0,84.4,22,54,40.7,15,26,57.7,7,28,25.0,14,22,63.6,11,25,36,24,0,20,0,0,65,22,9,10,47.2,0.31,30.6,40.7,9,2,16,77,53.6,106.5,27,62,43.5,23,41,56.1,4,21,19.0,24,33,72.7,15,26,41,14,0,20,0,0,82,40,30,12,46.8,0.18,36.6,53.2
2025,20242025,604,Wayland Baptist,,1,0,1,40,65.5,9,3,10,65,35.8,58.5,13,50,26.0,5,25,20.0,8,25,32.0,4,7,57.1,6,21,27,19,1,20,0,0,38,6,8,2,34.0,0.29,22.2,14.0,14,2,12,66,57.5,121.2,27,59,45.8,18,40,45.0,9,19,47.4,17,24,70.8,16,33,49,12,0,7,0,0,80,36,24,18,53.4,0.18,32.7,40.7
2025,20242025,605,Evergreen State,,2,0,2,80,80.3,18,4,12,160,54.9,88.8,43,107,40.2,27,69,39.1,16,38,42.1,40,51,78.4,13,41,54,42,2,34,2,0,142,46,34,19,47.7,0.26,24.1,47.7,62,9,21,161,69.2,144.1,88,147,59.9,60,88,68.2,28,59,47.5,28,47,59.6,30,58,88,24,0,45,0,0,232,114,72,44,69.4,0.15,34.1,32.0
2025,20242025,606,Siena Heights,,1,0,1,40,71.5,10,1,11,71,42.3,81.7,23,65,35.4,17,36,47.2,6,29,20.7,6,8,75.0,11,18,29,15,0,21,0,0,58,28,17,11,40.0,0.21,37.9,12.3,21,7,8,72,61.6,115.3,30,55,54.5,24,37,64.9,6,18,33.3,17,28,60.7,15,31,46,17,0,15,0,0,83,38,23,23,60.0,0.24,32.6,50.9
2025,20242025,607,Southwestern (TX),,1,0,1,40,68.0,8,4,8,68,49.8,77.9,15,44,34.1,8,22,36.4,7,22,31.8,16,21,76.2,8,16,24,21,0,23,0,0,53,14,6,9,42.0,0.31,33.3,47.7,14,6,16,68,71.1,142.6,33,55,60.0,23,38,60.5,10,17,58.8,21,30,70.0,14,23,37,13,0,18,0,0,97,42,33,23,69.1,0.19,37.8,54.5
2025,20242025,608,Franklin,,1,0,1,40,78.5,9,1,12,79,45.3,75.9,22,60,36.7,16,40,40.0,6,20,30.0,10,14,71.4,5,20,25,18,2,26,2,0,60,24,23,13,41.7,0.23,20.0,23.3,17,3,11,78,61.0,111.5,29,55,52.7,25,39,64.1,4,16,25.0,25,37,67.6,13,34,47,19,0,16,2,0,87,46,21,18,56.4,0.24,27.7,67.3
2025,20242025,609,Coastal Georgia,,1,0,1,40,78.5,8,2,7,78,44.5,62.8,18,48,37.5,13,32,40.6,5,16,31.3,8,16,50.0,1,26,27,24,0,12,0,0,49,24,8,6,42.7,0.31,3.7,33.3,26,1,17,79,58.0,125.3,36,77,46.8,20,35,57.1,16,42,38.1,11,19,57.9,19,34,53,11,0,14,0,0,99,38,30,40,57.1,0.14,35.8,24.7
2025,20242025,610,Miami (OH)-Hamilton,,1,0,1,40,70.5,9,1,6,70,49.5,75.7,16,43,37.2,12,29,41.4,4,14,28.6,17,24,70.8,9,17,26,24,3,13,2,0,53,20,9,5,41.9,0.34,34.6,55.8,24,5,14,71,68.1,138.0,37,64,57.8,25,36,69.4,12,28,42.9,12,18,66.7,12,21,33,10,1,17,2,0,98,42,36,22,67.2,0.14,36.4,28.1
2025,20242025,611,Ohio Wesleyan,,1,0,1,40,67.0,11,0,6,67,49.5,85.1,21,54,38.9,11,25,44.0,10,29,34.5,5,8,62.5,7,20,27,16,0,9,0,0,57,18,15,3,48.1,0.24,25.9,14.8,28,5,12,67,67.4,131.3,35,64,54.7,20,29,69.0,15,35,42.9,3,3,100.0,9,27,36,11,1,13,0,0,88,38,20,16,66.4,0.16,25.0,4.7
2025,20242025,612,Missouri S&T,,1,0,1,40,77.5,11,4,8,78,45.2,82.1,20,62,32.3,11,35,31.4,9,27,33.3,15,20,75.0,11,26,37,19,2,17,0,0,64,18,9,7,39.5,0.24,29.7,32.3,24,3,14,77,58.5,111.7,33,63,52.4,26,45,57.8,7,18,38.9,13,24,54.2,10,30,40,12,0,17,0,0,86,50,26,20,57.9,0.16,25.0,38.1
2025,20242025,613,Ozark Christian,,1,0,1,40,73.5,10,1,6,74,39.1,66.2,19,60,31.7,13,32,40.6,6,28,21.4,5,6,83.3,8,21,29,19,1,15,0,0,49,14,14,8,36.7,0.26,27.6,10.0,18,0,13,73,73.1,143.8,38,63,60.3,23,35,65.7,15,28,53.6,14,20,70.0,9,33,42,9,0,9,0,0,105,46,32,20,72.2,0.12,21.4,31.7
2025,20242025,614,Kansas Christian,,1,0,1,40,78.0,6,0,3,77,28.2,46.8,14,59,23.7,12,38,31.6,2,21,9.5,6,11,54.5,5,11,16,18,0,24,0,0,36,22,0,0,25.4,0.23,31.3,18.6,21,6,14,79,70.4,157.0,40,70,57.1,28,38,73.7,12,32,37.5,32,41,78.0,19,42,61,9,0,14,0,0,124,54,27,26,65.7,0.11,31.1,58.6
2025,20242025,615,McMurry,,2,0,2,80,77.8,16,3,11,155,44.6,75.5,40,118,33.9,26,64,40.6,14,54,25.9,23,30,76.7,11,46,57,36,1,28,0,0,117,44,13,26,39.8,0.23,19.3,25.4,47,8,24,156,65.8,130.1,79,141,56.0,58,91,63.7,21,50,42.0,24,30,80.0,20,71,91,22,1,27,0,0,203,106,49,45,63.5,0.14,22.0,21.3
2025,20242025,616,Concordia-Ann Arbor,,1,0,1,40,77.0,8,4,5,77,30.9,59.7,17,71,23.9,11,41,26.8,6,30,20.0,6,8,75.0,7,21,28,9,0,16,0,0,46,18,5,2,28.2,0.12,25.0,11.3,28,8,2,77,66.9,144.2,46,79,58.2,35,56,62.5,11,23,47.8,8,9,88.9,13,49,62,7,0,12,0,0,111,64,11,20,65.2,0.09,21.0,11.4
2025,20242025,617,Fredonia State,,1,0,1,40,79.5,19,1,10,80,62.4,97.5,29,59,49.2,13,26,50.0,16,33,48.5,4,8,50.0,5,29,34,21,0,19,1,0,78,22,13,7,62.7,0.26,14.7,13.6,19,1,8,79,56.9,110.1,30,65,46.2,20,29,69.0,10,36,27.8,17,26,65.4,11,27,38,13,0,12,1,0,87,38,18,27,53.8,0.16,28.9,40.0
2025,20242025,618,Nelson,,1,0,1,40,79.5,9,3,10,79,44.8,84.8,25,69,36.2,17,39,43.6,8,30,26.7,9,13,69.2,7,15,22,12,0,18,0,0,67,28,4,10,42.0,0.15,31.8,18.8,25,4,7,80,67.2,143.8,44,75,58.7,36,56,64.3,8,19,42.1,19,24,79.2,16,39,55,11,0,14,0,0,115,72,21,28,64.0,0.14,29.1,32.0
2025,20242025,619,Pratt,,1,0,1,40,74.5,9,0,3,74,39.4,56.8,12,45,26.7,7,22,31.8,5,23,21.7,13,19,68.4,11,20,31,29,0,17,0,0,42,14,5,0,32.2,0.39,35.5,42.2,30,4,23,75,61.3,136.0,38,74,51.4,25,38,65.8,13,36,36.1,13,21,61.9,19,26,45,9,0,21,0,0,102,46,44,33,60.1,0.12,42.2,28.4
2025,20242025,620,Manor College,,1,0,1,40,68.5,8,0,5,68,53.6,76.5,16,41,39.0,8,21,38.1,8,20,40.0,12,17,70.6,3,18,21,22,2,23,2,0,52,14,8,12,48.8,0.32,14.3,41.5,22,5,14,69,74.4,136.2,29,50,58.0,14,21,66.7,15,29,51.7,21,30,70.0,7,26,33,13,2,18,2,0,94,24,38,22,73.0,0.19,21.2,60.0
2025,20242025,621,Brescia,,4,0,4,160,52.5,32,4,23,209,39.6,94.7,74,231,32.0,55,154,35.7,19,77,24.7,31,43,72.1,36,89,125,62,3,45,0,0,198,84,32,21,36.1,0.3,28.8,18.6,92,13,46,211,62.1,182.9,149,293,50.9,82,127,64.6,67,166,40.4,21,40,52.5,64,128,192,33,1,47,0,0,386,156,113,90,62.3,0.16,33.3,13.7
2025,20242025,622,Xavier (LA),,1,1,0,40,0.0,8,4,8,0,47.1,,15,50,30.0,11,31,35.5,4,19,21.1,28,36,77.8,13,27,40,12,0,20,0,0,62,14,22,6,34.0,,32.5,72.0,9,5,5,0,41.4,,19,58,32.8,15,45,33.3,4,13,30.8,14,22,63.6,13,26,39,14,1,26,0,0,56,12,8,4,36.2,,33.3,37.9
2025,20242025,623,Penn State-Schuylkill,,3,0,3,120,75.7,20,2,24,226,51.0,90.7,74,171,43.3,62,124,50.0,12,47,25.5,45,68,66.2,26,54,80,52,1,45,3,0,205,114,27,42,46.8,0.23,32.5,39.8,84,13,30,228,66.0,138.2,125,219,57.1,89,120,74.2,36,99,36.4,29,45,64.4,46,80,126,37,1,47,1,0,315,164,80,82,65.3,0.16,36.5,20.5
2025,20242025,624,SUNY Poly,,1,0,1,40,81.5,14,5,9,81,51.6,90.1,24,61,39.3,15,33,45.5,9,28,32.1,16,22,72.7,8,18,26,17,1,13,0,0,73,24,16,11,46.7,0.21,30.8,36.1,24,5,11,82,64.5,130.5,44,75,58.7,36,51,70.6,8,24,33.3,11,18,61.1,18,30,48,16,1,17,0,0,107,72,19,27,64.0,0.2,37.5,24.0
2025,20242025,625,Lancaster Bible College,,2,0,2,80,73.8,16,2,18,148,40.4,68.9,42,118,35.6,35,78,44.9,7,40,17.5,11,19,57.9,17,33,50,39,3,32,0,0,102,54,29,23,38.6,0.26,34.0,16.1,34,8,23,147,61.5,114.3,59,116,50.9,42,68,61.8,17,48,35.4,33,47,70.2,27,62,89,35,3,28,0,0,168,80,44,26,58.2,0.24,30.3,40.5
2025,20242025,626,Bluefield University,,2,0,2,80,72.0,18,3,13,144,40.6,77.8,37,119,31.1,27,77,35.1,10,42,23.8,28,43,65.1,24,43,67,33,3,40,0,0,112,38,21,17,35.3,0.23,35.8,36.1,46,9,13,144,64.9,135.4,69,127,54.3,46,62,74.2,23,65,35.4,34,53,64.2,28,60,88,21,2,35,0,0,195,82,42,46,63.4,0.15,31.8,41.7
2025,20242025,627,Chatham University,,1,0,1,40,67.5,6,3,9,68,34.3,75.0,21,70,30.0,16,43,37.2,5,27,18.5,4,10,40.0,17,15,32,11,0,17,0,0,51,26,14,4,33.6,0.16,53.1,14.3,15,8,5,67,61.0,117.9,28,56,50.0,21,38,55.3,7,18,38.9,16,20,80.0,14,36,50,16,2,17,0,0,79,42,13,22,56.3,0.24,28.0,35.7
2025,20242025,628,Mount Marty College,,3,0,3,120,70.2,25,9,12,209,39.9,66.5,53,162,32.7,38,105,36.2,15,57,26.3,18,28,64.3,21,70,91,58,5,62,1,0,139,44,10,6,37.3,0.28,23.1,17.3,44,19,30,212,54.9,116.5,84,189,44.4,61,107,57.0,23,82,28.0,56,82,68.3,47,86,133,31,4,39,1,0,247,114,68,54,50.5,0.15,35.3,43.4
2025,20242025,629,Menlo,,2,0,2,80,78.3,27,4,18,157,44.5,86.6,55,143,38.5,41,90,45.6,14,53,26.4,12,22,54.5,20,43,63,23,2,29,0,0,136,72,28,17,43.4,0.15,31.7,15.4,38,11,16,156,60.9,114.7,69,132,52.3,54,83,65.1,15,49,30.6,26,34,76.5,23,72,95,28,0,20,0,0,179,96,20,36,58.0,0.18,24.2,25.8
2025,20242025,630,Dillard,,2,0,2,80,79.8,13,7,16,160,43.5,80.6,42,128,32.8,33,83,39.8,9,45,20.0,36,46,78.3,14,48,62,26,1,41,0,0,129,50,27,15,36.3,0.16,22.6,35.9,44,8,12,159,63.8,119.5,60,122,49.2,36,61,59.0,24,61,39.3,46,61,75.4,20,76,96,26,2,41,0,0,190,68,25,36,59.0,0.16,20.8,50.0
2025,20242025,631,Valley Forge,,2,0,2,80,75.8,11,5,16,152,40.9,75.0,41,126,32.5,29,82,35.4,12,44,27.3,20,30,66.7,17,30,47,33,1,24,0,0,114,42,20,15,37.3,0.22,36.2,23.8,60,10,19,151,68.9,145.7,86,149,57.7,53,79,67.1,33,70,47.1,15,24,62.5,35,72,107,27,0,28,0,0,220,102,50,56,68.8,0.18,32.7,16.1
2025,20242025,632,Voorhees,,1,0,1,40,74.0,8,0,4,74,40.3,64.9,18,56,32.1,11,38,28.9,7,18,38.9,5,8,62.5,5,14,19,20,0,18,1,0,48,18,6,1,38.4,0.27,26.3,14.3,16,4,15,74,62.4,127.0,36,63,57.1,34,49,69.4,2,14,14.3,20,28,71.4,11,34,45,8,0,11,0,0,94,64,26,23,58.7,0.11,24.4,44.4
2025,20242025,633,Augusta,,1,0,1,40,72.0,11,7,5,72,47.5,95.8,25,63,39.7,21,45,46.7,4,18,22.2,15,22,68.2,13,27,40,10,0,14,0,0,69,32,10,9,42.9,0.14,32.5,34.9,17,4,7,72,55.0,109.7,27,63,42.9,19,36,52.8,8,27,29.6,17,20,85.0,11,29,40,12,0,17,0,0,79,38,12,17,49.2,0.17,27.5,31.7
2025,20242025,634,Vermont State - Johnson,,2,0,2,80,75.3,26,3,5,150,45.6,87.3,55,134,41.0,45,105,42.9,10,29,34.5,11,22,50.0,23,41,64,29,3,19,2,0,131,64,10,11,44.8,0.19,35.9,16.4,57,10,15,151,70.6,158.3,93,157,59.2,57,76,75.0,36,81,44.4,17,28,60.7,30,60,90,10,1,24,2,0,239,102,48,49,70.7,0.07,33.3,17.8
2025,20242025,635,Taylor,,1,0,1,40,73.5,8,4,3,74,34.6,58.1,16,56,28.6,13,25,52.0,3,31,9.7,8,14,57.1,9,19,28,20,0,10,0,0,43,20,8,5,31.3,0.27,32.1,25.0,18,2,13,73,72.7,146.6,40,67,59.7,24,37,64.9,16,30,53.3,11,15,73.3,10,35,45,10,0,16,0,0,107,44,40,17,71.6,0.14,22.2,22.4
2025,20242025,636,Missouri Southern State,,1,0,1,40,77.5,9,5,6,77,41.4,79.2,23,67,34.3,20,42,47.6,3,25,12.0,12,15,80.0,13,25,38,18,0,19,0,0,61,38,13,9,36.6,0.23,34.2,22.4,16,2,14,78,59.3,115.4,33,64,51.6,26,40,65.0,7,24,29.2,17,27,63.0,11,33,44,13,0,17,0,0,90,46,9,13,57.0,0.17,25.0,42.2
2025,20242025,637,Southern Oregon,,1,0,1,40,65.5,10,4,4,65,51.0,96.9,23,56,41.1,14,34,41.2,9,22,40.9,8,13,61.5,7,14,21,10,1,16,0,0,63,20,6,8,49.1,0.15,33.3,23.2,19,7,7,66,58.5,131.8,32,66,48.5,25,44,56.8,7,22,31.8,16,19,84.2,17,27,44,8,1,13,0,0,87,44,14,16,53.8,0.12,38.6,28.8
2025,20242025,638,Mount Saint Mary (NY),,1,0,1,40,67.5,9,4,9,67,47.5,71.6,19,47,40.4,14,29,48.3,5,18,27.8,5,8,62.5,6,14,20,23,2,14,0,0,48,16,7,5,45.7,0.34,30.0,17.0,30,2,12,68,66.8,148.5,39,73,53.4,21,28,75.0,18,45,40.0,5,6,83.3,21,24,45,11,1,13,0,0,101,42,45,25,65.8,0.16,46.7,8.2
2025,20242025,639,Dickinson State (ND),,1,0,1,40,73.5,10,5,5,74,39.5,73.0,24,67,35.8,20,39,51.3,4,28,14.3,2,3,66.7,8,24,32,13,1,16,0,0,54,34,10,13,38.8,0.18,25.0,4.5,12,3,8,73,55.8,116.4,30,66,45.5,23,43,53.5,7,23,30.4,18,23,78.3,14,36,50,10,0,11,0,0,85,46,13,15,50.8,0.14,28.0,34.8
2025,20242025,640,District Of Columbia,,1,0,1,40,80.5,13,3,11,81,48.3,79.0,22,57,38.6,15,38,39.5,7,19,36.8,13,21,61.9,14,19,33,27,0,16,0,0,64,24,16,19,44.7,0.33,42.4,36.8,8,3,18,80,60.7,112.5,35,64,54.7,29,49,59.2,6,15,40.0,14,23,60.9,16,26,42,22,0,19,0,0,90,56,30,26,59.4,0.28,38.1,35.9
2025,20242025,641,Goshen,,1,0,1,40,78.5,10,1,7,78,40.7,70.5,18,61,29.5,11,26,42.3,7,35,20.0,12,15,80.0,7,23,30,18,0,21,1,0,55,18,13,8,35.2,0.23,23.3,24.6,19,5,11,79,62.5,122.8,34,64,53.1,26,40,65.0,8,24,33.3,21,31,67.7,13,37,50,13,0,17,0,0,97,50,23,23,59.4,0.16,26.0,48.4
2025,20242025,642,Christendom,,1,0,1,40,0.0,13,2,3,0,41.6,,21,62,33.9,16,44,36.4,5,18,27.8,9,12,75.0,11,25,36,19,0,6,0,0,56,18,0,2,37.9,,30.6,19.4,25,3,17,0,62.6,,37,78,47.4,16,28,57.1,21,50,42.0,7,8,87.5,15,32,47,8,0,14,0,0,102,30,28,12,60.9,,31.9,10.3
2025,20242025,643,Mercy,,1,0,1,40,68.0,16,6,9,68,53.8,104.4,24,59,40.7,13,38,34.2,11,21,52.4,12,16,75.0,9,14,23,8,0,20,0,0,71,26,16,4,50.0,0.12,39.1,27.1,16,3,6,68,62.7,129.4,30,60,50.0,21,38,55.3,9,22,40.9,19,23,82.6,17,26,43,14,0,13,0,0,88,40,12,6,57.5,0.21,39.5,38.3
2025,20242025,644,Mary Baldwin,,2,0,2,80,78.0,14,3,13,156,36.1,59.0,33,110,30.0,26,68,38.2,7,42,16.7,19,40,47.5,8,44,52,34,3,40,0,0,92,42,16,7,33.2,0.22,15.4,36.4,38,6,22,156,61.8,126.3,71,133,53.4,57,92,62.0,14,41,34.1,41,60,68.3,30,81,111,24,0,35,1,0,197,110,42,30,58.6,0.15,27.0,45.1
2025,20242025,645,Gwynedd-Mercy,,1,0,1,40,68.0,10,5,8,68,39.5,79.4,22,63,34.9,17,35,48.6,5,28,17.9,5,12,41.7,11,24,35,10,1,17,0,0,54,28,15,6,38.9,0.15,31.4,19.0,16,6,4,68,50.8,102.9,23,61,37.7,13,39,33.3,10,22,45.5,14,18,77.8,12,33,45,12,0,15,0,0,70,18,9,11,45.9,0.18,26.7,29.5
2025,20242025,646,Carolina University,,4,0,4,160,68.6,33,8,15,275,41.3,60.0,60,188,31.9,36,114,31.6,24,74,32.4,21,27,77.8,21,86,107,95,9,70,0,0,165,56,16,4,38.3,0.35,19.6,14.4,73,16,56,274,56.8,132.1,128,276,46.4,90,150,60.0,38,126,30.2,68,97,70.1,74,105,179,28,1,39,0,0,362,170,145,111,53.3,0.1,41.3,35.1
2025,20242025,647,Franklin Pierce,,1,0,1,40,80.0,10,3,13,81,44.5,90.1,27,75,36.0,15,47,31.9,12,28,42.9,7,16,43.8,15,15,30,13,0,32,0,0,73,22,6,12,44.0,0.16,50.0,21.3,19,6,9,79,67.3,132.9,29,56,51.8,18,33,54.5,11,23,47.8,36,50,72.0,16,39,55,16,0,18,0,0,105,36,17,24,61.6,0.2,29.1,89.3
2025,20242025,648,LeTourneau,,2,0,2,80,70.3,27,0,23,141,55.0,97.2,50,114,43.9,31,66,47.0,19,48,39.6,18,24,75.0,19,23,42,35,3,30,0,0,137,52,35,17,52.2,0.25,45.2,21.1,39,7,20,140,69.9,135.7,72,121,59.5,54,79,68.4,18,42,42.9,28,34,82.4,28,46,74,33,3,25,0,0,190,104,48,33,66.9,0.24,37.8,28.1
2025,20242025,649,Rhodes,,2,0,2,80,78.3,18,5,7,156,42.0,68.6,38,116,32.8,27,53,50.9,11,63,17.5,20,26,76.9,22,46,68,49,4,39,0,0,107,44,13,15,37.5,0.31,32.4,22.4,35,12,34,157,57.2,134.4,80,162,49.4,64,104,61.5,16,58,27.6,35,51,68.6,44,60,104,14,0,31,0,0,211,124,65,57,54.3,0.09,42.3,31.5
2025,20242025,650,Loyola New Orleans,,2,0,2,80,78.3,28,4,16,157,46.2,80.9,46,126,36.5,30,70,42.9,16,56,28.6,19,26,73.1,15,45,60,34,0,31,0,0,127,40,23,19,42.9,0.22,25.0,20.6,38,10,22,156,62.8,128.2,75,143,52.4,52,89,58.4,23,54,42.6,27,37,73.0,27,69,96,24,0,26,0,0,200,98,39,45,60.5,0.15,28.1,25.9
2025,20242025,651,Campbellsville,,1,0,1,40,78.0,18,4,3,78,52.3,97.4,30,70,42.9,17,39,43.6,13,31,41.9,3,6,50.0,12,29,41,17,1,14,0,0,76,20,5,3,52.1,0.22,29.3,8.6,27,2,11,78,63.1,133.3,40,78,51.3,24,46,52.2,16,32,50.0,8,10,80.0,9,29,38,5,0,9,0,0,104,46,16,29,61.5,0.06,23.7,12.8
2025,20242025,652,Colorado Christian,,2,0,2,80,69.0,20,3,11,138,51.0,86.2,41,100,41.0,30,68,44.1,11,32,34.4,26,38,68.4,14,40,54,33,2,35,0,0,119,54,23,12,46.5,0.24,25.9,38.0,50,6,11,138,72.6,144.2,71,122,58.2,41,66,62.1,30,56,53.6,27,34,79.4,18,50,68,19,0,33,1,0,199,74,41,32,70.5,0.14,26.5,27.9
2025,20242025,653,UT Permian Basin,,1,0,1,40,70.0,13,0,11,70,43.5,82.9,22,60,36.7,19,43,44.2,3,17,17.6,11,15,73.3,16,17,33,20,1,17,0,0,58,38,21,20,39.2,0.29,48.5,25.0,18,2,13,70,65.7,111.4,30,51,58.8,25,36,69.4,5,15,33.3,13,19,68.4,7,23,30,18,0,17,0,0,78,46,26,24,63.7,0.26,23.3,37.3
2025,20242025,654,Corban College,,1,0,1,40,76.0,8,3,4,77,46.0,84.4,27,68,39.7,19,41,46.3,8,27,29.6,3,6,50.0,9,15,24,14,1,20,0,0,65,26,8,14,45.6,0.18,37.5,8.8,23,7,10,75,67.6,133.3,39,63,61.9,35,50,70.0,4,13,30.8,18,25,72.0,12,33,45,12,1,10,0,0,100,68,18,16,65.1,0.16,26.7,39.7
2025,20242025,655,Occidental,,2,0,2,80,71.3,26,2,5,143,40.3,69.9,36,114,31.6,24,72,33.3,12,42,28.6,16,23,69.6,19,50,69,38,2,19,0,0,100,34,6,8,36.8,0.27,27.5,20.2,49,10,26,142,60.2,147.2,77,163,47.2,38,65,58.5,39,98,39.8,16,24,66.7,37,62,99,7,0,29,0,0,209,74,66,32,59.2,0.05,37.4,14.7
2025,20242025,656,Western Oregon,,1,0,1,40,73.0,12,1,10,73,40.5,79.5,23,69,33.3,15,42,35.7,8,27,29.6,4,6,66.7,19,19,38,20,0,13,0,0,58,26,11,13,39.1,0.27,50.0,8.7,22,14,17,73,63.9,128.8,38,67,56.7,30,49,61.2,8,18,44.4,10,15,66.7,13,28,41,13,0,9,0,0,94,50,27,24,62.7,0.18,31.7,22.4
2025,20242025,657,Truett-McConnell,,2,0,2,80,77.5,18,8,18,156,47.5,84.0,52,130,40.0,36,80,45.0,16,50,32.0,11,18,61.1,22,43,65,41,3,31,0,0,131,64,17,16,46.2,0.26,33.8,13.8,40,9,24,154,60.8,128.6,73,146,50.0,50,82,61.0,23,64,35.9,29,38,76.3,34,59,93,26,0,20,0,0,198,100,65,27,57.9,0.17,36.6,26.0
2025,20242025,658,Emerson,,2,0,2,80,73.0,18,3,15,146,34.7,58.2,36,114,31.6,30,70,42.9,6,44,13.6,7,19,36.8,11,36,47,32,2,41,0,0,85,30,12,12,34.2,0.22,23.4,16.7,54,13,17,146,68.3,137.7,74,126,58.7,54,79,68.4,20,47,42.6,33,48,68.8,22,74,96,19,0,22,0,0,201,96,44,33,66.7,0.13,22.9,38.1
2025,20242025,659,Tusculum,,2,0,2,80,74.0,21,6,16,148,45.8,84.5,47,129,36.4,30,67,44.8,17,62,27.4,14,17,82.4,16,45,61,29,0,30,0,0,125,30,29,11,43.0,0.2,26.2,13.2,40,7,24,148,63.4,118.9,65,122,53.3,48,79,60.8,17,43,39.5,29,38,76.3,16,66,82,26,1,23,0,0,176,88,41,41,60.2,0.18,19.5,31.1
2025,20242025,660,Crowley's Ridge,,1,0,1,40,75.0,9,1,7,75,31.0,50.7,16,59,27.1,13,36,36.1,3,23,13.0,3,5,60.0,4,24,28,18,1,12,0,0,38,22,9,5,29.7,0.24,14.3,8.5,22,5,10,75,57.8,124.0,37,76,48.7,26,41,63.4,11,35,31.4,8,10,80.0,13,37,50,9,0,8,0,0,93,44,19,11,55.9,0.12,26.0,13.2
2025,20242025,661,Randall University,,2,0,2,80,73.3,21,0,8,145,38.4,68.3,34,122,27.9,17,52,32.7,17,70,24.3,14,16,87.5,12,46,58,29,0,17,0,0,99,28,11,14,34.8,0.2,20.7,13.1,47,4,21,148,64.7,148.6,86,160,53.8,54,69,78.3,32,91,35.2,16,23,69.6,32,75,107,12,1,21,0,0,220,108,45,28,63.8,0.08,29.9,14.4
2025,20242025,662,Westminster (UT),,1,0,1,40,71.5,17,2,3,72,41.7,73.6,21,60,35.0,15,45,33.3,6,15,40.0,5,8,62.5,15,14,29,24,3,16,0,0,53,24,17,1,40.0,0.33,51.7,13.3,28,1,16,71,77.3,164.8,42,66,63.6,25,35,71.4,17,31,54.8,16,22,72.7,12,26,38,9,0,16,0,0,117,48,47,32,76.5,0.13,31.6,33.3
2025,20242025,663,Seattle Pacific,,1,0,1,40,70.5,11,6,4,70,56.2,88.6,23,49,46.9,16,34,47.1,7,15,46.7,9,14,64.3,3,27,30,20,1,23,0,0,62,28,16,6,54.1,0.29,10.0,28.6,12,9,13,71,53.4,108.5,26,58,44.8,18,36,50.0,8,22,36.4,17,32,53.1,11,24,35,10,0,17,0,0,77,34,21,18,51.7,0.14,31.4,55.2
2025,20242025,664,Nobel,,2,0,2,80,71.3,16,3,20,142,43.5,77.5,39,114,34.2,27,69,39.1,12,45,26.7,20,28,71.4,18,31,49,34,2,37,0,0,110,38,15,16,39.5,0.24,36.7,24.6,40,7,27,143,65.4,133.6,66,120,55.0,52,80,65.0,14,40,35.0,45,59,76.3,31,60,91,30,0,29,0,0,191,100,47,54,60.8,0.21,34.1,49.2
2025,20242025,665,North Greenville,,1,0,1,40,70.0,7,3,3,70,41.5,77.1,20,55,36.4,16,37,43.2,4,18,22.2,10,23,43.5,10,26,36,13,0,21,0,0,54,30,5,2,40.0,0.19,27.8,41.8,13,5,10,70,53.3,112.9,27,60,45.0,19,40,47.5,8,20,40.0,17,32,53.1,12,33,45,7,0,16,0,0,79,38,15,13,51.7,0.1,26.7,53.3
2025,20242025,666,Florida National,,1,0,1,40,80.0,14,4,7,80,40.3,68.8,20,62,32.3,12,38,31.6,8,24,33.3,7,14,50.0,12,19,31,23,1,11,0,0,55,22,10,6,38.7,0.29,38.7,22.6,30,5,15,80,63.1,137.5,45,81,55.6,36,51,70.6,9,30,30.0,11,14,78.6,19,34,53,11,0,15,0,0,110,72,30,27,61.1,0.14,35.8,17.3
2025,20242025,667,Dakota Wesleyan,,2,0,2,80,65.8,25,2,12,131,49.3,100.0,47,124,37.9,27,70,38.6,20,54,37.0,17,20,85.0,30,34,64,28,3,25,0,0,131,40,28,11,46.0,0.21,46.9,16.1,23,15,17,132,65.0,128.8,68,118,57.6,52,72,72.2,16,46,34.8,18,29,62.1,20,49,69,22,2,17,0,0,170,96,48,30,64.4,0.17,29.0,24.6
2025,20242025,668,Ecclesia,,3,0,3,120,78.7,28,1,18,236,39.3,64.0,52,167,31.1,36,101,35.6,16,66,24.2,31,57,54.4,18,56,74,61,1,35,0,0,151,58,23,25,35.9,0.26,24.3,34.1,104,13,42,236,68.7,153.0,143,244,58.6,98,147,66.7,45,97,46.4,30,43,69.8,53,114,167,26,1,50,0,0,361,184,109,58,67.8,0.11,31.7,17.6
2025,20242025,669,Tabor,,1,0,1,40,75.0,12,3,11,75,50.5,76.0,24,56,42.9,16,34,47.1,8,22,36.4,1,1,100.0,7,12,19,26,0,19,1,0,57,22,18,9,50.0,0.35,36.8,1.8,15,4,13,75,61.9,117.3,34,61,55.7,32,53,60.4,2,8,25.0,18,23,78.3,17,25,42,20,0,9,0,0,88,56,38,14,57.4,0.27,40.5,37.7
2025,20242025,670,La Sierra,,5,0,5,200,65.9,59,8,35,328,42.2,79.9,99,286,34.6,66,168,39.3,33,118,28.0,31,55,56.4,44,95,139,71,9,86,2,0,262,108,52,12,40.4,0.22,31.7,19.2,90,14,41,331,59.8,122.7,143,296,48.3,95,161,59.0,48,135,35.6,72,99,72.7,72,157,229,70,2,82,4,0,406,172,96,77,56.4,0.21,31.4,33.4
2025,20242025,671,John Jay College,,1,0,1,40,71.5,9,3,3,71,35.4,62.0,18,59,30.5,13,41,31.7,5,18,27.8,3,7,42.9,11,20,31,20,0,19,0,0,44,22,7,2,34.7,0.28,35.5,11.9,22,4,13,72,58.6,129.2,35,67,52.2,29,50,58.0,6,17,35.3,17,28,60.7,18,31,49,10,0,14,0,0,93,52,28,30,56.7,0.14,36.7,41.8
2025,20242025,672,St. Norbert,,1,0,1,40,74.0,13,0,6,74,46.7,73.0,18,49,36.7,12,29,41.4,6,20,30.0,12,20,60.0,6,19,25,21,1,16,0,0,54,20,10,0,42.9,0.28,24.0,40.8,28,4,17,74,74.5,137.8,36,61,59.0,21,30,70.0,15,31,48.4,15,17,88.2,8,29,37,13,0,20,0,0,102,42,28,26,71.3,0.18,21.6,27.9
2025,20242025,673,Texas College,,1,0,1,40,77.0,13,2,13,78,45.1,88.5,22,65,33.8,16,44,36.4,6,21,28.6,19,26,73.1,10,20,30,10,0,20,2,0,69,26,20,24,38.5,0.13,33.3,40.0,26,6,7,76,65.9,125.0,32,62,51.6,20,29,69.0,12,33,36.4,19,23,82.6,13,39,52,17,2,23,1,0,95,36,8,16,61.3,0.22,25.0,37.1
2025,20242025,674,Saint Mary's (MN),,1,0,1,40,76.0,14,1,3,76,43.0,77.6,20,62,32.3,12,30,40.0,8,32,25.0,11,15,73.3,8,17,25,16,0,18,0,0,59,22,9,5,38.7,0.21,32.0,24.2,31,2,14,76,71.3,153.9,45,75,60.0,32,46,69.6,13,29,44.8,14,16,87.5,11,36,47,6,0,16,0,0,117,64,25,31,68.7,0.08,23.4,21.3
2025,20242025,675,Misericordia,,2,0,2,80,72.3,22,4,14,145,49.4,84.8,44,110,40.0,30,67,44.8,14,43,32.6,21,33,63.6,12,39,51,32,1,32,0,0,123,50,33,12,46.4,0.22,23.5,30.0,37,8,21,144,65.8,117.4,59,113,52.2,36,54,66.7,23,59,39.0,28,35,80.0,18,60,78,33,1,29,0,0,169,72,41,26,62.4,0.23,23.1,31.0
2025,20242025,676,Rockford,,1,0,1,40,67.5,10,4,9,68,52.8,94.1,23,54,42.6,17,36,47.2,6,18,33.3,12,15,80.0,11,17,28,17,1,21,0,0,64,34,14,0,48.1,0.25,39.3,27.8,17,5,13,67,64.2,125.4,28,54,51.9,19,36,52.8,9,18,50.0,19,26,73.1,14,21,35,15,1,15,0,0,84,38,27,18,60.2,0.22,40.0,48.1
2025,20242025,677,Saint Joseph's Long Island,,2,0,2,80,34.8,16,3,10,69,35.6,131.9,29,115,25.2,21,71,29.6,8,44,18.2,25,29,86.2,14,44,58,27,1,22,0,0,91,34,7,5,28.7,0.39,24.1,25.2,46,11,19,70,67.6,295.7,77,140,55.0,48,71,67.6,29,69,42.0,24,30,80.0,22,72,94,12,0,27,0,0,207,84,40,37,65.4,0.17,23.4,21.4
2025,20242025,678,Central State (OH),,2,0,2,80,70.0,14,2,11,140,41.6,77.1,34,109,31.2,26,80,32.5,8,29,27.6,32,47,68.1,30,44,74,37,4,32,2,0,108,46,10,11,34.9,0.26,40.5,43.1,39,12,14,140,59.9,127.1,64,131,48.9,44,75,58.7,20,56,35.7,30,40,75.0,26,57,83,18,0,36,2,0,178,84,42,39,56.5,0.13,31.3,30.5
2025,20242025,679,Capital,,1,0,1,40,65.0,10,1,11,65,41.3,84.6,21,64,32.8,11,32,34.4,10,32,31.3,3,6,50.0,14,21,35,12,2,17,0,0,55,18,8,10,40.6,0.18,40.0,9.4,17,6,6,65,58.9,116.9,28,54,51.9,20,31,64.5,8,23,34.8,12,24,50.0,12,32,44,12,0,4,0,0,76,40,15,13,59.3,0.18,27.3,44.4
2025,20242025,680,Haskell,,1,0,1,40,75.5,4,2,9,75,43.5,69.3,17,51,33.3,12,26,46.2,5,25,20.0,13,20,65.0,6,21,27,21,3,24,0,0,52,20,6,10,38.2,0.28,22.2,39.2,14,2,9,76,60.3,114.5,27,58,46.6,17,32,53.1,10,26,38.5,23,32,71.9,15,30,45,19,0,18,0,0,87,34,29,8,55.2,0.25,33.3,55.2
2025,20242025,681,Trinity Christian (IL),,2,0,2,80,69.5,19,1,8,140,41.1,72.1,34,111,30.6,17,43,39.5,17,68,25.0,16,27,59.3,7,34,41,23,3,22,0,0,101,22,5,5,38.3,0.16,17.1,24.3,54,2,10,138,75.8,154.3,80,133,60.2,41,56,73.2,39,77,50.6,14,17,82.4,20,75,95,19,1,25,0,0,213,82,36,37,74.8,0.14,21.1,12.8
2025,20242025,682,Gallaudet,,1,0,1,40,81.0,11,2,7,81,38.6,71.6,21,69,30.4,16,44,36.4,5,25,20.0,11,14,78.6,8,21,29,13,0,10,0,0,58,20,10,7,34.1,0.16,27.6,20.3,30,3,8,81,67.8,139.5,44,78,56.4,26,43,60.5,18,35,51.4,7,12,58.3,15,41,56,14,0,9,0,0,113,50,24,36,67.9,0.17,26.8,15.4
2025,20242025,683,Southern Virginia,,2,0,2,80,72.5,19,6,17,145,44.5,73.8,40,108,37.0,32,70,45.7,8,38,21.1,19,28,67.9,12,51,63,34,0,38,0,0,107,40,24,14,40.7,0.23,19.0,25.9,30,10,23,145,58.8,122.8,58,131,44.3,33,74,44.6,25,57,43.9,37,46,80.4,28,61,89,22,1,27,0,0,178,60,39,19,53.8,0.15,31.5,35.1
2025,20242025,684,Auburn-Montgomery,,1,0,1,40,86.0,12,2,12,86,41.9,74.4,22,68,32.4,18,46,39.1,4,22,18.2,16,19,84.2,14,17,31,22,0,15,0,0,64,26,17,18,35.3,0.26,45.2,27.9,27,3,14,86,66.7,126.7,44,76,57.9,36,48,75.0,8,28,28.6,13,13,100.0,14,34,48,18,1,15,0,0,109,70,29,41,63.2,0.21,29.2,17.1
2025,20242025,685,Calvary,,1,0,1,40,75.5,6,4,4,76,18.7,25.0,7,50,14.0,2,21,9.5,5,29,17.2,0,2,0.0,9,18,27,34,0,17,0,0,19,4,0,0,19.0,0.45,33.3,4.0,26,5,30,75,66.6,158.7,44,81,54.3,26,45,57.8,18,36,50.0,13,19,68.4,23,33,56,8,1,7,0,0,119,52,61,34,65.4,0.11,41.1,23.5
2025,20242025,686,Spring Hill,,1,0,1,40,69.5,14,4,7,69,54.9,88.4,20,52,38.5,7,24,29.2,13,28,46.4,8,8,100.0,9,19,28,23,1,14,0,0,61,12,9,4,51.0,0.33,32.1,15.4,23,2,18,70,65.5,135.7,32,62,51.6,19,32,59.4,13,30,43.3,18,24,75.0,12,23,35,8,0,9,0,0,95,38,37,19,62.1,0.11,34.3,38.7
2025,20242025,687,Embry-Riddle (AZ),,2,0,2,80,63.8,18,3,13,128,38.9,72.7,33,112,29.5,17,64,26.6,16,48,33.3,11,17,64.7,19,27,46,33,3,40,0,0,93,18,16,0,36.6,0.26,41.3,15.2,38,12,16,127,65.1,140.9,64,115,55.7,43,63,68.3,21,52,40.4,30,51,58.8,31,55,86,21,0,29,0,0,179,82,48,31,64.8,0.17,36.0,44.3
2025,20242025,688,East-West University,,5,0,5,200,79.9,40,20,40,401,30.7,55.6,85,331,25.7,69,217,31.8,16,114,14.0,37,73,50.7,53,103,156,92,8,92,0,0,223,108,43,36,28.1,0.23,34.0,22.1,113,37,48,398,60.8,132.9,197,386,51.0,141,231,61.0,56,155,36.1,79,112,70.5,105,209,314,67,2,67,0,0,529,262,115,119,58.3,0.17,33.4,29.0
2025,20242025,689,Randolph-Macon,,1,0,1,40,71.5,14,1,11,72,41.2,76.4,19,61,31.1,11,36,30.6,8,25,32.0,9,13,69.2,11,22,33,14,1,17,0,0,55,22,8,5,37.7,0.19,33.3,21.3,9,6,6,71,54.2,100.0,24,54,44.4,20,40,50.0,4,14,28.6,19,26,73.1,11,32,43,14,0,13,0,0,71,32,10,8,48.1,0.2,25.6,48.1
2025,20242025,690,Mount Aloysius,,1,0,1,40,0.0,4,0,5,0,40.2,,12,45,26.7,9,28,32.1,3,17,17.6,18,25,72.0,3,21,24,24,0,23,0,0,45,16,3,5,30.0,,12.5,55.6,18,4,14,0,55.1,,38,78,48.7,33,49,67.3,5,29,17.2,17,25,68.0,20,29,49,8,0,20,0,0,98,64,26,13,51.9,,40.8,32.1
2025,20242025,691,Southern Wesleyan,,1,0,1,40,78.0,4,1,8,78,43.0,80.8,22,60,36.7,19,41,46.3,3,19,15.8,16,30,53.3,8,27,35,13,0,19,1,0,63,26,11,6,39.2,0.17,22.9,50.0,14,1,7,78,60.5,121.8,32,64,50.0,22,39,56.4,10,25,40.0,21,33,63.6,11,36,47,12,0,22,0,0,95,44,19,16,57.8,0.15,23.4,51.6
2025,20242025,693,Fisher College,,1,0,1,40,85.5,10,3,10,86,40.3,76.7,26,78,33.3,19,44,43.2,7,34,20.6,7,9,77.8,7,20,27,11,0,23,0,0,66,26,14,19,37.8,0.13,25.9,11.5,24,3,8,85,72.4,142.4,39,66,59.1,27,40,67.5,12,26,46.2,31,40,77.5,12,47,59,15,0,10,0,0,121,54,19,25,68.2,0.18,20.3,60.6
2025,20242025,694,Mitchell College,,1,0,1,40,70.0,4,3,7,70,40.2,70.0,19,57,33.3,14,36,38.9,5,21,23.8,6,9,66.7,8,16,24,17,0,13,0,0,49,20,5,0,37.7,0.24,33.3,15.8,13,3,11,70,69.1,125.7,36,58,62.1,30,42,71.4,6,16,37.5,10,13,76.9,7,31,38,14,0,10,0,0,88,54,27,8,67.2,0.2,18.4,22.4
2025,20242025,695,Saint Elizabeth,,1,0,1,40,78.0,6,0,8,78,41.4,65.4,19,55,34.5,15,33,45.5,4,22,18.2,9,15,60.0,10,12,22,27,1,20,1,0,51,18,10,13,38.2,0.35,45.5,27.3,26,5,21,78,70.9,148.7,44,73,60.3,32,50,64.0,12,23,52.2,16,20,80.0,19,28,47,18,1,19,0,0,116,62,43,27,68.5,0.23,40.4,27.4
2025,20242025,696,Endicott College,,1,0,1,40,72.0,13,3,10,73,51.1,87.7,23,56,41.1,13,26,50.0,10,30,33.3,8,15,53.3,3,25,28,12,0,19,0,0,64,20,11,8,50.0,0.16,10.7,26.8,9,4,5,71,53.8,109.9,29,65,44.6,20,39,51.3,9,26,34.6,11,17,64.7,16,34,50,15,1,16,0,0,78,36,16,6,51.5,0.21,32.0,26.2
2025,20242025,697,Mansfield,,1,0,1,40,67.5,16,2,4,68,47.9,79.4,21,52,40.4,13,29,44.8,8,23,34.8,4,10,40.0,5,24,29,17,1,9,0,0,54,20,2,9,48.1,0.25,17.2,19.2,21,3,12,67,51.8,113.4,31,69,44.9,24,44,54.5,7,25,28.0,7,10,70.0,16,30,46,9,0,11,0,0,76,46,19,20,50.0,0.13,34.8,14.5
2025,20242025,698,Stanislaus State,,3,0,3,120,68.3,27,4,20,205,38.3,66.8,50,165,30.3,32,96,33.3,18,69,26.1,19,31,61.3,19,60,79,43,1,41,0,0,137,48,28,8,35.8,0.21,24.1,18.8,57,14,25,205,62.2,119.0,94,174,54.0,69,103,67.0,25,71,35.2,31,50,62.0,32,102,134,38,0,34,2,0,244,128,51,41,61.2,0.19,23.9,28.7
2025,20242025,699,Johnson University (TN),,2,0,2,80,65.0,17,5,9,130,48.7,84.6,43,106,40.6,31,64,48.4,12,42,28.6,12,16,75.0,16,41,57,35,5,30,0,0,110,54,13,6,46.2,0.27,28.1,15.1,25,8,24,130,54.2,123.8,62,134,46.3,45,78,57.7,17,56,30.4,20,33,60.6,35,48,83,19,1,23,0,0,161,84,47,35,52.6,0.15,42.2,24.6
2025,20242025,700,Edward Waters,,1,0,1,40,77.5,4,5,8,78,40.6,75.6,27,67,40.3,26,57,45.6,1,10,10.0,4,13,30.8,12,23,35,16,1,11,0,0,59,38,10,4,41.0,0.21,34.3,19.4,33,5,10,77,64.9,140.3,39,77,50.6,19,36,52.8,20,41,48.8,10,14,71.4,17,32,49,12,0,14,0,0,108,38,27,20,63.6,0.16,34.7,18.2
2025,20242025,701,Texas Wesleyan,,2,0,2,80,67.3,19,6,16,135,47.5,90.4,51,120,42.5,41,83,49.4,10,37,27.0,12,19,63.2,20,39,59,27,1,40,0,0,122,62,39,16,46.7,0.2,33.9,15.8,24,7,20,134,60.0,115.7,56,112,50.0,40,62,64.5,16,50,32.0,27,39,69.2,24,51,75,30,1,21,0,0,155,68,34,22,57.1,0.22,32.0,34.8
2025,20242025,702,Monmouth (IL),,1,0,1,40,61.5,6,1,10,61,38.4,75.4,17,55,30.9,11,35,31.4,6,20,30.0,6,11,54.5,13,14,27,14,0,11,1,0,46,20,7,4,36.4,0.23,48.1,20.0,12,5,8,62,57.6,117.7,24,55,43.6,15,28,53.6,9,27,33.3,16,19,84.2,18,27,45,17,2,16,0,0,73,30,13,17,51.8,0.27,40.0,34.5
2025,20242025,703,Minnesota Crookston,,1,0,1,40,62.0,11,5,5,62,52.0,96.8,22,52,42.3,12,27,44.4,10,25,40.0,6,13,46.2,9,24,33,13,0,21,1,0,60,22,16,2,51.9,0.21,27.3,25.0,12,2,2,62,48.5,108.1,24,59,40.7,19,41,46.3,5,18,27.8,14,23,60.9,17,26,43,10,1,16,0,0,67,34,11,2,44.9,0.16,39.5,39.0
2025,20242025,704,Vermont State - Randolph,,1,0,1,40,72.5,8,1,1,72,47.0,80.6,21,60,35.0,8,27,29.6,13,33,39.4,3,4,75.0,9,25,34,18,1,18,0,0,58,14,0,5,45.8,0.25,26.5,6.7,17,4,8,73,63.0,146.6,37,73,50.7,26,43,60.5,11,30,36.7,22,27,81.5,15,30,45,2,1,12,0,0,107,52,27,21,58.2,0.03,33.3,37.0
2025,20242025,705,Puerto Rico-Mayaguez,,1,0,1,40,71.0,4,1,4,71,41.6,70.4,17,50,34.0,12,31,38.7,5,19,26.3,11,23,47.8,7,12,19,19,0,13,0,0,50,16,13,4,39.0,0.27,36.8,46.0,20,2,12,71,68.3,131.0,34,61,55.7,19,33,57.6,15,28,53.6,10,16,62.5,11,31,42,15,0,25,0,0,93,36,30,17,68.0,0.21,26.2,26.2
2025,20242025,706,Lane College,,1,0,1,40,77.5,7,0,12,77,40.3,77.9,22,67,32.8,20,58,34.5,2,9,22.2,14,17,82.4,13,24,37,15,1,12,0,0,60,34,8,2,34.3,0.19,35.1,25.4,27,7,10,78,61.5,132.1,38,78,48.7,20,30,66.7,18,48,37.5,9,13,69.2,19,32,51,13,0,14,0,0,103,38,23,15,60.3,0.17,37.3,16.7
2025,20242025,707,Kentucky State,,1,0,1,40,80.0,8,4,10,80,44.7,73.8,18,55,32.7,11,31,35.5,7,24,29.2,16,25,64.0,14,26,40,26,1,21,0,0,59,14,6,9,39.1,0.33,35.0,45.5,24,5,20,80,55.8,106.3,30,66,45.5,19,39,48.7,11,27,40.7,14,23,60.9,15,28,43,16,0,21,0,0,85,36,31,25,53.8,0.2,34.9,34.8
2025,20242025,708,Ferrum,,1,0,1,40,68.0,8,2,3,68,42.5,80.9,19,59,32.2,13,35,37.1,6,24,25.0,11,13,84.6,7,21,28,13,2,17,0,0,55,18,8,6,37.3,0.19,25.0,22.0,17,4,8,68,64.7,147.1,36,68,52.9,23,33,69.7,13,35,37.1,15,21,71.4,13,31,44,5,0,12,0,0,100,44,23,10,62.5,0.07,29.5,30.9
2025,20242025,709,Springfield,,1,0,1,40,67.5,13,6,2,67,49.3,68.7,18,44,40.9,10,24,41.7,8,20,40.0,2,6,33.3,2,23,25,22,0,15,0,0,46,16,6,4,50.0,0.33,8.0,13.6,15,2,18,68,54.5,119.1,34,69,49.3,28,53,52.8,6,16,37.5,7,12,58.3,16,26,42,10,0,10,0,0,81,46,32,17,53.6,0.15,38.1,17.4
2025,20242025,710,Puerto Rico-Bayamon,,1,0,1,40,73.0,6,3,9,73,44.8,76.7,17,51,33.3,16,41,39.0,1,10,10.0,21,26,80.8,8,21,29,20,0,18,0,0,56,24,8,7,34.3,0.27,27.6,51.0,14,3,10,73,53.1,100.0,26,59,44.1,20,31,64.5,6,28,21.4,15,22,68.2,8,25,33,14,0,22,0,0,73,34,25,7,49.2,0.19,24.2,37.3
2025,20242025,711,St. Ambrose,,3,0,3,120,47.3,27,3,14,142,40.0,104.2,50,170,29.4,29,96,30.2,21,74,28.4,27,34,79.4,24,60,84,47,2,35,0,0,148,38,22,10,35.6,0.33,28.6,20.0,62,11,24,142,59.9,190.1,106,203,52.2,79,130,60.8,27,73,37.0,31,51,60.8,45,99,144,26,1,36,0,0,270,140,71,48,58.9,0.18,31.3,25.1
2025,20242025,712,Rosemont,,1,0,1,40,65.5,8,2,2,66,48.0,68.2,15,39,38.5,13,25,52.0,2,14,14.3,13,18,72.2,5,18,23,23,3,14,0,0,45,22,6,4,41.0,0.35,21.7,46.2,26,1,13,65,58.8,140.0,35,69,50.7,23,36,63.9,12,33,36.4,9,19,47.4,21,21,42,8,0,18,0,0,91,44,35,18,59.4,0.12,50.0,27.5
2025,20242025,713,Puerto Rico-Rio Piedras,,1,0,1,40,59.0,10,1,3,59,53.5,93.2,19,40,47.5,14,22,63.6,5,18,27.8,12,26,46.2,5,9,14,13,1,14,0,0,55,20,8,0,53.8,0.22,35.7,65.0,21,2,6,59,70.6,149.2,34,57,59.6,24,34,70.6,10,23,43.5,10,12,83.3,9,23,32,9,1,20,0,0,88,46,17,17,68.4,0.15,28.1,21.1
2025,20242025,714,Florida Tech,,5,0,5,200,52.8,38,9,24,263,46.7,112.9,107,287,37.3,78,186,41.9,29,101,28.7,54,70,77.1,41,107,148,57,6,77,0,0,297,122,43,3,42.3,0.22,27.7,24.4,89,8,30,265,60.4,154.3,152,296,51.4,113,183,61.7,39,113,34.5,66,97,68.0,51,150,201,51,3,69,0,0,409,210,83,59,57.9,0.19,25.4,32.8
2025,20242025,715,Rogers State,,1,1,0,40,62.5,15,6,7,62,59.7,111.3,29,56,51.8,21,39,53.8,8,17,47.1,3,4,75.0,4,18,22,8,0,14,0,0,69,38,22,10,58.9,0.13,18.2,7.1,8,0,2,63,53.8,107.9,25,57,43.9,17,36,47.2,8,21,38.1,10,14,71.4,16,23,39,16,2,10,0,0,68,32,7,0,50.9,0.25,41.0,24.6
2025,20242025,716,Justice College,,1,0,1,40,68.0,8,3,4,67,39.5,67.2,15,46,32.6,13,35,37.1,2,11,18.2,13,25,52.0,5,23,28,17,2,25,1,0,45,24,4,4,34.8,0.25,17.9,54.3,17,5,7,69,60.4,134.8,28,62,45.2,15,30,50.0,13,32,40.6,24,34,70.6,18,31,49,9,0,19,0,0,93,30,20,15,55.6,0.13,36.7,54.8
2025,20242025,717,Midway University,,3,0,3,120,79.3,26,6,26,238,41.2,77.3,69,205,33.7,51,132,38.6,18,73,24.7,28,41,68.3,24,65,89,36,1,37,0,0,184,82,30,49,38.0,0.15,27.0,20.0,66,16,26,238,66.2,131.5,118,214,55.1,84,131,64.1,34,83,41.0,43,51,84.3,38,119,157,37,1,32,0,0,313,166,66,79,63.1,0.16,24.2,23.8
2025,20242025,718,SUNY-Maritime,,1,0,1,40,71.0,11,0,5,71,38.4,73.2,22,65,33.8,17,39,43.6,5,26,19.2,3,6,50.0,12,20,32,16,0,16,0,0,52,22,15,11,37.7,0.23,37.5,9.2,22,4,13,71,62.5,128.2,34,64,53.1,24,34,70.6,10,30,33.3,13,20,65.0,14,32,46,12,0,8,0,0,91,48,22,21,60.9,0.17,30.4,31.3
2025,20242025,719,Texas Lutheran,,2,0,2,80,39.8,15,4,11,79,36.0,117.7,32,118,27.1,21,64,32.8,11,54,20.4,18,25,72.0,16,39,55,28,1,32,0,0,93,22,14,5,31.8,0.35,29.1,21.2,37,8,19,80,62.1,241.3,74,137,54.0,55,88,62.5,19,49,38.8,26,42,61.9,29,74,103,18,0,23,0,0,193,104,37,31,60.9,0.23,28.2,30.7
2025,20242025,720,Northern New Mexico,,4,0,4,160,71.5,39,11,30,285,44.4,77.2,82,222,36.9,61,163,37.4,21,59,35.6,35,58,60.3,38,95,133,78,8,77,0,0,220,102,51,10,41.7,0.27,28.6,26.1,81,18,52,287,60.4,115.0,115,231,49.8,80,134,59.7,35,97,36.1,65,96,67.7,38,117,155,55,5,58,0,0,330,146,95,87,57.4,0.19,24.5,41.6
2025,20242025,721,Hawai'i Pacific,,1,0,1,40,64.5,6,2,4,65,49.2,96.9,24,60,40.0,17,42,40.5,7,18,38.9,8,9,88.9,9,30,39,11,1,16,0,0,63,30,17,0,45.8,0.17,23.1,15.0,12,4,5,64,50.8,104.7,20,58,34.5,5,27,18.5,15,31,48.4,12,18,66.7,11,27,38,9,0,14,0,0,67,8,13,11,47.4,0.14,28.9,31.0
2025,20242025,722,Texas A&M-Kingsville,,1,0,1,40,65.5,13,3,5,66,51.0,109.1,29,67,43.3,20,39,51.3,9,28,32.1,5,8,62.5,10,18,28,7,0,13,0,0,72,26,12,3,50.0,0.11,35.7,11.9,13,3,4,65,70.4,123.1,31,52,59.6,23,38,60.5,8,14,57.1,10,11,90.9,4,30,34,13,0,12,0,0,80,42,7,9,67.3,0.2,11.8,21.2
2025,20242025,723,Dalton State,,1,0,1,40,72.5,9,1,8,72,45.3,95.8,29,73,39.7,23,46,50.0,6,27,22.2,5,7,71.4,18,18,36,14,0,17,0,0,69,42,15,4,43.8,0.19,50.0,9.6,23,4,9,73,66.7,137.0,34,64,53.1,20,35,57.1,14,29,48.3,18,25,72.0,15,27,42,13,0,9,0,0,100,38,17,18,64.1,0.18,35.7,39.1
2025,20242025,724,Nazareth College,,1,0,1,40,74.0,10,1,8,74,42.2,85.1,23,69,33.3,16,51,31.4,7,18,38.9,10,13,76.9,13,22,35,13,1,12,0,0,63,18,8,7,38.4,0.18,37.1,18.8,24,6,10,74,60.2,133.8,36,76,47.4,18,31,58.1,18,45,40.0,9,14,64.3,18,32,50,10,0,14,0,0,99,32,21,18,59.2,0.14,36.0,18.4
2025,20242025,725,Averett,,1,0,1,40,73.5,9,4,4,74,45.6,75.7,18,53,34.0,12,33,36.4,6,20,30.0,14,19,73.7,12,26,38,23,0,30,0,0,56,20,6,4,39.6,0.31,31.6,35.8,17,2,11,73,60.3,135.6,29,64,45.3,18,36,50.0,11,28,39.3,30,41,73.2,16,27,43,8,0,19,0,0,99,36,25,18,53.9,0.11,37.2,64.1
2025,20242025,726,Plattsburgh St,,1,0,1,40,72.0,8,1,12,73,42.0,75.3,21,58,36.2,18,43,41.9,3,15,20.0,10,17,58.8,12,17,29,18,1,26,0,0,55,32,22,9,38.8,0.25,41.4,29.3,20,9,8,71,67.0,109.9,25,45,55.6,19,25,76.0,6,20,30.0,22,30,73.3,8,29,37,19,0,14,0,0,78,38,17,14,62.2,0.27,21.6,66.7
2025,20242025,727,MARIAN,,1,0,1,40,64.5,10,2,11,65,55.2,98.5,22,50,44.0,17,37,45.9,5,13,38.5,15,18,83.3,8,17,25,14,1,21,1,0,64,28,15,4,49.0,0.22,32.0,36.0,13,5,10,64,58.0,107.8,27,52,51.9,25,37,67.6,2,15,13.3,13,17,76.5,11,20,31,17,1,16,1,0,69,38,17,19,53.8,0.27,35.5,32.7
2025,20242025,728,Judson University,,1,0,1,40,78.0,8,1,1,78,36.1,52.6,15,52,28.8,13,38,34.2,2,14,14.3,9,11,81.8,12,29,41,33,0,14,0,0,41,20,6,10,30.8,0.42,29.3,21.2,29,5,24,78,61.8,137.2,40,83,48.2,18,30,60.0,22,53,41.5,5,8,62.5,17,27,44,8,0,13,0,0,107,32,52,24,61.4,0.1,38.6,9.6
2025,20242025,729,Central Penn,,2,0,2,80,77.0,16,2,14,154,38.9,68.8,41,123,33.3,35,82,42.7,6,41,14.6,18,30,60.0,22,36,58,38,2,26,0,0,106,50,18,27,35.8,0.25,37.9,24.4,43,12,23,154,69.6,140.3,86,142,60.6,67,89,75.3,19,53,35.8,25,30,83.3,24,69,93,24,1,28,0,0,216,126,60,65,67.3,0.16,25.8,21.1
2025,20242025,730,Elizabeth City State,,1,0,1,40,76.0,14,0,7,76,40.0,76.3,19,61,31.1,16,46,34.8,3,15,20.0,17,26,65.4,15,19,34,17,0,22,0,0,58,14,10,7,33.6,0.22,44.1,42.6,18,7,4,76,62.4,135.5,34,68,50.0,23,31,74.2,11,37,29.7,24,33,72.7,19,32,51,14,0,20,0,0,103,40,20,17,58.1,0.18,37.3,48.5
2025,20242025,731,Bethany (WV),,2,0,2,80,76.8,25,3,12,154,53.9,84.4,46,110,41.8,22,44,50.0,24,66,36.4,14,24,58.3,10,32,42,45,0,29,0,0,130,42,14,19,52.7,0.29,23.8,21.8,65,5,29,153,71.3,156.9,90,153,58.8,54,80,67.5,36,73,49.3,24,35,68.6,35,57,92,18,0,25,0,0,240,104,77,70,70.6,0.12,38.0,22.9
2025,20242025,732,Our Lady Of The Lake,,2,0,2,80,70.3,28,3,18,140,48.6,87.9,40,112,35.7,25,73,34.2,15,39,38.5,28,33,84.8,22,33,55,34,0,27,1,0,123,48,29,26,42.4,0.24,40.0,29.5,42,10,17,141,63.8,128.4,70,127,55.1,48,78,61.5,22,49,44.9,19,34,55.9,29,51,80,26,1,28,0,0,181,86,40,34,63.8,0.18,36.3,26.8
2025,20242025,733,Regent,,3,0,3,120,75.7,39,6,19,228,45.3,79.4,66,186,35.5,38,85,44.7,28,101,27.7,21,31,67.7,21,51,72,47,4,33,0,0,181,50,37,25,43.0,0.21,29.2,16.7,75,8,29,226,66.7,139.8,126,220,57.3,91,137,66.4,35,83,42.2,29,38,76.3,48,104,152,39,0,35,0,0,316,170,59,64,65.2,0.17,31.6,17.3
2025,20242025,734,Purdue Northwest,,1,0,1,40,81.5,12,2,8,81,42.0,85.2,29,76,38.2,25,47,53.2,4,29,13.8,7,14,50.0,12,16,28,14,0,25,0,0,69,44,13,13,40.8,0.17,42.9,18.4,27,3,10,82,72.3,140.2,42,65,64.6,32,44,72.7,10,21,47.6,21,33,63.6,11,35,46,13,0,14,0,0,115,60,17,21,72.3,0.16,23.9,50.8
2025,20242025,735,Maine-Augusta,,1,0,1,40,77.0,10,6,6,77,44.4,66.2,19,53,35.8,14,36,38.9,5,17,29.4,8,10,80.0,4,22,26,24,1,11,0,0,51,18,8,1,40.6,0.31,15.4,18.9,34,4,17,77,63.1,133.8,44,79,55.7,34,56,60.7,10,23,43.5,5,6,83.3,13,31,44,8,0,10,0,0,103,66,26,33,62.0,0.1,29.5,7.6
2025,20242025,736,Benedictine University (IL),,1,0,1,40,75.0,13,1,7,75,47.6,93.3,24,66,36.4,13,34,38.2,11,32,34.4,11,17,64.7,16,28,44,19,0,12,0,0,70,24,4,5,44.7,0.25,36.4,25.8,16,3,9,75,60.4,118.7,36,71,50.7,24,40,60.0,12,31,38.7,5,6,83.3,8,29,37,9,0,15,0,0,89,44,16,16,59.2,0.12,21.6,8.5
2025,20242025,737,Pittsburgh-Bradford,,1,0,1,40,100.5,15,3,21,100,37.8,65.0,26,83,31.3,19,42,45.2,7,41,17.1,6,7,85.7,14,24,38,28,0,27,0,0,65,32,19,22,35.5,0.28,36.8,8.4,23,6,17,101,62.6,99.0,33,64,51.6,26,42,61.9,7,22,31.8,27,36,75.0,10,43,53,29,3,6,0,0,100,50,25,45,57.0,0.29,18.9,56.3
2025,20242025,738,York (NY),,1,0,1,40,70.0,12,6,4,70,40.5,75.7,17,57,29.8,10,35,28.6,7,22,31.8,12,19,63.2,12,17,29,17,1,14,0,0,53,14,4,3,36.0,0.24,41.4,33.3,27,7,8,70,61.8,147.1,44,78,56.4,34,53,64.2,10,25,40.0,5,12,41.7,21,30,51,8,0,18,0,0,103,68,23,31,62.8,0.11,41.2,15.4
2025,20242025,739,Livingstone,,1,0,1,40,67.5,7,4,4,67,45.4,91.0,22,57,38.6,17,38,44.7,5,19,26.3,12,23,52.2,7,29,36,7,1,21,0,0,61,20,6,9,43.0,0.1,19.4,40.4,23,1,4,68,55.2,122.1,29,65,44.6,19,33,57.6,10,32,31.3,15,23,65.2,14,31,45,6,0,19,0,0,83,38,10,14,52.3,0.09,31.1,35.4
2025,20242025,740,Penn State-Shenango,,2,0,2,80,78.8,20,4,11,156,37.8,75.6,47,150,31.3,36,96,37.5,11,54,20.4,13,14,92.9,14,46,60,17,0,26,0,0,118,44,15,6,35.0,0.11,23.3,9.3,53,10,13,159,61.4,137.7,84,162,51.9,59,90,65.6,25,72,34.7,26,37,70.3,37,88,125,17,0,18,0,0,219,106,24,51,59.6,0.11,29.6,22.8
2025,20242025,741,Brevard,,1,0,1,40,80.5,12,2,11,80,45.9,75.0,22,61,36.1,13,34,38.2,9,27,33.3,7,10,70.0,6,21,27,20,1,17,0,0,60,20,17,2,43.4,0.25,22.2,16.4,14,2,12,81,64.1,112.3,32,60,53.3,23,33,69.7,9,27,33.3,18,25,72.0,10,36,46,19,0,14,0,0,91,42,26,21,60.8,0.23,21.7,41.7
2025,20242025,742,Arlington Baptist,,2,0,2,80,77.3,16,4,18,154,40.6,66.2,37,112,33.0,28,79,35.4,9,33,27.3,19,31,61.3,19,36,55,44,2,34,0,0,102,52,20,10,37.1,0.29,34.5,27.7,49,10,25,155,61.1,131.6,76,145,52.4,57,104,54.8,19,41,46.3,33,50,66.0,44,65,109,28,0,27,0,0,204,106,61,32,59.0,0.18,40.4,34.5
2025,20242025,743,Aquinas,,2,0,2,80,73.8,25,6,16,147,46.4,89.1,47,131,35.9,28,67,41.8,19,64,29.7,18,23,78.3,18,41,59,24,1,32,1,0,131,44,25,6,43.1,0.16,30.5,17.6,35,10,14,148,60.6,121.6,66,133,49.6,43,75,57.3,23,58,39.7,25,35,71.4,28,68,96,29,0,29,1,0,180,76,35,52,58.3,0.2,29.2,26.3
2025,20242025,744,Warner University,,2,0,2,80,76.5,19,6,25,154,44.5,88.3,52,139,37.4,41,89,46.1,11,50,22.0,21,31,67.7,16,41,57,16,0,28,0,0,136,72,47,27,41.4,0.1,28.1,22.3,41,6,9,152,62.2,125.0,70,140,50.0,45,65,69.2,25,75,33.3,25,29,86.2,32,75,107,31,1,29,0,0,190,90,19,36,58.9,0.2,29.9,20.7
2025,20242025,745,Calumet College,,2,0,2,80,37.0,23,7,11,73,45.1,156.2,40,115,34.8,23,63,36.5,17,52,32.7,17,26,65.4,17,40,57,38,2,41,0,0,114,36,24,18,42.2,0.52,29.8,22.6,45,14,19,75,65.1,258.7,69,127,54.3,47,78,60.3,22,49,44.9,34,50,68.0,27,63,90,25,2,21,0,0,194,88,53,35,63.0,0.33,30.0,39.4
2025,20242025,746,Campbellsville-Harrodsburg,,1,0,1,40,75.0,10,8,6,75,47.2,82.7,26,63,41.3,18,45,40.0,8,18,44.4,2,6,33.3,10,25,35,18,1,17,0,0,62,24,7,10,47.6,0.24,28.6,9.5,16,5,11,75,52.5,130.7,35,81,43.2,21,47,44.7,14,34,41.2,14,28,50.0,27,30,57,10,0,13,0,0,98,26,25,24,51.9,0.13,47.4,34.6
2025,20242025,747,Trinity (FL),,1,0,1,40,78.5,2,2,3,78,45.8,74.4,20,58,34.5,11,32,34.4,9,26,34.6,9,12,75.0,9,20,29,26,0,13,0,0,58,14,3,7,42.2,0.33,31.0,20.7,20,4,14,79,70.5,164.6,49,83,59.0,32,44,72.7,17,39,43.6,15,21,71.4,18,30,48,5,0,10,1,0,130,64,47,19,69.3,0.06,37.5,25.3
2025,20242025,748,Lehman College,,1,0,1,40,76.5,9,1,7,76,38.4,71.1,19,61,31.1,18,45,40.0,1,16,6.3,15,21,71.4,13,18,31,20,1,22,0,0,54,30,9,5,32.0,0.26,41.9,34.4,18,4,10,77,63.5,127.3,33,64,51.6,21,32,65.6,12,32,37.5,20,30,66.7,16,25,41,15,2,17,0,0,98,42,23,13,60.9,0.19,39.0,46.9
2025,20242025,749,Merchant Marine Academy,,1,0,1,40,69.0,11,6,6,68,35.9,72.1,17,63,27.0,12,39,30.8,5,24,20.8,10,12,83.3,14,19,33,15,1,12,0,0,49,20,4,9,31.0,0.22,42.4,19.0,25,3,12,70,63.8,140.0,37,72,51.4,23,36,63.9,14,36,38.9,10,11,90.9,17,33,50,9,0,13,0,0,98,42,18,21,61.1,0.13,34.0,15.3
2025,20242025,750,SUNY-Brockport,,1,0,1,40,79.5,4,1,5,80,31.5,60.0,20,71,28.2,17,48,35.4,3,23,13.0,5,12,41.7,10,28,38,13,0,15,0,0,48,28,6,8,30.3,0.16,26.3,16.9,21,3,8,79,57.1,127.8,37,81,45.7,24,34,70.6,13,47,27.7,14,17,82.4,19,45,64,10,2,11,0,0,101,44,13,27,53.7,0.13,29.7,21.0
2025,20242025,751,Montreat,,2,0,2,80,77.3,14,0,9,154,46.3,87.7,48,132,36.4,35,74,47.3,13,58,22.4,26,31,83.9,19,46,65,26,0,50,1,0,135,66,17,25,41.3,0.17,29.2,23.5,47,16,14,155,63.6,136.8,71,138,51.4,44,61,72.1,27,77,35.1,43,65,66.2,32,69,101,15,0,29,0,0,212,86,37,48,61.2,0.1,31.7,47.1
2025,20242025,752,Thomas (ME),,1,0,1,40,79.0,16,0,3,79,54.8,94.9,24,61,39.3,11,28,39.3,13,33,39.4,14,17,82.4,7,22,29,16,0,21,0,0,75,16,9,5,50.0,0.2,24.1,27.9,26,2,13,79,69.1,143.0,40,69,58.0,23,35,65.7,17,34,50.0,16,29,55.2,16,31,47,10,0,18,0,0,113,42,30,15,70.3,0.13,34.0,42.0
2025,20242025,753,Sarah Lawrence,,1,0,1,40,69.5,11,1,6,69,38.8,66.7,18,58,31.0,10,30,33.3,8,28,28.6,2,3,66.7,7,16,23,17,1,18,0,0,46,14,9,3,37.9,0.25,30.4,5.2,24,2,15,70,64.6,131.4,34,62,54.8,27,34,79.4,7,28,25.0,17,21,81.0,15,34,49,11,0,10,0,0,92,52,22,19,60.5,0.16,30.6,33.9
2025,20242025,754,Lincoln University (CA),,3,0,3,120,79.7,37,2,17,240,44.5,83.8,76,217,35.0,43,113,38.1,33,104,31.7,16,20,80.0,17,52,69,34,1,42,0,0,201,68,23,34,42.6,0.14,24.6,9.2,81,16,23,238,70.8,147.9,139,225,61.8,110,147,74.8,29,78,37.2,45,54,83.3,39,125,164,27,0,26,0,0,352,216,46,59,68.2,0.11,23.8,24.0
2025,20242025,755,Lindsey Wilson College,,1,0,1,40,67.5,18,4,5,67,61.3,103.0,26,51,51.0,20,38,52.6,6,13,46.2,11,12,91.7,4,15,19,15,1,17,0,0,69,30,10,2,56.9,0.22,21.1,23.5,19,2,9,68,60.3,138.2,34,66,51.5,27,51,52.9,7,15,46.7,19,27,70.4,16,20,36,7,0,13,0,0,94,48,17,9,56.8,0.1,44.4,40.9
2025,20242025,756,Cairn University,,2,0,2,80,77.5,14,3,9,155,42.1,78.1,45,135,33.3,27,61,44.3,18,74,24.3,13,20,65.0,20,44,64,31,1,36,0,0,121,44,24,4,40.0,0.2,31.3,14.8,29,5,18,155,62.6,118.7,67,124,54.0,53,84,63.1,14,40,35.0,36,52,69.2,18,69,87,28,2,29,0,0,184,102,28,27,59.7,0.18,20.7,41.9
2025,20242025,757,Chestnut Hill College,,1,0,1,40,74.0,6,2,12,74,32.5,68.9,19,74,25.7,14,49,28.6,5,25,20.0,8,10,80.0,11,25,36,6,0,13,0,0,51,26,9,9,29.1,0.08,30.6,13.5,16,7,5,74,53.7,105.4,29,66,43.9,22,35,62.9,7,31,22.6,13,15,86.7,14,44,58,16,0,10,0,0,78,44,7,17,49.2,0.22,24.1,22.7
2025,20242025,758,Harris-Stowe State,,1,0,1,40,79.0,12,4,6,79,41.5,67.1,19,59,32.2,12,34,35.3,7,25,28.0,8,11,72.7,7,24,31,23,1,19,0,0,53,16,3,3,38.1,0.29,22.6,18.6,22,5,14,79,59.0,125.3,37,72,51.4,27,52,51.9,10,20,50.0,15,27,55.6,15,32,47,10,0,5,0,0,99,50,23,21,58.3,0.13,31.9,37.5
2025,20242025,759,Apprentice School,,1,0,1,40,74.0,17,3,12,74,47.7,91.9,25,66,37.9,15,39,38.5,10,27,37.0,8,12,66.7,7,23,30,10,0,16,0,0,68,26,16,21,45.5,0.14,23.3,18.2,23,9,5,74,57.9,116.2,31,65,47.7,20,38,52.6,11,27,40.7,13,21,61.9,14,36,50,14,1,11,0,0,86,38,12,22,56.2,0.19,28.0,32.3
2025,20242025,760,Holy Family University,,1,0,1,40,75.0,19,4,3,75,57.5,108.0,30,63,47.6,20,43,46.5,10,20,50.0,11,17,64.7,13,21,34,18,0,20,0,0,81,34,2,13,55.6,0.24,38.2,27.0,19,8,12,75,72.6,146.7,37,63,58.7,24,33,72.7,13,30,43.3,23,29,79.3,8,22,30,5,0,15,0,0,110,34,21,15,69.0,0.07,26.7,46.0
2025,20242025,761,Penn State-Altoona,,1,0,1,40,71.5,7,7,6,72,44.8,70.8,15,49,30.6,9,33,27.3,6,16,37.5,15,18,83.3,10,21,31,26,0,13,2,0,51,12,6,2,36.7,0.36,32.3,36.7,12,7,14,71,58.6,108.5,31,60,51.7,26,45,57.8,5,15,33.3,10,13,76.9,7,23,30,14,0,16,1,0,77,50,29,13,55.8,0.2,23.3,21.7
2025,20242025,762,Ouachita Baptist,,1,0,1,40,66.5,13,1,8,66,52.5,86.4,21,49,42.9,14,29,48.3,7,20,35.0,8,12,66.7,7,17,24,18,0,16,0,0,57,22,16,10,50.0,0.27,29.2,24.5,18,4,12,67,67.0,119.4,32,54,59.3,24,32,75.0,8,22,36.4,8,13,61.5,8,22,30,15,2,12,0,0,80,44,28,13,66.7,0.22,26.7,24.1
2025,20242025,763,Colorado-Colorado Springs,,1,0,1,40,70.5,15,1,4,71,69.1,122.5,31,55,56.4,21,37,56.8,10,18,55.6,15,18,83.3,10,24,34,19,0,17,2,0,87,38,13,10,65.5,0.27,29.4,32.7,16,1,13,70,67.8,134.3,33,61,54.1,20,37,54.1,13,24,54.2,15,19,78.9,7,15,22,9,0,17,0,0,94,36,32,12,64.8,0.13,31.8,31.1
2025,20242025,764,Montana Tech,,1,0,1,40,70.0,16,2,7,70,46.3,85.7,24,60,40.0,19,40,47.5,5,20,25.0,7,11,63.6,5,20,25,11,0,12,0,0,60,32,11,4,44.2,0.16,20.0,18.3,15,3,7,70,67.6,127.1,35,61,57.4,24,32,75.0,11,29,37.9,8,11,72.7,7,32,39,14,0,13,0,0,89,40,21,6,66.4,0.2,17.9,18.0
2025,20242025,765,Columbia College (SC),,1,0,1,40,71.0,9,3,8,71,43.6,80.3,22,61,36.1,16,38,42.1,6,23,26.1,7,10,70.0,8,18,26,14,0,14,0,0,57,28,12,9,41.0,0.2,30.8,16.4,25,5,10,71,69.2,136.6,37,63,58.7,26,38,68.4,11,25,44.0,12,16,75.0,11,33,44,11,0,12,0,0,97,50,15,26,67.5,0.15,25.0,25.4
2025,20242025,766,Cumberland (KY),,1,0,1,40,75.0,13,2,9,76,53.2,103.9,32,69,46.4,26,44,59.1,6,25,24.0,9,12,75.0,10,11,21,12,0,19,0,0,79,44,19,20,50.7,0.16,47.6,17.4,18,3,7,74,65.1,132.4,38,66,57.6,30,46,65.2,8,20,40.0,14,21,66.7,18,30,48,17,0,17,0,0,98,54,17,12,63.6,0.23,37.5,31.8
2025,20242025,767,Lesley University,,1,0,1,40,76.0,10,2,11,76,41.1,69.7,19,61,31.1,9,29,31.0,10,32,31.3,5,8,62.5,5,19,24,16,0,13,0,0,53,18,9,2,39.3,0.21,20.8,13.1,20,2,12,76,63.1,127.6,37,69,53.6,29,43,67.4,8,26,30.8,15,18,83.3,15,38,53,14,0,11,0,0,97,54,24,16,59.4,0.18,28.3,26.1
2025,20242025,768,Wisconsin-Stout,,1,0,1,40,69.0,9,1,8,69,48.1,89.9,22,57,38.6,18,41,43.9,4,16,25.0,14,17,82.4,6,17,23,11,0,20,0,0,62,28,13,0,42.1,0.16,26.1,29.8,17,2,5,69,63.0,131.9,29,59,49.2,18,32,56.3,11,27,40.7,22,30,73.3,15,29,44,11,1,16,0,0,91,36,13,7,58.5,0.16,34.1,50.8
2025,20242025,769,SUNY Delhi,,1,0,1,40,74.5,7,3,8,75,37.8,68.0,18,60,30.0,13,41,31.7,5,19,26.3,10,17,58.8,9,19,28,16,1,14,2,0,51,10,7,6,34.2,0.21,32.1,28.3,26,2,11,74,72.7,143.2,38,65,58.5,18,30,60.0,20,35,57.1,10,18,55.6,13,37,50,13,0,18,2,0,106,32,27,16,73.8,0.18,26.0,27.7
2025,20242025,770,Bryn Athyn,,1,0,1,40,69.0,14,2,10,69,49.1,94.2,26,64,40.6,17,40,42.5,9,24,37.5,4,5,80.0,3,20,23,7,1,16,0,0,65,24,9,4,47.7,0.1,13.0,7.8,26,2,5,69,67.9,131.9,36,60,60.0,26,38,68.4,10,22,45.5,9,16,56.3,9,34,43,12,0,9,0,0,91,48,11,12,68.3,0.17,20.9,26.7
2025,20242025,771,Middle Georgia State,,1,0,1,40,80.5,6,0,11,81,36.2,65.4,20,64,31.3,19,50,38.0,1,14,7.1,12,21,57.1,14,23,37,21,1,21,0,0,53,32,13,12,32.0,0.26,37.8,32.8,16,7,13,80,55.8,108.8,31,63,49.2,27,35,77.1,4,28,14.3,21,34,61.8,18,36,54,19,0,17,1,0,87,50,29,19,52.4,0.24,33.3,54.0
2025,20242025,772,Hardin-Simmons,,1,0,1,40,71.0,15,6,5,71,51.5,87.3,21,54,38.9,10,29,34.5,11,25,44.0,9,14,64.3,12,20,32,21,0,18,0,0,62,14,13,10,49.1,0.3,37.5,25.9,20,2,17,71,61.7,131.0,34,67,50.7,23,39,59.0,11,28,39.3,14,19,73.7,16,23,39,9,0,13,0,0,93,40,25,14,59.0,0.13,41.0,28.4
2025,20242025,773,Pacific (OR),,1,0,1,40,71.0,10,2,4,71,33.9,62.0,15,60,25.0,10,36,27.8,5,24,20.8,9,11,81.8,5,18,23,12,0,17,0,0,44,14,3,0,29.2,0.17,21.7,18.3,21,4,9,71,74.6,156.3,40,66,60.6,23,35,65.7,17,31,54.8,14,19,73.7,11,39,50,6,0,16,0,0,111,42,12,17,73.5,0.08,22.0,28.8
2025,20242025,774,Walla Walla,,2,0,2,80,74.0,25,6,17,147,34.0,55.8,34,118,28.8,25,87,28.7,9,31,29.0,5,6,83.3,17,41,58,43,1,17,0,0,82,30,9,9,32.6,0.29,29.3,5.1,62,13,35,149,59.8,129.5,79,153,51.6,55,84,65.5,24,69,34.8,11,19,57.9,37,67,104,25,1,12,0,0,193,100,65,48,59.5,0.17,35.6,12.4
2025,20242025,775,Shawnee State,,1,0,1,40,71.5,10,2,5,72,41.4,77.8,23,65,35.4,16,36,44.4,7,29,24.1,3,6,50.0,8,25,33,12,1,19,0,0,56,22,8,5,40.8,0.17,24.2,9.2,14,4,8,71,58.6,128.2,35,68,51.5,27,40,67.5,8,28,28.6,13,22,59.1,13,34,47,7,0,6,0,0,91,48,20,18,57.4,0.1,27.7,32.4
2025,20242025,776,Saint Mary of the Woods College,,1,0,1,40,80.0,5,0,8,80,42.6,70.0,19,57,33.3,14,31,45.2,5,26,19.2,13,20,65.0,5,22,27,18,2,15,0,0,56,20,5,8,37.7,0.23,18.5,35.1,20,3,14,80,56.5,116.3,36,73,49.3,31,43,72.1,5,30,16.7,16,21,76.2,14,33,47,12,0,15,0,0,93,58,22,18,52.7,0.15,29.8,28.8
2025,20242025,777,Crown College,,1,0,1,40,72.5,14,3,2,73,49.1,83.6,20,56,35.7,10,27,37.0,10,29,34.5,11,14,78.6,6,23,29,17,0,13,0,0,61,16,0,0,44.6,0.23,20.7,25.0,22,3,12,72,64.5,138.9,38,70,54.3,27,43,62.8,11,27,40.7,13,17,76.5,10,30,40,5,0,13,0,0,100,54,21,21,62.1,0.07,25.0,24.3
2025,20242025,778,West Virginia Wesleyan,,1,0,1,40,70.0,10,1,8,70,53.3,90.0,24,56,42.9,15,37,40.5,9,19,47.4,6,7,85.7,5,20,25,16,1,11,0,0,63,20,15,8,50.9,0.23,20.0,12.5,30,4,10,70,65.5,132.9,37,67,55.2,24,35,68.6,13,32,40.6,6,9,66.7,13,28,41,12,0,10,0,0,93,44,26,15,64.9,0.17,31.7,13.4
2025,20242025,779,St. Thomas (TX),,1,0,1,40,75.0,7,2,10,75,35.7,72.0,19,70,27.1,11,33,33.3,8,37,21.6,8,13,61.5,12,24,36,12,0,19,0,0,54,18,12,8,32.9,0.16,33.3,18.6,18,2,11,75,51.9,106.7,28,66,42.4,18,40,45.0,10,26,38.5,14,25,56.0,20,43,63,18,0,12,0,0,80,36,11,16,50.0,0.24,31.7,37.9
2025,20242025,780,Whittier,,1,0,1,40,78.5,7,9,8,78,46.0,84.6,22,62,35.5,17,37,45.9,5,25,20.0,17,22,77.3,3,22,25,8,0,12,0,0,66,26,15,20,39.5,0.1,12.0,35.5,23,1,4,79,54.3,126.6,41,85,48.2,32,61,52.5,9,24,37.5,9,16,56.3,25,41,66,13,1,19,0,0,100,48,10,12,53.5,0.16,37.9,18.8
2025,20242025,781,Willamette,,1,0,1,40,79.0,16,3,8,79,44.6,87.3,26,73,35.6,16,42,38.1,10,31,32.3,7,10,70.0,11,23,34,15,2,13,0,0,69,30,8,14,42.5,0.19,32.4,13.7,26,7,9,79,67.4,126.6,39,68,57.4,29,48,60.4,10,20,50.0,12,14,85.7,8,37,45,13,0,9,0,0,100,50,18,15,64.7,0.16,17.8,20.6
2025,20242025,782,Michigan Tech,,1,1,0,40,67.5,20,5,7,67,55.0,107.5,24,58,41.4,13,28,46.4,11,30,36.7,13,17,76.5,5,22,27,6,0,14,0,0,72,24,15,20,50.9,0.09,18.5,29.3,17,3,3,68,51.9,102.9,25,60,41.7,18,37,48.6,7,23,30.4,13,17,76.5,13,31,44,13,1,15,2,0,70,32,10,8,47.5,0.19,29.5,28.3
2025,20242025,783,Southwestern Adventist,,2,0,2,80,76.3,23,6,11,153,49.6,79.1,40,110,36.4,20,53,37.7,20,57,35.1,21,27,77.8,10,28,38,41,1,21,0,0,121,28,16,9,45.5,0.27,26.3,24.5,57,4,32,152,66.1,153.9,93,163,57.1,68,98,69.4,25,65,38.5,23,32,71.9,44,64,108,20,0,24,1,0,234,134,68,48,64.7,0.13,40.7,19.6
2025,20242025,784,Tennessee Wesleyan,,1,0,1,40,74.0,8,4,5,74,35.9,70.3,18,64,28.1,13,39,33.3,5,25,20.0,11,19,57.9,4,23,27,6,1,14,0,0,52,18,2,15,32.0,0.08,14.8,29.7,25,4,3,74,62.8,133.8,39,74,52.7,25,36,69.4,14,38,36.8,7,11,63.6,12,47,59,7,0,13,0,0,99,48,5,13,62.2,0.09,20.3,14.9
2025,20242025,785,Lincoln (MO),,1,0,1,40,56.5,9,0,7,57,48.5,86.0,18,47,38.3,12,27,44.4,6,20,30.0,7,8,87.5,8,15,23,16,2,16,0,0,49,18,17,2,44.7,0.28,34.8,17.0,14,1,9,56,61.6,108.9,22,42,52.4,18,30,60.0,4,12,33.3,13,17,76.5,7,20,27,13,1,11,0,0,61,32,15,9,57.1,0.23,25.9,40.5
2025,20242025,786,Milligan,,2,0,2,80,76.8,27,4,11,154,48.6,93.5,53,139,38.1,31,82,37.8,22,57,38.6,16,21,76.2,17,58,75,22,0,33,1,0,144,48,18,34,46.0,0.14,22.7,15.1,33,2,16,153,58.3,113.1,57,125,45.6,34,60,56.7,23,65,35.4,36,53,67.9,17,72,89,21,1,22,0,0,173,58,27,37,54.8,0.14,19.1,42.4
2025,20242025,787,Schreiner,,2,0,2,80,76.0,17,7,16,152,40.4,66.4,36,114,31.6,23,67,34.3,13,47,27.7,16,25,64.0,16,30,46,45,0,26,2,0,101,34,21,15,37.3,0.3,34.8,21.9,40,11,27,152,64.9,134.2,83,144,57.6,67,105,63.8,16,39,41.0,22,30,73.3,33,67,100,27,1,27,0,0,204,124,72,68,63.2,0.18,33.0,20.8
2025,20242025,788,Franciscan University,,1,0,1,40,64.5,10,3,2,65,33.7,72.3,17,64,26.6,11,30,36.7,6,34,17.6,7,13,53.8,13,15,28,9,2,11,0,0,47,16,3,0,31.3,0.14,46.4,20.3,28,3,4,64,76.8,162.5,41,62,66.1,28,37,75.7,13,25,52.0,9,13,69.2,8,37,45,6,1,9,0,0,104,54,15,21,76.6,0.09,17.8,21.0
2025,20242025,789,Chadron State,,1,0,1,40,71.0,8,0,7,71,48.1,101.4,31,70,44.3,27,55,49.1,4,15,26.7,6,11,54.5,14,28,42,12,0,11,0,0,72,46,11,0,47.1,0.17,33.3,15.7,23,4,6,71,62.1,122.5,31,67,46.3,11,18,61.1,20,49,40.8,5,7,71.4,9,28,37,9,0,13,0,0,87,20,18,0,61.2,0.13,24.3,10.4
2025,20242025,790,South Dakota Mines,,1,0,1,40,62.5,8,4,3,62,38.3,77.4,16,57,28.1,9,38,23.7,7,19,36.8,9,13,69.2,12,22,34,11,3,10,0,0,48,14,2,0,34.2,0.18,35.3,22.8,12,1,6,63,54.3,127.0,30,67,44.8,22,37,59.5,8,30,26.7,12,15,80.0,17,32,49,6,0,12,0,0,80,38,15,12,50.7,0.1,34.7,22.4
2025,20242025,791,Brewton-Parker,,2,0,2,80,82.5,25,5,15,166,46.5,83.1,53,130,40.8,40,83,48.2,13,47,27.7,19,42,45.2,23,42,65,40,2,24,1,0,138,64,29,35,45.8,0.24,35.4,32.3,55,5,21,164,65.6,133.5,86,155,55.5,58,84,69.0,28,71,39.4,19,27,70.4,29,66,95,26,0,35,1,0,219,112,55,54,64.5,0.16,30.5,17.4
2025,20242025,792,Immaculata,,1,0,1,40,68.5,11,4,4,69,35.1,69.6,18,64,28.1,13,38,34.2,5,26,19.2,7,10,70.0,11,14,25,12,0,11,0,0,48,22,4,12,32.0,0.17,44.0,15.6,26,2,10,68,72.5,158.8,43,71,60.6,28,41,68.3,15,30,50.0,7,8,87.5,14,37,51,7,2,8,0,0,108,46,18,18,71.1,0.1,27.5,11.3
2025,20242025,793,Penn State-Fayette,,1,0,1,40,69.0,9,4,8,69,48.6,75.4,18,50,36.0,7,21,33.3,11,29,37.9,5,8,62.5,0,18,18,15,0,10,0,0,52,12,14,9,47.0,0.22,0.0,16.0,21,2,6,69,64.7,120.3,33,58,56.9,24,37,64.9,9,21,42.9,8,14,57.1,12,34,46,17,0,13,0,0,83,46,16,8,64.7,0.25,26.1,24.1
2025,20242025,794,Kentucky Wesleyan,,1,0,1,40,68.5,21,4,3,69,60.9,102.9,29,57,50.9,18,30,60.0,11,27,40.7,2,3,66.7,9,24,33,20,2,12,0,0,71,26,2,0,60.5,0.29,27.3,5.3,16,2,14,68,60.9,133.8,34,69,49.3,21,38,55.3,13,31,41.9,10,13,76.9,13,20,33,6,0,6,0,0,91,32,28,11,58.7,0.09,39.4,18.8
2025,20242025,795,Rust,,1,0,1,40,77.0,14,0,7,77,42.4,77.9,23,69,33.3,11,33,33.3,12,36,33.3,2,4,50.0,7,19,26,12,0,7,0,0,60,18,7,4,42.0,0.16,26.9,5.8,33,3,10,77,65.5,140.3,44,78,56.4,33,43,76.7,11,35,31.4,9,10,90.0,15,41,56,8,0,4,0,0,108,64,23,19,63.5,0.1,26.8,12.8
2025,20242025,796,UVA Wise,,1,0,1,40,75.0,8,2,6,75,46.7,82.7,19,58,32.8,11,28,39.3,8,30,26.7,16,19,84.2,11,18,29,19,0,12,0,0,62,16,15,6,39.7,0.25,37.9,32.8,23,2,12,75,68.9,136.0,41,67,61.2,31,44,70.5,10,23,43.5,10,16,62.5,11,29,40,11,0,14,0,0,102,58,27,26,68.7,0.15,27.5,23.9
2025,20242025,797,Fort Lauderdale,,1,0,1,40,76.0,13,4,6,76,48.0,101.3,29,71,40.8,24,57,42.1,5,14,35.7,14,21,66.7,18,27,45,14,1,23,0,0,77,38,18,15,44.4,0.18,40.0,29.6,27,7,6,76,64.6,135.5,34,67,50.7,20,38,52.6,14,29,48.3,21,29,72.4,11,26,37,10,0,16,0,0,103,36,20,26,61.2,0.13,29.7,43.3
2025,20242025,798,North Central College,,1,0,1,40,71.0,10,5,1,71,51.9,80.3,22,51,43.1,14,33,42.4,8,18,44.4,5,9,55.6,7,25,32,23,1,31,0,0,57,20,6,5,51.0,0.32,21.9,17.6,19,3,9,71,52.4,129.6,31,72,43.1,26,41,63.4,5,31,16.1,25,36,69.4,23,22,45,6,0,14,2,0,92,50,29,24,46.5,0.08,51.1,50.0
2025,20242025,799,Penn State Scranton,,1,0,1,40,75.5,4,0,1,75,30.8,40.0,12,47,25.5,9,25,36.0,3,22,13.6,3,4,75.0,2,20,22,29,0,17,0,0,30,10,0,0,28.7,0.39,9.1,8.5,34,1,22,76,69.2,157.9,45,77,58.4,32,42,76.2,13,35,37.1,17,22,77.3,15,34,49,4,0,10,0,0,120,62,54,35,66.9,0.05,30.6,28.6
2025,20242025,800,Spartanburg Methodist,,1,0,1,40,77.5,6,4,11,77,32.7,61.0,16,67,23.9,10,41,24.4,6,26,23.1,9,11,81.8,6,18,24,10,0,12,0,0,47,14,11,5,28.4,0.13,25.0,16.4,21,3,7,78,56.4,126.9,37,79,46.8,25,44,56.8,12,35,34.3,13,20,65.0,26,46,72,15,0,13,0,0,99,50,15,26,54.4,0.19,36.1,25.3
2025,20242025,801,Blackburn,,1,0,1,40,0.0,14,0,6,0,50.6,,20,50,40.0,10,27,37.0,10,23,43.5,5,10,50.0,9,17,26,29,2,16,0,0,55,14,8,3,50.0,,34.6,20.0,23,2,20,0,66.7,,43,65,66.2,39,55,70.9,4,10,40.0,9,21,42.9,11,24,35,11,0,16,0,0,99,70,45,20,69.2,,31.4,32.3
2025,20242025,802,Webber International,,1,0,1,40,66.0,10,1,1,66,47.4,74.2,18,49,36.7,11,26,42.3,7,23,30.4,6,6,100.0,8,17,25,22,1,13,0,0,49,14,0,2,43.9,0.33,32.0,12.2,28,3,16,66,67.1,160.6,42,72,58.3,33,48,68.8,9,24,37.5,13,16,81.3,15,23,38,2,0,7,0,0,106,58,36,32,64.6,0.03,39.5,22.2
2025,20242025,803,Virginia Wesleyan,,1,0,1,40,63.5,9,0,8,64,31.4,68.8,16,64,25.0,12,41,29.3,4,23,17.4,8,14,57.1,15,14,29,6,0,18,0,0,44,20,8,3,28.1,0.09,51.7,21.9,17,1,5,63,67.4,130.2,29,52,55.8,19,29,65.5,10,23,43.5,14,20,70.0,12,38,50,13,1,16,0,0,82,38,10,13,65.4,0.21,24.0,38.5
2025,20242025,804,Southwestern Christian,,2,0,2,80,72.5,19,2,18,145,50.1,91.0,51,127,40.2,28,75,37.3,23,52,44.2,7,11,63.6,8,47,55,22,2,24,0,0,132,42,27,23,49.2,0.15,14.5,8.7,37,7,13,145,61.3,126.2,71,136,52.2,48,75,64.0,23,61,37.7,18,30,60.0,26,68,94,23,0,14,0,0,183,86,28,28,60.7,0.16,27.7,22.1
2025,20242025,805,University of The Southwest,,1,0,1,40,66.0,8,1,5,67,40.0,77.6,18,58,31.0,15,40,37.5,3,18,16.7,13,16,81.3,11,21,32,16,1,17,0,0,52,26,10,8,33.6,0.24,34.4,27.6,22,3,8,65,63.9,130.8,32,59,54.2,19,31,61.3,13,28,46.4,8,17,47.1,11,24,35,10,1,17,0,0,85,32,18,9,65.3,0.15,31.4,28.8
2025,20242025,806,Westcliff,,1,0,1,40,70.0,10,2,5,69,57.6,104.3,25,55,45.5,16,37,43.2,9,18,50.0,13,17,76.5,4,23,27,10,1,22,2,0,72,26,19,16,53.6,0.14,14.8,30.9,20,3,5,71,66.4,125.4,33,56,58.9,27,37,73.0,6,19,31.6,17,25,68.0,8,28,36,14,1,14,0,0,89,48,8,17,64.3,0.2,22.2,44.6
2025,20242025,807,William Woods,,1,0,1,40,72.5,9,1,5,73,44.6,78.1,23,59,39.0,17,37,45.9,6,22,27.3,5,11,45.5,8,27,35,17,0,23,0,0,57,26,19,3,44.1,0.23,22.9,18.6,15,7,10,72,60.9,108.3,27,50,54.0,19,31,61.3,8,19,42.1,16,32,50.0,6,31,37,14,0,11,0,0,78,38,20,11,62.0,0.19,16.2,64.0
2025,20242025,808,Johnson & Wales (RI),,2,0,2,80,70.0,12,5,14,140,45.1,77.1,41,111,36.9,26,63,41.3,15,48,31.3,11,20,55.0,14,32,46,33,2,26,0,0,108,34,24,10,43.7,0.24,30.4,18.0,55,10,21,140,69.8,141.4,76,130,58.5,48,67,71.6,28,63,44.4,18,27,66.7,26,60,86,25,1,24,0,0,198,92,39,40,69.2,0.18,30.2,20.8
2025,20242025,809,Manhattanville,,1,0,1,40,63.5,16,0,3,63,52.9,95.2,22,55,40.0,10,28,35.7,12,27,44.4,4,4,100.0,5,15,20,12,2,12,0,0,60,14,7,5,50.9,0.19,25.0,7.3,19,5,9,64,69.8,156.3,39,65,60.0,26,38,68.4,13,27,48.1,9,15,60.0,15,28,43,6,0,11,0,0,100,48,19,9,70.0,0.09,34.9,23.1
2025,20242025,810,Regis,,1,0,1,40,71.5,9,2,7,71,32.4,64.8,18,67,26.9,13,32,40.6,5,35,14.3,5,9,55.6,12,26,38,12,0,9,0,0,46,16,4,5,30.6,0.17,31.6,13.4,20,2,8,72,60.4,113.9,31,63,49.2,20,38,52.6,11,25,44.0,9,11,81.8,7,38,45,11,1,8,0,0,82,34,9,4,57.9,0.15,15.6,17.5
2025,20242025,811,Waldorf College,,1,0,1,40,77.0,8,2,3,77,41.3,74.0,19,62,30.6,12,39,30.8,7,23,30.4,12,16,75.0,9,27,36,16,0,13,0,0,57,22,11,5,36.3,0.21,25.0,25.8,18,1,14,77,59.8,126.0,35,74,47.3,21,41,51.2,14,33,42.4,13,16,81.3,14,36,50,9,0,12,0,0,97,36,22,43,56.8,0.12,28.0,21.6
2025,20242025,812,Neumann,,1,0,1,40,72.0,5,1,7,72,48.1,93.1,28,63,44.4,24,53,45.3,4,10,40.0,7,15,46.7,5,20,25,8,0,16,0,0,67,42,8,4,47.6,0.11,20.0,23.8,18,1,5,72,64.3,120.8,30,58,51.7,21,36,58.3,9,22,40.9,18,22,81.8,9,33,42,12,0,15,0,0,87,40,9,19,59.5,0.17,21.4,37.9
2025,20242025,813,Heidelberg,,1,0,1,40,64.5,12,2,9,65,58.6,123.1,31,63,49.2,23,44,52.3,8,19,42.1,10,12,83.3,10,16,26,8,1,13,0,0,80,40,10,8,55.6,0.12,38.5,19.0,20,3,6,64,60.4,131.3,31,62,50.0,21,39,53.8,10,23,43.5,12,17,70.6,17,22,39,12,0,13,0,0,84,36,12,2,58.1,0.19,43.6,27.4
2025,20242025,814,Asbury,,1,0,1,40,78.0,5,1,2,78,33.8,69.2,21,79,26.6,10,39,25.6,11,40,27.5,1,2,50.0,14,25,39,12,1,15,0,0,54,8,0,0,33.5,0.15,35.9,2.5,26,4,6,78,56.9,143.6,44,91,48.4,33,45,73.3,11,46,23.9,13,17,76.5,23,44,67,2,0,6,0,0,112,64,20,14,54.4,0.03,34.3,18.7
2025,20242025,815,Friends University,,1,0,1,40,74.5,14,3,9,74,47.5,97.3,26,71,36.6,15,37,40.5,11,34,32.4,9,11,81.8,15,17,32,14,3,16,0,0,72,20,20,5,44.4,0.19,46.9,15.5,10,5,9,75,61.3,116.0,31,60,51.7,25,46,54.3,6,14,42.9,19,25,76.0,14,30,44,18,0,12,0,0,87,50,13,13,56.7,0.24,31.8,41.7
2025,20242025,816,Elms College,,1,0,1,40,73.0,6,2,6,72,29.4,51.4,16,59,27.1,14,32,43.8,2,27,7.4,3,9,33.3,12,13,25,23,0,13,0,0,37,20,3,2,28.8,0.32,48.0,15.3,29,7,18,74,78.0,163.5,48,71,67.6,33,43,76.7,15,28,53.6,10,15,66.7,12,33,45,8,0,12,0,0,121,66,34,32,78.2,0.11,26.7,21.1
2025,20242025,817,Muskingum,,1,0,1,40,74.0,12,2,7,74,37.2,70.3,22,69,31.9,15,43,34.9,7,26,26.9,1,2,50.0,10,19,29,15,2,15,0,0,52,26,19,6,37.0,0.2,34.5,2.9,26,6,8,74,74.8,139.2,41,64,64.1,26,37,70.3,15,27,55.6,6,11,54.5,8,36,44,14,0,9,0,0,103,50,22,25,75.8,0.19,18.2,17.2
2025,20242025,818,Texas A&M-Texarkana,,1,0,1,40,66.0,9,2,5,66,45.8,81.8,22,59,37.3,12,28,42.9,10,31,32.3,0,0,0.0,6,16,22,14,0,20,0,0,54,20,2,0,45.8,0.21,27.3,0.0,21,3,4,66,77.0,139.4,33,54,61.1,16,24,66.7,17,30,56.7,9,13,69.2,8,31,39,14,1,11,0,0,92,30,22,10,76.9,0.21,20.5,24.1
2025,20242025,819,Mobile,,1,0,1,40,69.0,9,0,3,68,42.0,60.3,15,47,31.9,6,14,42.9,9,33,27.3,2,4,50.0,3,22,25,22,2,14,0,0,41,12,0,6,41.5,0.32,12.0,8.5,23,3,16,70,64.8,151.4,41,73,56.2,27,41,65.9,14,32,43.8,10,20,50.0,15,30,45,3,0,8,0,0,106,52,41,34,65.8,0.04,33.3,27.4
2025,20242025,820,Fort Valley State,,1,0,1,40,71.5,13,4,6,72,50.1,97.2,28,65,43.1,19,43,44.2,9,22,40.9,5,11,45.5,9,15,24,11,1,16,0,0,70,32,0,5,50.0,0.15,37.5,16.9,22,5,7,71,73.0,156.3,40,65,61.5,29,44,65.9,11,21,52.4,20,25,80.0,12,32,44,7,0,6,0,0,111,54,10,16,70.0,0.1,27.3,38.5
2025,20242025,821,Benedictine (AZ),,1,0,1,40,77.0,16,1,6,77,53.0,96.1,28,65,43.1,19,42,45.2,9,23,39.1,9,11,81.8,5,21,26,14,0,11,0,0,74,30,9,13,50.0,0.18,19.2,16.9,30,3,11,77,69.9,142.9,46,76,60.5,32,48,66.7,14,28,50.0,4,6,66.7,11,33,44,8,0,12,1,0,110,56,25,27,69.7,0.1,25.0,7.9
2025,20242025,822,Eastern Oregon,,1,0,1,40,75.0,12,3,8,75,43.8,84.0,27,68,39.7,23,49,46.9,4,19,21.1,5,9,55.6,10,26,36,14,1,18,1,0,63,38,14,13,42.6,0.19,27.8,13.2,19,5,5,75,63.9,118.7,29,60,48.3,18,35,51.4,11,25,44.0,20,22,90.9,5,31,36,13,0,9,0,0,89,36,16,12,57.5,0.17,13.9,36.7
2025,20242025,823,Anderson (IN),,1,0,1,40,79.5,18,2,9,79,49.0,96.2,26,70,37.1,14,28,50.0,12,42,28.6,12,17,70.6,12,24,36,13,0,28,0,0,76,26,8,4,45.7,0.16,33.3,24.3,17,1,8,80,58.4,111.3,26,59,44.1,17,33,51.5,9,26,34.6,28,39,71.8,15,33,48,16,0,15,0,0,89,32,15,13,51.7,0.2,31.3,66.1
2025,20242025,824,Colby-Sawyer,,1,0,1,40,72.5,5,1,8,73,42.5,75.3,24,63,38.1,19,48,39.6,5,15,33.3,2,4,50.0,6,19,25,14,0,25,0,0,55,24,3,4,42.1,0.19,24.0,6.3,32,4,5,72,68.0,150.0,36,68,52.9,19,31,61.3,17,37,45.9,19,26,73.1,19,34,53,12,0,8,0,0,108,36,26,18,65.4,0.17,35.8,38.2
2025,20242025,825,Kean,,1,0,1,40,78.5,15,6,12,79,55.3,89.9,26,58,44.8,18,35,51.4,8,23,34.8,11,14,78.6,6,22,28,21,2,14,0,0,71,28,13,6,51.7,0.27,21.4,24.1,21,4,18,78,60.7,117.9,36,71,50.7,26,43,60.5,10,28,35.7,10,11,90.9,11,26,37,13,0,16,0,0,92,52,21,6,57.7,0.17,29.7,15.5
2025,20242025,826,Medgar Evers,,1,0,1,40,76.5,7,3,6,76,33.8,67.1,20,68,29.4,18,54,33.3,2,14,14.3,9,17,52.9,12,15,27,12,0,12,0,0,51,30,8,14,30.9,0.16,44.4,25.0,25,10,8,77,59.1,139.0,41,83,49.4,29,50,58.0,12,33,36.4,13,17,76.5,28,41,69,13,0,18,0,0,107,56,11,14,56.6,0.17,40.6,20.5
2025,20242025,827,Bowdoin,,1,0,1,40,62.0,15,6,6,62,50.5,104.8,25,60,41.7,14,28,50.0,11,32,34.4,4,10,40.0,8,23,31,6,0,15,0,0,65,22,9,2,50.8,0.1,25.8,16.7,13,1,5,62,58.0,114.5,25,52,48.1,17,31,54.8,8,21,38.1,13,21,61.9,9,30,39,8,0,9,0,0,71,26,9,6,55.8,0.13,23.1,40.4
2025,20242025,828,Bowie State,,1,1,0,40,67.0,16,2,6,67,60.2,113.4,30,60,50.0,19,36,52.8,11,24,45.8,5,7,71.4,4,22,26,9,1,24,1,0,76,32,21,14,59.2,0.13,15.4,11.7,15,1,2,67,59.0,109.0,23,50,46.0,13,27,48.1,10,23,43.5,17,27,63.0,12,26,38,16,1,14,1,0,73,22,12,10,56.0,0.24,31.6,54.0
2025,20242025,829,Morehouse,,1,1,0,40,76.5,13,1,6,77,54.0,102.6,28,67,41.8,13,33,39.4,15,34,44.1,8,14,57.1,9,30,39,12,0,18,0,0,79,22,13,17,53.0,0.16,23.1,20.9,16,2,6,76,52.0,100.0,25,63,39.7,16,28,57.1,9,35,25.7,17,23,73.9,10,33,43,12,0,15,0,0,76,28,13,21,46.8,0.16,23.3,36.5
2025,20242025,830,Washington Adventist,,1,0,1,40,83.5,8,1,8,84,30.3,50.0,12,60,20.0,6,37,16.2,6,23,26.1,12,21,57.1,8,23,31,21,1,18,0,0,42,6,12,3,25.0,0.25,25.8,35.0,24,6,15,83,69.2,126.5,38,64,59.4,27,40,67.5,11,24,45.8,18,27,66.7,9,44,53,15,0,20,0,0,105,46,30,41,68.0,0.18,17.0,42.2
