season,seasonLabel,teamId,team,conference,games,wins,losses,totalMinutes,pace,teamStats_assists,teamStats_blocks,teamStats_steals,teamStats_possessions,teamStats_trueShooting,teamStats_rating,teamStats_fieldGoals_made,teamStats_fieldGoals_attempted,teamStats_fieldGoals_pct,teamStats_twoPointFieldGoals_made,teamStats_twoPointFieldGoals_attempted,teamStats_twoPointFieldGoals_pct,teamStats_threePointFieldGoals_made,teamStats_threePointFieldGoals_attempted,teamStats_threePointFieldGoals_pct,teamStats_freeThrows_made,teamStats_freeThrows_attempted,teamStats_freeThrows_pct,teamStats_rebounds_offensive,teamStats_rebounds_defensive,teamStats_rebounds_total,teamStats_turnovers_total,teamStats_turnovers_teamTotal,teamStats_fouls_total,teamStats_fouls_technical,teamStats_fouls_flagrant,teamStats_points_total,teamStats_points_inPaint,teamStats_points_offTurnovers,teamStats_points_fastBreak,teamStats_fourFactors_effectiveFieldGoalPct,teamStats_fourFactors_turnoverRatio,teamStats_fourFactors_offensiveReboundPct,teamStats_fourFactors_freeThrowRate,opponentStats_assists,opponentStats_blocks,opponentStats_steals,opponentStats_possessions,opponentStats_trueShooting,opponentStats_rating,opponentStats_fieldGoals_made,opponentStats_fieldGoals_attempted,opponentStats_fieldGoals_pct,opponentStats_twoPointFieldGoals_made,opponentStats_twoPointFieldGoals_attempted,opponentStats_twoPointFieldGoals_pct,opponentStats_threePointFieldGoals_made,opponentStats_threePointFieldGoals_attempted,opponentStats_threePointFieldGoals_pct,opponentStats_freeThrows_made,opponentStats_freeThrows_attempted,opponentStats_freeThrows_pct,opponentStats_rebounds_offensive,opponentStats_rebounds_defensive,opponentStats_rebounds_total,opponentStats_turnovers_total,opponentStats_turnovers_teamTotal,opponentStats_fouls_total,opponentStats_fouls_technical,opponentStats_fouls_flagrant,opponentStats_points_total,opponentStats_points_inPaint,opponentStats_points_offTurnovers,opponentStats_points_fastBreak,opponentStats_fourFactors_effectiveFieldGoalPct,opponentStats_fourFactors_turnoverRatio,opponentStats_fourFactors_offensiveReboundPct,opponentStats_fourFactors_freeThrowRate
2016,20152016,1,Abilene Christian,Southland,31,13,18,1260,61.8,422,78,233,1950,55.5,113.3,771,1704,45.2,562,1134,49.6,209,570,36.7,458,653,70.1,269,722,991,418,4,681,4,0,2209,768,429,163,51.4,0.21,27.1,38.3,376,98,160,1946,57.2,116.8,792,1662,47.7,624,1176,53.1,168,486,34.6,520,735,70.7,266,765,1031,448,2,596,5,0,2272,804,406,125,52.7,0.23,25.8,44.2
2016,20152016,2,Air Force,Mountain West,32,14,18,1320,68.1,420,58,196,2242,52.9,97.6,752,1758,42.8,550,1162,47.3,202,596,33.9,483,707,68.3,283,824,1107,422,10,617,1,0,2189,798,417,167,48.5,0.19,25.6,40.2,470,133,211,2251,55.0,103.5,784,1823,43.0,494,980,50.4,290,843,34.4,472,667,70.8,328,859,1187,436,9,664,2,0,2330,702,462,128,51.0,0.19,27.6,36.6
2016,20152016,3,Akron,MAC,35,26,9,1415,63.8,507,137,190,2252,55.9,119.1,911,2111,43.2,502,1042,48.2,409,1069,38.3,451,659,68.4,373,937,1310,381,6,620,5,0,2682,660,366,77,52.8,0.17,28.5,31.2,393,80,206,2265,49.7,105.1,862,2103,41.0,657,1405,46.8,205,698,29.4,452,667,67.8,401,914,1315,409,7,631,7,0,2381,822,268,139,45.9,0.18,30.5,31.7
2016,20152016,4,Alabama A&M,SWAC,29,11,18,1205,24.7,357,60,159,748,53.5,263.9,659,1575,41.8,490,996,49.2,169,579,29.2,421,617,68.2,321,650,971,337,15,539,1,0,1974,246,137,45,47.2,0.45,33.1,39.2,340,80,169,743,56.3,274.8,700,1543,45.4,536,1042,51.4,164,501,32.7,407,612,66.5,301,688,989,321,10,569,1,0,2042,252,135,40,50.7,0.43,30.4,39.7
2016,20152016,5,Alabama,SEC,33,18,15,1350,65.4,347,176,192,2205,53.1,99.5,738,1750,42.2,479,987,48.5,259,763,33.9,458,712,64.3,327,814,1141,438,13,632,4,0,2193,118,133,28,49.6,0.2,28.7,40.7,370,96,189,2207,50.9,101.6,769,1878,40.9,558,1236,45.1,211,642,32.9,493,735,67.1,431,828,1259,401,17,648,5,0,2242,148,146,18,46.6,0.18,34.2,39.1
2016,20152016,6,Alabama State,SWAC,31,14,17,1300,45.8,376,113,181,1490,50.3,148.8,788,1929,40.9,573,1279,44.8,215,650,33.1,426,623,68.4,391,762,1153,371,3,649,1,0,2217,286,289,33,46.4,0.25,33.9,32.3,409,110,186,1486,55.4,155.2,808,1746,46.3,616,1178,52.3,192,568,33.8,499,767,65.1,326,846,1172,402,8,547,6,0,2307,400,257,69,51.8,0.27,27.8,43.9
2016,20152016,7,Alcorn State,SWAC,30,15,15,1255,21.4,272,111,134,673,50.6,299.1,691,1690,40.9,518,1127,46.0,173,563,30.7,458,676,67.8,384,688,1072,429,5,548,2,0,2013,174,65,18,46.0,0.64,35.8,40.0,384,95,205,669,55.3,323.5,748,1674,44.7,533,1083,49.2,215,591,36.4,453,646,70.1,324,714,1038,357,6,584,7,0,2164,196,126,37,51.1,0.53,31.2,38.6
2016,20152016,8,American University,Patriot,31,12,19,1270,58.9,348,69,176,1866,52.7,95.7,631,1487,42.4,436,915,47.7,195,572,34.1,328,471,69.6,218,656,874,428,20,567,2,0,1785,678,323,66,49.0,0.23,24.9,31.7,362,75,225,1872,55.2,108.8,735,1568,46.9,588,1095,53.7,147,473,31.1,419,628,66.7,284,708,992,372,12,531,3,0,2036,892,430,192,51.6,0.2,28.6,40.1
2016,20152016,9,App State,Sun Belt,31,9,22,1240,66.0,357,103,127,2051,52.0,106.6,719,1795,40.1,463,1075,43.1,256,720,35.6,493,701,70.3,393,747,1140,462,20,667,5,0,2187,556,297,98,47.2,0.23,34.5,39.1,374,116,197,2039,55.1,117.6,856,1852,46.2,673,1378,48.8,183,474,38.6,503,738,68.2,357,798,1155,349,2,673,8,0,2398,857,444,153,51.2,0.17,30.9,39.8
2016,20152016,10,Arizona State,Pac-12,32,15,17,1310,59.9,405,86,170,1962,52.4,119.5,796,1919,41.5,542,1163,46.6,254,756,33.6,499,726,68.7,394,783,1177,384,11,654,8,0,2345,256,111,34,48.1,0.2,33.5,37.8,483,150,186,1962,55.9,120.6,830,1812,45.8,606,1178,51.4,224,634,35.3,483,690,70.0,302,857,1159,411,5,670,5,0,2367,262,65,42,52.0,0.21,26.1,38.1
2016,20152016,11,Arizona,Pac-12,34,25,9,1420,66.1,486,161,164,2343,58.2,116.7,946,1970,48.0,725,1390,52.2,221,580,38.1,622,863,72.1,394,973,1367,442,10,624,6,0,2735,86,104,18,53.6,0.19,28.8,43.8,412,117,187,2352,50.2,99.6,853,2066,41.3,649,1420,45.7,204,646,31.6,432,606,71.3,322,732,1054,389,12,747,8,0,2342,116,100,11,46.2,0.17,30.6,29.3
2016,20152016,12,Arkansas,SEC,32,16,16,1355,68.4,510,164,232,2316,53.9,108.0,883,1992,44.3,667,1448,46.1,216,544,39.7,519,748,69.4,374,812,1186,357,10,687,4,0,2501,446,252,147,49.7,0.15,31.5,37.6,447,140,165,2319,54.5,103.1,803,1844,43.5,572,1200,47.7,231,644,35.9,553,790,70.0,349,838,1187,457,13,659,5,0,2390,364,235,111,49.8,0.2,29.4,42.8
2016,20152016,13,Arkansas State,Sun Belt,31,11,20,1300,70.1,381,136,157,2275,52.1,100.3,770,1855,41.5,590,1285,45.9,180,570,31.6,562,766,73.4,334,909,1243,398,5,616,15,0,2282,812,345,138,46.4,0.17,26.9,41.3,399,94,195,2280,50.8,103.2,791,1982,39.9,532,1246,42.7,259,736,35.2,512,757,67.6,401,856,1257,356,9,676,1,0,2353,776,406,137,46.4,0.16,31.9,38.2
2016,20152016,14,Arkansas-Pine Bluff,SWAC,33,8,25,1335,34.4,317,123,235,1151,47.9,162.2,674,1722,39.1,472,1056,44.7,202,666,30.3,317,519,61.1,322,682,1004,516,20,724,4,0,1867,296,180,61,45.0,0.45,32.1,30.1,441,99,271,1145,55.2,202.8,747,1701,43.9,567,1144,49.6,180,557,32.3,648,913,71.0,408,840,1248,438,11,524,5,0,2322,448,316,133,49.2,0.38,32.7,53.7
2016,20152016,15,Army,Patriot,33,19,14,1390,68.1,501,123,163,2364,53.5,107.4,895,2084,42.9,601,1207,49.8,294,877,33.5,455,656,69.4,408,930,1338,448,15,628,2,0,2539,913,397,128,50.0,0.19,30.5,31.5,416,111,235,2371,52.6,104.3,918,2064,44.5,719,1489,48.3,199,575,34.6,439,656,66.9,345,883,1228,408,12,646,4,0,2474,1087,438,195,49.3,0.17,28.1,31.8
2016,20152016,16,Auburn,SEC,31,11,20,1255,71.7,352,126,166,2253,51.0,97.3,724,1820,39.8,452,1020,44.3,272,800,34.0,472,747,63.2,346,788,1134,428,11,660,18,0,2192,160,112,28,47.3,0.19,30.5,41.0,439,122,187,2247,54.8,107.7,832,1877,44.3,600,1210,49.6,232,667,34.8,525,752,69.8,376,893,1269,403,10,656,10,0,2421,196,131,46,50.5,0.18,29.6,40.1
2016,20152016,17,Austin Peay,OVC,36,18,18,1520,64.0,479,101,250,2430,55.7,112.8,945,2049,46.1,722,1404,51.4,223,645,34.6,627,936,67.0,422,904,1326,502,9,633,6,0,2740,1019,421,184,51.6,0.21,31.8,45.7,524,108,252,2431,56.4,113.7,994,2158,46.1,692,1318,52.5,302,840,36.0,471,667,70.6,379,857,1236,480,10,766,7,0,2765,886,468,174,53.1,0.2,30.7,30.9
2016,20152016,18,BYU,WCC,37,26,11,1495,71.4,611,161,256,2667,56.6,116.0,1096,2369,46.3,766,1506,50.9,330,863,38.2,571,827,69.0,441,1073,1514,434,3,690,0,0,3093,752,361,155,53.2,0.16,29.1,34.9,509,136,205,2672,52.0,100.7,943,2270,41.5,656,1407,46.6,287,863,33.3,519,725,71.6,360,981,1341,490,8,728,3,0,2692,555,263,68,47.9,0.18,26.8,31.9
2016,20152016,19,Ball State,MAC,35,21,14,1470,58.7,513,126,192,2159,56.0,114.8,855,1920,44.5,550,1101,50.0,305,819,37.2,464,671,69.2,330,944,1274,465,18,665,3,0,2479,768,406,114,52.5,0.22,25.9,34.9,399,75,230,2156,51.5,108.4,790,1950,40.5,548,1254,43.7,242,696,34.8,516,732,70.5,337,853,1190,398,18,640,9,0,2338,761,419,128,46.7,0.18,28.3,37.5
2016,20152016,20,Baylor,Big 12,34,22,12,1395,65.9,603,135,269,2302,56.2,113.9,933,2003,46.6,723,1431,50.5,210,572,36.7,545,752,72.5,467,799,1266,432,11,660,7,0,2621,214,153,44,51.8,0.19,36.9,37.5,598,134,223,2294,55.1,103.1,823,1843,44.7,590,1205,49.0,233,638,36.5,485,693,70.0,314,694,1008,464,5,667,2,0,2366,126,126,24,51.0,0.2,31.2,37.6
2016,20152016,22,Belmont,OVC,32,20,12,1295,60.3,544,81,145,1953,61.8,135.1,914,1848,49.5,576,917,62.8,338,931,36.3,472,650,72.6,271,832,1103,450,8,641,4,0,2638,666,328,67,58.6,0.23,24.6,35.2,419,100,229,1954,54.6,128.5,873,1978,44.1,631,1290,48.9,242,688,35.2,522,725,72.0,372,767,1139,391,7,669,4,0,2510,604,357,84,50.3,0.2,32.7,36.7
2016,20152016,23,Bethune-Cookman,MEAC,32,14,18,1325,46.8,372,191,197,1553,51.4,145.4,799,1932,41.4,550,1145,48.0,249,787,31.6,411,597,68.8,407,779,1186,415,10,601,6,0,2258,610,309,111,47.8,0.27,34.3,30.9,478,87,173,1549,52.8,150.4,830,1923,43.2,602,1251,48.1,228,672,33.9,442,647,68.3,428,830,1258,422,26,582,8,0,2330,712,319,142,49.1,0.27,34.0,33.6
2016,20152016,24,Binghamton,Am. East,30,8,22,1215,62.2,333,68,161,1889,48.8,96.7,629,1614,39.0,458,1015,45.1,171,599,28.5,398,584,68.2,273,748,1021,420,11,558,2,0,1827,685,376,109,44.3,0.22,26.7,36.2,397,84,211,1887,53.4,109.1,728,1675,43.5,524,1069,49.0,204,606,33.7,399,576,69.3,297,810,1107,371,7,553,6,0,2059,743,394,155,49.6,0.2,26.8,34.4
2016,20152016,25,Boise State,Mountain West,32,20,12,1300,67.0,430,64,209,2177,56.6,113.9,842,1859,45.3,581,1071,54.2,261,788,33.1,535,755,70.9,315,796,1111,372,5,622,3,0,2480,762,452,125,52.3,0.17,28.4,40.6,388,105,169,2180,55.0,103.0,785,1765,44.5,551,1096,50.3,234,669,35.0,442,631,70.0,264,786,1050,473,7,676,6,0,2246,580,319,94,51.1,0.22,25.1,35.8
2016,20152016,26,Boston College,ACC,32,7,25,1295,65.3,410,93,181,2114,50.2,92.7,717,1751,40.9,486,1038,46.8,231,713,32.4,294,452,65.0,243,754,997,431,11,579,0,0,1959,238,212,36,47.5,0.2,24.4,25.8,467,109,234,2113,56.0,106.8,796,1732,46.0,572,1145,50.0,224,587,38.2,440,641,68.6,302,872,1174,419,13,504,1,0,2256,278,245,43,52.4,0.2,25.7,37.0
2016,20152016,27,Boston University,Patriot,34,19,15,1405,63.3,456,129,204,2226,56.5,111.5,859,1893,45.4,587,1145,51.3,272,748,36.4,493,688,71.7,311,905,1216,467,8,644,13,0,2483,795,421,142,52.6,0.21,25.6,36.3,486,91,217,2222,53.4,110.9,875,2009,43.6,628,1265,49.6,247,744,33.2,467,681,68.6,348,836,1184,408,15,630,6,0,2464,836,485,133,49.7,0.18,29.4,33.9
2016,20152016,28,Bowling Green,MAC,34,16,18,1360,65.1,398,113,209,2212,53.4,108.5,849,1913,44.4,646,1350,47.9,203,563,36.1,499,760,65.7,345,893,1238,430,5,655,5,0,2400,900,391,214,49.7,0.19,27.9,39.7,379,103,207,2214,53.9,111.0,853,1978,43.1,575,1233,46.6,278,745,37.3,473,686,69.0,350,857,1207,403,5,684,11,0,2457,787,427,142,50.2,0.18,29.0,34.7
2016,20152016,29,Bradley,MVC,32,5,27,1300,64.5,292,88,142,2097,47.9,85.5,606,1596,38.0,441,1006,43.8,165,590,28.0,416,629,66.1,276,804,1080,549,29,744,5,0,1793,592,291,53,43.1,0.26,25.6,39.4,397,98,247,2097,54.4,106.7,737,1675,44.0,549,1131,48.5,188,544,34.6,576,866,66.5,290,833,1123,375,16,649,7,0,2238,781,551,177,49.6,0.18,25.8,51.7
2016,20152016,30,Brown,Ivy,28,8,20,1170,60.7,414,114,150,1777,54.0,114.8,697,1625,42.9,472,986,47.9,225,639,35.2,421,600,70.2,272,747,1019,376,10,543,1,0,2040,674,243,91,49.8,0.21,26.7,36.9,401,97,217,1776,53.9,121.3,757,1726,43.9,539,1113,48.4,218,613,35.6,423,617,68.6,338,754,1092,329,12,551,4,0,2155,721,340,123,50.2,0.19,31.0,35.7
2016,20152016,31,Bryant,NEC,31,8,23,1260,63.2,415,83,176,1996,50.2,101.1,755,1798,42.0,557,1183,47.1,198,615,32.2,310,482,64.3,300,748,1048,420,15,591,4,0,2018,804,311,141,47.5,0.21,28.6,26.8,480,114,215,1988,55.2,118.8,841,1880,44.7,590,1121,52.6,251,759,33.1,428,589,72.7,378,839,1217,346,12,501,5,0,2361,830,446,140,51.4,0.17,31.1,31.3
2016,20152016,32,Bucknell,Patriot,31,17,14,1295,64.9,489,100,204,2104,57.5,116.3,831,1788,46.5,598,1149,52.0,233,639,36.5,553,774,71.4,317,820,1137,423,10,657,4,0,2448,892,443,208,53.0,0.2,27.9,43.3,447,132,218,2099,53.1,109.0,779,1824,42.7,550,1170,47.0,229,654,35.0,501,747,67.1,321,746,1067,404,8,663,4,0,2288,792,413,159,49.0,0.19,30.1,41.0
2016,20152016,33,Buffalo,MAC,35,20,15,1430,63.2,441,124,240,2259,54.7,119.9,915,2096,43.7,652,1320,49.4,263,776,33.9,616,867,71.0,425,937,1362,475,4,749,10,0,2709,878,420,218,49.9,0.21,31.2,41.4,458,117,197,2258,53.9,116.7,906,2098,43.2,650,1343,48.4,256,755,33.9,566,790,71.6,379,894,1273,464,9,720,7,0,2634,859,423,140,49.3,0.21,29.8,37.7
2016,20152016,34,Butler,Big East,33,22,11,1335,66.7,468,107,227,2224,57.1,118.6,918,1969,46.6,682,1368,49.9,236,601,39.3,566,774,73.1,366,819,1185,335,5,648,5,0,2638,504,199,70,52.6,0.15,30.9,39.3,414,145,152,2228,53.9,105.2,818,1879,43.5,587,1196,49.1,231,683,33.8,477,672,71.0,310,772,1082,430,9,673,6,0,2344,458,165,51,49.7,0.19,28.7,35.8
2016,20152016,35,Cal Poly,Big West,30,10,20,1250,61.8,425,95,163,1933,52.0,112.3,755,1813,41.6,517,1132,45.7,238,681,34.9,423,626,67.6,351,743,1094,308,7,603,1,0,2171,677,286,92,48.2,0.16,32.1,34.5,455,100,152,1931,56.1,116.8,792,1719,46.1,579,1172,49.4,213,547,38.9,458,658,69.6,287,816,1103,328,12,567,1,0,2255,718,280,79,52.3,0.17,26.0,38.3
2016,20152016,36,Cal State Bakersfield,WAC,33,24,9,1340,65.7,516,165,263,2201,53.2,109.3,875,1939,45.1,696,1415,49.2,179,524,34.2,476,726,65.6,413,850,1263,405,14,709,11,0,2405,1044,518,270,49.7,0.18,32.7,37.4,339,108,177,2201,50.3,95.6,696,1764,39.5,498,1159,43.0,198,605,32.7,514,747,68.8,349,779,1128,500,13,659,9,0,2104,694,332,139,45.1,0.23,30.9,42.3
2016,20152016,37,Cal State Fullerton,Big West,30,10,20,1215,64.4,304,48,148,1955,51.9,107.6,698,1702,41.0,505,1120,45.1,193,582,33.2,515,743,69.3,335,781,1116,393,7,611,7,0,2104,534,346,76,46.7,0.2,30.0,43.7,436,118,162,1956,54.4,113.9,752,1754,42.9,514,1077,47.7,238,677,35.2,485,664,73.0,307,789,1096,344,7,612,4,0,2227,573,338,111,49.7,0.18,28.0,37.9
2016,20152016,38,Cal State Northridge,Big West,30,10,20,1255,66.7,423,96,203,2094,52.3,102.3,745,1724,43.2,619,1299,47.7,126,425,29.6,527,735,71.7,303,783,1086,420,15,605,10,0,2143,736,318,148,46.9,0.2,27.9,42.6,462,113,196,2090,54.1,108.2,799,1814,44.0,567,1214,46.7,232,600,38.7,431,630,68.4,353,797,1150,414,12,630,6,0,2261,656,411,101,50.4,0.2,30.7,34.7
2016,20152016,40,California,Pac-12,34,23,11,1405,66.5,431,159,139,2337,55.7,108.9,890,1931,46.1,654,1280,51.1,236,651,36.3,529,806,65.6,382,966,1348,415,7,706,1,0,2545,434,209,96,52.2,0.18,28.3,41.7,369,100,172,2336,49.4,98.0,789,1988,39.7,606,1461,41.5,183,527,34.7,528,745,70.9,327,798,1125,331,15,694,4,0,2289,310,193,39,44.3,0.14,29.1,37.5
2016,20152016,41,Campbell,Big South,30,12,18,1215,61.8,345,72,214,1875,55.9,117.7,744,1671,44.5,520,996,52.2,224,675,33.2,495,690,71.7,242,725,967,353,7,582,1,0,2207,824,431,155,51.2,0.19,25.0,41.3,357,76,180,1879,55.3,117.2,783,1708,45.8,585,1170,50.0,198,538,36.8,439,649,67.6,314,795,1109,405,8,596,3,0,2203,876,353,146,51.6,0.22,28.3,38.0
2016,20152016,42,Canisius,MAAC,33,14,19,1385,65.3,466,89,199,2262,53.9,111.7,845,2014,42.0,560,1178,47.5,285,836,34.1,551,744,74.1,393,723,1116,370,9,642,9,0,2526,862,486,144,49.0,0.16,35.2,36.9,526,114,175,2262,59.0,114.4,892,1873,47.6,619,1154,53.6,273,719,38.0,530,730,72.6,353,875,1228,457,13,665,5,0,2587,936,409,287,54.9,0.2,28.7,39.0
2016,20152016,43,Central Arkansas,Southland,28,7,21,1120,73.2,370,104,152,2051,53.8,102.9,734,1656,44.3,549,1159,47.4,185,497,37.2,457,694,65.9,331,713,1044,407,8,575,4,0,2110,744,290,166,49.9,0.2,31.7,41.9,443,114,196,2050,57.9,114.3,811,1729,46.9,572,1111,51.5,239,618,38.7,483,669,72.2,303,725,1028,326,4,553,8,1,2344,790,489,171,53.8,0.16,29.5,38.7
2016,20152016,44,Central Connecticut,NEC,29,4,25,1195,67.7,341,107,127,2025,48.8,93.2,682,1703,40.0,518,1224,42.3,164,479,34.2,360,530,67.9,335,715,1050,402,13,505,0,0,1888,671,263,95,44.9,0.2,31.9,31.1,444,114,204,2020,56.3,112.3,843,1775,47.5,635,1194,53.2,208,581,35.8,374,542,69.0,310,789,1099,300,8,495,0,0,2268,952,412,192,53.4,0.15,28.2,30.5
2016,20152016,45,Central Michigan,MAC,33,17,16,1335,31.7,441,90,155,1060,55.9,235.4,867,1964,44.1,543,1047,51.9,324,917,35.3,437,608,71.9,325,827,1152,303,8,609,3,0,2495,352,176,58,52.4,0.29,28.2,31.0,418,82,141,1059,54.0,226.7,861,1938,44.4,630,1273,49.5,231,665,34.7,448,646,69.3,368,864,1232,355,2,611,4,0,2401,436,146,96,50.4,0.34,29.9,33.3
2016,20152016,46,Charleston,CAA,31,17,14,1270,43.4,361,75,222,1377,51.5,147.3,722,1718,42.0,516,1123,45.9,206,595,34.6,378,567,66.7,335,750,1085,393,7,620,1,0,2028,528,284,81,48.0,0.29,30.9,33.0,312,103,165,1378,52.2,139.4,657,1548,42.4,484,1013,47.8,173,535,32.3,434,660,65.8,269,781,1050,446,14,571,5,0,1921,498,282,86,48.0,0.32,25.6,42.6
2016,20152016,47,Charleston Southern,Big South,30,9,21,1220,66.7,379,63,153,2039,52.8,105.2,774,1808,42.8,494,998,49.5,280,810,34.6,318,512,62.1,308,745,1053,378,8,576,2,0,2146,716,345,107,50.6,0.19,29.2,28.3,410,118,173,2031,56.8,110.9,783,1708,45.8,541,1050,51.5,242,658,36.8,445,624,71.3,267,834,1101,376,8,513,1,0,2253,740,395,173,52.9,0.19,24.3,36.5
2016,20152016,48,Charlotte,CUSA,33,14,19,1370,68.0,481,73,204,2327,54.6,111.0,920,2066,44.5,654,1370,47.7,266,696,38.2,478,685,69.8,374,822,1196,396,12,588,2,0,2584,970,433,245,51.0,0.17,31.3,33.2,438,117,189,2328,58.1,113.0,961,1994,48.2,697,1322,52.7,264,672,39.3,445,617,72.1,315,885,1200,442,5,597,8,0,2631,1048,429,216,54.8,0.19,26.3,30.9
2016,20152016,49,Chattanooga,SoCon,35,29,6,1430,61.2,492,158,265,2186,58.7,121.3,874,1909,45.8,617,1196,51.6,257,713,36.0,585,797,73.4,369,839,1208,424,5,583,7,0,2652,633,526,95,52.5,0.19,30.5,41.7,429,129,221,2189,54.5,108.0,846,1917,44.1,617,1225,50.4,229,692,33.1,391,573,68.2,336,768,1104,482,18,681,8,0,2364,693,429,151,50.1,0.22,30.4,29.9
2016,20152016,50,Chicago State,WAC,32,4,28,1280,62.6,375,98,246,2007,47.6,106.6,764,1995,38.3,536,1245,43.1,228,750,30.4,384,573,67.0,413,759,1172,458,9,697,4,0,2140,614,416,179,44.0,0.23,35.2,28.7,552,133,215,2001,57.2,123.8,826,1821,45.4,535,1058,50.6,291,763,38.1,535,787,68.0,366,918,1284,470,5,560,4,0,2478,715,435,187,53.3,0.23,28.5,43.2
2016,20152016,51,Cincinnati,American,33,22,11,1385,63.8,508,192,257,2205,53.3,109.7,851,1980,43.0,599,1255,47.7,252,725,34.8,464,658,70.5,441,849,1290,363,10,515,6,0,2418,408,266,115,49.3,0.16,34.2,33.2,380,109,169,2213,49.0,94.4,750,1907,39.3,510,1235,41.3,240,672,35.7,350,515,68.0,375,761,1136,450,27,577,6,0,2090,326,173,62,45.6,0.2,33.0,27.0
2016,20152016,52,Clemson,ACC,31,17,14,1270,62.6,411,162,179,1986,54.6,108.7,753,1725,43.7,515,1048,49.1,238,677,35.2,415,574,72.3,320,752,1072,315,7,512,4,0,2159,493,239,80,50.6,0.16,29.9,33.3,375,88,157,1990,51.5,100.5,723,1725,41.9,518,1138,45.5,205,587,34.9,348,492,70.7,327,735,1062,358,11,561,3,0,1999,382,175,82,47.9,0.18,30.8,28.5
2016,20152016,53,Cleveland State,Horizon,32,9,23,1295,63.4,327,87,196,2056,49.1,94.7,704,1747,40.3,530,1210,43.8,174,537,32.4,365,538,67.8,338,723,1061,459,12,670,2,0,1947,706,343,139,45.3,0.22,31.9,30.8,436,102,203,2048,54.4,105.9,738,1662,44.4,538,1075,50.0,200,587,34.1,493,751,65.6,336,786,1122,431,9,562,2,0,2169,816,421,176,50.4,0.21,29.9,45.2
2016,20152016,54,Coastal Carolina,Big South,33,21,12,1335,63.5,396,113,195,2119,54.5,113.7,854,1909,44.7,610,1193,51.1,244,716,34.1,458,689,66.5,377,922,1299,406,7,568,2,0,2410,940,401,171,51.1,0.19,29.0,36.1,390,91,197,2118,49.0,103.7,780,1980,39.4,531,1160,45.8,249,820,30.4,387,591,65.5,378,803,1181,364,9,599,3,0,2196,786,371,120,45.7,0.17,32.0,29.8
2016,20152016,55,Colgate,Patriot,30,13,17,1250,63.6,398,72,184,1982,55.4,105.6,747,1673,44.7,480,955,50.3,267,718,37.2,332,488,68.0,280,670,950,365,16,584,1,0,2093,716,401,101,52.6,0.18,29.5,29.2,384,108,166,1990,56.7,107.8,734,1599,45.9,512,1004,51.0,222,595,37.3,455,664,68.5,301,742,1043,387,4,531,4,0,2145,738,353,123,52.8,0.19,28.9,41.5
2016,20152016,56,Colorado,Pac-12,34,22,12,1380,68.0,462,168,177,2347,54.0,109.8,865,2030,42.6,613,1383,44.3,252,647,38.9,594,809,73.4,446,987,1433,454,9,638,5,0,2576,343,253,61,48.8,0.19,31.1,39.9,357,153,254,2345,51.1,102.6,852,2038,41.8,640,1441,44.4,212,597,35.5,491,716,68.6,324,818,1142,375,15,699,8,0,2407,370,331,73,47.0,0.16,28.4,35.1
2016,20152016,57,Colorado State,Mountain West,34,18,16,1450,62.0,455,77,131,2249,55.2,120.1,878,2067,42.5,552,1171,47.1,326,896,36.4,618,861,71.8,442,917,1359,396,8,658,4,0,2700,706,369,141,50.4,0.18,32.5,41.7,470,103,206,2249,56.0,116.8,918,2037,45.1,635,1233,51.5,283,804,35.2,507,703,72.1,304,873,1177,356,6,774,4,0,2626,666,341,175,52.0,0.16,25.8,34.5
2016,20152016,58,Columbia,Ivy,35,25,10,1445,63.3,519,122,220,2286,57.7,116.8,899,1987,45.2,563,1094,51.5,336,893,37.6,536,745,71.9,365,876,1241,379,19,649,2,0,2670,898,473,148,53.7,0.17,29.4,37.5,453,107,160,2284,54.4,105.0,842,1917,43.9,580,1180,49.2,262,737,35.5,453,659,68.7,314,838,1152,450,17,635,5,0,2399,865,384,134,50.8,0.2,27.3,34.4
2016,20152016,59,Coppin State,MEAC,31,9,22,1350,29.0,348,91,174,978,49.6,229.0,741,1932,38.4,503,1217,41.3,238,715,33.3,520,737,70.6,406,742,1148,408,12,666,1,0,2240,244,141,49,44.5,0.42,35.4,38.1,461,123,176,977,56.1,255.6,881,1872,47.1,659,1270,51.9,222,602,36.9,513,799,64.2,399,884,1283,434,13,649,7,0,2497,436,217,141,53.0,0.44,31.1,42.7
2016,20152016,60,Cornell,Ivy,28,10,18,1140,69.1,302,107,217,1975,52.1,100.9,703,1674,42.0,470,992,47.4,233,682,34.2,353,542,65.1,244,666,910,372,12,563,1,0,1992,655,390,180,49.0,0.19,26.8,32.4,458,106,156,1962,55.1,111.8,765,1724,44.4,545,1111,49.1,220,613,35.9,443,601,73.7,370,828,1198,412,16,512,3,0,2193,863,368,191,50.8,0.21,30.9,34.9
2016,20152016,61,Creighton,Big East,35,20,15,1400,55.0,537,108,211,1927,57.5,144.6,979,2081,47.0,696,1276,54.5,283,805,35.2,546,780,70.0,334,965,1299,406,7,661,4,0,2787,578,149,89,53.8,0.21,25.7,37.5,459,111,224,1926,52.9,131.5,901,2088,43.2,657,1383,47.5,244,705,34.6,487,700,69.6,341,889,1230,441,10,702,11,0,2533,548,130,43,49.0,0.23,27.7,33.5
2016,20152016,62,Dartmouth,Ivy,28,10,18,1150,62.5,367,48,192,1797,53.2,110.9,700,1606,43.6,544,1148,47.4,156,458,34.1,436,603,72.3,335,669,1004,402,19,569,4,0,1992,735,399,150,48.4,0.22,33.4,37.5,362,133,189,1794,55.7,110.9,678,1506,45.0,466,895,52.1,212,611,34.7,421,635,66.3,272,663,935,409,9,570,2,0,1989,648,391,96,52.1,0.23,29.1,42.2
2016,20152016,63,Davidson,A-10,33,20,13,1335,70.4,497,102,154,2350,56.4,111.0,894,2022,44.2,577,1130,51.1,317,892,35.5,503,661,76.1,312,843,1155,335,13,568,2,0,2608,779,344,95,52.1,0.14,27.0,32.7,464,106,183,2352,55.3,109.5,945,2059,45.9,693,1332,52.0,252,727,34.7,434,617,70.3,373,921,1294,378,6,646,3,0,2576,864,304,148,52.0,0.16,28.8,30.0
2016,20152016,64,Dayton,A-10,33,25,8,1365,67.0,481,145,196,2287,55.3,104.6,836,1836,45.5,615,1194,51.5,221,642,34.4,500,749,66.8,327,938,1265,427,9,626,1,0,2393,794,371,232,51.6,0.19,25.8,40.8,417,96,161,2287,50.5,95.1,761,1882,40.4,519,1189,43.7,242,693,34.9,412,618,66.7,300,813,1113,413,14,652,6,0,2176,642,330,162,46.9,0.18,27.0,32.8
2016,20152016,65,DePaul,Big East,31,9,22,1255,65.6,366,95,150,2058,53.3,101.7,752,1691,44.5,584,1201,48.6,168,490,34.3,420,618,68.0,317,742,1059,458,17,686,12,0,2092,689,294,111,49.4,0.22,29.9,36.5,466,98,206,2058,56.8,113.0,756,1711,44.2,510,1036,49.2,246,675,36.4,567,766,74.0,317,715,1032,379,13,607,3,0,2325,590,349,150,51.4,0.18,30.7,44.8
2016,20152016,66,Delaware,CAA,30,7,23,1215,58.0,319,87,108,1763,50.3,112.6,669,1664,40.2,501,1147,43.7,168,517,32.5,480,701,68.5,330,801,1131,360,10,536,7,0,1986,594,223,82,45.3,0.2,29.2,42.1,489,120,189,1758,55.3,129.1,784,1800,43.6,488,950,51.4,296,850,34.8,406,574,70.7,311,788,1099,275,3,607,4,0,2270,584,320,133,51.8,0.16,28.3,31.9
2016,20152016,67,Delaware State,MEAC,32,7,25,1300,39.0,367,93,173,1268,48.3,156.2,710,1815,39.1,480,1117,43.0,230,698,33.0,330,536,61.6,340,723,1063,446,15,635,7,0,1980,342,256,44,45.5,0.35,32.0,29.5,478,100,189,1266,54.4,184.5,791,1821,43.4,543,1052,51.6,248,769,32.2,506,740,68.4,435,876,1311,425,9,569,12,0,2336,463,347,133,50.2,0.34,33.2,40.6
2016,20152016,68,Denver,Summit,31,16,15,1240,58.3,443,71,198,1804,60.1,112.0,689,1449,47.6,454,836,54.3,235,613,38.3,408,530,77.0,168,613,781,404,28,595,1,0,2021,538,423,61,55.7,0.22,21.5,36.6,367,87,177,1813,57.4,111.6,672,1480,45.4,479,959,49.9,193,521,37.0,487,642,75.9,276,669,945,441,13,549,4,0,2024,636,396,93,51.9,0.24,29.2,43.4
2016,20152016,69,Detroit Mercy,Horizon,31,16,15,1255,69.6,408,133,213,2182,56.9,118.9,898,1931,46.5,654,1280,51.1,244,651,37.5,555,795,69.8,373,796,1169,422,7,708,10,0,2595,977,445,316,52.8,0.19,31.9,41.2,447,125,195,2184,57.3,117.5,862,1867,46.2,623,1186,52.5,239,681,35.1,604,848,71.2,330,777,1107,414,11,694,5,0,2567,814,395,233,52.6,0.19,29.8,45.4
2016,20152016,70,Drake,MVC,31,7,24,1285,62.3,378,65,116,2006,55.5,104.3,736,1639,44.9,521,1080,48.2,215,559,38.5,406,562,72.2,253,790,1043,421,22,559,1,0,2093,724,298,68,51.5,0.21,24.3,34.3,375,130,188,1999,54.6,111.6,816,1805,45.2,597,1211,49.3,219,594,36.9,379,543,69.8,297,734,1031,302,7,585,2,0,2230,824,447,164,51.3,0.15,28.8,30.1
2016,20152016,71,Drexel,CAA,31,6,25,1255,62.7,384,108,141,1970,49.0,99.4,677,1721,39.3,507,1204,42.1,170,517,32.9,434,634,68.5,324,698,1022,345,13,677,4,0,1958,628,321,98,44.3,0.18,31.7,36.8,382,109,160,1964,56.4,111.2,737,1600,46.1,548,1080,50.7,189,520,36.3,520,759,68.5,285,822,1107,365,9,598,1,0,2183,788,406,164,52.0,0.19,25.7,47.4
2016,20152016,72,Duke,ACC,36,25,11,1470,67.3,480,156,225,2474,58.0,118.0,983,2135,46.0,655,1284,51.0,328,851,38.5,626,866,72.3,426,873,1299,354,6,604,2,1,2920,88,33,0,53.7,0.14,32.8,40.6,523,126,163,2476,52.3,105.4,998,2244,44.5,772,1579,48.9,226,665,34.0,387,568,68.1,464,858,1322,430,10,762,4,0,2609,106,17,0,49.5,0.17,35.1,25.3
2016,20152016,73,Duquesne,A-10,34,17,17,1390,68.0,531,128,159,2362,57.2,114.5,950,2056,46.2,628,1173,53.5,322,883,36.5,482,698,69.1,347,985,1332,473,7,693,7,0,2704,964,388,363,54.0,0.2,26.1,33.9,582,99,210,2363,53.7,113.3,892,2141,41.7,563,1321,42.6,329,820,40.1,564,803,70.2,388,889,1277,396,12,646,6,0,2677,817,471,243,49.3,0.17,30.4,37.5
2016,20152016,74,East Carolina,American,32,12,20,1325,63.6,486,64,183,2105,53.0,103.8,761,1790,42.5,529,1106,47.8,232,684,33.9,432,620,69.7,320,777,1097,424,24,536,4,0,2186,594,311,164,49.0,0.2,29.2,34.6,540,116,204,2106,53.9,109.3,854,1911,44.7,605,1159,52.2,249,752,33.1,344,511,67.3,370,792,1162,403,17,523,9,0,2301,674,301,115,51.2,0.19,31.8,26.7
2016,20152016,75,East Tennessee State,SoCon,36,24,12,1485,67.3,447,136,240,2502,56.8,112.4,984,2135,46.1,689,1355,50.8,295,780,37.8,550,774,71.1,376,925,1301,462,16,727,9,0,2813,905,515,248,53.0,0.18,28.9,36.3,426,116,228,2495,54.4,107.7,915,2107,43.4,653,1321,49.4,262,786,33.3,595,827,71.9,397,910,1307,474,8,742,7,0,2687,826,462,157,49.6,0.19,30.4,39.3
2016,20152016,77,Eastern Illinois,OVC,30,13,17,1260,61.5,417,68,177,1940,53.7,110.6,764,1737,44.0,532,1074,49.5,232,663,35.0,385,588,65.5,299,703,1002,364,19,584,11,0,2145,810,437,167,50.7,0.19,29.8,33.9,419,77,184,1936,54.9,114.3,766,1722,44.5,554,1088,50.9,212,634,33.4,469,666,70.4,364,797,1161,410,12,595,6,0,2213,829,359,160,50.6,0.21,31.4,38.7
2016,20152016,78,Eastern Kentucky,OVC,31,15,16,1240,73.1,494,95,218,2269,60.4,110.0,864,1760,49.1,606,1107,54.7,258,653,39.5,511,700,73.0,274,725,999,457,9,665,5,0,2497,897,492,199,56.4,0.2,27.4,39.8,514,82,206,2263,57.1,108.4,837,1814,46.1,586,1146,51.1,251,668,37.6,528,755,69.9,367,734,1101,467,13,666,4,0,2453,814,493,145,53.1,0.21,33.3,41.6
2016,20152016,79,Eastern Michigan,MAC,33,18,15,1340,65.1,379,122,312,2183,54.7,116.9,875,1960,44.6,688,1359,50.6,187,601,31.1,616,854,72.1,386,809,1195,425,11,675,18,0,2553,972,517,296,49.4,0.19,32.3,43.6,483,108,200,2180,53.5,112.8,823,1957,42.1,547,1166,46.9,276,791,34.9,538,778,69.2,444,817,1261,529,8,725,11,0,2460,738,399,181,49.1,0.24,35.2,39.8
2016,20152016,80,Eastern Washington,Big Sky,34,18,16,1360,68.2,449,129,202,2316,60.1,119.6,961,1989,48.3,605,1065,56.8,356,924,38.5,491,719,68.3,319,814,1133,381,6,659,5,0,2769,996,443,183,57.3,0.16,28.2,36.1,496,113,195,2322,57.1,112.7,953,1966,48.5,756,1430,52.9,197,536,36.8,514,743,69.2,323,838,1161,395,8,654,4,0,2617,1094,450,238,53.5,0.17,27.8,37.8
2016,20152016,81,Elon,CAA,32,16,16,1295,64.4,488,73,176,2086,55.1,116.4,865,1942,44.5,562,1057,53.2,303,885,34.2,396,599,66.1,335,850,1185,411,8,607,1,0,2429,795,387,120,52.3,0.2,28.3,30.8,396,128,204,2082,53.4,115.9,884,1980,44.6,665,1375,48.4,219,605,36.2,426,638,66.8,356,862,1218,377,7,621,7,0,2413,806,382,149,50.2,0.18,29.2,32.2
2016,20152016,82,Evansville,MVC,34,25,9,1390,65.9,595,147,178,2289,58.3,110.4,879,1795,49.0,721,1347,53.5,158,448,35.3,610,843,72.4,260,945,1205,426,9,601,3,0,2526,914,346,152,53.4,0.19,21.6,47.0,406,120,194,2293,50.1,96.9,794,1962,40.5,588,1327,44.3,206,635,32.4,427,580,73.6,314,787,1101,438,21,718,1,0,2221,680,336,70,45.7,0.19,28.5,29.6
2016,20152016,83,Fairfield,MAAC,33,19,14,1385,67.5,503,135,213,2342,55.4,107.7,875,1991,43.9,582,1164,50.0,293,827,35.4,479,650,73.7,298,848,1146,427,4,633,2,0,2522,907,455,297,51.3,0.18,26.0,32.6,454,88,193,2335,53.4,109.0,902,2072,43.5,650,1324,49.1,252,748,33.7,489,706,69.3,438,904,1342,459,15,636,4,0,2545,992,491,202,49.6,0.2,32.6,34.1
2016,20152016,84,Fairleigh Dickinson,NEC,33,18,15,1365,68.4,472,87,250,2332,55.1,109.7,929,2029,45.8,691,1372,50.4,238,657,36.2,462,663,69.7,349,759,1108,423,8,722,4,0,2558,959,524,245,51.7,0.18,31.5,32.7,487,118,209,2339,56.7,111.2,868,1901,45.7,621,1203,51.6,247,698,35.4,617,888,69.5,418,867,1285,510,16,639,3,0,2600,815,431,190,52.2,0.22,32.5,46.7
2016,20152016,85,Florida A&M,MEAC,29,8,21,1230,27.8,309,62,190,855,50.4,217.9,621,1555,39.9,458,1015,45.1,163,540,30.2,395,669,59.0,284,692,976,453,14,542,5,0,1863,280,146,67,45.2,0.53,29.1,43.0,327,84,210,856,55.8,248.6,718,1635,43.9,529,1064,49.7,189,571,33.1,422,616,68.5,316,792,1108,428,17,578,7,0,2128,362,238,79,49.7,0.5,28.5,37.7
2016,20152016,86,Florida Atlantic,CUSA,33,8,25,1335,67.5,385,140,175,2258,51.6,96.9,752,1847,40.7,523,1169,44.7,229,678,33.8,456,624,73.1,282,789,1071,402,9,631,5,0,2189,845,415,190,46.9,0.18,26.3,33.8,418,142,198,2247,54.5,108.8,882,1927,45.8,710,1443,49.2,172,484,35.5,507,715,70.9,373,907,1280,378,6,565,6,1,2445,1150,444,204,50.2,0.17,29.1,37.1
2016,20152016,87,Florida,SEC,36,21,15,1455,69.6,481,153,235,2529,52.2,105.9,930,2184,42.6,672,1375,48.9,258,809,31.9,559,864,64.7,470,967,1437,405,11,700,1,0,2677,318,232,74,48.5,0.16,32.7,39.6,413,125,192,2531,50.8,97.9,868,2109,41.2,635,1430,44.4,233,679,34.3,510,752,67.8,405,959,1364,471,15,732,3,0,2479,246,150,38,46.7,0.19,29.7,35.7
2016,20152016,88,Florida Gulf Coast,ASUN,35,21,14,1485,62.7,483,141,230,2324,55.2,116.3,1008,2106,47.9,822,1579,52.1,186,527,35.3,501,778,64.4,417,1005,1422,438,8,674,1,0,2703,1163,440,184,52.3,0.19,29.3,36.9,415,112,234,2331,50.6,106.1,877,2129,41.2,645,1366,47.2,232,763,30.4,487,713,68.3,388,847,1235,422,9,663,0,0,2473,953,347,176,46.6,0.18,31.4,33.5
2016,20152016,89,Florida International,CUSA,32,13,19,1330,63.1,391,149,162,2099,55.2,108.5,834,1779,46.9,653,1280,51.0,181,499,36.3,428,645,66.4,328,869,1197,414,15,599,7,0,2277,996,324,75,52.0,0.2,27.4,36.3,412,103,190,2097,51.1,106.9,775,1901,40.8,538,1171,45.9,237,730,32.5,455,665,68.4,366,745,1111,319,7,567,2,0,2242,851,460,148,47.0,0.15,32.9,35.0
2016,20152016,90,Florida State,ACC,34,20,14,1375,70.9,453,139,243,2433,55.7,109.0,948,2042,46.4,728,1397,52.1,220,645,34.1,536,771,69.5,389,868,1257,441,4,656,4,0,2652,588,286,193,51.8,0.18,30.9,37.8,447,103,180,2440,54.7,103.1,875,1981,44.2,610,1248,48.9,265,733,36.2,501,728,68.8,342,798,1140,464,6,669,5,0,2516,441,243,108,50.9,0.19,30.0,36.7
2016,20152016,91,Fordham,A-10,31,17,14,1285,66.5,488,121,263,2136,55.1,103.3,782,1744,44.8,539,1042,51.7,243,702,34.6,399,587,68.0,320,739,1059,438,20,610,4,0,2206,800,535,132,51.8,0.21,30.2,33.7,458,91,209,2136,55.7,99.6,728,1622,44.9,515,985,52.3,213,637,33.4,459,652,70.4,272,736,1008,488,9,563,3,0,2128,732,409,136,51.4,0.23,27.0,40.2
2016,20152016,92,Fresno State,Mountain West,35,25,10,1450,64.3,466,138,295,2328,53.0,113.0,926,2126,43.6,707,1488,47.5,219,638,34.3,559,805,69.4,409,884,1293,378,11,764,7,0,2630,662,448,201,48.7,0.16,31.6,37.9,431,108,161,2335,53.6,106.0,812,1929,42.1,560,1168,47.9,252,761,33.1,599,859,69.7,370,905,1275,530,13,700,6,0,2475,600,252,112,48.6,0.23,29.0,44.5
2016,20152016,93,Furman,SoCon,35,19,16,1400,62.1,424,115,216,2167,56.3,114.8,847,1866,45.4,594,1080,55.0,253,786,32.2,540,777,69.5,387,862,1249,472,17,622,1,0,2487,933,432,213,52.2,0.22,31.0,41.6,402,97,230,2177,53.6,107.2,815,1874,43.5,579,1191,48.6,236,683,34.6,467,688,67.9,328,771,1099,449,12,673,3,0,2333,796,447,166,49.8,0.21,29.8,36.7
2016,20152016,94,Gardner-Webb,Big South,33,17,16,1365,61.0,442,113,265,2082,52.7,118.9,871,2041,42.7,595,1232,48.3,276,809,34.1,458,701,65.3,435,823,1258,439,8,666,3,0,2476,780,469,193,49.4,0.21,34.6,34.3,430,103,213,2081,55.4,117.8,840,1887,44.5,600,1195,50.2,240,692,34.7,531,741,71.7,341,875,1216,467,10,609,4,0,2451,808,397,184,50.9,0.22,28.0,39.3
2016,20152016,95,George Mason,A-10,32,11,21,1310,66.5,328,119,92,2180,49.2,98.2,766,1888,40.6,594,1299,45.7,172,589,29.2,436,650,67.1,419,940,1359,407,9,572,3,0,2140,878,233,94,45.1,0.19,30.8,34.4,406,124,175,2178,52.2,106.2,827,1957,42.3,586,1275,46.0,241,682,35.3,418,587,71.2,277,830,1107,223,4,589,0,0,2313,826,404,133,48.4,0.1,25.0,30.0
2016,20152016,96,George Washington,A-10,38,28,10,1540,65.2,535,125,230,2507,55.9,114.7,980,2194,44.7,711,1468,48.4,269,726,37.1,646,858,75.3,453,989,1442,426,8,622,6,0,2875,846,409,159,50.8,0.17,31.4,39.1,443,135,221,2512,52.2,103.6,953,2228,42.8,691,1433,48.2,262,795,33.0,434,601,72.2,383,862,1245,451,10,771,4,0,2602,806,322,151,48.7,0.18,30.8,27.0
2016,20152016,97,Georgetown,Big East,33,15,18,1355,63.4,492,146,180,2150,56.0,113.0,820,1858,44.1,559,1088,51.4,261,770,33.9,529,704,75.1,316,865,1181,442,19,755,8,0,2430,156,64,22,51.2,0.21,26.8,37.9,408,90,205,2146,52.9,110.4,758,1839,41.2,559,1268,44.1,199,571,34.9,655,907,72.2,343,800,1143,376,17,637,9,0,2370,170,103,30,46.6,0.18,30.0,49.3
2016,20152016,98,Georgia,SEC,34,20,14,1390,67.0,424,174,164,2327,53.3,103.2,799,1891,42.3,579,1293,44.8,220,598,36.8,583,823,70.8,394,926,1320,448,20,704,6,0,2401,176,146,46,48.1,0.19,29.8,43.5,385,131,213,2332,50.7,101.6,770,1977,38.9,511,1193,42.8,259,784,33.0,570,813,70.1,392,823,1215,365,9,713,5,0,2369,206,132,20,45.5,0.16,32.3,41.1
2016,20152016,99,Georgia Southern,Sun Belt,31,14,17,1270,62.7,344,73,232,1994,52.9,118.0,781,1903,41.0,499,1069,46.7,282,834,33.8,509,728,69.9,374,757,1131,359,10,691,3,0,2353,596,401,117,48.4,0.18,33.1,38.3,379,127,148,1987,54.9,116.1,770,1763,43.7,535,1050,51.0,235,713,33.0,532,769,69.2,374,858,1232,464,10,600,7,0,2307,640,305,138,50.3,0.23,30.4,43.6
2016,20152016,100,Georgia State,Sun Belt,30,16,14,1260,62.8,352,91,200,1976,53.0,99.7,705,1597,44.1,556,1161,47.9,149,436,34.2,412,598,68.9,243,682,925,350,7,579,1,0,1971,758,437,184,48.8,0.18,26.3,37.4,373,92,158,1981,52.9,98.4,638,1559,40.9,433,920,47.1,205,639,32.1,469,646,72.6,307,740,1047,426,24,545,2,0,1950,642,346,126,47.5,0.22,29.3,41.4
2016,20152016,101,Georgia Tech,ACC,36,21,15,1455,66.0,487,151,158,2400,53.8,109.9,965,2150,44.9,752,1553,48.4,213,597,35.7,492,681,72.2,470,927,1397,403,18,643,1,0,2637,532,240,168,49.8,0.17,33.6,31.7,436,98,169,2400,53.0,106.0,931,2108,44.2,725,1464,49.5,206,644,32.0,477,667,71.5,347,783,1130,353,7,638,3,0,2545,548,218,158,49.1,0.15,30.7,31.6
2016,20152016,102,Gonzaga,WCC,36,28,8,1455,67.4,502,111,185,2446,59.3,116.1,1011,2082,48.6,730,1343,54.4,281,739,38.0,537,708,75.8,382,1044,1426,418,15,623,3,0,2840,502,191,56,55.3,0.17,26.8,34.0,371,107,210,2455,48.5,96.1,859,2167,39.6,645,1450,44.5,214,717,29.8,428,610,70.2,365,793,1158,375,12,703,5,0,2360,440,176,63,44.6,0.15,31.5,28.1
2016,20152016,103,Grambling,SWAC,31,7,24,1270,21.4,301,58,209,678,50.1,283.8,658,1609,40.9,506,1053,48.1,152,556,27.3,456,705,64.7,283,732,1015,444,19,615,5,0,1924,140,93,39,45.6,0.65,27.9,43.8,399,117,204,678,53.0,311.2,727,1692,43.0,522,1065,49.0,205,627,32.7,451,677,66.6,331,790,1121,426,9,573,2,0,2110,194,149,64,49.0,0.63,29.5,40.0
2016,20152016,104,Grand Canyon,WAC,34,27,7,1375,61.1,504,90,209,2099,55.0,123.0,896,1979,45.3,686,1396,49.1,210,583,36.0,579,835,69.3,399,902,1301,407,3,624,4,0,2581,964,438,148,50.6,0.19,30.7,42.2,368,130,206,2104,51.8,110.1,822,1938,42.4,596,1236,48.2,226,702,32.2,446,675,66.1,337,832,1169,460,14,744,2,0,2316,756,380,156,48.2,0.22,28.8,34.8
2016,20152016,105,Green Bay,Horizon,36,23,13,1485,71.4,501,166,358,2649,53.9,113.7,1048,2350,44.6,793,1620,49.0,255,730,34.9,662,1007,65.7,458,927,1385,441,10,724,7,0,3013,1154,597,344,50.0,0.17,33.1,42.9,512,162,215,2655,55.2,108.5,1013,2255,44.9,735,1490,49.3,278,765,36.3,576,807,71.4,433,1025,1458,610,4,790,6,0,2880,1013,411,245,51.1,0.23,29.7,35.8
2016,20152016,106,Hampton,MEAC,32,21,11,1345,53.5,381,117,169,1800,50.8,131.3,810,1967,41.2,604,1289,46.9,206,678,30.4,537,815,65.9,446,876,1322,440,13,649,8,0,2363,576,291,120,46.4,0.24,33.7,41.4,348,133,183,1800,52.9,131.7,826,1932,42.8,611,1292,47.3,215,640,33.6,503,696,72.3,325,844,1169,393,7,688,8,0,2370,576,297,110,48.3,0.22,27.8,36.0
2016,20152016,107,Harvard,Ivy,30,14,16,1215,61.2,452,150,150,1859,53.2,107.6,734,1649,44.5,514,1080,47.6,220,569,38.7,313,525,59.6,318,800,1118,436,18,538,0,0,2001,604,278,61,51.2,0.23,28.4,31.8,364,76,217,1861,50.4,106.7,699,1720,40.6,513,1111,46.2,186,609,30.5,401,563,71.2,307,719,1026,346,11,546,0,0,1985,608,350,95,46.0,0.19,29.9,32.7
2016,20152016,108,Hawai'i,Big West,34,28,6,1375,66.4,525,124,257,2286,56.2,114.6,893,1947,45.9,656,1210,54.2,237,737,32.2,597,873,68.4,362,909,1271,443,22,695,10,0,2620,836,493,126,52.0,0.19,28.5,44.8,366,91,198,2281,50.6,99.4,764,1910,40.0,561,1241,45.2,203,669,30.3,536,748,71.7,325,799,1124,499,10,771,13,0,2267,684,410,97,45.3,0.22,28.9,39.2
2016,20152016,109,High Point,Big South,32,21,11,1310,66.5,493,94,256,2174,57.5,113.8,884,1852,47.7,697,1365,51.1,187,487,38.4,518,680,76.2,337,737,1074,341,3,559,2,1,2473,982,522,225,52.8,0.16,31.4,36.7,381,110,168,2182,55.4,103.5,811,1787,45.4,577,1108,52.1,234,679,34.5,402,573,70.2,337,723,1060,466,7,606,2,0,2258,752,314,115,51.9,0.21,31.8,32.1
2016,20152016,110,Hofstra,CAA,34,24,10,1430,62.0,510,108,215,2212,55.6,121.2,914,2050,44.6,625,1238,50.5,289,812,35.6,564,818,68.9,402,925,1327,406,7,542,4,0,2681,950,387,162,51.6,0.18,30.3,39.9,491,119,187,2221,52.1,113.0,952,2182,43.6,692,1439,48.1,260,743,35.0,345,514,67.1,392,861,1253,404,11,686,3,0,2509,930,391,117,49.6,0.18,31.3,23.6
2016,20152016,111,Holy Cross,Patriot,35,15,20,1465,55.6,479,86,219,2036,52.0,111.3,775,1880,41.2,524,1111,47.2,251,769,32.6,466,678,68.7,279,772,1051,386,15,585,3,0,2267,659,362,87,47.9,0.19,26.5,36.1,501,108,187,2040,56.9,119.9,859,1872,45.9,586,1108,52.9,273,764,35.7,454,626,72.5,325,929,1254,450,11,651,2,0,2445,657,284,79,53.2,0.22,25.9,33.4
2016,20152016,112,Houston Christian,Southland,34,17,17,1360,67.8,475,135,184,2305,57.3,113.0,899,1904,47.2,695,1343,51.7,204,561,36.4,602,839,71.8,351,896,1247,502,14,646,16,0,2604,982,419,129,52.6,0.22,28.1,44.1,506,127,234,2304,53.6,112.1,908,2089,43.5,663,1406,47.2,245,683,35.9,521,723,72.1,392,802,1194,425,3,746,6,0,2582,877,474,134,49.3,0.18,32.8,34.6
2016,20152016,113,Houston,American,32,22,10,1335,59.8,412,122,191,1997,55.8,124.0,897,1926,46.6,682,1308,52.1,215,618,34.8,467,662,70.5,410,792,1202,333,9,608,6,0,2476,358,198,95,52.2,0.17,34.1,34.4,380,112,162,1994,51.8,111.1,776,1845,42.1,581,1202,48.3,195,643,30.3,469,665,70.5,395,736,1131,397,10,598,4,0,2216,308,154,49,47.3,0.2,34.9,36.0
2016,20152016,114,Howard,MEAC,32,12,20,1320,26.2,275,102,200,865,51.4,267.2,750,1846,40.6,606,1360,44.6,144,486,29.6,667,914,73.0,403,815,1218,477,12,634,8,0,2311,238,149,28,44.5,0.55,33.1,49.5,421,111,180,866,52.7,280.9,844,1984,42.5,602,1261,47.7,242,723,33.5,503,739,68.1,440,812,1252,447,5,712,8,0,2433,286,199,78,48.6,0.52,35.1,37.2
2016,20152016,115,IU Indianapolis,Summit,32,13,19,1310,61.6,355,81,213,2019,51.3,108.0,785,1858,42.2,602,1309,46.0,183,549,33.3,428,607,70.5,321,784,1105,426,10,651,4,0,2181,754,372,129,47.2,0.21,29.0,32.7,384,142,239,2019,55.1,117.0,843,1836,45.9,657,1284,51.2,186,552,33.7,490,697,70.3,309,838,1147,405,12,566,3,0,2362,832,372,162,51.0,0.2,26.9,38.0
2016,20152016,116,Idaho State,Big Sky,31,16,15,1240,66.9,380,90,226,2071,55.3,110.9,769,1767,43.5,519,1080,48.1,250,687,36.4,509,700,72.7,284,794,1078,409,7,587,3,0,2297,713,420,153,50.6,0.2,26.3,39.6,441,110,188,2078,55.0,113.4,832,1859,44.8,585,1121,52.2,247,738,33.5,446,648,68.8,334,831,1165,398,3,606,6,0,2357,789,414,111,51.4,0.19,28.7,34.9
2016,20152016,117,Idaho,Big Sky,34,21,13,1375,58.6,428,88,178,2016,55.1,117.7,800,1811,44.2,577,1220,47.3,223,591,37.7,549,774,70.9,387,869,1256,506,14,735,5,0,2372,745,405,91,50.3,0.25,30.8,42.7,414,101,247,2013,53.2,111.8,747,1799,41.5,477,995,47.9,270,804,33.6,487,723,67.4,293,719,1012,441,24,710,6,0,2251,634,411,106,49.0,0.22,29.0,40.2
2016,20152016,118,Illinois,Big Ten,34,15,19,1435,66.0,462,65,199,2367,54.2,103.6,861,1993,43.2,584,1229,47.5,277,764,36.3,453,607,74.6,258,818,1076,357,15,586,2,0,2452,370,308,70,50.2,0.15,24.0,30.5,503,124,169,2372,56.5,107.2,930,2013,46.2,632,1240,51.0,298,773,38.6,384,534,71.9,320,942,1262,454,17,613,5,0,2542,440,226,63,53.6,0.19,25.4,26.5
2016,20152016,119,Illinois State,MVC,32,18,14,1295,62.8,391,111,201,2032,53.2,105.8,739,1770,41.8,507,1080,46.9,232,690,33.6,379,566,67.0,332,776,1108,395,10,595,3,0,2149,692,366,189,48.3,0.19,30.0,32.0,382,85,189,2034,53.8,103.9,711,1696,41.9,508,1067,47.6,203,629,32.3,418,611,68.4,301,782,1083,422,21,567,2,0,2114,634,314,111,47.9,0.21,27.8,36.0
2016,20152016,120,Incarnate Word,Southland,29,17,12,1175,65.2,428,75,200,1912,55.7,112.2,718,1653,43.4,484,1031,46.9,234,622,37.6,475,620,76.6,232,742,974,368,6,539,4,0,2145,594,352,126,50.5,0.19,23.8,37.5,419,115,184,1916,55.1,111.7,769,1678,45.8,561,1104,50.8,208,574,36.2,394,603,65.3,290,779,1069,390,8,597,11,0,2140,699,400,139,52.0,0.2,27.1,35.9
2016,20152016,121,Indiana,Big Ten,35,27,8,1415,68.3,560,137,239,2412,61.8,119.9,1021,2034,50.2,676,1204,56.1,345,830,41.6,504,689,73.1,414,874,1288,474,16,647,3,0,2891,427,170,75,58.7,0.2,32.1,33.9,423,106,215,2417,53.0,101.2,905,2037,44.4,687,1401,49.0,218,636,34.3,419,615,68.1,361,698,1059,458,17,668,3,0,2447,318,147,48,49.8,0.19,34.1,30.2
2016,20152016,122,Indiana State,MVC,32,15,17,1315,66.8,341,86,185,2203,50.3,98.5,715,1822,39.2,505,1130,44.7,210,692,30.3,530,765,69.3,343,871,1214,422,10,688,1,0,2170,681,352,155,45.0,0.19,28.3,42.0,351,107,195,2192,52.0,101.4,745,1792,41.6,553,1198,46.2,192,594,32.3,540,779,69.3,296,897,1193,402,13,660,5,0,2222,710,402,145,46.9,0.18,24.8,43.5
2016,20152016,123,Iona,MAAC,33,22,11,1335,71.7,551,135,248,2387,57.2,110.1,919,2011,45.7,592,1127,52.5,327,884,37.0,463,651,71.1,348,870,1218,422,7,642,8,0,2628,816,470,249,53.8,0.18,28.6,32.4,451,97,193,2397,53.0,102.3,844,1993,42.3,587,1275,46.0,257,718,35.8,506,724,69.9,390,844,1234,461,10,607,9,0,2451,808,338,141,48.8,0.19,31.6,36.3
2016,20152016,124,Iowa,Big Ten,33,22,11,1350,68.1,523,156,223,2294,55.2,111.6,906,2027,44.7,637,1308,48.7,269,719,37.4,480,669,71.7,392,865,1257,339,13,538,2,0,2561,370,176,102,51.3,0.15,31.2,33.0,454,99,176,2302,51.0,99.3,850,2021,42.1,608,1249,48.7,242,772,31.3,345,505,68.3,394,835,1229,432,18,644,3,0,2287,354,104,51,48.0,0.19,32.1,25.0
2016,20152016,125,Iowa State,Big 12,35,23,12,1445,67.4,577,142,218,2434,59.5,117.6,1087,2159,50.3,794,1401,56.7,293,758,38.7,395,563,70.2,304,940,1244,398,6,543,2,0,2862,275,217,69,57.1,0.16,24.4,26.1,499,100,194,2435,52.6,107.8,986,2250,43.8,718,1450,49.5,268,800,33.5,385,560,68.8,405,855,1260,426,14,553,6,0,2625,216,143,31,49.8,0.17,32.1,24.9
2016,20152016,126,Jackson State,SWAC,36,20,16,1505,28.4,445,131,279,1069,49.1,229.7,898,2208,40.7,655,1427,45.9,243,781,31.1,416,659,63.1,474,943,1417,446,8,771,1,0,2455,359,199,57,46.2,0.42,33.5,29.8,391,134,214,1069,50.7,220.0,751,1918,39.2,542,1236,43.9,209,682,30.6,641,909,70.5,362,977,1339,522,10,651,3,0,2352,322,206,83,44.6,0.49,27.0,47.4
2016,20152016,127,Jacksonville,ASUN,32,16,16,1310,68.5,402,85,207,2241,53.9,109.1,866,1985,43.6,588,1270,46.3,278,715,38.9,434,640,67.8,339,879,1218,366,5,592,3,0,2444,732,403,171,50.6,0.16,27.8,32.2,456,101,157,2248,55.0,108.1,862,1931,44.6,574,1119,51.3,288,812,35.5,419,633,66.2,305,895,1200,413,10,596,3,0,2431,837,366,123,52.1,0.18,25.4,32.8
2016,20152016,128,Jacksonville State,OVC,31,8,23,1255,55.6,364,93,153,1745,52.9,120.3,701,1742,40.2,464,1051,44.1,237,691,34.3,409,555,73.7,306,660,966,317,10,598,4,0,2100,534,315,85,47.0,0.18,31.7,31.9,369,79,132,1741,57.7,128.3,760,1631,46.6,586,1104,53.1,174,527,33.0,478,692,69.1,326,804,1130,374,15,558,4,0,2234,756,300,72,51.9,0.21,28.8,42.4
2016,20152016,129,James Madison,CAA,32,21,11,1335,62.0,406,97,139,2067,56.0,116.4,830,1848,44.9,552,1074,51.4,278,774,35.9,467,682,68.5,335,912,1247,380,10,612,8,0,2405,810,358,144,52.4,0.18,26.9,36.9,386,75,181,2070,50.5,106.1,742,1874,39.6,511,1078,47.4,231,796,29.0,482,684,70.5,332,804,1136,344,7,623,4,0,2197,738,378,123,45.8,0.17,29.2,36.5
2016,20152016,130,Kansas City,WAC,31,12,19,1255,61.5,350,98,181,1931,53.0,111.4,746,1738,42.9,533,1150,46.3,213,588,36.2,447,663,67.4,356,728,1084,415,16,652,2,0,2152,708,370,117,49.1,0.21,32.8,38.1,426,116,178,1930,55.1,116.1,734,1703,43.1,511,1054,48.5,223,649,34.4,549,747,73.5,332,734,1066,378,11,616,2,0,2240,580,408,117,49.6,0.2,31.1,43.9
2016,20152016,131,Kansas,Big 12,38,33,5,1560,68.5,604,158,253,2671,59.9,115.6,1092,2207,49.5,788,1479,53.3,304,728,41.8,601,843,71.3,402,1041,1443,478,12,720,7,0,3089,102,120,0,56.4,0.18,27.9,38.2,413,125,248,2670,50.2,96.3,873,2200,39.7,640,1474,43.4,233,726,32.1,591,816,72.4,399,835,1234,494,26,780,13,0,2570,72,78,0,45.0,0.19,32.3,37.1
2016,20152016,132,Kansas State,Big 12,33,17,16,1375,65.6,458,91,249,2256,52.4,103.5,805,1876,42.9,630,1293,48.7,175,583,30.0,549,798,68.8,437,766,1203,460,11,659,4,0,2334,402,225,96,47.6,0.2,36.3,42.5,448,134,226,2257,53.4,99.7,776,1789,43.4,575,1140,50.4,201,649,31.0,498,723,68.9,344,745,1089,473,13,706,10,0,2251,272,183,56,49.0,0.21,31.6,40.4
2016,20152016,133,Kennesaw State,ASUN,31,11,20,1255,58.3,379,99,216,1835,53.3,122.0,811,1825,44.4,632,1318,48.0,179,507,35.3,438,625,70.1,322,718,1040,405,12,607,4,0,2239,678,282,177,49.3,0.22,31.0,34.2,415,102,209,1825,56.2,131.5,857,1834,46.7,641,1190,53.9,216,644,33.5,469,684,68.6,377,791,1168,400,9,589,2,0,2399,804,381,168,52.6,0.22,32.3,37.3
2016,20152016,134,Kent State,MAC,32,19,13,1310,63.1,373,107,170,2069,53.7,114.1,834,1871,44.6,649,1307,49.7,185,564,32.8,508,744,68.3,405,799,1204,380,3,581,11,0,2361,936,380,170,49.5,0.18,33.6,39.8,436,91,172,2062,55.0,112.4,810,1827,44.3,580,1186,48.9,230,641,35.9,467,631,74.0,308,767,1075,375,1,659,4,0,2317,710,343,183,50.6,0.18,28.7,34.5
2016,20152016,135,Kentucky,SEC,36,27,9,1485,66.4,512,207,206,2466,57.1,116.0,1028,2149,47.8,784,1483,52.9,244,666,36.6,561,813,69.0,462,934,1396,402,17,737,16,0,2861,0,77,0,53.5,0.16,33.1,37.8,334,111,156,2467,49.9,99.4,827,2082,39.7,626,1466,42.7,201,616,32.6,596,849,70.2,438,771,1209,447,15,713,12,0,2451,0,69,0,44.5,0.18,36.2,40.8
2016,20152016,136,LSU,SEC,33,19,14,1350,69.5,507,90,263,2347,55.0,110.9,915,1990,46.0,712,1370,52.0,203,620,32.7,569,856,66.5,368,862,1230,394,9,610,5,0,2602,0,52,0,51.1,0.17,29.9,43.0,442,109,196,2347,54.9,108.4,915,2021,45.3,653,1272,51.3,262,749,35.0,451,675,66.8,367,867,1234,456,14,689,3,0,2543,28,23,0,51.8,0.19,29.7,33.4
2016,20152016,137,La Salle,A-10,31,9,22,1240,60.7,388,92,217,1883,51.3,105.5,690,1707,40.4,431,945,45.6,259,762,34.0,348,520,66.9,274,683,957,398,18,539,0,0,1987,610,315,123,48.0,0.21,28.6,30.5,466,121,180,1879,56.5,121.3,802,1749,45.9,568,1123,50.6,234,626,37.4,441,608,72.5,353,820,1173,403,14,507,3,0,2279,786,375,114,52.5,0.21,30.1,34.8
2016,20152016,138,Lafayette,Patriot,30,6,24,1295,59.4,416,68,171,1926,54.0,111.2,758,1741,43.5,513,1070,47.9,245,671,36.5,381,551,69.1,242,714,956,391,9,588,2,0,2142,617,304,107,50.6,0.2,25.3,31.6,450,98,191,1919,56.8,125.7,853,1839,46.4,614,1170,52.5,239,669,35.7,467,645,72.4,350,841,1191,359,11,561,2,0,2412,836,431,161,52.9,0.19,29.4,35.1
2016,20152016,139,Lamar,Southland,30,11,19,1200,65.9,425,116,225,1976,52.3,114.5,771,1821,42.3,574,1204,47.7,197,617,31.9,524,781,67.1,415,758,1173,439,9,699,5,0,2263,775,423,150,47.7,0.22,35.4,42.9,468,101,201,1977,55.4,116.8,773,1734,44.6,569,1133,50.2,204,601,33.9,559,796,70.2,345,778,1123,441,13,642,4,0,2310,826,425,233,50.5,0.22,30.7,45.9
2016,20152016,141,Lehigh,Patriot,32,17,15,1280,67.1,477,103,214,2146,56.0,105.7,810,1777,45.6,573,1173,48.8,237,604,39.2,411,565,72.7,307,788,1095,416,7,549,2,0,2268,804,415,177,52.3,0.19,28.0,31.8,475,115,191,2147,53.9,102.9,795,1825,43.6,541,1120,48.3,254,705,36.0,366,513,71.3,323,733,1056,399,10,553,0,0,2210,798,414,137,50.5,0.19,30.6,28.1
2016,20152016,142,Liberty,Big South,32,13,19,1280,62.8,419,44,178,2013,56.4,102.8,738,1644,44.9,455,870,52.3,283,774,36.6,311,434,71.7,214,729,943,442,11,638,3,0,2070,704,357,73,53.5,0.22,22.7,26.4,399,67,219,2005,56.3,109.1,747,1637,45.6,532,1034,51.5,215,603,35.7,479,693,69.1,282,760,1042,388,6,529,5,0,2188,850,459,124,52.2,0.19,27.1,42.3
2016,20152016,143,Lipscomb,ASUN,33,12,21,1370,49.5,548,98,208,1699,55.8,152.4,888,2017,44.0,557,1096,50.8,331,921,35.9,483,695,69.5,335,867,1202,458,4,630,4,0,2590,562,335,96,52.2,0.27,27.9,34.5,527,125,222,1691,56.5,159.0,922,2057,44.8,617,1232,50.1,305,825,37.0,540,735,73.5,374,900,1274,442,15,653,9,0,2689,563,361,107,52.2,0.26,29.4,35.7
2016,20152016,144,Little Rock,Sun Belt,35,30,5,1435,56.1,451,106,230,2011,55.8,123.7,886,1958,45.3,620,1265,49.0,266,693,38.4,449,616,72.9,324,870,1194,364,21,637,2,0,2487,748,468,124,52.0,0.18,27.1,31.5,377,96,140,2016,50.1,105.6,720,1825,39.5,494,1104,44.7,226,721,31.3,463,677,68.4,353,843,1196,488,13,609,5,0,2129,614,284,89,45.6,0.24,29.5,37.1
2016,20152016,145,Long Beach State,Big West,35,20,15,1435,46.0,532,90,226,1647,54.0,158.7,896,2077,43.1,609,1294,47.1,287,783,36.7,534,776,68.8,371,881,1252,430,15,723,3,0,2613,474,215,93,50.0,0.26,29.6,37.4,489,128,188,1650,54.4,155.6,890,2016,44.1,632,1272,49.7,258,744,34.7,530,779,68.0,384,952,1336,499,15,717,5,0,2568,500,199,78,50.5,0.3,28.7,38.6
2016,20152016,146,Long Island University,NEC,29,15,14,1205,66.2,406,85,227,1994,52.9,111.0,757,1770,42.8,584,1194,48.9,173,576,30.0,526,730,72.1,362,741,1103,399,4,614,4,0,2213,725,434,142,47.7,0.2,32.8,41.2,438,95,170,1995,55.3,111.7,778,1724,45.1,569,1170,48.6,209,554,37.7,463,665,69.6,323,763,1086,432,18,644,7,0,2229,670,373,149,51.2,0.22,29.7,38.6
2016,20152016,147,Longwood,Big South,33,10,23,1340,67.0,421,91,205,2247,55.0,106.7,860,1899,45.3,633,1249,50.7,227,650,34.9,450,636,70.8,350,843,1193,474,11,623,5,0,2397,958,407,143,51.3,0.21,29.3,33.5,487,92,238,2242,56.7,111.6,853,1911,44.6,547,1092,50.1,306,819,37.4,491,674,72.8,322,797,1119,408,10,623,2,0,2503,722,491,128,52.6,0.18,28.8,35.3
2016,20152016,148,Louisiana,Sun Belt,34,19,15,1390,63.3,433,123,218,2204,54.3,122.8,931,2099,44.4,709,1383,51.3,222,716,31.0,622,891,69.8,485,925,1410,425,6,637,13,0,2706,1062,416,176,49.6,0.19,34.4,42.4,372,126,191,2195,53.0,112.8,876,2016,43.5,657,1412,46.5,219,604,36.3,505,722,69.9,329,804,1133,408,6,757,10,1,2476,954,445,172,48.9,0.19,29.0,35.8
2016,20152016,149,Louisiana Tech,CUSA,33,23,10,1385,69.3,463,142,247,2395,55.4,109.6,915,1998,45.8,681,1294,52.6,234,704,33.2,560,842,66.5,358,899,1257,412,8,597,12,0,2624,1038,503,271,51.7,0.17,28.5,42.1,440,103,190,2404,51.8,99.6,863,2017,42.8,653,1347,48.5,210,670,31.3,459,673,68.2,364,885,1249,481,23,684,6,0,2395,1004,383,157,48.0,0.2,29.1,33.4
2016,20152016,150,Louisville,ACC,31,23,8,1240,65.4,419,149,222,2028,55.2,114.6,866,1847,46.9,680,1311,51.9,186,536,34.7,406,588,69.0,415,768,1183,353,3,597,4,0,2324,306,206,77,51.9,0.17,35.1,31.8,325,90,169,2024,49.8,93.6,631,1616,39.0,448,1046,42.8,183,570,32.1,450,654,68.8,317,663,980,445,19,556,3,0,1895,140,115,23,44.7,0.22,32.3,40.5
2016,20152016,151,Loyola Chicago,MVC,32,15,17,1315,62.5,370,90,189,2053,52.8,100.3,725,1700,42.6,529,1135,46.6,196,565,34.7,413,565,73.1,246,732,978,405,18,584,2,0,2059,736,438,201,48.4,0.2,25.2,33.2,403,122,188,2056,53.7,101.3,726,1676,43.3,528,1108,47.7,198,568,34.9,432,598,72.2,317,810,1127,476,24,587,2,0,2082,738,331,121,49.2,0.23,28.1,35.7
2016,20152016,152,Loyola Maryland,Patriot,30,9,21,1280,64.3,337,102,162,2056,52.5,101.7,732,1702,43.0,571,1172,48.7,161,530,30.4,465,653,71.2,334,720,1054,392,22,649,3,0,2090,825,365,136,47.7,0.19,31.7,38.4,420,130,181,2058,56.1,109.8,784,1707,45.9,576,1148,50.2,208,559,37.2,484,698,69.3,318,730,1048,353,8,571,3,0,2260,811,421,171,52.0,0.17,30.3,40.9
2016,20152016,153,Loyola Marymount,WCC,31,14,17,1305,63.8,482,90,211,2082,51.6,106.1,796,1903,41.8,569,1234,46.1,227,669,33.9,389,536,72.6,349,698,1047,352,11,631,2,0,2208,684,391,131,47.8,0.17,33.3,28.2,499,108,169,2084,57.9,111.3,775,1686,46.0,525,1019,51.5,250,667,37.5,519,717,72.4,324,832,1156,437,12,572,2,0,2319,656,360,139,53.4,0.21,28.0,42.5
2016,20152016,154,Maine,Am. East,30,8,22,1245,73.4,433,90,249,2287,52.3,99.7,825,1909,43.2,597,1236,48.3,228,673,33.9,401,611,65.6,337,717,1054,491,3,638,1,0,2279,750,439,184,49.2,0.21,32.0,32.0,535,142,252,2285,59.4,114.0,934,1880,49.7,715,1287,55.6,219,593,36.9,519,714,72.7,342,870,1212,497,10,590,1,0,2606,946,545,200,55.5,0.22,28.2,38.0
2016,20152016,155,Manhattan,MAAC,31,13,18,1265,64.1,436,71,238,2025,55.2,105.3,708,1644,43.1,476,1001,47.6,232,643,36.1,485,655,74.0,242,674,916,442,10,672,11,0,2133,705,452,106,50.1,0.22,26.4,39.8,464,104,202,2027,57.2,111.9,769,1643,46.8,593,1120,52.9,176,523,33.7,554,769,72.0,324,789,1113,491,9,628,8,0,2268,852,445,108,52.2,0.24,29.1,46.8
2016,20152016,156,Marist,MAAC,30,7,23,1240,65.1,350,81,138,2020,54.1,106.2,723,1713,42.2,475,987,48.1,248,726,34.2,451,615,73.3,261,714,975,364,3,587,2,0,2145,698,334,99,49.4,0.18,26.8,35.9,448,88,192,2016,57.2,117.1,833,1776,46.9,595,1153,51.6,238,623,38.2,456,650,70.2,336,814,1150,355,5,581,0,0,2360,856,416,155,53.6,0.18,29.2,36.6
2016,20152016,157,Marquette,Big East,33,20,13,1370,68.3,533,137,258,2340,56.6,107.6,884,1888,46.8,690,1316,52.4,194,572,33.9,555,764,72.6,311,869,1180,485,11,621,8,0,2517,596,379,229,52.0,0.21,26.4,40.5,534,108,231,2337,52.6,104.7,886,2073,42.7,640,1355,47.2,246,718,34.3,430,580,74.1,385,796,1181,462,10,674,3,0,2448,508,362,205,48.7,0.2,32.6,28.0
2016,20152016,158,Marshall,CUSA,33,17,16,1350,69.1,554,103,226,2331,57.2,121.8,1017,2183,46.6,685,1198,57.2,332,985,33.7,472,681,69.3,341,889,1230,424,3,638,7,0,2838,1078,467,204,54.2,0.18,27.7,31.2,454,85,217,2332,56.0,120.1,1009,2160,46.7,768,1516,50.7,241,644,37.4,542,776,69.8,397,942,1339,441,13,608,9,0,2801,1125,403,144,52.3,0.19,29.6,35.9
2016,20152016,159,Maryland Eastern Shore,MEAC,32,10,22,1315,33.8,403,72,188,1108,54.4,196.6,759,1715,44.3,558,1105,50.5,201,610,33.0,459,648,70.8,337,740,1077,512,14,692,6,0,2178,299,153,52,50.1,0.46,31.3,37.8,438,110,213,1113,57.6,215.5,790,1713,46.1,557,1052,52.9,233,661,35.2,586,837,70.0,306,713,1019,412,8,571,1,0,2399,369,215,92,52.9,0.37,30.0,48.9
2016,20152016,160,Maryland,Big Ten,36,27,9,1455,66.4,491,194,209,2415,60.0,112.8,943,1942,48.6,676,1203,56.2,267,739,36.1,572,745,76.8,319,946,1265,458,15,606,9,0,2725,150,108,33,55.4,0.19,25.2,38.4,410,98,219,2414,50.0,99.4,874,2147,40.7,634,1397,45.4,240,750,32.0,412,579,71.2,403,768,1171,401,23,668,10,0,2400,144,115,18,46.3,0.17,34.4,27.0
2016,20152016,161,Massachusetts,A-10,32,14,18,1340,66.7,443,113,207,2232,53.3,105.4,817,1903,42.9,583,1194,48.8,234,709,33.0,485,694,69.9,307,834,1141,409,11,668,7,1,2353,832,381,214,49.1,0.18,26.9,36.5,469,110,184,2234,53.5,108.6,823,1928,42.7,608,1241,49.0,215,687,31.3,566,776,72.9,365,877,1242,398,8,607,3,0,2427,796,388,130,48.3,0.18,29.4,40.2
2016,20152016,162,McNeese,Southland,29,9,20,1225,65.7,331,126,171,2019,51.3,103.2,719,1752,41.0,514,1135,45.3,205,617,33.2,440,629,70.0,321,724,1045,370,6,583,4,1,2083,648,329,122,46.9,0.18,30.7,35.9,452,95,183,2005,55.4,114.8,822,1785,46.1,616,1234,49.9,206,551,37.4,451,662,68.1,357,807,1164,337,3,521,8,0,2301,937,391,151,51.8,0.17,30.7,37.1
2016,20152016,163,Memphis,American,34,19,15,1390,71.9,510,185,261,2504,51.7,104.0,877,2124,41.3,671,1489,45.1,206,635,32.4,643,890,72.2,437,939,1376,412,5,681,11,1,2603,548,313,210,46.1,0.16,31.8,41.9,431,163,229,2496,49.6,95.8,825,2062,40.0,622,1396,44.6,203,666,30.5,537,791,67.9,396,908,1304,477,18,722,10,0,2390,346,202,114,44.9,0.19,30.4,38.4
2016,20152016,164,Mercer,SoCon,34,19,15,1440,61.5,509,85,174,2206,54.2,110.9,871,1958,44.5,661,1346,49.1,210,612,34.3,494,676,73.1,436,927,1363,431,9,590,4,0,2446,894,407,137,49.8,0.2,32.0,34.5,455,139,224,2221,52.3,105.3,786,1954,40.2,479,1082,44.3,307,872,35.2,460,640,71.9,339,738,1077,372,10,630,2,0,2339,664,385,180,48.1,0.17,31.5,32.8
2016,20152016,167,Miami (OH),MAC,33,13,20,1320,65.3,336,72,218,2157,50.6,96.8,719,1781,40.4,541,1199,45.1,178,582,30.6,471,646,72.9,326,742,1068,402,14,619,5,0,2089,796,425,139,45.4,0.19,30.5,36.3,422,101,175,2152,55.9,104.5,748,1724,43.4,487,994,49.0,261,730,35.8,492,656,75.0,330,829,1159,461,7,635,7,0,2249,798,414,132,51.0,0.21,28.5,38.1
2016,20152016,168,Miami,ACC,35,27,8,1415,65.5,438,127,215,2313,58.9,113.8,907,1895,47.9,666,1252,53.2,241,643,37.5,578,772,74.9,330,869,1199,383,11,582,7,0,2633,230,135,29,54.2,0.17,27.5,40.7,398,87,185,2322,52.1,101.6,865,2008,43.1,655,1397,46.9,210,611,34.4,419,584,71.7,363,766,1129,404,18,669,4,0,2359,172,87,16,48.3,0.17,32.2,29.1
2016,20152016,169,Michigan State,Big Ten,35,29,6,1430,65.7,719,177,156,2344,59.4,119.2,1009,2078,48.6,688,1339,51.4,321,739,43.4,454,623,72.9,427,1027,1454,416,16,671,6,0,2793,124,65,21,56.3,0.18,29.4,30.0,377,115,187,2355,48.2,95.3,774,2025,38.2,570,1367,41.7,204,658,31.0,493,690,71.4,330,725,1055,335,15,610,7,0,2245,62,25,0,43.3,0.14,31.3,34.1
2016,20152016,170,Michigan,Big Ten,36,23,13,1455,65.0,537,81,203,2365,57.8,112.3,947,2048,46.2,605,1147,52.7,342,901,38.0,420,569,73.8,290,862,1152,348,20,558,0,0,2656,392,209,76,54.6,0.15,25.2,27.8,471,114,146,2361,54.4,102.8,894,1995,44.8,643,1270,50.6,251,725,34.6,387,534,72.5,311,880,1191,433,11,580,3,0,2426,392,147,19,51.1,0.18,26.1,26.8
2016,20152016,171,Middle Tennessee,CUSA,35,25,10,1415,66.5,455,123,215,2357,54.2,107.7,909,2025,44.9,630,1309,48.1,279,716,39.0,442,718,61.6,369,914,1283,419,17,702,7,0,2539,911,480,135,51.8,0.18,28.8,35.5,419,101,206,2349,53.5,102.6,824,1902,43.3,592,1238,47.8,232,664,34.9,530,794,66.8,314,899,1213,469,12,653,3,0,2410,830,393,106,49.4,0.2,25.9,41.7
2016,20152016,172,Milwaukee,Horizon,33,20,13,1385,60.6,566,86,149,2099,58.4,124.7,879,1927,45.6,573,1085,52.8,306,842,36.3,554,718,77.2,321,874,1195,362,8,562,7,0,2618,660,340,138,53.6,0.17,26.9,37.3,428,99,169,2097,54.1,114.0,882,1966,44.9,643,1338,48.1,239,628,38.1,388,558,69.5,292,825,1117,360,6,670,6,0,2391,674,325,171,50.9,0.17,26.1,28.4
2016,20152016,173,Minnesota,Big Ten,31,8,23,1275,67.4,379,113,170,2154,50.7,97.9,724,1786,40.5,533,1169,45.6,191,617,31.0,469,663,70.7,310,758,1068,354,14,566,1,0,2108,502,254,71,45.9,0.16,29.0,37.1,471,119,172,2144,55.7,107.0,807,1791,45.1,572,1175,48.7,235,616,38.1,445,611,72.8,313,857,1170,384,18,608,0,0,2294,550,270,132,51.6,0.18,26.8,34.1
2016,20152016,174,Mississippi State,SEC,31,14,17,1255,69.2,431,133,202,2173,55.2,106.9,850,1862,45.6,625,1188,52.6,225,674,33.4,398,549,72.5,325,769,1094,393,10,597,8,0,2323,290,204,72,51.7,0.18,29.7,29.5,387,110,196,2171,53.0,103.9,791,1837,43.1,577,1214,47.5,214,623,34.3,460,666,69.1,377,768,1145,404,19,523,10,0,2256,276,150,39,48.9,0.19,32.9,36.3
2016,20152016,175,Mississippi Valley State,SWAC,35,8,27,1455,34.5,373,82,241,1253,47.3,183.0,826,2129,38.8,647,1539,42.0,179,590,30.3,462,667,69.3,380,866,1246,470,16,671,1,1,2293,392,221,78,43.0,0.38,30.5,31.3,505,148,229,1256,54.4,215.3,973,2152,45.2,723,1327,54.5,250,825,30.3,508,757,67.1,458,1021,1479,493,11,622,2,0,2704,566,232,120,51.0,0.39,31.0,35.2
2016,20152016,176,Missouri State,MVC,32,13,19,1310,65.7,390,130,199,2150,50.5,100.1,752,1817,41.4,584,1285,45.4,168,532,31.6,481,713,67.5,333,802,1135,409,7,622,4,0,2153,732,403,141,46.0,0.19,29.3,39.2,469,83,209,2152,54.7,107.9,818,1841,44.4,578,1185,48.8,240,656,36.6,445,637,69.9,311,847,1158,394,8,626,4,0,2321,818,412,144,51.0,0.18,26.9,34.6
2016,20152016,177,Missouri,SEC,31,10,21,1240,69.1,363,81,169,2142,52.1,99.3,732,1736,42.2,557,1171,47.6,175,565,31.0,487,688,70.8,295,814,1109,386,6,637,6,0,2126,328,197,82,47.2,0.18,26.6,39.6,428,133,180,2140,53.5,105.7,759,1791,42.4,523,1089,48.0,236,702,33.6,508,730,69.6,345,807,1152,344,3,597,5,0,2262,224,134,26,49.0,0.16,29.9,40.8
2016,20152016,178,Monmouth,MAAC,36,28,8,1470,68.7,443,128,296,2527,55.3,113.2,963,2214,43.5,681,1444,47.2,282,770,36.6,653,850,76.8,388,1009,1397,443,13,768,9,0,2861,860,472,274,49.9,0.18,27.8,38.4,436,146,212,2524,50.7,103.2,871,2206,39.5,581,1283,45.3,290,923,31.4,572,821,69.7,448,967,1415,539,16,723,7,0,2604,652,314,91,46.1,0.21,31.7,37.2
2016,20152016,179,Montana,Big Sky,33,21,12,1340,64.6,451,83,173,2162,57.1,110.7,841,1807,46.5,587,1127,52.1,254,680,37.4,457,657,69.6,304,834,1138,409,8,715,10,0,2393,774,360,53,53.6,0.19,26.7,36.4,341,103,207,2166,54.0,102.7,743,1732,42.9,539,1099,49.0,204,633,32.2,535,748,71.5,267,776,1043,420,1,659,4,0,2225,634,399,91,48.8,0.19,25.6,43.2
2016,20152016,180,Montana State,Big Sky,31,14,17,1255,65.0,392,62,149,2036,54.4,116.4,831,1916,43.4,534,1119,47.7,297,797,37.3,410,598,68.6,394,765,1159,375,9,683,2,0,2369,666,393,66,51.1,0.18,34.0,31.2,405,119,178,2040,58.0,118.2,820,1732,47.3,589,1103,53.4,231,629,36.7,540,791,68.3,289,798,1087,364,8,608,2,0,2411,736,392,128,54.0,0.18,26.6,45.7
2016,20152016,181,Morehead State,OVC,37,23,14,1525,62.5,533,83,304,2383,52.9,114.2,974,2219,43.9,759,1626,46.7,215,593,36.3,557,801,69.5,541,839,1380,464,17,862,8,0,2722,912,533,156,48.7,0.19,39.2,36.1,404,155,194,2381,56.1,107.2,810,1851,43.8,576,1199,48.0,234,652,35.9,699,969,72.1,341,855,1196,550,13,761,6,0,2553,820,423,102,50.1,0.23,28.5,52.4
2016,20152016,182,Morgan State,MEAC,31,9,22,1270,28.3,340,67,185,904,50.2,231.1,707,1794,39.4,554,1276,43.4,153,518,29.5,444,649,68.4,366,692,1058,356,7,558,4,0,2089,250,135,52,43.7,0.39,34.6,36.2,413,132,172,895,56.1,248.4,767,1697,45.2,596,1146,52.0,171,551,31.0,436,644,67.7,355,817,1172,432,6,583,3,0,2223,338,128,78,50.2,0.48,30.3,37.9
2016,20152016,183,Mount St. Mary's,NEC,33,14,19,1355,66.5,361,119,248,2254,49.7,98.4,788,1967,40.1,562,1254,44.8,226,713,31.7,416,601,69.2,318,704,1022,401,11,655,4,0,2218,920,578,182,45.8,0.18,31.1,30.6,362,101,198,2249,54.9,101.5,801,1766,45.4,629,1256,50.1,172,510,33.7,508,713,71.2,358,941,1299,573,40,590,1,0,2282,881,396,227,50.2,0.25,27.6,40.4
2016,20152016,184,Murray State,OVC,31,17,14,1255,62.8,445,66,186,1974,56.3,112.1,770,1694,45.5,544,1073,50.7,226,621,36.4,444,613,72.4,308,710,1018,367,11,617,7,0,2212,733,421,138,52.1,0.19,30.3,36.2,366,70,172,1968,56.1,106.4,719,1580,45.5,528,1052,50.2,191,528,36.2,464,647,71.7,255,714,969,410,12,591,10,0,2093,754,361,96,51.6,0.21,26.3,40.9
2016,20152016,185,NC State,ACC,33,16,17,1350,64.9,383,141,149,2190,53.0,113.3,866,1999,43.3,659,1404,46.9,207,595,34.8,543,777,69.9,457,849,1306,366,12,558,2,0,2482,414,175,104,48.5,0.17,35.0,38.9,469,136,206,2192,53.9,112.0,883,2016,43.8,608,1281,47.5,275,735,37.4,415,598,69.4,371,802,1173,341,6,680,1,1,2456,390,183,163,50.6,0.16,31.6,29.7
2016,20152016,186,NJIT,ASUN,35,20,15,1430,69.3,562,93,227,2474,56.1,106.3,911,2045,44.5,605,1180,51.3,306,865,35.4,501,679,73.8,330,884,1214,452,12,673,5,0,2629,894,527,217,52.0,0.18,27.2,33.2,525,141,215,2479,54.4,104.4,902,2059,43.8,600,1190,50.4,302,869,34.8,481,724,66.4,395,881,1276,478,12,661,8,0,2587,795,467,199,51.1,0.19,31.0,35.2
2016,20152016,187,Navy,Patriot,33,19,14,1370,61.7,448,125,188,2117,53.2,105.3,805,1768,45.5,664,1299,51.1,141,469,30.1,479,748,64.0,370,817,1187,430,11,648,2,0,2230,953,385,197,49.5,0.2,31.2,42.3,412,97,195,2110,53.2,101.2,707,1713,41.3,455,1002,45.4,252,711,35.4,469,666,70.4,302,729,1031,441,24,661,5,0,2135,586,384,91,48.6,0.21,29.3,38.9
2016,20152016,188,Nebraska,Big Ten,34,16,18,1390,64.0,397,112,250,2222,54.4,110.5,883,1976,44.7,663,1342,49.4,220,634,34.7,470,644,73.0,377,821,1198,401,10,657,6,0,2456,374,266,80,50.3,0.18,31.5,32.6,428,127,180,2223,54.8,105.5,799,1823,43.8,572,1203,47.5,227,620,36.6,520,723,71.9,321,809,1130,454,24,619,1,0,2345,350,234,37,50.1,0.2,28.4,39.7
2016,20152016,189,Nevada,Mountain West,38,24,14,1600,63.9,478,216,254,2563,52.7,112.3,973,2293,42.4,771,1635,47.2,202,658,30.7,730,992,73.6,459,1076,1535,496,6,788,16,0,2878,458,419,101,46.8,0.19,29.9,43.3,519,117,225,2552,50.1,107.4,934,2335,40.0,670,1518,44.1,264,817,32.3,606,905,67.0,463,997,1460,490,8,790,9,0,2740,478,379,72,45.7,0.19,31.7,38.8
2016,20152016,190,New Hampshire,Am. East,33,20,13,1350,61.1,389,59,126,2062,52.1,113.6,809,1944,41.6,587,1278,45.9,222,666,33.3,502,693,72.4,376,920,1296,385,8,585,0,0,2342,724,292,56,47.3,0.19,29.0,35.6,334,116,175,2062,52.9,111.4,811,1900,42.7,571,1198,47.7,240,702,34.2,435,620,70.2,258,863,1121,344,2,639,0,0,2297,733,328,102,49.0,0.17,23.0,32.6
2016,20152016,191,New Mexico,Mountain West,32,17,15,1295,66.2,461,130,180,2145,57.2,113.4,829,1782,46.5,633,1242,51.0,196,540,36.3,578,783,73.8,310,863,1173,489,13,659,9,0,2432,774,343,241,52.0,0.23,26.4,43.9,453,130,249,2144,52.6,109.5,807,1919,42.1,560,1158,48.4,247,761,32.5,487,711,68.5,345,708,1053,393,9,680,10,0,2348,676,421,190,48.5,0.18,32.8,37.1
2016,20152016,192,New Mexico State,WAC,34,23,11,1410,63.0,480,161,142,2217,54.5,109.3,887,1918,46.2,708,1381,51.3,179,537,33.3,471,696,67.7,415,983,1398,462,9,535,1,0,2424,796,353,78,50.9,0.21,29.7,36.3,369,68,181,2225,48.0,96.4,780,1991,39.2,566,1355,41.8,214,636,33.6,371,553,67.1,326,738,1064,376,12,687,4,0,2145,624,393,80,44.6,0.17,30.6,27.8
2016,20152016,193,New Orleans,Southland,30,10,20,1215,73.0,408,76,252,2221,51.6,101.3,763,1821,41.9,601,1340,44.9,162,481,33.7,561,817,68.7,422,714,1136,452,5,638,8,0,2249,924,523,184,46.3,0.2,37.1,44.9,444,141,243,2211,56.7,105.2,785,1726,45.5,558,1093,51.1,227,633,35.9,528,736,71.7,345,768,1113,494,13,677,11,0,2325,830,409,219,52.1,0.22,31.0,42.6
2016,20152016,194,Niagara,MAAC,32,7,25,1320,59.9,347,103,165,1977,49.4,104.6,735,1820,40.4,569,1231,46.2,166,589,28.2,431,620,69.5,384,783,1167,461,14,626,3,0,2067,728,308,139,44.9,0.23,32.9,34.1,460,134,195,1975,53.7,116.7,788,1854,42.5,548,1181,46.4,240,673,35.7,488,658,74.2,356,788,1144,370,13,572,4,0,2304,744,436,166,49.0,0.19,31.1,35.5
2016,20152016,195,Nicholls,Southland,34,11,23,1395,68.7,433,164,229,2396,51.8,95.9,787,1875,42.0,575,1181,48.7,212,694,30.5,512,782,65.5,315,829,1144,534,3,689,11,0,2298,898,462,131,47.6,0.22,27.5,41.7,479,125,277,2394,54.6,108.5,909,2031,44.8,687,1389,49.5,222,642,34.6,558,796,70.1,421,924,1345,472,5,715,8,0,2598,981,510,241,50.2,0.2,31.3,39.2
2016,20152016,196,Norfolk State,MEAC,34,17,17,1380,55.4,411,175,191,1909,54.8,130.6,813,1919,42.4,571,1222,46.7,242,697,34.7,626,808,77.5,376,806,1182,423,15,712,12,0,2494,608,373,161,48.7,0.22,31.8,42.1,480,121,141,1916,54.2,130.2,824,1948,42.3,553,1224,45.2,271,724,37.4,575,797,72.1,411,799,1210,449,19,672,9,0,2494,668,338,148,49.3,0.23,34.0,40.9
2016,20152016,198,North Carolina A&T,MEAC,32,10,22,1345,31.2,339,77,162,1050,50.8,206.6,745,1836,40.6,546,1203,45.4,199,633,31.4,480,675,71.1,357,791,1148,439,11,718,8,0,2169,289,193,49,46.0,0.42,31.1,36.8,473,101,189,1049,56.0,231.9,796,1791,44.4,542,1042,52.0,254,749,33.9,587,867,67.7,356,832,1188,403,7,621,2,0,2433,344,241,88,51.5,0.38,30.0,48.4
2016,20152016,199,North Carolina Central,MEAC,32,13,19,1295,54.9,394,54,175,1778,54.3,124.9,751,1749,42.9,556,1190,46.7,195,559,34.9,442,669,66.1,387,756,1143,438,23,616,6,0,2220,644,353,151,48.5,0.25,33.9,38.3,410,120,173,1775,55.2,125.9,747,1736,43.0,526,1092,48.2,221,644,34.3,457,652,70.1,347,736,1083,412,10,582,4,0,2235,578,381,138,49.4,0.23,32.0,37.6
2016,20152016,200,North Carolina,ACC,40,33,7,1600,69.7,712,177,269,2789,56.6,118.7,1235,2561,48.2,1011,1876,53.9,224,685,32.7,617,826,74.7,568,1056,1624,431,5,718,1,0,3311,320,81,11,52.6,0.15,35.0,32.3,434,122,225,2787,51.8,100.5,993,2385,41.6,685,1535,44.6,308,850,36.2,505,725,69.7,452,829,1281,511,16,734,4,0,2801,242,43,9,48.1,0.18,35.3,30.4
2016,20152016,201,North Dakota,Big Sky,33,17,16,1370,70.7,439,90,257,2421,54.7,102.2,876,1926,45.5,673,1361,49.4,203,565,35.9,519,761,68.2,293,916,1209,435,7,694,5,0,2474,984,512,143,50.8,0.18,24.2,39.5,447,94,208,2423,53.2,97.6,838,1913,43.8,586,1176,49.8,252,737,34.2,438,702,62.4,310,885,1195,481,11,679,5,0,2366,828,405,123,50.4,0.2,25.9,36.7
2016,20152016,202,North Dakota State,Summit,33,20,13,1335,57.2,347,117,198,1907,53.8,119.1,817,1837,44.5,603,1207,50.0,214,630,34.0,423,619,68.3,302,847,1149,347,11,525,5,0,2271,888,351,92,50.3,0.18,26.3,33.7,375,93,177,1909,51.2,111.5,772,1830,42.2,587,1257,46.7,185,573,32.3,400,568,70.4,295,819,1114,381,15,589,4,0,2129,754,316,124,47.2,0.2,26.5,31.0
2016,20152016,203,North Florida,ASUN,34,22,12,1360,72.0,559,172,177,2447,61.2,117.1,1000,2065,48.4,589,1063,55.4,411,1002,41.0,454,624,72.8,293,875,1168,383,8,551,5,0,2865,946,478,205,58.4,0.16,25.1,30.2,500,83,212,2448,53.6,110.5,1049,2261,46.4,844,1652,51.1,205,609,33.7,401,598,67.1,443,869,1312,368,9,615,4,0,2704,1144,416,165,50.9,0.15,33.8,26.4
2016,20152016,204,North Texas,CUSA,32,12,20,1295,68.9,362,98,210,2235,54.1,106.8,830,1838,45.2,643,1271,50.6,187,567,33.0,539,838,64.3,362,796,1158,443,6,686,10,0,2386,953,458,238,50.2,0.2,31.3,45.6,428,118,226,2229,56.3,112.4,864,1879,46.0,632,1234,51.2,232,645,36.0,545,784,69.5,352,827,1179,403,11,689,7,0,2505,987,488,206,52.2,0.18,29.9,41.7
2016,20152016,205,Northeastern,CAA,33,18,15,1415,61.4,485,109,202,2172,56.1,109.4,793,1808,43.9,507,1038,48.8,286,770,37.1,504,704,71.6,295,816,1111,409,15,546,1,0,2376,718,391,119,51.8,0.19,26.6,38.9,485,109,188,2175,53.8,107.5,883,1935,45.6,662,1280,51.7,221,655,33.7,352,540,65.2,335,826,1161,399,13,635,5,0,2339,938,411,135,51.3,0.18,28.9,27.9
2016,20152016,206,Northern Arizona,Big Sky,30,5,25,1255,62.5,372,59,186,1960,50.9,104.8,699,1746,40.0,479,1097,43.7,220,649,33.9,436,619,70.4,260,741,1001,389,15,564,3,0,2054,736,354,188,46.3,0.2,26.0,35.5,457,102,186,1960,58.7,124.4,864,1810,47.7,596,1118,53.3,268,692,38.7,442,609,72.6,303,884,1187,378,13,550,6,0,2438,753,380,150,55.1,0.19,25.5,33.6
2016,20152016,207,Northern Colorado,Big Sky,31,10,21,1240,62.1,322,78,178,1926,55.9,119.0,780,1730,45.1,577,1181,48.9,203,549,37.0,529,727,72.8,328,751,1079,427,10,704,6,0,2292,640,346,113,51.0,0.22,30.4,42.0,451,98,179,1926,60.0,128.9,811,1714,47.3,547,1029,53.2,264,685,38.5,596,803,74.2,312,760,1072,384,14,634,6,0,2482,602,309,101,55.0,0.2,29.1,46.8
2016,20152016,208,Northern Illinois,MAC,34,21,13,1380,58.3,473,118,250,2015,53.1,122.2,842,1970,42.7,604,1289,46.9,238,681,34.9,541,791,68.4,416,915,1331,430,4,687,7,0,2463,745,425,182,48.8,0.21,31.3,40.2,435,118,197,2009,51.7,113.7,759,1881,40.4,494,1103,44.8,265,778,34.1,502,747,67.2,339,847,1186,488,8,717,11,0,2285,569,347,112,47.4,0.24,28.6,39.7
2016,20152016,209,Northern Iowa,MVC,36,23,13,1475,62.9,429,94,204,2317,57.8,106.8,849,1863,45.6,551,1067,51.6,298,796,37.4,479,633,75.7,195,896,1091,357,18,560,5,0,2475,645,362,79,53.6,0.15,17.9,34.0,434,95,172,2323,51.8,99.1,850,2011,42.3,595,1217,48.9,255,794,32.1,348,483,72.0,331,907,1238,424,21,668,4,0,2303,688,273,101,48.6,0.18,26.7,24.0
2016,20152016,210,Northern Kentucky,Horizon,30,9,21,1230,63.3,439,88,142,1946,54.0,108.7,755,1718,43.9,521,1062,49.1,234,656,35.7,372,545,68.3,281,751,1032,407,5,615,0,0,2116,822,315,102,50.8,0.21,27.2,31.7,397,112,201,1946,54.9,114.7,754,1722,43.8,552,1163,47.5,202,559,36.1,523,711,73.6,311,761,1072,347,6,529,4,0,2233,818,438,160,49.7,0.18,29.0,41.3
2016,20152016,211,Northwestern State,Southland,28,8,20,1120,67.3,433,90,174,1883,56.7,118.1,770,1687,45.6,563,1109,50.8,207,578,35.8,477,623,76.6,286,633,919,407,5,561,16,0,2224,680,356,193,51.8,0.22,31.1,36.9,475,91,236,1885,57.7,128.0,870,1798,48.4,667,1217,54.8,203,581,34.9,470,662,71.0,393,709,1102,389,5,565,9,0,2413,822,425,244,54.0,0.21,35.7,36.8
2016,20152016,212,Northwestern,Big Ten,32,20,12,1355,61.7,527,121,124,2087,55.1,110.4,837,1860,45.0,559,1084,51.6,278,776,35.8,352,528,66.7,342,824,1166,331,16,605,4,0,2304,526,241,138,52.5,0.16,29.3,28.4,448,97,157,2093,51.3,100.9,716,1784,40.1,489,1126,43.4,227,658,34.5,452,625,72.3,325,778,1103,345,20,545,2,0,2111,414,209,105,46.5,0.16,29.5,35.0
2016,20152016,213,Notre Dame,ACC,36,24,12,1455,64.0,480,142,197,2325,57.8,116.3,972,2042,47.6,710,1342,52.9,262,700,37.4,498,671,74.2,381,884,1265,359,14,544,2,0,2704,402,162,34,54.0,0.15,30.1,32.9,493,110,194,2334,52.9,108.9,930,2154,43.2,656,1412,46.5,274,742,36.9,407,559,72.8,418,784,1202,347,8,615,4,0,2541,320,146,33,49.5,0.15,34.8,26.0
2016,20152016,214,Oakland,Horizon,35,23,12,1415,69.4,545,116,215,2456,58.4,123.1,1002,2186,45.8,686,1392,49.3,316,794,39.8,703,913,77.0,399,975,1374,399,3,668,6,0,3023,815,422,217,53.1,0.16,29.0,41.8,536,113,185,2456,53.2,111.8,982,2260,43.5,705,1467,48.1,277,793,34.9,505,725,69.7,407,879,1286,432,12,730,7,0,2746,756,381,260,49.6,0.18,31.6,32.1
2016,20152016,215,Ohio,MAC,35,23,12,1430,67.3,487,128,157,2402,59.0,114.3,937,1993,47.0,641,1226,52.3,296,767,38.6,576,759,75.9,289,962,1251,415,9,632,6,0,2746,920,397,144,54.4,0.17,23.1,38.1,412,89,209,2410,53.9,108.6,919,2117,43.4,658,1397,47.1,261,720,36.3,518,704,73.6,329,868,1197,357,9,690,8,0,2617,937,429,175,49.6,0.15,27.5,33.3
2016,20152016,216,Ohio State,Big Ten,35,21,14,1460,65.7,397,184,191,2398,53.3,102.7,876,1995,43.9,657,1340,49.0,219,655,33.4,491,718,68.4,379,953,1332,451,13,621,4,0,2462,424,177,107,49.4,0.19,28.5,36.0,427,78,175,2398,50.6,99.3,839,2077,40.4,582,1307,44.5,257,770,33.4,446,632,70.6,391,874,1265,411,18,665,2,0,2381,348,212,88,46.6,0.17,30.9,30.4
2016,20152016,217,Oklahoma,Big 12,37,29,8,1505,69.9,537,189,247,2628,57.9,112.2,1018,2225,45.8,636,1319,48.2,382,906,42.2,530,734,72.2,407,1011,1418,484,12,630,8,0,2948,148,13,5,54.3,0.18,28.7,33.0,411,118,268,2633,50.5,99.8,953,2315,41.2,675,1490,45.3,278,825,33.7,445,656,67.8,444,896,1340,469,14,696,7,0,2629,190,24,11,47.2,0.18,33.1,28.3
2016,20152016,218,Oklahoma State,Big 12,32,12,20,1325,63.4,389,132,179,2097,53.3,101.5,723,1709,42.3,518,1084,47.8,205,625,32.8,477,654,72.9,310,801,1111,402,20,637,2,0,2128,344,138,70,48.3,0.19,27.9,38.3,359,94,205,2102,51.5,102.2,725,1769,41.0,509,1138,44.7,216,631,34.2,482,723,66.7,383,767,1150,369,13,618,4,0,2148,294,146,75,47.1,0.18,33.3,40.9
2016,20152016,219,Old Dominion,CUSA,38,25,13,1550,60.3,505,150,221,2336,51.4,111.5,987,2227,44.3,828,1699,48.7,159,528,30.1,471,691,68.2,501,973,1474,346,7,687,3,0,2604,1046,458,187,47.9,0.15,34.0,31.0,399,121,161,2340,50.3,100.0,797,2007,39.7,566,1274,44.4,231,733,31.5,514,718,71.6,361,868,1229,414,8,684,9,0,2339,872,361,152,45.5,0.18,29.4,35.8
2016,20152016,220,Ole Miss,SEC,32,20,12,1310,69.0,412,100,242,2260,53.1,106.4,796,1915,41.6,544,1170,46.5,252,745,33.8,561,791,70.9,424,806,1230,386,6,636,7,0,2405,404,224,51,48.1,0.17,34.5,41.3,459,137,211,2260,53.8,102.0,779,1819,42.8,530,1118,47.4,249,701,35.5,499,740,67.4,363,801,1164,455,11,677,8,0,2306,378,228,74,49.7,0.2,31.2,40.7
2016,20152016,221,Omaha,Summit,32,18,14,1325,67.7,460,94,297,2241,57.1,121.8,953,2023,47.1,751,1424,52.7,202,599,33.7,621,833,74.5,340,792,1132,413,4,658,5,0,2729,966,545,326,52.1,0.18,30.0,41.2,454,123,195,2244,57.1,116.7,909,1973,46.1,659,1272,51.8,250,701,35.7,551,729,75.6,352,834,1186,507,8,698,7,0,2619,856,392,160,52.4,0.23,29.7,36.9
2016,20152016,222,Oral Roberts,Summit,31,14,17,1255,65.9,384,133,162,2064,55.7,114.1,832,1821,45.7,638,1307,48.8,194,514,37.7,498,665,74.9,299,802,1101,373,12,564,3,0,2356,690,320,208,51.0,0.18,27.2,36.5,386,82,184,2069,54.9,115.2,861,1909,45.1,634,1290,49.1,227,619,36.7,435,595,73.1,324,768,1092,352,7,595,2,0,2384,743,344,191,51.0,0.17,29.7,31.2
2016,20152016,223,Oregon,Pac-12,38,31,7,1535,68.4,517,221,275,2623,56.9,114.0,1041,2230,46.7,781,1472,53.1,260,758,34.3,648,907,71.4,441,940,1381,431,7,674,6,0,2990,414,232,85,52.5,0.16,31.9,40.7,486,114,174,2630,52.2,99.4,931,2199,42.3,659,1445,45.6,272,754,36.1,480,690,69.6,412,843,1255,533,3,782,7,0,2614,356,169,59,48.5,0.2,32.8,31.4
2016,20152016,224,Oregon State,Pac-12,32,19,13,1280,68.4,432,106,236,2192,53.6,105.0,811,1843,44.0,593,1256,47.2,218,587,37.1,461,687,67.1,337,764,1101,361,9,643,4,0,2301,424,302,74,49.9,0.16,30.6,37.3,445,121,160,2185,53.5,102.7,766,1788,42.8,540,1093,49.4,226,695,32.5,486,699,69.5,364,817,1181,432,5,599,3,0,2244,370,236,53,49.2,0.2,30.8,39.1
2016,20152016,225,Pacific,WCC,28,8,20,1170,63.9,362,71,125,1867,53.8,104.3,685,1559,43.9,495,983,50.4,190,576,33.0,388,575,67.5,282,711,993,383,18,637,4,0,1948,674,344,119,50.0,0.21,28.4,36.9,354,93,170,1869,54.4,107.5,650,1528,42.5,449,967,46.4,201,561,35.8,508,727,69.9,280,689,969,337,8,563,8,0,2009,634,374,104,49.1,0.18,28.9,47.6
2016,20152016,226,Penn State,Big Ten,32,16,16,1300,61.1,322,141,166,1984,50.8,106.2,732,1799,40.7,521,1134,45.9,211,665,31.7,432,621,69.6,333,778,1111,361,13,647,5,0,2107,352,190,45,46.6,0.18,30.0,34.5,382,105,183,1986,53.8,112.2,739,1744,42.4,514,1129,45.5,225,615,36.6,525,741,70.9,324,828,1152,376,19,586,1,0,2228,260,171,66,48.8,0.19,28.1,42.5
2016,20152016,227,Pennsylvania,Ivy,28,11,17,1150,61.3,381,75,146,1761,52.2,108.5,685,1606,42.7,485,949,51.1,200,657,30.4,341,508,67.1,287,714,1001,372,11,513,4,0,1911,754,305,65,48.9,0.21,28.7,31.6,347,102,175,1765,53.1,114.1,732,1653,44.3,551,1133,48.6,181,520,34.8,368,550,66.9,308,722,1030,324,8,512,5,0,2013,684,360,125,49.8,0.18,29.9,33.3
2016,20152016,228,Pepperdine,WCC,32,18,14,1330,62.6,457,93,187,2083,53.6,112.8,840,1861,45.1,678,1392,48.7,162,469,34.5,507,754,67.2,351,831,1182,357,5,595,5,0,2349,802,352,126,49.5,0.17,29.7,40.5,420,91,174,2078,52.4,110.1,834,1914,43.6,625,1254,49.8,209,660,31.7,410,609,67.3,347,803,1150,360,12,649,8,0,2287,792,322,118,49.0,0.17,30.2,31.8
2016,20152016,229,Pittsburgh,ACC,33,21,12,1340,65.3,547,121,162,2188,55.7,113.2,878,1919,45.8,674,1330,50.7,204,589,34.6,516,686,75.2,417,841,1258,384,15,584,4,0,2476,452,252,151,51.1,0.18,33.1,35.7,437,110,186,2190,52.6,101.4,798,1844,43.3,576,1213,47.5,222,631,35.2,402,608,66.1,315,707,1022,376,11,598,1,0,2220,368,189,103,49.3,0.17,30.8,33.0
2016,20152016,230,Portland,WCC,32,12,20,1295,65.0,425,128,208,2101,54.2,118.2,868,2012,43.1,579,1225,47.3,289,787,36.7,458,633,72.4,369,761,1130,389,6,697,4,0,2483,664,395,119,50.3,0.19,32.7,31.5,449,118,181,2105,56.1,121.2,871,1928,45.2,607,1235,49.1,264,693,38.1,546,784,69.6,394,836,1230,429,7,625,4,0,2552,722,311,107,52.0,0.2,32.0,40.7
2016,20152016,231,Portland State,Big Sky,31,13,18,1240,72.9,527,112,263,2262,55.0,106.5,908,1904,47.7,741,1385,53.5,167,519,32.2,425,645,65.9,329,767,1096,390,8,590,9,0,2408,912,487,220,52.1,0.17,30.0,33.9,448,74,211,2259,56.2,106.6,875,1878,46.6,642,1261,50.9,233,617,37.8,426,607,70.2,336,794,1130,439,7,602,6,0,2409,930,449,175,52.8,0.19,29.7,32.3
2016,20152016,232,Prairie View A&M,SWAC,31,7,24,1240,26.7,269,84,239,829,46.7,225.9,657,1727,38.0,530,1260,42.1,127,467,27.2,432,630,68.6,355,642,997,465,27,691,2,0,1873,228,137,55,41.7,0.56,35.6,36.5,415,140,221,826,55.6,266.6,748,1637,45.7,584,1101,53.0,164,536,30.6,542,776,69.8,366,801,1167,499,17,591,3,0,2202,370,246,79,50.7,0.6,31.4,47.4
2016,20152016,233,Presbyterian,Big South,31,11,20,1255,68.7,350,60,206,2163,52.0,96.8,754,1743,43.3,606,1241,48.8,148,502,29.5,437,615,71.1,298,749,1047,441,13,595,2,0,2093,930,393,128,47.5,0.2,28.5,35.3,414,129,217,2147,55.3,105.2,781,1751,44.6,538,1025,52.5,243,726,33.5,454,665,68.3,325,791,1116,422,2,566,3,0,2259,824,473,142,51.5,0.2,29.1,38.0
2016,20152016,234,Princeton,Ivy,29,22,7,1205,64.1,431,104,206,1931,57.9,118.8,800,1725,46.4,518,989,52.4,282,736,38.3,412,579,71.2,288,781,1069,329,9,503,1,0,2294,706,374,111,54.6,0.17,26.9,33.6,335,116,164,1934,51.8,102.8,737,1691,43.6,568,1205,47.1,169,486,34.8,346,519,66.7,272,713,985,373,8,532,0,0,1989,701,267,92,48.6,0.19,27.6,30.7
2016,20152016,235,Providence,Big East,35,24,11,1435,66.7,550,123,229,2397,52.9,107.5,881,2093,42.1,632,1317,48.0,249,776,32.1,566,781,72.5,402,860,1262,397,8,593,4,0,2577,305,197,37,48.0,0.17,31.9,37.3,460,116,207,2391,52.9,102.7,909,2067,44.0,688,1382,49.8,221,685,32.3,416,578,72.0,374,919,1293,509,16,700,5,0,2455,258,129,22,49.3,0.21,28.9,28.0
2016,20152016,236,Purdue,Big Ten,35,26,9,1435,66.8,615,165,147,2399,57.8,113.6,960,2042,47.0,692,1311,52.8,268,731,36.7,538,723,74.4,407,1037,1444,424,5,607,1,0,2726,282,115,28,53.6,0.18,28.2,35.4,416,101,217,2393,48.2,95.3,824,2106,39.1,605,1409,42.9,219,697,31.4,414,591,70.1,317,758,1075,329,15,713,6,0,2281,208,91,26,44.3,0.14,29.5,28.1
2016,20152016,237,Purdue Fort Wayne,Summit,34,24,10,1390,65.5,512,112,190,2272,58.4,118.9,932,2017,46.2,578,1154,50.1,354,863,41.0,483,671,72.0,342,888,1230,417,6,589,5,0,2701,907,396,214,55.0,0.18,27.8,33.3,442,103,197,2280,55.8,113.4,941,2046,46.0,661,1321,50.0,280,725,38.6,423,616,68.7,312,851,1163,386,4,665,3,0,2585,940,423,217,52.8,0.17,26.8,30.1
2016,20152016,238,Quinnipiac,MAAC,30,9,21,1235,66.3,369,134,141,2051,47.7,96.0,680,1836,37.0,456,1186,38.4,224,650,34.5,333,517,64.4,478,782,1260,443,12,593,5,0,1969,552,355,91,43.1,0.22,37.9,28.2,380,118,229,2046,53.2,104.2,707,1704,41.5,539,1159,46.5,168,545,30.8,481,683,70.4,326,770,1096,359,14,541,4,0,2131,696,438,239,46.4,0.18,29.7,40.1
2016,20152016,239,Radford,Big South,31,16,15,1310,56.9,410,138,183,1866,53.4,121.4,844,1885,44.8,618,1227,50.4,226,658,34.3,352,541,65.1,408,768,1176,416,10,580,3,0,2266,822,336,246,50.8,0.22,34.7,28.7,367,98,230,1862,53.8,120.7,818,1822,44.9,636,1269,50.1,182,553,32.9,430,610,70.5,334,746,1080,366,10,527,4,1,2248,856,332,193,49.9,0.2,30.9,33.5
2016,20152016,240,Rhode Island,A-10,32,17,15,1325,61.6,391,159,170,2041,54.1,108.8,782,1762,44.4,569,1178,48.3,213,584,36.5,443,662,66.9,335,783,1118,369,10,608,10,0,2220,672,327,120,50.4,0.18,30.0,37.6,306,111,187,2037,52.8,101.7,713,1672,42.6,548,1177,46.6,165,495,33.3,481,662,72.7,280,759,1039,397,9,594,11,0,2072,585,288,161,47.6,0.19,26.9,39.6
2016,20152016,241,Rice,CUSA,32,12,20,1295,70.5,420,89,204,2282,56.8,106.4,813,1798,45.2,585,1082,54.1,228,716,31.8,573,773,74.1,294,758,1052,419,7,562,4,0,2427,922,477,152,51.6,0.18,27.9,43.0,491,96,228,2284,58.7,112.8,915,1901,48.1,638,1231,51.8,277,670,41.3,469,669,70.1,345,799,1144,425,8,662,9,0,2576,924,496,128,55.4,0.19,30.2,35.2
2016,20152016,242,Richmond,A-10,32,16,16,1315,67.7,531,74,210,2228,57.4,110.0,890,1848,48.2,650,1174,55.4,240,674,35.6,430,651,66.1,251,770,1021,327,8,610,2,0,2450,884,382,134,54.7,0.15,24.6,35.2,426,87,151,2225,54.9,106.2,837,1858,45.0,620,1256,49.4,217,602,36.0,472,670,70.4,357,831,1188,406,19,611,1,0,2363,828,311,102,50.9,0.18,30.1,36.1
2016,20152016,243,Rider,MAAC,33,13,20,1360,61.1,416,124,189,2075,52.2,104.9,769,1803,42.7,565,1156,48.9,204,647,31.5,435,638,68.2,330,840,1170,421,8,587,2,0,2177,750,344,126,48.3,0.2,28.2,35.4,418,90,223,2080,52.2,106.9,767,1862,41.2,522,1141,45.7,245,721,34.0,444,603,73.6,350,823,1173,401,13,610,4,0,2223,725,302,106,47.8,0.19,29.8,32.4
2016,20152016,244,Robert Morris,NEC,32,10,22,1295,68.5,400,127,265,2221,50.6,93.7,741,1780,41.6,563,1135,49.6,178,645,27.6,421,632,66.6,303,738,1041,454,16,552,5,0,2082,798,470,188,46.6,0.2,29.1,35.5,500,117,200,2216,53.7,102.3,800,1843,43.4,578,1181,48.9,222,662,33.5,445,607,73.3,392,861,1253,490,23,553,4,0,2267,853,488,231,49.4,0.22,31.3,32.9
2016,20152016,245,Rutgers,Big Ten,32,7,25,1305,70.6,377,113,195,2300,50.1,94.2,785,1878,41.8,624,1375,45.4,161,503,32.0,435,640,68.0,314,799,1113,443,9,562,0,0,2166,590,264,162,46.1,0.19,28.2,34.1,512,131,230,2306,54.7,111.5,940,2074,45.3,675,1363,49.5,265,711,37.3,426,625,68.2,441,893,1334,375,4,575,5,0,2571,658,344,143,51.7,0.16,33.1,30.1
2016,20152016,246,SE Louisiana,Southland,33,12,21,1335,61.3,472,89,211,2044,54.8,114.7,831,1833,45.3,590,1185,49.8,241,648,37.2,440,692,63.6,336,804,1140,504,8,688,7,0,2344,744,407,148,51.9,0.25,29.5,37.8,504,124,214,2048,55.4,121.5,847,1893,44.7,579,1176,49.2,268,717,37.4,527,805,65.5,389,803,1192,457,10,648,6,0,2489,674,513,160,51.8,0.22,32.6,42.5
2016,20152016,247,SIU Edwardsville,OVC,28,6,22,1150,64.1,303,112,138,1840,49.7,99.9,634,1591,39.8,476,1072,44.4,158,519,30.4,413,587,70.4,339,660,999,377,14,619,6,0,1839,694,288,67,44.8,0.2,33.9,36.9,380,98,160,1846,56.4,112.0,708,1536,46.1,533,1065,50.0,175,471,37.2,477,675,70.7,273,708,981,336,6,551,3,0,2068,830,415,133,51.8,0.18,27.8,43.9
2016,20152016,248,SMU,American,30,25,5,1200,65.8,528,137,182,1972,58.4,117.6,858,1727,49.7,664,1265,52.5,194,462,42.0,409,584,70.0,396,787,1183,372,11,472,10,0,2319,400,136,56,55.3,0.19,33.5,33.8,378,118,220,1977,49.7,96.3,676,1690,40.0,452,1014,44.6,224,676,33.1,327,513,63.7,313,565,878,363,19,536,8,0,1903,206,95,33,46.6,0.18,35.6,30.4
2016,20152016,249,Sacramento State,Big Sky,31,14,17,1255,64.4,434,130,175,2020,53.6,109.4,790,1784,44.3,581,1166,49.8,209,618,33.8,421,627,67.1,302,810,1112,367,6,631,6,0,2210,776,404,196,50.1,0.18,27.2,35.1,443,99,195,2022,52.5,110.6,789,1839,42.9,573,1155,49.6,216,684,31.6,443,663,66.8,366,816,1182,376,5,577,5,0,2237,842,401,121,48.8,0.19,31.0,36.1
2016,20152016,250,Sacred Heart,NEC,30,12,18,1230,63.3,363,77,190,1986,52.8,111.6,785,1795,43.7,616,1251,49.2,169,544,31.1,478,695,68.8,378,750,1128,442,17,625,6,0,2217,976,436,212,48.4,0.22,33.5,38.7,422,120,187,1905,57.0,122.6,777,1743,44.6,560,1141,49.1,217,602,36.0,481,694,69.3,347,730,1077,384,13,601,0,0,2336,856,459,204,50.8,0.2,32.2,39.8
2016,20152016,251,Saint Joseph's,A-10,36,28,8,1455,69.2,534,119,184,2513,55.4,110.6,976,2153,45.3,725,1386,52.3,251,767,32.7,577,806,71.6,364,1014,1378,362,10,583,7,0,2780,835,405,181,51.2,0.14,26.4,37.4,454,103,161,2521,51.2,100.0,924,2218,41.7,638,1298,49.2,286,920,31.1,388,555,69.9,353,924,1277,409,14,711,8,0,2522,808,317,154,48.1,0.16,27.6,25.0
2016,20152016,252,Saint Louis,A-10,32,11,21,1310,66.1,426,66,175,2169,52.3,97.1,724,1726,41.9,525,1119,46.9,199,607,32.8,459,653,70.3,230,815,1045,436,14,646,2,0,2106,796,385,149,47.7,0.2,22.0,37.8,447,138,191,2160,54.6,106.7,780,1800,43.3,540,1069,50.5,240,731,32.8,505,707,71.4,316,880,1196,414,9,642,2,0,2305,848,434,172,50.0,0.19,26.4,39.3
2016,20152016,253,Saint Mary's,WCC,35,29,6,1400,36.7,584,120,169,1281,60.6,201.1,951,1887,50.4,648,1140,56.8,303,747,40.6,371,539,68.8,310,915,1225,335,10,540,0,0,2576,464,132,26,58.4,0.26,25.3,28.6,379,87,154,1285,49.0,165.9,804,1965,40.9,600,1344,44.6,204,621,32.9,320,476,67.2,332,716,1048,337,4,605,2,0,2132,414,100,31,46.1,0.26,31.7,24.2
2016,20152016,254,Saint Peter's,MAAC,30,14,16,1230,55.3,345,83,162,1698,53.0,115.8,678,1609,42.1,501,1066,47.0,177,543,32.6,365,561,65.1,314,757,1071,382,10,511,0,0,1966,646,265,71,47.6,0.22,29.3,34.9,339,100,187,1706,53.8,116.5,675,1620,41.7,459,993,46.2,216,627,34.4,369,518,71.2,261,712,973,340,9,565,3,0,1987,582,328,90,48.3,0.2,26.8,32.0
2016,20152016,255,Sam Houston,Southland,34,18,16,1390,58.3,575,57,188,2027,54.3,125.9,876,2012,43.5,612,1238,49.4,264,774,34.1,535,767,69.8,382,877,1259,400,6,743,5,0,2551,740,438,131,50.1,0.2,30.3,38.1,509,104,184,2026,56.1,119.8,796,1807,44.1,541,1090,49.6,255,717,35.6,580,810,71.6,261,895,1156,455,3,719,12,0,2427,563,378,122,51.1,0.22,22.6,44.8
2016,20152016,256,Samford,SoCon,33,14,19,1385,61.2,435,113,226,2117,55.3,115.3,845,1857,45.5,668,1309,51.0,177,548,32.3,573,798,71.8,346,797,1143,455,8,691,3,0,2440,952,458,220,50.3,0.21,30.3,43.0,458,149,225,2121,55.6,115.1,820,1848,44.4,573,1166,49.1,247,682,36.2,555,795,69.8,369,788,1157,487,21,680,5,0,2442,788,420,344,51.1,0.23,31.9,43.0
2016,20152016,257,San Diego State,Mountain West,38,28,10,1550,59.9,396,199,207,2323,53.6,112.1,862,2052,42.0,643,1380,46.6,219,672,32.6,591,855,69.1,442,988,1430,450,13,625,5,0,2605,678,342,135,47.3,0.19,30.9,41.7,382,131,224,2316,48.9,99.4,779,2077,37.5,557,1333,41.8,222,744,29.8,463,635,72.9,378,855,1233,452,40,730,8,0,2303,564,272,112,42.9,0.2,30.7,30.6
2016,20152016,258,San Diego,WCC,30,9,21,1200,57.7,328,118,139,1735,49.0,105.0,630,1614,39.0,438,941,46.5,192,673,28.5,370,559,66.2,289,706,995,410,18,640,2,0,1822,318,300,27,45.0,0.24,29.0,34.6,377,102,179,1728,54.7,120.0,714,1605,44.5,537,1115,48.2,177,490,36.1,469,664,70.6,281,800,1081,359,13,570,1,0,2074,387,340,69,50.0,0.21,26.0,41.4
2016,20152016,259,San Francisco,WCC,30,15,15,1260,66.4,371,88,162,2092,54.1,111.3,808,1839,43.9,575,1180,48.7,233,659,35.4,480,708,67.8,388,793,1181,378,10,621,4,0,2329,818,375,96,50.3,0.18,32.9,38.5,426,139,151,2089,55.5,113.1,811,1843,44.0,531,1118,47.5,280,725,38.6,460,644,71.4,335,761,1096,345,17,631,2,0,2362,646,402,60,51.6,0.17,30.6,34.9
2016,20152016,260,San José State,Mountain West,31,9,22,1255,68.0,449,120,186,2139,52.3,102.2,756,1783,42.4,544,1093,49.8,212,690,30.7,462,701,65.9,327,803,1130,428,9,687,6,0,2186,849,437,153,48.3,0.2,28.9,39.3,402,88,194,2131,53.9,107.5,761,1767,43.1,550,1167,47.1,211,600,35.2,557,811,68.7,319,814,1133,387,7,642,5,0,2290,815,468,115,49.0,0.18,28.2,45.9
2016,20152016,261,Santa Clara,WCC,31,11,20,1305,60.3,383,83,134,1967,52.0,105.9,713,1741,41.0,481,1066,45.1,232,675,34.4,425,592,71.8,279,768,1047,350,8,613,1,0,2083,264,299,47,47.6,0.18,26.6,34.0,441,100,152,1965,55.2,115.6,781,1774,44.0,538,1071,50.2,243,703,34.6,467,645,72.4,324,820,1144,351,10,583,0,0,2272,346,297,48,50.9,0.18,28.3,36.4
2016,20152016,262,Seattle U,WAC,32,15,17,1295,62.7,415,51,193,2025,51.8,102.4,735,1732,42.4,538,1182,45.5,197,550,35.8,407,612,66.5,364,810,1174,505,18,585,5,0,2074,712,387,73,48.1,0.25,31.0,35.3,447,116,268,2032,51.6,105.3,738,1807,40.8,479,1035,46.3,259,772,33.5,405,605,66.9,354,738,1092,418,11,608,7,0,2140,622,481,132,48.0,0.21,32.4,33.5
2016,20152016,263,Seton Hall,Big East,34,25,9,1375,69.9,455,155,251,2402,53.6,105.0,892,1999,44.6,686,1405,48.8,206,594,34.7,532,808,65.8,438,917,1355,469,11,637,8,0,2522,654,341,123,49.8,0.2,32.3,40.4,414,137,245,2406,49.5,95.8,814,2027,40.2,602,1358,44.3,212,669,31.7,465,685,67.9,409,824,1233,470,12,720,8,0,2305,484,299,82,45.4,0.2,33.2,33.8
2016,20152016,264,Siena,MAAC,34,21,13,1415,66.9,492,155,210,2362,56.6,112.6,929,1992,46.6,714,1407,50.7,215,585,36.8,586,812,72.2,455,907,1362,546,23,716,9,0,2659,1010,420,186,52.0,0.23,33.4,40.8,390,123,254,2368,52.2,105.2,851,2041,41.7,625,1337,46.7,226,704,32.1,564,784,71.9,388,709,1097,425,7,702,7,0,2492,905,513,178,47.2,0.18,35.4,38.4
2016,20152016,265,South Alabama,Sun Belt,33,14,19,1385,59.4,350,132,221,2059,50.9,110.9,784,1917,40.9,571,1257,45.4,213,660,32.3,503,747,67.3,390,838,1228,483,4,665,12,0,2284,656,363,174,46.5,0.23,31.8,39.0,454,112,191,2057,52.7,117.9,834,1975,42.2,603,1251,48.2,231,724,31.9,527,747,70.5,402,860,1262,433,13,651,8,0,2426,632,412,129,48.1,0.21,31.9,37.8
2016,20152016,266,South Carolina,SEC,34,25,9,1390,69.9,461,151,230,2425,53.2,106.5,882,2041,43.2,666,1426,46.7,216,615,35.1,603,883,68.3,472,899,1371,464,7,673,2,0,2583,400,181,89,48.5,0.19,34.4,43.3,435,156,215,2434,51.4,96.8,779,1961,39.7,492,1155,42.6,287,806,35.6,512,751,68.2,381,784,1165,507,14,771,8,0,2357,230,174,78,47.0,0.21,32.7,38.3
2016,20152016,267,South Carolina State,MEAC,34,19,15,1360,37.5,415,91,153,1279,56.4,194.3,852,1896,44.9,657,1318,49.8,195,578,33.7,504,702,71.8,334,778,1112,382,19,635,1,0,2485,550,230,152,50.1,0.3,30.0,37.0,422,94,148,1273,57.0,195.2,824,1862,44.3,584,1164,50.2,240,698,34.4,519,719,72.2,351,803,1154,405,11,636,2,0,2485,518,243,113,50.7,0.32,30.4,38.6
2016,20152016,268,South Carolina Upstate,ASUN,32,10,22,1310,66.0,484,106,175,2163,53.2,107.0,860,1915,44.9,642,1274,50.4,218,641,34.0,377,590,63.9,418,807,1225,449,8,623,1,0,2315,875,367,115,50.6,0.21,34.1,30.8,528,92,220,2158,56.3,115.6,889,1934,46.0,619,1196,51.8,270,738,36.6,447,643,69.5,382,789,1171,361,4,526,5,0,2495,899,467,185,52.9,0.17,32.6,33.2
2016,20152016,269,South Dakota,Summit,32,14,18,1335,58.7,492,113,209,1958,55.1,124.8,912,1954,46.7,711,1389,51.2,201,565,35.6,418,596,70.1,289,788,1077,388,6,662,5,0,2443,914,389,206,51.8,0.2,26.8,30.5,477,140,167,1958,57.5,129.6,852,1875,45.4,573,1157,49.5,279,718,38.9,554,752,73.7,334,845,1179,447,16,587,2,0,2537,764,342,184,52.9,0.23,28.3,40.1
2016,20152016,270,South Dakota State,Summit,34,26,8,1360,66.4,381,84,169,2255,56.5,114.9,877,1950,45.0,622,1235,50.4,255,715,35.7,582,783,74.3,381,898,1279,399,14,670,1,0,2591,848,432,130,51.5,0.18,29.8,40.2,376,121,192,2257,52.4,102.6,789,1888,41.8,582,1266,46.0,207,622,33.3,531,736,72.1,313,789,1102,412,15,709,5,0,2316,738,384,111,47.3,0.18,28.4,39.0
2016,20152016,271,South Florida,American,33,8,25,1320,66.9,331,176,150,2207,49.1,94.5,774,1852,41.8,641,1387,46.2,133,465,28.6,404,612,66.0,413,858,1271,485,12,588,6,0,2085,590,214,102,45.4,0.22,32.5,33.0,495,106,255,2208,51.4,106.5,817,1978,41.3,582,1242,46.9,235,736,31.9,483,704,68.6,413,779,1192,316,12,560,4,0,2352,577,356,186,47.2,0.14,34.6,35.6
2016,20152016,272,Southeast Missouri State,OVC,29,5,24,1175,65.7,358,46,218,1931,49.1,100.7,699,1711,40.9,545,1198,45.5,154,513,30.0,392,612,64.1,326,697,1023,402,5,514,4,0,1944,704,374,183,45.4,0.21,31.9,35.8,516,113,190,1929,57.3,116.7,824,1733,47.5,591,1068,55.3,233,665,35.0,371,528,70.3,293,811,1104,395,4,528,4,0,2252,854,417,182,54.3,0.2,26.5,30.5
2016,20152016,273,Southern Illinois,MVC,32,22,10,1310,64.3,369,63,232,2102,55.1,112.3,828,1827,45.3,616,1209,51.0,212,618,34.3,492,718,68.5,357,778,1135,438,21,686,6,0,2360,842,474,180,51.1,0.21,31.5,39.3,377,88,190,2110,55.2,105.6,764,1687,45.3,575,1093,52.6,189,594,31.8,512,758,67.5,268,770,1038,479,12,680,4,0,2229,748,370,139,50.9,0.23,25.8,44.9
2016,20152016,274,Southern,SWAC,35,22,13,1400,26.0,382,122,259,910,53.3,278.5,909,2046,44.4,698,1436,48.6,211,610,34.6,505,754,67.0,365,892,1257,391,4,680,8,0,2534,230,188,55,49.6,0.43,29.0,36.9,410,105,183,913,51.5,263.5,832,2000,41.6,598,1266,47.2,234,734,31.9,508,764,66.5,414,897,1311,483,6,672,4,1,2406,238,131,39,47.5,0.53,31.6,38.2
2016,20152016,275,Southern Miss,CUSA,29,8,21,1210,63.3,353,63,156,1912,53.8,97.6,612,1496,40.9,355,775,45.8,257,721,35.6,385,540,71.3,228,692,920,388,25,543,8,0,1866,554,327,82,49.5,0.2,24.8,36.1,395,87,189,1917,55.5,106.7,687,1575,43.6,438,876,50.0,249,699,35.6,422,605,69.8,281,745,1026,343,10,525,8,0,2045,647,475,148,51.5,0.18,27.4,38.4
2016,20152016,276,Southern Utah,Big Sky,29,5,24,1190,63.8,338,79,163,1903,54.1,107.2,707,1621,43.6,507,1071,47.3,200,550,36.4,426,598,71.2,238,640,878,381,15,602,8,0,2040,656,306,120,49.8,0.2,27.1,36.9,396,114,175,1893,61.3,126.1,825,1635,50.5,599,1098,54.6,226,537,42.1,512,714,71.7,287,765,1052,358,7,572,9,0,2388,792,394,122,57.4,0.19,27.3,43.7
2016,20152016,277,St. Bonaventure,A-10,31,22,9,1270,63.3,418,132,184,2013,56.6,119.7,812,1826,44.5,556,1139,48.8,256,687,37.3,529,684,77.3,345,757,1102,357,8,602,0,0,2409,882,412,205,51.5,0.18,31.3,37.5,442,94,166,2007,53.8,112.8,788,1808,43.6,570,1128,50.5,218,680,32.1,470,676,69.5,380,756,1136,410,3,611,1,0,2264,904,343,203,49.6,0.2,33.5,37.4
2016,20152016,278,St. Francis (PA),NEC,30,13,17,1230,64.2,356,95,140,1974,53.0,106.9,716,1700,42.1,498,1093,45.6,218,607,35.9,460,662,69.5,349,744,1093,379,17,515,4,0,2110,626,299,155,48.5,0.19,31.9,38.9,406,119,173,1977,54.2,110.3,796,1776,44.8,592,1134,52.2,204,642,31.8,385,534,72.1,329,733,1062,345,6,602,4,0,2181,746,364,183,50.6,0.17,31.0,30.1
2016,20152016,279,St. John's,Big East,32,8,24,1280,71.1,418,177,202,2281,49.9,95.3,757,1865,40.6,551,1233,44.7,206,632,32.6,454,714,63.6,345,798,1143,491,9,683,12,0,2174,372,207,82,46.1,0.22,30.2,38.3,464,111,273,2269,56.1,108.9,835,1855,45.0,597,1212,49.3,238,643,37.0,564,795,70.9,355,908,1263,468,11,664,7,0,2472,426,273,96,51.4,0.21,28.1,42.9
2016,20152016,281,Stanford,Pac-12,30,15,15,1230,65.8,350,94,203,2023,52.7,103.2,704,1653,42.6,532,1115,47.7,172,538,32.0,508,743,68.4,329,699,1028,355,13,600,2,0,2088,416,271,56,47.8,0.18,32.0,44.9,420,93,161,2025,54.7,104.2,728,1647,44.2,500,1020,49.0,228,627,36.4,427,646,66.1,319,734,1053,405,27,645,4,0,2111,356,222,37,51.1,0.2,30.3,39.2
2016,20152016,282,Stephen F. Austin,Southland,34,28,6,1360,65.3,636,122,311,2219,58.3,122.9,972,2032,47.8,703,1291,54.5,269,741,36.3,515,701,73.5,403,785,1188,411,14,700,4,0,2728,888,675,242,54.5,0.19,33.9,34.5,398,96,181,2221,52.7,96.9,764,1745,43.8,590,1201,49.1,174,544,32.0,451,680,66.3,337,762,1099,631,12,687,18,0,2153,786,332,105,48.8,0.28,30.7,39.0
2016,20152016,283,Stetson,ASUN,34,12,22,1440,60.3,519,82,214,2172,55.8,125.6,962,2126,45.2,680,1351,50.3,282,775,36.4,523,725,72.1,332,884,1216,418,8,614,3,0,2729,768,376,181,51.9,0.19,27.3,34.1,528,158,210,2171,55.6,129.3,1052,2227,47.2,801,1500,53.4,251,727,34.5,452,671,67.4,409,957,1366,417,6,634,5,0,2807,1059,414,192,52.9,0.19,29.9,30.1
2016,20152016,285,Stony Brook,Am. East,33,26,7,1335,64.7,541,151,204,2156,55.3,116.7,933,1992,46.8,713,1395,51.1,220,597,36.9,429,637,67.3,426,886,1312,380,9,523,0,0,2515,898,408,146,52.4,0.18,32.5,32.0,365,96,186,2162,50.1,97.8,770,1887,40.8,558,1238,45.1,212,649,32.7,363,506,71.7,302,755,1057,420,10,607,1,0,2115,640,269,87,46.4,0.19,28.6,26.8
2016,20152016,286,Syracuse,ACC,37,23,14,1525,63.6,498,164,300,2426,53.8,106.7,884,2082,42.5,569,1206,47.2,315,876,36.0,506,736,68.8,445,877,1322,439,14,598,1,0,2589,394,191,76,50.0,0.18,33.7,35.4,575,113,232,2423,50.4,99.4,877,2128,41.2,618,1284,48.1,259,844,30.7,396,595,66.6,477,882,1359,495,17,646,2,0,2409,328,119,36,47.3,0.2,35.1,28.0
2016,20152016,287,TCU,Big 12,33,12,21,1320,67.4,382,126,213,2223,50.8,99.4,734,1810,40.6,547,1252,43.7,187,558,33.5,554,826,67.1,355,758,1113,478,13,677,8,0,2209,364,259,71,45.7,0.22,31.9,45.6,486,151,246,2227,55.3,105.9,806,1805,44.7,581,1158,50.2,225,647,34.8,522,747,69.9,349,855,1204,488,17,742,13,0,2359,308,211,58,50.9,0.22,29.0,41.4
2016,20152016,289,Temple,American,33,21,12,1385,59.7,445,103,173,2068,50.2,109.6,822,2023,40.6,567,1266,44.8,255,757,33.7,368,538,68.4,371,854,1225,305,12,537,2,0,2267,296,140,41,46.9,0.15,30.3,26.6,408,121,143,2069,50.7,107.8,809,1953,41.4,613,1324,46.3,196,629,31.2,416,561,74.2,360,902,1262,358,17,520,2,0,2230,352,127,56,46.4,0.17,28.5,28.7
2016,20152016,290,Tennessee State,OVC,31,20,11,1300,64.9,328,113,250,2104,54.6,108.0,794,1759,45.1,621,1242,50.0,173,517,33.5,510,734,69.5,353,796,1149,426,11,640,8,0,2273,938,531,162,50.1,0.2,30.7,41.7,397,81,177,2116,53.3,100.9,698,1691,41.3,445,986,45.1,253,705,35.9,485,709,68.4,320,748,1068,481,26,624,4,0,2134,624,382,143,48.8,0.23,30.0,41.9
2016,20152016,291,Tennessee Tech,OVC,31,19,12,1255,64.6,442,119,159,2022,58.5,119.5,792,1730,45.8,526,999,52.7,266,731,36.4,566,762,74.3,291,811,1102,383,5,600,7,0,2416,768,412,183,53.5,0.19,26.4,44.0,452,93,192,2031,54.0,115.2,836,1890,44.2,600,1237,48.5,236,653,36.1,432,633,68.2,369,749,1118,359,8,654,5,0,2340,870,397,169,50.5,0.18,33.0,33.5
2016,20152016,292,Tennessee,SEC,34,15,19,1360,71.0,458,156,180,2419,52.5,105.6,890,2116,42.1,639,1349,47.4,251,767,32.7,523,721,72.5,428,864,1292,380,9,662,4,0,2554,450,186,104,48.0,0.16,33.1,34.1,471,120,204,2412,52.8,106.0,886,2081,42.6,638,1355,47.1,248,726,34.2,536,776,69.1,456,905,1361,417,5,692,4,0,2556,472,174,76,48.5,0.17,33.5,37.3
2016,20152016,293,Texas A&M,SEC,37,28,9,1530,67.1,613,133,260,2563,54.8,110.3,991,2208,44.9,710,1385,51.3,281,823,34.1,565,841,67.2,477,983,1460,447,5,669,4,0,2828,378,232,84,51.2,0.17,32.7,38.1,493,131,199,2571,50.8,95.6,862,2118,40.7,579,1269,45.6,283,849,33.3,451,685,65.8,405,891,1296,534,21,725,5,0,2458,238,146,25,47.4,0.21,31.3,32.3
2016,20152016,294,Texas A&M-Corpus Christi,Southland,33,25,8,1320,64.1,421,149,306,2109,54.2,115.1,838,1918,43.7,623,1287,48.4,215,631,34.1,537,728,73.8,373,786,1159,419,5,701,18,0,2428,730,511,169,49.3,0.2,32.2,38.0,408,71,207,2121,53.5,108.8,753,1805,41.7,522,1143,45.7,231,662,34.9,571,797,71.6,383,803,1186,528,18,667,4,0,2308,712,394,118,48.1,0.25,32.3,44.2
2016,20152016,295,Texas,Big 12,33,20,13,1350,65.3,377,144,167,2208,53.3,106.7,814,1884,43.2,582,1203,48.4,232,681,34.1,495,743,66.6,363,774,1137,341,6,688,7,0,2355,204,170,66,49.4,0.15,31.9,39.4,369,107,147,2202,52.3,102.3,775,1844,42.0,566,1238,45.7,209,606,34.5,494,707,69.9,364,817,1181,410,15,669,5,0,2253,168,111,26,47.7,0.19,30.8,38.3
2016,20152016,296,Texas Southern,SWAC,33,18,15,1320,33.2,461,96,143,1094,56.5,219.7,822,1800,45.7,604,1160,52.1,218,640,34.1,470,744,63.2,402,814,1216,427,11,483,9,0,2403,354,137,55,51.7,0.39,33.1,41.3,441,134,201,1094,54.4,212.7,851,1935,44.0,642,1314,48.9,209,621,33.7,350,465,75.3,323,725,1048,351,8,681,3,0,2327,403,191,91,49.4,0.32,30.8,24.0
2016,20152016,297,Texas State,Sun Belt,31,15,16,1270,59.6,366,96,190,1895,51.6,108.0,727,1693,42.9,578,1234,46.8,149,459,32.5,443,658,67.3,336,729,1065,370,12,576,5,0,2046,707,474,114,47.3,0.2,31.5,38.9,340,92,177,1891,52.7,105.4,691,1627,42.5,497,1067,46.6,194,560,34.6,417,596,70.0,312,749,1061,439,9,607,4,0,1993,676,364,147,48.4,0.23,29.4,36.6
2016,20152016,298,Texas Tech,Big 12,32,19,13,1325,64.5,418,134,190,2137,55.4,107.9,785,1754,44.8,600,1219,49.2,185,535,34.6,550,741,74.2,326,761,1087,385,19,589,4,0,2305,280,255,50,50.0,0.18,30.0,42.2,362,103,207,2139,53.4,104.5,783,1828,42.8,537,1137,47.2,246,691,35.6,424,602,70.4,364,715,1079,410,22,668,3,0,2236,226,202,25,49.6,0.19,33.7,32.9
2016,20152016,299,The Citadel,SoCon,32,10,22,1295,74.4,498,104,285,2412,53.8,114.1,938,2250,41.7,575,1126,51.1,363,1124,32.3,514,705,72.9,404,751,1155,442,3,770,4,0,2753,518,484,102,49.8,0.18,35.0,31.3,551,129,216,2405,60.5,123.2,1052,2053,51.2,826,1408,58.7,226,645,35.0,632,900,70.2,409,1032,1441,539,6,646,4,0,2962,734,407,190,56.7,0.22,28.4,43.8
2016,20152016,300,Toledo,MAC,32,17,15,1280,62.9,523,63,167,2009,57.2,123.5,865,1881,46.0,602,1159,51.9,263,722,36.4,489,655,74.7,306,855,1161,373,6,552,5,0,2482,792,430,122,53.0,0.19,26.4,34.8,408,100,203,2014,54.2,113.5,815,1874,43.5,548,1183,46.3,267,691,38.6,389,538,72.3,275,789,1064,391,6,638,4,0,2286,772,341,148,50.6,0.19,25.8,28.7
2016,20152016,301,Towson,CAA,33,20,13,1350,63.2,371,155,203,2133,52.2,110.5,805,1888,42.6,623,1314,47.4,182,574,31.7,566,840,67.4,472,823,1295,401,8,679,13,0,2358,849,431,153,47.5,0.19,36.4,44.5,361,111,171,2133,53.1,104.4,746,1784,41.8,537,1177,45.6,209,607,34.4,526,709,74.2,308,749,1057,414,14,687,6,0,2227,799,387,136,47.7,0.19,29.1,39.7
2016,20152016,302,Troy,Sun Belt,31,9,22,1270,62.1,349,88,185,1969,50.4,108.9,740,1816,40.7,532,1142,46.6,208,674,30.9,457,713,64.1,349,783,1132,376,4,582,3,0,2145,776,390,169,46.5,0.19,30.8,39.3,442,111,199,1976,54.4,117.9,821,1859,44.2,585,1194,49.0,236,665,35.5,451,643,70.1,354,846,1200,390,13,632,6,0,2329,832,386,154,50.5,0.2,29.5,34.6
2016,20152016,303,Tulane,American,34,12,22,1430,62.0,372,131,218,2214,48.8,101.2,802,2021,39.7,586,1302,45.0,216,719,30.0,420,621,67.6,415,851,1266,451,12,649,7,0,2240,424,252,73,45.0,0.2,32.8,30.7,409,119,240,2218,52.9,108.1,845,1950,43.3,633,1349,46.9,212,601,35.3,496,718,69.1,369,895,1264,441,14,598,10,0,2398,330,212,44,48.8,0.2,29.2,36.8
2016,20152016,304,Tulsa,American,32,20,12,1310,67.4,435,89,216,2208,54.3,106.7,821,1849,44.4,602,1178,51.1,219,671,32.6,495,732,67.6,323,799,1122,346,12,564,6,0,2356,600,315,143,50.3,0.16,28.8,39.6,385,108,169,2207,53.1,100.9,757,1819,41.6,516,1147,45.0,241,672,35.9,472,629,75.0,351,834,1185,452,12,651,9,1,2227,434,168,59,48.2,0.2,29.6,34.6
2016,20152016,305,UAB,CUSA,33,26,7,1370,65.9,607,201,213,2252,57.7,115.7,942,1971,47.8,692,1299,53.3,250,672,37.2,472,654,72.2,366,892,1258,414,8,581,7,0,2606,1083,443,252,54.1,0.18,29.1,33.2,430,103,205,2260,51.0,102.8,841,2017,41.7,608,1305,46.6,233,712,32.7,408,589,69.3,390,755,1145,418,10,592,8,0,2323,856,432,128,47.5,0.18,34.1,29.2
2016,20152016,306,UAlbany,Am. East,33,24,9,1365,58.2,410,52,216,1980,56.5,126.0,848,1850,45.8,660,1263,52.3,188,587,32.0,611,814,75.1,387,889,1276,413,11,582,7,0,2495,890,412,158,50.9,0.21,30.3,44.0,404,131,177,1989,51.3,109.6,801,1899,42.2,572,1149,49.8,229,750,30.5,349,516,67.6,310,717,1027,429,11,695,6,0,2180,632,348,102,48.2,0.22,30.2,27.2
2016,20152016,307,UC Davis,Big West,30,11,19,1255,61.2,342,49,186,1919,51.6,99.7,697,1608,43.3,533,1145,46.6,164,463,35.4,356,557,63.9,255,778,1033,427,9,532,5,0,1914,648,339,67,48.4,0.22,24.7,34.6,409,103,223,1922,51.1,103.0,707,1710,41.3,511,1078,47.4,196,632,31.0,370,517,71.6,296,761,1057,408,11,566,1,0,1980,622,424,119,47.1,0.21,28.0,30.2
2016,20152016,308,UC Irvine,Big West,38,28,10,1565,57.6,568,198,217,2255,55.0,120.0,977,2128,45.9,736,1476,49.9,241,652,37.0,511,752,68.0,370,1046,1416,471,9,708,9,0,2706,832,373,111,51.6,0.21,26.1,35.3,530,93,204,2253,49.5,111.5,847,2210,38.3,575,1395,41.2,272,815,33.4,546,745,73.3,412,916,1328,443,10,717,8,0,2512,558,362,66,44.5,0.2,31.0,33.7
2016,20152016,309,UC Riverside,Big West,33,14,19,1320,57.7,410,101,170,1903,53.9,120.8,788,1837,42.9,536,1121,47.8,252,716,35.2,471,669,70.4,328,833,1161,433,8,654,10,0,2299,654,393,112,49.8,0.23,28.3,36.4,428,115,208,1906,52.8,120.7,796,1863,42.7,598,1280,46.7,198,583,34.0,510,713,71.5,321,816,1137,396,20,608,5,0,2300,674,368,90,48.0,0.21,28.2,38.3
2016,20152016,310,UC San Diego,,1,0,1,40,0.0,13,1,4,0,53.2,,24,62,38.7,13,35,37.1,11,27,40.7,14,15,93.3,12,18,30,5,0,21,0,0,73,0,0,0,47.6,,40.0,24.2,18,8,2,0,71.4,,31,50,62.0,24,36,66.7,7,14,50.0,20,28,71.4,5,26,31,8,0,16,0,0,89,0,0,0,69.0,,16.1,56.0
2016,20152016,311,UC Santa Barbara,Big West,33,19,14,1335,65.3,496,98,195,2178,53.7,107.2,859,1944,44.2,608,1247,48.8,251,697,36.0,366,522,70.1,343,892,1235,419,8,647,1,0,2335,649,409,58,50.6,0.19,27.8,26.9,410,95,171,2178,51.1,101.9,736,1842,40.0,507,1078,47.0,229,764,30.0,518,750,69.1,344,834,1178,403,6,546,5,0,2219,521,380,52,46.2,0.19,29.2,40.7
2016,20152016,312,UCF,American,30,12,18,1230,64.5,379,141,137,1983,53.2,104.0,715,1664,43.0,508,1013,50.1,207,651,31.8,425,619,68.7,329,836,1165,440,18,468,1,0,2062,518,203,78,49.2,0.22,28.2,37.2,440,92,224,1984,50.2,108.2,799,1925,41.5,582,1254,46.4,217,671,32.3,332,483,68.7,367,722,1089,278,8,554,3,0,2147,516,345,162,47.1,0.14,33.7,25.1
2016,20152016,313,UCLA,Pac-12,32,15,17,1315,70.3,502,110,175,2309,53.9,107.4,915,2016,45.4,715,1465,48.8,200,551,36.3,450,651,69.1,393,874,1267,392,5,596,5,0,2480,344,203,26,50.3,0.17,31.0,32.3,462,98,213,2314,53.4,106.1,860,2002,43.0,592,1245,47.6,268,757,35.4,467,678,68.9,381,807,1188,374,13,619,3,0,2455,279,211,43,49.7,0.16,32.1,33.9
2016,20152016,314,UConn,American,36,25,11,1470,65.6,490,183,209,2406,56.0,109.4,944,2079,45.4,689,1380,49.9,255,699,36.5,488,615,79.3,338,964,1302,394,23,657,7,0,2631,268,182,84,51.5,0.16,26.0,29.6,410,129,183,2413,48.6,94.7,785,2033,38.6,545,1297,42.0,240,736,32.6,475,719,66.1,396,845,1241,440,27,592,3,0,2285,174,138,49,44.5,0.18,31.9,35.4
2016,20152016,315,UIC,Horizon,30,5,25,1250,66.3,347,162,168,2070,47.0,97.5,697,1796,38.8,564,1356,41.6,133,440,30.2,492,795,61.9,406,829,1235,453,10,642,4,0,2019,776,299,168,42.5,0.22,32.9,44.3,489,155,217,2071,53.4,113.4,803,1878,42.8,578,1246,46.4,225,632,35.6,515,727,70.8,363,846,1209,352,11,659,2,0,2348,798,461,242,48.7,0.17,30.0,38.7
2016,20152016,316,UL Monroe,Sun Belt,34,20,14,1430,60.6,481,113,198,2160,55.1,114.4,896,1957,45.8,671,1321,50.8,225,636,35.4,454,647,70.2,376,857,1233,424,18,596,5,0,2471,817,409,120,51.5,0.2,30.5,33.1,391,101,186,2171,51.6,108.7,827,2005,41.2,575,1241,46.3,252,764,33.0,454,637,71.3,388,790,1178,403,9,585,5,0,2360,785,455,121,47.5,0.19,32.9,31.8
2016,20152016,317,UMBC,Am. East,32,7,25,1310,63.8,395,58,223,2091,54.4,110.3,788,1788,44.1,572,1136,50.4,216,652,33.1,515,754,68.3,279,738,1017,398,12,640,6,0,2307,812,418,155,50.1,0.19,27.4,42.2,487,98,206,2091,60.5,123.3,904,1821,49.6,650,1153,56.4,254,668,38.0,517,707,73.1,300,841,1141,442,14,646,1,0,2579,913,410,165,56.6,0.21,26.3,38.8
2016,20152016,318,UMass Lowell,Am. East,29,11,18,1190,69.7,426,71,205,2074,57.0,107.1,800,1705,46.9,560,1046,53.5,240,659,36.4,381,556,68.5,249,698,947,455,8,597,6,0,2221,776,428,109,54.0,0.22,26.3,32.6,408,85,240,2076,58.0,115.7,850,1776,47.9,620,1151,53.9,230,625,36.8,471,664,70.9,338,746,1084,418,6,553,7,0,2401,863,496,141,54.3,0.2,31.2,37.4
2016,20152016,319,UNC Asheville,Big South,34,22,12,1390,59.1,422,112,312,2052,54.8,124.4,898,1973,45.5,703,1370,51.3,195,603,32.3,561,808,69.4,396,883,1279,444,3,587,3,0,2552,802,455,141,50.5,0.22,31.0,41.0,375,84,230,2052,51.9,112.7,835,1954,42.7,630,1249,50.4,205,705,29.1,438,627,69.9,360,844,1204,530,7,670,4,0,2313,824,371,131,48.0,0.26,29.9,32.1
2016,20152016,320,UNC Greensboro,SoCon,34,15,19,1390,63.4,440,86,208,2208,54.8,111.8,890,1997,44.6,594,1182,50.3,296,815,36.3,393,579,67.9,322,845,1167,407,15,675,4,0,2469,762,369,153,52.0,0.18,27.6,29.0,464,101,171,2198,56.0,113.5,837,1909,43.8,556,1149,48.4,281,760,37.0,539,720,74.9,318,877,1195,413,4,614,4,0,2494,698,419,121,51.2,0.19,26.6,37.7
2016,20152016,321,UNC Wilmington,CAA,33,25,8,1365,63.1,438,143,246,2151,55.2,121.8,928,2039,45.5,698,1362,51.2,230,677,34.0,534,760,70.3,397,840,1237,374,8,794,7,0,2620,785,467,194,51.2,0.17,32.1,37.3,344,108,163,2158,53.3,110.2,758,1802,42.1,583,1280,45.5,175,522,33.5,688,976,70.5,374,836,1210,495,9,665,5,0,2379,714,329,184,46.9,0.23,30.9,54.2
2016,20152016,322,UNLV,Mountain West,33,18,15,1380,52.1,499,168,266,1799,54.4,143.5,887,2015,44.0,635,1255,50.6,252,760,33.2,555,815,68.1,371,895,1266,466,9,701,7,0,2581,552,250,184,50.3,0.26,29.3,40.4,390,114,212,1795,51.6,135.2,831,2004,41.5,618,1357,45.5,213,647,32.9,552,792,69.7,383,897,1280,504,19,717,3,0,2427,488,283,88,46.8,0.28,29.9,39.5
2016,20152016,323,USC,Pac-12,34,21,13,1390,65.6,504,182,215,2279,55.5,120.1,982,2137,46.0,716,1449,49.4,266,688,38.7,507,750,67.6,402,936,1338,415,7,590,5,0,2737,541,177,110,52.2,0.18,30.0,35.1,469,134,196,2279,50.9,111.3,924,2215,41.7,676,1451,46.6,248,764,32.5,441,627,70.3,431,848,1279,417,15,664,6,0,2537,464,202,55,47.3,0.18,33.7,28.3
2016,20152016,324,UT Arlington,Sun Belt,35,24,11,1445,71.0,590,99,261,2565,53.3,107.7,956,2250,42.5,649,1308,49.6,307,942,32.6,543,780,69.6,520,1010,1530,482,10,730,4,0,2762,918,619,284,49.3,0.19,34.0,34.7,430,164,240,2565,51.1,94.2,788,1989,39.6,511,1165,43.9,277,824,33.6,564,851,66.3,353,883,1236,528,7,694,6,0,2417,608,414,173,46.6,0.21,28.6,42.8
2016,20152016,325,UT Martin,OVC,35,20,15,1460,61.2,425,70,203,2240,55.2,114.0,888,2000,44.4,614,1211,50.7,274,789,34.7,504,711,70.9,371,908,1279,426,12,609,7,0,2554,846,406,185,51.3,0.19,29.0,35.6,495,96,189,2230,54.0,111.8,883,2050,43.1,575,1143,50.3,308,907,34.0,420,593,70.8,363,850,1213,420,7,647,8,0,2494,768,390,130,50.6,0.19,29.9,28.9
2016,20152016,326,UT Rio Grande Valley,WAC,30,8,22,1200,59.9,459,91,143,1796,51.3,111.0,716,1712,41.8,504,1079,46.7,212,633,33.5,349,520,67.1,258,746,1004,374,10,536,4,0,1993,570,259,77,48.0,0.21,25.7,30.4,479,82,191,1795,54.1,129.8,861,1897,45.4,654,1295,50.5,207,602,34.4,401,586,68.4,400,835,1235,307,12,507,2,0,2330,871,396,140,50.8,0.17,32.4,30.9
2016,20152016,327,UTEP,CUSA,33,19,14,1355,61.8,512,116,197,2093,56.0,122.0,896,1926,46.5,673,1308,51.5,223,618,36.1,539,809,66.6,299,897,1196,417,10,673,11,0,2554,973,453,197,52.3,0.2,25.0,42.0,482,100,175,2092,52.9,118.1,853,2013,42.4,585,1217,48.1,268,796,33.7,497,734,67.7,403,891,1294,473,17,696,4,0,2471,798,401,145,49.0,0.23,31.1,36.5
2016,20152016,328,UTSA,CUSA,32,5,27,1300,69.7,366,80,206,2267,51.9,102.2,796,1915,41.6,576,1224,47.1,220,691,31.8,505,719,70.2,327,759,1086,435,11,704,9,1,2317,860,396,127,47.3,0.19,30.1,37.5,541,159,201,2263,61.5,119.2,927,1826,50.8,647,1139,56.8,280,687,40.8,564,834,67.6,280,900,1180,411,14,665,6,0,2698,995,462,215,58.4,0.18,23.7,45.7
2016,20152016,329,Utah State,Mountain West,31,16,15,1240,67.9,454,81,170,2101,55.7,108.2,802,1779,45.1,545,1084,50.3,257,695,37.0,413,597,69.2,319,788,1107,373,8,546,1,0,2274,794,388,143,52.3,0.18,28.8,33.6,435,96,191,2110,54.0,105.1,795,1800,44.2,567,1137,49.9,228,663,34.4,399,575,69.4,315,755,1070,354,6,559,5,0,2217,820,384,208,50.5,0.17,29.4,31.9
2016,20152016,331,Utah,Pac-12,36,27,9,1500,63.5,557,149,199,2380,59.5,116.7,977,2000,48.9,704,1254,56.1,273,746,36.6,551,764,72.1,347,988,1335,451,15,551,5,0,2778,304,124,41,55.7,0.19,26.0,38.2,395,129,238,2379,51.1,105.2,933,2226,41.9,664,1500,44.3,269,726,37.1,367,506,72.5,373,798,1171,378,7,711,4,0,2502,250,123,39,48.0,0.16,31.9,22.7
2016,20152016,332,Utah Valley,WAC,30,12,18,1220,71.8,435,95,176,2188,54.0,104.2,785,1834,42.8,529,1105,47.9,256,729,35.1,454,628,72.3,276,826,1102,399,4,627,6,0,2280,746,360,119,49.8,0.18,25.0,34.2,440,93,192,2189,53.6,107.8,851,1902,44.7,668,1340,49.9,183,562,32.6,475,685,69.3,339,865,1204,385,10,569,2,0,2360,842,409,116,49.6,0.18,28.2,36.0
2016,20152016,333,VCU,A-10,36,25,11,1470,68.9,517,135,309,2538,54.4,109.6,1010,2238,45.1,748,1493,50.1,262,745,35.2,499,721,69.2,447,900,1347,414,6,706,1,0,2781,908,456,227,51.0,0.16,33.2,32.2,459,146,204,2524,53.1,96.7,872,1979,44.1,670,1380,48.6,202,599,33.7,494,728,67.9,344,900,1244,543,13,642,5,0,2440,782,254,150,49.2,0.22,27.7,36.8
2016,20152016,334,VMI,SoCon,30,9,21,1215,66.6,330,126,184,2027,52.3,102.7,729,1770,41.2,466,987,47.2,263,783,33.6,360,498,72.3,290,705,995,397,13,586,4,0,2081,554,373,98,48.6,0.2,29.1,28.1,375,92,205,2019,56.0,112.1,769,1716,44.8,545,1101,49.5,224,615,36.4,502,693,72.4,339,824,1163,393,14,508,6,0,2264,680,434,140,51.3,0.19,29.1,40.4
2016,20152016,335,Valparaiso,Horizon,37,30,7,1510,65.9,526,175,246,2481,55.3,112.1,964,2178,44.3,666,1349,49.4,298,829,35.9,556,769,72.3,468,1065,1533,478,8,732,2,0,2782,826,370,190,51.1,0.19,30.5,35.3,395,135,215,2492,48.3,93.2,792,2061,38.4,567,1378,41.1,225,683,32.9,514,784,65.6,347,861,1208,478,7,717,4,0,2323,618,278,97,43.9,0.19,28.7,38.0
2016,20152016,336,Vanderbilt,SEC,33,19,14,1350,67.7,487,182,139,2284,56.8,109.7,857,1879,45.6,584,1165,50.1,273,714,38.2,519,747,69.5,313,959,1272,386,15,635,7,0,2506,262,99,30,52.9,0.17,24.6,39.8,343,101,185,2283,47.5,97.5,784,2033,38.6,601,1411,42.6,183,622,29.4,474,700,67.7,397,838,1235,326,16,651,6,0,2225,200,72,20,43.1,0.14,32.1,34.4
2016,20152016,337,Vermont,Am. East,37,23,14,1480,65.2,495,161,212,2410,58.0,115.1,986,2051,48.1,731,1385,52.8,255,666,38.3,547,772,70.9,343,978,1321,490,12,720,4,0,2774,964,462,120,54.3,0.2,26.0,37.6,464,132,251,2413,52.8,108.2,904,2124,42.6,647,1415,45.7,257,709,36.2,546,791,69.0,378,845,1223,431,5,726,4,0,2611,844,483,141,48.6,0.18,30.9,37.2
2016,20152016,338,Villanova,Big East,40,35,5,1615,66.7,637,136,282,2688,60.3,116.0,1086,2247,48.3,739,1288,57.4,347,959,36.2,599,766,78.2,351,1034,1385,440,15,681,1,0,3118,310,168,26,56.1,0.16,25.3,34.1,510,87,232,2695,50.0,94.4,906,2247,40.3,621,1407,44.1,285,840,33.9,446,674,66.2,430,892,1322,554,16,757,5,0,2543,246,73,9,46.7,0.21,32.5,30.0
2016,20152016,339,Virginia,ACC,37,29,8,1495,60.8,551,119,199,2271,58.6,115.6,964,1963,49.1,740,1407,52.6,224,556,40.3,474,630,75.2,323,865,1188,345,8,596,0,0,2626,166,108,14,54.8,0.15,27.2,32.1,370,83,199,2276,52.4,97.6,777,1849,42.0,542,1171,46.3,235,678,34.7,433,617,70.2,291,757,1048,429,14,617,4,0,2222,128,66,2,48.4,0.19,27.8,33.4
2016,20152016,340,Virginia Tech,ACC,35,20,15,1475,62.8,426,125,188,2319,55.2,113.2,876,1953,44.9,676,1378,49.1,200,575,34.8,672,964,69.7,371,860,1231,447,10,673,4,0,2624,446,235,124,50.0,0.19,30.1,49.4,462,183,200,2316,52.7,109.7,906,2100,43.1,662,1321,50.1,244,779,31.3,484,703,68.8,401,853,1254,445,14,774,5,0,2540,310,213,74,49.0,0.19,32.0,33.5
2016,20152016,341,Wagner,NEC,34,23,11,1375,66.1,451,136,237,2308,51.7,103.5,856,2019,42.4,653,1402,46.6,203,617,32.9,474,665,71.3,474,876,1350,454,20,745,4,0,2389,1037,504,266,47.4,0.2,35.1,32.9,370,112,187,2238,53.4,98.7,715,1736,41.2,519,1142,45.4,196,594,33.0,518,757,68.4,319,768,1087,473,7,607,4,0,2209,847,424,139,46.8,0.21,29.3,43.6
2016,20152016,342,Wake Forest,ACC,31,11,20,1260,66.6,434,138,184,2099,53.5,109.3,793,1804,44.0,598,1186,50.4,195,618,31.6,514,779,66.0,377,809,1186,451,4,650,5,0,2295,304,155,71,49.4,0.21,31.8,43.2,392,122,247,2097,54.5,116.8,847,1923,44.0,638,1297,49.2,209,626,33.4,547,742,73.7,367,776,1143,342,2,652,4,0,2450,318,197,58,49.5,0.16,32.1,38.6
2016,20152016,343,Washington,Pac-12,34,19,15,1425,73.3,488,222,258,2611,53.3,109.3,964,2264,42.6,715,1512,47.3,249,752,33.1,676,932,72.5,473,883,1356,470,4,816,11,0,2853,320,374,67,48.1,0.18,34.9,41.2,433,131,205,2615,52.8,105.1,936,2175,43.0,725,1537,47.2,211,638,33.1,665,969,68.6,491,945,1436,552,6,786,6,0,2748,330,258,78,47.9,0.21,34.2,44.6
2016,20152016,344,Washington State,Pac-12,31,9,22,1290,68.1,419,134,155,2197,54.6,99.5,805,1760,45.7,621,1230,50.5,184,530,34.7,393,551,71.3,247,801,1048,439,16,614,1,0,2187,467,207,99,51.0,0.2,23.6,31.3,380,95,210,2195,54.6,109.1,836,1886,44.3,626,1300,48.2,210,586,35.8,512,699,73.2,333,772,1105,334,8,524,1,0,2394,426,271,86,49.9,0.15,30.1,37.1
2016,20152016,345,Weber State,Big Sky,35,26,9,1450,64.9,481,121,177,2354,59.2,113.1,909,1888,48.1,618,1099,56.2,291,789,36.9,553,821,67.4,300,1001,1301,462,6,612,4,0,2662,946,387,170,55.9,0.2,23.1,43.5,358,57,201,2351,49.5,99.7,880,2115,41.6,678,1537,44.1,202,578,34.9,382,571,66.9,339,831,1170,386,2,733,3,0,2344,910,428,115,46.4,0.16,29.0,27.0
2016,20152016,347,West Virginia,Big 12,35,26,9,1420,70.0,510,93,343,2486,54.3,110.6,943,2102,44.9,734,1459,50.3,209,643,32.5,654,972,67.3,558,822,1380,498,18,822,13,0,2749,398,301,52,49.8,0.2,40.4,46.2,371,128,245,2484,54.8,94.0,726,1713,42.4,520,1091,47.7,206,622,33.1,677,948,71.4,306,772,1078,624,9,813,14,0,2335,216,132,38,48.4,0.25,28.4,55.3
2016,20152016,348,Western Carolina,SoCon,34,16,18,1415,64.6,411,107,264,2288,55.3,108.3,818,1923,42.5,583,1216,47.9,235,707,33.2,512,728,70.3,385,798,1183,472,13,725,9,0,2479,904,468,190,48.6,0.21,32.5,37.9,431,129,230,2285,56.3,109.0,811,1853,43.8,571,1167,48.9,240,686,35.0,583,817,71.4,374,830,1204,491,10,670,2,0,2490,818,438,136,50.2,0.21,31.1,44.1
2016,20152016,349,Western Illinois,Summit,27,10,17,1080,63.7,361,89,163,1718,54.7,110.8,676,1521,44.4,486,1031,47.1,190,490,38.8,362,502,72.1,233,715,948,332,4,555,2,0,1904,614,261,90,50.7,0.19,24.6,33.0,318,77,170,1720,53.7,111.3,647,1508,42.9,471,1033,45.6,176,475,37.1,444,621,71.5,250,693,943,303,3,488,2,0,1914,578,283,112,48.7,0.18,26.5,41.2
2016,20152016,350,Western Kentucky,CUSA,34,18,16,1435,64.4,463,140,151,2312,56.8,113.3,925,1970,47.0,692,1326,52.2,233,644,36.2,537,768,69.9,405,907,1312,450,16,611,2,0,2620,1069,422,166,52.9,0.19,30.9,39.0,493,98,219,2310,54.7,111.9,949,2092,45.4,669,1350,49.6,280,742,37.7,408,617,66.1,364,764,1128,364,11,653,8,0,2586,922,507,214,52.1,0.16,32.3,29.5
2016,20152016,351,Western Michigan,MAC,32,13,19,1370,60.8,382,80,183,2081,53.8,112.5,786,1824,43.1,589,1255,46.9,197,569,34.6,573,805,71.2,359,831,1190,401,11,634,4,0,2342,669,338,98,48.5,0.19,30.2,44.1,430,116,187,2085,55.3,112.8,804,1824,44.1,540,1070,50.5,264,754,35.0,480,690,69.6,286,808,1094,389,10,684,6,0,2352,627,380,146,51.3,0.19,26.1,37.8
2016,20152016,352,Wichita State,MVC,35,26,9,1430,63.5,489,125,255,2267,53.7,111.8,867,2023,42.9,617,1252,49.3,250,771,32.4,551,768,71.7,407,898,1305,346,15,707,4,0,2535,648,442,98,49.0,0.15,31.2,38.0,315,106,163,2270,50.6,91.0,659,1704,38.7,456,1078,42.3,203,626,32.4,545,769,70.9,281,873,1154,542,20,718,8,0,2066,438,210,38,44.6,0.24,24.4,45.1
2016,20152016,353,William & Mary,CAA,31,20,11,1270,52.2,501,132,171,1658,58.6,143.8,843,1755,48.0,602,1102,54.6,241,653,36.9,457,636,71.9,258,877,1135,331,6,512,3,0,2384,834,325,230,54.9,0.2,22.7,36.2,403,108,182,1657,52.0,133.1,798,1894,42.1,547,1126,48.6,251,768,32.7,358,516,69.4,315,753,1068,329,10,598,4,0,2205,704,294,143,48.8,0.2,29.5,27.2
2016,20152016,354,Winthrop,Big South,32,23,9,1280,65.8,378,174,174,2105,59.8,125.0,890,1869,47.6,605,1101,55.0,285,768,37.1,566,756,74.9,291,869,1160,403,6,603,4,0,2631,799,330,126,55.2,0.19,25.1,40.4,366,102,196,2104,52.0,115.4,870,2050,42.4,644,1381,46.6,226,669,33.8,463,651,71.1,406,795,1201,377,7,653,1,0,2429,694,329,115,48.0,0.18,33.8,31.8
2016,20152016,355,Wisconsin,Big Ten,35,22,13,1430,63.0,400,114,205,2250,53.0,105.5,816,1917,42.6,587,1261,46.6,229,656,34.9,512,728,70.3,398,830,1228,386,19,589,2,0,2373,320,212,25,48.5,0.17,32.4,38.0,371,116,190,2252,52.2,99.2,794,1862,42.6,593,1323,44.8,201,539,37.3,444,627,70.8,318,803,1121,419,10,697,2,0,2233,230,161,43,48.0,0.19,28.4,33.7
2016,20152016,356,Wofford,SoCon,32,15,17,1315,62.9,470,56,163,2068,57.1,111.0,771,1725,44.7,501,1063,47.1,270,662,40.8,484,645,75.0,274,741,1015,379,14,609,4,0,2296,615,370,101,52.5,0.18,27.0,37.4,379,100,192,2065,57.4,111.1,826,1699,48.6,649,1198,54.2,177,501,35.3,466,682,68.3,253,751,1004,376,1,607,4,0,2295,933,430,137,53.8,0.18,25.2,40.1
2016,20152016,357,Wright State,Horizon,35,22,13,1415,60.7,478,75,193,2149,54.8,111.6,856,1916,44.7,600,1229,48.8,256,687,37.3,431,621,69.4,232,862,1094,397,12,770,4,0,2399,733,421,141,51.4,0.18,21.2,32.4,373,114,176,2146,53.8,107.3,745,1768,42.1,539,1141,47.2,206,627,32.9,607,846,71.7,294,921,1215,489,7,625,11,0,2303,644,327,93,48.0,0.23,24.2,47.9
2016,20152016,358,Wyoming,Mountain West,32,14,18,1315,60.3,392,84,132,1983,58.7,115.7,720,1626,44.3,401,769,52.1,319,857,37.2,535,747,71.6,181,808,989,358,13,594,8,0,2294,544,337,49,54.1,0.18,18.3,45.9,371,71,187,1985,53.9,116.0,787,1826,43.1,548,1144,47.9,239,682,35.0,489,701,69.8,345,836,1181,347,4,710,5,0,2302,668,354,77,49.6,0.17,29.2,38.4
2016,20152016,359,Xavier,Big East,34,28,6,1360,72.1,548,101,246,2448,56.3,111.8,928,2054,45.2,673,1352,49.8,255,702,36.3,626,857,73.0,436,955,1391,429,8,679,15,0,2737,278,180,64,51.4,0.18,31.3,41.7,456,119,206,2452,51.8,97.6,834,2010,41.5,581,1196,48.6,253,814,31.1,471,675,69.8,335,802,1137,475,8,776,12,0,2392,264,135,47,47.8,0.19,29.5,33.6
2016,20152016,360,Yale,Ivy,30,23,7,1215,62.0,452,137,170,1880,56.2,119.6,795,1693,47.0,605,1170,51.7,190,523,36.3,468,699,67.0,406,802,1208,398,11,530,1,0,2248,726,314,88,52.6,0.21,33.6,41.3,339,107,202,1889,50.6,101.3,678,1654,41.0,495,1090,45.4,183,564,32.4,375,537,69.8,256,625,881,366,13,641,3,0,1914,529,265,74,46.5,0.19,29.1,32.5
2016,20152016,361,Youngstown State,Horizon,32,11,21,1325,70.0,467,80,219,2322,53.1,105.0,870,2021,43.0,613,1317,46.5,257,704,36.5,440,619,71.1,283,798,1081,387,8,571,6,0,2437,826,416,295,49.4,0.17,26.2,30.6,557,107,209,2318,56.2,115.7,984,2094,47.0,728,1338,54.4,256,756,33.9,458,661,69.3,396,940,1336,407,6,560,6,0,2682,1138,444,268,53.1,0.18,29.6,31.6
2016,20152016,363,Hartford,Am. East,33,10,23,1375,68.1,408,63,221,2348,53.6,99.5,777,1907,40.7,458,1004,45.6,319,903,35.3,463,619,74.8,230,763,993,385,10,703,4,0,2336,641,471,146,49.1,0.16,23.2,32.5,504,109,174,2337,56.4,110.7,918,1946,47.2,687,1275,53.9,231,671,34.4,521,794,65.6,413,974,1387,447,7,625,4,0,2588,1059,417,188,53.1,0.19,29.8,40.8
2016,20152016,364,St. Francis Brooklyn,NEC,32,15,17,1310,61.4,370,161,191,2013,50.5,104.1,710,1787,39.7,470,1011,46.5,240,776,30.9,435,652,66.7,390,795,1185,442,22,601,4,0,2095,582,367,102,46.4,0.22,32.9,36.5,368,92,204,2009,51.1,106.1,765,1809,42.3,612,1345,45.5,153,464,33.0,448,629,71.2,349,806,1155,404,6,592,0,0,2131,818,375,107,46.5,0.2,30.2,34.8
2016,20152016,367,Centenary (LA),,2,0,2,80,35.3,21,4,14,70,42.3,168.6,46,129,35.7,36,83,43.4,10,46,21.7,16,24,66.7,23,37,60,24,1,39,0,0,118,18,12,4,39.5,0.34,38.3,18.6,42,9,15,71,64.3,263.4,63,122,51.6,40,75,53.3,23,47,48.9,38,53,71.7,31,64,95,29,1,32,0,0,187,28,21,14,61.1,0.41,32.6,43.4
2016,20152016,380,Savannah State,MEAC,32,16,16,1295,57.4,330,84,201,1856,50.1,107.3,667,1685,39.6,463,1038,44.6,204,647,31.5,452,686,65.9,297,724,1021,473,16,634,4,0,1992,592,414,150,45.6,0.25,29.1,40.7,374,116,221,1859,54.5,116.6,736,1689,43.6,533,1105,48.2,203,584,34.8,492,679,72.5,313,838,1151,497,10,650,3,0,2167,666,405,122,49.6,0.27,27.2,40.2
2016,20152016,503,Piedmont,,2,0,2,80,73.3,19,8,4,147,57.2,93.2,46,100,46.0,36,65,55.4,10,35,28.6,35,45,77.8,11,50,61,36,0,51,0,0,137,28,18,2,51.0,0.24,18.0,45.0,31,8,13,146,56.0,122.6,60,134,44.8,42,84,50.0,18,50,36.0,41,59,69.5,33,50,83,18,1,46,0,0,179,28,40,0,51.5,0.12,39.8,44.0
2016,20152016,505,Cheyney (PA),,1,0,1,40,77.5,7,2,9,78,44.3,89.7,19,64,29.7,14,41,34.1,5,23,21.7,27,34,79.4,13,25,38,10,0,24,0,0,70,0,13,0,33.6,0.13,34.2,53.1,21,8,4,77,56.2,111.7,29,66,43.9,20,43,46.5,9,23,39.1,19,24,79.2,15,36,51,14,0,26,0,0,86,0,14,0,50.8,0.18,29.4,36.4
2016,20152016,512,Hannibal-LaGrange,,3,0,3,120,42.2,38,2,9,126,48.9,135.7,63,163,38.7,39,94,41.5,24,69,34.8,21,27,77.8,21,60,81,42,0,49,0,0,171,35,14,7,46.0,0.33,25.9,16.6,61,10,25,127,65.2,201.6,91,173,52.6,56,103,54.4,35,70,50.0,39,53,73.6,28,84,112,27,0,38,0,0,256,55,30,28,62.7,0.21,25.0,30.6
2016,20152016,516,Mid-Atlantic Christian,,2,0,2,80,40.0,15,4,9,80,36.3,107.5,30,104,28.8,22,68,32.4,8,36,22.2,18,33,54.5,22,38,60,49,2,37,0,0,86,0,14,0,32.7,0.61,36.7,31.7,64,5,37,80,69.5,271.3,84,138,60.9,61,86,70.9,23,52,44.2,26,41,63.4,23,63,86,19,1,37,0,0,217,0,45,0,69.2,0.24,26.7,29.7
2016,20152016,517,Columbia International,,1,0,1,40,75.5,16,1,4,75,60.9,98.7,28,55,50.9,20,35,57.1,8,20,40.0,10,13,76.9,7,19,26,22,0,22,0,0,74,30,14,6,58.2,0.29,26.9,23.6,18,3,9,76,59.4,140.8,40,80,50.0,31,57,54.4,9,23,39.1,18,23,78.3,24,21,45,11,0,19,1,0,107,52,29,12,55.6,0.14,53.3,28.8
2016,20152016,519,NC Wesleyan,,2,0,2,80,75.0,32,2,13,151,46.1,94.0,54,144,37.5,35,87,40.2,19,57,33.3,15,23,65.2,38,37,75,36,0,52,1,0,142,28,33,8,44.1,0.24,50.7,16.0,37,13,18,149,67.0,128.2,65,113,57.5,51,80,63.8,14,33,42.4,47,67,70.1,22,56,78,26,0,26,1,0,191,90,51,27,63.7,0.17,28.2,59.3
2016,20152016,521,Trinity Baptist,,4,0,4,160,34.3,36,7,15,137,40.7,149.6,77,231,33.3,53,143,37.1,24,88,27.3,27,47,57.4,53,89,142,64,1,73,0,0,205,52,26,10,38.5,0.47,37.3,20.3,68,27,41,137,58.0,228.5,111,237,46.8,75,146,51.4,36,91,39.6,55,75,73.3,51,115,166,44,1,51,0,0,313,58,38,26,54.4,0.32,30.7,31.6
2016,20152016,524,Vermont State - Lyndon,,1,0,1,40,69.5,6,1,9,69,29.4,65.2,16,73,21.9,10,39,25.6,6,34,17.6,7,8,87.5,11,20,31,4,0,19,0,0,45,10,18,4,26.0,0.06,35.5,11.0,21,3,1,70,54.9,117.1,31,65,47.7,23,42,54.8,8,23,34.8,12,22,54.5,18,45,63,14,0,8,0,0,82,42,1,0,53.8,0.2,28.6,33.8
2016,20152016,530,York College Nebraska,,2,0,2,80,53.0,25,5,13,106,39.9,106.6,43,134,32.1,25,84,29.8,18,50,36.0,9,17,52.9,23,44,67,30,2,32,0,0,113,20,12,5,38.8,0.28,34.3,12.7,35,7,13,106,55.7,163.2,69,140,49.3,58,105,55.2,11,35,31.4,24,35,68.6,36,71,107,27,1,27,0,0,173,54,17,17,53.2,0.25,33.6,25.0
2016,20152016,531,LSU Alexandria,,2,1,1,80,75.3,26,13,12,151,55.4,113.2,56,127,44.1,47,87,54.0,9,40,22.5,50,62,80.6,26,52,78,23,0,50,0,0,171,88,29,12,47.6,0.15,33.3,48.8,31,10,7,150,56.1,116.0,55,123,44.7,45,89,50.6,10,34,29.4,54,73,74.0,27,54,81,19,0,44,2,0,174,64,28,6,48.8,0.13,33.3,59.3
2016,20152016,532,Mississippi College,,1,0,1,40,75.5,14,3,3,76,54.4,90.8,23,52,44.2,14,31,45.2,9,21,42.9,14,26,53.8,8,21,29,22,0,22,0,0,69,24,20,2,52.9,0.29,27.6,50.0,14,3,13,75,62.9,101.3,26,49,53.1,20,31,64.5,6,18,33.3,18,26,69.2,5,28,33,19,2,26,0,0,76,34,18,10,59.2,0.25,15.2,53.1
2016,20152016,533,Bob Jones,,3,1,2,120,53.0,45,10,18,160,50.8,135.0,79,192,41.1,57,124,46.0,22,68,32.4,36,47,76.6,36,84,120,75,0,57,0,0,216,54,26,10,46.9,0.47,30.0,24.5,53,11,51,158,56.8,192.4,113,233,48.5,83,148,56.1,30,85,35.3,48,79,60.8,61,84,145,36,0,60,0,0,304,86,51,18,54.9,0.23,42.1,33.9
2016,20152016,534,Dallas Christian,,1,0,1,40,0.0,12,4,12,0,41.8,,30,80,37.5,23,52,44.2,7,28,25.0,4,11,36.4,11,28,39,17,0,18,1,0,71,0,0,0,41.9,,28.2,13.8,25,4,13,0,61.3,,41,78,52.6,33,53,62.3,8,25,32.0,18,23,78.3,12,42,54,16,0,12,0,0,108,0,0,0,57.7,,22.2,29.5
2016,20152016,537,Louisiana Christian,,5,1,4,200,44.9,38,8,29,226,49.5,155.8,118,299,39.5,97,212,45.8,21,87,24.1,95,129,73.6,59,114,173,77,0,127,2,0,352,70,45,16,43.0,0.34,34.1,43.1,73,20,33,223,57.7,190.6,149,303,49.2,120,209,57.4,29,94,30.9,98,148,66.2,62,138,200,71,0,115,0,0,425,70,46,10,54.0,0.32,31.0,48.8
2016,20152016,538,Randolph College,,1,0,1,40,63.5,8,0,6,64,40.2,76.6,16,53,30.2,13,36,36.1,3,17,17.6,14,18,77.8,9,24,33,11,0,17,0,0,49,0,9,0,33.0,0.17,27.3,34.0,15,3,7,63,50.0,109.5,23,62,37.1,12,31,38.7,11,31,35.5,12,16,75.0,18,30,48,13,0,17,0,0,69,0,17,0,46.0,0.21,37.5,25.8
2016,20152016,548,Union (TN),,1,0,1,40,67.5,8,0,9,68,34.9,72.1,20,68,29.4,14,41,34.1,6,27,22.2,3,5,60.0,15,25,40,13,0,18,1,0,49,24,7,10,33.8,0.19,37.5,7.4,20,4,5,67,52.2,109.0,28,62,45.2,22,36,61.1,6,26,23.1,11,18,61.1,13,34,47,12,0,11,0,0,73,34,20,9,50.0,0.18,27.7,29.0
2016,20152016,550,Paul Quinn,,1,0,1,40,0.0,12,0,6,0,49.2,,26,61,42.6,19,36,52.8,7,25,28.0,4,7,57.1,8,17,25,18,0,12,0,0,63,0,0,0,48.4,,32.0,11.5,16,2,12,0,62.1,,42,72,58.3,37,60,61.7,5,12,41.7,7,12,58.3,16,29,45,10,0,11,0,0,96,0,0,0,61.8,,35.6,16.7
2016,20152016,553,Dubuque,,1,0,1,40,69.0,14,2,10,69,45.7,91.3,26,68,38.2,17,34,50.0,9,34,26.5,2,2,100.0,6,22,28,6,0,17,0,0,63,0,21,0,44.9,0.09,21.4,2.9,15,1,2,69,67.5,120.3,30,54,55.6,19,30,63.3,11,24,45.8,12,17,70.6,6,36,42,14,0,9,0,0,83,0,4,0,65.7,0.2,14.3,31.5
2016,20152016,555,Fisk,,2,0,2,80,36.3,13,5,15,72,40.2,151.4,35,115,30.4,29,78,37.2,6,37,16.2,33,47,70.2,25,47,72,42,3,47,0,0,109,24,12,2,33.0,0.58,34.7,40.9,22,12,20,73,55.6,227.4,55,122,45.1,41,76,53.9,14,46,30.4,42,62,67.7,29,65,94,34,0,44,0,0,166,26,17,10,50.8,0.47,30.9,50.8
2016,20152016,556,Westminster (MO),,1,0,1,40,74.5,13,4,3,74,43.5,82.4,24,67,35.8,16,42,38.1,8,25,32.0,5,7,71.4,11,19,30,16,2,20,0,0,61,26,6,2,41.8,0.22,36.7,10.4,31,4,8,75,65.4,149.3,45,76,59.2,38,59,64.4,7,17,41.2,15,22,68.2,18,33,51,5,0,8,1,0,112,64,27,20,63.8,0.07,35.3,28.9
2016,20152016,559,Howard Payne,,3,0,3,120,74.0,25,8,19,221,45.0,78.3,56,162,34.6,41,112,36.6,15,50,30.0,46,69,66.7,37,63,100,64,1,69,0,0,173,43,38,13,39.2,0.29,37.0,42.6,45,20,37,223,59.6,116.1,90,178,50.6,70,131,53.4,20,47,42.6,59,89,66.3,41,80,121,42,1,62,1,0,259,28,74,4,56.2,0.19,33.9,50.0
2016,20152016,560,William Carey,,1,1,0,40,74.5,17,1,5,74,57.4,113.5,28,63,44.4,16,34,47.1,12,29,41.4,16,23,69.6,9,30,39,9,0,18,0,0,84,30,9,0,54.0,0.12,23.1,36.5,15,1,4,75,54.8,104.0,25,61,41.0,16,28,57.1,9,33,27.3,19,23,82.6,8,29,37,11,0,18,0,0,78,24,10,6,48.4,0.15,21.6,37.7
2016,20152016,563,Sul Ross State,,2,0,2,80,76.0,24,7,9,152,43.1,66.4,32,104,30.8,21,59,35.6,11,45,24.4,26,30,86.7,11,42,53,44,1,43,0,0,101,26,13,2,36.1,0.29,20.8,28.8,51,8,29,152,57.8,136.2,76,155,49.0,54,93,58.1,22,62,35.5,33,55,60.0,49,64,113,24,0,33,0,0,207,90,66,28,56.1,0.16,43.4,35.5
2016,20152016,564,New Mexico Highlands,,2,0,2,80,34.3,12,3,10,69,44.6,162.3,36,108,33.3,24,62,38.7,12,46,26.1,28,40,70.0,20,49,69,45,0,37,0,0,112,22,4,0,38.9,0.65,29.0,37.0,41,7,21,68,63.1,279.4,70,133,52.6,47,76,61.8,23,57,40.4,27,40,67.5,21,59,80,18,0,34,0,0,190,36,20,2,61.3,0.26,26.3,30.1
2016,20152016,565,Hawai'i Hilo,,2,0,2,80,72.0,27,6,11,144,57.1,105.6,52,119,43.7,30,57,52.6,22,62,35.5,26,32,81.3,15,45,60,30,0,38,2,0,152,18,23,8,52.9,0.21,25.0,26.9,36,2,14,144,58.7,122.2,68,132,51.5,52,87,59.8,16,45,35.6,24,41,58.5,27,53,80,25,1,39,1,0,176,54,42,8,57.6,0.17,33.8,31.1
2016,20152016,567,Northwest Indian,,1,0,1,40,80.0,9,0,12,80,29.2,45.0,13,59,22.0,5,32,15.6,8,27,29.6,2,6,33.3,6,17,23,23,0,14,0,0,36,6,8,0,28.8,0.29,26.1,10.2,27,0,13,80,63.5,122.5,40,71,56.3,31,50,62.0,9,21,42.9,9,14,64.3,16,42,58,20,0,13,1,0,98,54,27,8,62.7,0.25,27.6,19.7
2016,20152016,569,Jessup University,,1,0,1,40,77.0,11,2,5,77,43.0,88.3,23,68,33.8,20,47,42.6,3,21,14.3,19,25,76.0,15,24,39,13,0,19,0,0,68,0,6,0,36.0,0.17,38.5,36.8,25,7,10,77,63.1,129.9,39,70,55.7,27,44,61.4,12,26,46.2,10,21,47.6,10,32,42,8,0,21,1,0,100,0,18,0,64.3,0.1,23.8,30.0
2016,20152016,570,Life Pacific,,2,0,2,80,82.3,18,3,8,164,41.1,69.5,40,125,32.0,29,86,33.7,11,39,28.2,23,31,74.2,16,47,63,42,2,46,0,0,114,34,17,6,36.4,0.26,25.4,24.8,40,14,20,165,65.0,135.2,78,146,53.4,58,102,56.9,20,44,45.5,47,58,81.0,27,72,99,20,0,28,0,0,223,98,61,41,60.3,0.12,27.3,39.7
2016,20152016,571,San Francisco State,,1,0,1,40,0.0,12,0,2,0,45.1,,21,55,38.2,14,37,37.8,7,18,38.9,7,16,43.8,9,20,29,8,0,16,0,0,56,0,0,0,44.5,,31.0,29.1,22,4,5,0,61.2,,30,61,49.2,17,22,77.3,13,39,33.3,7,10,70.0,14,29,43,8,0,16,0,0,80,0,0,0,59.8,,32.6,16.4
2016,20152016,573,La Verne,,1,0,1,40,84.0,18,2,7,84,52.9,101.2,31,75,41.3,16,38,42.1,15,37,40.5,8,12,66.7,12,24,36,17,0,31,1,0,85,0,0,0,51.3,0.2,33.3,16.0,12,4,9,84,68.8,125.0,34,57,59.6,30,46,65.2,4,11,36.4,33,44,75.0,5,33,38,13,0,15,0,0,105,0,0,0,63.2,0.15,13.2,77.2
2016,20152016,574,Chapman,,1,0,1,40,64.5,9,0,5,64,38.8,79.7,21,63,33.3,15,44,34.1,6,19,31.6,3,6,50.0,12,22,34,10,1,18,0,0,51,18,19,0,38.1,0.16,35.3,9.5,12,13,5,65,54.9,100.0,26,53,49.1,20,36,55.6,6,17,35.3,7,14,50.0,8,32,40,14,0,12,0,0,65,32,10,4,54.7,0.22,20.0,26.4
2016,20152016,575,Westminster (PA),,1,0,1,40,85.5,15,0,4,86,49.5,83.7,23,63,36.5,13,26,50.0,10,37,27.0,16,22,72.7,12,20,32,23,0,33,0,0,72,0,12,0,44.4,0.27,37.5,34.9,18,7,13,85,58.0,121.2,34,73,46.6,23,44,52.3,11,29,37.9,24,36,66.7,21,32,53,17,0,21,0,0,103,0,28,0,54.1,0.2,39.6,49.3
2016,20152016,577,Toccoa Falls,,3,0,3,120,61.7,36,2,32,184,45.7,113.0,81,205,39.5,70,153,45.8,11,52,21.2,35,51,68.6,32,65,97,78,1,53,1,0,208,88,46,4,42.2,0.42,33.0,24.9,81,26,58,186,64.2,183.9,137,233,58.8,116,161,72.0,21,72,29.2,47,76,61.8,52,101,153,57,0,56,0,0,342,140,104,28,63.3,0.31,34.0,32.6
2016,20152016,579,Maine-Fort Kent,,1,0,1,40,69.5,14,2,7,69,48.4,87.0,23,58,39.7,17,38,44.7,6,20,30.0,8,9,88.9,7,20,27,15,0,11,0,0,60,14,18,7,44.8,0.22,25.9,15.5,20,8,8,70,62.0,127.1,33,66,50.0,20,35,57.1,13,31,41.9,10,13,76.9,14,26,40,12,0,11,0,0,89,36,21,6,59.8,0.17,35.0,19.7
2016,20152016,581,Boyce,,1,0,1,40,78.5,14,0,1,78,48.0,76.9,21,59,35.6,10,25,40.0,11,34,32.4,7,8,87.5,7,19,26,21,1,16,0,0,60,14,2,2,44.9,0.27,26.9,13.6,26,8,19,79,68.9,154.4,44,78,56.4,28,38,73.7,16,40,40.0,18,24,75.0,17,32,49,7,1,12,0,0,122,54,29,32,66.7,0.09,34.7,30.8
2016,20152016,587,St. Andrews,,1,0,1,40,79.5,8,2,5,80,30.8,48.8,15,59,25.4,10,37,27.0,5,22,22.7,4,10,40.0,8,28,36,25,0,15,0,0,39,14,11,6,29.7,0.31,22.2,16.9,21,3,7,79,62.9,116.5,34,67,50.7,19,36,52.8,15,31,48.4,9,14,64.3,7,40,47,12,0,13,0,0,92,34,20,5,61.9,0.15,14.9,20.9
2016,20152016,590,Kentucky Christian,,1,0,1,40,0.0,12,0,1,0,57.4,,27,54,50.0,20,38,52.6,7,16,43.8,5,8,62.5,5,17,22,11,0,13,0,0,66,0,0,0,56.5,,22.7,14.8,22,3,5,0,62.7,,34,62,54.8,28,37,75.7,6,25,24.0,12,15,80.0,11,23,34,6,0,11,0,0,86,0,0,0,59.7,,32.4,24.2
2016,20152016,592,Bethesda University,,3,0,3,120,73.8,35,9,23,221,37.0,61.1,53,169,31.4,42,115,36.5,11,54,20.4,18,30,60.0,27,77,104,63,2,66,1,0,135,36,24,2,34.6,0.29,26.0,17.8,45,12,33,222,55.4,107.2,82,177,46.3,64,113,56.6,18,64,28.1,56,86,65.1,38,94,132,42,1,43,0,0,238,76,79,33,51.4,0.19,28.8,48.6
2016,20152016,593,SUNY-Oneonta,,1,0,1,40,71.5,10,0,1,72,37.3,68.1,18,59,30.5,14,38,36.8,4,21,19.0,9,15,60.0,15,17,32,19,1,24,0,0,49,20,9,2,33.9,0.26,46.9,25.4,13,3,11,71,62.8,129.6,31,57,54.4,28,43,65.1,3,14,21.4,27,37,73.0,13,30,43,10,0,16,0,0,92,52,22,6,57.0,0.14,30.2,64.9
2016,20152016,594,Oakwood,,2,0,2,80,36.3,24,6,11,72,52.7,206.9,52,121,43.0,39,81,48.1,13,40,32.5,32,46,69.6,19,51,70,24,1,44,0,0,149,30,7,7,48.3,0.33,27.1,38.0,37,9,12,73,60.6,264.4,69,135,51.1,51,96,53.1,18,39,46.2,37,55,67.3,25,60,85,17,0,36,0,0,193,54,14,0,57.8,0.23,29.4,40.7
2016,20152016,597,Eureka,,2,0,2,80,72.8,20,1,12,144,41.6,71.5,36,112,32.1,21,58,36.2,15,54,27.8,16,27,59.3,20,40,60,39,0,40,1,0,103,36,17,11,38.8,0.27,33.3,24.1,42,5,24,147,59.9,125.2,68,132,51.5,57,83,68.7,11,49,22.4,37,49,75.5,30,62,92,26,0,32,1,0,184,98,61,48,55.7,0.18,32.6,37.1
2016,20152016,606,Siena Heights,,1,0,1,40,80.5,7,2,7,80,25.0,42.5,13,61,21.3,11,39,28.2,2,22,9.1,6,16,37.5,13,29,42,25,1,24,0,0,34,16,4,6,23.0,0.31,31.0,26.2,14,8,15,81,55.7,97.5,31,59,52.5,28,50,56.0,3,9,33.3,14,27,51.9,8,42,50,18,0,20,0,0,79,46,29,20,55.1,0.22,16.0,45.8
2016,20152016,609,Coastal Georgia,,1,0,1,40,83.5,10,0,13,83,43.6,85.5,24,70,34.3,20,46,43.5,4,24,16.7,19,26,73.1,23,21,44,24,1,29,0,0,71,38,16,8,37.1,0.29,52.3,37.1,24,7,13,84,74.5,139.3,37,60,61.7,23,31,74.2,14,29,48.3,29,42,69.0,10,26,36,14,0,18,0,0,117,44,37,12,73.3,0.17,27.8,70.0
2016,20152016,615,McMurry,,1,0,1,40,0.0,6,0,4,0,36.9,,17,57,29.8,10,35,28.6,7,22,31.8,2,3,66.7,9,14,23,18,0,20,0,0,43,0,0,0,36.0,,39.1,5.3,18,5,9,0,69.2,,33,53,62.3,28,43,65.1,5,10,50.0,17,24,70.8,9,32,41,13,0,12,0,0,88,0,0,0,67.0,,22.0,45.3
2016,20152016,621,Brescia,,2,0,2,80,74.5,28,4,19,149,53.2,94.6,52,121,43.0,35,84,41.7,17,37,45.9,20,26,76.9,22,33,55,40,2,54,0,0,141,48,37,4,50.0,0.27,40.0,21.5,36,16,25,149,64.1,130.2,61,118,51.7,44,79,55.7,17,39,43.6,55,76,72.4,35,52,87,32,1,33,1,0,194,82,56,22,58.9,0.21,40.2,64.4
2016,20152016,626,Bluefield University,,1,0,1,40,66.5,8,0,6,66,39.4,69.7,16,54,29.6,8,29,27.6,8,25,32.0,6,10,60.0,5,14,19,12,0,19,0,0,46,8,11,6,37.0,0.18,26.3,18.5,22,1,6,67,61.5,140.3,36,69,52.2,28,41,68.3,8,28,28.6,14,17,82.4,21,36,57,12,0,15,0,0,94,52,18,8,58.0,0.18,36.8,24.6
2016,20152016,629,Menlo,,2,0,2,80,70.5,26,5,6,142,47.7,83.1,43,114,37.7,28,70,40.0,15,44,34.1,17,22,77.3,15,41,56,32,2,35,0,0,118,44,9,4,44.3,0.23,26.8,19.3,36,12,23,140,55.5,130.0,72,149,48.3,56,111,50.5,16,38,42.1,22,34,64.7,42,59,101,17,0,27,0,0,182,106,37,28,53.7,0.12,41.6,22.8
2016,20152016,630,Dillard,,2,0,2,80,32.5,34,1,7,65,52.2,221.5,54,126,42.9,36,80,45.0,18,46,39.1,18,27,66.7,33,48,81,27,0,30,0,0,144,34,10,4,50.0,0.42,40.7,21.4,31,10,16,65,58.0,244.6,57,123,46.3,35,66,53.0,22,57,38.6,23,32,71.9,22,44,66,19,0,30,0,0,159,32,13,6,55.3,0.29,33.3,26.0
2016,20152016,632,Voorhees,,2,0,2,80,39.0,23,7,17,79,60.0,194.9,52,106,49.1,41,76,53.9,11,30,36.7,39,51,76.5,17,48,65,42,1,62,2,0,154,0,0,0,54.2,0.53,26.2,48.1,33,4,13,77,56.7,262.3,61,143,42.7,40,78,51.3,21,65,32.3,59,80,73.8,42,40,82,29,1,44,0,0,202,0,0,0,50.0,0.38,51.2,55.9
2016,20152016,639,Dickinson State (ND),,1,0,1,40,76.5,10,1,3,77,55.0,110.4,29,65,44.6,24,41,58.5,5,24,20.8,22,28,78.6,19,22,41,19,0,25,0,0,85,40,9,4,48.5,0.25,46.3,43.1,21,8,9,76,68.2,144.7,35,67,52.2,18,29,62.1,17,38,44.7,23,31,74.2,13,21,34,9,0,25,0,0,110,26,28,0,64.9,0.12,38.2,46.3
2016,20152016,643,Mercy,,1,0,1,40,72.0,8,1,4,72,41.7,90.3,23,70,32.9,17,50,34.0,6,20,30.0,13,18,72.2,17,18,35,13,2,26,0,0,65,26,22,8,37.1,0.18,48.6,25.7,10,6,5,72,59.1,98.6,23,46,50.0,19,35,54.3,4,11,36.4,21,32,65.6,11,27,38,20,2,21,1,0,71,34,11,12,54.3,0.28,28.9,69.6
2016,20152016,646,Carolina University,,2,0,2,80,72.8,14,4,10,145,29.2,50.3,26,118,22.0,15,65,23.1,11,53,20.8,10,16,62.5,14,33,47,34,3,36,0,0,73,26,15,6,26.7,0.23,29.8,13.6,47,9,20,146,67.5,147.3,82,142,57.7,55,79,69.6,27,63,42.9,24,39,61.5,35,80,115,20,0,23,0,0,215,99,45,32,67.3,0.14,30.4,27.5
2016,20152016,648,LeTourneau,,1,0,1,40,74.5,12,2,2,75,42.6,72.0,15,55,27.3,5,30,16.7,10,25,40.0,14,19,73.7,7,25,32,17,0,16,0,0,54,6,8,2,36.4,0.23,21.9,34.5,28,2,8,74,57.8,129.7,37,76,48.7,28,54,51.9,9,22,40.9,13,16,81.3,15,36,51,9,0,18,0,0,96,48,28,10,54.6,0.12,29.4,21.1
2016,20152016,650,Loyola New Orleans,,4,0,4,160,60.3,37,8,32,241,42.9,103.7,87,252,34.5,69,166,41.6,18,86,20.9,58,89,65.2,42,91,133,72,2,114,0,0,250,86,46,14,38.1,0.3,31.6,35.3,85,14,32,241,62.3,162.7,133,255,52.2,97,162,59.9,36,93,38.7,90,136,66.2,56,143,199,65,1,83,0,0,392,134,71,30,59.2,0.27,28.1,53.3
2016,20152016,651,Campbellsville,,1,0,1,40,69.5,12,2,6,69,52.6,111.6,25,64,39.1,13,38,34.2,12,26,46.2,15,21,71.4,13,17,30,9,1,14,0,0,77,20,12,5,48.4,0.13,43.3,32.8,20,10,6,70,56.6,138.6,39,80,48.8,30,52,57.7,9,28,32.1,10,13,76.9,25,29,54,10,0,19,0,0,97,58,11,10,54.4,0.14,46.3,16.3
2016,20152016,652,Colorado Christian,,1,0,1,40,76.0,11,1,8,76,48.4,92.1,22,60,36.7,16,37,43.2,6,23,26.1,20,28,71.4,13,27,40,13,0,17,0,0,70,0,0,0,41.7,0.17,32.5,46.7,14,2,9,76,57.8,111.8,29,63,46.0,21,40,52.5,8,23,34.8,19,24,79.2,11,34,45,13,0,16,0,0,85,0,0,0,52.4,0.17,24.4,38.1
2016,20152016,656,Western Oregon,,1,0,1,40,76.0,12,1,12,77,38.3,77.9,23,74,31.1,13,44,29.5,10,30,33.3,4,10,40.0,15,11,26,14,0,22,0,0,60,20,17,7,37.8,0.18,57.7,13.5,14,9,8,75,65.1,117.3,32,54,59.3,29,43,67.4,3,11,27.3,21,31,67.7,11,38,49,18,0,12,0,0,88,52,24,19,62.0,0.24,22.4,57.4
2016,20152016,657,Truett-McConnell,,1,0,1,40,72.5,12,2,2,72,58.3,108.3,24,55,43.6,13,33,39.4,11,22,50.0,19,27,70.4,6,20,26,11,0,29,0,0,78,20,11,2,53.6,0.15,23.1,49.1,14,7,5,73,63.0,145.2,33,67,49.3,21,39,53.8,12,28,42.9,28,39,71.8,20,27,47,8,0,23,0,0,106,40,21,6,58.2,0.11,42.6,58.2
2016,20152016,658,Emerson,,1,0,1,40,70.5,17,5,4,70,50.6,98.6,25,62,40.3,15,39,38.5,10,23,43.5,9,14,64.3,15,29,44,15,0,19,0,0,69,24,10,4,48.4,0.21,34.1,22.6,11,2,7,71,54.6,115.5,30,68,44.1,19,37,51.4,11,31,35.5,11,16,68.8,12,26,38,8,0,18,0,0,82,30,19,12,52.2,0.11,31.6,23.5
2016,20152016,659,Tusculum,,1,0,1,40,0.0,10,0,7,0,53.9,,24,59,40.7,17,41,41.5,7,18,38.9,21,26,80.8,8,20,28,12,1,19,0,0,76,0,0,0,46.6,,28.6,44.1,19,7,3,0,69.6,,31,54,57.4,21,31,67.7,10,23,43.5,16,21,76.2,6,29,35,18,2,23,1,0,88,0,0,0,66.7,,17.1,38.9
2016,20152016,660,Crowley's Ridge,,1,0,1,40,81.5,18,3,8,81,44.6,76.5,22,62,35.5,16,40,40.0,6,22,27.3,12,17,70.6,13,21,34,25,0,19,0,0,62,28,12,6,40.3,0.31,38.2,27.4,24,11,15,82,63.6,124.4,45,74,60.8,40,60,66.7,5,14,35.7,7,14,50.0,14,30,44,17,0,18,0,0,102,66,31,10,64.2,0.21,31.8,18.9
2016,20152016,661,Randall University,,2,0,2,80,73.5,25,8,11,148,51.5,89.2,48,119,40.3,30,70,42.9,18,49,36.7,18,21,85.7,11,38,49,30,0,24,0,0,132,24,15,4,47.9,0.2,22.4,17.6,45,10,19,146,67.9,136.3,77,133,57.9,56,94,59.6,21,39,53.8,24,31,77.4,23,62,85,22,0,26,0,0,199,103,42,25,65.8,0.15,27.1,23.3
2016,20152016,665,North Greenville,,2,0,2,80,34.0,23,5,8,69,44.2,159.4,40,113,35.4,25,67,37.3,15,46,32.6,15,26,57.7,28,43,71,38,2,32,0,0,110,22,3,2,42.0,0.55,39.4,23.0,35,10,19,67,60.0,237.3,60,117,51.3,43,71,60.6,17,46,37.0,22,35,62.9,22,53,75,22,0,29,0,0,159,38,22,6,58.5,0.33,29.3,29.9
2016,20152016,666,Florida National,,1,0,1,40,86.5,15,5,7,86,49.0,80.2,25,63,39.7,14,37,37.8,11,26,42.3,8,17,47.1,10,31,41,25,0,33,0,0,69,0,8,0,48.4,0.29,24.4,27.0,13,6,12,87,52.0,100.0,30,66,45.5,25,50,50.0,5,16,31.3,22,40,55.0,11,31,42,13,0,19,0,0,87,0,24,0,49.2,0.15,26.2,60.6
2016,20152016,668,Ecclesia,,2,0,2,80,39.5,22,5,8,79,37.5,146.8,41,141,29.1,26,85,30.6,15,56,26.8,19,31,61.3,27,45,72,26,0,43,1,0,116,20,4,0,34.4,0.33,37.5,22.0,38,26,14,79,63.8,249.4,74,128,57.8,59,98,60.2,15,30,50.0,34,60,56.7,25,79,104,21,0,38,2,0,197,56,19,4,63.7,0.27,24.0,46.9
2016,20152016,669,Tabor,,1,0,1,40,89.0,14,0,7,90,47.1,88.9,30,81,37.0,18,48,37.5,12,33,36.4,8,9,88.9,11,29,40,17,1,24,0,0,80,30,10,22,44.4,0.19,27.5,11.1,24,4,13,88,64.9,127.3,37,70,52.9,25,42,59.5,12,28,42.9,26,37,70.3,10,40,50,11,1,13,0,0,112,42,16,36,61.4,0.13,20.0,52.9
2016,20152016,673,Texas College,,1,0,1,40,81.0,8,4,0,81,40.7,75.3,22,67,32.8,17,53,32.1,5,14,35.7,12,18,66.7,14,27,41,20,2,27,2,0,61,30,6,0,36.6,0.25,34.1,26.9,20,6,10,81,66.3,135.8,40,68,58.8,32,50,64.0,8,18,44.4,22,34,64.7,9,34,43,7,0,23,2,0,110,58,24,28,64.7,0.09,20.9,50.0
2016,20152016,674,Saint Mary's (MN),,1,0,1,40,82.5,10,2,8,82,40.3,70.7,18,64,28.1,10,35,28.6,8,29,27.6,14,18,77.8,12,22,34,21,0,12,0,0,58,18,12,2,34.4,0.26,35.3,28.1,22,8,14,83,63.9,125.3,41,77,53.2,28,44,63.6,13,33,39.4,9,10,90.0,11,35,46,13,1,21,0,0,104,44,31,25,61.7,0.16,23.9,13.0
2016,20152016,678,Central State (OH),,1,0,1,40,85.5,8,2,14,86,38.2,75.6,24,74,32.4,20,56,35.7,4,18,22.2,13,25,52.0,16,19,35,17,0,25,0,0,65,34,21,13,35.1,0.2,45.7,33.8,18,9,9,85,65.7,103.5,30,56,53.6,19,29,65.5,11,27,40.7,17,25,68.0,9,43,52,25,0,22,0,0,88,36,20,27,63.4,0.29,17.3,44.6
2016,20152016,681,Trinity Christian (IL),,2,0,2,80,66.8,23,5,10,135,36.3,63.7,32,108,29.6,21,62,33.9,11,46,23.9,11,24,45.8,21,41,62,35,0,41,0,0,86,30,10,8,34.7,0.26,33.9,22.2,35,5,24,132,62.9,127.3,63,116,54.3,52,74,70.3,11,42,26.2,31,40,77.5,19,63,82,17,0,31,0,0,168,88,39,27,59.1,0.13,23.2,34.5
2016,20152016,682,Gallaudet,,1,0,1,40,73.0,9,1,9,73,40.5,61.6,18,49,36.7,15,39,38.5,3,10,30.0,6,15,40.0,9,18,27,24,1,20,1,0,45,28,9,2,39.8,0.33,33.3,30.6,19,8,15,73,61.6,120.5,33,60,55.0,27,40,67.5,6,20,30.0,16,26,61.5,16,29,45,16,0,17,0,0,88,46,28,21,60.0,0.22,35.6,43.3
2016,20152016,684,Auburn-Montgomery,,3,0,3,120,50.2,50,6,19,151,50.2,149.0,85,205,41.5,54,103,52.4,31,102,30.4,24,43,55.8,35,75,110,41,1,62,1,0,225,34,23,40,49.0,0.27,31.8,21.0,51,8,20,150,54.0,174.7,97,205,47.3,84,150,56.0,13,55,23.6,55,85,64.7,48,97,145,39,0,48,0,0,262,64,40,18,50.5,0.26,33.1,41.5
2016,20152016,686,Spring Hill,,1,0,1,40,66.5,8,2,2,67,47.4,74.6,19,47,40.4,17,40,42.5,2,7,28.6,10,13,76.9,9,13,22,21,0,26,0,0,50,14,14,0,42.6,0.31,40.9,27.7,13,4,8,66,64.7,119.7,25,47,53.2,20,35,57.1,5,12,41.7,24,32,75.0,10,21,31,15,0,18,0,0,79,36,24,10,58.5,0.23,32.3,68.1
2016,20152016,693,Fisher College,,1,0,1,40,69.5,4,2,6,70,29.6,52.9,11,55,20.0,10,38,26.3,1,17,5.9,14,17,82.4,9,21,30,15,0,13,1,0,37,14,8,2,20.9,0.21,30.0,30.9,25,3,10,69,59.4,121.7,32,65,49.2,19,32,59.4,13,33,39.4,7,13,53.8,14,37,51,13,0,14,0,0,84,34,17,8,59.2,0.19,27.5,20.0
2016,20152016,700,Edward Waters,,1,0,1,40,78.0,8,3,9,77,45.6,89.6,28,70,40.0,24,56,42.9,4,14,28.6,9,13,69.2,10,21,31,11,0,21,0,0,69,30,9,4,42.9,0.14,32.3,18.6,20,8,7,79,65.7,124.1,32,64,50.0,18,29,62.1,14,35,40.0,20,24,83.3,13,35,48,14,0,12,0,0,98,39,10,14,60.9,0.18,27.1,37.5
2016,20152016,701,Texas Wesleyan,,1,0,1,40,74.5,14,2,2,75,42.3,82.7,22,65,33.8,16,40,40.0,6,25,24.0,12,19,63.2,15,27,42,15,0,16,0,0,62,24,9,4,38.5,0.2,35.7,29.2,20,2,10,74,54.9,114.9,33,69,47.8,25,47,53.2,8,22,36.4,11,19,57.9,15,35,50,10,0,21,0,0,85,47,19,13,53.6,0.14,30.0,27.5
2016,20152016,707,Kentucky State,,1,0,1,40,79.5,14,3,11,80,49.0,102.5,35,78,44.9,30,62,48.4,5,16,31.3,7,13,53.8,14,25,39,12,0,26,1,0,82,46,27,16,48.1,0.15,35.9,16.7,18,8,7,79,59.3,108.9,30,58,51.7,25,43,58.1,5,15,33.3,21,33,63.6,9,31,40,15,0,16,1,0,86,44,16,10,56.0,0.19,22.5,56.9
2016,20152016,708,Ferrum,,2,0,2,80,67.5,17,8,12,134,43.5,87.3,45,123,36.6,35,86,40.7,10,37,27.0,17,26,65.4,29,37,66,28,1,34,0,0,117,54,24,6,40.7,0.21,43.9,21.1,33,14,16,136,63.8,127.9,69,124,55.6,53,87,60.9,16,37,43.2,20,28,71.4,22,56,78,22,0,27,0,0,174,98,42,16,62.1,0.16,28.2,22.6
2016,20152016,711,St. Ambrose,,1,0,1,40,70.5,14,3,4,70,39.9,84.3,23,70,32.9,16,43,37.2,7,27,25.9,6,9,66.7,15,21,36,14,0,22,0,0,59,26,5,4,37.9,0.2,41.7,12.9,23,6,6,71,64.0,142.3,38,67,56.7,29,44,65.9,9,23,39.1,16,27,59.3,12,34,46,7,0,10,1,0,101,41,14,15,63.4,0.1,26.1,40.3
2016,20152016,714,Florida Tech,,1,0,1,40,74.5,19,7,6,74,56.4,112.2,33,67,49.3,25,46,54.3,8,21,38.1,9,15,60.0,11,24,35,12,0,20,0,0,83,46,8,14,55.2,0.16,31.4,22.4,21,4,9,75,62.2,124.0,32,62,51.6,22,40,55.0,10,22,45.5,19,29,65.5,11,26,37,8,0,15,0,0,93,42,16,6,59.7,0.11,29.7,46.8
2016,20152016,719,Texas Lutheran,,2,0,2,80,81.3,24,5,8,163,49.7,82.2,46,111,41.4,35,73,47.9,11,38,28.9,31,54,57.4,19,58,77,41,2,60,0,0,134,32,34,6,46.4,0.25,24.7,48.6,30,9,23,162,53.7,106.2,55,129,42.6,45,88,51.1,10,41,24.4,52,71,73.2,26,61,87,28,0,52,0,0,172,38,37,12,46.5,0.17,29.9,55.0
2016,20152016,720,Northern New Mexico,,1,0,1,40,67.0,8,1,2,67,41.2,80.6,21,62,33.9,16,38,42.1,5,24,20.8,7,8,87.5,8,15,23,10,2,15,0,0,54,0,18,0,37.9,0.15,34.8,12.9,21,5,5,67,68.5,126.9,33,55,60.0,25,40,62.5,8,15,53.3,11,16,68.8,9,34,43,14,0,10,0,0,85,0,12,0,67.3,0.21,20.9,29.1
2016,20152016,721,Hawai'i Pacific,,1,0,1,40,74.0,12,2,3,74,58.9,95.9,26,55,47.3,15,25,60.0,11,30,36.7,8,12,66.7,10,20,30,22,1,27,0,0,71,24,16,0,57.3,0.3,33.3,21.8,13,3,8,74,57.0,112.2,29,57,50.9,26,47,55.3,3,10,30.0,22,36,61.1,15,21,36,12,0,15,1,0,83,44,25,4,53.5,0.16,41.7,63.2
2016,20152016,722,Texas A&M-Kingsville,,1,0,1,40,0.0,7,4,7,0,37.5,,20,69,29.0,13,42,31.0,7,27,25.9,9,13,69.2,14,20,34,15,2,18,0,0,56,0,0,0,34.1,,41.2,18.8,20,3,4,0,62.1,,28,54,51.9,20,36,55.6,8,18,44.4,14,20,70.0,10,37,47,22,0,17,0,0,78,0,0,0,59.3,,21.3,37.0
2016,20152016,725,Averett,,1,0,1,40,79.0,12,0,3,78,40.8,75.6,20,63,31.7,14,34,41.2,6,29,20.7,13,21,61.9,12,21,33,21,0,30,0,0,59,22,7,4,36.5,0.27,36.4,33.3,14,9,9,80,65.1,133.8,35,65,53.8,30,43,69.8,5,22,22.7,32,39,82.1,14,36,50,9,0,23,0,0,107,0,29,0,57.7,0.11,28.0,60.0
2016,20152016,728,Judson University,,2,0,2,80,81.8,29,5,10,164,41.3,74.4,43,142,30.3,15,67,22.4,28,75,37.3,8,13,61.5,22,40,62,37,0,46,0,0,122,21,6,15,40.1,0.23,35.5,9.2,47,10,20,163,64.3,132.5,82,146,56.2,69,113,61.1,13,33,39.4,39,50,78.0,31,80,111,23,0,25,0,0,216,131,45,37,60.6,0.14,27.9,34.2
2016,20152016,729,Central Penn,,6,0,6,240,55.5,60,9,50,332,44.0,125.9,149,417,35.7,117,288,40.6,32,129,24.8,88,132,66.7,57,119,176,83,3,129,1,0,418,80,47,17,39.6,0.25,32.4,31.7,140,30,45,334,64.7,187.1,225,412,54.6,173,271,63.8,52,141,36.9,123,161,76.4,89,236,325,111,5,111,0,0,625,176,59,67,60.9,0.33,27.4,39.1
2016,20152016,732,Our Lady Of The Lake,,4,1,3,160,79.1,55,7,21,317,53.1,97.2,97,244,39.8,53,137,38.7,44,107,41.1,70,105,66.7,42,84,126,68,3,100,1,0,308,100,66,21,48.8,0.21,33.3,43.0,93,18,36,316,62.2,118.7,130,247,52.6,107,173,61.8,23,74,31.1,92,124,74.2,51,124,175,64,1,93,2,0,375,162,71,37,57.3,0.2,29.1,50.2
2016,20152016,734,Purdue Northwest,,1,0,1,40,74.0,18,3,6,74,52.8,100.0,26,60,43.3,18,37,48.6,8,23,34.8,12,23,52.2,14,26,40,16,1,26,0,0,74,30,11,5,50.0,0.22,35.0,38.3,21,8,9,74,57.4,123.0,30,63,47.6,20,38,52.6,10,25,40.0,21,37,56.8,16,28,44,8,0,20,0,0,91,36,23,12,55.6,0.11,36.4,58.7
2016,20152016,737,Pittsburgh-Bradford,,1,0,1,40,78.5,7,4,1,79,37.5,62.0,15,57,26.3,9,30,30.0,6,27,22.2,13,19,68.4,14,20,34,25,1,21,0,0,49,16,6,2,31.6,0.32,41.2,33.3,19,8,14,78,63.0,139.7,40,75,53.3,30,50,60.0,10,25,40.0,19,26,73.1,18,31,49,9,1,21,0,0,109,60,39,21,60.0,0.12,36.7,34.7
2016,20152016,742,Arlington Baptist,,1,0,1,40,83.5,7,0,9,84,36.5,63.1,22,69,31.9,19,59,32.2,3,10,30.0,6,8,75.0,10,21,31,21,0,20,0,0,53,32,14,2,34.1,0.25,32.3,11.6,24,8,13,83,65.6,132.5,42,72,58.3,34,49,69.4,8,23,34.8,18,27,66.7,15,38,53,14,0,10,0,0,110,64,36,16,63.9,0.17,28.3,37.5
2016,20152016,743,Aquinas,,1,0,1,40,0.0,10,1,1,0,37.4,,21,66,31.8,15,48,31.3,6,18,33.3,3,5,60.0,13,26,39,13,0,17,0,0,51,0,0,0,36.4,,33.3,7.6,19,7,8,0,64.7,,33,63,52.4,18,29,62.1,15,34,44.1,9,15,60.0,10,33,43,8,0,12,0,0,90,0,0,0,64.3,,23.3,23.8
2016,20152016,744,Warner University,,1,1,0,40,67.0,11,4,6,67,60.9,111.9,30,55,54.5,26,46,56.5,4,9,44.4,11,15,73.3,7,21,28,13,0,28,1,0,75,38,14,6,58.2,0.19,25.0,27.3,8,5,6,67,53.5,107.5,19,51,37.3,14,30,46.7,5,21,23.8,29,37,78.4,13,22,35,13,1,19,0,0,72,24,11,4,42.2,0.19,37.1,72.5
2016,20152016,747,Trinity (FL),,1,0,1,40,82.5,6,0,7,82,38.2,65.9,23,65,35.4,23,55,41.8,0,10,0.0,8,13,61.5,15,16,31,26,0,17,0,0,54,0,12,0,35.4,0.32,48.4,20.0,26,5,18,83,72.1,130.1,41,67,61.2,29,39,74.4,12,28,42.9,14,18,77.8,13,31,44,21,0,19,0,0,108,0,39,0,70.1,0.25,29.5,26.9
2016,20152016,749,Merchant Marine Academy,,1,0,1,40,69.0,4,1,6,70,26.7,45.7,12,56,21.4,10,34,29.4,2,22,9.1,6,9,66.7,5,26,31,18,1,26,0,0,32,0,0,0,23.2,0.26,16.1,16.1,22,6,12,68,58.4,151.5,35,75,46.7,23,46,50.0,12,29,41.4,21,30,70.0,22,40,62,7,0,12,0,0,103,0,0,0,54.7,0.1,35.5,40.0
2016,20152016,751,Montreat,,3,0,3,120,76.3,17,6,20,228,45.0,78.5,60,174,34.5,39,117,33.3,21,57,36.8,38,57,66.7,43,71,114,73,1,56,0,0,179,60,29,6,40.5,0.32,37.7,32.8,58,13,55,230,61.8,124.8,104,201,51.7,76,131,58.0,28,70,40.0,51,71,71.8,38,81,119,38,2,58,0,0,287,132,120,57,58.7,0.17,31.9,35.3
2016,20152016,756,Cairn University,,1,0,1,40,77.0,10,4,8,77,40.2,67.5,20,62,32.3,11,29,37.9,9,33,27.3,3,6,50.0,7,18,25,19,0,11,0,0,52,8,9,4,39.5,0.25,28.0,9.7,20,6,11,77,60.5,116.9,40,70,57.1,35,52,67.3,5,18,27.8,5,10,50.0,14,37,51,17,2,10,0,0,90,60,22,10,60.7,0.22,27.5,14.3
2016,20152016,757,Chestnut Hill College,,1,0,1,40,0.0,15,2,7,0,57.6,,28,59,47.5,20,36,55.6,8,23,34.8,11,14,78.6,13,21,34,24,1,26,0,0,75,0,0,0,54.2,,38.2,23.7,11,4,5,0,57.6,,28,64,43.8,19,42,45.2,9,22,40.9,27,36,75.0,21,20,41,16,0,18,0,0,92,0,0,0,50.8,,51.2,56.3
2016,20152016,758,Harris-Stowe State,,3,0,3,120,76.2,36,10,17,230,51.9,85.2,73,169,43.2,56,123,45.5,17,46,37.0,33,45,73.3,24,68,92,66,0,70,0,0,196,94,29,18,48.2,0.29,26.1,26.6,62,10,37,227,60.8,124.2,104,198,52.5,82,135,60.7,22,63,34.9,52,77,67.5,38,78,116,37,2,45,0,0,282,140,93,46,58.1,0.16,32.8,38.9
2016,20152016,762,Ouachita Baptist,,1,0,1,40,72.0,10,2,9,73,39.9,74.0,19,61,31.1,13,40,32.5,6,21,28.6,10,15,66.7,12,23,35,16,0,28,0,0,54,18,8,5,36.1,0.22,34.3,24.6,12,7,5,71,62.7,112.7,26,51,51.0,18,26,69.2,8,25,32.0,20,29,69.0,6,31,37,13,0,14,1,0,80,34,23,8,58.8,0.18,16.2,56.9
2016,20152016,770,Bryn Athyn,,1,0,1,40,72.0,4,5,6,72,34.5,61.1,16,59,27.1,11,36,30.6,5,23,21.7,7,11,63.6,7,20,27,15,0,17,0,0,44,20,8,2,31.4,0.21,25.9,18.6,23,4,7,72,62.2,138.9,37,72,51.4,21,34,61.8,16,38,42.1,10,19,52.6,19,38,57,10,0,9,0,0,100,34,21,6,62.5,0.14,33.3,26.4
2016,20152016,771,Middle Georgia State,,2,0,2,80,73.0,19,6,5,147,49.3,89.8,42,110,38.2,33,72,45.8,9,38,23.7,39,54,72.2,22,56,78,37,2,30,0,0,132,34,5,4,42.3,0.25,28.2,49.1,40,8,19,145,54.2,120.0,67,146,45.9,49,83,59.0,18,63,28.6,22,33,66.7,29,52,81,13,0,43,0,0,174,88,46,39,52.1,0.09,35.8,22.6
2016,20152016,772,Hardin-Simmons,,1,0,1,40,83.5,20,5,10,83,43.6,71.1,23,65,35.4,12,28,42.9,11,37,29.7,2,6,33.3,6,21,27,21,0,11,0,0,59,0,0,0,43.8,0.25,22.2,9.2,40,6,13,84,59.2,123.8,45,83,54.2,39,57,68.4,6,26,23.1,8,11,72.7,19,38,57,15,0,15,0,0,104,0,0,0,57.8,0.18,33.3,13.3
2016,20152016,779,St. Thomas (TX),,2,0,2,80,77.5,30,1,9,155,52.4,94.2,48,120,40.0,30,64,46.9,18,56,32.1,32,44,72.7,17,44,61,33,0,69,4,0,146,24,19,12,47.5,0.21,27.9,36.7,31,9,15,155,58.6,116.8,51,110,46.4,42,69,60.9,9,41,22.0,70,101,69.3,28,61,89,26,1,41,1,0,181,30,28,0,50.5,0.17,31.5,91.8
2016,20152016,781,Willamette,,1,0,1,40,69.0,11,0,4,69,30.9,52.2,13,57,22.8,5,23,21.7,8,34,23.5,2,3,66.7,11,15,26,21,1,19,0,0,36,10,5,2,29.8,0.3,42.3,5.3,20,2,9,69,65.3,144.9,37,66,56.1,26,38,68.4,11,28,39.3,15,24,62.5,16,33,49,10,0,9,0,0,100,50,32,13,64.4,0.14,32.7,36.4
2016,20152016,784,Tennessee Wesleyan,,2,0,2,80,73.3,30,4,12,147,48.6,87.8,49,120,40.8,37,73,50.7,12,47,25.5,19,29,65.5,17,44,61,29,1,36,0,0,129,38,21,6,45.8,0.2,27.9,24.2,45,8,15,146,64.8,123.3,64,120,53.3,43,73,58.9,21,47,44.7,31,43,72.1,17,62,79,20,0,25,0,0,180,32,44,9,62.1,0.14,21.5,35.8
2016,20152016,785,Lincoln (MO),,1,0,1,40,70.5,12,0,8,70,50.5,102.9,28,66,42.4,19,39,48.7,9,27,33.3,7,12,58.3,16,21,37,14,0,25,0,0,72,36,15,4,49.2,0.2,43.2,18.2,13,5,6,71,60.4,102.8,23,42,54.8,20,32,62.5,3,10,30.0,24,42,57.1,7,26,33,17,0,16,0,0,73,38,14,8,58.3,0.24,21.2,100.0
2016,20152016,786,Milligan,,2,0,2,80,79.3,9,7,9,159,41.2,68.6,37,115,32.2,29,78,37.2,8,37,21.6,27,39,69.2,27,51,78,50,0,63,0,0,109,18,16,0,35.7,0.31,34.6,33.9,25,13,28,158,56.7,125.3,61,136,44.9,47,92,51.1,14,44,31.8,62,88,70.5,36,58,94,22,0,40,0,0,198,42,64,14,50.0,0.14,38.3,64.7
2016,20152016,787,Schreiner,,2,0,2,80,69.3,20,1,12,138,38.0,68.8,35,113,31.0,27,72,37.5,8,41,19.5,17,27,63.0,25,49,74,39,0,37,0,0,95,42,21,6,34.5,0.28,33.8,23.9,30,3,27,139,57.3,102.2,53,108,49.1,39,66,59.1,14,42,33.3,22,36,61.1,14,60,74,28,0,33,0,0,142,72,47,26,55.6,0.2,18.9,33.3
2016,20152016,789,Chadron State,,1,0,1,40,70.0,8,2,8,70,38.0,74.3,19,61,31.1,12,42,28.6,7,19,36.8,7,17,41.2,17,20,37,18,0,24,1,0,52,20,10,2,36.9,0.26,45.9,27.9,18,7,9,70,59.0,124.3,34,64,53.1,27,43,62.8,7,21,33.3,12,22,54.5,16,31,47,14,0,18,0,0,87,44,19,8,58.6,0.2,34.0,34.4
2016,20152016,796,UVA Wise,,1,0,1,40,79.5,14,0,2,80,54.8,92.5,26,60,43.3,15,34,44.1,11,26,42.3,11,17,64.7,7,24,31,19,0,26,0,0,74,22,0,6,52.5,0.24,22.6,28.3,24,3,12,79,67.8,140.5,39,66,59.1,33,55,60.0,6,11,54.5,27,36,75.0,10,33,43,7,0,18,0,0,111,64,31,12,63.6,0.09,23.3,54.5
2016,20152016,802,Webber International,,3,0,3,120,52.7,30,11,19,157,36.7,102.5,61,199,30.7,49,137,35.8,12,62,19.4,27,46,58.7,31,79,110,61,0,60,0,0,161,28,12,2,33.7,0.39,28.2,23.1,80,15,37,159,63.6,203.1,118,219,53.9,83,137,60.6,35,82,42.7,52,79,65.8,41,121,162,36,0,48,0,0,323,48,46,16,61.9,0.23,25.3,36.1
2016,20152016,805,University of The Southwest,,1,0,1,40,80.5,6,1,1,81,48.9,77.8,23,57,40.4,18,39,46.2,5,18,27.8,12,17,70.6,9,21,30,25,0,19,0,0,63,0,12,0,44.7,0.31,30.0,29.8,23,2,14,80,57.1,117.5,37,73,50.7,32,58,55.2,5,15,33.3,15,21,71.4,17,29,46,12,0,23,0,0,94,0,35,0,54.1,0.15,37.0,28.8
2016,20152016,807,William Woods,,1,0,1,40,75.0,10,1,6,75,40.4,74.7,16,57,28.1,9,27,33.3,7,30,23.3,17,28,60.7,12,30,42,16,1,22,0,0,56,14,9,2,34.2,0.21,28.6,49.1,13,3,9,75,46.7,102.7,29,71,40.8,25,52,48.1,4,19,21.1,15,26,57.7,16,36,52,9,0,24,0,0,77,34,22,10,43.7,0.12,30.8,36.6
2016,20152016,811,Waldorf College,,1,0,1,40,72.5,13,1,4,72,47.7,80.6,20,56,35.7,10,35,28.6,10,21,47.6,8,11,72.7,5,24,29,19,0,16,0,0,58,12,11,0,44.6,0.26,17.2,19.6,16,5,11,73,49.9,106.8,31,72,43.1,25,50,50.0,6,22,27.3,10,14,71.4,13,27,40,9,0,14,1,0,78,38,28,8,47.2,0.12,32.5,19.4
2016,20152016,819,Mobile,,1,0,1,40,76.0,11,4,3,76,50.5,76.3,23,50,46.0,20,35,57.1,3,15,20.0,9,17,52.9,8,29,37,28,0,30,0,0,58,30,8,2,49.0,0.37,21.6,34.0,15,3,14,76,53.1,105.3,27,60,45.0,22,40,55.0,5,20,25.0,21,35,60.0,13,24,37,11,0,19,0,0,80,44,33,6,49.2,0.14,35.1,58.3
2016,20152016,820,Fort Valley State,,3,0,3,120,53.2,33,2,15,160,56.4,143.1,83,175,47.4,65,115,56.5,18,60,30.0,45,64,70.3,18,74,92,45,0,68,0,0,229,30,37,8,52.6,0.28,19.6,36.6,64,11,30,159,59.8,180.5,99,201,49.3,74,126,58.7,25,75,33.3,64,89,71.9,39,83,122,34,0,52,0,0,287,54,50,22,55.5,0.21,32.0,44.3
2016,20152016,821,Benedictine (AZ),,1,0,1,40,74.0,17,2,7,74,52.3,95.9,27,63,42.9,15,35,42.9,12,28,42.9,5,11,45.5,13,20,33,19,1,22,0,0,71,26,16,7,52.4,0.26,39.4,17.5,20,8,12,74,64.4,128.4,33,61,54.1,27,47,57.4,6,14,42.9,23,29,79.3,13,29,42,12,0,14,0,0,95,52,28,13,59.0,0.16,31.0,47.5
2016,20152016,825,Kean,,2,0,2,80,68.8,26,5,12,137,46.4,83.9,37,108,34.3,22,62,35.5,15,46,32.6,26,36,72.2,17,37,54,31,1,42,0,0,115,40,19,6,41.2,0.23,31.5,33.3,52,14,16,138,60.4,139.9,72,143,50.3,44,69,63.8,28,74,37.8,21,38,55.3,44,61,105,26,0,37,0,0,193,40,40,4,60.1,0.19,41.9,26.6
2016,20152016,826,Medgar Evers,,1,0,1,40,0.0,4,2,4,0,43.4,,19,61,31.1,11,45,24.4,8,16,50.0,18,29,62.1,14,18,32,19,0,28,0,0,64,0,0,0,37.7,,43.8,47.5,16,6,11,0,67.2,,35,63,55.6,27,43,62.8,8,20,40.0,28,36,77.8,14,35,49,12,0,25,0,0,106,0,0,0,61.9,,28.6,57.1
2016,20152016,828,Bowie State,,1,0,1,40,72.5,8,3,7,72,44.9,86.1,23,62,37.1,18,44,40.9,5,18,27.8,11,16,68.8,13,14,27,15,0,32,0,0,62,0,0,0,41.1,0.21,48.1,25.8,15,6,8,73,70.1,127.4,28,47,59.6,24,34,70.6,4,13,30.8,33,44,75.0,9,30,39,14,0,16,0,0,93,0,0,0,63.8,0.19,23.1,93.6
2016,20152016,833,Linfield College,,1,0,1,40,69.5,14,0,7,70,49.8,84.3,20,54,37.0,8,17,47.1,12,37,32.4,7,12,58.3,10,16,26,21,2,23,1,0,59,12,15,8,48.1,0.3,38.5,22.2,21,1,11,69,69.2,123.2,27,50,54.0,15,30,50.0,12,20,60.0,19,26,73.1,6,23,29,15,0,18,0,0,85,26,19,9,66.0,0.22,20.7,52.0
2016,20152016,835,Johnson University Florida,,1,0,1,40,0.0,10,0,5,0,44.6,,26,70,37.1,19,47,40.4,7,23,30.4,12,22,54.5,13,23,36,18,0,20,0,0,71,0,0,0,42.1,,36.1,31.4,20,4,9,0,54.9,,42,82,51.2,36,58,62.1,6,24,25.0,13,27,48.1,20,33,53,12,0,16,0,0,103,0,0,0,54.9,,37.7,32.9
2016,20152016,837,Malone,,1,0,1,40,63.0,10,2,5,63,37.7,73.0,17,54,31.5,14,36,38.9,3,18,16.7,9,16,56.3,14,21,35,15,0,21,0,0,46,22,9,7,34.3,0.24,40.0,29.6,10,3,7,63,47.7,98.4,25,58,43.1,21,45,46.7,4,13,30.8,8,16,50.0,16,27,43,13,0,16,0,0,62,40,11,5,46.6,0.21,37.2,27.6
2016,20152016,840,Covenant,,1,0,1,40,68.5,12,2,7,68,55.6,91.2,22,50,44.0,13,24,54.2,9,26,34.6,9,13,69.2,4,28,32,15,0,17,0,0,62,14,11,2,53.0,0.22,12.5,26.0,11,3,7,69,48.1,92.8,24,59,40.7,18,41,43.9,6,18,33.3,10,17,58.8,14,27,41,16,0,22,0,0,64,32,11,6,45.8,0.23,34.1,28.8
2016,20152016,842,Carroll (MT),,2,0,2,80,70.0,14,3,13,140,40.9,70.7,38,110,34.5,32,79,40.5,6,31,19.4,17,25,68.0,10,44,54,30,1,40,0,0,99,32,13,4,37.3,0.21,18.5,22.7,31,15,15,140,55.9,109.3,53,117,45.3,37,70,52.9,16,47,34.0,31,45,68.9,25,65,90,26,2,31,0,0,153,22,19,2,52.1,0.19,27.8,38.5
2016,20152016,843,Millsaps,,1,0,1,40,75.0,7,3,7,74,26.2,44.6,13,59,22.0,10,41,24.4,3,18,16.7,4,9,44.4,9,27,36,21,0,21,0,0,33,0,8,0,24.6,0.28,25.0,15.3,17,3,14,76,57.7,125.0,37,74,50.0,29,48,60.4,8,26,30.8,13,19,68.4,13,38,51,11,0,12,1,0,95,0,25,0,55.4,0.14,25.5,25.7
2016,20152016,846,Jarvis Christian,,3,0,3,120,55.8,41,8,34,168,43.8,116.7,67,199,33.7,41,113,36.3,26,86,30.2,36,56,64.3,31,76,107,45,3,70,2,0,196,43,31,19,40.2,0.27,29.0,28.1,59,10,28,167,57.0,162.9,96,194,49.5,76,130,58.5,20,64,31.3,60,101,59.4,46,113,159,47,1,57,1,0,272,96,39,30,54.6,0.28,28.9,52.1
2016,20152016,847,Lourdes University,,1,0,1,40,0.0,9,0,3,0,57.2,,26,52,50.0,19,40,47.5,7,12,58.3,7,13,53.8,6,14,20,11,0,27,0,0,66,0,0,0,56.7,,30.0,25.0,11,2,4,0,62.7,,29,54,53.7,23,33,69.7,6,21,28.6,23,35,65.7,15,24,39,8,0,15,0,0,87,0,0,0,59.3,,38.5,64.8
2016,20152016,851,Blue Mountain,,3,0,3,120,26.5,23,8,19,79,46.3,200.0,57,150,38.0,41,92,44.6,16,58,27.6,28,47,59.6,20,57,77,53,1,64,1,0,158,26,12,4,43.3,0.67,26.0,31.3,45,6,27,80,58.8,296.3,84,168,50.0,67,112,59.8,17,56,30.4,52,76,68.4,41,87,128,48,0,51,2,0,237,34,31,4,55.1,0.6,32.0,45.2
2016,20152016,853,Fresno Pacific,,3,0,3,120,78.2,38,10,25,234,44.1,78.6,60,190,31.6,32,92,34.8,28,98,28.6,36,42,85.7,28,59,87,52,0,77,0,0,184,38,46,13,38.9,0.22,32.2,22.1,53,17,28,235,63.8,117.4,89,174,51.1,65,118,55.1,24,56,42.9,74,96,77.1,38,107,145,53,1,55,0,0,276,72,59,11,58.0,0.23,26.2,55.2
2016,20152016,855,Oakland City,,3,0,3,120,69.8,27,8,9,209,45.2,86.1,65,177,36.7,49,123,39.8,16,54,29.6,34,50,68.0,28,69,97,37,3,60,0,0,180,38,18,4,41.2,0.18,28.9,28.2,59,16,18,210,57.0,126.7,98,202,48.5,71,125,56.8,27,77,35.1,43,71,60.6,51,91,142,24,0,56,0,0,266,94,55,34,55.2,0.11,35.9,35.1
2016,20152016,856,WVU Tech,,1,0,1,40,77.0,8,2,2,77,45.7,84.4,23,64,35.9,17,44,38.6,6,20,30.0,13,16,81.3,8,24,32,15,0,26,0,0,65,28,9,3,40.6,0.19,25.0,25.0,25,1,4,77,64.3,124.7,31,61,50.8,19,31,61.3,12,30,40.0,22,31,71.0,10,36,46,11,0,17,0,0,96,30,19,8,60.7,0.14,21.7,50.8
2016,20152016,857,Vanguard,,1,0,1,40,66.5,8,3,7,66,39.5,78.8,18,61,29.5,9,34,26.5,9,27,33.3,7,11,63.6,11,24,35,10,0,14,0,0,52,16,12,4,36.9,0.15,31.4,18.0,21,3,5,67,56.0,107.5,30,59,50.8,27,47,57.4,3,12,25.0,9,12,75.0,8,34,42,13,0,14,0,0,72,48,11,8,53.4,0.19,19.0,20.3
2016,20152016,861,Goldey-Beacom,,2,0,2,80,0.0,30,7,16,0,54.8,,50,110,45.5,35,74,47.3,15,36,41.7,20,30,66.7,22,45,67,40,1,44,0,0,135,0,0,0,52.3,,32.8,27.3,21,6,16,0,51.2,,48,118,40.7,39,81,48.1,9,37,24.3,41,56,73.2,32,45,77,31,0,37,0,0,146,0,0,0,44.5,,41.6,47.5
2016,20152016,864,John Brown,,1,0,1,40,79.0,10,6,5,79,35.0,67.1,20,73,27.4,10,35,28.6,10,38,26.3,3,6,50.0,7,31,38,10,1,13,0,0,53,14,2,5,34.2,0.13,18.4,8.2,17,6,3,79,53.3,111.4,37,76,48.7,31,53,58.5,6,23,26.1,8,15,53.3,12,48,60,8,0,8,0,0,88,48,7,24,52.6,0.1,20.0,19.7
2016,20152016,866,Molloy,,1,0,1,40,82.5,12,3,5,83,41.3,77.1,26,74,35.1,18,44,40.9,8,30,26.7,4,8,50.0,12,26,38,18,2,25,0,0,64,26,16,4,40.5,0.22,31.6,10.8,22,4,11,82,60.0,117.1,34,65,52.3,27,45,60.0,7,20,35.0,21,34,61.8,11,37,48,13,1,14,0,0,96,50,27,14,57.7,0.16,22.9,52.3
2016,20152016,868,Worcester State,,1,0,1,40,82.0,5,2,8,82,44.5,80.5,27,71,38.0,20,46,43.5,7,25,28.0,5,7,71.4,13,21,34,18,0,16,0,0,66,28,15,4,43.0,0.22,38.2,9.9,19,3,7,82,57.7,122.0,43,81,53.1,37,65,56.9,6,16,37.5,8,13,61.5,17,35,52,16,0,12,0,0,100,60,27,8,56.8,0.2,32.7,16.0
2016,20152016,872,Ave Maria,,2,0,2,80,63.0,10,2,11,127,44.9,73.2,36,96,37.5,27,61,44.3,9,35,25.7,12,17,70.6,12,29,41,35,0,34,0,0,93,40,23,4,42.2,0.28,29.3,17.7,24,4,17,125,61.5,130.4,59,111,53.2,49,85,57.6,10,26,38.5,35,49,71.4,33,52,85,31,1,28,0,0,163,90,33,13,57.7,0.25,38.8,44.1
2016,20152016,875,UT Tyler,,1,0,1,40,76.0,6,1,2,76,44.5,64.5,14,44,31.8,10,29,34.5,4,15,26.7,17,25,68.0,6,25,31,25,0,31,0,0,49,0,7,0,36.4,0.33,19.4,56.8,15,4,6,76,55.1,110.5,30,63,47.6,23,40,57.5,7,23,30.4,17,30,56.7,17,31,48,14,0,25,1,0,84,0,35,0,53.2,0.18,35.4,47.6
2016,20152016,877,Eastern Mennonite,,1,0,1,40,76.0,11,1,3,76,57.2,97.4,27,59,45.8,17,35,48.6,10,24,41.7,10,13,76.9,6,16,22,15,0,19,0,0,74,26,14,4,54.2,0.2,27.3,22.0,24,8,5,76,79.3,139.5,38,58,65.5,23,34,67.6,15,24,62.5,15,20,75.0,5,29,34,13,0,17,0,0,106,44,23,8,78.4,0.17,14.7,34.5
2016,20152016,880,Lyon,,1,0,1,40,72.5,8,4,4,73,31.1,50.7,13,52,25.0,9,34,26.5,4,18,22.2,7,17,41.2,8,29,37,22,0,26,0,0,37,16,3,0,28.8,0.3,21.6,32.7,12,5,14,72,54.3,112.5,27,61,44.3,22,46,47.8,5,15,33.3,22,31,71.0,11,36,47,7,0,17,0,0,81,40,20,6,48.4,0.1,23.4,50.8
2016,20152016,881,Johnson & Wales (NC),,4,0,4,160,57.0,35,8,43,228,41.1,98.2,85,244,34.8,74,192,38.5,11,52,21.2,43,65,66.2,45,83,128,72,0,85,0,0,224,62,48,10,37.1,0.32,35.2,26.6,90,19,34,228,62.0,160.1,126,249,50.6,80,130,61.5,46,119,38.7,67,103,65.0,59,125,184,67,1,59,0,0,365,70,47,16,59.8,0.29,32.1,41.4
2016,20152016,882,Illinois Tech,,1,0,1,40,93.5,7,1,3,94,42.9,62.8,23,56,41.1,22,53,41.5,1,3,33.3,12,29,41.4,10,23,33,35,0,24,0,0,59,0,8,0,42.0,0.37,30.3,51.8,30,5,26,93,65.5,147.3,56,91,61.5,48,73,65.8,8,18,44.4,17,31,54.8,20,35,55,11,0,26,0,0,137,0,48,0,65.9,0.12,36.4,34.1
2016,20152016,886,Tiffin,,1,0,1,40,73.5,10,7,2,74,49.4,95.9,26,63,41.3,19,44,43.2,7,19,36.8,12,20,60.0,14,24,38,16,1,28,0,0,71,28,12,3,46.8,0.22,36.8,31.7,19,7,4,73,56.4,113.7,26,59,44.1,20,41,48.8,6,18,33.3,25,33,75.8,12,24,36,10,0,21,0,0,83,30,14,4,49.2,0.14,33.3,55.9
2016,20152016,888,Reinhardt,,3,0,3,120,79.5,43,8,23,240,49.2,89.2,78,198,39.4,49,100,49.0,29,98,29.6,29,44,65.9,28,66,94,51,1,60,0,0,214,51,37,13,46.7,0.21,29.8,22.2,56,10,27,237,59.9,116.9,109,202,54.0,95,159,59.7,14,43,32.6,45,66,68.2,40,99,139,46,0,45,0,0,277,167,66,41,57.4,0.19,28.8,32.7
2016,20152016,889,Pacific Union,,4,0,4,160,66.9,32,24,17,268,43.4,81.3,80,229,34.9,54,143,37.8,26,86,30.2,32,51,62.7,41,86,127,54,3,68,1,0,218,54,27,6,40.6,0.2,32.3,22.3,75,15,31,267,55.6,125.5,123,261,47.1,97,181,53.6,26,80,32.5,63,91,69.2,68,121,189,31,0,57,0,0,335,138,75,36,52.1,0.12,36.0,34.9
2016,20152016,896,Valley City,,2,0,2,80,71.0,23,9,12,143,45.3,75.5,43,110,39.1,35,77,45.5,8,33,24.2,14,21,66.7,14,47,61,40,2,48,0,0,108,40,17,2,42.7,0.28,23.0,19.1,22,6,27,141,55.1,105.7,49,108,45.4,43,87,49.4,6,21,28.6,45,62,72.6,21,55,76,25,1,31,0,0,149,72,44,8,48.1,0.18,27.6,57.4
2016,20152016,898,Pacific Lutheran,,1,0,1,40,72.0,12,0,3,72,45.6,83.3,19,57,33.3,11,28,39.3,8,29,27.6,14,20,70.0,12,20,32,17,0,25,0,0,60,0,6,0,40.4,0.24,37.5,35.1,26,4,7,72,69.0,145.8,37,62,59.7,26,40,65.0,11,22,50.0,20,32,62.5,13,29,42,9,0,22,0,0,105,0,21,0,68.5,0.13,31.0,51.6
2016,20152016,902,Chaminade,,3,0,3,120,81.0,46,3,21,244,53.6,97.5,84,197,42.6,53,116,45.7,31,81,38.3,39,57,68.4,29,62,91,48,0,63,0,0,238,62,51,20,50.5,0.2,31.9,28.9,68,19,32,242,65.3,130.6,119,208,57.2,90,144,62.5,29,64,45.3,49,77,63.6,39,92,131,41,0,53,0,0,316,100,43,42,64.2,0.17,29.8,37.0
2016,20152016,906,Northland,,1,0,1,40,64.0,9,2,4,64,39.0,73.4,17,55,30.9,11,32,34.4,6,23,26.1,7,12,58.3,7,11,18,12,1,21,0,0,47,20,3,0,36.4,0.19,38.9,21.8,22,2,4,64,63.7,164.1,44,74,59.5,38,57,66.7,6,17,35.3,11,19,57.9,24,33,57,8,0,16,1,0,105,74,20,4,63.5,0.13,42.1,25.7
2016,20152016,909,Clarks Summit,,2,0,2,80,35.3,17,2,6,70,41.1,137.1,38,107,35.5,28,61,45.9,10,46,21.7,10,22,45.5,14,47,61,37,1,34,0,0,96,20,9,0,40.2,0.53,23.0,20.6,39,3,25,71,63.1,257.7,67,127,52.8,41,69,59.4,26,58,44.8,23,41,56.1,24,61,85,19,2,31,1,0,183,32,32,4,63.0,0.27,28.2,32.3
2016,20152016,911,Angelo State,,1,0,1,40,81.0,11,8,6,81,46.9,92.6,28,73,38.4,21,49,42.9,7,24,29.2,12,16,75.0,16,37,53,17,0,20,1,0,75,32,10,6,43.2,0.21,30.2,21.9,16,6,7,81,48.1,93.8,27,68,39.7,20,45,44.4,7,23,30.4,15,25,60.0,10,32,42,12,1,15,0,0,76,30,16,4,44.9,0.15,23.8,36.8
2016,20152016,914,Point Loma Nazarene,,1,0,1,40,75.0,12,2,4,75,35.0,61.3,15,63,23.8,4,26,15.4,11,37,29.7,5,6,83.3,12,21,33,21,0,12,0,0,46,8,14,0,32.5,0.28,36.4,9.5,24,6,10,75,58.4,116.0,38,71,53.5,29,50,58.0,9,21,42.9,2,8,25.0,15,36,51,15,0,9,0,0,87,46,28,0,59.9,0.2,29.4,11.3
2016,20152016,916,Albany St (GA),,1,0,1,40,81.5,14,2,6,82,45.4,84.1,25,68,36.8,17,41,41.5,8,27,29.6,11,18,61.1,12,31,43,17,0,18,0,0,69,26,7,8,42.6,0.21,27.9,26.5,28,4,9,81,57.2,117.3,35,76,46.1,22,43,51.2,13,33,39.4,12,16,75.0,13,33,46,10,0,17,0,0,95,38,18,29,54.6,0.12,28.3,21.1
2016,20152016,918,Warren Wilson,,2,0,2,80,41.8,9,4,12,84,73.4,127.4,19,61,31.1,15,40,37.5,4,21,19.0,20,27,74.1,20,17,37,29,1,22,0,0,107,26,13,7,34.4,0.35,54.1,44.3,30,8,22,83,120.5,244.6,39,71,54.9,28,45,62.2,11,26,42.3,18,30,60.0,23,26,49,21,0,19,0,0,203,52,32,32,62.7,0.25,46.9,42.3
2016,20152016,925,FDU Florham,,1,0,1,40,81.5,14,0,5,82,46.1,85.4,23,64,35.9,13,35,37.1,10,29,34.5,14,27,51.9,14,19,33,19,0,19,0,0,70,22,5,9,43.8,0.23,42.4,42.2,19,8,13,81,65.2,137.0,48,79,60.8,43,62,69.4,5,17,29.4,10,14,71.4,12,36,48,11,0,26,0,0,111,78,20,24,63.9,0.14,25.0,17.7
2016,20152016,931,George Fox,,1,0,1,40,90.5,15,3,9,90,46.6,71.1,22,59,37.3,19,42,45.2,3,17,17.6,17,22,77.3,7,18,25,27,0,23,0,0,64,36,14,14,39.8,0.3,28.0,37.3,30,7,23,91,69.3,138.5,50,79,63.3,41,54,75.9,9,25,36.0,17,27,63.0,16,33,49,16,1,20,0,0,126,82,35,49,69.0,0.18,32.7,34.2
2016,20152016,933,Arkansas-Fort Smith,,1,0,1,40,68.0,14,1,7,68,63.8,105.9,28,52,53.8,19,31,61.3,9,21,42.9,7,10,70.0,6,15,21,18,1,22,0,0,72,26,17,13,62.5,0.26,28.6,19.2,19,0,9,68,68.9,142.6,34,62,54.8,20,31,64.5,14,31,45.2,15,19,78.9,15,19,34,12,0,11,0,0,97,36,31,12,66.1,0.18,44.1,30.6
2016,20152016,934,Ohio Dominican,,1,0,1,40,66.0,13,0,1,67,52.9,103.0,24,59,40.7,14,29,48.3,10,30,33.3,11,14,78.6,5,19,24,6,0,26,0,0,69,0,7,0,49.2,0.09,20.8,23.7,13,3,2,65,71.5,143.1,27,51,52.9,16,30,53.3,11,21,52.4,28,32,87.5,7,31,38,6,0,14,0,0,93,0,4,0,63.7,0.09,18.4,62.7
2016,20152016,941,Bridgewater College (VA),,1,0,1,40,67.5,8,1,5,67,31.4,55.2,13,54,24.1,9,36,25.0,4,18,22.2,7,11,63.6,8,22,30,15,1,17,0,0,37,0,10,0,27.8,0.22,26.7,20.4,9,9,9,68,61.8,105.9,25,49,51.0,17,29,58.6,8,20,40.0,14,21,66.7,4,35,39,13,0,15,0,0,72,28,14,6,59.2,0.19,10.3,42.9
2016,20152016,948,Adams State,,2,0,2,80,75.8,28,3,11,152,44.3,81.6,46,124,37.1,34,73,46.6,12,51,23.5,20,36,55.6,19,45,64,29,1,39,0,0,124,50,28,12,41.9,0.19,29.7,29.0,42,14,15,151,61.8,119.2,72,129,55.8,58,81,71.6,14,48,29.2,22,38,57.9,22,67,89,26,0,39,0,0,180,112,38,26,61.2,0.17,24.7,29.5
2016,20152016,949,Wiley,,1,1,0,40,0.0,17,0,8,0,57.5,,22,49,44.9,14,36,38.9,8,13,61.5,15,21,71.4,7,25,32,19,0,26,0,0,67,0,0,0,53.1,,21.9,42.9,18,1,4,0,54.5,,23,50,46.0,18,30,60.0,5,20,25.0,15,24,62.5,8,24,32,18,0,21,1,0,66,0,0,0,51.0,,25.0,48.0
2016,20152016,950,CS Dominguez Hills,,1,0,1,40,74.0,11,4,4,74,37.1,75.7,24,72,33.3,20,48,41.7,4,24,16.7,4,8,50.0,9,30,39,8,0,15,0,0,56,30,4,2,36.1,0.11,23.1,11.1,19,6,6,74,55.8,118.9,34,71,47.9,26,48,54.2,8,23,34.8,12,18,66.7,11,41,52,7,0,10,0,0,88,34,5,2,53.5,0.09,21.2,25.4
2016,20152016,954,Greensboro College,,1,0,1,40,0.0,9,0,4,0,51.2,,24,59,40.7,17,39,43.6,7,20,35.0,14,19,73.7,13,22,35,15,1,25,0,0,69,0,0,0,46.6,,37.1,32.2,10,0,7,0,64.6,,27,52,51.9,21,30,70.0,6,22,27.3,26,33,78.8,7,26,33,10,1,18,0,0,86,0,0,0,57.7,,21.2,63.5
2016,20152016,956,Florida Memorial,,2,0,2,80,71.5,21,5,14,143,44.0,86.7,42,128,32.8,24,62,38.7,18,66,27.3,22,29,75.9,25,41,66,29,2,34,0,0,124,38,30,4,39.8,0.2,37.9,22.7,37,7,16,143,62.1,111.2,57,109,52.3,41,69,59.4,16,40,40.0,29,43,67.4,17,63,80,31,0,26,0,0,159,50,36,22,59.6,0.22,21.3,39.4
2016,20152016,962,LSU Shreveport,,2,0,2,80,75.0,15,3,16,150,42.7,75.3,44,120,36.7,37,91,40.7,7,29,24.1,18,28,64.3,25,51,76,43,2,41,0,0,113,60,12,2,39.6,0.29,32.9,23.3,42,15,25,150,58.9,113.3,61,120,50.8,46,78,59.0,15,42,35.7,33,55,60.0,18,55,73,23,0,32,0,0,170,84,43,30,57.1,0.15,24.7,45.8
2016,20152016,965,Coker,,1,0,1,40,87.0,5,2,8,87,45.7,83.9,24,68,35.3,16,45,35.6,8,23,34.8,17,27,63.0,18,31,49,25,0,25,0,0,73,24,12,9,41.2,0.29,36.7,39.7,17,6,18,87,54.0,106.9,33,72,45.8,29,57,50.9,4,15,26.7,23,32,71.9,14,33,47,14,0,22,0,0,93,52,28,30,48.6,0.16,29.8,44.4
2016,20152016,966,Antelope Valley,,5,0,5,200,73.4,54,9,34,366,44.3,77.6,102,286,35.7,79,195,40.5,23,91,25.3,57,79,72.2,34,100,134,79,4,89,1,0,284,90,48,12,39.7,0.22,25.4,27.6,102,18,46,368,60.6,123.6,171,332,51.5,124,212,58.5,47,120,39.2,66,99,66.7,81,156,237,73,1,74,0,0,455,224,90,49,58.6,0.2,34.2,29.8
2016,20152016,967,Trevecca Nazarene,,1,0,1,40,71.0,14,1,6,71,51.1,94.4,25,59,42.4,17,40,42.5,8,19,42.1,9,15,60.0,9,22,31,15,0,17,0,0,67,26,14,0,49.2,0.21,29.0,25.4,10,6,7,71,55.6,115.5,31,64,48.4,25,45,55.6,6,19,31.6,14,22,63.6,15,29,44,11,0,17,0,0,82,40,13,6,53.1,0.15,34.1,34.4
2016,20152016,968,Mount Saint Vincent,,1,0,1,40,0.0,10,1,9,0,45.7,,25,64,39.1,20,45,44.4,5,19,26.3,12,21,57.1,17,19,36,17,0,24,0,0,67,0,0,0,43.0,,47.2,32.8,17,8,11,0,64.3,,30,60,50.0,15,26,57.7,15,34,44.1,18,28,64.3,16,28,44,18,0,24,0,0,93,0,0,0,62.5,,36.4,46.7
2016,20152016,970,Queens College NY,,1,0,1,40,69.0,18,0,7,69,52.6,82.6,22,48,45.8,16,31,51.6,6,17,35.3,7,14,50.0,8,20,28,23,2,19,0,0,57,26,13,2,52.1,0.33,28.6,29.2,20,6,11,69,61.9,110.1,29,53,54.7,22,33,66.7,7,20,35.0,11,19,57.9,8,21,29,15,1,18,0,0,76,42,21,14,61.3,0.22,27.6,35.8
2016,20152016,972,Indiana University Northwest,,2,0,2,80,40.8,27,6,13,81,39.6,146.9,38,129,29.5,25,79,31.6,13,50,26.0,30,48,62.5,21,52,73,35,0,42,1,0,119,18,15,0,34.5,0.43,28.8,37.2,39,12,25,82,57.8,234.1,66,141,46.8,51,89,57.3,15,52,28.8,45,57,78.9,29,78,107,30,0,41,0,0,192,38,12,12,52.1,0.37,27.1,40.4
2016,20152016,985,Illinois-Springfield,,1,0,1,40,71.5,10,0,5,72,44.2,83.3,20,60,33.3,13,37,35.1,7,23,30.4,13,18,72.2,6,23,29,10,0,23,0,0,60,14,9,0,39.2,0.14,20.7,30.0,14,5,6,71,56.6,105.6,24,53,45.3,15,33,45.5,9,20,45.0,18,30,60.0,12,37,49,14,0,18,0,0,75,16,9,10,53.8,0.2,24.5,56.6
2016,20152016,991,San Diego Christian,,5,0,5,200,74.1,55,8,29,372,45.9,86.8,109,307,35.5,75,186,40.3,34,121,28.1,71,102,69.6,58,118,176,73,3,96,1,0,323,116,61,22,41.0,0.2,33.0,33.2,99,26,39,369,59.6,114.9,165,314,52.5,133,229,58.1,32,85,37.6,62,95,65.3,53,155,208,62,2,101,2,0,424,210,82,54,57.6,0.17,25.5,30.3
2016,20152016,992,Rochester University (MI),,3,0,3,120,69.8,36,8,18,210,46.2,86.2,68,181,37.6,44,102,43.1,24,79,30.4,21,34,61.8,35,59,94,49,1,62,0,0,181,78,35,16,44.2,0.23,37.2,18.8,52,17,28,209,63.3,122.0,90,174,51.7,63,102,61.8,27,72,37.5,48,62,77.4,31,84,115,37,0,39,1,0,255,108,49,35,59.5,0.18,27.0,35.6
2016,20152016,997,Allen University,,5,0,5,200,62.3,60,11,40,311,49.0,108.0,113,299,37.8,70,175,40.0,43,124,34.7,67,99,67.7,44,115,159,86,2,123,2,0,336,78,54,16,45.0,0.28,27.7,33.1,91,15,36,312,61.1,145.2,157,305,51.5,122,207,58.9,35,98,35.7,104,149,69.8,60,158,218,81,0,96,1,0,453,184,85,56,57.2,0.26,27.5,48.9
2016,20152016,998,Methodist,,1,0,1,40,75.5,12,2,5,76,45.7,65.8,17,45,37.8,15,32,46.9,2,13,15.4,14,22,63.6,7,23,30,27,0,22,0,0,50,24,9,8,40.0,0.36,23.3,48.9,26,5,20,75,62.9,128.0,35,64,54.7,32,51,62.7,3,13,23.1,23,28,82.1,9,25,34,9,0,14,0,0,96,54,34,20,57.0,0.12,26.5,43.8
2016,20152016,999,Cincinnati Clermont,,1,0,1,40,69.5,14,2,5,70,50.4,94.3,23,58,39.7,18,43,41.9,5,15,33.3,15,17,88.2,6,20,26,11,0,23,0,0,66,26,11,4,44.0,0.16,23.1,29.3,25,8,7,69,69.1,131.9,34,54,63.0,28,40,70.0,6,14,42.9,17,27,63.0,8,30,38,10,0,18,0,0,91,52,20,8,68.5,0.14,21.1,50.0
2016,20152016,1004,Manchester,,1,0,1,40,70.5,9,2,6,71,41.1,74.6,18,57,31.6,11,29,37.9,7,28,25.0,10,17,58.8,11,21,32,16,0,25,0,0,53,10,12,0,37.7,0.23,34.4,29.8,18,5,10,70,58.8,121.4,27,60,45.0,15,33,45.5,12,27,44.4,19,28,67.9,16,31,47,13,0,18,0,0,85,24,22,20,55.0,0.19,34.0,46.7
2016,20152016,1006,Central Baptist College,,2,0,2,80,70.8,25,3,7,141,53.3,94.3,50,115,43.5,32,77,41.6,18,38,47.4,15,22,68.2,18,34,52,37,0,41,2,0,133,46,25,2,51.3,0.26,34.6,19.1,36,9,22,142,64.0,124.6,62,118,52.5,44,78,56.4,18,40,45.0,35,46,76.1,26,51,77,33,0,32,0,0,177,68,46,2,60.2,0.23,33.8,39.0
2016,20152016,1010,Lees-McRae,,1,0,1,40,71.5,13,1,7,72,39.3,83.3,23,72,31.9,13,36,36.1,10,36,27.8,4,10,40.0,15,18,33,10,0,20,0,0,60,22,13,11,38.9,0.14,45.5,13.9,20,2,6,71,62.6,123.9,30,58,51.7,24,36,66.7,6,22,27.3,22,28,78.6,16,40,56,13,0,16,0,0,88,38,15,11,56.9,0.18,28.6,48.3
2016,20152016,1013,Bushnell,,1,0,1,40,65.5,10,0,1,65,44.5,80.0,16,51,31.4,9,31,29.0,7,20,35.0,13,17,76.5,12,25,37,18,0,27,0,0,52,0,2,0,38.2,0.28,32.4,33.3,17,6,11,66,53.5,112.1,27,56,48.2,21,36,58.3,6,20,30.0,14,30,46.7,13,24,37,9,0,17,1,0,74,0,17,0,53.6,0.14,35.1,53.6
2016,20152016,1024,Mars Hill,,2,0,2,80,37.3,22,4,7,75,40.1,150.7,39,128,30.5,24,73,32.9,15,55,27.3,20,29,69.0,24,48,72,25,1,39,1,0,113,20,12,8,36.3,0.33,33.3,22.7,26,9,18,74,51.9,224.3,63,142,44.4,47,95,49.5,16,47,34.0,24,41,58.5,40,66,106,23,1,26,1,0,166,34,13,4,50.0,0.31,37.7,28.9
2016,20152016,1025,Multnomah University,,2,0,2,80,42.0,20,1,10,84,43.1,153.6,49,142,34.5,31,81,38.3,18,61,29.5,13,17,76.5,25,45,70,32,1,22,0,0,129,52,30,5,40.8,0.38,35.7,12.0,54,12,22,84,68.4,254.8,84,145,57.9,58,85,68.2,26,60,43.3,20,26,76.9,19,70,89,21,0,24,0,0,214,110,34,56,66.9,0.25,21.3,17.9
2016,20152016,1026,Paine,,1,0,1,40,83.5,13,1,8,84,47.8,91.7,29,70,41.4,27,54,50.0,2,16,12.5,17,24,70.8,12,23,35,14,0,30,0,0,77,34,24,6,42.9,0.17,34.3,34.3,15,3,7,83,59.5,102.4,24,53,45.3,18,31,58.1,6,22,27.3,31,42,73.8,11,31,42,20,0,22,0,0,85,30,11,9,50.9,0.24,26.2,79.2
2016,20152016,1027,Alma,,1,0,1,40,0.0,17,3,7,0,43.7,,25,68,36.8,15,39,38.5,10,29,34.5,4,12,33.3,12,29,41,9,0,20,0,0,64,0,0,0,44.1,,29.3,17.6,14,6,3,0,54.3,,29,63,46.0,20,36,55.6,9,27,33.3,12,22,54.5,13,37,50,11,0,15,0,0,79,0,0,0,53.2,,26.0,34.9
2016,20152016,1034,Montana-Western,,1,0,1,40,0.0,5,0,9,0,33.4,,15,56,26.8,11,35,31.4,4,21,19.0,9,19,47.4,7,23,30,11,0,12,0,0,43,0,0,0,30.4,,23.3,33.9,23,3,6,0,64.3,,28,53,52.8,19,28,67.9,9,25,36.0,10,12,83.3,4,40,44,15,0,19,0,0,75,0,0,0,61.3,,9.1,22.6
2016,20152016,1038,Saint Martin's,,1,0,1,40,64.0,5,3,7,64,41.0,78.1,18,54,33.3,14,29,48.3,4,25,16.0,10,16,62.5,9,18,27,13,1,18,0,0,50,24,13,3,37.0,0.2,33.3,29.6,14,2,7,64,61.3,134.4,33,64,51.6,24,44,54.5,9,20,45.0,11,14,78.6,15,32,47,9,0,14,0,0,86,36,18,10,58.6,0.14,31.9,21.9
2016,20152016,1040,Cal State East Bay,,1,0,1,40,70.0,12,3,6,70,40.7,74.3,18,59,30.5,10,23,43.5,8,36,22.2,8,11,72.7,9,25,34,14,0,25,0,0,52,10,12,0,37.3,0.2,26.5,18.6,10,2,5,70,54.8,107.1,23,53,43.4,19,37,51.4,4,16,25.0,25,35,71.4,14,32,46,12,0,14,0,0,75,28,19,4,47.2,0.17,30.4,66.0
2016,20152016,1045,Holy Names University,,3,0,3,120,73.0,39,6,19,220,37.6,73.6,58,197,29.4,41,126,32.5,17,71,23.9,29,42,69.0,40,51,91,43,1,57,0,0,162,46,35,6,33.8,0.2,44.0,21.3,69,23,23,218,65.5,127.5,106,180,58.9,86,133,64.7,20,47,42.6,46,73,63.0,36,106,142,39,0,50,0,0,278,100,57,34,64.4,0.18,25.4,40.6
2016,20152016,1050,Master's University,,1,0,1,40,71.5,12,0,4,71,54.7,101.4,27,64,42.2,13,33,39.4,14,31,45.2,4,4,100.0,10,18,28,15,1,24,0,0,72,22,12,2,53.1,0.21,35.7,6.3,16,11,4,72,56.9,116.7,29,61,47.5,25,48,52.1,4,13,30.8,22,29,75.9,17,27,44,14,1,13,0,0,84,0,20,0,50.8,0.19,38.6,47.5
2016,20152016,1053,Cal State LA,,1,0,1,40,69.0,9,2,9,69,49.8,82.6,22,52,42.3,16,35,45.7,6,17,35.3,7,12,58.3,7,16,23,18,1,13,0,0,57,0,16,0,48.1,0.26,30.4,23.1,9,5,9,69,61.3,107.2,28,52,53.8,23,40,57.5,5,12,41.7,13,19,68.4,9,25,34,17,0,14,0,0,74,0,14,0,58.7,0.25,26.5,36.5
2016,20152016,1055,Williams Baptist,,1,0,1,40,79.0,14,3,13,80,46.3,82.5,26,66,39.4,20,45,44.4,6,21,28.6,8,12,66.7,12,25,37,21,0,19,0,0,66,0,19,0,43.9,0.26,32.4,18.2,20,3,13,78,60.1,106.4,30,58,51.7,23,41,56.1,7,17,41.2,16,25,64.0,9,31,40,19,0,15,0,0,83,0,19,0,57.8,0.24,22.5,43.1
2016,20152016,1056,Mount St. Joseph,,1,0,1,40,64.0,7,1,5,64,46.4,81.3,13,45,28.9,8,27,29.6,5,18,27.8,21,25,84.0,6,22,28,12,0,18,0,0,52,14,15,2,34.4,0.19,21.4,55.6,16,3,4,64,52.0,103.1,25,56,44.6,23,44,52.3,2,12,16.7,14,17,82.4,12,28,40,13,0,24,0,0,66,40,16,6,46.4,0.2,30.0,30.4
2016,20152016,1057,Goucher,,1,0,1,40,59.0,15,1,7,59,44.0,79.7,17,49,34.7,10,32,31.3,7,17,41.2,6,10,60.0,7,14,21,12,2,14,0,0,47,6,9,4,41.8,0.2,33.3,20.4,21,4,7,59,52.1,128.8,30,65,46.2,26,44,59.1,4,21,19.0,12,18,66.7,23,27,50,9,0,13,0,0,76,48,17,14,49.2,0.15,46.0,27.7
2016,20152016,1059,Florida College,,1,0,1,40,79.0,11,1,6,80,49.4,78.8,21,58,36.2,10,22,45.5,11,36,30.6,10,13,76.9,7,27,34,21,0,21,0,0,63,0,0,0,45.7,0.26,20.6,22.4,18,1,14,78,52.8,103.8,26,63,41.3,18,37,48.6,8,26,30.8,21,31,67.7,14,32,46,14,0,12,0,0,81,0,0,0,47.6,0.18,30.4,49.2
2016,20152016,1067,Cumberland (TN),,1,0,1,40,70.0,4,3,10,71,41.0,74.6,19,55,34.5,16,43,37.2,3,12,25.0,12,22,54.5,12,22,34,17,2,20,1,0,53,26,12,6,37.3,0.24,35.3,40.0,18,4,4,69,64.0,120.3,30,60,50.0,15,29,51.7,15,31,48.4,8,11,72.7,9,30,39,15,0,19,0,0,83,28,20,2,62.5,0.22,23.1,18.3
2016,20152016,1068,Shenandoah,,1,0,1,40,78.5,11,0,11,79,40.5,77.2,20,66,30.3,13,43,30.2,7,23,30.4,14,21,66.7,11,15,26,14,0,18,0,0,61,20,10,0,35.6,0.18,42.3,31.8,29,7,9,78,77.0,137.2,42,62,67.7,30,40,75.0,12,22,54.5,11,17,64.7,8,37,45,15,0,15,0,0,107,50,26,22,77.4,0.19,17.8,27.4
2016,20152016,1074,Regis (CO),,1,0,1,40,68.0,9,0,2,68,43.4,77.9,18,54,33.3,11,25,44.0,7,29,24.1,10,16,62.5,8,24,32,14,0,21,0,0,53,10,6,0,39.8,0.21,25.0,29.6,17,1,3,68,52.9,113.2,28,64,43.8,20,39,51.3,8,25,32.0,13,20,65.0,16,31,47,10,0,19,0,0,77,40,17,10,50.0,0.15,34.0,31.3
2016,20152016,1084,Phoenix,,1,0,1,40,68.0,11,0,5,68,48.6,89.7,20,57,35.1,8,33,24.2,12,24,50.0,9,13,69.2,10,22,32,15,0,17,0,0,61,10,7,2,45.6,0.22,31.3,22.8,16,4,1,68,59.0,119.1,32,62,51.6,26,47,55.3,6,15,40.0,11,15,73.3,11,28,39,10,0,13,0,0,81,22,14,0,56.5,0.15,28.2,24.2
2016,20152016,1087,Oberlin,,1,0,1,40,73.5,11,0,4,74,45.4,78.4,19,59,32.2,10,33,30.3,9,26,34.6,11,11,100.0,8,15,23,19,0,18,0,0,58,16,14,7,39.8,0.26,34.8,18.6,18,3,13,73,64.5,142.5,40,70,57.1,34,52,65.4,6,18,33.3,18,24,75.0,16,32,48,8,0,11,0,0,104,60,31,16,61.4,0.11,33.3,34.3
2016,20152016,1093,MIT,,1,0,1,40,60.0,6,2,4,60,36.0,65.0,14,48,29.2,11,31,35.5,3,17,17.6,8,14,57.1,9,24,33,12,0,22,0,0,39,20,18,0,32.3,0.2,27.3,29.2,11,7,5,60,48.2,98.3,20,52,38.5,15,37,40.5,5,15,33.3,14,21,66.7,14,30,44,11,0,16,0,0,59,26,15,6,43.3,0.18,31.8,40.4
2016,20152016,1095,Eckerd,,1,0,1,40,69.5,10,0,9,70,41.7,81.4,24,64,37.5,19,50,38.0,5,14,35.7,4,10,40.0,17,18,35,18,0,20,0,0,57,30,26,4,41.4,0.26,48.6,15.6,12,7,10,69,59.5,98.6,23,47,48.9,18,33,54.5,5,14,35.7,17,23,73.9,10,28,38,22,0,20,0,0,68,34,14,4,54.3,0.32,26.3,48.9
2016,20152016,1097,Chowan,,1,0,1,40,62.5,4,3,2,63,43.7,95.2,21,59,35.6,17,43,39.5,4,16,25.0,14,22,63.6,10,21,31,6,0,19,0,0,60,26,7,0,39.0,0.1,32.3,37.3,14,2,4,62,63.0,130.6,30,55,54.5,22,37,59.5,8,18,44.4,13,21,61.9,8,32,40,6,0,21,0,0,81,36,12,9,61.8,0.1,20.0,38.2
2016,20152016,1099,Wisconsin-Superior,,1,0,1,40,86.5,11,1,4,86,44.8,66.3,18,54,33.3,12,39,30.8,6,15,40.0,15,22,68.2,6,24,30,27,0,23,0,0,57,16,6,4,38.9,0.31,20.0,40.7,13,2,22,87,60.6,124.1,41,75,54.7,36,63,57.1,5,12,41.7,21,32,65.6,17,34,51,14,0,23,0,0,108,64,36,26,58.0,0.16,33.3,42.7
2016,20152016,1101,Minnesota Morris,,1,0,1,40,82.0,14,1,7,82,43.5,84.1,29,74,39.2,21,50,42.0,8,24,33.3,3,12,25.0,13,24,37,15,0,22,0,0,69,28,7,2,44.6,0.18,35.1,16.2,19,6,7,82,60.0,120.7,39,71,54.9,35,54,64.8,4,17,23.5,17,26,65.4,13,39,52,11,0,17,0,0,99,56,18,4,57.7,0.13,25.0,36.6
2016,20152016,1110,Roosevelt,,2,0,2,80,32.5,28,4,12,65,43.8,169.2,38,112,33.9,27,69,39.1,11,43,25.6,23,31,74.2,19,37,56,32,0,52,0,0,110,10,8,4,38.8,0.49,33.9,27.7,45,13,14,65,59.6,278.5,68,129,52.7,57,95,60.0,11,34,32.4,34,52,65.4,31,62,93,20,0,30,0,0,181,36,27,14,57.0,0.31,33.3,40.3
2016,20152016,1113,Indiana-Kokomo,,3,0,3,120,67.0,30,2,12,201,39.6,68.7,52,163,31.9,37,89,41.6,15,74,20.3,19,26,73.1,23,64,87,48,2,44,0,0,138,46,23,0,36.5,0.24,26.4,16.0,64,9,35,201,64.2,127.4,91,174,52.3,60,102,58.8,31,72,43.1,43,58,74.1,26,92,118,26,0,34,0,0,256,104,67,29,61.2,0.13,22.0,33.3
2016,20152016,1115,Quincy,,1,0,1,40,74.5,13,1,8,75,39.8,84.0,24,76,31.6,13,43,30.2,11,33,33.3,4,7,57.1,15,25,40,9,1,27,0,0,63,20,18,2,38.8,0.12,37.5,9.2,15,6,3,74,58.1,98.6,22,47,46.8,14,31,45.2,8,16,50.0,21,36,58.3,5,39,44,16,1,11,0,0,73,26,9,6,55.3,0.22,11.4,76.6
2016,20152016,1117,Minnesota Duluth,,1,0,1,40,83.0,13,4,6,83,50.5,89.2,26,64,40.6,17,38,44.7,9,26,34.6,13,21,61.9,18,36,54,26,0,30,0,0,74,20,10,6,47.7,0.31,33.3,32.8,15,7,16,83,56.3,113.3,29,65,44.6,22,42,52.4,7,23,30.4,29,42,69.0,10,25,35,10,0,24,0,0,94,36,29,14,50.0,0.12,28.6,64.6
2016,20152016,1121,Maryville University (MO),,1,0,1,40,66.0,9,2,6,66,51.4,80.3,18,45,40.0,12,28,42.9,6,17,35.3,11,15,73.3,4,24,28,18,2,24,0,0,53,16,15,2,46.7,0.27,14.3,33.3,9,5,7,66,50.9,92.4,19,45,42.2,14,33,42.4,5,12,41.7,18,34,52.9,8,25,33,14,3,18,0,0,61,24,10,0,47.8,0.21,24.2,75.6
2016,20152016,1123,Texas Permian Basin,,1,1,0,40,77.0,11,6,9,77,60.1,116.9,28,63,44.4,16,31,51.6,12,32,37.5,22,27,81.5,8,20,28,10,0,27,0,0,90,30,19,4,54.0,0.13,28.6,42.9,8,3,5,77,57.7,110.4,29,60,48.3,25,45,55.6,4,15,26.7,23,31,74.2,13,31,44,16,0,23,0,0,85,48,8,0,51.7,0.21,29.5,51.7
2016,20152016,1126,Farmingdale State,,1,0,1,40,64.0,10,1,5,64,35.0,65.6,17,57,29.8,15,40,37.5,2,17,11.8,6,7,85.7,11,18,29,15,1,15,0,0,42,18,5,0,31.6,0.23,37.9,12.3,20,4,9,64,56.8,142.2,35,74,47.3,24,36,66.7,11,38,28.9,10,14,71.4,24,30,54,8,0,10,0,0,91,48,23,10,54.7,0.13,44.4,18.9
2016,20152016,1134,Michigan-Dearborn,,1,0,1,40,81.5,13,2,0,82,46.4,85.4,24,67,35.8,14,36,38.9,10,31,32.3,12,19,63.2,14,23,37,21,0,31,0,0,70,0,2,0,43.3,0.26,37.8,28.4,22,5,9,81,71.6,150.6,39,68,57.4,24,41,58.5,15,27,55.6,29,39,74.4,10,33,43,7,0,21,1,0,122,46,40,21,68.4,0.09,23.3,57.4
2016,20152016,1145,Trinity International,,2,0,2,80,76.5,29,10,13,153,47.3,85.6,51,127,40.2,38,78,48.7,13,49,26.5,16,26,61.5,20,51,71,35,0,31,0,0,131,56,26,27,45.3,0.23,28.2,20.5,39,4,21,153,51.5,108.5,65,148,43.9,51,107,47.7,14,41,34.1,22,30,73.3,37,60,97,28,0,32,0,0,166,90,46,30,48.6,0.18,38.1,20.3
2016,20152016,1146,Emmanuel (MA),,1,0,1,40,64.5,14,3,2,65,49.8,89.2,21,53,39.6,12,24,50.0,9,29,31.0,7,12,58.3,9,19,28,14,1,24,1,0,58,14,12,2,48.1,0.22,32.1,22.6,13,4,8,64,61.7,120.3,29,51,56.9,27,44,61.4,2,7,28.6,17,26,65.4,6,23,29,9,0,14,0,0,77,46,17,14,58.8,0.14,20.7,51.0
2016,20152016,1147,Belmont Abbey,,2,0,2,80,71.5,19,2,14,142,49.3,83.1,46,114,40.4,30,74,40.5,16,40,40.0,10,13,76.9,16,49,65,38,1,37,0,0,118,38,29,12,47.4,0.27,24.6,11.4,39,5,25,144,59.5,116.7,61,124,49.2,40,66,60.6,21,58,36.2,25,39,64.1,20,54,74,23,0,23,0,0,168,64,45,13,57.7,0.16,27.0,31.5
2016,20152016,1153,College of Idaho,,1,0,1,40,82.5,17,3,9,83,47.8,89.2,26,73,35.6,12,34,35.3,14,39,35.9,8,10,80.0,8,16,24,13,0,22,1,0,74,0,0,0,45.2,0.16,33.3,13.7,28,6,9,82,71.3,140.2,42,67,62.7,31,42,73.8,11,25,44.0,20,31,64.5,14,40,54,17,0,9,0,0,115,0,0,0,70.9,0.21,25.9,46.3
2016,20152016,1159,Cedarville,,1,0,1,40,65.5,7,0,6,65,32.8,56.9,14,52,26.9,10,26,38.5,4,26,15.4,5,10,50.0,12,21,33,20,0,20,0,0,37,18,12,4,30.8,0.31,36.4,19.2,18,6,10,66,59.3,116.7,27,57,47.4,15,27,55.6,12,30,40.0,11,18,61.1,13,29,42,12,0,13,0,0,77,28,24,14,57.9,0.18,31.0,31.6
2016,20152016,1160,William Jewell,,1,0,1,40,72.0,8,1,3,73,49.7,80.8,15,47,31.9,9,22,40.9,6,25,24.0,23,28,82.1,11,22,33,22,2,31,0,0,59,14,14,2,38.3,0.3,33.3,59.6,13,3,6,71,54.8,102.8,22,53,41.5,15,30,50.0,7,23,30.4,22,31,71.0,13,22,35,16,0,29,0,0,73,28,16,10,48.1,0.23,37.1,58.5
2016,20152016,1161,Emporia St,,1,0,1,40,65.0,7,1,7,65,45.8,83.1,20,51,39.2,17,36,47.2,3,15,20.0,11,18,61.1,11,20,31,16,3,27,0,0,54,28,10,4,42.2,0.25,35.5,35.3,15,7,6,65,58.8,116.9,24,51,47.1,17,32,53.1,7,19,36.8,21,31,67.7,13,24,37,13,1,19,0,0,76,32,20,4,53.9,0.2,35.1,60.8
2016,20152016,1166,Washington Adventist,,3,0,3,120,79.7,27,19,16,240,42.2,77.1,64,190,33.7,50,132,37.9,14,58,24.1,43,66,65.2,31,92,123,49,2,64,1,0,185,58,41,11,37.4,0.2,25.2,34.7,40,24,29,238,49.7,97.5,79,199,39.7,61,141,43.3,18,58,31.0,56,78,71.8,38,106,144,42,0,62,0,0,232,76,63,28,44.2,0.18,26.4,39.2
2016,20152016,1168,Catawba,,1,0,1,40,74.0,8,1,10,74,37.4,81.1,23,71,32.4,21,59,35.6,2,12,16.7,12,21,57.1,24,25,49,17,0,23,0,0,60,38,17,2,33.8,0.23,49.0,29.6,16,6,8,74,47.2,91.9,23,61,37.7,15,35,42.9,8,26,30.8,14,25,56.0,17,30,47,18,1,20,0,0,68,26,14,8,44.3,0.24,36.2,41.0
2016,20152016,1175,Simpson College (IA),,2,0,2,80,74.0,26,5,8,149,44.5,82.6,46,132,34.8,23,58,39.7,23,74,31.1,8,14,57.1,14,45,59,24,0,44,0,0,123,30,24,4,43.6,0.16,23.7,10.6,32,7,13,147,59.4,121.1,67,126,53.2,54,90,60.0,13,36,36.1,31,54,57.4,30,75,105,25,0,26,0,0,178,98,26,10,58.3,0.17,28.6,42.9
2016,20152016,1178,Thiel,,1,0,1,40,73.0,15,4,15,73,46.6,75.3,22,55,40.0,16,36,44.4,6,19,31.6,5,9,55.6,6,18,24,20,1,21,1,0,55,26,22,15,45.5,0.27,25.0,16.4,12,3,11,73,54.0,94.5,22,52,42.3,19,39,48.7,3,13,23.1,22,27,81.5,11,29,40,20,0,10,1,0,69,34,14,12,45.2,0.27,27.5,51.9
2016,20152016,1183,Notre Dame de Namur,,1,0,1,40,62.0,10,2,7,62,49.1,71.0,16,40,40.0,9,20,45.0,7,20,35.0,5,11,45.5,2,17,19,19,0,18,0,0,44,12,9,2,48.8,0.31,10.5,27.5,20,2,8,62,60.6,127.4,31,59,52.5,24,36,66.7,7,23,30.4,10,14,71.4,13,26,39,9,0,13,0,0,79,38,34,12,58.5,0.15,33.3,23.7
2016,20152016,1184,Hiram,,1,0,1,40,77.5,5,0,9,78,20.3,38.5,12,70,17.1,8,40,20.0,4,30,13.3,2,9,22.2,13,21,34,16,0,29,0,0,30,12,8,2,20.0,0.21,38.2,12.9,18,6,8,77,61.3,129.9,32,67,47.8,21,39,53.8,11,28,39.3,25,33,75.8,17,48,65,16,1,14,0,0,100,38,20,14,56.0,0.21,26.2,49.3
2016,20152016,1186,Arkansas-Monticello,,1,0,1,40,79.5,9,0,2,80,46.6,88.8,20,63,31.7,10,33,30.3,10,30,33.3,21,30,70.0,13,23,36,16,1,32,0,0,71,18,3,0,39.7,0.2,36.1,47.6,20,4,6,79,66.2,131.6,34,61,55.7,29,45,64.4,5,16,31.3,31,40,77.5,10,35,45,7,0,24,2,0,104,50,24,12,59.8,0.09,22.2,65.6
2016,20152016,1190,Wesley,,1,0,1,40,84.5,14,2,9,84,51.0,91.7,30,68,44.1,22,55,40.0,8,13,61.5,9,17,52.9,11,23,34,19,0,20,1,0,77,32,21,2,50.0,0.23,32.4,25.0,23,7,12,85,63.4,124.7,38,73,52.1,23,37,62.2,15,36,41.7,15,24,62.5,17,30,47,19,0,14,0,0,106,44,23,11,62.3,0.22,36.2,32.9
2016,20152016,1196,Urbana,,1,0,1,40,70.5,10,1,7,70,40.2,78.6,20,64,31.3,11,35,31.4,9,29,31.0,6,10,60.0,12,22,34,13,0,19,0,0,55,12,12,3,38.3,0.19,35.3,15.6,25,6,9,71,68.3,135.2,34,61,55.7,20,39,51.3,14,22,63.6,14,21,66.7,10,34,44,11,0,15,0,0,96,32,19,14,67.2,0.15,22.7,34.4
2016,20152016,1198,Arkansas Tech,,1,0,1,40,73.0,6,4,5,73,40.8,65.8,18,50,36.0,14,32,43.8,4,18,22.2,8,20,40.0,13,27,40,25,0,19,0,0,48,26,11,11,40.0,0.34,32.5,40.0,23,9,13,73,49.8,117.8,33,78,42.3,24,48,50.0,9,30,30.0,11,19,57.9,25,28,53,10,0,21,0,0,86,38,32,16,48.1,0.14,47.2,24.4
2016,20152016,1202,Geneva,,1,0,1,40,85.5,9,2,11,85,46.1,68.2,24,59,40.7,21,35,60.0,3,24,12.5,7,9,77.8,10,28,38,32,0,17,0,0,58,32,17,14,43.2,0.38,26.3,15.3,25,1,28,86,63.1,115.1,39,67,58.2,32,44,72.7,7,23,30.4,14,26,53.8,9,26,35,15,0,9,0,0,99,56,44,41,63.4,0.17,25.7,38.8
2016,20152016,1203,East Central (OK),,1,0,1,40,79.0,16,1,6,79,49.3,77.2,22,54,40.7,15,31,48.4,7,23,30.4,10,18,55.6,5,23,28,21,0,18,1,0,61,22,21,2,47.2,0.27,17.9,33.3,16,4,15,79,53.6,94.9,28,62,45.2,21,38,55.3,7,24,29.2,12,18,66.7,13,33,46,20,0,21,1,0,75,38,18,4,50.8,0.25,28.3,29.0
2016,20152016,1205,Pine Manor,,1,0,1,40,81.5,8,2,8,82,40.3,68.3,19,59,32.2,12,32,37.5,7,27,25.9,11,24,45.8,6,11,17,18,0,15,0,0,56,22,12,6,38.1,0.22,35.3,40.7,29,4,11,81,69.3,149.4,50,79,63.3,45,61,73.8,5,18,27.8,16,19,84.2,18,41,59,13,1,18,0,0,121,87,28,21,66.5,0.16,30.5,24.1
2016,20152016,1206,Rio Grande,,2,0,2,80,78.3,20,2,10,156,47.7,84.0,49,126,38.9,33,76,43.4,16,50,32.0,17,26,65.4,29,44,73,45,0,41,0,0,131,50,19,11,45.2,0.29,39.7,20.6,32,12,29,157,63.7,129.9,77,142,54.2,58,85,68.2,19,57,33.3,31,41,75.6,25,54,79,20,0,28,0,0,204,102,61,28,60.9,0.13,31.6,28.9
2016,20152016,1211,Johnson & Wales (CO),,1,0,1,40,72.0,10,3,8,72,43.0,77.8,17,55,30.9,10,31,32.3,7,24,29.2,15,23,65.2,12,21,33,18,0,25,0,0,56,0,0,0,37.3,0.25,36.4,41.8,14,3,6,72,57.6,111.1,27,58,46.6,21,44,47.7,6,14,42.9,20,26,76.9,12,30,42,14,0,20,0,0,80,0,0,0,51.7,0.19,28.6,44.8
2016,20152016,1213,Tampa,,1,0,1,40,0.0,11,1,5,0,48.4,,21,51,41.2,10,24,41.7,11,27,40.7,7,25,28.0,8,26,34,14,1,16,0,0,60,0,0,0,52.0,,23.5,49.0,16,2,10,0,56.9,,34,69,49.3,23,39,59.0,11,30,36.7,8,17,47.1,15,31,46,8,0,20,0,0,87,0,0,0,57.2,,32.6,24.6
2016,20152016,1214,Widener,,1,0,1,40,70.0,9,2,7,70,46.7,65.7,16,44,36.4,12,26,46.2,4,18,22.2,10,12,83.3,6,31,37,25,1,15,0,0,46,18,8,2,40.9,0.36,16.2,27.3,21,0,13,70,51.9,98.6,24,63,38.1,9,20,45.0,15,43,34.9,6,8,75.0,9,23,32,12,0,15,0,0,69,14,29,9,50.0,0.17,28.1,12.7
2016,20152016,1215,Thomas (GA),,3,0,3,120,46.7,29,2,13,141,45.3,135.5,71,188,37.8,51,113,45.1,20,75,26.7,29,52,55.8,41,71,112,48,2,84,1,0,191,52,22,7,43.1,0.34,36.6,27.7,32,13,25,139,55.2,166.2,72,164,43.9,57,115,49.6,15,49,30.6,72,103,69.9,33,84,117,38,1,59,0,0,231,56,27,19,48.5,0.27,28.2,62.8
2016,20152016,1225,Alaska Anchorage,,3,1,2,120,70.0,49,3,19,209,53.6,110.0,70,179,39.1,37,85,43.5,33,94,35.1,57,81,70.4,30,60,90,26,1,63,1,0,230,72,67,18,48.3,0.12,33.3,45.3,55,14,11,211,57.0,109.5,81,170,47.6,59,118,50.0,22,52,42.3,47,74,63.5,36,88,124,44,0,75,0,0,231,96,30,16,54.1,0.21,29.0,43.5
2016,20152016,1226,St. Edward's,,2,0,2,80,74.3,15,3,18,147,43.2,83.0,45,128,35.2,31,85,36.5,14,43,32.6,18,30,60.0,21,38,59,26,0,42,1,0,122,44,35,10,40.6,0.18,35.6,23.4,34,8,19,150,62.9,114.0,59,114,51.8,42,74,56.8,17,40,42.5,36,50,72.0,21,69,90,34,0,37,0,0,171,64,37,11,59.2,0.23,23.3,43.9
2016,20152016,1227,Hiwassee,,4,0,4,160,78.9,40,10,41,316,35.7,65.8,81,270,30.0,65,188,34.6,16,82,19.5,30,48,62.5,48,78,126,69,0,83,0,0,208,44,32,4,33.0,0.22,38.1,17.8,91,36,50,315,59.6,120.6,137,272,50.4,102,179,57.0,35,93,37.6,71,106,67.0,69,151,220,63,2,49,0,0,380,100,65,37,56.8,0.2,31.4,39.0
2016,20152016,1229,Southeastern Oklahoma State,,1,0,1,40,65.0,9,2,4,65,48.4,80.0,19,48,39.6,12,25,48.0,7,23,30.4,7,13,53.8,7,19,26,19,0,19,0,0,52,10,9,0,46.9,0.29,26.9,27.1,16,3,9,65,58.4,101.5,23,49,46.9,16,33,48.5,7,16,43.8,13,17,76.5,9,26,35,16,0,16,0,0,66,28,14,4,54.1,0.25,25.7,34.7
2016,20152016,1239,Pensacola Christian College,,1,0,1,40,74.0,10,2,11,74,49.6,77.0,18,46,39.1,14,28,50.0,4,18,22.2,17,26,65.4,6,16,22,21,0,28,0,0,57,20,18,2,43.5,0.28,27.3,56.5,17,0,14,74,61.2,127.0,30,61,49.2,21,41,51.2,9,20,45.0,25,36,69.4,21,27,48,17,1,19,0,0,94,36,31,4,56.6,0.23,43.8,59.0
2016,20152016,1240,Miles,,1,0,1,40,85.0,13,1,12,86,48.1,88.4,25,65,38.5,19,44,43.2,6,21,28.6,20,32,62.5,14,25,39,20,0,17,1,0,76,30,16,23,43.1,0.23,35.9,49.2,28,6,11,84,59.7,123.8,38,77,49.4,27,50,54.0,11,27,40.7,17,23,73.9,17,33,50,15,0,21,0,0,104,52,28,32,56.5,0.18,34.0,29.9
2016,20152016,1243,LIU Brooklyn,,2,1,1,80,35.3,0,0,0,0,,,0,0,,0,0,,0,0,,0,0,,0,0,0,0,0,0,0,0,149,0,0,0,,,,,23,10,11,141,52.5,111.3,59,132,44.7,51,100,51.0,8,32,25.0,31,40,77.5,30,49,79,20,1,42,1,0,157,90,28,27,47.7,0.14,38.0,30.3
2016,20152016,1249,Western State Colorado University,,1,0,1,40,68.5,21,3,8,68,44.4,97.1,26,69,37.7,20,44,45.5,6,25,24.0,8,12,66.7,17,20,37,10,0,21,0,0,66,34,14,2,42.0,0.15,45.9,17.4,15,5,7,69,66.9,124.6,28,52,53.8,21,36,58.3,7,16,43.8,23,28,82.1,9,29,38,13,1,17,0,0,86,42,18,10,60.6,0.19,23.7,53.8
2016,20152016,1250,Albion,,1,0,1,40,61.0,10,0,7,61,44.1,82.0,16,51,31.4,9,29,31.0,7,22,31.8,11,13,84.6,11,17,28,15,0,16,0,0,50,18,9,0,38.2,0.25,39.3,25.5,15,7,5,61,56.7,111.5,29,56,51.8,25,42,59.5,4,14,28.6,6,9,66.7,12,23,35,13,0,17,0,0,68,46,14,10,55.4,0.21,34.3,16.1
2016,20152016,1262,Wheelock College,,1,0,1,40,78.5,10,2,6,79,50.7,96.2,32,71,45.1,25,47,53.2,7,24,29.2,5,9,55.6,11,26,37,17,1,14,0,0,76,38,10,0,50.0,0.22,29.7,12.7,25,4,12,78,64.9,133.3,41,74,55.4,32,54,59.3,9,20,45.0,13,14,92.9,8,31,39,9,0,14,0,0,104,54,27,6,61.5,0.12,20.5,18.9
2016,20152016,1266,Wentworth Institute Of Technology,,1,0,1,40,0.0,18,3,7,0,44.6,,22,62,35.5,14,35,40.0,8,27,29.6,10,17,58.8,16,28,44,24,0,27,0,0,62,0,0,0,41.9,,36.4,27.4,17,6,20,0,56.4,,33,67,49.3,26,46,56.5,7,21,33.3,18,31,58.1,16,29,45,13,0,19,0,0,91,0,0,0,54.5,,35.6,46.3
2016,20152016,1268,Rockhurst,,1,0,1,40,66.0,9,3,6,66,53.2,90.9,14,45,31.1,7,20,35.0,7,25,28.0,25,26,96.2,7,23,30,16,2,24,1,0,60,0,17,0,38.9,0.24,23.3,57.8,11,3,6,66,54.8,107.6,25,52,48.1,22,41,53.7,3,11,27.3,18,29,62.1,11,24,35,13,0,20,0,0,71,0,17,0,51.0,0.2,31.4,55.8
2016,20152016,1269,Silver Lake,,1,0,1,40,72.5,5,0,4,72,40.2,68.1,16,53,30.2,11,34,32.4,5,19,26.3,12,18,66.7,7,27,34,19,0,23,0,0,49,0,0,0,34.9,0.26,20.6,34.0,19,3,8,73,62.4,115.1,28,55,50.9,19,37,51.4,9,18,50.0,19,28,67.9,6,33,39,11,0,16,0,0,84,0,0,0,59.1,0.15,15.4,50.9
2016,20152016,1270,Oregon Tech,,1,0,1,40,80.5,14,4,4,81,46.9,100.0,30,78,38.5,21,48,43.8,9,30,30.0,12,19,63.2,16,27,43,15,0,21,0,0,81,0,8,0,44.2,0.19,37.2,24.4,24,5,12,80,63.5,122.5,35,67,52.2,21,37,56.8,14,30,46.7,14,23,60.9,10,33,43,11,0,21,0,0,98,0,16,0,62.7,0.14,23.3,34.3
2016,20152016,1271,Staten Island,,1,0,1,40,76.0,15,4,6,76,48.5,77.6,21,52,40.4,17,37,45.9,4,15,26.7,13,20,65.0,8,21,29,23,2,25,0,0,59,28,14,9,44.2,0.3,27.6,38.5,9,3,9,76,49.5,109.2,28,71,39.4,25,50,50.0,3,21,14.3,24,29,82.8,24,26,50,15,0,21,0,0,83,42,33,8,41.5,0.2,48.0,40.8
2016,20152016,1275,Black Hills State,,1,0,1,40,71.0,6,0,7,72,54.5,100.0,22,55,40.0,13,28,46.4,9,27,33.3,19,25,76.0,8,13,21,14,0,29,0,0,72,0,19,0,48.2,0.19,38.1,45.5,21,2,6,70,71.9,125.7,31,48,64.6,24,33,72.7,7,15,46.7,19,30,63.3,10,30,40,18,0,25,0,0,88,0,15,0,71.9,0.26,25.0,62.5
2016,20152016,1277,Henderson State,,1,0,1,40,71.5,15,5,7,72,49.7,75.0,21,49,42.9,15,28,53.6,6,21,28.6,6,12,50.0,9,22,31,27,0,18,0,0,54,22,9,2,49.0,0.38,29.0,24.5,22,4,14,71,53.2,122.5,34,76,44.7,23,47,48.9,11,29,37.9,8,13,61.5,25,23,48,13,1,14,1,0,87,38,34,13,52.0,0.18,52.1,17.1
2016,20152016,1281,CS Monterey Bay,,1,0,1,40,69.5,14,1,5,70,41.9,88.6,25,70,35.7,18,49,36.7,7,21,33.3,5,9,55.6,11,30,41,8,0,23,0,0,62,14,9,0,40.7,0.11,26.8,12.9,16,3,5,69,50.2,102.9,27,61,44.3,22,40,55.0,5,21,23.8,12,22,54.5,10,37,47,9,0,14,0,0,71,22,10,8,48.4,0.13,21.3,36.1
2016,20152016,1282,Great Falls,,5,0,5,200,70.4,57,9,40,353,45.7,85.8,119,307,38.8,86,204,42.2,33,103,32.0,32,55,58.2,51,111,162,72,3,97,0,0,303,96,69,25,44.1,0.2,31.5,17.9,91,18,40,351,60.2,116.2,142,288,49.3,93,174,53.4,49,114,43.0,75,115,65.2,60,151,211,72,0,78,0,0,408,170,88,30,57.8,0.21,28.4,39.9
2016,20152016,1287,Rowan,,1,0,1,40,0.0,15,0,9,0,35.5,,19,63,30.2,15,41,36.6,4,22,18.2,9,20,45.0,15,23,38,21,0,14,0,0,51,0,0,0,33.3,,39.5,31.7,11,6,17,0,59.3,,31,63,49.2,21,42,50.0,10,21,47.6,9,12,75.0,10,36,46,21,0,21,0,0,81,0,0,0,57.1,,21.7,19.0
2016,20152016,1289,Marygrove,,2,0,2,80,82.0,22,8,18,164,40.7,75.0,45,136,33.1,33,79,41.8,12,57,21.1,21,34,61.8,26,43,69,38,0,53,1,0,123,20,28,14,37.5,0.23,37.7,25.0,45,7,24,164,61.3,127.4,74,138,53.6,61,103,59.2,13,35,37.1,48,74,64.9,34,71,105,26,1,32,0,0,209,62,47,28,58.3,0.16,32.4,53.6
2016,20152016,1292,Kenyon,,1,0,1,40,65.5,11,0,6,65,48.4,72.3,16,45,35.6,9,23,39.1,7,22,31.8,8,8,100.0,5,23,28,24,1,22,0,0,47,0,0,0,43.3,0.37,17.9,17.8,9,2,11,66,51.1,103.0,25,56,44.6,21,39,53.8,4,17,23.5,14,24,58.3,14,24,38,15,0,17,0,0,68,0,0,0,48.2,0.23,36.8,42.9
2016,20152016,1293,Concordia Oregon,,1,0,1,40,75.5,6,1,5,75,48.6,70.7,19,47,40.4,16,31,51.6,3,16,18.8,12,17,70.6,2,18,20,22,0,20,0,0,53,22,13,0,43.6,0.29,10.0,36.2,18,1,11,76,62.2,131.6,34,69,49.3,23,42,54.8,11,27,40.7,21,26,80.8,18,29,47,14,1,19,0,0,100,42,26,11,57.2,0.18,38.3,37.7
2016,20152016,1294,Wayne State (NE),,1,0,1,40,73.5,14,0,5,73,39.3,72.6,19,63,30.2,12,39,30.8,7,24,29.2,8,10,80.0,11,25,36,17,0,19,0,0,53,18,12,2,35.7,0.23,30.6,15.9,5,9,12,74,56.8,108.1,28,59,47.5,25,44,56.8,3,15,20.0,21,26,80.8,8,33,41,10,0,14,0,0,80,40,24,6,50.0,0.14,19.5,44.1
2016,20152016,1295,Fort Lewis,,1,0,1,40,69.0,12,2,6,70,53.9,101.4,27,61,44.3,16,34,47.1,11,27,40.7,6,11,54.5,8,15,23,12,0,16,0,0,71,28,10,5,53.3,0.17,34.8,18.0,23,4,6,68,63.7,139.7,37,68,54.4,28,50,56.0,9,18,50.0,12,15,80.0,18,28,46,11,1,17,0,0,95,46,15,12,61.0,0.16,39.1,22.1
2016,20152016,1296,Selma,,1,0,1,40,0.0,6,0,3,0,47.8,,18,48,37.5,11,31,35.5,7,17,41.2,10,17,58.8,7,17,24,13,1,23,0,0,53,0,0,0,44.8,,29.2,35.4,19,3,8,0,67.6,,36,58,62.1,30,38,78.9,6,20,30.0,20,33,60.6,14,24,38,8,0,16,0,0,98,0,0,0,67.2,,36.8,56.9
2016,20152016,1297,Madonna,,1,0,1,40,78.5,15,1,13,79,48.3,79.7,25,63,39.7,14,29,48.3,11,34,32.4,2,5,40.0,9,22,31,22,0,29,0,0,63,20,13,12,48.4,0.28,29.0,7.9,10,1,13,78,50.5,101.3,27,65,41.5,24,50,48.0,3,15,20.0,22,30,73.3,21,31,52,19,0,10,0,0,79,44,16,8,43.8,0.24,40.4,46.2
2016,20152016,1301,St. Josephs (IND),,1,0,1,40,70.5,8,2,4,70,33.1,61.4,11,53,20.8,7,38,18.4,4,15,26.7,17,27,63.0,10,25,35,15,2,22,0,0,43,8,5,0,24.5,0.21,28.6,50.9,21,11,3,71,53.6,118.3,33,70,47.1,27,47,57.4,6,23,26.1,12,19,63.2,18,38,56,12,0,22,0,0,84,40,21,19,51.4,0.17,32.1,27.1
2016,20152016,1303,Austin,,1,0,1,40,0.0,10,7,6,0,35.5,,16,65,24.6,13,47,27.7,3,18,16.7,23,38,60.5,15,26,41,17,0,29,0,0,58,0,0,0,26.9,,36.6,58.5,21,9,12,0,52.8,,32,78,41.0,25,46,54.3,7,32,21.9,30,40,75.0,26,45,71,15,0,30,0,0,101,0,0,0,45.5,,36.6,51.3
2016,20152016,1304,New Hope Christian College,,1,0,1,40,70.0,10,0,2,70,40.9,77.1,18,62,29.0,7,16,43.8,11,46,23.9,7,9,77.8,9,15,24,13,1,8,0,0,54,14,5,0,37.9,0.19,37.5,14.5,39,3,6,70,70.6,181.4,53,89,59.6,34,46,73.9,19,43,44.2,2,2,100.0,21,36,57,2,0,11,0,0,127,64,28,14,70.2,0.03,36.8,2.2
2016,20152016,1305,Daniel Webster College,,2,0,2,80,34.3,16,3,12,68,39.5,141.2,40,115,34.8,35,79,44.3,5,36,13.9,11,15,73.3,20,46,66,37,3,38,0,0,96,26,6,4,37.0,0.54,30.3,13.0,35,10,18,69,53.3,236.2,61,133,45.9,46,84,54.8,15,49,30.6,26,45,57.8,36,58,94,21,1,28,0,0,163,32,16,6,51.5,0.3,38.3,33.8
2016,20152016,1308,Marian (IN),,1,0,1,40,73.0,12,5,4,73,46.6,80.8,19,55,34.5,12,30,40.0,7,25,28.0,14,19,73.7,9,22,31,18,1,24,0,0,59,16,10,2,40.9,0.25,29.0,34.5,22,2,7,73,56.9,115.1,32,61,52.5,31,50,62.0,1,11,9.1,19,29,65.5,12,28,40,10,0,18,0,0,84,60,27,14,53.3,0.14,30.0,47.5
2016,20152016,1310,Northern Michigan,,1,0,1,40,63.5,6,0,2,63,40.0,69.8,17,51,33.3,12,34,35.3,5,17,29.4,5,9,55.6,11,21,32,19,0,20,0,0,44,16,11,2,38.2,0.3,34.4,17.6,15,5,9,64,59.7,109.4,27,52,51.9,21,36,58.3,6,16,37.5,10,15,66.7,7,25,32,12,0,13,0,0,70,34,23,14,57.7,0.19,21.9,28.8
2016,20152016,1311,Rutgers-Newark,,1,0,1,40,69.5,8,3,7,70,45.4,84.3,20,54,37.0,17,44,38.6,3,10,30.0,16,25,64.0,10,17,27,14,0,21,0,0,59,32,14,2,39.8,0.2,37.0,46.3,18,9,6,69,55.1,104.3,30,60,50.0,25,42,59.5,5,18,27.8,7,12,58.3,17,28,45,20,0,27,0,0,72,48,21,14,54.2,0.29,37.8,20.0
2016,20152016,1312,Seton Hill,,1,0,1,40,77.0,19,2,7,77,48.8,92.2,27,71,38.0,14,37,37.8,13,34,38.2,4,4,100.0,10,22,32,14,0,24,0,0,71,22,13,10,47.2,0.18,31.3,5.6,17,1,4,77,62.5,124.7,35,64,54.7,29,44,65.9,6,20,30.0,20,29,69.0,12,33,45,12,1,6,0,0,96,54,17,16,59.4,0.16,26.7,45.3
2016,20152016,1313,Cincinnati Christian,,1,0,1,40,69.5,3,0,4,70,45.2,72.9,16,48,33.3,12,37,32.4,4,11,36.4,15,19,78.9,10,17,27,23,0,25,0,0,51,18,9,2,37.5,0.33,37.0,39.6,20,5,15,69,62.4,126.1,31,57,54.4,25,39,64.1,6,18,33.3,19,29,65.5,14,25,39,12,0,18,0,0,87,46,26,18,59.6,0.17,35.9,50.9
2016,20152016,1314,Bristol,,1,0,1,40,76.5,9,0,8,76,42.1,81.6,23,68,33.8,13,36,36.1,10,32,31.3,6,13,46.2,9,24,33,12,0,32,0,0,62,0,12,0,41.2,0.16,27.3,19.1,20,2,6,77,69.9,131.2,31,56,55.4,19,28,67.9,12,28,42.9,27,37,73.0,6,40,46,12,0,13,1,0,101,0,22,0,66.1,0.16,13.0,66.1
2016,20152016,1315,BYU-Hawaii,,1,0,1,40,0.0,11,4,7,0,37.3,,19,68,27.9,12,37,32.4,7,31,22.6,12,19,63.2,18,27,45,19,0,22,0,0,57,0,0,0,33.1,,40.0,27.9,20,5,7,0,58.8,,31,65,47.7,25,48,52.1,6,17,35.3,23,28,82.1,11,35,46,12,0,18,0,0,91,0,0,0,52.3,,23.9,43.1
2016,20152016,1316,La Roche,,1,0,1,40,69.5,7,1,4,70,46.5,92.9,23,62,37.1,17,46,37.0,6,16,37.5,13,18,72.2,13,17,30,14,0,21,0,0,65,0,9,0,41.9,0.2,43.3,29.0,15,8,4,69,69.4,129.0,31,54,57.4,24,38,63.2,7,16,43.8,20,23,87.0,7,28,35,11,0,20,0,0,89,38,18,4,63.9,0.16,20.0,42.6
2016,20152016,1317,Roanoke,,1,1,0,40,0.0,17,5,8,0,62.9,,31,62,50.0,20,33,60.6,11,29,37.9,21,29,72.4,6,24,30,9,0,15,0,0,94,0,0,0,58.9,,20.0,46.8,19,4,6,0,54.9,,34,70,48.6,29,48,60.4,5,22,22.7,14,21,66.7,14,30,44,17,0,22,0,0,87,0,0,0,52.1,,31.8,30.0
2016,20152016,1318,Grace Bible College,,1,0,1,40,74.0,13,2,3,74,47.6,90.5,25,66,37.9,15,27,55.6,10,39,25.6,7,10,70.0,15,24,39,18,1,18,0,0,67,26,2,3,45.5,0.24,38.5,15.2,23,3,11,74,61.0,140.5,40,76,52.6,29,45,64.4,11,31,35.5,13,21,61.9,17,27,44,6,0,12,0,0,104,50,32,18,59.9,0.08,38.6,27.6
2016,20152016,1319,Embry-Riddle (FL),,1,0,1,40,73.0,8,0,3,73,44.5,78.1,23,61,37.7,16,34,47.1,7,27,25.9,4,7,57.1,6,24,30,15,1,13,0,0,57,28,13,7,43.4,0.21,20.0,11.5,19,2,8,73,64.7,123.3,34,63,54.0,24,33,72.7,10,30,33.3,12,15,80.0,8,34,42,11,1,11,0,0,90,44,17,11,61.9,0.15,19.0,23.8
2016,20152016,1320,Penn State (Harrisburg),,1,0,1,40,74.0,8,3,9,75,33.3,62.7,20,67,29.9,16,48,33.3,4,19,21.1,3,8,37.5,14,23,37,19,2,22,1,0,47,24,10,12,32.8,0.25,37.8,11.9,15,7,13,73,57.8,104.1,28,57,49.1,20,33,60.6,8,24,33.3,12,20,60.0,11,36,47,18,0,13,1,0,76,43,16,17,56.1,0.25,23.4,35.1
2016,20152016,1321,South Dakota St School Of Mines,,1,0,1,40,77.0,10,1,4,77,43.2,81.8,19,61,31.1,13,36,36.1,6,25,24.0,19,27,70.4,10,26,36,15,0,22,0,0,63,24,14,2,36.1,0.19,27.8,44.3,19,4,7,77,58.4,107.8,31,61,50.8,24,43,55.8,7,18,38.9,14,23,60.9,10,35,45,14,0,23,0,0,83,40,16,16,56.6,0.18,22.2,37.7
2016,20152016,1322,Thomas More,,1,0,1,40,79.0,19,0,4,79,54.2,84.8,24,57,42.1,14,30,46.7,10,27,37.0,9,11,81.8,5,22,27,21,2,19,0,0,67,20,7,4,50.9,0.27,18.5,19.3,30,2,14,79,65.7,127.8,41,69,59.4,32,47,68.1,9,22,40.9,10,18,55.6,11,28,39,12,0,16,0,0,101,56,25,16,65.9,0.15,28.2,26.1
2016,20152016,1323,Denison,,1,0,1,40,72.0,19,2,6,72,53.3,97.2,26,63,41.3,11,26,42.3,15,37,40.5,3,6,50.0,11,23,34,17,0,22,0,0,70,18,11,2,53.2,0.24,32.4,9.5,20,2,8,72,56.9,115.3,27,61,44.3,17,35,48.6,10,26,38.5,19,27,70.4,15,28,43,11,0,10,0,0,83,32,21,8,52.5,0.15,34.9,44.3
2016,20152016,1324,Biola,,1,0,1,40,63.0,13,2,7,63,52.5,84.1,19,47,40.4,10,26,38.5,9,21,42.9,6,8,75.0,4,16,20,16,6,20,0,0,53,16,16,7,50.0,0.25,20.0,17.0,9,4,4,63,61.7,115.9,26,49,53.1,22,34,64.7,4,15,26.7,17,23,73.9,12,26,38,14,0,10,0,0,73,42,18,12,57.1,0.22,31.6,46.9
2016,20152016,1325,Utica,,1,0,1,40,67.5,10,5,5,68,48.7,100.0,22,61,36.1,14,36,38.9,8,25,32.0,16,20,80.0,16,22,38,13,1,13,1,0,68,26,5,9,42.6,0.19,42.1,32.8,21,8,8,67,57.4,134.3,33,74,44.6,17,35,48.6,16,39,41.0,8,10,80.0,20,25,45,10,0,20,0,0,90,28,20,8,55.4,0.15,44.4,13.5
2016,20152016,1326,Mary Washington,,1,0,1,40,74.0,14,4,1,74,43.5,86.5,23,71,32.4,11,31,35.5,12,40,30.0,6,6,100.0,8,27,35,8,0,22,0,0,64,18,4,5,40.8,0.11,22.9,8.5,21,6,3,74,62.1,127.0,34,66,51.5,24,45,53.3,10,21,47.6,16,22,72.7,9,40,49,5,0,10,0,0,94,48,12,16,59.1,0.07,18.4,33.3
2016,20152016,1327,Ursinus,,1,0,1,40,69.5,10,3,6,70,49.2,94.3,26,60,43.3,20,43,46.5,6,17,35.3,8,16,50.0,8,27,35,14,0,17,0,0,66,24,17,14,48.3,0.2,22.9,26.7,17,6,9,69,49.0,105.8,26,67,38.8,16,34,47.1,10,33,30.3,11,17,64.7,18,30,48,13,0,15,1,0,73,32,17,10,46.3,0.19,37.5,25.4
2016,20152016,1328,Missouri Valley,,1,0,1,40,82.0,11,2,11,82,52.0,96.3,30,65,46.2,27,44,61.4,3,21,14.3,16,25,64.0,12,21,33,17,0,19,0,0,79,40,20,16,48.5,0.21,36.4,38.5,18,7,11,82,67.9,128.0,38,69,55.1,26,45,57.8,12,24,50.0,17,19,89.5,11,26,37,15,0,20,0,0,105,36,32,19,63.8,0.18,29.7,27.5
2016,20152016,1329,Francis Marion,,1,0,1,40,76.5,7,4,10,76,39.4,73.7,18,60,30.0,12,37,32.4,6,23,26.1,14,25,56.0,17,25,42,22,1,29,0,0,56,0,0,0,35.0,0.29,40.5,41.7,16,8,13,77,50.5,101.3,27,64,42.2,19,37,51.4,8,27,29.6,16,30,53.3,18,29,47,16,0,18,0,0,78,0,0,0,48.4,0.21,38.3,46.9
2016,20152016,1330,Purdue North Central,,1,0,1,40,84.5,13,2,9,85,67.6,111.8,31,61,50.8,14,26,53.8,17,35,48.6,16,21,76.2,3,15,18,16,0,18,0,0,95,22,10,10,64.8,0.19,16.7,34.4,31,2,9,84,81.1,150.0,52,72,72.2,40,54,74.1,12,18,66.7,10,13,76.9,7,30,37,14,0,17,0,0,126,74,24,18,80.6,0.17,18.9,18.1
2016,20152016,1331,Ryerson,,1,0,1,40,75.5,14,3,7,76,44.6,75.0,21,60,35.0,12,23,52.2,9,37,24.3,6,9,66.7,6,26,32,16,0,20,0,0,57,20,14,4,42.5,0.21,18.8,15.0,16,2,10,75,46.4,97.3,26,69,37.7,19,47,40.4,7,22,31.8,14,22,63.6,23,35,58,18,1,15,0,0,73,30,18,7,42.8,0.24,39.7,31.9
2016,20152016,1332,St. Catharine (KY),,1,0,1,40,79.0,15,2,3,79,47.4,83.5,24,63,38.1,16,43,37.2,8,20,40.0,10,15,66.7,11,22,33,19,0,25,0,0,66,20,7,4,44.4,0.24,33.3,23.8,26,1,15,79,65.6,132.9,36,66,54.5,27,44,61.4,9,22,40.9,24,32,75.0,13,31,44,11,0,18,0,0,105,46,19,6,61.4,0.14,29.5,48.5
