season,seasonLabel,teamId,team,conference,games,wins,losses,totalMinutes,pace,teamStats_assists,teamStats_blocks,teamStats_steals,teamStats_possessions,teamStats_trueShooting,teamStats_rating,teamStats_fieldGoals_made,teamStats_fieldGoals_attempted,teamStats_fieldGoals_pct,teamStats_twoPointFieldGoals_made,teamStats_twoPointFieldGoals_attempted,teamStats_twoPointFieldGoals_pct,teamStats_threePointFieldGoals_made,teamStats_threePointFieldGoals_attempted,teamStats_threePointFieldGoals_pct,teamStats_freeThrows_made,teamStats_freeThrows_attempted,teamStats_freeThrows_pct,teamStats_rebounds_offensive,teamStats_rebounds_defensive,teamStats_rebounds_total,teamStats_turnovers_total,teamStats_turnovers_teamTotal,teamStats_fouls_total,teamStats_fouls_technical,teamStats_fouls_flagrant,teamStats_points_total,teamStats_points_inPaint,teamStats_points_offTurnovers,teamStats_points_fastBreak,teamStats_fourFactors_effectiveFieldGoalPct,teamStats_fourFactors_turnoverRatio,teamStats_fourFactors_offensiveReboundPct,teamStats_fourFactors_freeThrowRate,opponentStats_assists,opponentStats_blocks,opponentStats_steals,opponentStats_possessions,opponentStats_trueShooting,opponentStats_rating,opponentStats_fieldGoals_made,opponentStats_fieldGoals_attempted,opponentStats_fieldGoals_pct,opponentStats_twoPointFieldGoals_made,opponentStats_twoPointFieldGoals_attempted,opponentStats_twoPointFieldGoals_pct,opponentStats_threePointFieldGoals_made,opponentStats_threePointFieldGoals_attempted,opponentStats_threePointFieldGoals_pct,opponentStats_freeThrows_made,opponentStats_freeThrows_attempted,opponentStats_freeThrows_pct,opponentStats_rebounds_offensive,opponentStats_rebounds_defensive,opponentStats_rebounds_total,opponentStats_turnovers_total,opponentStats_turnovers_teamTotal,opponentStats_fouls_total,opponentStats_fouls_technical,opponentStats_fouls_flagrant,opponentStats_points_total,opponentStats_points_inPaint,opponentStats_points_offTurnovers,opponentStats_points_fastBreak,opponentStats_fourFactors_effectiveFieldGoalPct,opponentStats_fourFactors_turnoverRatio,opponentStats_fourFactors_offensiveReboundPct,opponentStats_fourFactors_freeThrowRate
2014,20132014,1,Abilene Christian,Southland,31,11,20,1275,56.3,385,70,217,1797,58.5,123.2,707,1611,43.9,477,1033,46.2,230,578,39.8,479,643,74.5,303,683,986,436,10,616,3,0,2214,422,401,82,51.0,0.24,30.7,39.9,386,126,200,1795,59.0,124.1,730,1576,46.3,558,1076,51.9,172,500,34.4,501,710,70.6,289,678,967,418,0,556,3,0,2228,579,389,107,51.8,0.23,29.9,45.1
2014,20132014,2,Air Force,Mountain West,30,12,18,1230,61.6,419,94,164,1890,54.4,104.8,679,1561,43.5,463,908,51.0,216,653,33.1,406,588,69.0,263,708,971,400,11,563,3,0,1980,498,280,60,50.4,0.21,27.1,37.7,404,128,208,1900,54.7,109.2,690,1595,43.3,478,948,50.4,212,647,32.8,482,687,70.2,295,721,1016,354,13,559,3,0,2074,524,367,70,49.9,0.19,29.0,43.1
2014,20132014,3,Akron,MAC,34,21,13,1395,56.4,387,142,225,1962,53.4,118.9,813,1855,43.8,574,1165,49.3,239,690,34.6,467,750,62.3,412,763,1175,446,7,606,5,0,2332,444,383,71,50.3,0.23,35.1,40.4,378,106,223,1969,52.6,115.6,809,1868,43.3,636,1351,47.1,173,517,33.5,483,675,71.6,368,760,1128,439,5,644,6,0,2276,484,333,74,47.9,0.22,32.6,36.1
2014,20132014,4,Alabama A&M,SWAC,30,14,16,1245,42.6,365,119,172,1326,53.0,146.0,629,1542,40.8,450,997,45.1,179,545,32.8,429,646,66.4,286,686,972,381,11,628,5,0,1936,290,240,66,46.6,0.29,29.4,41.9,283,91,189,1325,53.3,151.7,622,1527,40.7,481,1090,44.1,141,437,32.3,567,818,69.3,363,741,1104,395,6,565,4,0,2010,338,238,75,45.4,0.3,32.9,53.6
2014,20132014,5,Alabama,SEC,32,13,19,1305,61.9,351,137,218,2017,54.4,107.6,741,1669,44.4,558,1121,49.8,183,548,33.4,505,737,68.5,320,730,1050,380,9,607,2,0,2170,308,174,56,49.9,0.19,30.5,44.2,381,129,179,2022,52.6,106.3,727,1736,41.9,550,1161,47.4,177,575,30.8,519,698,74.4,384,733,1117,410,12,611,1,0,2150,268,125,33,47.0,0.2,34.4,40.2
2014,20132014,6,Alabama State,SWAC,32,19,13,1340,41.4,415,115,217,1386,51.0,163.4,792,1892,41.9,617,1280,48.2,175,612,28.6,506,748,67.6,427,730,1157,393,7,578,1,0,2265,202,328,49,46.5,0.28,36.9,39.5,383,101,195,1389,53.4,160.2,789,1779,44.4,623,1250,49.8,166,529,31.4,481,692,69.5,375,806,1181,476,11,647,6,0,2225,262,262,46,49.0,0.34,31.8,38.9
2014,20132014,7,Alcorn State,SWAC,31,12,19,1305,21.0,286,116,184,686,50.4,289.4,693,1658,41.8,557,1209,46.1,136,449,30.3,463,708,65.4,302,656,958,355,20,577,3,0,1985,146,128,30,45.9,0.52,31.5,42.7,373,79,163,684,53.1,307.2,724,1683,43.0,545,1161,46.9,179,522,34.3,474,668,71.0,337,729,1066,379,23,540,1,0,2101,152,166,31,48.3,0.55,31.6,39.7
2014,20132014,8,American University,Patriot,33,20,13,1335,47.3,492,110,198,1582,59.0,131.5,748,1527,49.0,541,981,55.1,207,546,37.9,378,535,70.7,232,754,986,464,20,567,3,0,2081,490,284,95,55.8,0.29,23.5,35.0,336,79,234,1576,51.0,123.8,671,1621,41.4,510,1116,45.7,161,505,31.9,448,660,67.9,319,643,962,395,11,579,1,0,1951,424,264,60,46.4,0.25,33.2,40.7
2014,20132014,9,App State,SoCon,30,9,21,1230,56.6,327,83,187,1746,49.9,116.5,719,1730,41.6,568,1230,46.2,151,500,30.2,445,697,63.8,390,698,1088,361,9,597,3,0,2034,518,341,80,45.9,0.21,35.8,40.3,388,130,170,1733,55.5,124.2,763,1644,46.4,584,1158,50.4,179,486,36.8,447,670,66.7,301,760,1061,386,3,601,4,0,2152,536,368,79,51.9,0.22,28.4,40.8
2014,20132014,10,Arizona State,Pac-12,33,21,12,1385,58.7,471,182,167,2027,56.5,122.6,836,1852,45.1,568,1164,48.8,268,688,39.0,546,787,69.4,281,891,1172,377,3,635,6,0,2486,334,280,45,52.4,0.19,24.0,42.5,387,135,184,2038,50.2,112.4,821,1961,41.9,646,1425,45.3,175,536,32.6,474,732,64.8,385,866,1251,394,1,658,1,0,2291,370,195,56,46.3,0.19,30.8,37.3
2014,20132014,11,Arizona,Pac-12,38,33,5,1570,62.6,574,173,223,2451,55.3,113.0,996,2122,46.9,792,1561,50.7,204,561,36.4,573,870,65.9,465,984,1449,387,3,630,1,0,2769,112,106,0,51.7,0.16,32.1,41.0,347,118,178,2460,47.4,90.4,776,2041,38.0,603,1500,40.2,173,541,32.0,500,698,71.6,369,812,1181,471,14,699,4,0,2225,58,97,3,42.3,0.19,31.2,34.2
2014,20132014,12,Arkansas,SEC,34,22,12,1420,67.9,514,183,279,2406,56.7,113.2,907,2041,44.4,661,1369,48.3,246,672,36.6,589,819,71.9,391,798,1189,382,2,691,2,0,2723,100,432,28,50.5,0.16,32.9,40.1,369,96,178,2412,53.0,100.5,774,1919,40.3,568,1320,43.0,206,599,34.4,583,836,69.7,460,835,1295,565,17,671,4,0,2425,120,217,20,45.7,0.23,35.5,43.6
2014,20132014,13,Arkansas State,Sun Belt,32,19,13,1345,60.7,417,87,206,2040,58.8,119.2,774,1741,44.5,499,1024,48.7,275,717,38.4,544,747,72.8,293,776,1069,386,11,558,7,0,2432,438,412,82,52.4,0.19,27.4,42.9,355,89,194,2043,53.9,112.5,796,1844,43.2,602,1246,48.3,194,598,32.4,474,657,72.1,359,783,1142,405,6,633,7,0,2299,502,358,92,48.4,0.2,31.4,35.6
2014,20132014,14,Arkansas-Pine Bluff,SWAC,31,13,18,1240,30.3,350,72,296,943,51.4,207.5,659,1605,41.1,466,1043,44.7,193,562,34.3,446,675,66.1,307,639,946,478,11,605,10,0,1957,128,199,33,47.1,0.51,32.5,42.1,453,131,233,938,57.6,233.3,727,1559,46.6,524,993,52.8,203,566,35.9,531,776,68.4,325,757,1082,514,14,567,7,0,2188,204,256,56,53.1,0.55,30.0,49.8
2014,20132014,15,Army,Patriot,31,15,16,1270,62.1,436,132,187,1975,54.5,113.6,801,1804,44.4,565,1107,51.0,236,697,33.9,406,580,70.0,352,691,1043,401,7,567,1,0,2244,378,403,54,50.9,0.2,33.7,32.2,413,103,227,1969,55.9,115.2,807,1755,46.0,599,1214,49.3,208,541,38.4,447,621,72.0,344,745,1089,424,7,562,0,0,2269,330,392,94,51.9,0.22,31.6,35.4
2014,20132014,16,Auburn,SEC,30,14,16,1200,63.1,349,134,183,1892,54.2,113.3,723,1656,43.7,551,1102,50.0,172,554,31.0,526,730,72.1,330,692,1022,363,1,647,7,0,2144,492,314,106,48.9,0.19,32.3,44.1,417,108,174,1894,54.9,113.8,695,1615,43.0,476,1049,45.4,219,566,38.7,546,787,69.4,343,710,1053,381,2,613,1,0,2155,464,189,104,49.8,0.2,32.6,48.7
2014,20132014,17,Austin Peay,OVC,30,12,18,1235,65.2,444,156,206,2016,57.6,113.4,797,1632,48.8,639,1173,54.5,158,459,34.4,535,804,66.5,298,701,999,471,5,517,6,0,2287,592,402,75,53.7,0.23,29.8,49.3,475,99,235,2008,56.6,117.9,838,1817,46.1,604,1166,51.8,234,651,35.9,458,622,73.6,364,688,1052,430,4,637,4,0,2368,580,435,117,52.6,0.21,34.6,34.2
2014,20132014,18,BYU,WCC,35,23,12,1455,67.5,544,103,251,2447,55.3,119.8,1012,2186,46.3,835,1688,49.5,177,498,35.5,730,1055,69.2,463,969,1432,395,1,690,5,0,2931,474,308,111,50.3,0.16,32.3,48.3,515,147,213,2460,53.4,110.0,935,2175,43.0,676,1411,47.9,259,764,33.9,577,810,71.2,382,871,1253,441,6,800,6,0,2706,360,214,55,48.9,0.18,30.5,37.2
2014,20132014,19,Ball State,MAC,30,5,25,1255,65.2,375,70,136,2047,51.8,96.1,651,1601,40.7,455,976,46.6,196,625,31.4,469,679,69.1,383,725,1108,505,8,615,5,0,1967,661,324,125,46.8,0.25,34.6,42.4,412,110,258,2044,55.5,108.3,769,1671,46.0,611,1195,51.1,158,476,33.2,518,738,70.2,302,694,996,339,7,577,4,0,2214,826,548,174,50.7,0.17,30.3,44.2
2014,20132014,20,Baylor,Big 12,38,26,12,1570,61.1,563,203,197,2399,56.3,118.5,959,2109,45.5,679,1384,49.1,280,725,38.6,645,947,68.1,525,929,1454,440,3,648,5,0,2843,228,79,13,52.1,0.18,36.1,44.9,566,108,203,2394,51.9,107.6,927,2178,42.6,669,1447,46.2,258,731,35.3,465,688,67.6,432,768,1200,394,7,728,8,0,2577,194,67,0,48.5,0.16,36.0,31.6
2014,20132014,22,Belmont,OVC,36,26,10,1440,51.6,571,88,248,1856,61.9,155.0,983,1973,49.8,660,1150,57.4,323,823,39.2,587,794,73.9,315,808,1123,463,7,735,2,0,2876,460,392,93,58.0,0.25,28.0,40.2,458,112,260,1858,56.4,143.2,914,1989,46.0,666,1280,52.0,248,709,35.0,585,839,69.7,396,781,1177,517,8,740,7,0,2661,422,327,64,52.2,0.28,33.6,42.2
2014,20132014,23,Bethune-Cookman,MEAC,32,7,25,1310,38.2,316,80,199,1251,51.2,162.4,686,1714,40.0,468,1101,42.5,218,613,35.6,442,615,71.9,368,635,1003,408,9,681,10,0,2032,282,274,46,46.4,0.33,36.7,35.9,421,147,196,1249,56.9,180.3,728,1604,45.4,535,1059,50.5,193,545,35.4,603,850,70.9,372,749,1121,406,5,554,6,0,2252,387,294,102,51.4,0.33,33.2,53.0
2014,20132014,24,Binghamton,Am. East,30,7,23,1245,50.6,282,60,184,1575,49.6,116.8,591,1554,38.0,409,985,41.5,182,569,32.0,476,687,69.3,312,658,970,428,9,596,5,0,1840,298,305,32,43.9,0.27,32.2,44.2,442,104,222,1572,56.7,136.1,724,1601,45.2,480,967,49.6,244,634,38.5,448,654,68.5,315,759,1074,394,6,605,4,0,2140,382,323,56,52.8,0.25,29.3,40.8
2014,20132014,25,Boise State,Mountain West,34,21,13,1410,57.5,406,71,203,2026,57.0,127.9,890,1952,45.6,626,1242,50.4,264,710,37.2,547,730,74.9,374,797,1171,340,5,654,3,0,2591,644,345,89,52.4,0.17,31.9,37.4,385,114,156,2029,55.0,115.7,809,1814,44.6,591,1185,49.9,218,629,34.7,511,728,70.2,274,751,1025,397,4,639,3,0,2347,534,262,89,50.6,0.2,26.7,40.1
2014,20132014,26,Boston College,ACC,32,8,24,1355,57.8,398,86,140,1958,57.4,112.2,716,1605,44.6,469,903,51.9,247,702,35.2,518,699,74.1,265,687,952,358,14,602,2,0,2197,300,221,53,52.3,0.18,27.8,43.6,393,92,177,1959,56.4,120.2,824,1771,46.5,642,1278,50.2,182,493,36.9,524,719,72.9,357,710,1067,303,5,589,1,0,2354,354,205,65,51.7,0.15,33.5,40.6
2014,20132014,27,Boston University,Patriot,35,24,11,1460,60.1,491,62,245,2185,55.7,114.1,894,1978,45.2,612,1202,50.9,282,776,36.3,422,591,71.4,333,827,1160,411,8,590,4,0,2492,675,469,176,52.3,0.19,28.7,29.9,433,106,174,2200,55.1,106.6,826,1872,44.1,602,1247,48.3,224,625,35.8,413,585,70.6,343,830,1173,465,8,546,3,0,2346,684,376,80,50.1,0.21,29.2,31.3
2014,20132014,28,Bowling Green,MAC,32,12,20,1310,60.1,387,177,246,1972,49.6,101.8,743,1746,42.6,623,1329,46.9,120,417,28.8,401,630,63.7,339,793,1132,469,10,564,3,0,2007,554,377,121,46.0,0.24,29.9,36.1,403,108,268,1962,50.7,104.7,716,1740,41.1,517,1170,44.2,199,570,34.9,424,650,65.2,353,785,1138,451,13,567,7,0,2055,532,404,154,46.9,0.23,31.0,37.4
2014,20132014,29,Bradley,MVC,32,12,20,1280,51.2,306,84,226,1641,51.0,124.1,721,1720,41.9,567,1241,45.7,154,479,32.2,440,628,70.1,356,708,1064,383,7,635,7,0,2036,369,331,110,46.4,0.23,33.5,36.5,399,107,187,1638,55.0,129.0,704,1614,43.6,498,983,50.7,206,631,32.6,499,700,71.3,319,747,1066,413,8,575,6,0,2113,348,264,82,50.0,0.25,29.9,43.4
2014,20132014,30,Brown,Ivy,29,15,14,1190,49.5,388,138,164,1471,52.5,140.4,735,1706,43.1,539,1190,45.3,196,516,38.0,399,593,67.3,329,825,1154,375,5,570,3,0,2065,483,248,100,48.8,0.25,28.5,34.8,343,128,184,1473,49.3,132.5,671,1703,39.4,508,1159,43.8,163,544,30.0,446,627,71.1,315,753,1068,343,5,536,6,0,1951,516,265,99,44.2,0.23,29.5,36.8
2014,20132014,31,Bryant,NEC,32,18,14,1310,55.7,420,93,207,1819,56.5,129.2,839,1787,47.0,638,1184,53.9,201,603,33.3,470,669,70.3,308,787,1095,397,7,568,1,0,2351,633,398,101,52.6,0.22,28.1,37.4,415,143,216,1830,53.3,125.9,819,1888,43.4,576,1213,47.5,243,675,36.0,423,622,68.0,401,763,1164,404,6,585,1,0,2304,492,309,78,49.8,0.22,34.5,32.9
2014,20132014,32,Bucknell,Patriot,30,16,14,1200,56.6,357,49,138,1697,53.3,116.5,698,1627,42.9,502,1125,44.6,196,502,39.0,385,516,74.6,287,780,1067,321,4,500,2,0,1977,452,240,33,48.9,0.19,26.9,31.7,342,143,167,1699,51.3,113.1,697,1644,42.4,515,1107,46.5,182,537,33.9,346,522,66.3,252,701,953,276,7,469,1,0,1922,470,316,100,47.9,0.16,26.4,31.8
2014,20132014,33,Buffalo,MAC,29,19,10,1175,48.4,436,137,198,1423,55.2,149.8,729,1631,44.7,542,1073,50.5,187,558,33.5,487,684,71.2,355,719,1074,365,0,535,18,0,2132,528,306,104,50.4,0.26,33.1,41.9,354,79,198,1423,51.4,137.2,693,1640,42.3,530,1114,47.6,163,526,31.0,403,591,68.2,329,657,986,385,6,582,9,0,1952,498,306,94,47.2,0.27,33.4,36.0
2014,20132014,34,Butler,Big East,31,14,17,1335,50.9,346,88,186,1699,51.9,125.1,755,1758,42.9,572,1191,48.0,183,567,32.3,432,654,66.1,340,732,1072,310,1,523,2,0,2125,556,198,87,48.2,0.18,31.7,37.2,380,111,169,1696,53.0,121.7,767,1714,44.7,604,1185,51.0,163,529,30.8,367,531,69.1,290,768,1058,365,5,580,5,0,2064,489,142,95,49.5,0.22,27.4,31.0
2014,20132014,35,Cal Poly,Big West,34,14,20,1360,53.5,394,93,198,1815,50.6,118.0,754,1850,40.8,536,1196,44.8,218,654,33.3,415,603,68.8,377,719,1096,303,8,621,4,0,2141,450,304,47,46.6,0.17,34.4,32.6,418,120,153,1820,53.8,118.8,739,1704,43.4,556,1163,47.8,183,541,33.8,502,694,72.3,341,809,1150,384,13,539,2,0,2163,492,262,64,48.7,0.21,29.7,40.7
2014,20132014,36,Cal State Bakersfield,WAC,32,13,19,1310,58.0,384,111,209,1898,54.1,116.7,767,1752,43.8,546,1184,46.1,221,568,38.9,460,669,68.8,379,737,1116,443,12,708,7,0,2215,561,411,109,50.1,0.23,34.0,38.2,381,113,214,1901,54.3,115.2,710,1642,43.2,530,1066,49.7,180,576,31.3,590,848,69.6,326,720,1046,406,5,621,11,1,2190,518,417,135,48.7,0.21,31.2,51.6
2014,20132014,37,Cal State Fullerton,Big West,31,11,20,1255,59.5,343,58,145,1867,51.9,112.1,734,1726,42.5,543,1149,47.3,191,577,33.1,433,658,65.8,325,721,1046,370,5,604,2,0,2092,594,342,86,48.1,0.2,31.1,38.1,402,111,152,1867,55.6,118.6,758,1656,45.8,595,1176,50.6,163,480,34.0,536,760,70.5,296,790,1086,353,6,584,2,0,2215,570,360,73,50.7,0.19,27.3,45.9
2014,20132014,38,Cal State Northridge,Big West,35,17,18,1510,61.4,471,96,242,2320,56.5,115.9,888,1955,45.4,740,1552,47.7,148,403,36.7,765,967,79.1,387,857,1244,447,3,719,4,0,2689,499,434,96,49.2,0.19,31.1,49.5,513,119,210,2318,56.4,117.0,924,2033,45.5,656,1264,51.9,268,769,34.9,596,847,70.4,386,768,1154,431,7,724,2,0,2712,496,427,144,52.0,0.19,33.4,41.7
2014,20132014,40,California,Pac-12,35,21,14,1445,64.7,537,159,185,2345,54.4,108.0,921,2014,45.7,722,1438,50.2,199,576,34.5,492,717,68.6,351,893,1244,356,7,593,2,0,2533,452,242,111,50.7,0.15,28.2,35.6,431,115,158,2332,51.6,103.7,850,2043,41.6,634,1431,44.3,216,612,35.3,503,688,73.1,379,840,1219,354,3,624,2,0,2419,494,175,63,46.9,0.15,31.1,33.7
2014,20132014,41,Campbell,Big South,32,12,20,1325,56.6,454,140,193,1872,54.9,115.6,771,1747,44.1,493,952,51.8,278,795,35.0,344,508,67.7,345,704,1049,427,13,572,5,0,2164,584,318,119,52.1,0.23,32.9,29.1,400,83,231,1878,54.6,122.0,828,1807,45.8,644,1271,50.7,184,536,34.3,451,659,68.4,388,736,1124,343,8,493,4,0,2291,704,413,94,50.9,0.18,34.5,36.5
2014,20132014,42,Canisius,MAAC,34,21,13,1420,61.0,425,130,233,2164,57.2,123.0,913,1989,45.9,642,1287,49.9,271,702,38.6,564,762,74.0,384,752,1136,394,5,613,6,0,2661,556,423,156,52.7,0.18,33.8,38.3,522,92,205,2164,55.4,118.8,909,2010,45.2,670,1300,51.5,239,710,33.7,513,706,72.7,443,793,1236,464,18,657,6,0,2570,538,379,127,51.2,0.21,35.8,35.1
2014,20132014,43,Central Arkansas,Southland,29,8,21,1180,67.5,368,137,247,1992,52.7,108.7,787,1761,44.7,596,1239,48.1,191,522,36.6,400,666,60.1,323,659,982,421,6,634,7,0,2165,687,392,171,50.1,0.21,32.9,37.8,453,85,210,1992,56.6,118.5,801,1718,46.6,636,1248,51.0,165,470,35.1,593,832,71.3,385,797,1182,436,6,550,7,0,2360,708,431,162,51.4,0.22,32.6,48.4
2014,20132014,44,Central Connecticut,NEC,30,11,19,1230,62.6,391,146,207,1930,52.1,109.7,781,1794,43.5,612,1290,47.4,169,504,33.5,386,538,71.7,316,720,1036,420,2,557,2,0,2117,629,355,155,48.2,0.22,30.5,30.0,378,141,201,1917,54.6,120.9,831,1849,44.9,604,1225,49.3,227,624,36.4,429,625,68.6,411,776,1187,392,5,497,3,0,2318,700,387,89,51.1,0.2,34.6,33.8
2014,20132014,45,Central Michigan,MAC,31,10,21,1280,53.3,371,36,232,1706,54.6,131.7,766,1767,43.4,517,990,52.2,249,777,32.0,465,655,71.0,328,639,967,331,7,561,4,0,2246,346,408,61,50.4,0.19,33.9,37.1,428,110,177,1705,59.6,134.2,806,1643,49.1,591,1038,56.9,215,605,35.5,461,626,73.6,290,764,1054,420,10,587,4,0,2288,410,320,113,55.6,0.25,27.5,38.1
2014,20132014,46,Charleston,CAA,32,14,18,1330,58.4,324,132,149,1942,50.9,103.8,709,1719,41.2,500,1106,45.2,209,613,34.1,389,593,65.6,393,821,1214,409,6,595,0,0,2016,474,271,38,47.3,0.21,32.4,34.5,272,120,184,1942,50.1,103.3,689,1684,40.9,531,1223,43.4,158,461,34.3,470,721,65.2,313,725,1038,308,7,533,1,0,2006,456,330,73,45.6,0.16,30.2,42.8
2014,20132014,47,Charleston Southern,Big South,31,13,18,1295,59.7,424,88,202,1935,57.9,130.4,859,1876,45.8,557,1087,51.2,302,789,38.3,503,691,72.8,366,794,1160,334,6,565,4,0,2523,550,403,74,53.8,0.17,31.6,36.8,384,124,161,1929,54.2,116.2,767,1773,43.3,525,1146,45.8,242,627,38.6,466,669,69.7,317,759,1076,394,11,559,7,0,2242,486,305,80,50.1,0.2,29.5,37.7
2014,20132014,48,Charlotte,CUSA,31,17,14,1270,64.3,420,78,188,2047,53.3,108.2,788,1771,44.5,602,1248,48.2,186,523,35.6,453,699,64.8,380,807,1187,457,6,569,13,0,2215,558,340,130,49.7,0.22,32.0,39.5,375,100,214,2038,52.5,109.0,795,1827,43.5,588,1195,49.2,207,632,32.8,424,659,64.3,341,743,1084,379,4,638,7,1,2221,580,397,104,49.2,0.19,31.5,36.1
2014,20132014,49,Chattanooga,SoCon,33,18,15,1350,55.2,380,161,221,1862,55.9,133.7,805,1857,43.3,595,1229,48.4,210,628,33.4,587,839,70.0,419,775,1194,430,6,614,4,0,2489,550,421,121,49.0,0.23,35.1,45.2,403,125,198,1865,56.2,130.8,863,1866,46.2,699,1377,50.8,164,489,33.5,471,695,67.8,355,781,1136,439,8,654,2,0,2439,636,387,118,50.6,0.24,31.3,37.2
2014,20132014,50,Chicago State,WAC,32,13,19,1335,61.2,358,83,278,2042,51.4,109.3,787,1884,41.8,567,1231,46.1,220,653,33.7,438,649,67.5,325,678,1003,389,5,736,7,0,2232,608,496,148,47.6,0.19,32.4,34.4,432,130,173,2041,57.1,119.5,788,1732,45.5,565,1097,51.5,223,635,35.1,640,916,69.9,392,893,1285,511,7,596,4,0,2439,616,417,104,51.9,0.25,30.5,52.9
2014,20132014,51,Cincinnati,American,34,27,7,1360,61.2,425,188,268,2077,52.5,111.9,805,1893,42.5,609,1308,46.6,196,585,33.5,519,733,70.8,457,767,1224,377,8,596,8,0,2325,160,180,30,47.7,0.18,37.3,38.7,374,120,177,2087,49.1,95.2,690,1745,39.5,508,1177,43.2,182,568,32.0,424,628,67.5,366,712,1078,485,21,634,6,0,1986,134,127,45,44.8,0.23,34.0,36.0
2014,20132014,52,Clemson,ACC,36,23,13,1510,58.3,383,221,168,2198,52.5,104.0,796,1879,42.4,606,1266,47.9,190,613,31.0,505,679,74.4,399,870,1269,401,14,565,3,0,2287,349,267,62,47.4,0.18,31.4,36.1,373,104,195,2203,47.4,95.5,778,1970,39.5,606,1367,44.3,172,603,28.5,375,564,66.5,418,782,1200,380,13,594,1,0,2103,320,231,36,43.9,0.17,34.8,28.6
2014,20132014,53,Cleveland State,Horizon,33,21,12,1360,59.0,469,113,200,2009,58.0,120.0,837,1786,46.9,597,1192,50.1,240,594,40.4,496,659,75.3,342,772,1114,414,10,649,6,0,2410,494,424,125,53.6,0.21,30.7,36.9,438,123,178,2006,52.8,109.0,730,1745,41.8,529,1133,46.7,201,612,32.8,525,739,71.0,358,697,1055,424,6,568,8,0,2186,402,309,99,47.6,0.21,33.9,42.3
2014,20132014,54,Coastal Carolina,Big South,34,21,13,1395,52.9,362,96,216,1845,53.4,133.2,861,1969,43.7,649,1341,48.4,212,628,33.8,524,758,69.1,434,902,1336,473,4,668,2,0,2458,509,312,84,49.1,0.26,32.5,38.5,397,136,240,1846,51.6,126.0,778,1934,40.2,514,1112,46.2,264,822,32.1,506,730,69.3,372,803,1175,440,11,649,4,0,2326,341,338,49,47.1,0.24,31.7,37.7
2014,20132014,55,Colgate,Patriot,31,13,18,1280,49.4,440,70,143,1583,59.2,136.3,785,1622,48.4,525,965,54.4,260,657,39.6,328,459,71.5,220,734,954,355,15,529,0,0,2158,470,277,61,56.4,0.22,23.1,28.3,358,68,176,1578,54.0,132.0,747,1673,44.7,557,1106,50.4,190,567,33.5,399,580,68.8,288,701,989,323,12,470,1,0,2083,482,262,107,50.3,0.2,29.1,34.7
2014,20132014,56,Colorado,Pac-12,35,23,12,1445,63.7,397,115,207,2302,54.2,106.7,814,1871,43.5,633,1302,48.6,181,569,31.8,648,903,71.8,401,904,1305,466,15,576,1,1,2457,232,321,60,48.3,0.2,30.7,48.3,465,118,230,2299,53.0,103.8,857,1987,43.1,606,1281,47.3,251,706,35.6,422,601,70.2,319,779,1098,422,6,711,1,0,2387,217,304,38,49.4,0.18,29.1,30.2
2014,20132014,57,Colorado State,Mountain West,32,16,16,1280,60.9,405,103,159,1947,53.7,120.5,770,1798,42.8,600,1276,47.0,170,522,32.6,637,877,72.6,404,793,1197,293,7,591,3,0,2347,671,319,107,47.6,0.15,33.8,48.8,397,110,155,1950,55.0,114.4,769,1741,44.2,539,1125,47.9,230,616,37.3,462,648,71.3,291,754,1045,352,7,697,2,0,2230,580,254,118,50.8,0.18,27.8,37.2
2014,20132014,58,Columbia,Ivy,34,21,13,1415,54.8,419,95,173,1932,58.6,119.7,742,1662,44.6,464,944,49.2,278,718,38.7,551,711,77.5,284,827,1111,411,19,626,8,0,2313,546,350,84,53.0,0.21,25.6,42.8,333,117,183,1945,52.2,110.6,749,1750,42.8,584,1281,45.6,165,469,35.2,488,707,69.0,294,721,1015,360,6,617,7,0,2151,637,392,111,47.5,0.19,29.0,40.4
2014,20132014,59,Coppin State,MEAC,32,12,20,1295,22.6,369,69,192,735,51.3,303.5,722,1840,39.2,487,1115,43.7,235,725,32.4,552,756,73.0,370,705,1075,380,12,545,6,0,2231,112,103,10,45.6,0.52,34.4,41.1,516,141,177,728,56.1,330.1,858,1852,46.3,610,1156,52.8,248,696,35.6,439,662,66.3,407,848,1255,433,5,650,9,0,2403,230,128,58,53.0,0.59,32.4,35.7
2014,20132014,60,Cornell,Ivy,28,2,26,1150,58.9,300,78,117,1698,50.2,105.7,652,1589,41.0,460,985,46.7,192,604,31.8,299,450,66.4,292,588,880,336,11,581,3,0,1795,504,265,111,47.1,0.2,33.2,28.3,414,99,166,1687,60.9,130.1,740,1494,49.5,532,985,54.0,208,509,40.9,507,701,72.3,279,732,1011,290,7,460,2,0,2195,565,354,116,56.5,0.17,27.6,46.9
2014,20132014,61,Creighton,Big East,35,27,8,1400,62.1,614,49,139,2174,62.2,126.8,957,1927,49.7,601,1068,56.3,356,859,41.4,486,654,74.3,293,899,1192,342,6,618,0,0,2756,364,171,55,58.9,0.16,24.6,33.9,428,98,169,2170,52.3,109.5,844,1983,42.6,610,1298,47.0,234,685,34.2,454,654,69.4,347,765,1112,338,4,647,3,0,2376,328,124,60,48.5,0.16,31.2,33.0
2014,20132014,62,Dartmouth,Ivy,28,12,16,1135,58.2,352,86,166,1651,54.1,115.4,673,1515,44.4,499,1057,47.2,174,458,38.0,385,561,68.6,301,625,926,336,4,561,2,0,1905,500,333,80,50.2,0.2,32.5,37.0,292,107,155,1652,56.6,112.8,602,1356,44.4,434,894,48.5,168,462,36.4,492,658,74.8,230,639,869,366,7,538,7,0,1864,495,324,97,50.6,0.22,26.5,48.5
2014,20132014,63,Davidson,SoCon,33,20,13,1380,61.8,451,58,179,2131,58.9,121.6,896,1877,47.7,623,1151,54.1,273,726,37.6,526,735,71.6,324,763,1087,378,7,665,1,0,2591,553,359,53,55.0,0.18,29.8,39.2,355,110,188,2131,56.3,112.8,835,1783,46.8,668,1310,51.0,167,473,35.3,567,804,70.5,302,783,1085,412,6,678,5,0,2404,472,274,58,51.5,0.19,27.8,45.1
2014,20132014,64,Dayton,A-10,37,26,11,1510,59.8,485,96,222,2253,56.2,118.6,935,2018,46.3,692,1374,50.4,243,644,37.7,558,819,68.1,414,877,1291,442,11,736,3,0,2671,444,361,106,52.4,0.2,32.1,40.6,431,166,183,2265,53.8,109.4,843,1936,43.5,640,1324,48.3,203,612,33.2,589,832,70.8,354,807,1161,459,7,703,3,0,2478,402,277,57,48.8,0.2,30.5,43.0
2014,20132014,65,DePaul,Big East,33,12,21,1370,61.9,359,139,221,2123,52.3,107.9,782,1848,42.3,587,1268,46.3,195,580,33.6,531,776,68.4,406,713,1119,444,12,713,10,0,2290,444,265,65,47.6,0.21,36.3,42.0,440,155,219,2118,58.4,117.4,848,1768,48.0,638,1207,52.9,210,561,37.4,581,825,70.4,335,795,1130,430,8,662,5,0,2487,472,330,104,53.9,0.2,29.6,46.7
2014,20132014,66,Delaware,CAA,35,25,10,1415,65.7,377,123,208,2325,55.3,119.7,936,2108,44.4,684,1381,49.5,252,727,34.7,658,925,71.1,385,879,1264,334,5,660,8,0,2782,752,387,185,50.4,0.14,30.5,43.9,414,132,171,2322,53.6,114.0,936,2115,44.3,717,1445,49.6,219,670,32.7,557,803,69.4,429,936,1365,418,3,736,9,0,2648,786,319,125,49.4,0.18,31.4,38.0
2014,20132014,67,Delaware State,MEAC,30,9,21,1245,39.5,367,106,152,1233,51.8,149.8,646,1529,42.2,490,1044,46.9,156,485,32.2,399,579,68.9,296,646,942,355,13,542,3,0,1847,230,202,28,47.4,0.29,31.4,37.9,385,114,172,1226,53.3,158.7,664,1544,43.0,497,985,50.5,167,559,29.9,451,636,70.9,338,685,1023,340,4,526,4,0,1946,287,245,51,48.4,0.28,33.0,41.2
2014,20132014,68,Denver,Summit,31,16,15,1290,54.0,466,102,217,1739,57.9,117.5,711,1535,46.3,458,881,52.0,253,654,38.7,369,520,71.0,226,582,808,307,17,620,4,0,2044,374,362,43,54.6,0.18,28.0,33.9,347,88,159,1741,57.4,114.8,688,1437,47.9,543,1021,53.2,145,416,34.9,478,695,68.8,288,684,972,388,13,500,3,0,1999,508,295,54,52.9,0.22,29.6,48.4
2014,20132014,69,Detroit Mercy,Horizon,32,13,19,1335,60.0,370,146,235,2001,52.1,113.7,778,1863,41.8,587,1268,46.3,191,595,32.1,528,724,72.9,399,775,1174,408,7,681,6,0,2275,584,376,188,46.9,0.2,34.0,38.9,447,119,185,2004,54.2,113.1,738,1724,42.8,522,1126,46.4,216,598,36.1,575,832,69.1,339,776,1115,438,6,621,3,0,2267,572,342,110,49.1,0.22,30.4,48.3
2014,20132014,70,Drake,MVC,31,15,16,1255,57.6,395,67,171,1805,56.8,117.2,720,1592,45.2,481,989,48.6,239,603,39.6,437,612,71.4,263,746,1009,370,6,571,3,0,2116,448,287,73,52.7,0.2,26.1,38.4,356,118,201,1810,54.9,116.9,734,1647,44.6,528,1048,50.4,206,599,34.4,441,634,69.6,272,705,977,344,4,586,1,0,2115,466,358,123,50.8,0.19,27.8,38.5
2014,20132014,71,Drexel,CAA,30,16,14,1285,57.1,353,117,137,1835,51.6,112.5,718,1707,42.1,564,1216,46.4,154,491,31.4,474,669,70.9,315,756,1071,255,5,638,5,0,2064,547,300,134,46.6,0.14,29.4,39.2,313,104,118,1835,52.2,110.1,682,1606,42.5,531,1116,47.6,151,490,30.8,505,749,67.4,319,774,1093,338,4,586,6,0,2020,540,227,97,47.2,0.18,29.2,46.6
2014,20132014,72,Duke,ACC,35,26,9,1415,64.4,509,105,244,2277,58.0,120.6,929,2020,46.0,613,1219,50.3,316,801,39.5,571,783,72.9,424,783,1207,334,10,680,7,0,2745,56,52,0,53.8,0.15,35.1,38.8,380,117,174,2279,53.8,103.5,848,1860,45.6,710,1411,50.3,138,449,30.7,525,758,69.3,357,780,1137,425,7,655,3,0,2359,114,26,0,49.3,0.19,31.4,40.8
2014,20132014,73,Duquesne,A-10,30,13,17,1200,62.1,457,83,176,1865,54.6,118.0,751,1699,44.2,533,1099,48.5,218,600,36.3,480,717,66.9,323,737,1060,331,5,540,3,0,2200,599,317,252,50.6,0.18,30.5,42.2,508,120,151,1861,56.2,118.8,780,1712,45.6,516,1041,49.6,264,671,39.3,387,576,67.2,299,759,1058,361,9,563,4,0,2211,566,318,141,53.3,0.19,28.3,33.6
2014,20132014,74,East Carolina,CUSA,34,17,17,1360,56.2,458,107,215,1909,56.7,129.8,809,1833,44.1,520,1047,49.7,289,786,36.8,570,799,71.3,353,793,1146,398,6,589,3,0,2477,447,337,88,52.0,0.21,30.8,43.6,503,121,207,1910,53.7,126.2,892,1977,45.1,672,1297,51.8,220,680,32.4,407,609,66.8,414,792,1206,410,13,657,4,0,2411,651,343,127,50.7,0.21,34.3,30.8
2014,20132014,75,East Tennessee State,ASUN,35,19,16,1420,57.2,429,108,269,2027,55.3,132.7,879,2045,43.0,604,1287,46.9,275,758,36.3,656,877,74.8,367,859,1226,408,6,700,4,0,2689,462,393,146,49.7,0.2,29.9,42.9,507,138,196,2032,55.0,131.1,903,2044,44.2,634,1233,51.4,269,811,33.2,588,853,68.9,422,917,1339,491,13,721,8,0,2663,508,313,107,50.8,0.24,31.5,41.7
2014,20132014,77,Eastern Illinois,OVC,30,11,19,1200,61.5,359,144,171,1845,53.7,110.0,703,1598,44.0,551,1122,49.1,152,476,31.9,472,660,71.5,315,656,971,399,14,576,4,0,2030,672,335,94,48.7,0.22,32.4,41.3,397,107,219,1845,57.8,119.6,745,1591,46.8,540,1067,50.6,205,524,39.1,511,721,70.9,305,683,988,361,5,575,8,0,2206,652,456,177,53.3,0.2,30.9,45.3
2014,20132014,78,Eastern Kentucky,OVC,34,24,10,1375,60.4,498,67,299,2078,61.9,128.8,881,1810,48.7,566,1003,56.4,315,807,39.0,600,798,75.2,243,641,884,359,10,707,3,0,2677,706,522,153,57.4,0.17,27.5,44.1,454,113,185,2077,59.7,116.1,793,1631,48.6,589,1054,55.9,204,577,35.4,621,880,70.6,325,785,1110,574,6,671,5,0,2411,720,325,114,54.9,0.28,29.3,54.0
2014,20132014,79,Eastern Michigan,MAC,37,22,15,1515,58.4,381,219,296,2212,52.2,109.5,786,1947,40.4,602,1355,44.4,184,592,31.1,573,847,67.7,409,850,1259,418,10,666,14,0,2423,572,443,217,45.1,0.19,32.5,43.5,449,153,217,2211,49.7,102.7,719,1942,37.0,479,1185,40.4,240,757,31.7,538,778,69.2,502,901,1403,546,12,731,15,0,2270,440,296,109,43.2,0.25,35.8,40.1
2014,20132014,80,Eastern Washington,Big Sky,31,15,16,1255,67.8,417,133,147,2162,56.3,109.3,813,1791,45.4,562,1114,50.4,251,677,37.1,485,700,69.3,329,804,1133,373,0,603,2,0,2362,695,344,124,52.4,0.17,29.0,39.1,426,126,205,2090,56.4,111.4,788,1755,44.9,595,1203,49.5,193,552,35.0,490,700,70.0,317,742,1059,316,1,577,6,0,2329,754,397,214,50.4,0.15,29.9,39.9
2014,20132014,81,Elon,SoCon,32,18,14,1310,56.3,442,93,161,1846,57.8,129.6,837,1789,46.8,581,1106,52.5,256,683,37.5,462,639,72.3,290,796,1086,386,7,576,2,0,2392,590,342,72,53.9,0.21,26.7,35.7,332,78,205,1841,52.9,123.9,806,1837,43.9,632,1317,48.0,174,520,33.5,495,728,68.0,358,755,1113,365,6,603,2,0,2281,582,357,87,48.6,0.2,32.2,39.6
2014,20132014,82,Evansville,MVC,33,14,19,1350,39.4,485,124,166,1330,56.2,172.2,775,1672,46.4,631,1274,49.5,144,398,36.2,596,830,71.8,276,781,1057,423,10,623,1,0,2290,412,158,54,50.7,0.32,26.1,49.6,439,147,210,1328,55.1,179.4,831,1862,44.6,593,1194,49.7,238,668,35.6,483,684,70.6,372,754,1126,411,4,665,4,0,2383,422,203,88,51.0,0.31,33.0,36.7
2014,20132014,83,Fairfield,MAAC,32,7,25,1295,58.3,360,117,141,1891,50.2,107.4,697,1753,39.8,477,1093,43.6,220,660,33.3,416,607,68.5,356,778,1134,469,10,734,5,0,2030,497,295,102,46.0,0.25,31.4,34.6,339,120,243,1883,54.0,119.0,699,1649,42.4,545,1204,45.3,154,445,34.6,688,967,71.1,320,813,1133,358,8,606,4,0,2240,595,417,148,47.1,0.19,28.2,58.6
2014,20132014,84,Fairleigh Dickinson,NEC,31,10,21,1270,48.3,330,117,206,1539,55.0,140.2,715,1698,42.1,498,1085,45.9,217,613,35.4,428,597,71.7,313,633,946,357,12,636,7,0,2157,528,253,111,48.5,0.23,33.1,35.2,401,123,176,1528,58.8,154.3,739,1658,44.6,529,1092,48.4,210,566,37.1,581,791,73.5,397,739,1136,385,12,530,3,0,2358,467,295,138,50.9,0.25,34.9,47.7
2014,20132014,85,Florida A&M,MEAC,32,14,18,1310,46.2,360,132,237,1514,49.3,150.7,809,2010,40.2,596,1373,43.4,213,637,33.4,450,688,65.4,475,779,1254,466,4,768,4,0,2281,434,294,64,45.5,0.31,37.9,34.2,399,148,230,1514,53.0,156.5,772,1808,42.7,602,1293,46.6,170,515,33.0,656,973,67.4,433,848,1281,478,3,587,6,0,2370,442,327,75,47.4,0.32,33.8,53.8
2014,20132014,86,Florida Atlantic,CUSA,32,10,22,1280,57.4,380,147,151,1835,51.8,115.5,747,1761,42.4,537,1132,47.4,210,629,33.4,416,647,64.3,396,785,1181,417,7,600,3,0,2120,644,315,118,48.4,0.23,33.5,36.7,347,99,196,1837,51.8,119.3,752,1787,42.1,587,1282,45.8,165,505,32.7,523,743,70.4,383,751,1134,350,2,570,1,0,2192,720,399,156,46.7,0.19,33.8,41.6
2014,20132014,87,Florida,SEC,39,36,3,1575,59.3,509,118,274,2331,55.9,117.0,945,2056,46.0,690,1345,51.3,255,711,35.9,582,871,66.8,446,935,1381,431,5,611,3,0,2727,162,52,0,52.2,0.18,32.3,42.4,386,120,219,2337,49.4,96.4,806,2004,40.2,599,1376,43.5,207,628,33.0,434,626,69.3,364,818,1182,524,14,741,6,0,2253,124,64,0,45.4,0.22,30.8,31.2
2014,20132014,88,Florida Gulf Coast,ASUN,35,22,13,1435,36.0,447,125,200,1293,55.2,193.7,914,1958,46.7,714,1350,52.9,200,608,32.9,476,706,67.4,348,934,1282,460,7,637,5,0,2504,392,190,58,51.8,0.36,27.1,36.1,378,87,224,1290,50.9,181.3,821,1989,41.3,582,1298,44.8,239,691,34.6,458,701,65.3,367,817,1184,444,11,632,4,0,2339,351,199,62,47.3,0.34,31.0,35.2
2014,20132014,89,Florida International,CUSA,31,15,16,1270,63.4,336,130,221,2010,53.5,105.9,754,1681,44.9,602,1200,50.2,152,481,31.6,468,698,67.0,358,760,1118,436,21,560,4,0,2128,842,344,198,49.4,0.22,32.0,41.5,426,116,189,2019,52.5,107.5,766,1780,43.0,577,1201,48.0,189,579,32.6,449,653,68.8,370,701,1071,387,8,569,3,0,2170,740,363,135,48.3,0.19,34.5,36.7
2014,20132014,90,Florida State,ACC,36,22,14,1470,59.0,385,191,213,2167,56.8,117.9,873,1873,46.6,682,1371,49.7,191,502,38.0,617,855,72.2,386,861,1247,512,3,650,4,0,2554,420,186,56,51.7,0.24,31.0,45.6,402,129,239,2170,50.0,110.2,824,2065,39.9,596,1371,43.5,228,694,32.9,516,747,69.1,478,734,1212,453,5,746,11,0,2392,318,111,35,45.4,0.21,39.4,36.2
2014,20132014,91,Fordham,A-10,31,10,21,1255,57.1,379,126,207,1796,49.9,123.8,764,1942,39.3,544,1223,44.5,220,719,30.6,476,649,73.3,448,704,1152,353,6,616,2,0,2224,506,276,110,45.0,0.2,38.9,33.4,458,106,202,1789,56.9,135.2,829,1793,46.2,605,1165,51.9,224,628,35.7,537,759,70.8,389,819,1208,387,4,591,0,0,2419,554,293,137,52.5,0.22,32.2,42.3
2014,20132014,92,Fresno State,Mountain West,39,21,18,1640,59.2,470,177,253,2425,55.4,117.0,950,2170,43.8,659,1355,48.6,291,815,35.7,646,884,73.1,359,961,1320,392,7,751,14,0,2837,636,402,207,50.5,0.16,27.2,40.7,506,123,185,2432,52.5,113.0,950,2217,42.9,724,1489,48.6,226,728,31.0,623,907,68.7,446,989,1435,444,9,717,2,0,2749,812,336,148,47.9,0.18,31.1,40.9
2014,20132014,93,Furman,SoCon,30,9,21,1215,53.9,288,85,147,1640,53.8,119.2,680,1539,44.2,516,1047,49.3,164,492,33.3,431,633,68.1,269,671,940,407,4,509,2,0,1955,438,274,75,49.5,0.25,28.6,41.1,427,100,210,1635,56.0,134.3,794,1724,46.1,564,1113,50.7,230,611,37.6,378,535,70.7,340,698,1038,329,4,566,1,0,2196,561,387,167,52.7,0.2,32.8,31.0
2014,20132014,94,Gardner-Webb,Big South,33,18,15,1410,57.6,498,104,252,2026,53.9,119.7,848,1895,44.7,673,1379,48.8,175,516,33.9,554,805,68.8,401,782,1183,405,6,607,4,0,2425,609,401,124,49.4,0.2,33.9,42.5,391,142,195,2037,53.8,113.4,832,1846,45.1,662,1321,50.1,170,525,32.4,475,683,69.5,341,790,1131,465,5,651,10,0,2309,700,299,112,49.7,0.23,30.2,37.0
2014,20132014,95,George Mason,A-10,31,11,20,1285,57.2,339,108,163,1839,53.2,117.1,756,1719,44.0,603,1284,47.0,153,435,35.2,489,690,70.9,340,734,1074,421,4,649,2,0,2154,458,273,65,48.4,0.23,31.7,40.1,381,106,216,1838,55.1,121.5,746,1677,44.5,558,1116,50.0,188,561,33.5,553,794,69.6,313,731,1044,378,10,593,3,0,2233,487,308,116,50.1,0.21,30.0,47.3
2014,20132014,96,George Washington,A-10,33,24,9,1335,57.3,461,135,235,1910,55.3,126.4,839,1812,46.3,652,1298,50.2,187,514,36.4,550,844,65.2,394,835,1229,427,9,594,4,0,2415,571,298,91,51.5,0.22,32.1,46.6,412,117,224,1917,50.9,115.3,788,1895,41.6,574,1210,47.4,214,685,31.2,421,632,66.6,383,730,1113,442,10,717,8,0,2211,578,260,119,47.2,0.23,34.4,33.4
2014,20132014,97,Georgetown,Big East,33,18,15,1350,54.4,431,141,200,1838,56.2,127.5,801,1743,46.0,621,1200,51.8,180,543,33.1,562,780,72.1,336,765,1101,387,10,728,10,0,2344,172,80,31,51.1,0.21,30.5,44.8,394,90,189,1837,53.8,122.8,715,1703,42.0,512,1093,46.8,203,610,33.3,622,893,69.7,361,718,1079,394,14,696,9,0,2255,150,85,48,47.9,0.21,33.5,52.4
2014,20132014,98,Georgia,SEC,34,20,14,1390,63.6,341,158,173,2214,54.4,105.8,767,1740,44.1,600,1262,47.5,167,478,34.9,642,941,68.2,401,858,1259,446,9,640,4,0,2343,408,228,75,48.9,0.2,31.9,54.1,329,142,235,2204,51.4,103.0,748,1855,40.3,541,1207,44.8,207,648,31.9,568,805,70.6,365,736,1101,357,5,730,1,0,2271,294,230,54,45.9,0.16,33.2,43.4
2014,20132014,99,Georgia Southern,SoCon,34,15,19,1405,57.6,327,56,233,2022,53.5,119.0,840,1927,43.6,598,1211,49.4,242,716,33.8,484,731,66.2,370,824,1194,405,6,589,3,0,2406,783,422,189,49.9,0.2,31.0,37.9,446,102,172,2022,54.5,118.4,861,1923,44.8,621,1220,50.9,240,703,34.1,433,623,69.5,344,850,1194,438,4,619,3,0,2395,832,419,138,51.0,0.22,28.8,32.4
2014,20132014,100,Georgia State,Sun Belt,34,25,9,1420,59.3,451,167,260,2109,58.5,125.2,900,1923,46.8,648,1251,51.8,252,672,37.5,589,757,77.8,278,794,1072,275,3,588,8,0,2641,532,508,161,53.4,0.13,25.9,39.4,422,91,144,2102,52.9,110.8,804,1909,42.1,537,1125,47.7,267,784,34.1,455,670,67.9,413,817,1230,451,11,639,12,1,2330,450,278,150,49.1,0.21,33.6,35.1
2014,20132014,101,Georgia Tech,ACC,33,16,17,1365,54.9,434,140,171,1877,51.7,117.2,796,1847,43.1,623,1298,48.0,173,549,31.5,435,636,68.4,372,814,1186,399,6,586,1,0,2200,313,173,85,47.8,0.21,31.4,34.4,399,121,205,1868,52.0,118.0,761,1815,41.9,564,1221,46.2,197,594,33.2,485,688,70.5,325,767,1092,333,10,576,0,0,2204,292,204,80,47.4,0.18,29.8,37.9
2014,20132014,102,Gonzaga,WCC,36,29,7,1440,65.1,525,142,235,2339,59.7,118.0,972,1963,49.5,717,1320,54.3,255,643,39.7,562,793,70.9,344,950,1294,419,11,659,1,0,2761,240,155,17,56.0,0.18,26.6,40.4,380,112,210,2351,50.0,100.9,806,2027,39.8,603,1388,43.4,203,639,31.8,557,784,71.0,399,781,1180,422,9,716,4,1,2372,198,122,12,44.8,0.18,33.8,38.7
2014,20132014,103,Grambling,SWAC,29,5,24,1160,25.6,298,59,170,741,52.8,256.8,632,1530,41.3,458,990,46.3,174,540,32.2,416,622,66.9,309,566,875,416,5,541,4,0,1903,80,106,15,47.0,0.56,35.3,40.7,448,91,208,742,62.2,312.1,806,1572,51.3,613,1052,58.3,193,520,37.1,438,659,66.5,309,686,995,366,8,504,4,0,2316,156,142,41,57.4,0.49,31.1,41.9
2014,20132014,104,Grand Canyon,WAC,30,15,15,1215,53.5,386,81,121,1623,56.5,133.3,671,1549,43.3,465,961,48.4,206,588,35.0,615,831,74.0,284,777,1061,381,3,604,4,0,2163,367,251,53,50.0,0.23,26.8,53.6,355,98,196,1627,53.1,132.3,749,1724,43.4,571,1214,47.0,178,510,34.9,476,687,69.3,311,715,1026,303,1,661,2,0,2152,463,362,73,48.6,0.19,30.3,39.8
2014,20132014,105,Green Bay,Horizon,31,24,7,1270,62.3,473,223,222,1977,56.3,116.5,813,1715,47.4,663,1291,51.4,150,424,35.4,528,751,70.3,346,793,1139,393,4,520,1,0,2304,538,361,118,51.8,0.2,30.4,43.8,353,100,194,1979,49.2,101.0,701,1780,39.4,513,1190,43.1,188,590,31.9,409,575,71.1,366,675,1041,428,13,606,2,0,1999,442,259,51,44.7,0.22,35.2,32.3
2014,20132014,106,Hampton,MEAC,31,18,13,1325,48.2,360,179,225,1601,53.7,141.3,730,1718,42.5,564,1206,46.8,166,512,32.4,575,880,65.3,377,755,1132,442,5,715,19,0,2262,452,304,99,47.3,0.28,33.3,51.2,291,110,183,1594,52.5,136.6,660,1673,39.5,478,1153,41.5,182,520,35.0,601,907,66.3,399,766,1165,476,6,676,18,0,2177,320,297,36,44.9,0.3,34.2,54.2
2014,20132014,107,Harvard,Ivy,32,27,5,1330,56.9,451,155,243,1895,57.2,123.6,787,1693,46.5,603,1214,49.7,184,479,38.4,585,809,72.3,335,757,1092,365,5,566,0,0,2343,520,424,94,51.9,0.19,30.7,47.8,342,114,185,1890,50.6,103.3,680,1665,40.8,516,1154,44.7,164,511,32.1,428,603,71.0,318,686,1004,459,7,666,5,0,1952,468,283,83,45.8,0.24,31.7,36.2
2014,20132014,108,Hawai'i,Big West,31,20,11,1285,60.5,437,110,190,1943,57.0,127.6,866,1829,47.3,689,1301,53.0,177,528,33.5,570,789,72.2,395,718,1113,365,4,604,12,0,2479,642,350,49,52.2,0.19,35.5,43.1,371,114,172,1944,55.1,116.8,783,1752,44.7,586,1166,50.3,197,586,33.6,507,697,72.7,321,653,974,412,11,632,8,0,2270,590,315,34,50.3,0.21,33.0,39.8
2014,20132014,109,High Point,Big South,31,16,15,1255,47.6,455,108,184,1491,56.7,147.8,801,1698,47.2,614,1213,50.6,187,485,38.6,414,558,74.2,299,686,985,373,3,533,7,0,2203,599,290,105,52.7,0.25,30.4,32.9,444,84,203,1493,56.9,150.9,800,1715,46.6,575,1079,53.3,225,636,35.4,428,603,71.0,333,679,1012,373,2,531,8,0,2253,571,313,85,53.2,0.25,32.9,35.2
2014,20132014,110,Hofstra,CAA,33,10,23,1335,54.9,355,106,159,1836,52.7,123.1,750,1788,41.9,521,1103,47.2,229,685,33.4,531,806,65.9,419,776,1195,406,3,646,7,0,2260,506,266,81,48.4,0.22,35.1,45.1,434,115,203,1829,55.9,132.0,828,1829,45.3,586,1187,49.4,242,642,37.7,516,754,68.4,347,761,1108,331,15,655,2,0,2414,614,386,114,51.9,0.18,31.3,41.2
2014,20132014,111,Holy Cross,Patriot,34,20,14,1380,51.0,387,135,207,1762,54.0,129.2,771,1795,43.0,554,1180,46.9,217,615,35.3,518,708,73.2,337,783,1120,398,7,579,3,1,2277,448,326,76,49.0,0.23,30.1,39.4,431,113,182,1757,53.9,126.3,800,1817,44.0,587,1248,47.0,213,569,37.4,404,549,73.6,304,771,1075,411,8,637,4,1,2219,516,302,91,49.9,0.23,28.3,30.2
2014,20132014,112,Houston Christian,Southland,31,6,25,1270,66.9,385,67,157,2124,51.5,98.4,737,1733,42.5,580,1277,45.4,157,456,34.4,460,672,68.5,350,763,1113,485,8,662,9,0,2091,466,352,30,47.1,0.23,31.4,38.8,395,143,229,2123,54.5,111.8,825,1833,45.0,644,1284,50.2,181,549,33.0,542,786,69.0,372,783,1155,368,3,586,5,0,2373,534,522,90,49.9,0.17,32.2,42.9
2014,20132014,113,Houston,American,33,17,16,1335,56.0,486,182,179,1871,54.8,125.3,833,1833,45.4,621,1255,49.5,212,578,36.7,467,700,66.7,359,782,1141,421,7,603,2,0,2345,332,184,80,51.2,0.23,31.5,38.2,456,123,218,1864,53.9,129.2,866,1939,44.7,657,1340,49.0,209,599,34.9,468,670,69.9,403,777,1180,365,7,599,4,0,2409,236,164,26,50.1,0.2,34.2,34.6
2014,20132014,114,Howard,MEAC,33,8,25,1365,26.4,261,131,207,905,49.1,223.2,639,1690,37.8,464,1171,39.6,175,519,33.7,567,835,67.9,385,711,1096,540,24,726,9,0,2020,168,173,42,43.0,0.6,35.1,49.4,443,140,234,900,55.1,260.4,739,1716,43.1,522,1065,49.0,217,651,33.3,649,937,69.3,409,797,1206,487,17,675,7,0,2344,224,239,73,49.4,0.54,33.9,54.6
2014,20132014,115,IU Indianapolis,Summit,32,6,26,1295,48.6,333,98,161,1576,52.3,134.9,782,1784,43.8,642,1334,48.1,140,450,31.1,422,569,74.2,261,734,995,354,8,516,2,0,2126,482,251,75,47.8,0.22,26.2,31.9,468,102,198,1571,56.4,151.7,868,1845,47.0,678,1315,51.6,190,530,35.8,457,607,75.3,321,813,1134,330,5,556,3,0,2383,690,279,125,52.2,0.21,28.3,32.9
2014,20132014,116,Idaho State,Big Sky,29,11,18,1205,59.8,341,78,210,1803,55.4,113.9,694,1547,44.9,528,1094,48.3,166,453,36.6,500,701,71.3,347,665,1012,360,1,525,2,1,2054,550,397,58,50.2,0.2,34.3,45.3,384,114,154,1801,56.6,113.0,706,1562,45.2,452,892,50.7,254,670,37.9,370,540,68.5,298,624,922,375,0,571,2,0,2036,460,372,66,53.3,0.21,32.3,34.6
2014,20132014,117,Idaho,WAC,34,16,18,1395,48.0,384,58,146,1671,55.0,147.3,833,1865,44.7,617,1257,49.1,216,608,35.5,579,842,68.8,358,803,1161,388,9,702,5,0,2461,449,259,62,50.5,0.23,30.8,45.1,453,111,164,1680,55.5,151.0,893,1935,46.1,682,1307,52.2,211,628,33.6,539,791,68.1,359,794,1153,354,3,698,8,0,2536,497,320,79,51.6,0.21,31.1,40.9
2014,20132014,118,Illinois,Big Ten,35,20,15,1415,59.9,351,127,215,2122,50.9,105.9,797,1941,41.1,587,1279,45.9,210,662,31.7,444,606,73.3,375,806,1181,364,14,587,4,0,2248,162,224,32,46.5,0.17,31.8,31.2,390,124,171,2116,52.0,102.8,771,1833,42.1,550,1188,46.3,221,645,34.3,413,590,70.0,334,828,1162,412,6,575,4,0,2176,156,166,25,48.1,0.19,28.7,32.2
2014,20132014,119,Illinois State,MVC,34,18,16,1405,61.4,409,160,262,2160,52.2,107.5,767,1886,40.7,523,1105,47.3,244,781,31.2,545,774,70.4,338,843,1181,420,2,696,6,0,2323,584,425,174,47.1,0.19,28.6,41.0,468,115,185,2150,52.9,108.3,779,1854,42.0,540,1175,46.0,239,679,35.2,532,791,67.3,381,890,1271,470,11,646,6,0,2329,554,367,112,48.5,0.22,30.0,42.7
2014,20132014,120,Incarnate Word,Southland,27,21,6,1095,49.6,406,112,168,1356,61.3,163.4,743,1519,48.9,551,1027,53.7,192,492,39.0,450,653,68.9,287,736,1023,357,1,464,1,0,2216,390,267,83,55.2,0.26,28.1,43.0,331,91,189,1361,52.1,142.2,655,1616,40.5,483,1122,43.0,172,494,34.8,381,547,69.7,306,605,911,338,4,540,8,0,1935,338,240,41,45.9,0.25,33.6,33.8
2014,20132014,121,Indiana,Big Ten,32,17,15,1295,64.6,368,138,190,2126,55.4,108.7,780,1741,44.8,604,1229,49.1,176,512,34.4,576,789,73.0,396,845,1241,482,17,587,2,0,2312,178,173,39,49.9,0.23,31.9,45.3,319,150,234,2055,52.5,105.2,734,1782,41.2,559,1194,46.8,175,588,29.8,447,626,71.4,319,643,962,378,10,653,4,0,2162,110,160,21,46.1,0.18,33.2,35.1
2014,20132014,122,Indiana State,MVC,34,23,11,1360,66.2,440,117,198,2250,56.0,107.4,814,1809,45.0,595,1180,50.4,219,629,34.8,569,787,72.3,304,825,1129,382,4,645,2,0,2416,436,327,92,51.1,0.17,26.9,43.5,425,115,202,2250,54.3,103.5,789,1805,43.7,576,1203,47.9,213,602,35.4,537,773,69.5,309,804,1113,395,14,656,0,0,2328,400,250,49,49.6,0.18,27.8,42.8
2014,20132014,123,Iona,MAAC,33,22,11,1335,67.7,576,122,219,2253,60.8,122.5,947,1944,48.7,609,1091,55.8,338,853,39.6,528,739,71.4,288,806,1094,349,6,584,10,0,2760,611,413,168,57.4,0.15,26.3,38.0,480,117,158,2266,53.7,113.0,959,2111,45.4,741,1471,50.4,218,640,34.1,424,620,68.4,446,815,1261,392,8,587,10,0,2560,706,280,158,50.6,0.17,35.4,29.4
2014,20132014,124,Iowa,Big Ten,33,20,13,1380,66.9,532,164,234,2307,56.5,116.6,919,1984,46.3,728,1438,50.6,191,546,35.0,660,898,73.5,446,885,1331,371,3,603,8,0,2689,162,150,47,51.1,0.16,33.5,45.3,423,112,209,2310,51.8,100.5,804,1938,41.5,575,1216,47.3,229,722,31.7,484,686,70.6,361,740,1101,439,26,717,4,0,2321,88,86,14,47.4,0.19,32.8,35.4
2014,20132014,125,Iowa State,Big 12,36,28,8,1495,69.9,663,106,214,2613,57.5,114.4,1062,2239,47.4,761,1399,54.4,301,840,35.8,564,814,69.3,375,1012,1387,380,2,623,7,0,2989,336,141,47,54.2,0.15,27.0,36.4,476,124,197,2614,51.9,102.4,954,2272,42.0,695,1512,46.0,259,760,34.1,511,698,73.2,403,926,1329,418,6,698,3,1,2678,242,125,17,47.7,0.16,30.3,30.7
2014,20132014,126,Jackson State,SWAC,31,11,20,1260,21.9,296,100,188,689,50.8,296.2,711,1707,41.7,590,1294,45.6,121,413,29.3,498,688,72.4,367,725,1092,465,12,711,5,0,2041,134,106,18,45.2,0.67,33.6,40.3,354,111,217,689,54.7,309.3,674,1564,43.1,476,993,47.9,198,571,34.7,585,873,67.0,315,732,1047,449,12,591,3,1,2131,138,163,12,49.4,0.65,30.1,55.8
2014,20132014,127,Jacksonville,ASUN,30,12,18,1200,55.9,393,105,220,1678,54.2,133.0,756,1729,43.7,568,1176,48.3,188,553,34.0,531,749,70.9,362,665,1027,409,1,565,3,0,2231,472,326,104,49.2,0.24,35.2,43.3,454,95,205,1675,58.3,142.4,846,1755,48.2,613,1144,53.6,233,611,38.1,460,663,69.4,362,744,1106,404,4,611,3,0,2385,561,320,90,54.8,0.24,32.7,37.8
2014,20132014,128,Jacksonville State,OVC,31,10,21,1240,50.8,366,110,195,1575,51.9,127.9,685,1633,41.9,510,1092,46.7,175,541,32.3,469,695,67.5,336,614,950,351,5,601,4,0,2014,314,322,76,47.3,0.22,35.4,42.6,387,108,179,1576,57.9,138.1,746,1559,47.9,582,1127,51.6,164,432,38.0,520,729,71.3,311,735,1046,376,2,606,8,0,2176,408,294,85,53.1,0.24,29.7,46.8
2014,20132014,129,James Madison,CAA,31,11,20,1255,57.6,272,96,182,1803,51.3,108.8,647,1582,40.9,496,1029,48.2,151,553,27.3,514,750,68.5,314,734,1048,379,6,607,7,0,1961,494,314,91,45.7,0.21,30.0,47.4,361,78,174,1812,54.0,117.5,697,1650,42.2,471,1007,46.8,226,643,35.1,510,733,69.6,342,745,1087,370,7,621,4,0,2130,466,329,80,49.1,0.2,31.5,44.4
2014,20132014,130,Kansas City,WAC,30,10,20,1200,61.5,349,70,217,1844,51.7,113.1,729,1697,43.0,562,1145,49.1,167,552,30.3,460,725,63.4,290,692,982,397,4,621,4,0,2085,554,415,134,47.9,0.22,29.5,42.7,428,128,188,1848,57.0,124.2,783,1692,46.3,576,1097,52.5,207,595,34.8,522,729,71.6,315,809,1124,418,6,600,5,0,2295,556,401,117,52.4,0.23,28.0,43.1
2014,20132014,131,Kansas,Big 12,35,25,10,1430,65.3,523,196,204,2337,58.8,118.3,955,1937,49.3,766,1381,55.5,189,556,34.0,665,935,71.1,416,920,1336,463,4,732,11,0,2764,98,41,0,54.2,0.2,31.1,48.3,418,111,232,2334,52.1,105.1,815,1961,41.6,596,1344,44.3,219,617,35.5,605,892,67.8,373,700,1073,396,15,742,11,0,2454,48,88,0,47.1,0.17,34.8,45.5
2014,20132014,132,Kansas State,Big 12,33,20,13,1355,62.4,503,98,205,2115,52.6,107.8,798,1840,43.4,600,1242,48.3,198,598,33.1,486,741,65.6,406,774,1180,404,7,714,9,0,2280,318,170,87,48.8,0.19,34.4,40.3,380,128,212,2114,50.7,102.1,723,1774,40.8,561,1221,45.9,162,553,29.3,551,805,68.4,385,764,1149,416,14,621,11,0,2159,252,145,73,45.3,0.2,33.5,45.4
2014,20132014,133,Kennesaw State,ASUN,31,6,25,1240,62.7,344,95,182,1947,51.6,103.5,708,1676,42.2,516,1117,46.2,192,559,34.3,408,628,65.0,346,673,1019,494,8,673,10,0,2016,379,327,60,48.0,0.25,34.0,37.5,355,116,253,1939,56.3,118.8,777,1699,45.7,609,1197,50.9,168,502,33.5,582,786,74.0,364,744,1108,400,6,552,7,0,2304,418,390,79,50.7,0.21,32.9,46.3
2014,20132014,134,Kent State,MAC,32,16,16,1310,51.0,362,109,199,1669,53.7,133.5,766,1786,42.9,534,1118,47.8,232,668,34.7,464,660,70.3,341,734,1075,390,5,670,3,0,2228,398,298,66,49.4,0.23,31.7,37.0,388,109,191,1672,54.2,130.9,717,1670,42.9,535,1131,47.3,182,539,33.8,572,792,72.2,329,776,1105,426,10,571,4,0,2188,420,279,81,48.4,0.25,29.8,47.4
2014,20132014,135,Kentucky,SEC,40,29,11,1645,64.3,446,236,189,2641,55.0,113.3,1004,2214,45.3,801,1603,50.0,203,611,33.2,781,1146,68.2,574,1034,1608,481,10,731,10,0,2992,214,64,0,49.9,0.18,35.7,51.8,416,123,232,2650,50.5,100.6,933,2271,41.1,711,1582,44.9,222,689,32.2,577,836,69.0,437,794,1231,428,17,884,8,0,2665,178,87,0,46.0,0.16,35.5,36.8
2014,20132014,136,LSU,SEC,34,20,14,1405,64.1,458,190,254,2257,55.0,112.5,883,2003,44.1,659,1344,49.0,224,659,34.0,462,691,66.9,432,858,1290,450,3,617,0,0,2540,154,166,29,49.7,0.2,33.5,34.5,381,120,227,2248,53.2,107.8,812,1946,41.7,607,1379,44.0,205,567,36.2,520,751,69.2,399,808,1207,423,10,593,6,0,2423,120,137,22,47.0,0.19,33.1,38.6
2014,20132014,137,La Salle,A-10,31,15,16,1280,55.5,385,106,173,1780,51.4,118.0,720,1743,41.3,543,1199,45.3,177,544,32.5,483,682,70.8,370,730,1100,360,4,495,1,0,2100,484,268,106,46.4,0.2,33.6,39.1,427,159,182,1774,52.4,119.5,772,1772,43.6,611,1286,47.5,161,486,33.1,415,569,72.9,352,748,1100,362,4,544,2,0,2120,473,234,85,48.1,0.2,32.0,32.1
2014,20132014,138,Lafayette,Patriot,31,11,20,1270,55.6,400,66,162,1767,57.9,125.2,781,1661,47.0,550,1081,50.9,231,580,39.8,419,563,74.4,264,663,927,383,11,555,1,0,2212,242,330,25,54.0,0.22,28.5,33.9,421,93,192,1766,58.0,131.1,809,1718,47.1,570,1077,52.9,239,641,37.3,458,630,72.7,341,692,1033,372,13,554,1,0,2315,268,351,51,54.0,0.21,33.0,36.7
2014,20132014,139,Lamar,Southland,30,4,26,1200,64.0,361,86,160,1919,52.3,104.3,711,1628,43.7,614,1313,46.8,97,315,30.8,482,648,74.4,278,667,945,420,5,554,3,0,2001,674,304,155,46.7,0.22,29.4,39.8,469,119,222,1923,57.3,120.5,845,1729,48.9,650,1214,53.5,195,515,37.9,433,666,65.0,347,728,1075,386,5,562,7,0,2318,846,444,183,54.5,0.2,32.3,38.5
2014,20132014,141,Lehigh,Patriot,32,14,18,1330,51.9,416,112,159,1722,52.8,123.2,758,1756,43.2,559,1201,46.5,199,555,35.9,406,574,70.7,279,784,1063,383,5,572,1,0,2121,466,237,89,48.8,0.22,26.2,32.7,484,129,187,1727,51.9,127.8,795,1872,42.5,584,1251,46.7,211,621,34.0,406,582,69.8,375,790,1165,359,7,547,2,0,2207,483,297,99,48.1,0.21,32.2,31.1
2014,20132014,142,Liberty,Big South,32,11,21,1280,57.3,423,110,150,1834,54.8,122.7,816,1781,45.8,636,1279,49.7,180,502,35.9,438,622,70.4,401,783,1184,424,9,564,14,0,2250,472,302,47,50.9,0.23,33.9,34.9,388,124,207,1833,54.3,121.9,767,1772,43.3,531,1088,48.8,236,684,34.5,464,644,72.0,318,657,975,331,5,560,4,0,2234,391,456,97,49.9,0.18,32.6,36.3
2014,20132014,143,Lipscomb,ASUN,30,15,15,1220,45.7,421,59,202,1394,55.9,163.3,727,1682,43.2,452,905,49.9,275,777,35.4,547,800,68.4,291,700,991,376,6,662,2,0,2276,310,330,45,51.4,0.27,29.4,47.6,413,98,186,1392,58.5,169.2,782,1662,47.1,547,997,54.9,235,665,35.3,556,795,69.9,317,806,1123,428,4,644,5,0,2355,350,268,50,54.1,0.31,28.2,47.8
2014,20132014,144,Little Rock,Sun Belt,32,15,17,1360,55.6,376,125,190,1892,52.6,120.9,784,1844,42.5,620,1339,46.3,164,505,32.5,556,754,73.7,369,802,1171,422,4,688,10,0,2288,596,372,104,47.0,0.22,31.5,40.9,435,119,215,1889,55.0,125.5,759,1775,42.8,508,1058,48.0,251,717,35.0,602,869,69.3,345,789,1134,419,4,636,2,0,2371,505,397,101,49.8,0.22,30.4,49.0
2014,20132014,145,Long Beach State,Big West,32,15,17,1315,39.1,405,80,186,1287,51.5,173.7,822,1904,43.2,631,1291,48.9,191,613,31.2,401,607,66.1,426,749,1175,390,8,571,0,0,2236,232,175,55,48.2,0.3,36.3,31.9,413,108,173,1285,54.0,175.5,785,1796,43.7,569,1148,49.6,216,648,33.3,469,665,70.5,362,769,1131,405,10,571,1,0,2255,232,178,62,49.7,0.32,32.0,37.0
2014,20132014,146,Long Island University,NEC,24,9,15,975,59.0,353,57,103,1440,55.5,121.7,607,1366,44.4,419,851,49.2,188,515,36.5,350,484,72.3,261,575,836,314,3,421,3,0,1752,431,183,82,51.3,0.22,31.2,35.4,400,90,170,1437,56.6,131.0,680,1462,46.5,479,943,50.8,201,519,38.7,322,455,70.8,282,572,854,254,1,430,4,0,1883,444,228,90,53.4,0.18,33.0,31.1
2014,20132014,147,Longwood,Big South,32,8,24,1280,62.7,430,58,216,2007,53.1,111.4,812,1845,44.0,632,1332,47.4,180,513,35.1,431,591,72.9,309,689,998,408,9,623,1,0,2235,628,412,154,48.9,0.2,31.0,32.0,524,145,190,2006,59.2,128.1,863,1826,47.3,603,1120,53.8,260,706,36.8,584,786,74.3,382,811,1193,420,10,526,2,0,2570,636,396,172,54.4,0.21,32.0,43.0
2014,20132014,148,Louisiana,Sun Belt,35,23,12,1470,57.9,472,144,250,2129,56.1,133.2,988,2127,46.5,742,1457,50.9,246,670,36.7,613,913,67.1,484,851,1335,467,7,735,14,0,2835,692,419,151,52.2,0.22,36.3,42.9,412,184,212,2127,54.4,123.7,906,2031,44.6,701,1417,49.5,205,614,33.4,614,885,69.4,400,813,1213,482,6,745,11,0,2631,572,406,177,49.7,0.23,33.0,43.6
2014,20132014,149,Louisiana Tech,CUSA,37,29,8,1495,63.4,582,188,339,2373,55.5,126.3,1034,2284,45.3,748,1416,52.8,286,868,32.9,644,948,67.9,478,970,1448,424,2,705,6,1,2998,850,567,221,51.5,0.18,33.0,41.5,379,127,205,2363,50.1,104.1,871,2099,41.5,691,1522,45.4,180,577,31.2,538,807,66.7,415,936,1351,606,15,761,12,0,2460,650,288,174,45.8,0.26,30.7,38.4
2014,20132014,150,Louisville,American,37,31,6,1480,68.7,568,173,370,2538,56.8,118.1,1051,2232,47.1,763,1449,52.7,288,783,36.8,608,920,66.1,503,893,1396,391,5,723,4,0,2998,86,106,4,53.5,0.15,36.0,41.2,387,103,169,2544,48.8,88.9,786,1983,39.6,616,1389,44.3,170,594,28.6,518,761,68.1,434,851,1285,638,11,755,9,0,2262,124,32,2,43.9,0.25,33.8,38.4
2014,20132014,151,Loyola Chicago,MVC,32,10,22,1340,55.3,419,82,176,1853,56.1,113.6,744,1609,46.2,553,1063,52.0,191,546,35.0,426,606,70.3,266,707,973,426,7,622,3,0,2105,608,334,129,52.2,0.23,27.3,37.7,395,97,214,1853,55.7,118.7,760,1670,45.5,566,1119,50.6,194,551,35.2,485,688,70.5,317,710,1027,372,13,590,4,0,2199,636,394,154,51.3,0.2,30.9,41.2
2014,20132014,152,Loyola Maryland,Patriot,30,11,19,1245,52.1,336,127,236,1624,50.4,120.5,680,1642,41.4,535,1190,45.0,145,452,32.1,452,678,66.7,328,606,934,357,11,584,2,1,1957,446,312,66,45.8,0.22,35.1,41.3,420,116,161,1618,56.9,133.4,737,1607,45.9,534,1105,48.3,203,502,40.4,481,654,73.5,344,744,1088,413,10,549,1,1,2158,423,331,52,52.2,0.26,31.6,40.7
2014,20132014,153,Loyola Marymount,WCC,32,13,19,1295,59.9,404,118,227,1941,52.8,120.8,838,1916,43.7,697,1437,48.5,141,479,29.4,528,693,76.2,385,696,1081,389,9,645,5,0,2345,669,420,186,47.4,0.2,35.6,36.2,461,116,195,1935,57.0,127.5,850,1824,46.6,653,1290,50.6,197,534,36.9,571,779,73.3,385,777,1162,441,4,603,6,0,2468,728,387,149,52.0,0.23,33.1,42.7
2014,20132014,154,Maine,Am. East,29,6,23,1175,57.9,418,66,220,1701,53.2,122.9,759,1712,44.3,577,1169,49.4,182,543,33.5,391,577,67.8,269,696,965,439,2,606,6,0,2091,388,273,64,49.6,0.26,27.9,33.7,461,110,214,1698,56.3,141.6,856,1824,46.9,648,1241,52.2,208,583,35.7,484,705,68.7,378,793,1171,387,5,519,1,0,2404,508,393,74,52.6,0.23,32.3,38.7
2014,20132014,155,Manhattan,MAAC,33,25,8,1400,65.3,433,200,273,2287,55.6,111.1,828,1837,45.1,620,1273,48.7,208,564,36.9,676,1019,66.3,415,819,1234,468,7,799,7,0,2540,568,442,85,50.7,0.2,33.6,55.5,390,157,207,2283,51.8,101.2,739,1809,40.9,575,1307,44.0,164,502,32.7,669,956,70.0,409,790,1199,515,12,772,2,0,2311,463,352,69,45.4,0.23,34.1,52.8
2014,20132014,156,Marist,MAAC,31,12,19,1290,63.4,342,122,202,2043,51.8,103.7,709,1736,40.8,508,1156,43.9,201,580,34.7,500,700,71.4,334,723,1057,384,3,583,5,0,2119,662,440,112,46.6,0.19,31.6,40.3,392,99,203,2046,54.6,109.1,780,1750,44.6,569,1197,47.5,211,553,38.2,462,671,68.9,356,792,1148,415,3,595,6,0,2233,701,402,125,50.6,0.2,31.0,38.3
2014,20132014,157,Marquette,Big East,32,17,15,1380,58.9,474,100,202,2031,53.6,113.7,800,1800,44.4,646,1320,48.9,154,480,32.1,556,806,69.0,379,788,1167,383,6,631,5,0,2310,340,211,98,48.7,0.19,32.5,44.8,453,125,175,2033,53.0,108.2,749,1772,42.3,508,1112,45.7,241,660,36.5,460,686,67.1,332,733,1065,422,10,677,7,0,2199,324,150,91,49.1,0.21,31.2,38.7
2014,20132014,158,Marshall,CUSA,33,11,22,1350,58.0,397,124,211,1961,51.9,121.6,837,1938,43.2,635,1283,49.5,202,655,30.8,509,818,62.2,423,799,1222,427,7,658,15,0,2385,741,388,189,48.4,0.22,34.6,42.2,442,113,208,1953,53.1,121.6,835,1889,44.2,638,1265,50.4,197,624,31.6,508,793,64.1,411,857,1268,446,13,671,7,0,2375,758,398,189,49.4,0.23,32.4,42.0
2014,20132014,159,Maryland Eastern Shore,MEAC,30,6,24,1200,48.2,339,62,196,1444,51.3,138.2,656,1637,40.1,476,1079,44.1,180,558,32.3,504,699,72.1,353,625,978,379,11,584,9,0,1996,448,295,94,45.6,0.26,36.1,42.7,449,91,169,1447,57.9,155.6,775,1634,47.4,576,1098,52.5,199,536,37.1,502,702,71.5,338,726,1064,388,13,570,9,0,2251,542,293,111,53.5,0.27,31.8,43.0
2014,20132014,160,Maryland,ACC,32,17,15,1315,64.1,374,139,202,2106,53.0,107.8,792,1844,43.0,566,1184,47.8,226,660,34.2,460,677,67.9,384,816,1200,408,4,634,3,0,2270,437,242,128,49.1,0.19,32.0,36.7,366,123,200,2106,51.9,102.8,735,1761,41.7,541,1192,45.4,194,569,34.1,502,742,67.7,331,763,1094,410,7,595,7,0,2166,358,219,83,47.2,0.19,30.3,42.1
2014,20132014,161,Massachusetts,A-10,33,24,9,1335,68.6,498,178,226,2289,54.4,109.3,900,1961,45.9,723,1449,49.9,177,512,34.6,525,769,68.3,404,863,1267,446,4,649,5,1,2502,499,219,115,50.4,0.19,31.9,39.2,467,182,204,2292,50.9,102.5,843,1985,42.5,678,1450,46.8,165,535,30.8,499,739,67.5,400,773,1173,445,12,643,5,0,2350,465,223,111,46.6,0.19,34.1,37.2
2014,20132014,162,McNeese,Southland,31,11,20,1270,55.8,348,115,205,1771,51.2,119.2,700,1795,39.0,506,1152,43.9,194,643,30.2,422,610,69.2,389,714,1103,384,4,534,5,0,2111,594,361,132,44.4,0.22,35.3,34.0,449,107,209,1771,56.7,133.1,784,1792,43.8,550,1168,47.1,234,624,37.5,465,653,71.2,404,798,1202,381,3,521,9,0,2358,624,363,111,50.3,0.22,33.6,36.4
2014,20132014,163,Memphis,American,34,24,10,1390,67.4,591,159,294,2345,55.3,111.5,958,2009,47.7,776,1457,53.3,182,552,33.0,516,801,64.4,427,841,1268,449,3,612,5,1,2614,230,44,21,52.2,0.19,33.7,39.9,453,135,269,2341,51.5,102.4,888,2029,43.8,708,1444,49.0,180,585,30.8,441,681,64.8,422,771,1193,490,13,679,5,0,2397,172,38,13,48.2,0.21,35.4,33.6
2014,20132014,164,Mercer,ASUN,36,27,9,1565,52.9,586,147,211,2067,58.9,137.2,982,2061,47.6,692,1305,53.0,290,756,38.4,582,791,73.6,407,931,1338,420,7,665,6,0,2836,632,415,101,54.7,0.2,30.4,38.4,434,111,201,2075,50.9,116.1,812,2023,40.1,576,1244,46.3,236,779,30.3,550,787,69.9,399,791,1190,452,4,698,6,0,2410,541,316,116,46.0,0.22,33.5,38.9
2014,20132014,167,Miami (OH),MAC,31,13,18,1270,61.0,387,73,267,1942,52.8,104.2,722,1664,43.4,576,1168,49.3,146,496,29.4,433,574,75.4,266,701,967,420,10,537,4,0,2023,407,400,86,47.8,0.22,27.5,34.5,469,128,190,1933,56.7,111.7,767,1666,46.0,509,985,51.7,258,681,37.9,368,541,68.0,295,761,1056,454,7,514,3,0,2160,402,400,73,53.8,0.23,27.9,32.5
2014,20132014,168,Miami,ACC,33,17,16,1395,52.2,346,124,161,1820,51.8,111.5,712,1690,42.1,526,1114,47.2,186,576,32.3,419,610,68.7,362,778,1140,335,8,522,0,0,2029,398,225,57,47.6,0.18,31.8,36.1,373,88,162,1823,50.4,107.7,695,1713,40.6,474,1091,43.4,221,622,35.5,353,534,66.1,340,718,1058,319,7,538,2,0,1964,358,230,75,47.0,0.17,32.1,31.2
2014,20132014,169,Michigan State,Big Ten,38,29,9,1565,62.5,637,174,259,2439,57.9,117.7,1024,2159,47.4,717,1376,52.1,307,783,39.2,515,728,70.7,409,991,1400,440,16,721,3,0,2870,128,50,0,54.5,0.18,29.2,33.7,405,110,214,2452,51.4,101.6,817,2058,39.7,565,1298,43.5,252,760,33.2,605,829,73.0,375,833,1208,449,15,669,10,0,2491,68,47,0,45.8,0.18,31.0,40.3
2014,20132014,170,Michigan,Big Ten,37,28,9,1510,59.7,525,88,191,2251,59.8,121.5,945,1982,47.7,626,1188,52.7,319,794,40.2,527,691,76.3,329,831,1160,345,11,526,3,0,2736,176,103,31,55.7,0.15,28.4,34.9,437,100,181,2257,52.9,106.7,905,2035,44.5,704,1403,50.2,201,632,31.8,397,543,73.1,364,790,1154,398,9,626,4,0,2408,196,46,7,49.4,0.18,31.5,26.7
2014,20132014,171,Middle Tennessee,CUSA,33,24,9,1350,62.9,433,158,234,2124,54.5,110.1,816,1795,45.5,638,1275,50.0,178,520,34.2,529,796,66.5,399,812,1211,416,11,664,4,0,2339,564,493,95,50.4,0.2,32.9,44.3,321,95,208,2119,51.1,97.5,696,1694,41.1,526,1167,45.1,170,527,32.3,505,748,67.5,330,723,1053,478,10,662,4,0,2067,526,434,54,46.1,0.23,31.3,44.2
2014,20132014,172,Milwaukee,Horizon,35,21,14,1445,56.6,476,85,200,2045,54.8,120.5,808,1888,42.8,563,1134,49.6,245,754,32.5,604,823,73.4,343,839,1182,469,9,630,9,0,2465,530,380,75,49.3,0.23,29.0,43.6,415,132,240,2046,53.6,120.7,869,1991,43.6,665,1334,49.9,204,657,31.1,527,707,74.5,373,868,1241,445,4,736,7,0,2469,646,394,112,48.8,0.22,30.1,35.5
2014,20132014,173,Minnesota,Big Ten,38,25,13,1575,58.5,528,155,289,2307,56.3,117.7,918,2053,44.7,646,1280,50.5,272,773,35.2,607,818,74.2,394,888,1282,444,10,728,3,0,2715,344,191,55,51.3,0.19,30.7,39.8,484,159,227,2303,53.8,111.8,867,2036,42.6,620,1315,47.1,247,721,34.3,593,810,73.2,400,859,1259,472,12,723,1,0,2574,298,162,55,48.6,0.2,31.8,39.8
2014,20132014,174,Mississippi State,SEC,33,14,19,1350,58.7,401,88,255,1985,52.8,112.5,785,1776,44.2,631,1274,49.5,154,502,30.7,510,769,66.3,325,761,1086,459,6,570,7,0,2234,434,243,99,48.5,0.23,29.9,43.3,435,114,213,1976,54.9,119.1,847,1872,45.2,628,1200,52.3,219,672,32.6,440,617,71.3,350,813,1163,461,7,654,10,0,2353,512,307,91,51.1,0.23,30.1,33.0
2014,20132014,175,Mississippi Valley State,SWAC,32,9,23,1280,26.0,357,59,245,833,51.1,275.3,808,1934,41.8,605,1288,47.0,203,646,31.4,474,707,67.0,374,741,1115,469,7,719,9,0,2293,122,123,39,47.0,0.56,33.5,36.6,379,126,229,829,58.5,311.5,905,1818,49.8,733,1349,54.3,172,469,36.7,600,884,67.9,335,876,1211,461,10,607,11,0,2582,232,179,86,54.5,0.56,27.7,48.6
2014,20132014,176,Missouri State,MVC,33,20,13,1365,61.2,401,99,160,2085,54.3,108.5,761,1765,43.1,531,1120,47.4,230,645,35.7,510,720,70.8,303,777,1080,361,8,652,6,0,2262,480,300,67,49.6,0.17,28.1,40.8,422,112,183,2089,54.8,107.8,767,1726,44.4,545,1095,49.8,222,631,35.2,495,742,66.7,317,803,1120,392,5,647,3,0,2251,496,262,108,50.9,0.19,28.3,43.0
2014,20132014,177,Missouri,SEC,35,23,12,1435,64.6,355,114,176,2313,57.4,110.4,824,1806,45.6,622,1219,51.0,202,587,34.4,703,948,74.2,383,910,1293,442,7,670,6,0,2553,270,101,42,51.2,0.19,29.6,52.5,435,122,202,2322,52.0,105.1,833,2011,41.4,577,1239,46.6,256,772,33.2,519,759,68.4,403,721,1124,370,8,734,3,0,2441,216,111,29,47.8,0.16,35.9,37.7
2014,20132014,178,Monmouth,MAAC,32,11,21,1315,48.7,386,96,222,1600,50.7,138.0,776,1846,42.0,599,1319,45.4,177,527,33.6,479,749,64.0,413,771,1184,462,9,698,1,0,2208,623,382,148,46.8,0.29,34.9,40.6,395,181,206,1602,56.0,145.9,756,1721,43.9,505,1010,50.0,251,711,35.3,575,836,68.8,344,812,1156,479,9,650,3,0,2338,441,431,99,51.2,0.3,29.8,48.6
2014,20132014,179,Montana,Big Sky,30,17,13,1255,53.7,340,76,152,1686,60.0,125.9,703,1475,47.7,481,882,54.5,222,593,37.4,495,671,73.8,213,600,813,299,3,620,5,0,2123,628,370,88,55.2,0.18,26.2,45.5,311,84,137,1686,56.9,122.8,721,1517,47.5,558,1065,52.4,163,452,36.1,465,687,67.7,317,654,971,356,11,613,9,0,2070,698,308,65,52.9,0.21,32.6,45.3
2014,20132014,180,Montana State,Big Sky,31,14,17,1255,61.6,325,50,203,1930,54.3,109.3,736,1661,44.3,551,1139,48.4,185,522,35.4,452,636,71.1,267,699,966,357,8,561,5,0,2109,481,373,54,49.9,0.18,27.6,38.3,390,83,185,1937,57.6,111.8,749,1608,46.6,529,1012,52.3,220,596,36.9,447,618,72.3,249,765,1014,403,2,571,5,0,2165,464,350,93,53.4,0.21,24.6,38.4
2014,20132014,181,Morehead State,OVC,34,20,14,1425,51.7,456,104,271,1842,55.1,141.3,861,1927,44.7,673,1298,51.8,188,629,29.9,693,992,69.9,482,827,1309,530,15,799,5,0,2603,624,338,142,49.6,0.29,36.8,51.5,449,169,237,1845,56.1,134.6,809,1806,44.8,598,1197,50.0,211,609,34.6,654,924,70.8,310,728,1038,518,14,798,6,0,2483,586,356,135,50.6,0.28,29.9,51.2
2014,20132014,182,Morgan State,MEAC,31,15,16,1305,28.7,394,157,196,937,50.1,236.4,800,1869,42.8,660,1333,49.5,140,536,26.1,475,776,61.2,446,744,1190,403,8,648,11,0,2215,218,171,38,46.5,0.43,37.5,41.5,389,114,190,935,53.1,239.5,764,1761,43.4,580,1244,46.6,184,517,35.6,527,788,66.9,384,790,1174,434,6,636,7,0,2239,148,150,38,48.6,0.46,32.7,44.7
2014,20132014,183,Mount St. Mary's,NEC,33,16,17,1350,58.5,389,99,232,1972,56.1,127.0,843,1923,43.8,547,1089,50.2,296,834,35.5,522,706,73.9,327,725,1052,388,10,616,0,0,2504,552,326,162,51.5,0.2,31.1,36.7,435,90,190,1978,57.4,129.7,960,1939,49.5,805,1475,54.6,155,464,33.4,491,669,73.4,357,850,1207,439,10,602,1,0,2566,954,304,221,53.5,0.22,29.6,34.5
2014,20132014,184,Murray State,OVC,34,23,11,1380,56.8,446,148,203,1962,57.9,134.9,901,1898,47.5,649,1227,52.9,252,671,37.6,593,883,67.2,397,836,1233,420,4,628,8,0,2647,679,388,184,54.1,0.21,32.2,46.5,413,107,206,1958,52.7,124.9,896,2012,44.5,711,1438,49.4,185,574,32.2,469,699,67.1,401,759,1160,400,7,700,6,0,2446,718,406,101,49.1,0.2,34.6,34.7
2014,20132014,185,NC State,ACC,36,22,14,1500,59.3,466,149,173,2224,53.5,115.2,950,2060,46.1,790,1535,51.5,160,525,30.5,501,762,65.7,420,816,1236,375,7,670,2,0,2561,340,209,98,50.0,0.17,34.0,37.0,406,124,205,2224,52.8,112.6,851,1997,42.6,655,1386,47.3,196,611,32.1,606,851,71.2,451,812,1263,413,3,703,3,0,2504,308,195,94,47.5,0.19,35.7,42.6
2014,20132014,186,NJIT,Indep.,29,13,16,1190,58.1,394,104,187,1729,55.4,122.0,728,1638,44.4,512,1060,48.3,216,578,37.4,435,603,72.1,284,706,990,379,7,585,1,0,2109,460,327,129,51.0,0.22,28.7,36.8,389,131,182,1725,53.9,119.5,677,1600,42.3,462,965,47.9,215,635,33.9,492,707,69.6,320,706,1026,391,11,541,2,0,2061,337,282,60,49.0,0.23,31.2,44.2
2014,20132014,187,Navy,Patriot,30,9,21,1245,51.4,381,99,195,1598,49.1,113.9,660,1645,40.1,459,1033,44.4,201,612,32.8,299,471,63.5,335,671,1006,376,11,566,0,0,1820,310,270,68,46.2,0.24,33.3,28.6,367,95,192,1602,55.4,122.2,652,1487,43.8,455,931,48.9,197,556,35.4,456,638,71.5,276,759,1035,398,3,505,5,0,1957,348,252,30,50.5,0.25,26.7,42.9
2014,20132014,188,Nebraska,Big Ten,32,19,13,1280,65.1,304,99,222,2083,53.5,102.6,719,1684,42.7,531,1120,47.4,188,564,33.3,511,713,71.7,278,781,1059,349,9,660,6,0,2137,176,252,30,48.3,0.17,26.3,42.3,354,101,168,2086,52.5,100.0,696,1658,42.0,510,1068,47.8,186,590,31.5,507,744,68.1,319,802,1121,397,12,603,6,1,2085,158,191,26,47.6,0.19,28.5,44.9
2014,20132014,189,Nevada,Mountain West,32,15,17,1380,59.8,347,144,160,2062,54.0,112.3,796,1835,43.4,582,1201,48.5,214,634,33.8,510,700,72.9,352,761,1113,333,9,604,5,0,2316,374,275,73,49.2,0.16,31.6,38.1,448,105,156,2063,55.3,114.6,796,1814,43.9,573,1148,49.9,223,666,33.5,549,734,74.8,353,780,1133,341,3,592,4,0,2364,328,253,64,50.0,0.17,31.2,40.5
2014,20132014,190,New Hampshire,Am. East,30,6,24,1215,52.3,292,99,121,1589,48.8,109.2,584,1553,37.6,373,914,40.8,211,639,33.0,356,514,69.3,286,740,1026,392,10,583,0,0,1735,320,223,32,44.4,0.25,27.9,33.1,326,83,187,1588,51.9,122.5,642,1573,40.8,471,1039,45.3,171,534,32.0,490,684,71.6,297,764,1061,324,1,514,2,0,1945,400,301,75,46.2,0.2,28.0,43.5
2014,20132014,191,New Mexico,Mountain West,34,27,7,1410,60.1,522,172,162,2119,56.4,118.7,847,1851,45.8,650,1258,51.7,197,593,33.2,625,864,72.3,360,936,1296,360,5,577,6,0,2516,338,202,69,51.1,0.17,27.8,46.7,388,99,193,2121,49.5,106.0,776,1995,38.9,533,1296,41.1,243,699,34.8,453,625,72.5,368,748,1116,338,12,703,5,0,2248,268,185,76,45.0,0.16,33.0,31.3
2014,20132014,192,New Mexico State,WAC,36,26,10,1485,55.5,473,224,169,2063,58.5,134.4,936,1918,48.8,742,1395,53.2,194,523,37.1,706,1028,68.7,428,918,1346,457,4,614,11,0,2772,630,436,57,53.9,0.22,31.8,53.6,340,92,201,2059,48.9,117.3,863,2153,40.1,701,1661,42.2,162,492,32.9,527,721,73.1,457,713,1170,397,5,806,9,0,2415,522,390,45,43.8,0.19,39.1,33.5
2014,20132014,193,New Orleans,Southland,26,11,15,1040,63.7,316,84,172,1656,53.1,112.2,615,1433,42.9,479,1032,46.4,136,401,33.9,492,722,68.1,340,628,968,437,5,546,11,0,1858,448,317,58,47.7,0.26,35.1,50.4,399,115,230,1657,55.9,119.9,698,1501,46.5,543,1058,51.3,155,443,35.0,436,628,69.4,289,617,906,390,2,581,5,0,1987,512,378,96,51.7,0.24,31.9,41.8
2014,20132014,194,Niagara,MAAC,33,7,26,1320,62.1,330,71,230,2051,52.5,121.1,836,1949,42.9,670,1395,48.0,166,554,30.0,646,947,68.2,409,723,1132,450,6,784,7,0,2484,706,462,155,47.2,0.22,36.1,48.6,497,141,194,2050,59.2,132.1,909,1870,48.6,681,1277,53.3,228,593,38.4,663,946,70.1,381,866,1247,493,8,740,4,0,2709,690,439,112,54.7,0.24,30.6,50.6
2014,20132014,195,Nicholls,Southland,29,14,15,1190,59.4,384,83,168,1762,53.2,112.7,708,1595,44.4,530,1013,52.3,178,582,30.6,392,619,63.3,293,627,920,351,3,685,9,0,1986,561,357,95,50.0,0.2,31.8,38.8,330,88,172,1770,57.5,119.4,677,1453,46.6,535,1036,51.6,142,417,34.1,618,872,70.9,282,720,1002,377,4,563,9,0,2114,483,346,113,51.5,0.21,28.1,60.0
2014,20132014,196,Norfolk State,MEAC,34,19,15,1390,43.9,465,135,207,1521,55.5,159.6,866,1864,46.5,679,1332,51.0,187,532,35.2,509,734,69.3,418,777,1195,457,9,671,12,0,2428,504,288,101,51.5,0.3,35.0,39.4,414,120,202,1530,54.5,156.7,788,1844,42.7,541,1137,47.6,247,707,34.9,575,809,71.1,381,700,1081,423,13,620,10,0,2398,372,304,89,49.4,0.28,35.2,43.9
2014,20132014,198,North Carolina A&T,MEAC,32,9,23,1325,37.3,297,129,151,1233,50.9,169.4,622,1626,38.3,451,1062,42.5,171,564,30.3,674,964,69.9,388,771,1159,489,9,742,15,0,2089,278,240,44,43.5,0.4,33.5,59.3,445,125,219,1235,55.2,189.6,741,1720,43.1,510,1076,47.4,231,644,35.9,629,915,68.7,365,769,1134,394,9,747,7,0,2342,392,374,107,49.8,0.32,32.2,53.2
2014,20132014,199,North Carolina Central,MEAC,34,28,6,1420,40.0,479,131,258,1418,58.4,177.2,820,1777,46.1,642,1246,51.5,178,531,33.5,621,850,73.1,391,763,1154,367,7,633,4,0,2513,392,285,66,51.2,0.26,33.9,47.8,321,138,178,1421,51.0,142.4,641,1663,38.5,460,1067,43.1,181,596,30.4,499,724,68.9,365,676,1041,519,17,651,8,0,2023,256,155,31,44.0,0.37,35.1,43.5
2014,20132014,200,North Carolina,ACC,34,24,10,1390,68.7,523,161,249,2387,53.2,109.1,953,2057,46.3,807,1623,49.7,146,434,33.6,552,882,62.6,483,867,1350,406,8,690,2,0,2604,254,149,16,49.9,0.17,35.8,42.9,374,136,202,2385,51.5,99.5,810,1949,41.6,599,1284,46.7,211,665,31.7,541,807,67.0,395,784,1179,462,10,715,5,0,2372,183,94,13,47.0,0.19,33.5,41.4
2014,20132014,201,North Dakota,Big Sky,34,17,17,1360,59.8,417,90,287,2033,54.9,124.2,889,1951,45.6,689,1340,51.4,200,611,32.7,548,797,68.8,378,693,1071,379,4,691,5,0,2526,725,464,113,50.7,0.19,35.3,40.9,395,108,177,2032,59.0,124.9,870,1776,49.0,700,1304,53.7,170,472,36.0,627,847,74.0,328,824,1152,499,7,672,2,0,2537,700,366,77,53.8,0.25,28.5,47.7
2014,20132014,202,North Dakota State,Summit,33,26,7,1335,52.7,382,145,206,1758,60.0,141.8,888,1759,50.5,712,1276,55.8,176,483,36.4,540,719,75.1,306,774,1080,325,7,588,2,0,2492,531,276,54,55.5,0.18,28.3,40.9,368,63,168,1758,54.0,123.1,722,1710,42.2,500,1110,45.0,222,600,37.0,498,664,75.0,290,659,949,381,8,599,4,0,2164,342,200,33,48.7,0.22,30.6,38.8
2014,20132014,203,North Florida,ASUN,32,16,16,1295,64.4,401,126,167,2090,55.1,110.9,789,1784,44.2,562,1151,48.8,227,633,35.9,513,728,70.5,383,800,1183,483,5,601,2,0,2318,644,248,89,50.6,0.23,32.4,40.8,374,121,262,2083,54.3,114.1,851,1861,45.7,669,1350,49.6,182,511,35.6,493,745,66.2,347,744,1091,350,6,634,6,0,2377,636,364,122,50.6,0.17,31.8,40.0
2014,20132014,204,North Texas,CUSA,32,16,16,1315,62.5,324,114,210,2057,51.0,108.3,774,1845,42.0,617,1369,45.1,157,476,33.0,523,769,68.0,361,822,1183,405,4,645,4,0,2228,528,348,179,46.2,0.2,30.5,41.7,355,125,186,2053,52.9,112.7,794,1843,43.1,597,1279,46.7,197,564,34.9,528,784,67.3,355,848,1203,397,2,610,2,0,2313,550,419,104,48.4,0.19,29.5,42.5
2014,20132014,205,Northeastern,CAA,32,11,21,1315,60.0,371,110,173,1973,52.1,106.9,734,1692,43.4,578,1211,47.7,156,481,32.4,485,752,64.5,361,756,1117,420,11,553,1,0,2109,512,284,57,48.0,0.21,32.3,44.4,376,149,214,1969,54.3,111.7,798,1767,45.2,598,1228,48.7,200,539,37.1,403,590,68.3,319,743,1062,358,6,637,0,0,2199,485,298,84,50.8,0.18,30.0,33.4
2014,20132014,206,Northern Arizona,Big Sky,32,15,17,1310,56.7,344,126,198,1859,54.3,115.3,778,1715,45.4,608,1230,49.4,170,485,35.1,418,586,71.3,344,711,1055,404,8,564,4,0,2144,740,343,118,50.3,0.22,32.6,34.2,385,89,188,1858,56.9,117.8,750,1639,45.8,521,1062,49.1,229,577,39.7,460,645,71.3,275,678,953,379,6,542,3,0,2189,648,376,120,52.7,0.2,28.9,39.4
2014,20132014,207,Northern Colorado,Big Sky,32,18,14,1325,53.1,388,73,183,1755,58.0,134.7,864,1752,49.3,674,1260,53.5,190,492,38.6,446,651,68.5,346,679,1025,365,6,626,5,0,2364,674,402,126,54.7,0.21,33.8,37.2,397,107,154,1760,57.6,127.7,771,1654,46.6,563,1100,51.2,208,554,37.5,498,679,73.3,295,660,955,391,14,580,4,0,2248,607,375,71,52.9,0.22,30.9,41.1
2014,20132014,208,Northern Illinois,MAC,32,15,17,1345,59.9,271,107,211,2011,49.4,99.1,645,1651,39.1,508,1157,43.9,137,494,27.7,565,826,68.4,429,770,1199,470,9,642,5,1,1992,605,385,104,43.2,0.23,35.8,50.0,344,121,218,2015,51.3,99.9,665,1634,40.7,473,1002,47.2,192,632,30.4,490,741,66.1,338,724,1062,430,3,646,11,0,2012,524,427,99,46.6,0.21,31.8,45.3
2014,20132014,209,Northern Iowa,MVC,31,16,15,1270,60.4,436,90,175,1922,57.0,117.4,762,1693,45.0,498,961,51.8,264,732,36.1,468,646,72.4,272,750,1022,330,7,568,1,0,2256,516,268,112,52.8,0.17,26.6,38.2,344,88,183,1916,55.1,112.2,741,1675,44.2,522,1068,48.9,219,607,36.1,448,625,71.7,284,763,1047,352,5,602,5,0,2149,462,283,80,50.8,0.18,27.1,37.3
2014,20132014,210,Northern Kentucky,ASUN,30,9,21,1245,54.7,334,89,163,1704,54.6,120.0,704,1618,43.5,476,964,49.4,228,654,34.9,408,578,70.6,286,654,940,348,7,624,1,0,2044,366,287,52,50.6,0.2,30.4,35.7,343,119,171,1699,58.0,130.1,737,1569,47.0,537,1039,51.7,200,530,37.7,537,766,70.1,310,721,1031,329,0,494,6,0,2211,403,345,82,53.3,0.19,30.1,48.8
2014,20132014,211,Northwestern State,Southland,31,17,14,1290,65.5,513,166,270,2113,56.2,127.1,958,2037,47.0,782,1510,51.8,176,527,33.4,594,802,74.1,394,789,1183,420,2,636,14,0,2686,842,492,271,51.4,0.2,33.3,39.4,500,112,208,2113,54.9,123.0,909,2003,45.4,682,1350,50.5,227,653,34.8,554,826,67.1,456,804,1260,504,2,656,5,0,2599,722,391,178,51.0,0.24,36.2,41.2
2014,20132014,212,Northwestern,Big Ten,33,14,19,1340,58.2,364,121,142,1950,50.6,100.7,665,1679,39.6,448,971,46.1,217,708,30.6,417,596,70.0,249,825,1074,360,6,609,6,0,1964,222,174,54,46.1,0.18,23.2,35.5,410,135,202,1949,50.1,107.3,735,1788,41.1,564,1246,45.3,171,542,31.5,450,680,66.2,364,860,1224,341,10,601,5,0,2091,290,141,53,45.9,0.17,29.7,38.0
2014,20132014,213,Notre Dame,ACC,32,15,17,1345,61.9,484,97,187,2081,55.2,110.7,839,1842,45.5,611,1205,50.7,228,637,35.8,397,553,71.8,344,737,1081,331,6,518,2,0,2303,312,170,26,51.7,0.16,31.8,30.0,457,114,190,2079,55.6,108.6,802,1780,45.1,577,1196,48.2,225,584,38.5,429,571,75.1,318,726,1044,351,6,509,0,0,2258,284,179,26,51.4,0.17,30.5,32.1
2014,20132014,214,Oakland,Horizon,33,13,20,1365,58.7,522,61,229,2008,55.5,122.3,821,1890,43.4,542,1136,47.7,279,754,37.0,534,732,73.0,298,727,1025,367,10,658,11,0,2455,314,363,29,50.8,0.18,29.1,38.7,533,115,184,2001,60.2,127.6,866,1786,48.5,587,1067,55.0,279,719,38.8,543,758,71.6,313,879,1192,455,5,627,10,0,2554,340,286,70,56.3,0.23,26.3,42.4
2014,20132014,215,Ohio,MAC,37,25,12,1545,55.7,559,157,238,2153,56.3,122.9,937,2042,45.9,663,1265,52.4,274,777,35.3,499,699,71.4,351,947,1298,475,9,706,1,0,2647,623,375,98,52.6,0.22,27.0,34.2,422,93,250,2152,51.3,115.2,840,2045,41.1,636,1401,45.4,204,644,31.7,596,846,70.4,413,869,1282,461,7,647,2,0,2480,623,368,87,46.1,0.21,32.2,41.4
2014,20132014,216,Ohio State,Big Ten,35,25,10,1430,63.9,421,157,270,2287,54.7,106.3,843,1875,45.0,643,1258,51.1,200,617,32.4,546,793,68.9,346,842,1188,394,4,577,8,0,2432,156,56,0,50.3,0.17,29.1,42.3,333,105,144,2281,49.4,91.7,761,1873,40.6,588,1282,45.9,173,591,29.3,397,558,71.1,354,823,1177,502,21,677,5,0,2092,76,51,0,45.2,0.22,30.1,29.8
2014,20132014,217,Oklahoma,Big 12,33,23,10,1365,65.6,483,108,224,2238,56.6,120.8,909,2034,44.7,624,1282,48.7,285,752,37.9,601,802,74.9,398,844,1242,376,3,625,6,0,2704,94,182,13,51.7,0.17,32.0,39.4,412,112,195,2239,54.3,112.0,864,1976,43.7,628,1286,48.8,236,690,34.2,544,761,71.5,369,829,1198,426,6,689,7,0,2508,130,131,15,49.7,0.19,30.8,38.5
2014,20132014,218,Oklahoma State,Big 12,34,21,13,1430,65.3,463,160,260,2330,57.7,117.1,898,1941,46.3,659,1285,51.3,239,656,36.4,693,964,71.9,332,871,1203,356,7,680,11,0,2728,128,86,27,52.4,0.15,27.6,49.7,373,123,208,2341,51.2,101.0,801,1957,40.9,590,1312,45.0,211,645,32.7,552,803,68.7,409,853,1262,484,8,736,10,0,2365,84,35,11,46.3,0.21,32.4,41.0
2014,20132014,219,Old Dominion,CUSA,36,18,18,1470,48.3,382,142,225,1775,51.1,130.2,825,1928,42.8,635,1345,47.2,190,583,32.6,471,758,62.1,430,851,1281,474,11,709,4,0,2311,647,431,135,47.7,0.27,33.6,39.3,378,143,227,1772,52.5,131.0,777,1848,42.0,563,1251,45.0,214,597,35.8,554,825,67.2,374,834,1208,458,7,686,8,0,2322,527,411,128,47.8,0.26,31.0,44.6
2014,20132014,220,Ole Miss,SEC,33,19,14,1365,61.3,413,182,246,2086,52.8,119.0,836,2003,41.7,578,1242,46.5,258,761,33.9,552,793,69.6,423,782,1205,369,2,641,7,0,2482,230,299,47,48.2,0.18,35.1,39.6,479,138,178,2096,53.2,114.5,794,1894,41.9,548,1185,46.2,246,709,34.7,566,821,68.9,430,855,1285,461,8,651,9,0,2400,226,242,51,48.4,0.22,33.5,43.3
2014,20132014,221,Omaha,Summit,32,17,15,1310,34.3,493,87,266,1127,55.7,227.0,885,1967,45.0,666,1317,50.6,219,650,33.7,569,744,76.5,338,764,1102,403,8,595,10,0,2558,306,221,88,50.6,0.36,30.7,37.8,435,122,215,1117,55.1,215.2,864,1885,45.8,676,1323,51.1,188,562,33.5,488,674,72.4,348,809,1157,509,7,610,9,0,2404,354,205,69,50.8,0.46,30.1,35.8
2014,20132014,222,Oral Roberts,Southland,33,17,16,1350,62.3,398,147,172,2100,55.2,112.2,831,1806,46.0,674,1359,49.6,157,447,35.1,538,747,72.0,364,804,1168,376,3,644,7,0,2357,626,411,89,50.4,0.18,31.2,41.4,374,104,189,2105,53.3,108.6,783,1809,43.3,597,1295,46.1,186,514,36.2,535,768,69.7,349,725,1074,356,3,633,5,0,2287,638,395,141,48.4,0.17,32.5,42.5
2014,20132014,223,Oregon,Pac-12,34,24,10,1425,62.8,492,113,263,2236,59.0,124.5,928,1977,46.9,669,1311,51.0,259,666,38.9,668,865,77.2,356,804,1160,389,4,725,4,0,2783,178,199,51,53.5,0.17,30.7,43.8,424,125,166,2242,54.6,112.4,838,1907,43.9,640,1296,49.4,198,611,32.4,647,912,70.9,377,748,1125,458,2,697,5,0,2521,168,130,28,49.1,0.2,33.5,47.8
2014,20132014,224,Oregon State,Pac-12,32,16,16,1325,66.4,430,152,155,2201,58.6,110.2,825,1689,48.8,648,1238,52.3,177,451,39.2,598,860,69.5,312,785,1097,432,2,607,6,0,2425,593,318,86,54.1,0.2,28.4,50.9,475,107,204,2198,54.6,110.1,857,1908,44.9,641,1321,48.5,216,587,36.8,490,703,69.7,373,693,1066,336,10,690,7,0,2420,510,296,91,50.6,0.15,35.0,36.8
2014,20132014,225,Pacific,WCC,34,18,16,1375,58.7,425,61,173,2020,55.8,123.0,842,1889,44.6,626,1289,48.6,216,600,36.0,584,763,76.5,375,799,1174,415,3,767,5,0,2484,536,362,93,50.3,0.21,31.9,40.4,475,130,204,2016,58.1,125.1,806,1768,45.6,545,1096,49.7,261,672,38.8,650,918,70.8,303,777,1080,398,10,703,4,0,2523,483,325,119,53.0,0.2,28.1,51.9
2014,20132014,226,Penn State,Big Ten,34,16,18,1405,55.5,384,159,154,1951,53.6,123.5,820,1915,42.8,610,1256,48.6,210,659,31.9,559,754,74.1,357,840,1197,361,9,712,8,0,2409,394,239,97,48.3,0.19,29.8,39.4,409,151,180,1950,53.5,122.5,763,1843,41.4,530,1181,44.9,233,662,35.2,629,882,71.3,348,826,1174,374,10,660,5,0,2388,330,234,102,47.7,0.19,29.6,47.9
2014,20132014,227,Pennsylvania,Ivy,28,8,20,1135,60.3,408,96,163,1712,53.7,111.6,684,1518,45.1,544,1082,50.3,140,436,32.1,403,594,67.8,268,671,939,451,10,633,5,0,1911,539,321,73,49.7,0.26,28.5,39.1,371,114,209,1708,54.4,122.7,668,1580,42.3,458,1032,44.4,210,548,38.3,549,782,70.2,353,669,1022,359,8,520,1,0,2095,481,421,87,48.9,0.21,34.5,49.5
2014,20132014,228,Pepperdine,WCC,31,15,16,1255,60.0,428,134,148,1882,55.4,117.2,773,1701,45.4,576,1150,50.1,197,551,35.8,463,661,70.0,313,759,1072,379,4,584,1,0,2206,542,289,83,51.2,0.2,29.2,38.9,442,117,211,1883,53.8,119.3,787,1793,43.9,572,1207,47.4,215,586,36.7,458,675,67.9,356,708,1064,320,5,558,4,0,2247,524,354,112,49.9,0.17,33.5,37.6
2014,20132014,229,Pittsburgh,ACC,36,26,10,1505,58.7,563,107,254,2209,55.7,117.1,895,1944,46.0,712,1422,50.1,183,522,35.1,613,861,71.2,431,858,1289,373,7,620,1,0,2586,444,160,136,50.7,0.17,33.4,44.3,406,144,171,2209,51.3,100.9,771,1872,41.2,566,1244,45.5,205,628,32.6,482,682,70.7,350,727,1077,440,10,673,3,0,2229,306,126,78,46.7,0.2,32.5,36.4
2014,20132014,230,Portland,WCC,31,15,16,1300,57.0,472,128,184,1857,55.8,125.3,810,1778,45.6,619,1293,47.9,191,485,39.4,516,702,73.5,339,777,1116,366,3,620,2,0,2327,406,266,79,50.9,0.2,30.4,39.5,387,96,218,1851,53.9,120.6,747,1735,43.1,539,1172,46.0,208,563,36.9,531,761,69.8,322,716,1038,356,4,608,3,0,2233,362,293,59,49.0,0.19,31.0,43.9
2014,20132014,231,Portland State,Big Sky,32,17,15,1350,59.1,411,69,194,1989,56.8,116.6,802,1729,46.4,606,1186,51.1,196,543,36.1,520,711,73.1,285,694,979,366,4,616,10,0,2320,780,454,122,52.1,0.18,29.1,41.1,448,104,168,2001,56.8,115.5,815,1733,47.0,630,1231,51.2,185,502,36.9,496,688,72.1,333,749,1082,426,7,663,5,0,2311,812,394,133,52.4,0.21,30.8,39.7
2014,20132014,232,Prairie View A&M,SWAC,34,11,23,1455,24.3,362,89,243,884,51.4,267.2,813,1949,41.7,590,1298,45.5,223,651,34.3,513,791,64.9,403,761,1164,490,19,746,7,0,2362,136,139,28,47.4,0.55,34.6,40.6,474,140,232,881,56.4,297.7,883,1905,46.4,676,1308,51.7,207,597,34.7,650,956,68.0,438,884,1322,469,13,662,11,0,2623,168,185,38,51.8,0.53,33.1,50.2
2014,20132014,233,Presbyterian,Big South,32,6,26,1280,54.7,372,96,141,1746,53.5,119.8,772,1724,44.8,582,1186,49.1,190,538,35.3,358,529,67.7,241,734,975,397,7,494,1,0,2092,534,270,77,50.3,0.23,24.7,30.7,450,92,217,1752,56.4,139.6,907,1931,47.0,653,1252,52.2,254,679,37.4,377,539,69.9,372,812,1184,323,5,514,2,0,2445,597,415,99,53.5,0.18,31.4,27.9
2014,20132014,234,Princeton,Ivy,30,21,9,1260,49.9,431,109,189,1568,57.1,135.1,704,1592,44.2,426,818,52.1,278,774,35.9,432,599,72.1,252,731,983,335,8,508,2,0,2118,485,349,76,53.0,0.21,25.6,37.6,313,92,183,1574,52.5,122.7,679,1584,42.9,529,1122,47.1,150,462,32.5,423,577,73.3,249,730,979,370,5,551,2,0,1931,493,247,92,47.6,0.24,25.4,36.4
2014,20132014,235,Providence,Big East,35,23,12,1510,58.4,476,173,194,2203,54.6,116.5,849,1984,42.8,631,1356,46.5,218,628,34.7,650,831,78.2,432,846,1278,406,8,603,4,0,2566,444,260,64,48.3,0.18,33.8,41.9,426,112,202,2204,52.6,110.8,894,2021,44.2,706,1447,48.8,188,574,32.8,469,681,68.9,376,791,1167,385,4,690,2,0,2443,572,239,87,48.9,0.17,32.2,33.7
2014,20132014,236,Purdue,Big Ten,32,15,17,1340,61.9,419,168,179,2072,51.4,111.6,822,1926,42.7,646,1388,46.5,176,538,32.7,492,733,67.1,445,811,1256,393,4,662,2,0,2312,318,203,39,47.2,0.19,35.4,38.1,409,171,216,2073,52.6,110.6,771,1842,41.9,568,1219,46.6,203,623,32.6,548,772,71.0,357,786,1143,371,7,632,3,0,2293,228,184,45,47.4,0.18,31.2,41.9
2014,20132014,237,Purdue Fort Wayne,Summit,36,25,11,1455,58.4,524,90,245,2120,59.4,130.8,975,1979,49.3,690,1253,55.1,285,726,39.3,539,813,66.3,377,838,1215,440,6,602,2,0,2774,714,430,124,56.5,0.21,31.0,41.1,445,104,205,2128,55.6,120.1,937,2020,46.4,709,1373,51.6,228,647,35.2,453,628,72.1,322,761,1083,439,9,698,2,0,2555,642,412,45,52.0,0.21,29.7,31.1
2014,20132014,238,Quinnipiac,MAAC,32,20,12,1310,64.9,404,147,115,2128,52.9,118.5,835,1968,42.4,662,1483,44.6,173,485,35.7,678,947,71.6,535,919,1454,402,8,623,7,0,2521,640,259,51,46.8,0.19,36.8,48.1,400,150,189,2121,52.4,115.4,869,2014,43.1,672,1446,46.5,197,568,34.7,513,730,70.3,348,729,1077,275,2,743,10,0,2448,798,418,162,48.0,0.13,32.3,36.2
2014,20132014,239,Radford,Big South,35,22,13,1415,55.1,460,128,247,1946,57.0,140.2,972,2035,47.8,751,1425,52.7,221,610,36.2,564,820,68.8,397,816,1213,383,9,662,3,0,2729,752,385,153,53.2,0.2,32.7,40.3,415,103,191,1949,55.9,133.4,925,1992,46.4,707,1417,49.9,218,575,37.9,532,760,70.0,377,811,1188,442,10,666,2,0,2600,644,305,99,51.9,0.23,31.7,38.2
2014,20132014,240,Rhode Island,A-10,32,14,18,1295,55.9,389,166,160,1812,52.9,119.7,755,1707,44.2,603,1233,48.9,152,474,32.1,509,779,65.3,358,801,1159,453,14,652,7,0,2169,684,312,130,48.7,0.25,30.9,45.6,336,137,230,1805,51.6,120.7,762,1775,42.9,619,1276,48.5,143,499,28.7,511,762,67.1,351,734,1085,374,8,648,5,0,2178,696,397,155,47.0,0.21,32.4,42.9
2014,20132014,241,Rice,CUSA,30,7,23,1255,56.8,414,57,140,1785,51.1,103.8,637,1582,40.3,400,849,47.1,237,733,32.3,342,526,65.0,233,738,971,394,3,569,4,0,1853,451,289,53,47.8,0.22,24.0,33.2,379,90,212,1779,53.9,117.1,691,1610,42.9,506,1071,47.2,185,539,34.3,516,732,70.5,312,820,1132,335,1,520,3,0,2083,545,383,88,48.7,0.19,27.6,45.5
2014,20132014,242,Richmond,A-10,33,19,14,1380,59.1,349,142,193,2041,52.4,107.6,750,1777,42.2,541,1128,48.0,209,649,32.2,487,728,66.9,304,770,1074,351,4,636,1,0,2196,444,328,97,48.1,0.17,28.3,41.0,342,116,177,2039,51.0,105.4,738,1791,41.2,571,1236,46.2,167,555,30.1,507,723,70.1,402,870,1272,433,12,651,2,0,2150,428,199,57,45.9,0.21,31.6,40.4
2014,20132014,243,Rider,MAAC,31,14,17,1290,59.6,377,89,188,1921,56.0,119.3,743,1704,43.6,506,1107,45.7,237,597,39.7,569,778,73.1,333,697,1030,409,9,623,2,0,2292,486,401,68,50.6,0.21,32.3,45.7,438,114,197,1921,58.4,123.6,801,1705,47.0,566,1094,51.7,235,611,38.5,537,746,72.0,322,736,1058,412,10,665,2,0,2374,551,349,96,53.9,0.21,30.4,43.8
2014,20132014,244,Robert Morris,NEC,36,22,14,1455,57.1,445,65,255,2078,54.9,124.8,890,2033,43.8,619,1330,46.5,271,703,38.5,542,745,72.8,384,821,1205,411,8,656,5,0,2593,438,374,113,50.4,0.2,31.9,36.6,523,147,193,2076,55.9,124.4,895,1978,45.2,636,1206,52.7,259,772,33.5,534,759,70.4,380,860,1240,462,9,631,6,0,2583,532,312,126,51.8,0.22,30.6,38.4
2014,20132014,245,Rutgers,American,33,12,21,1320,66.9,418,140,190,2208,52.3,106.3,823,1931,42.6,624,1338,46.6,199,593,33.6,502,711,70.6,399,770,1169,417,10,681,11,0,2347,404,200,128,47.8,0.19,34.1,36.8,456,117,218,2210,56.3,113.8,835,1868,44.7,597,1226,48.7,238,642,37.1,607,834,72.8,373,817,1190,400,2,661,4,0,2515,368,208,99,51.1,0.18,31.3,44.6
2014,20132014,246,SE Louisiana,Southland,30,12,18,1220,63.0,351,124,137,1924,54.9,108.4,714,1612,44.3,510,1052,48.5,204,560,36.4,453,650,69.7,256,702,958,363,2,593,11,0,2085,427,296,36,50.6,0.19,26.7,40.3,402,104,163,1916,54.4,113.4,756,1678,45.1,583,1171,49.8,173,507,34.1,487,721,67.5,344,744,1088,329,0,557,5,0,2172,488,369,56,50.2,0.17,31.6,43.0
2014,20132014,247,SIU Edwardsville,OVC,31,11,20,1255,61.8,435,94,212,1938,56.6,116.8,806,1715,47.0,583,1125,51.8,223,590,37.8,429,645,66.5,298,665,963,429,8,627,4,0,2264,648,380,112,53.5,0.22,30.9,37.6,446,94,207,1938,58.5,122.0,851,1713,49.7,667,1180,56.5,184,533,34.5,478,695,68.8,325,729,1054,433,3,582,2,0,2364,833,413,123,55.0,0.22,30.8,40.6
2014,20132014,248,SMU,American,37,27,10,1480,62.3,561,165,282,2295,56.8,114.5,937,1938,48.3,763,1479,51.6,174,459,37.9,579,848,68.3,402,931,1333,493,5,692,4,0,2627,236,156,32,52.8,0.21,30.2,43.8,434,139,287,2312,49.8,99.6,762,1977,38.5,514,1204,42.7,248,773,32.1,531,765,69.4,409,748,1157,518,11,739,4,0,2303,106,129,26,44.8,0.22,35.4,38.7
2014,20132014,249,Sacramento State,Big Sky,30,14,16,1230,58.2,402,42,158,1785,55.9,116.0,735,1598,46.0,552,1107,49.9,183,491,37.3,417,575,72.5,281,666,947,338,7,634,3,0,2070,512,354,56,51.7,0.19,29.7,36.0,397,80,158,1795,56.5,115.8,697,1514,46.0,527,1020,51.7,170,494,34.4,515,744,69.2,290,658,948,351,5,557,6,0,2079,632,338,86,51.7,0.2,30.6,49.1
2014,20132014,250,Sacred Heart,NEC,31,5,26,1275,44.5,388,65,166,1417,50.9,152.6,758,1836,41.3,561,1233,45.5,197,603,32.7,449,655,68.5,379,691,1070,378,3,618,3,0,2162,424,239,60,46.7,0.27,35.4,35.7,417,136,194,1417,57.5,167.8,797,1732,46.0,581,1100,52.8,216,632,34.2,568,765,74.2,341,792,1133,396,5,558,5,0,2378,364,226,77,52.3,0.28,30.1,44.2
2014,20132014,251,Saint Joseph's,A-10,34,24,10,1375,63.0,476,154,151,2162,57.1,112.5,840,1789,47.0,590,1129,52.3,250,660,37.9,503,780,64.5,326,892,1218,421,6,544,2,0,2433,516,266,109,53.9,0.19,26.8,43.6,459,81,224,2169,51.5,105.9,825,1966,42.0,594,1290,46.0,231,676,34.2,417,602,69.3,343,780,1123,344,5,649,2,0,2298,464,314,119,47.8,0.16,30.5,30.6
2014,20132014,252,Saint Louis,A-10,34,27,7,1405,63.6,482,138,253,2232,53.9,106.4,829,1869,44.4,639,1268,50.4,190,601,31.6,526,755,69.7,345,886,1231,431,6,597,3,0,2374,296,244,39,49.4,0.19,28.0,40.4,354,152,244,2234,48.6,94.2,755,1875,40.3,616,1394,44.2,139,481,28.9,456,665,68.6,354,828,1182,485,6,655,4,0,2105,287,217,55,44.0,0.22,29.9,35.5
2014,20132014,253,Saint Mary's,WCC,35,23,12,1415,62.6,430,117,203,2217,56.8,112.9,819,1818,45.0,573,1178,48.6,246,640,38.4,618,873,70.8,407,781,1188,409,8,678,3,0,2502,376,386,41,51.8,0.18,34.3,48.0,373,120,207,2213,54.1,103.6,805,1797,44.8,644,1320,48.8,161,477,33.8,521,732,71.2,327,719,1046,410,9,708,4,0,2292,343,303,39,49.3,0.19,31.3,40.7
2014,20132014,254,Saint Peter's,MAAC,31,14,17,1270,56.9,303,135,199,1807,51.1,108.5,659,1619,40.7,496,1103,45.0,163,516,31.6,480,682,70.4,329,724,1053,373,7,568,10,0,1961,388,279,64,45.7,0.21,31.2,42.1,353,100,176,1806,52.5,113.1,692,1649,42.0,505,1087,46.5,187,562,33.3,471,674,69.9,335,736,1071,360,5,613,6,0,2042,450,311,63,47.6,0.2,31.3,40.9
2014,20132014,255,Sam Houston,Southland,35,24,11,1440,55.8,550,122,236,2012,57.1,131.6,875,1893,46.2,625,1255,49.8,250,638,39.2,647,969,66.8,417,803,1220,447,2,746,8,0,2647,536,381,89,52.8,0.22,34.2,51.2,491,109,212,2005,54.7,121.2,806,1831,44.0,619,1279,48.4,187,552,33.9,632,886,71.3,368,787,1155,493,3,775,9,0,2431,464,360,70,49.1,0.25,31.9,48.4
2014,20132014,256,Samford,SoCon,33,13,20,1335,51.2,450,99,185,1705,55.5,136.5,849,1792,47.4,688,1304,52.8,161,488,33.0,468,692,67.6,299,759,1058,421,4,694,3,0,2327,494,308,108,51.9,0.25,28.3,38.6,466,133,203,1715,56.7,147.0,855,1847,46.3,630,1239,50.8,225,608,37.0,586,858,68.3,384,772,1156,385,5,615,3,0,2521,391,340,74,52.4,0.22,33.2,46.5
2014,20132014,257,San Diego State,Mountain West,36,31,5,1470,58.8,356,183,274,2162,52.6,117.0,873,2009,43.5,687,1490,46.1,186,519,35.8,598,902,66.3,470,894,1364,355,5,600,1,0,2530,54,164,8,48.1,0.16,34.5,44.9,357,151,154,2161,47.3,95.0,734,1904,38.6,560,1300,43.1,174,604,28.8,410,607,67.5,370,810,1180,490,15,705,1,0,2052,40,79,6,43.1,0.23,31.4,31.9
2014,20132014,258,San Diego,WCC,35,18,17,1400,35.7,410,138,202,1251,55.3,188.8,816,1815,45.0,591,1215,48.6,225,600,37.5,505,726,69.6,335,825,1160,415,5,652,2,0,2362,263,168,36,51.2,0.33,28.9,40.0,412,100,205,1248,52.7,182.9,796,1865,42.7,584,1241,47.1,212,624,34.0,479,685,69.9,360,783,1143,398,4,643,6,0,2283,306,247,44,48.4,0.32,31.5,36.7
2014,20132014,259,San Francisco,WCC,33,21,12,1380,46.1,479,85,177,1590,56.8,155.3,861,1819,47.3,637,1201,53.0,224,618,36.2,523,807,64.8,373,803,1176,381,2,644,9,0,2469,438,214,44,53.5,0.24,31.7,44.4,374,108,184,1591,54.6,148.1,804,1831,43.9,577,1182,48.8,227,649,35.0,522,745,70.1,339,745,1084,387,4,696,3,0,2357,378,241,46,50.1,0.24,31.3,40.7
2014,20132014,260,San José State,Mountain West,31,7,24,1265,62.5,346,86,133,1975,50.0,98.1,631,1686,37.4,366,889,41.2,265,797,33.2,411,569,72.2,321,785,1106,416,10,637,5,0,1938,384,235,32,45.3,0.21,29.0,33.7,414,118,204,1977,53.7,112.4,746,1729,43.1,536,1132,47.3,210,597,35.2,520,773,67.3,338,800,1138,303,8,511,5,0,2222,488,392,91,49.2,0.15,29.7,44.7
2014,20132014,261,Santa Clara,WCC,33,14,19,1335,44.9,403,137,200,1500,54.1,156.0,788,1853,42.5,540,1175,46.0,248,678,36.6,516,704,73.3,341,715,1056,329,1,663,5,0,2340,184,255,15,49.2,0.22,32.3,38.0,400,105,149,1499,55.5,155.1,798,1742,45.8,646,1316,49.1,152,426,35.7,577,800,72.1,349,824,1173,399,3,626,3,0,2325,280,204,32,50.2,0.27,29.8,45.9
2014,20132014,262,Seattle U,WAC,30,13,17,1225,63.1,394,91,192,1935,51.8,110.5,760,1798,42.3,538,1141,47.2,222,657,33.8,397,609,65.2,421,730,1151,419,10,662,4,0,2139,535,409,51,48.4,0.22,36.6,33.9,368,97,204,1928,54.0,109.9,688,1623,42.4,502,1072,46.8,186,551,33.8,557,773,72.1,312,682,994,390,7,542,2,0,2119,534,429,99,48.1,0.2,31.4,47.6
2014,20132014,263,Seton Hall,Big East,34,17,17,1415,48.8,452,93,226,1728,57.1,141.3,816,1797,45.4,564,1093,51.6,252,704,35.8,558,774,72.1,288,815,1103,415,13,675,3,0,2442,420,212,113,52.4,0.24,26.1,43.1,411,133,190,1728,54.9,137.4,811,1828,44.4,599,1221,49.1,212,607,34.9,541,761,71.1,322,801,1123,417,6,664,4,0,2375,376,176,75,50.2,0.24,28.7,41.6
2014,20132014,264,Siena,MAAC,38,20,18,1560,57.1,514,178,222,2223,51.4,118.5,908,2165,41.9,739,1649,44.8,169,516,32.8,650,903,72.0,525,904,1429,523,20,854,16,0,2635,680,419,126,45.8,0.24,36.7,41.7,408,203,260,2232,52.2,119.3,860,2078,41.4,642,1418,45.3,218,660,33.0,724,1070,67.7,484,842,1326,482,4,805,15,0,2662,594,459,82,46.6,0.22,36.5,51.5
2014,20132014,265,South Alabama,Sun Belt,31,11,20,1280,59.2,349,123,153,1893,51.5,112.7,715,1775,40.3,474,1051,45.1,241,724,33.3,463,679,68.2,379,776,1155,380,7,621,2,0,2134,326,336,74,47.1,0.2,32.8,38.3,353,113,161,1898,53.0,115.0,759,1750,43.4,579,1220,47.5,180,530,34.0,484,705,68.7,341,781,1122,356,7,574,4,0,2182,412,389,66,48.5,0.19,30.4,40.3
2014,20132014,266,South Carolina,SEC,34,14,20,1360,66.4,416,128,214,2253,52.2,103.1,765,1853,41.3,570,1337,42.6,195,516,37.8,598,847,70.6,468,734,1202,485,13,771,3,0,2323,382,274,103,46.5,0.22,38.9,45.7,421,165,255,2259,55.0,105.2,753,1729,43.6,558,1130,49.4,195,599,32.6,675,983,68.7,376,721,1097,454,6,718,6,0,2376,324,330,93,49.2,0.2,34.3,56.9
2014,20132014,267,South Carolina State,MEAC,30,9,21,1260,22.9,364,99,168,722,47.9,260.8,676,1708,39.6,528,1184,44.6,148,524,28.2,383,587,65.2,400,689,1089,452,9,577,8,0,1883,96,144,16,43.9,0.63,36.7,34.4,393,119,215,723,54.7,301.5,743,1675,44.4,548,1097,50.0,195,578,33.7,499,723,69.0,363,739,1102,372,4,544,6,0,2180,116,169,12,50.2,0.51,32.9,43.2
2014,20132014,268,South Carolina Upstate,ASUN,34,19,15,1410,52.0,526,118,227,1829,54.3,136.2,890,1966,45.3,680,1300,52.3,210,666,31.5,502,744,67.5,424,872,1296,413,6,619,4,0,2492,628,374,141,50.6,0.23,32.7,37.8,422,92,213,1840,52.4,127.7,782,1927,40.6,513,1140,45.0,269,787,34.2,516,711,72.6,379,776,1155,426,8,638,7,0,2349,482,347,87,47.6,0.23,32.8,36.9
2014,20132014,269,South Dakota,Summit,30,12,18,1215,59.4,381,113,163,1808,55.2,115.3,713,1613,44.2,522,1074,48.6,191,539,35.4,467,622,75.1,263,720,983,371,9,522,4,0,2084,572,318,155,50.1,0.21,26.8,38.6,390,98,185,1802,54.8,119.4,741,1688,43.9,521,1114,46.8,220,574,38.3,450,624,72.1,301,702,1003,329,5,534,4,0,2152,603,362,125,50.4,0.18,30.0,37.0
2014,20132014,270,South Dakota State,Summit,32,19,13,1280,53.6,421,102,174,1711,56.5,135.3,769,1719,44.7,560,1114,50.3,209,605,34.5,568,751,75.6,315,819,1134,381,4,561,2,0,2315,282,228,25,50.8,0.22,27.8,43.7,376,90,216,1717,54.6,128.0,773,1736,44.5,573,1176,48.7,200,560,35.7,452,631,71.6,239,723,962,353,5,666,8,0,2198,270,225,41,50.3,0.21,24.8,36.3
2014,20132014,271,South Florida,American,32,12,20,1315,59.1,402,118,186,1943,50.9,108.1,751,1729,43.4,654,1353,48.3,97,376,25.8,501,757,66.2,354,768,1122,411,7,566,3,0,2100,364,189,78,46.2,0.21,31.6,43.8,422,148,213,1946,53.8,116.3,809,1831,44.2,606,1282,47.3,203,549,37.0,443,621,71.3,358,766,1124,375,7,612,4,0,2264,364,147,53,49.7,0.19,31.9,33.9
2014,20132014,272,Southeast Missouri State,OVC,32,18,14,1330,36.2,533,136,228,1205,59.0,220.2,961,1924,49.9,743,1317,56.4,218,607,35.9,514,743,69.2,360,831,1191,418,3,641,8,0,2654,450,235,61,55.6,0.35,30.2,38.6,429,73,216,1203,56.2,209.0,839,1882,44.6,595,1228,48.5,244,654,37.3,592,802,73.8,331,732,1063,389,7,626,7,0,2514,330,222,41,51.1,0.32,31.1,42.6
2014,20132014,273,Southern Illinois,MVC,33,14,19,1335,54.2,330,70,237,1849,54.0,119.4,781,1717,45.5,633,1268,49.9,148,449,33.0,498,741,67.2,371,733,1104,404,14,632,6,0,2208,666,395,174,49.8,0.22,33.6,43.2,388,118,177,1767,57.3,125.0,712,1625,43.8,494,978,50.5,218,647,33.7,492,685,71.8,320,692,1012,401,6,624,3,0,2208,504,317,115,50.5,0.23,31.6,42.2
2014,20132014,274,Southern,SWAC,32,19,13,1310,40.1,402,151,192,1311,54.9,173.8,796,1767,45.0,618,1235,50.0,178,532,33.5,435,700,62.1,367,834,1201,412,8,666,6,0,2278,296,221,124,50.1,0.31,30.6,39.6,265,106,193,1316,49.3,152.4,619,1654,37.4,464,1129,41.1,155,525,29.5,564,862,65.4,348,743,1091,403,4,599,8,0,2006,191,188,35,42.1,0.31,31.9,52.1
2014,20132014,275,Southern Miss,CUSA,36,29,7,1455,57.1,507,74,294,2074,56.3,125.2,873,1884,46.3,672,1308,51.4,201,576,34.9,649,956,67.9,457,829,1286,481,9,743,2,0,2596,824,537,181,51.7,0.23,35.5,50.7,479,115,216,2079,54.1,109.7,747,1755,42.6,484,981,49.3,263,774,34.0,523,803,65.1,340,711,1051,564,19,749,8,0,2280,462,416,97,50.1,0.27,32.4,45.8
2014,20132014,276,Southern Utah,Big Sky,29,2,27,1175,55.8,313,94,129,1646,49.8,103.9,591,1462,40.4,460,1061,43.4,131,401,32.7,397,576,68.9,234,593,827,403,11,675,5,0,1710,414,254,71,44.9,0.24,28.3,39.4,331,86,199,1634,58.9,132.9,702,1470,47.8,544,1054,51.6,158,416,38.0,609,845,72.1,306,734,1040,321,2,539,1,0,2171,500,357,110,53.1,0.2,29.4,57.5
2014,20132014,277,St. Bonaventure,A-10,33,18,15,1320,47.2,443,139,230,1558,54.5,155.4,856,1881,45.5,701,1406,49.9,155,475,32.6,554,774,71.6,418,746,1164,422,8,668,4,0,2421,595,270,106,49.6,0.27,35.9,41.1,404,116,198,1556,55.5,148.7,778,1741,44.7,570,1155,49.4,208,586,35.5,549,783,70.1,347,728,1075,485,8,684,5,0,2313,492,216,135,50.7,0.31,32.3,45.0
2014,20132014,278,St. Francis (PA),NEC,31,10,21,1240,47.6,346,81,172,1475,52.8,129.9,645,1593,40.5,431,922,46.7,214,671,31.9,323,504,64.1,269,627,896,323,7,464,3,0,1916,465,268,71,47.2,0.22,30.0,31.6,329,107,158,1476,58.7,145.7,762,1618,47.1,581,1134,51.2,181,484,37.4,363,483,75.2,297,779,1076,336,6,491,2,0,2150,511,280,125,52.7,0.23,27.6,29.9
2014,20132014,279,St. John's,Big East,33,20,13,1375,56.4,434,248,224,1941,53.0,123.8,867,1948,44.5,703,1478,47.6,164,470,34.9,505,722,69.9,372,843,1215,353,1,623,8,0,2403,492,213,167,48.7,0.18,30.6,37.1,391,102,176,1935,51.4,115.5,761,1861,40.9,551,1253,44.0,210,608,34.5,502,709,70.8,375,825,1200,434,7,652,7,0,2234,418,205,85,46.5,0.22,31.3,38.1
2014,20132014,281,Stanford,Pac-12,36,23,13,1455,64.3,415,154,191,2338,56.0,111.9,896,1950,45.9,688,1379,49.9,208,571,36.4,616,877,70.2,347,910,1257,411,6,655,4,0,2616,404,246,59,51.3,0.18,27.6,45.0,479,89,196,2338,52.7,105.1,844,2006,42.1,607,1326,45.8,237,680,34.9,532,743,71.6,355,838,1193,413,7,746,1,0,2457,324,220,40,48.0,0.18,29.8,37.0
2014,20132014,282,Stephen F. Austin,Southland,35,32,3,1430,60.3,574,104,257,2160,56.8,123.2,922,1992,46.3,674,1274,52.9,248,718,34.5,569,800,71.1,451,735,1186,393,7,730,1,0,2661,578,627,129,52.5,0.18,38.0,40.2,361,122,180,2154,55.1,103.0,746,1643,45.4,598,1212,49.3,148,431,34.3,579,840,68.9,293,725,1018,555,2,710,10,0,2219,576,306,108,49.9,0.26,28.8,51.1
2014,20132014,283,Stetson,ASUN,31,7,24,1270,50.5,370,116,174,1611,50.8,118.9,683,1628,42.0,524,1087,48.2,159,541,29.4,391,590,66.3,293,632,925,383,1,529,3,0,1916,472,266,55,46.8,0.24,31.7,36.2,437,115,208,1598,57.3,140.9,786,1687,46.6,559,1081,51.7,227,606,37.5,453,633,71.6,363,763,1126,377,5,569,1,0,2252,492,334,80,53.3,0.24,32.2,37.5
2014,20132014,285,Stony Brook,Am. East,34,23,11,1385,59.0,434,108,200,2040,54.7,118.9,860,1900,45.3,676,1382,48.9,184,518,35.5,522,725,72.0,394,857,1251,426,7,647,5,0,2426,838,417,150,50.1,0.21,31.5,38.2,415,119,233,2044,53.1,110.2,744,1796,41.4,504,1069,47.1,240,727,33.0,525,740,70.9,313,746,1059,428,10,660,4,0,2253,605,378,99,48.1,0.21,29.6,41.2
2014,20132014,286,Syracuse,ACC,34,28,6,1390,57.9,402,171,271,2011,52.8,114.9,819,1873,43.7,652,1368,47.7,167,505,33.1,506,715,70.8,446,754,1200,306,7,546,2,0,2311,40,13,0,48.2,0.15,37.2,38.2,438,104,146,2015,51.9,99.9,685,1669,41.0,452,993,45.5,233,676,34.5,409,612,66.8,346,726,1072,454,26,601,2,0,2012,32,7,0,48.0,0.23,32.3,36.7
2014,20132014,287,TCU,Big 12,31,9,22,1240,57.8,354,100,185,1792,51.0,110.1,654,1623,40.3,508,1169,43.5,146,454,32.2,519,709,73.2,259,669,928,362,12,534,5,0,1973,238,152,52,44.8,0.2,27.9,43.7,494,109,174,1792,54.2,125.4,798,1795,44.5,593,1198,49.5,205,597,34.3,446,630,70.8,415,803,1218,386,4,621,3,0,2247,304,163,47,50.2,0.22,34.1,35.1
2014,20132014,289,Temple,American,31,9,22,1305,64.8,421,109,180,2152,52.0,106.5,828,1934,42.8,627,1340,46.8,201,594,33.8,434,614,70.7,383,719,1102,327,7,573,1,0,2291,346,150,68,48.0,0.15,34.8,31.7,441,152,174,2079,58.2,116.5,862,1796,48.0,674,1284,52.5,188,512,36.7,444,647,68.6,348,781,1129,335,6,531,4,0,2421,304,115,64,53.2,0.16,30.8,36.0
2014,20132014,290,Tennessee State,OVC,30,5,25,1215,63.2,314,84,163,1922,52.5,107.2,707,1647,42.9,560,1145,48.9,147,502,29.3,500,714,70.0,344,663,1007,371,4,641,6,0,2061,430,319,84,47.4,0.19,34.2,43.4,373,116,172,1919,57.5,118.0,744,1606,46.3,560,1061,52.8,184,545,33.8,593,823,72.1,319,710,1029,335,11,588,5,0,2265,458,354,83,52.1,0.17,31.0,51.2
2014,20132014,291,Tennessee Tech,OVC,33,17,16,1320,57.8,408,153,245,1904,54.8,124.8,822,1811,45.4,637,1246,51.1,185,565,32.7,547,808,67.7,412,757,1169,498,8,730,10,0,2376,631,371,109,50.5,0.26,35.2,44.6,396,86,242,1912,56.0,124.3,776,1727,44.9,587,1189,49.4,189,538,35.1,635,895,70.9,347,721,1068,470,12,651,6,0,2376,564,436,107,50.4,0.25,32.5,51.8
2014,20132014,292,Tennessee,SEC,37,24,13,1510,60.2,472,172,192,2275,55.1,117.5,927,2048,45.3,722,1417,51.0,205,631,32.5,613,852,71.9,501,923,1424,388,12,617,5,0,2672,506,185,93,50.3,0.17,35.2,41.6,376,134,194,2270,50.3,100.6,823,1991,41.3,631,1435,44.0,192,556,34.5,445,631,70.5,351,757,1108,399,14,730,2,0,2283,363,180,74,46.2,0.18,31.7,31.7
2014,20132014,293,Texas A&M,SEC,34,18,16,1425,60.4,439,130,218,2147,51.6,102.4,774,1821,42.5,577,1200,48.1,197,621,31.7,454,707,64.2,325,822,1147,386,8,609,5,0,2199,586,329,139,47.9,0.18,28.3,38.8,410,140,207,2153,50.2,99.2,724,1810,40.0,533,1146,46.5,191,664,28.8,496,720,68.9,386,856,1242,450,4,607,3,0,2135,472,298,124,45.3,0.21,31.1,39.8
2014,20132014,294,Texas A&M-Corpus Christi,Southland,34,18,16,1375,56.1,425,98,224,1933,55.6,121.6,837,1764,47.4,689,1359,50.7,148,405,36.5,528,797,66.2,377,758,1135,413,8,685,1,0,2350,656,407,100,51.6,0.21,33.2,45.2,430,140,192,1926,54.7,120.0,779,1759,44.3,578,1148,50.3,201,611,32.9,553,802,69.0,363,697,1060,405,1,678,1,0,2312,522,400,102,50.0,0.21,34.2,45.6
2014,20132014,295,Texas,Big 12,35,24,11,1415,67.5,452,206,199,2389,52.1,108.7,905,2095,43.2,727,1551,46.9,178,544,32.7,610,909,67.1,528,921,1449,426,8,669,5,0,2598,170,162,47,47.4,0.18,36.4,43.4,445,123,221,2385,51.4,103.8,819,2039,40.2,560,1304,42.9,259,735,35.2,578,835,69.2,399,804,1203,395,6,713,8,0,2475,76,136,27,46.5,0.17,33.2,41.0
2014,20132014,296,Texas Southern,SWAC,34,19,15,1400,32.7,476,124,155,1146,57.3,225.5,857,1854,46.2,640,1251,51.2,217,603,36.0,653,910,71.8,386,860,1246,454,9,561,12,0,2584,247,160,46,52.1,0.4,31.0,49.1,478,131,222,1145,53.6,219.4,936,2075,45.1,714,1459,48.9,222,616,36.0,418,607,68.9,386,755,1141,374,7,736,9,0,2512,240,182,44,50.5,0.33,33.8,29.3
2014,20132014,297,Texas State,Sun Belt,31,8,23,1255,48.5,344,87,182,1522,51.6,125.0,697,1604,43.5,552,1130,48.8,145,474,30.6,364,549,66.3,313,691,1004,425,9,561,7,0,1903,538,300,91,48.0,0.28,31.2,34.2,346,99,204,1520,55.9,134.7,692,1546,44.8,486,1026,47.4,206,520,39.6,457,647,70.6,269,689,958,381,7,512,4,0,2047,442,392,60,51.4,0.25,28.1,41.8
2014,20132014,298,Texas Tech,Big 12,32,14,18,1295,58.4,366,117,196,1894,54.5,115.6,783,1718,45.6,643,1268,50.7,140,450,31.1,484,665,72.8,377,677,1054,385,15,605,4,0,2190,281,167,39,49.7,0.2,35.8,38.7,356,114,193,1887,55.2,116.1,732,1675,43.7,526,1051,50.0,206,624,33.0,520,704,73.9,332,625,957,366,13,574,4,0,2190,176,152,31,49.9,0.19,34.7,42.0
2014,20132014,299,The Citadel,SoCon,33,7,26,1350,52.3,423,89,132,1766,55.4,125.2,736,1716,42.9,535,1152,46.4,201,564,35.6,460,636,72.3,276,778,1054,395,10,612,1,0,2211,376,257,39,48.7,0.22,26.2,37.1,411,114,187,1765,56.6,139.0,843,1862,45.3,619,1226,50.5,224,636,35.2,461,690,66.8,375,793,1168,333,4,590,3,0,2453,572,359,122,51.3,0.19,32.1,37.1
2014,20132014,300,Toledo,MAC,34,27,7,1390,65.0,509,101,231,2253,56.5,119.6,929,1995,46.6,736,1435,51.3,193,560,34.5,643,887,72.5,421,797,1218,346,2,593,3,0,2694,482,490,84,51.4,0.15,34.6,44.5,452,128,185,2264,55.7,110.0,897,1944,46.1,665,1285,51.8,232,659,35.2,464,666,69.7,364,773,1137,464,11,726,6,0,2490,530,325,95,52.1,0.2,32.0,34.3
2014,20132014,301,Towson,CAA,36,25,11,1455,55.7,355,177,147,2023,56.1,130.2,867,1910,45.4,654,1314,49.8,213,596,35.7,686,997,68.8,433,962,1395,415,6,711,7,0,2633,778,337,131,51.0,0.21,31.0,52.2,418,133,182,2030,50.2,122.0,857,2114,40.5,646,1443,44.8,211,671,31.4,550,805,68.3,441,766,1207,308,4,780,5,0,2477,684,353,137,45.5,0.15,36.5,38.1
2014,20132014,302,Troy,Sun Belt,31,11,20,1280,58.2,343,78,181,1859,52.6,114.1,703,1688,41.6,484,1043,46.4,219,645,34.0,496,750,66.1,371,724,1095,390,7,493,1,0,2121,504,350,67,48.1,0.21,33.9,44.4,432,96,178,1866,53.4,116.3,796,1791,44.4,604,1195,50.5,192,596,32.2,387,552,70.1,344,749,1093,372,7,643,5,0,2171,576,381,80,49.8,0.2,31.5,30.8
2014,20132014,303,Tulane,CUSA,34,17,17,1375,53.3,314,97,163,1827,52.9,118.4,694,1682,41.3,489,1097,44.6,205,585,35.0,571,823,69.4,352,796,1148,436,24,630,1,0,2164,562,379,143,47.4,0.24,30.7,48.9,481,118,225,1834,54.6,128.5,815,1839,44.3,581,1174,49.5,234,665,35.2,493,729,67.6,369,783,1152,360,5,688,6,0,2357,713,454,188,50.7,0.2,32.0,39.6
2014,20132014,304,Tulsa,CUSA,34,21,13,1390,61.5,427,127,232,2135,53.9,115.7,835,1899,44.0,638,1296,49.2,197,603,32.7,604,894,67.6,368,863,1231,393,3,725,7,0,2471,657,459,163,49.2,0.18,29.9,47.1,372,109,200,2140,52.0,107.4,741,1830,40.5,523,1210,43.2,218,620,35.2,599,869,68.9,363,851,1214,477,12,726,8,0,2299,486,293,99,46.4,0.22,29.9,47.5
2014,20132014,305,UAB,CUSA,31,18,13,1275,66.0,392,128,169,2101,50.2,107.9,800,1919,41.7,642,1394,46.1,158,525,30.1,508,772,65.8,508,873,1381,403,2,543,3,0,2266,824,287,81,45.8,0.19,36.8,40.2,399,127,215,2104,49.9,103.6,796,1927,41.3,596,1289,46.2,200,638,31.3,388,581,66.8,370,759,1129,345,12,617,6,0,2180,690,372,127,46.5,0.16,32.8,30.2
2014,20132014,306,UAlbany,Am. East,34,19,15,1395,54.7,376,101,184,1907,54.5,117.4,765,1733,44.1,602,1280,47.0,163,453,36.0,546,728,75.0,342,828,1170,428,8,580,3,0,2239,380,330,40,48.8,0.22,29.2,42.0,419,103,197,1908,52.2,113.9,775,1848,41.9,539,1172,46.0,236,676,34.9,388,537,72.3,329,731,1060,396,10,647,4,0,2174,338,344,48,48.3,0.21,31.0,29.1
2014,20132014,307,UC Davis,Big West,31,9,22,1310,57.3,372,70,159,1881,54.9,115.6,745,1701,43.8,500,1014,49.3,245,687,35.7,439,631,69.6,255,632,887,373,5,606,3,0,2174,420,439,86,51.0,0.2,28.7,37.1,490,107,182,1874,58.9,128.5,851,1754,48.5,637,1196,53.3,214,558,38.4,492,659,74.7,340,792,1132,386,4,576,3,0,2408,544,407,58,54.6,0.21,30.0,37.6
2014,20132014,308,UC Irvine,Big West,35,23,12,1445,57.9,546,224,195,2128,55.0,116.0,909,1932,47.0,712,1375,51.8,197,557,35.4,453,707,64.1,380,969,1349,443,6,644,7,0,2468,770,349,120,52.1,0.21,28.2,36.6,374,87,196,2057,49.3,108.5,725,1936,37.4,535,1362,39.3,190,574,33.1,527,739,71.3,390,785,1175,352,5,625,7,0,2231,455,340,64,42.4,0.17,33.2,38.2
2014,20132014,309,UC Riverside,Big West,31,10,21,1290,56.5,349,134,199,1826,52.3,115.9,740,1711,43.2,602,1254,48.0,138,457,30.2,499,711,70.2,320,731,1051,408,4,599,3,0,2117,456,330,68,47.3,0.22,30.4,41.6,397,114,206,1821,54.5,121.6,741,1716,43.2,544,1195,45.5,197,521,37.8,535,718,74.5,321,763,1084,383,4,587,2,0,2214,406,356,58,48.9,0.21,29.6,41.8
2014,20132014,311,UC Santa Barbara,Big West,30,21,9,1245,55.2,478,145,149,1712,57.4,124.8,731,1574,46.4,521,1028,50.7,210,546,38.5,465,657,70.8,306,753,1059,335,12,564,3,0,2137,270,271,24,53.1,0.2,28.9,41.7,399,67,144,1722,50.8,113.8,658,1645,40.0,443,1033,42.9,215,612,35.1,429,644,66.6,345,640,985,316,2,560,8,0,1960,244,242,40,46.5,0.18,35.0,39.1
2014,20132014,312,UCF,American,31,13,18,1290,61.2,389,137,213,1975,52.6,114.1,803,1831,43.9,588,1189,49.5,215,642,33.5,432,704,61.4,441,743,1184,424,11,556,6,0,2253,321,197,67,49.7,0.21,37.2,38.4,455,150,236,1975,54.3,115.5,835,1818,45.9,644,1270,50.7,191,548,34.9,420,644,65.2,358,727,1085,369,7,606,7,0,2281,294,207,48,51.2,0.19,33.0,35.4
2014,20132014,313,UCLA,Pac-12,37,28,9,1500,67.7,636,111,341,2536,58.5,118.4,1073,2196,48.9,844,1593,53.0,229,603,38.0,628,839,74.9,368,940,1308,379,3,652,0,0,3003,288,267,45,54.1,0.15,28.1,38.2,509,99,194,2540,53.5,102.5,898,2103,42.7,597,1229,48.6,301,874,34.4,507,750,67.6,377,868,1245,529,7,680,4,0,2604,272,139,28,49.9,0.21,30.3,35.7
2014,20132014,314,UConn,American,40,32,8,1630,61.5,488,230,281,2504,56.9,114.7,971,2162,44.9,684,1421,48.1,287,741,38.7,644,829,77.7,387,1009,1396,457,14,719,5,0,2873,182,79,12,51.5,0.18,27.7,38.3,454,127,228,2509,48.8,100.8,878,2241,39.2,637,1510,42.2,241,731,33.0,532,801,66.4,492,886,1378,518,13,731,3,0,2529,188,66,12,44.6,0.21,35.7,35.7
2014,20132014,315,UIC,Horizon,31,6,25,1240,48.5,346,55,171,1503,52.1,137.8,714,1696,42.1,542,1171,46.3,172,525,32.8,471,660,71.4,336,718,1054,389,8,672,11,0,2071,426,264,53,47.2,0.26,31.9,38.9,422,135,184,1506,57.4,149.3,752,1616,46.5,551,1091,50.5,201,525,38.3,543,780,69.6,282,755,1037,358,9,598,10,0,2248,470,327,113,52.8,0.24,27.2,48.3
2014,20132014,316,UL Monroe,Sun Belt,27,10,17,1130,50.2,341,94,154,1423,50.9,122.1,628,1470,42.7,485,1020,47.5,143,450,31.8,339,536,63.2,287,656,943,358,10,498,2,0,1738,360,205,63,47.6,0.25,30.4,36.5,343,108,193,1415,52.5,130.8,652,1516,43.0,475,973,48.8,177,543,32.6,370,562,65.8,297,647,944,296,7,470,1,0,1851,442,282,92,48.8,0.21,31.5,37.1
2014,20132014,317,UMBC,Am. East,30,9,21,1280,38.9,345,83,233,1247,51.5,157.8,651,1612,40.4,482,1064,45.3,169,548,30.8,445,679,65.5,332,651,983,429,7,680,12,0,1968,312,210,63,45.6,0.34,33.8,42.1,376,98,212,1244,59.2,175.6,654,1469,44.5,457,932,49.0,197,537,36.7,604,853,70.8,295,763,1058,446,3,589,2,0,2185,360,261,80,51.2,0.36,27.9,58.1
2014,20132014,318,UMass Lowell,Am. East,28,10,18,1135,56.7,335,73,166,1608,50.9,106.8,570,1447,39.4,378,859,44.0,192,588,32.7,386,548,70.4,268,610,878,376,15,517,3,0,1718,348,314,68,46.0,0.23,30.5,37.9,431,88,179,1607,53.9,120.6,692,1560,44.4,520,1024,50.8,172,536,32.1,382,538,71.0,337,679,1016,337,2,527,4,0,1938,506,343,104,49.9,0.21,33.2,34.5
2014,20132014,319,UNC Asheville,Big South,32,17,15,1310,62.0,402,191,207,2029,57.0,122.5,836,1832,45.6,613,1231,49.8,223,601,37.1,591,793,74.5,385,817,1202,438,11,612,9,0,2486,771,323,194,51.7,0.22,32.0,43.3,442,126,223,2029,53.6,119.5,838,1919,43.7,623,1307,47.7,215,612,35.1,533,773,69.0,405,701,1106,384,2,641,5,0,2424,755,403,166,49.3,0.19,36.6,40.3
2014,20132014,320,UNC Greensboro,SoCon,32,14,18,1310,58.6,380,75,180,1923,52.8,117.9,808,1835,44.0,641,1347,47.6,167,488,34.2,484,704,68.8,336,836,1172,447,3,681,9,0,2267,643,285,159,48.6,0.23,28.7,38.4,380,96,204,1913,54.4,124.0,798,1822,43.8,592,1210,48.9,206,612,33.7,571,812,70.3,319,803,1122,381,10,586,6,0,2373,604,389,152,49.5,0.2,28.4,44.6
2014,20132014,321,UNC Wilmington,CAA,32,9,23,1330,56.7,346,129,191,1885,47.9,107.1,741,1841,40.2,602,1332,45.2,139,509,27.3,397,606,65.5,390,758,1148,367,8,581,1,0,2018,440,306,104,44.0,0.19,34.0,32.9,373,127,221,1884,53.1,117.9,771,1775,43.4,562,1156,48.6,209,619,33.8,470,719,65.4,375,829,1204,362,6,537,4,0,2221,456,266,132,49.3,0.19,31.1,40.5
2014,20132014,322,UNLV,Mountain West,33,20,13,1350,54.6,437,213,160,1843,52.7,127.8,834,1905,43.8,639,1313,48.7,195,592,32.9,492,752,65.4,415,899,1314,367,5,520,3,0,2355,382,215,117,48.9,0.2,31.6,39.5,380,120,172,1841,47.9,117.5,817,2028,40.3,646,1462,44.2,171,566,30.2,359,522,68.8,404,797,1201,338,10,650,6,0,2164,380,231,78,44.5,0.18,33.6,25.7
2014,20132014,323,USC,Pac-12,32,11,21,1325,65.7,404,141,174,2179,52.3,103.6,801,1824,43.9,655,1323,49.5,146,501,29.1,510,761,67.0,354,831,1185,449,4,629,7,0,2258,741,250,168,47.9,0.21,29.9,41.7,473,133,237,2173,52.7,110.9,843,1962,43.0,625,1288,48.5,218,674,32.3,506,740,68.4,394,788,1182,359,17,600,1,0,2410,584,345,158,48.5,0.17,33.3,37.7
2014,20132014,324,UT Arlington,Sun Belt,32,15,17,1345,29.2,390,120,163,981,55.3,249.0,815,1865,43.7,556,1117,49.8,259,748,34.6,554,785,70.6,373,812,1185,430,7,634,5,0,2443,218,162,75,50.6,0.44,31.5,42.1,448,115,202,980,55.4,253.9,834,1898,43.9,545,1122,48.6,289,776,37.2,531,793,67.0,372,801,1173,392,7,638,3,0,2488,192,168,58,51.6,0.4,31.7,41.8
2014,20132014,325,UT Martin,OVC,31,8,23,1240,66.4,426,82,234,2061,53.0,111.8,792,1870,42.4,574,1234,46.5,218,636,34.3,502,692,72.5,350,632,982,361,6,654,8,0,2304,428,401,102,48.2,0.18,35.6,37.0,526,136,189,2055,61.9,122.9,872,1675,52.1,678,1159,58.5,194,516,37.6,588,829,70.9,300,829,1129,437,2,628,5,0,2526,476,431,115,57.9,0.21,26.6,49.5
2014,20132014,326,UT Rio Grande Valley,WAC,32,9,23,1345,60.2,400,75,224,2032,49.6,103.4,755,1828,41.3,600,1273,47.1,155,555,27.9,436,660,66.1,349,709,1058,391,5,663,7,0,2101,518,425,86,45.5,0.19,33.0,36.1,455,116,189,2019,55.1,112.0,755,1702,44.4,552,1080,51.1,203,622,32.6,549,801,68.5,366,839,1205,463,11,588,5,0,2262,570,349,103,50.3,0.23,30.4,47.1
2014,20132014,327,UTEP,CUSA,34,23,11,1380,44.4,458,138,170,1532,55.8,153.2,797,1714,46.5,646,1257,51.4,151,457,33.0,602,880,68.4,348,885,1233,451,14,618,8,0,2347,544,253,73,50.9,0.29,28.2,51.3,369,85,212,1535,47.8,140.2,738,1934,38.2,537,1253,42.9,201,681,29.5,475,719,66.1,443,734,1177,391,4,732,15,0,2152,406,266,61,43.4,0.25,37.6,37.2
2014,20132014,328,UTSA,CUSA,30,8,22,1215,65.0,316,55,181,1976,54.0,104.6,654,1545,42.3,473,998,47.4,181,547,33.1,577,836,69.0,360,678,1038,473,10,619,8,0,2066,589,355,94,48.2,0.24,34.7,54.1,443,136,221,1975,57.7,116.7,787,1675,47.0,548,1031,53.2,239,644,37.1,491,734,66.9,327,674,1001,356,6,651,7,0,2304,711,520,131,54.1,0.18,32.7,43.8
2014,20132014,329,Utah State,Mountain West,32,18,14,1310,61.3,510,116,110,2003,55.6,110.6,782,1732,45.2,562,1190,47.2,220,542,40.6,431,587,73.4,347,819,1166,353,5,565,3,0,2215,374,210,40,51.5,0.18,29.8,33.9,400,130,172,2011,51.9,106.0,756,1788,42.3,568,1187,47.9,188,601,31.3,432,601,71.9,292,687,979,251,6,545,3,0,2132,384,311,55,47.5,0.12,29.8,33.6
2014,20132014,331,Utah,Pac-12,33,21,12,1365,58.1,504,149,222,1981,59.0,125.1,869,1781,48.8,665,1200,55.4,204,581,35.1,537,723,74.3,299,863,1162,396,15,564,1,0,2479,560,292,139,54.5,0.2,25.7,40.6,340,105,201,1986,50.0,106.8,757,1841,41.1,578,1259,45.9,179,582,30.8,429,635,67.6,329,712,1041,416,5,643,3,0,2122,400,235,60,46.0,0.21,31.6,34.5
2014,20132014,332,Utah Valley,WAC,32,20,12,1295,54.9,453,89,159,1779,55.1,121.5,731,1676,43.6,523,1076,48.6,208,600,34.7,491,650,75.5,294,793,1087,355,6,536,6,0,2161,432,319,42,49.8,0.2,27.0,38.8,368,114,192,1778,51.9,117.7,757,1747,43.3,573,1174,48.8,184,573,32.1,395,614,64.3,319,729,1048,335,3,589,6,0,2093,500,307,67,48.6,0.19,30.4,35.1
2014,20132014,333,VCU,A-10,35,26,9,1450,54.3,459,150,391,1967,51.7,133.4,922,2196,42.0,662,1452,45.6,260,744,34.9,520,772,67.4,492,825,1317,428,8,686,0,0,2624,400,286,87,47.9,0.22,37.4,35.2,392,145,207,1970,52.0,115.8,808,1869,43.2,638,1308,48.8,170,561,30.3,496,742,66.8,368,916,1284,638,24,675,3,0,2282,392,156,63,47.8,0.32,28.7,39.7
2014,20132014,334,VMI,Big South,35,22,13,1460,65.7,491,218,254,2400,54.9,128.7,1088,2441,44.6,775,1479,52.4,313,962,32.5,600,842,71.3,503,949,1452,371,8,661,8,0,3089,1036,511,134,51.0,0.15,34.6,34.5,476,136,197,2398,52.7,120.6,1043,2377,43.9,823,1724,47.7,220,653,33.7,585,827,70.7,507,977,1484,451,4,676,2,0,2891,1015,349,164,48.5,0.19,34.2,34.8
2014,20132014,335,Valparaiso,Horizon,34,18,16,1385,61.4,437,173,190,2124,58.5,114.8,813,1738,46.8,580,1114,52.1,233,624,37.3,580,790,73.4,337,883,1220,506,6,706,6,0,2439,636,373,139,53.5,0.24,27.6,45.5,433,127,240,2125,50.4,107.4,755,1911,39.5,549,1287,42.7,206,624,33.0,567,804,70.5,388,690,1078,371,9,667,5,0,2283,530,455,126,44.9,0.17,36.0,42.1
2014,20132014,336,Vanderbilt,SEC,31,15,16,1270,63.1,404,138,145,2009,53.0,99.7,689,1598,43.1,498,999,49.8,191,599,31.9,433,658,65.8,305,764,1069,414,11,541,1,0,2002,248,218,43,49.1,0.21,28.5,41.2,347,113,217,1998,49.5,101.7,722,1777,40.6,541,1182,45.8,181,595,30.4,407,628,64.8,404,715,1119,331,2,555,2,0,2032,236,260,35,45.7,0.17,36.1,35.3
2014,20132014,337,Vermont,Am. East,33,22,11,1335,51.5,408,138,225,1715,59.9,136.1,756,1614,46.8,564,1135,49.7,192,479,40.1,554,759,73.0,315,773,1088,380,8,600,6,0,2334,531,370,58,52.8,0.22,29.0,47.0,306,113,179,1722,52.2,116.1,647,1629,39.7,469,1094,42.9,178,535,33.3,476,655,72.7,296,649,945,409,10,671,5,0,2000,384,262,38,45.2,0.24,31.3,40.2
2014,20132014,338,Villanova,Big East,34,29,5,1425,63.3,523,141,236,2253,58.1,117.7,870,1907,45.6,566,1052,53.8,304,855,35.6,607,848,71.6,379,884,1263,406,7,672,7,0,2651,128,79,27,53.6,0.18,30.0,44.5,413,78,193,2259,51.2,100.1,763,1886,40.5,543,1263,43.0,220,623,35.3,515,728,70.7,355,782,1137,468,8,692,6,0,2261,110,24,12,46.3,0.21,31.2,38.6
2014,20132014,339,Virginia,ACC,37,30,7,1495,58.1,484,150,193,2166,54.8,113.1,855,1884,45.4,649,1325,49.0,206,559,36.9,533,792,67.3,391,921,1312,370,4,594,4,0,2449,290,218,21,50.8,0.17,29.8,42.0,373,126,191,2177,48.1,94.6,727,1875,38.8,524,1246,42.1,203,629,32.3,403,609,66.2,321,764,1085,413,7,675,7,0,2060,236,121,15,44.2,0.19,29.6,32.5
2014,20132014,340,Virginia Tech,ACC,31,9,22,1275,62.1,338,141,101,1982,50.9,98.4,665,1639,40.6,450,1043,43.1,215,596,36.1,405,625,64.8,336,802,1138,392,11,524,2,0,1950,248,157,52,47.1,0.2,29.5,38.1,402,115,191,1977,50.6,105.1,721,1787,40.3,485,1064,45.6,236,723,32.6,399,599,66.6,335,724,1059,260,3,548,3,0,2077,304,257,65,47.0,0.13,31.6,33.5
2014,20132014,341,Wagner,NEC,31,19,12,1270,59.3,356,200,195,1881,51.6,117.9,776,1849,42.0,607,1344,45.2,169,505,33.5,496,679,73.0,404,818,1222,395,6,634,10,0,2217,654,329,193,46.5,0.21,33.1,36.7,317,125,196,1887,49.9,112.5,698,1783,39.1,526,1209,43.5,172,574,30.0,554,779,71.1,379,766,1145,406,12,571,3,0,2122,558,333,133,44.0,0.22,33.1,43.7
2014,20132014,342,Wake Forest,ACC,33,17,16,1335,58.0,440,132,181,1936,54.2,118.8,784,1740,45.1,618,1236,50.0,166,504,32.9,566,871,65.0,336,807,1143,410,7,636,8,0,2300,456,204,148,49.8,0.21,29.4,50.1,420,120,221,1937,52.0,120.9,819,1920,42.7,632,1324,47.7,187,596,31.4,516,748,69.0,412,775,1187,374,5,690,2,0,2341,459,228,109,47.5,0.19,34.7,39.0
2014,20132014,343,Washington,Pac-12,32,17,15,1300,65.5,427,92,172,2125,54.8,112.2,835,1871,44.6,648,1319,49.1,187,552,33.9,527,695,75.8,354,751,1105,365,8,618,1,0,2384,496,293,135,49.6,0.17,32.0,37.1,386,130,175,2133,55.9,112.0,858,1808,47.5,702,1318,53.3,156,490,31.8,518,749,69.2,309,747,1056,360,8,596,4,0,2390,482,274,122,51.8,0.17,29.3,41.4
2014,20132014,344,Washington State,Pac-12,31,10,21,1270,57.6,325,89,159,1824,51.0,106.0,654,1633,40.0,420,920,45.7,234,713,32.8,392,596,65.8,308,708,1016,355,12,565,1,0,1934,344,275,67,47.2,0.19,30.3,36.5,354,83,175,1834,55.5,113.5,709,1570,45.2,521,1059,49.2,188,511,36.8,475,695,68.3,268,773,1041,343,5,549,0,0,2081,484,304,85,51.1,0.19,25.7,44.3
2014,20132014,345,Weber State,Big Sky,31,19,12,1300,58.2,407,123,131,1890,60.0,119.3,732,1541,47.5,510,975,52.3,222,566,39.2,568,767,74.1,265,800,1065,382,2,558,4,0,2254,608,275,78,54.7,0.2,24.9,49.8,355,63,162,1891,50.8,109.0,753,1763,42.7,619,1360,45.5,134,403,33.3,421,599,70.3,311,652,963,291,0,623,2,0,2061,583,293,36,46.5,0.15,32.3,34.0
2014,20132014,347,West Virginia,Big 12,33,17,16,1350,64.5,432,99,206,2173,55.1,117.2,866,1973,43.9,608,1295,46.9,258,678,38.1,556,771,72.1,393,783,1176,324,5,684,3,1,2546,283,247,56,50.4,0.15,33.4,39.1,436,134,154,2184,54.6,110.9,837,1873,44.7,617,1235,50.0,220,638,34.5,528,780,67.7,377,819,1196,421,4,670,3,0,2422,295,127,43,50.6,0.19,31.5,41.6
2014,20132014,348,Western Carolina,SoCon,34,19,15,1420,50.5,415,165,248,1789,53.2,141.1,868,2042,42.5,620,1336,46.4,248,706,35.1,540,754,71.6,461,765,1226,414,5,759,4,0,2524,542,391,127,48.6,0.23,37.6,36.9,395,89,204,1795,55.9,137.5,799,1781,44.9,610,1215,50.2,189,566,33.4,682,970,70.3,359,814,1173,468,10,628,4,0,2469,585,302,108,50.2,0.26,30.6,54.5
2014,20132014,349,Western Illinois,Summit,30,10,20,1230,52.7,373,87,180,1625,53.8,113.1,667,1467,45.5,525,1049,50.0,142,418,34.0,362,545,66.4,238,676,914,400,6,553,5,0,1838,340,312,29,50.3,0.25,26.0,37.2,341,87,213,1618,53.2,116.2,625,1481,42.2,462,994,46.5,163,487,33.5,467,653,71.5,264,666,930,367,9,521,3,0,1880,308,362,40,47.7,0.23,28.4,44.1
2014,20132014,350,Western Kentucky,Sun Belt,32,20,12,1315,58.8,361,78,165,1929,52.3,113.8,732,1766,41.4,497,1068,46.5,235,698,33.7,495,755,65.6,400,769,1169,433,12,608,3,0,2196,472,400,57,48.1,0.22,34.2,42.8,340,140,220,1935,53.6,111.7,735,1701,43.2,555,1189,46.7,180,512,35.2,512,715,71.6,302,759,1061,417,12,629,6,0,2162,524,372,82,48.5,0.22,28.5,42.0
2014,20132014,351,Western Michigan,MAC,33,23,10,1380,58.3,376,111,194,2016,57.6,117.7,779,1684,46.3,584,1091,53.5,195,593,32.9,620,856,72.4,323,820,1143,464,12,602,5,0,2373,680,376,104,52.0,0.23,28.3,50.8,406,109,238,2010,51.5,111.2,773,1883,41.1,548,1155,47.4,225,728,30.9,464,651,71.3,385,698,1083,417,8,699,10,0,2235,564,392,95,47.0,0.21,35.5,34.6
2014,20132014,352,Wichita State,MVC,36,35,1,1455,62.0,491,184,247,2251,57.7,120.2,896,1941,46.2,646,1229,52.6,250,712,35.1,664,916,72.5,418,963,1381,374,13,611,1,0,2706,184,185,15,52.6,0.17,30.3,47.2,356,93,170,2259,48.5,94.8,746,1911,39.0,535,1227,43.6,211,684,30.8,438,674,65.0,339,776,1115,435,8,752,4,0,2141,150,101,8,44.6,0.19,30.4,35.3
2014,20132014,353,William & Mary,CAA,32,20,12,1295,59.5,447,104,177,1925,59.4,121.6,798,1676,47.6,517,971,53.2,281,705,39.9,463,667,69.4,250,744,994,331,4,519,1,0,2340,702,315,181,56.0,0.17,25.2,39.8,387,100,186,1928,55.5,118.3,835,1819,45.9,611,1221,50.0,224,598,37.5,387,537,72.1,323,759,1082,330,3,575,5,0,2281,769,336,152,52.1,0.17,29.9,29.5
2014,20132014,354,Winthrop,Big South,33,20,13,1385,59.3,378,89,211,2053,56.3,118.9,821,1843,44.5,549,1157,47.5,272,686,39.7,528,741,71.3,333,739,1072,412,8,649,7,0,2442,496,487,56,51.9,0.2,31.1,40.2,400,140,209,2051,56.3,114.8,812,1761,46.1,607,1194,50.8,205,567,36.2,526,750,70.1,325,802,1127,469,10,623,9,0,2355,575,375,92,51.9,0.23,28.8,42.6
2014,20132014,355,Wisconsin,Big Ten,38,30,8,1535,60.6,468,127,183,2324,58.3,120.2,927,2018,45.9,630,1228,51.3,297,790,37.6,642,861,74.6,337,929,1266,307,8,574,2,0,2793,258,48,2,53.3,0.13,26.6,42.7,364,105,161,2329,50.9,104.4,915,2134,42.9,731,1594,45.9,184,540,34.1,418,579,72.2,350,862,1212,370,3,763,4,0,2432,232,16,0,47.2,0.16,28.9,27.1
2014,20132014,356,Wofford,SoCon,33,20,13,1335,56.0,423,54,205,1870,53.4,117.9,808,1804,44.8,612,1260,48.6,196,544,36.0,393,592,66.4,352,738,1090,351,9,578,1,0,2205,675,403,156,50.2,0.19,32.3,32.8,326,111,184,1865,53.2,110.1,727,1642,44.3,574,1164,49.3,153,478,32.0,447,659,67.8,286,760,1046,424,8,557,1,0,2054,574,301,70,48.9,0.23,27.3,40.1
2014,20132014,357,Wright State,Horizon,36,21,15,1440,59.8,493,110,254,2151,56.8,112.5,817,1794,45.5,597,1185,50.4,220,609,36.1,565,766,73.8,263,798,1061,480,5,708,6,0,2419,576,462,114,51.7,0.22,24.8,42.7,384,116,212,2153,53.3,103.8,748,1762,42.5,554,1168,47.4,194,594,32.7,544,754,72.1,326,811,1137,574,10,698,10,0,2234,462,332,59,48.0,0.27,28.7,42.8
2014,20132014,358,Wyoming,Mountain West,33,18,15,1380,56.7,412,124,155,1958,58.0,108.8,724,1533,47.2,535,995,53.8,189,538,35.1,493,689,71.6,171,782,953,346,7,553,7,0,2130,476,314,68,53.4,0.18,17.9,44.9,312,82,138,1952,50.4,104.3,718,1768,40.6,522,1149,45.4,196,619,31.7,403,566,71.2,349,743,1092,343,6,636,12,0,2035,412,268,14,46.2,0.18,32.0,32.0
2014,20132014,359,Xavier,Big East,34,21,13,1390,60.8,497,97,196,2111,55.8,115.7,869,1850,47.0,695,1350,51.5,174,500,34.8,530,770,68.8,379,834,1213,421,13,674,10,0,2442,783,275,208,51.7,0.2,31.2,41.6,489,161,187,2118,53.3,109.3,797,1851,43.1,564,1190,47.4,233,661,35.2,489,732,66.8,335,734,1069,381,8,689,9,0,2316,536,280,134,49.4,0.18,31.3,39.5
2014,20132014,360,Yale,Ivy,33,19,14,1335,52.3,379,139,203,1751,52.6,126.2,721,1724,41.8,546,1192,45.8,175,532,32.9,592,854,69.3,398,781,1179,427,5,637,3,0,2209,466,310,75,46.9,0.24,33.8,49.5,377,124,221,1741,54.5,125.3,736,1697,43.4,519,1102,47.1,217,595,36.5,493,691,71.3,281,732,1013,400,15,704,7,0,2182,438,389,72,49.8,0.23,27.7,40.7
2014,20132014,361,Youngstown State,Horizon,32,15,17,1355,61.3,499,86,213,2074,57.3,118.7,836,1822,45.9,587,1110,52.9,249,712,35.0,540,736,73.4,297,768,1065,357,4,607,2,0,2461,703,468,205,52.7,0.17,27.9,40.4,447,75,191,2080,55.8,113.9,817,1799,45.4,608,1207,50.4,209,592,35.3,527,734,71.8,312,782,1094,423,4,622,7,1,2370,700,381,130,51.2,0.2,28.5,40.8
2014,20132014,363,Hartford,Am. East,33,17,16,1335,47.3,402,68,184,1576,58.0,137.2,731,1593,45.9,466,889,52.4,265,704,37.6,435,619,70.3,230,679,909,458,7,632,3,0,2162,455,324,73,54.2,0.29,25.3,38.9,357,79,214,1581,55.3,137.7,763,1665,45.8,581,1135,51.2,182,530,34.3,469,687,68.3,319,729,1048,430,8,636,6,0,2177,532,296,83,51.3,0.27,30.4,41.3
2014,20132014,364,St. Francis Brooklyn,NEC,32,18,14,1325,58.5,399,170,181,1933,52.5,114.2,781,1813,43.1,586,1194,49.1,195,619,31.5,450,659,68.3,383,806,1189,421,18,639,3,0,2207,516,334,47,48.5,0.22,32.2,36.3,339,105,199,1942,51.4,110.1,717,1748,41.0,563,1285,43.8,154,463,33.3,551,755,73.0,331,756,1087,396,8,585,3,0,2139,478,328,33,45.4,0.2,30.5,43.2
2014,20132014,367,Centenary (LA),,2,0,2,80,75.3,27,5,11,150,45.4,85.3,46,122,37.7,34,85,40.0,12,37,32.4,24,43,55.8,27,30,57,35,0,36,0,0,128,16,24,15,42.6,0.23,47.4,35.2,41,18,24,151,70.3,138.4,77,128,60.2,59,80,73.8,18,48,37.5,37,47,78.7,24,60,84,27,0,41,1,0,209,52,55,33,67.2,0.18,28.6,36.7
2014,20132014,380,Savannah State,MEAC,32,13,19,1325,44.5,334,157,223,1478,50.7,133.2,693,1653,41.9,536,1151,46.6,157,502,31.3,425,652,65.2,350,720,1070,502,6,671,9,0,1968,230,249,60,46.7,0.34,32.7,39.4,349,129,228,1473,51.5,139.6,673,1641,41.0,527,1169,45.1,146,472,30.9,565,808,69.9,380,745,1125,469,4,574,3,0,2057,208,197,37,45.5,0.32,33.8,49.2
2014,20132014,495,LaGrange,,1,0,1,40,84.0,9,0,10,84,38.1,82.1,24,77,31.2,18,51,35.3,6,26,23.1,15,31,48.4,20,25,45,14,0,24,0,0,69,0,12,0,35.1,0.17,44.4,40.3,18,5,9,84,62.2,121.4,39,71,54.9,31,51,60.8,8,20,40.0,16,25,64.0,12,39,51,14,0,24,1,0,102,0,23,0,60.6,0.17,23.5,35.2
2014,20132014,500,Washington College (MD),,2,0,2,80,40.8,27,4,13,82,41.9,129.3,37,112,33.0,25,74,33.8,12,38,31.6,20,33,60.6,23,26,49,45,0,43,0,0,106,24,8,2,38.4,0.55,46.9,29.5,36,12,25,81,68.4,243.2,67,119,56.3,47,78,60.3,20,41,48.8,43,57,75.4,30,56,86,37,1,37,1,0,197,58,42,16,64.7,0.46,34.9,47.9
2014,20132014,504,Houghton,,1,0,1,40,0.0,12,1,6,0,49.1,,19,48,39.6,11,24,45.8,8,24,33.3,5,9,55.6,7,22,29,21,0,19,0,0,51,0,0,0,47.9,,24.1,18.8,17,3,14,0,55.1,,30,62,48.4,26,44,59.1,4,18,22.2,16,24,66.7,16,25,41,11,0,9,0,0,80,0,0,0,51.6,,39.0,38.7
2014,20132014,506,Alice Lloyd College,,1,0,1,40,78.0,14,2,8,78,33.8,73.1,21,79,26.6,14,45,31.1,7,34,20.6,8,12,66.7,17,15,32,10,0,19,0,0,57,20,5,2,31.0,0.13,53.1,15.2,30,7,7,78,77.9,155.1,44,68,64.7,29,42,69.0,15,26,57.7,18,22,81.8,11,43,54,10,0,15,0,0,121,56,13,26,75.7,0.13,20.4,32.4
2014,20132014,509,Defiance,,1,0,1,40,61.0,10,1,1,61,53.6,108.2,19,51,37.3,13,28,46.4,6,23,26.1,22,24,91.7,10,24,34,9,0,17,1,0,66,0,3,0,43.1,0.15,29.4,47.1,23,3,7,61,66.9,142.6,30,54,55.6,21,34,61.8,9,20,45.0,18,25,72.0,5,23,28,3,0,21,0,0,87,0,14,0,63.9,0.05,17.9,46.3
2014,20132014,515,Mount Olive,,1,0,1,40,69.5,14,6,5,69,53.7,108.7,27,61,44.3,21,44,47.7,6,17,35.3,15,20,75.0,13,26,39,14,1,30,0,0,75,38,5,6,49.2,0.2,33.3,32.8,14,9,9,70,54.0,110.0,22,51,43.1,20,35,57.1,2,16,12.5,31,46,67.4,11,25,36,8,0,16,0,0,77,32,20,6,45.1,0.11,30.6,90.2
2014,20132014,517,Columbia International,,2,0,2,80,35.5,19,2,8,71,41.4,167.6,41,128,32.0,25,68,36.8,16,60,26.7,21,36,58.3,18,42,60,33,1,47,0,0,119,0,0,0,38.3,0.46,30.0,28.1,39,11,17,71,62.7,302.8,74,139,53.2,56,84,66.7,18,55,32.7,49,74,66.2,32,70,102,17,0,37,0,0,215,0,26,0,59.7,0.24,31.4,53.2
2014,20132014,519,NC Wesleyan,,2,0,2,80,0.0,18,2,11,0,39.6,,41,123,33.3,29,86,33.7,12,37,32.4,11,22,50.0,24,40,64,30,0,36,0,0,105,0,0,0,38.2,,37.5,17.9,42,7,20,0,63.2,,68,127,53.5,45,74,60.8,23,53,43.4,27,46,58.7,31,66,97,22,0,27,0,0,186,0,0,0,62.6,,32.0,36.2
2014,20132014,521,Trinity Baptist,,3,0,3,120,53.7,33,10,23,161,50.1,128.6,67,177,37.9,40,98,40.8,27,79,34.2,46,67,68.7,32,64,96,53,1,77,0,0,207,0,27,0,45.5,0.33,33.3,37.9,50,13,25,161,60.4,176.4,85,185,45.9,59,116,50.9,26,69,37.7,88,114,77.2,49,87,136,47,0,54,1,0,284,0,45,0,53.0,0.29,36.0,61.6
2014,20132014,524,Vermont State - Lyndon,,2,0,2,80,40.0,9,5,17,80,41.0,136.3,35,115,30.4,22,75,29.3,13,40,32.5,26,41,63.4,17,39,56,41,2,56,1,0,109,8,8,2,36.1,0.51,30.4,35.7,36,17,22,80,68.3,242.5,59,109,54.1,46,72,63.9,13,37,35.1,63,75,84.0,19,71,90,35,0,41,1,0,194,38,24,12,60.1,0.44,21.1,68.8
2014,20132014,526,Newberry,,2,0,2,80,82.5,28,5,15,167,54.9,101.8,56,138,40.6,29,63,46.0,27,75,36.0,31,38,81.6,23,38,61,34,0,47,1,0,170,54,40,10,50.4,0.2,37.7,27.5,41,8,21,163,63.2,129.4,76,141,53.9,61,99,61.6,15,42,35.7,44,59,74.6,35,59,94,31,0,39,2,0,211,112,47,26,59.2,0.19,37.2,41.8
2014,20132014,532,Mississippi College,,1,0,1,40,0.0,10,3,3,0,44.0,,23,61,37.7,18,40,45.0,5,21,23.8,10,19,52.6,8,26,34,11,2,29,1,0,61,0,0,0,41.8,,23.5,31.1,10,2,15,0,51.6,,28,64,43.8,24,54,44.4,4,10,40.0,27,46,58.7,3,26,29,9,1,18,1,0,87,0,0,0,46.9,,10.3,71.9
2014,20132014,533,Bob Jones,,1,0,1,40,73.5,15,1,5,73,53.6,91.8,26,59,44.1,17,30,56.7,9,29,31.0,6,8,75.0,4,24,28,15,1,22,0,0,67,16,9,4,51.7,0.21,14.3,13.6,15,2,8,74,52.0,127.0,35,78,44.9,30,57,52.6,5,21,23.8,19,28,67.9,25,31,56,8,0,11,0,0,94,50,19,10,48.1,0.11,44.6,35.9
2014,20132014,534,Dallas Christian,,1,0,1,40,72.5,5,3,6,73,51.1,94.5,23,57,40.4,19,40,47.5,4,17,23.5,19,24,79.2,11,15,26,17,0,16,0,0,69,30,12,6,43.9,0.23,42.3,42.1,22,2,10,72,71.5,150.0,39,68,57.4,25,38,65.8,14,30,46.7,16,17,94.1,15,27,42,13,0,22,0,0,108,44,18,12,67.6,0.18,35.7,25.0
2014,20132014,537,Louisiana Christian,,3,0,3,120,80.8,30,11,25,243,46.2,93.0,71,205,34.6,53,137,38.7,18,68,26.5,66,90,73.3,53,52,105,53,1,68,0,0,226,58,57,14,39.0,0.22,50.5,43.9,56,17,30,242,62.6,127.7,117,212,55.2,103,172,59.9,14,40,35.0,61,79,77.2,54,91,145,49,1,64,0,0,309,150,73,44,58.5,0.2,37.2,37.3
2014,20132014,538,Randolph College,,1,0,1,40,0.0,13,3,6,0,44.9,,21,56,37.5,14,36,38.9,7,20,35.0,4,7,57.1,7,15,22,12,0,18,0,0,53,0,0,0,43.8,,31.8,12.5,14,8,8,0,59.9,,27,53,50.9,23,39,59.0,4,14,28.6,16,20,80.0,9,28,37,14,0,14,0,0,74,0,0,0,54.7,,24.3,37.7
2014,20132014,540,Bethel (TN),,2,0,2,80,43.5,32,6,11,87,50.3,167.8,58,131,44.3,49,110,44.5,9,21,42.9,21,32,65.6,23,45,68,35,0,59,0,0,146,34,27,10,47.7,0.4,33.8,24.4,36,6,17,87,63.7,213.8,61,113,54.0,50,83,60.2,11,30,36.7,53,75,70.7,20,57,77,32,0,38,0,0,186,44,18,16,58.8,0.37,26.0,66.4
2014,20132014,545,St. Francis (IL),,1,0,1,40,66.0,9,4,5,66,33.4,62.1,16,60,26.7,9,36,25.0,7,24,29.2,2,3,66.7,11,18,29,15,1,17,0,0,41,0,0,0,32.5,0.23,37.9,5.0,21,10,6,66,65.7,137.9,34,60,56.7,23,40,57.5,11,20,55.0,12,21,57.1,13,33,46,9,0,9,0,0,91,0,0,0,65.8,0.14,28.3,35.0
2014,20132014,551,Trinity (TX),,1,0,1,40,0.0,14,3,4,0,47.3,,25,62,40.3,18,39,46.2,7,23,30.4,5,8,62.5,12,19,31,7,0,19,0,0,62,0,0,0,46.0,,38.7,12.9,16,4,6,0,57.3,,24,54,44.4,15,32,46.9,9,22,40.9,17,24,70.8,14,28,42,8,0,13,0,0,74,0,0,0,52.8,,33.3,44.4
2014,20132014,555,Fisk,,2,0,2,80,88.2,13,8,22,176,45.6,85.2,48,134,35.8,37,86,43.0,11,48,22.9,43,69,62.3,23,37,60,34,0,57,1,0,150,0,25,0,39.9,0.19,38.3,51.5,49,14,16,177,63.9,126.0,80,142,56.3,70,107,65.4,10,35,28.6,53,74,71.6,34,75,109,34,1,48,1,0,223,0,47,0,59.9,0.19,31.2,52.1
2014,20132014,557,Champion Christian,,4,0,4,160,54.6,28,6,19,219,32.1,69.4,55,210,26.2,42,156,26.9,13,54,24.1,29,61,47.5,19,72,91,86,2,66,0,0,152,12,12,2,29.3,0.39,20.9,29.0,90,18,58,218,64.7,198.6,172,294,58.5,140,220,63.6,32,74,43.2,57,92,62.0,71,157,228,42,1,63,0,0,433,128,80,53,63.9,0.19,31.1,31.3
2014,20132014,558,Western New Mexico,,2,0,2,80,67.0,15,4,21,134,36.3,63.4,30,103,29.1,23,73,31.5,7,30,23.3,18,32,56.3,14,34,48,27,0,47,1,0,85,0,26,0,32.5,0.2,29.2,31.1,28,6,20,134,59.5,114.2,46,99,46.5,33,56,58.9,13,43,30.2,48,67,71.6,30,66,96,34,1,36,0,0,153,0,31,0,53.0,0.25,31.3,67.7
2014,20132014,559,Howard Payne,,1,0,1,40,0.0,17,0,4,0,48.9,,23,61,37.7,10,25,40.0,13,36,36.1,5,10,50.0,7,23,30,24,0,22,0,0,64,0,0,0,48.4,,23.3,16.4,17,3,18,0,66.6,,40,71,56.3,27,39,69.2,13,32,40.6,18,28,64.3,13,34,47,19,0,14,0,0,111,0,0,0,65.5,,27.7,39.4
2014,20132014,560,William Carey,,2,0,2,80,38.0,20,6,11,76,44.6,140.8,41,108,38.0,34,81,42.0,7,27,25.9,18,27,66.7,22,40,62,49,1,46,0,0,107,0,12,0,41.2,0.64,35.5,25.0,35,10,23,76,61.0,230.3,69,122,56.6,55,92,59.8,14,30,46.7,23,49,46.9,28,51,79,28,3,31,0,0,175,0,18,0,62.3,0.37,35.4,40.2
2014,20132014,565,Hawai'i Hilo,,1,0,1,40,80.5,13,3,5,80,43.6,78.8,25,67,37.3,20,46,43.5,5,21,23.8,8,12,66.7,7,15,22,15,1,16,0,0,63,22,2,0,41.0,0.19,31.8,17.9,26,9,7,81,67.3,140.7,47,75,62.7,40,57,70.2,7,18,38.9,13,22,59.1,15,36,51,11,0,16,0,0,114,70,20,0,67.3,0.14,29.4,29.3
2014,20132014,569,Jessup University,,2,0,2,80,62.8,18,1,9,127,44.1,78.7,26,91,28.6,14,46,30.4,12,45,26.7,36,51,70.6,17,32,49,30,1,34,0,0,100,22,19,10,35.2,0.24,34.7,56.0,45,6,14,124,67.9,136.3,60,105,57.1,41,65,63.1,19,40,47.5,30,44,68.2,23,56,79,23,0,40,0,0,169,70,38,6,66.2,0.19,29.1,41.9
2014,20132014,571,San Francisco State,,1,0,1,40,63.5,10,0,7,64,42.3,78.1,18,52,34.6,11,31,35.5,7,21,33.3,7,16,43.8,6,17,23,10,0,15,0,0,50,20,7,4,41.3,0.16,26.1,30.8,14,3,3,63,56.9,127.0,30,65,46.2,18,31,58.1,12,34,35.3,8,12,66.7,19,32,51,12,0,12,0,0,80,34,15,6,55.4,0.19,37.3,18.5
2014,20132014,572,Colorado College,,1,0,1,40,76.0,9,1,2,76,45.9,75.0,18,52,34.6,12,34,35.3,6,18,33.3,15,23,65.2,4,18,22,17,0,15,0,0,57,0,16,0,40.4,0.22,18.2,44.2,17,4,13,76,65.3,126.3,39,66,59.1,30,50,60.0,9,16,56.3,9,17,52.9,11,35,46,15,0,22,0,0,96,0,23,0,65.9,0.2,23.9,25.8
2014,20132014,573,La Verne,,1,0,1,40,76.0,16,3,3,76,61.1,101.3,27,56,48.2,16,35,45.7,11,21,52.4,12,16,75.0,7,17,24,21,0,21,0,0,77,0,13,0,58.0,0.28,29.2,28.6,13,3,15,76,64.9,121.1,32,59,54.2,29,49,59.2,3,10,30.0,25,27,92.6,10,21,31,14,0,20,0,0,92,0,18,0,56.8,0.18,32.3,45.8
2014,20132014,575,Westminster (PA),,1,0,1,40,75.5,9,1,3,76,41.6,75.0,20,65,30.8,10,37,27.0,10,28,35.7,7,8,87.5,6,14,20,14,0,19,0,0,57,10,13,4,38.5,0.18,30.0,12.3,23,10,9,75,61.6,144.0,34,74,45.9,21,41,51.2,13,33,39.4,27,31,87.1,26,40,66,12,0,14,0,0,108,36,24,14,54.7,0.16,39.4,41.9
2014,20132014,577,Toccoa Falls,,2,0,2,80,37.0,14,1,7,74,47.7,170.3,47,117,40.2,37,80,46.3,10,37,27.0,22,34,64.7,18,52,70,34,0,28,0,0,126,14,6,0,44.4,0.46,25.7,29.1,39,11,23,74,59.3,256.8,68,143,47.6,38,82,46.3,30,61,49.2,24,39,61.5,33,58,91,18,0,34,0,0,190,42,37,20,58.0,0.24,36.3,27.3
2014,20132014,579,Maine-Fort Kent,,1,0,1,40,66.5,10,0,5,66,46.7,68.2,13,42,31.0,6,21,28.6,7,21,33.3,12,14,85.7,2,16,18,19,1,15,0,0,45,4,11,0,39.3,0.29,11.1,33.3,18,2,8,67,63.6,125.4,34,59,57.6,29,43,67.4,5,16,31.3,11,16,68.8,12,27,39,13,0,16,0,0,84,56,23,17,61.9,0.19,30.8,27.1
2014,20132014,584,Virginia-Lynchburg,,1,0,1,40,89.0,13,2,11,89,42.3,87.6,31,82,37.8,28,70,40.0,3,12,25.0,13,23,56.5,25,28,53,21,0,18,0,0,78,48,18,6,39.6,0.24,47.2,28.0,18,11,17,89,53.7,123.6,41,91,45.1,30,44,68.2,11,47,23.4,17,26,65.4,28,31,59,14,0,18,0,0,110,52,29,4,51.1,0.16,47.5,28.6
2014,20132014,587,St. Andrews,,4,0,4,175,41.0,37,7,16,180,50.2,114.4,79,188,42.0,58,121,47.9,21,67,31.3,27,39,69.2,32,67,99,68,5,75,4,0,206,0,25,0,47.6,0.38,32.3,20.7,82,12,30,179,65.8,190.5,117,217,53.9,75,115,65.2,42,102,41.2,65,96,67.7,53,85,138,39,0,46,0,0,341,0,68,0,63.6,0.22,38.4,44.2
2014,20132014,588,Earlham College,,1,0,1,40,83.5,6,1,7,83,37.6,59.0,19,63,30.2,11,29,37.9,8,34,23.5,3,5,60.0,9,30,39,25,1,18,0,0,49,0,0,0,36.5,0.3,23.1,7.9,29,9,22,84,59.9,121.4,40,75,53.3,33,57,57.9,7,18,38.9,15,23,65.2,10,36,46,9,0,12,0,0,102,0,0,0,58.0,0.11,21.7,30.7
2014,20132014,592,Bethesda University,,2,0,2,80,29.5,19,5,8,59,34.8,132.2,32,108,29.6,21,72,29.2,11,36,30.6,3,9,33.3,19,37,56,31,3,37,0,0,78,0,0,0,34.7,0.53,33.9,8.3,31,12,15,59,61.0,274.6,53,110,48.2,39,65,60.0,14,45,31.1,42,52,80.8,24,58,82,15,0,19,0,0,162,0,0,0,54.5,0.25,29.3,47.3
2014,20132014,594,Oakwood,,1,0,1,40,0.0,0,0,0,0,,,0,0,,0,0,,0,0,,0,0,,0,0,0,0,0,0,0,0,58,0,0,0,,,,,0,0,0,0,,,0,0,,0,0,,0,0,,0,0,,0,0,0,0,0,0,0,0,70,0,0,0,,,,
2014,20132014,597,Eureka,,1,0,1,40,64.0,8,3,10,64,47.0,81.3,20,50,40.0,16,36,44.4,4,14,28.6,8,12,66.7,6,14,20,14,0,17,0,0,52,16,17,8,44.0,0.22,30.0,24.0,22,6,10,64,62.2,123.4,34,56,60.7,29,46,63.0,5,10,50.0,6,17,35.3,13,26,39,15,0,12,0,0,79,42,17,6,65.2,0.23,33.3,30.4
2014,20132014,604,Wayland Baptist,,1,0,1,40,78.5,9,6,5,78,49.4,98.7,27,67,40.3,20,43,46.5,7,24,29.2,16,25,64.0,12,26,38,11,0,26,0,0,77,28,13,9,45.5,0.14,31.6,37.3,11,3,6,79,52.2,102.5,30,64,46.9,30,55,54.5,0,9,0.0,21,31,67.7,12,32,44,10,0,21,0,0,81,36,8,12,46.9,0.13,27.3,48.4
2014,20132014,605,Evergreen State,,4,0,4,160,57.5,45,8,12,229,42.3,100.4,86,250,34.4,59,144,41.0,27,106,25.5,31,50,62.0,30,78,108,72,0,101,0,0,230,12,25,3,39.8,0.31,27.8,20.0,75,14,51,231,61.2,184.0,147,280,52.5,126,223,56.5,21,57,36.8,110,153,71.9,77,146,223,43,0,66,0,0,425,60,59,10,56.3,0.19,34.5,54.6
2014,20132014,606,Siena Heights,,1,0,1,40,68.0,7,4,6,68,35.1,69.1,15,59,25.4,10,30,33.3,5,29,17.2,12,18,66.7,15,16,31,17,0,18,0,0,47,0,0,0,29.7,0.25,48.4,30.5,20,2,12,68,59.9,122.1,27,60,45.0,18,37,48.6,9,23,39.1,20,21,95.2,16,32,48,12,0,19,0,0,83,0,0,0,52.5,0.18,33.3,35.0
2014,20132014,607,Southwestern (TX),,1,0,1,40,0.0,8,1,9,0,42.3,,19,62,30.6,14,39,35.9,5,23,21.7,18,23,78.3,8,19,27,9,0,25,0,0,61,0,0,0,34.7,,29.6,37.1,4,2,3,0,63.9,,25,49,51.0,19,36,52.8,6,13,46.2,24,31,77.4,9,34,43,18,0,24,0,0,80,0,0,0,57.1,,20.9,63.3
2014,20132014,612,Missouri S&T,,1,0,1,40,41.0,0,0,0,0,,,0,0,,0,0,,0,0,,0,0,,0,0,0,0,0,0,0,0,74,0,0,0,,,,,13,2,5,82,62.6,117.1,35,60,58.3,32,51,62.7,3,9,33.3,23,38,60.5,18,26,44,21,1,27,0,0,96,60,26,14,60.8,0.26,40.9,63.3
2014,20132014,615,McMurry,,2,1,1,80,74.3,28,4,11,149,44.3,86.6,43,122,35.2,32,85,37.6,11,37,29.7,32,54,59.3,26,58,84,27,0,52,0,0,129,0,22,0,39.8,0.18,31.0,44.3,27,9,15,148,56.2,104.1,46,105,43.8,31,65,47.7,15,40,37.5,47,73,64.4,19,63,82,27,0,38,0,0,154,0,26,0,51.0,0.18,23.2,69.5
2014,20132014,616,Concordia-Ann Arbor,,1,0,1,40,0.0,8,4,6,0,43.9,,14,49,28.6,6,24,25.0,8,25,32.0,14,18,77.8,12,24,36,30,2,32,0,0,50,0,0,0,36.7,,33.3,36.7,18,9,14,0,64.2,,31,56,55.4,24,45,53.3,7,11,63.6,26,41,63.4,12,25,37,12,0,20,0,0,95,0,0,0,61.6,,32.4,73.2
2014,20132014,621,Brescia,,4,0,4,160,55.5,49,5,25,223,51.3,115.7,92,222,41.4,63,144,43.8,29,78,37.2,45,67,67.2,37,69,106,79,1,97,0,0,258,26,25,2,48.0,0.35,34.9,30.2,77,23,56,221,67.8,179.6,135,236,57.2,103,155,66.5,32,81,39.5,95,129,73.6,51,101,152,46,0,61,0,0,397,46,88,10,64.0,0.21,33.6,54.7
2014,20132014,626,Bluefield University,,2,0,2,80,70.3,27,6,14,141,44.9,89.4,45,127,35.4,30,77,39.0,15,50,30.0,21,30,70.0,20,31,51,21,0,31,0,0,126,21,17,9,41.3,0.15,39.2,23.6,45,13,9,140,68.6,135.0,74,122,60.7,58,81,71.6,16,41,39.0,25,36,69.4,22,68,90,22,0,33,0,0,189,62,35,10,67.2,0.16,24.4,29.5
2014,20132014,629,Menlo,,1,0,1,40,71.0,11,2,6,71,59.3,102.8,27,55,49.1,20,39,51.3,7,16,43.8,12,15,80.0,5,21,26,14,0,24,0,0,73,0,20,0,55.5,0.2,19.2,27.3,15,4,7,71,54.2,118.3,32,67,47.8,29,55,52.7,3,12,25.0,17,24,70.8,20,26,46,14,0,19,0,0,84,0,14,0,50.0,0.2,43.5,35.8
2014,20132014,630,Dillard,,3,0,3,120,31.7,30,6,13,95,45.3,197.9,73,186,39.2,59,142,41.5,14,44,31.8,28,49,57.1,31,64,95,38,1,66,1,0,188,0,9,0,43.0,0.4,32.6,26.3,44,14,22,95,58.5,294.7,99,193,51.3,84,140,60.0,15,53,28.3,67,105,63.8,46,80,126,22,0,44,1,0,280,0,16,0,55.2,0.23,36.5,54.4
2014,20132014,632,Voorhees,,1,0,1,40,0.0,8,1,4,0,47.8,,27,69,39.1,20,41,48.8,7,28,25.0,13,19,68.4,16,28,44,12,0,27,0,0,74,0,0,0,44.2,,36.4,27.5,14,7,9,0,54.9,,30,66,45.5,25,50,50.0,5,16,31.3,23,32,71.9,12,29,41,10,0,17,0,0,88,0,0,0,49.2,,29.3,48.5
2014,20132014,635,Taylor,,1,0,1,40,68.0,13,3,10,68,42.5,77.9,22,58,37.9,20,45,44.4,2,13,15.4,7,10,70.0,5,20,25,11,0,17,0,0,53,0,16,0,39.7,0.16,20.0,17.2,17,2,6,68,50.7,107.4,25,61,41.0,19,37,51.4,6,24,25.0,17,25,68.0,20,33,53,16,1,12,0,0,73,0,15,0,45.9,0.24,37.7,41.0
2014,20132014,645,Gwynedd-Mercy,,1,0,1,40,0.0,10,1,5,0,50.4,,17,51,33.3,11,29,37.9,6,22,27.3,26,33,78.8,19,21,40,16,3,24,0,0,66,0,0,0,39.2,,47.5,64.7,14,10,3,0,62.2,,27,54,50.0,17,33,51.5,10,21,47.6,19,29,65.5,12,18,30,11,2,25,0,0,83,0,0,0,59.3,,40.0,53.7
2014,20132014,648,LeTourneau,,1,0,1,40,0.0,16,3,10,0,38.7,,31,92,33.7,26,64,40.6,5,28,17.9,9,14,64.3,32,32,64,25,0,27,0,0,76,0,0,0,36.4,,50.0,15.2,12,15,16,0,49.3,,31,78,39.7,31,61,50.8,0,17,0.0,30,35,85.7,18,32,50,18,0,19,0,0,92,0,0,0,39.7,,36.0,44.9
2014,20132014,650,Loyola New Orleans,,2,0,2,80,34.3,9,5,11,69,42.5,160.9,35,109,32.1,29,88,33.0,6,21,28.6,35,49,71.4,22,49,71,32,0,32,1,0,111,22,8,0,34.9,0.46,31.0,45.0,43,10,15,68,54.4,251.5,72,144,50.0,59,109,54.1,13,35,37.1,14,30,46.7,34,59,93,21,0,37,1,0,171,60,24,18,54.5,0.31,36.6,20.8
2014,20132014,651,Campbellsville,,2,0,2,80,67.8,22,11,6,137,45.5,89.8,47,125,37.6,33,72,45.8,14,53,26.4,15,23,65.2,19,46,65,21,0,41,0,0,123,33,11,5,43.2,0.15,29.2,18.4,29,9,10,134,52.7,112.7,56,123,45.5,48,89,53.9,8,34,23.5,31,46,67.4,27,63,90,18,0,30,0,0,151,40,29,12,48.8,0.13,30.0,37.4
2014,20132014,652,Colorado Christian,,2,0,2,80,76.3,18,3,19,154,43.4,81.2,38,122,31.1,26,78,33.3,12,44,27.3,37,50,74.0,21,36,57,30,1,43,0,0,125,18,22,2,36.1,0.19,36.8,41.0,38,11,14,151,64.0,116.6,67,116,57.8,57,85,67.1,10,31,32.3,32,49,65.3,22,72,94,38,0,46,1,0,176,44,33,4,62.1,0.25,23.4,42.2
2014,20132014,657,Truett-McConnell,,1,0,1,40,64.0,11,4,5,64,55.3,84.4,19,44,43.2,12,25,48.0,7,19,36.8,9,11,81.8,10,18,28,24,0,16,0,0,54,0,8,0,51.1,0.38,35.7,25.0,12,5,15,64,60.0,114.1,26,52,50.0,18,30,60.0,8,22,36.4,13,20,65.0,11,16,27,14,0,18,0,0,73,0,30,0,57.7,0.22,40.7,38.5
2014,20132014,659,Tusculum,,2,0,2,80,70.0,28,4,6,140,50.0,98.6,44,119,37.0,26,70,37.1,18,49,36.7,32,43,74.4,25,33,58,27,0,40,1,0,138,10,19,0,44.5,0.19,43.1,36.1,48,13,13,140,69.2,147.1,70,126,55.6,47,74,63.5,23,52,44.2,43,52,82.7,28,54,82,18,0,33,0,0,206,48,46,15,64.7,0.13,34.1,41.3
2014,20132014,660,Crowley's Ridge,,2,0,2,80,74.5,19,6,17,148,44.1,73.6,37,106,34.9,31,82,37.8,6,24,25.0,29,40,72.5,20,44,64,43,0,35,0,0,109,24,27,0,37.7,0.29,31.3,37.7,38,7,24,150,55.1,101.3,57,116,49.1,50,86,58.1,7,30,23.3,31,50,62.0,26,54,80,34,0,35,1,0,152,44,45,16,52.2,0.23,32.5,43.1
2014,20132014,661,Randall University,,2,0,2,80,78.5,16,3,10,157,39.2,68.2,34,121,28.1,24,75,32.0,10,46,21.7,29,35,82.9,22,39,61,40,0,36,0,0,107,0,13,0,32.2,0.25,36.1,28.9,54,14,28,157,63.3,133.1,82,148,55.4,58,99,58.6,24,49,49.0,21,39,53.8,32,69,101,25,0,35,0,0,209,0,55,0,63.5,0.16,31.7,26.4
2014,20132014,662,Westminster (UT),,1,0,1,40,67.5,11,3,9,67,47.7,98.5,22,60,36.7,14,39,35.9,8,21,38.1,14,21,66.7,13,22,35,9,1,24,0,0,66,0,16,0,43.3,0.13,37.1,35.0,10,5,5,68,57.4,107.4,20,50,40.0,12,31,38.7,8,19,42.1,25,31,80.6,11,29,40,14,0,17,0,0,73,0,8,0,48.0,0.21,27.5,62.0
2014,20132014,665,North Greenville,,3,0,3,120,50.5,24,10,10,152,45.9,121.1,67,184,36.4,43,109,39.4,24,75,32.0,26,37,70.3,31,88,119,57,1,69,2,0,184,24,19,2,42.9,0.38,26.1,20.1,56,13,31,151,53.6,168.9,92,207,44.4,69,137,50.4,23,70,32.9,48,70,68.6,40,89,129,27,1,50,1,0,255,32,45,6,50.0,0.18,31.0,33.8
2014,20132014,666,Florida National,,1,0,1,40,80.0,14,3,10,80,49.3,75.0,20,52,38.5,13,37,35.1,7,15,46.7,13,20,65.0,7,24,31,24,0,23,0,0,60,0,18,0,45.2,0.3,22.6,38.5,20,11,9,80,61.3,108.8,29,60,48.3,19,37,51.4,10,23,43.5,19,25,76.0,11,30,41,19,0,18,0,0,87,0,30,0,56.7,0.24,26.8,41.7
2014,20132014,668,Ecclesia,,1,0,1,40,0.0,9,2,8,0,54.0,,26,62,41.9,17,43,39.5,9,19,47.4,16,21,76.2,8,25,33,28,0,20,0,0,77,0,0,0,49.2,,24.2,33.9,26,5,20,0,60.2,,50,89,56.2,45,68,66.2,5,21,23.8,16,26,61.5,19,30,49,9,0,19,1,0,121,0,0,0,59.0,,38.8,29.2
2014,20132014,670,La Sierra,,3,0,3,120,50.3,38,4,22,151,52.6,147.7,73,180,40.6,49,115,42.6,24,65,36.9,53,73,72.6,28,58,86,38,1,66,1,0,223,28,37,16,47.2,0.25,32.6,40.6,74,18,29,151,61.4,194.7,104,197,52.8,84,143,58.7,20,54,37.0,66,96,68.8,50,88,138,32,0,58,0,0,294,54,26,14,57.9,0.21,36.2,48.7
2014,20132014,680,Haskell,,1,0,1,40,71.0,7,2,7,71,52.5,90.1,23,50,46.0,20,39,51.3,3,11,27.3,15,25,60.0,9,14,23,17,0,17,0,0,64,0,13,0,49.0,0.24,39.1,50.0,22,3,9,71,67.5,145.1,37,67,55.2,27,48,56.3,10,19,52.6,19,21,90.5,17,21,38,12,0,21,0,0,103,0,27,0,62.7,0.17,44.7,31.3
2014,20132014,684,Auburn-Montgomery,,1,0,1,40,73.0,6,2,12,73,39.8,69.9,18,57,31.6,13,39,33.3,5,18,27.8,10,16,62.5,9,26,35,20,0,14,0,0,51,0,16,0,36.0,0.27,25.7,28.1,19,4,9,73,51.1,106.8,32,71,45.1,24,48,50.0,8,23,34.8,6,12,50.0,17,31,48,15,0,12,0,0,78,0,30,0,50.7,0.21,35.4,16.9
2014,20132014,686,Spring Hill,,2,0,2,80,32.8,17,2,8,66,43.1,160.6,37,104,35.6,27,70,38.6,10,34,29.4,22,43,51.2,21,41,62,32,0,40,0,0,106,0,7,0,40.4,0.48,33.9,41.3,24,11,19,65,58.7,255.4,55,115,47.8,41,74,55.4,14,41,34.1,42,60,70.0,26,58,84,19,0,30,0,0,166,0,20,0,53.9,0.29,31.0,52.2
2014,20132014,693,Fisher College,,2,0,2,80,36.8,28,3,20,73,45.8,179.5,48,131,36.6,32,83,38.6,16,48,33.3,19,27,70.4,28,34,62,40,1,30,1,0,131,30,13,8,42.7,0.55,45.2,20.6,55,18,21,74,66.9,283.8,83,142,58.5,61,95,64.2,22,47,46.8,22,34,64.7,33,59,92,33,1,26,0,0,210,42,33,22,66.2,0.45,35.9,23.9
2014,20132014,699,Johnson University (TN),,1,0,1,40,0.0,6,0,6,0,40.2,,18,56,32.1,13,38,34.2,5,18,27.8,10,17,58.8,6,9,15,19,0,16,0,0,51,0,0,0,36.6,,40.0,30.4,25,6,11,0,80.9,,50,72,69.4,37,41,90.2,13,31,41.9,17,19,89.5,15,35,50,11,0,17,0,0,130,0,0,0,78.5,,30.0,26.4
2014,20132014,700,Edward Waters,,2,0,2,80,37.3,13,4,11,75,47.7,182.7,51,127,40.2,44,95,46.3,7,32,21.9,28,38,73.7,23,47,70,33,0,30,0,0,137,26,14,4,42.9,0.44,32.9,29.9,36,9,18,74,64.0,262.2,74,134,55.2,57,92,62.0,17,42,40.5,29,40,72.5,21,58,79,20,0,34,1,0,194,54,12,6,61.6,0.27,26.6,29.9
2014,20132014,707,Kentucky State,,1,0,1,40,69.5,19,5,4,70,48.5,104.3,28,70,40.0,18,51,35.3,10,19,52.6,7,12,58.3,19,22,41,13,0,23,1,0,73,0,13,0,47.1,0.19,46.3,17.1,9,7,4,69,54.4,110.1,27,58,46.6,25,49,51.0,2,9,22.2,20,27,74.1,12,26,38,11,0,14,1,0,76,42,13,10,48.3,0.16,31.6,46.6
2014,20132014,708,Ferrum,,1,0,1,40,0.0,13,3,7,0,47.9,,20,58,34.5,11,31,35.5,9,27,33.3,15,20,75.0,8,18,26,17,0,14,0,0,64,0,0,0,42.2,,30.8,34.5,17,3,12,0,63.5,,40,67,59.7,35,58,60.3,5,9,55.6,9,16,56.3,12,31,43,13,0,19,0,0,94,0,0,0,63.4,,27.9,23.9
2014,20132014,720,Northern New Mexico,,3,0,3,120,71.8,23,3,19,215,37.9,70.7,55,178,30.9,43,139,30.9,12,39,30.8,30,51,58.8,42,57,99,53,0,68,1,0,152,32,16,0,34.3,0.25,42.4,28.7,54,17,27,216,65.8,115.7,86,160,53.8,57,104,54.8,29,56,51.8,49,68,72.1,27,95,122,51,0,46,0,0,250,58,39,4,62.8,0.24,22.1,42.5
2014,20132014,721,Hawai'i Pacific,,2,0,2,80,32.5,19,7,6,65,46.8,167.7,36,98,36.7,20,64,31.3,16,34,47.1,21,42,50.0,17,48,65,38,1,48,0,0,109,0,2,0,44.9,0.58,26.2,42.9,35,7,16,65,47.5,226.2,48,126,38.1,37,79,46.8,11,47,23.4,40,65,61.5,43,57,100,22,2,41,1,0,147,0,22,0,42.5,0.34,43.0,51.6
2014,20132014,723,Dalton State,,2,0,2,80,71.8,18,4,16,143,42.5,82.5,37,122,30.3,22,68,32.4,15,54,27.8,29,38,76.3,18,33,51,19,0,38,0,0,118,0,42,0,36.5,0.13,35.3,31.1,42,10,9,144,73.2,123.6,63,100,63.0,45,65,69.2,18,35,51.4,34,49,69.4,13,73,86,33,0,33,0,0,178,0,23,0,72.0,0.23,15.1,49.0
2014,20132014,728,Judson University,,2,0,2,80,0.0,19,6,7,0,37.5,,39,133,29.3,27,84,32.1,12,49,24.5,16,19,84.2,18,43,61,27,0,33,0,0,106,0,0,0,33.8,,29.5,14.3,47,10,18,0,62.1,,80,147,54.4,69,115,60.0,11,32,34.4,30,34,88.2,24,77,101,14,0,25,0,0,201,0,0,0,58.2,,23.8,23.1
2014,20132014,729,Central Penn,,4,0,4,160,81.9,39,12,36,328,46.7,91.5,111,285,38.9,83,216,38.4,28,69,40.6,50,82,61.0,58,78,136,61,0,69,0,0,300,74,62,17,43.9,0.19,42.6,28.8,94,29,40,327,66.1,135.5,173,301,57.5,128,190,67.4,45,111,40.5,52,77,67.5,69,138,207,60,1,63,0,0,443,154,86,44,65.0,0.18,33.3,25.6
2014,20132014,732,Our Lady Of The Lake,,1,0,1,40,0.0,17,2,10,0,50.8,,29,74,39.2,18,34,52.9,11,40,27.5,16,22,72.7,16,21,37,19,0,29,0,0,85,0,0,0,46.6,,43.2,29.7,22,6,10,0,66.5,,33,58,56.9,29,43,67.4,4,15,26.7,30,39,76.9,10,32,42,21,0,19,0,0,100,0,0,0,60.3,,23.8,67.2
2014,20132014,734,Purdue Northwest,,2,0,2,80,73.5,31,12,11,148,50.8,89.9,46,115,40.0,33,69,47.8,13,46,28.3,28,36,77.8,20,39,59,35,0,43,0,0,133,34,27,0,45.7,0.24,33.9,31.3,42,4,24,146,63.6,132.9,71,131,54.2,54,89,60.7,17,42,40.5,35,49,71.4,29,52,81,23,0,34,0,0,194,40,50,12,60.7,0.16,35.8,37.4
2014,20132014,741,Brevard,,3,0,3,120,45.2,36,3,21,136,54.2,144.9,69,161,42.9,39,83,47.0,30,78,38.5,29,47,61.7,18,55,73,41,0,60,1,0,197,22,23,3,52.2,0.3,24.7,29.2,50,13,21,135,70.3,202.2,92,162,56.8,62,93,66.7,30,69,43.5,59,73,80.8,27,89,116,42,0,52,0,0,273,56,37,20,66.0,0.31,23.3,45.1
2014,20132014,742,Arlington Baptist,,2,0,2,80,74.0,20,2,11,148,43.9,81.8,39,119,32.8,25,78,32.1,14,41,34.1,29,43,67.4,27,44,71,34,0,41,0,0,121,38,34,2,38.7,0.23,38.0,36.1,35,15,17,148,64.9,126.4,67,126,53.2,45,83,54.2,22,43,51.2,31,41,75.6,21,62,83,26,1,39,0,0,187,62,47,14,61.9,0.18,25.3,32.5
2014,20132014,744,Warner University,,1,0,1,40,69.5,4,2,7,70,33.8,67.1,13,59,22.0,10,38,26.3,3,21,14.3,18,24,75.0,10,14,24,8,0,20,0,0,47,14,6,4,24.6,0.11,41.7,40.7,17,7,3,69,59.0,117.4,29,55,52.7,22,37,59.5,7,18,38.9,16,31,51.6,20,41,61,18,1,20,1,0,81,40,10,11,59.1,0.26,32.8,56.4
2014,20132014,747,Trinity (FL),,1,0,1,40,0.0,15,2,7,0,47.2,,21,53,39.6,17,34,50.0,4,19,21.1,9,12,75.0,5,14,19,16,0,24,0,0,55,0,0,0,43.4,,26.3,22.6,18,4,11,0,68.2,,32,56,57.1,25,40,62.5,7,16,43.8,27,36,75.0,15,26,41,16,0,14,0,0,98,0,0,0,63.4,,36.6,64.3
2014,20132014,751,Montreat,,4,0,4,160,74.5,33,8,21,297,42.6,72.1,69,209,33.0,58,162,35.8,11,47,23.4,65,96,67.7,36,85,121,80,0,85,0,0,214,36,30,6,35.6,0.27,29.8,45.9,71,29,44,299,62.7,129.8,135,259,52.1,97,161,60.2,38,98,38.8,80,115,69.6,55,121,176,39,0,81,0,0,388,96,105,20,59.5,0.13,31.3,44.4
2014,20132014,752,Thomas (ME),,2,0,2,80,0.0,20,4,17,0,44.6,,52,131,39.7,45,99,45.5,7,32,21.9,18,31,58.1,18,37,55,24,1,45,0,0,129,0,0,0,42.4,,32.7,23.7,38,12,12,0,60.6,,63,120,52.5,52,86,60.5,11,34,32.4,40,59,67.8,29,67,96,36,0,30,0,0,177,0,0,0,57.1,,30.2,49.2
2014,20132014,756,Cairn University,,1,0,1,40,74.0,3,1,5,74,34.3,64.9,15,58,25.9,13,37,35.1,2,21,9.5,16,27,59.3,11,16,27,15,0,19,0,0,48,0,10,0,27.6,0.2,40.7,46.6,26,3,6,74,66.0,144.6,41,70,58.6,31,46,67.4,10,24,41.7,15,25,60.0,19,40,59,14,1,23,0,0,107,0,0,0,65.7,0.19,32.2,35.7
2014,20132014,757,Chestnut Hill College,,1,0,1,40,78.0,8,6,7,77,44.0,87.0,22,62,35.5,19,46,41.3,3,16,18.8,20,32,62.5,14,29,43,15,0,22,0,0,67,30,14,5,37.9,0.19,32.6,51.6,11,6,7,79,49.1,94.9,28,65,43.1,25,53,47.2,3,12,25.0,16,26,61.5,14,34,48,16,0,28,0,0,75,44,18,17,45.4,0.2,29.2,40.0
2014,20132014,763,Colorado-Colorado Springs,,1,0,1,40,0.0,11,3,6,0,46.9,,25,65,38.5,19,42,45.2,6,23,26.1,14,22,63.6,7,18,25,10,0,27,0,0,70,0,0,0,43.1,,28.0,33.8,17,3,5,0,68.6,,33,55,60.0,28,42,66.7,5,13,38.5,28,39,71.8,10,31,41,8,0,21,0,0,99,0,0,0,64.5,,24.4,70.9
2014,20132014,767,Lesley University,,1,0,1,40,68.5,2,3,3,69,39.9,68.1,18,54,33.3,15,41,36.6,3,13,23.1,8,11,72.7,9,19,28,20,0,12,0,0,47,24,4,4,36.1,0.29,32.1,20.4,25,7,11,68,64.6,125.0,37,61,60.7,31,48,64.6,6,13,46.2,5,11,45.5,8,30,38,9,0,15,0,0,85,50,29,18,65.6,0.13,21.1,18.0
2014,20132014,772,Hardin-Simmons,,1,0,1,40,67.5,15,0,4,68,46.6,86.8,22,58,37.9,17,31,54.8,5,27,18.5,10,12,83.3,9,12,21,13,0,19,0,0,59,22,0,0,42.2,0.19,42.9,20.7,27,1,8,67,71.5,155.2,38,60,63.3,28,41,68.3,10,19,52.6,18,29,62.1,17,26,43,11,0,9,0,0,104,54,0,0,71.7,0.16,39.5,48.3
2014,20132014,773,Pacific (OR),,1,0,1,40,66.5,16,2,3,67,52.4,86.6,25,54,46.3,18,36,50.0,7,18,38.9,1,3,33.3,2,19,21,15,0,14,0,0,58,0,7,0,52.8,0.22,9.5,5.6,21,8,9,66,64.3,131.8,35,61,57.4,29,41,70.7,6,20,30.0,11,15,73.3,10,28,38,10,0,10,0,0,87,0,27,0,62.3,0.15,26.3,24.6
2014,20132014,774,Walla Walla,,2,0,2,80,70.8,19,6,6,142,42.1,69.0,33,104,31.7,19,44,43.2,14,60,23.3,18,28,64.3,12,46,58,33,0,19,0,0,98,0,4,0,38.5,0.23,20.7,26.9,42,5,23,141,63.8,135.5,76,137,55.5,56,93,60.2,20,44,45.5,19,29,65.5,20,63,83,10,0,33,0,0,191,0,22,0,62.8,0.07,24.1,21.2
2014,20132014,778,West Virginia Wesleyan,,1,0,1,40,67.5,14,0,5,67,53.4,89.6,20,50,40.0,9,20,45.0,11,30,36.7,9,14,64.3,10,22,32,19,0,21,0,0,60,0,2,0,51.0,0.28,31.3,28.0,14,6,10,68,59.3,117.6,30,56,53.6,26,41,63.4,4,15,26.7,16,26,61.5,11,22,33,12,0,17,0,0,80,0,24,0,57.1,0.18,33.3,46.4
2014,20132014,779,St. Thomas (TX),,1,0,1,40,70.0,8,0,11,70,45.7,85.7,19,56,33.9,14,39,35.9,5,17,29.4,17,22,77.3,10,23,33,13,0,26,0,0,60,16,18,6,38.4,0.19,30.3,39.3,13,2,7,70,56.0,98.6,19,48,39.6,10,23,43.5,9,25,36.0,22,31,71.0,11,30,41,17,0,16,0,0,69,18,13,0,49.0,0.24,26.8,64.6
2014,20132014,783,Southwestern Adventist,,1,0,1,40,75.0,9,0,5,75,48.7,76.0,20,51,39.2,13,34,38.2,7,17,41.2,10,17,58.8,6,20,26,21,0,7,0,0,57,18,9,2,46.1,0.28,23.1,33.3,35,4,18,75,75.1,165.3,49,79,62.0,28,45,62.2,21,34,61.8,5,8,62.5,11,30,41,7,0,18,0,0,124,48,36,22,75.3,0.09,26.8,10.1
2014,20132014,786,Milligan,,2,0,2,80,78.8,26,5,10,158,48.1,88.6,50,130,38.5,31,70,44.3,19,60,31.7,21,35,60.0,14,51,65,27,0,40,0,0,140,0,20,0,45.8,0.17,21.5,26.9,43,10,16,157,59.6,131.2,72,149,48.3,51,94,54.3,21,55,38.2,41,54,75.9,35,74,109,18,0,35,0,0,206,0,49,0,55.4,0.11,32.1,36.2
2014,20132014,787,Schreiner,,1,0,1,40,0.0,10,1,5,0,57.1,,23,52,44.2,17,34,50.0,6,18,33.3,21,27,77.8,8,16,24,16,0,21,0,0,73,0,0,0,50.0,,33.3,51.9,16,3,9,0,69.4,,37,61,60.7,29,45,64.4,8,16,50.0,18,25,72.0,12,25,37,15,2,23,0,0,100,0,0,0,67.2,,32.4,41.0
2014,20132014,791,Brewton-Parker,,1,0,1,40,76.0,13,3,6,76,52.3,86.8,26,56,46.4,21,40,52.5,5,16,31.3,9,16,56.3,10,26,36,22,0,24,0,0,66,30,17,6,50.9,0.29,27.8,28.6,13,1,12,76,54.3,98.7,22,55,40.0,15,36,41.7,7,19,36.8,24,32,75.0,10,23,33,15,0,18,1,0,75,28,20,8,46.4,0.2,30.3,58.2
2014,20132014,792,Immaculata,,1,0,1,40,62.0,7,2,3,62,50.2,87.1,14,41,34.1,7,23,30.4,7,18,38.9,19,29,65.5,14,20,34,20,2,26,0,0,54,0,6,0,42.7,0.32,41.2,70.7,16,3,7,62,62.8,127.4,27,51,52.9,16,25,64.0,11,26,42.3,14,27,51.9,11,19,30,8,0,21,0,0,79,0,28,0,63.7,0.13,36.7,52.9
2014,20132014,802,Webber International,,1,0,1,40,79.0,9,2,13,79,43.5,81.0,22,63,34.9,16,48,33.3,6,15,40.0,14,24,58.3,9,17,26,15,0,22,0,0,64,0,0,0,39.7,0.19,34.6,38.1,26,9,8,79,76.0,138.0,38,62,61.3,23,32,71.9,15,30,50.0,18,22,81.8,11,38,49,18,0,21,0,0,109,0,0,0,73.4,0.23,22.4,35.5
2014,20132014,804,Southwestern Christian,,1,0,1,40,78.5,19,1,7,79,58.2,100.0,26,60,43.3,12,27,44.4,14,33,42.4,13,18,72.2,3,20,23,13,0,17,1,0,79,0,13,0,55.0,0.16,13.0,30.0,22,3,7,78,72.4,139.7,41,66,62.1,28,42,66.7,13,24,54.2,14,21,66.7,9,33,42,12,0,14,0,0,109,0,11,0,72.0,0.15,21.4,31.8
2014,20132014,811,Waldorf College,,2,0,2,80,0.0,21,2,18,0,42.7,,40,114,35.1,34,79,43.0,6,35,17.1,23,31,74.2,20,44,64,39,0,29,0,0,109,0,0,0,37.7,,31.3,27.2,41,14,25,0,63.4,,70,131,53.4,50,89,56.2,20,42,47.6,25,34,73.5,21,60,81,24,0,29,0,0,185,0,0,0,61.1,,25.9,26.0
2014,20132014,813,Heidelberg,,1,0,1,40,67.5,12,0,8,68,44.7,83.8,18,55,32.7,8,26,30.8,10,29,34.5,11,20,55.0,11,18,29,16,0,15,0,0,57,0,5,0,41.8,0.24,37.9,36.4,26,6,6,67,59.2,126.9,32,63,50.8,23,41,56.1,9,22,40.9,12,20,60.0,17,31,48,11,0,18,0,0,85,0,19,0,57.9,0.16,35.4,31.7
2014,20132014,814,Asbury,,1,0,1,40,0.0,13,1,6,0,47.5,,21,61,34.4,11,32,34.4,10,29,34.5,16,24,66.7,7,25,32,21,0,24,0,0,68,0,0,0,42.6,,21.9,39.3,24,4,16,0,52.3,,39,83,47.0,32,58,55.2,7,25,28.0,17,33,51.5,28,38,66,14,0,20,0,0,102,0,0,0,51.2,,42.4,39.8
2014,20132014,819,Mobile,,1,0,1,40,63.5,7,1,6,64,50.6,90.6,23,52,44.2,19,41,46.3,4,11,36.4,8,12,66.7,12,14,26,19,0,21,0,0,58,0,6,0,48.1,0.3,46.2,23.1,24,4,8,63,63.5,139.7,34,60,56.7,27,44,61.4,7,16,43.8,13,21,61.9,16,19,35,11,0,15,0,0,88,0,20,0,62.5,0.17,45.7,35.0
2014,20132014,820,Fort Valley State,,1,0,1,40,65.0,13,4,11,65,56.9,101.5,26,51,51.0,22,36,61.1,4,15,26.7,10,16,62.5,7,15,22,13,0,23,0,0,66,0,24,0,54.9,0.2,31.8,31.4,15,3,6,65,64.5,120.0,27,49,55.1,20,33,60.6,7,16,43.8,17,26,65.4,11,23,34,16,0,19,0,0,78,0,12,0,62.2,0.25,32.4,53.1
2014,20132014,823,Anderson (IN),,1,0,1,40,0.0,18,2,3,0,59.8,,25,52,48.1,14,27,51.9,11,25,44.0,7,11,63.6,10,16,26,21,0,23,0,0,68,0,0,0,58.7,,38.5,21.2,24,3,6,0,69.8,,30,52,57.7,24,43,55.8,6,9,66.7,25,30,83.3,9,20,29,12,0,19,0,0,91,0,0,0,63.5,,31.0,57.7
2014,20132014,825,Kean,,1,0,1,40,70.0,10,1,6,70,41.2,77.1,21,62,33.9,15,39,38.5,6,23,26.1,6,8,75.0,9,27,36,13,0,14,0,0,54,18,6,2,38.7,0.19,25.0,12.9,21,7,8,70,58.4,120.0,28,64,43.8,11,21,52.4,17,43,39.5,11,18,61.1,12,33,45,10,0,10,0,0,84,22,21,2,57.0,0.14,26.7,28.1
2014,20132014,829,Morehouse,,1,0,1,40,0.0,12,0,10,0,45.2,,21,54,38.9,19,36,52.8,2,18,11.1,10,13,76.9,10,19,29,22,1,19,0,0,54,0,0,0,40.7,,34.5,24.1,7,8,9,0,58.4,,22,49,44.9,15,29,51.7,7,20,35.0,16,19,84.2,7,25,32,20,1,16,0,0,67,0,0,0,52.0,,21.9,38.8
2014,20132014,838,Washington and Lee,,1,0,1,40,0.0,12,1,5,0,50.6,,22,54,40.7,16,34,47.1,6,20,30.0,14,21,66.7,7,9,16,14,1,20,0,0,64,0,0,0,46.3,,43.8,38.9,19,2,11,0,84.9,,41,57,71.9,29,36,80.6,12,21,57.1,20,23,87.0,10,27,37,13,0,17,0,0,114,0,0,0,82.5,,27.0,40.4
2014,20132014,840,Covenant,,1,0,1,40,92.0,9,1,5,92,41.7,60.9,15,54,27.8,11,35,31.4,4,19,21.1,22,30,73.3,11,20,31,34,0,29,0,0,56,0,17,0,31.5,0.37,35.5,55.6,22,10,19,92,65.2,129.3,42,75,56.0,36,56,64.3,6,19,31.6,29,37,78.4,17,32,49,17,0,28,0,0,119,0,47,0,60.0,0.18,34.7,49.3
2014,20132014,842,Carroll (MT),,2,0,2,80,63.3,21,2,13,127,51.7,80.3,38,89,42.7,29,62,46.8,9,27,33.3,17,22,77.3,8,35,43,36,0,32,1,0,102,20,8,0,47.8,0.28,18.6,24.7,33,5,24,126,60.1,124.6,56,113,49.6,39,70,55.7,17,43,39.5,28,40,70.0,27,44,71,21,0,28,0,0,157,36,48,6,57.1,0.17,38.0,35.4
2014,20132014,843,Millsaps,,1,0,1,40,78.0,7,1,9,79,39.4,57.0,14,47,29.8,11,31,35.5,3,16,18.8,14,23,60.9,9,26,35,31,0,30,0,0,45,0,9,0,33.0,0.39,25.7,48.9,17,11,14,77,51.1,105.2,28,63,44.4,21,45,46.7,7,18,38.9,18,37,48.6,21,30,51,16,0,23,0,0,81,0,29,0,50.0,0.21,41.2,58.7
2014,20132014,844,Coast Guard,,1,0,1,40,64.5,8,4,7,64,39.5,75.0,16,52,30.8,10,29,34.5,6,23,26.1,10,20,50.0,11,26,37,13,1,12,0,0,48,0,11,0,36.5,0.2,29.7,38.5,13,5,9,65,49.5,104.6,24,63,38.1,14,35,40.0,10,28,35.7,10,13,76.9,14,31,45,11,1,18,0,0,68,0,15,0,46.0,0.17,31.1,20.6
2014,20132014,846,Jarvis Christian,,1,0,1,40,74.0,13,0,5,74,37.2,64.9,17,57,29.8,15,42,35.7,2,15,13.3,12,17,70.6,7,18,25,16,0,24,0,0,48,0,0,0,31.6,0.22,28.0,29.8,23,6,5,74,68.3,132.4,33,55,60.0,24,35,68.6,9,20,45.0,23,38,60.5,15,36,51,13,0,12,1,0,98,0,0,0,68.2,0.18,29.4,69.1
2014,20132014,851,Blue Mountain,,1,0,1,40,61.0,7,2,4,62,50.7,95.2,20,49,40.8,16,30,53.3,4,19,21.1,15,21,71.4,12,25,37,12,0,21,0,0,59,0,8,0,44.9,0.19,32.4,42.9,19,2,8,60,54.6,126.7,30,59,50.8,26,38,68.4,4,21,19.0,12,24,50.0,12,21,33,5,0,18,0,0,76,0,14,0,54.2,0.08,36.4,40.7
2014,20132014,854,Sonoma State,,3,0,3,120,45.5,29,7,16,136,45.9,141.2,60,172,34.9,47,119,39.5,13,53,24.5,59,84,70.2,40,60,100,40,0,75,0,0,192,20,25,0,38.7,0.29,40.0,48.8,36,17,25,137,63.5,178.1,73,150,48.7,46,97,47.4,27,53,50.9,71,96,74.0,27,81,108,43,1,71,0,0,244,14,29,2,57.7,0.31,25.0,64.0
2014,20132014,855,Oakland City,,3,0,3,120,46.7,41,13,16,141,51.8,145.4,70,175,40.0,44,117,37.6,26,58,44.8,39,52,75.0,27,55,82,41,2,64,1,0,205,10,24,0,47.4,0.29,32.9,29.7,55,12,17,139,58.2,191.4,89,189,47.1,64,114,56.1,25,75,33.3,63,90,70.0,59,88,147,40,0,49,1,0,266,34,33,13,53.7,0.29,40.1,47.6
2014,20132014,856,WVU Tech,,1,0,1,40,58.5,19,1,10,59,46.6,135.6,32,74,43.2,26,52,50.0,6,22,27.3,10,27,37.0,22,19,41,15,0,19,0,0,80,0,0,0,47.3,0.25,53.7,36.5,21,0,10,58,59.8,163.8,34,68,50.0,28,51,54.9,6,17,35.3,21,26,80.8,17,30,47,15,0,20,0,0,95,0,0,0,54.4,0.26,36.2,38.2
2014,20132014,857,Vanguard,,1,0,1,40,73.5,11,3,6,74,44.3,98.6,23,70,32.9,15,41,36.6,8,29,27.6,19,28,67.9,15,23,38,8,0,28,0,0,73,0,16,0,38.6,0.11,39.5,40.0,12,3,5,73,59.7,112.3,24,52,46.2,20,42,47.6,4,10,40.0,30,38,78.9,9,35,44,12,0,21,1,0,82,0,9,0,50.0,0.16,20.5,73.1
2014,20132014,858,UC Merced,,2,0,2,80,36.0,19,1,7,72,37.9,134.7,34,113,30.1,21,66,31.8,13,47,27.7,16,34,47.1,15,32,47,31,0,40,0,0,97,0,13,0,35.8,0.43,31.9,30.1,41,12,21,72,66.0,279.2,77,133,57.9,60,88,68.2,17,45,37.8,30,44,68.2,34,75,109,21,1,36,0,0,201,0,19,0,64.3,0.29,31.2,33.1
2014,20132014,869,North Park,,1,0,1,40,73.0,9,2,7,74,36.7,67.6,17,61,27.9,12,40,30.0,5,21,23.8,11,16,68.8,11,13,24,17,2,22,0,0,50,0,8,0,32.0,0.23,45.8,26.2,23,10,12,72,82.0,156.9,40,57,70.2,28,39,71.8,12,18,66.7,21,27,77.8,6,33,39,10,0,14,1,0,113,0,22,0,80.7,0.14,15.4,47.4
2014,20132014,872,Ave Maria,,2,0,2,80,34.5,11,2,15,69,43.0,155.1,39,108,36.1,26,71,36.6,13,37,35.1,16,37,43.2,15,44,59,31,0,27,0,0,107,24,19,6,42.1,0.45,25.4,34.3,48,6,17,69,60.2,239.1,62,123,50.4,36,65,55.4,26,58,44.8,15,32,46.9,27,67,94,31,0,38,2,0,165,24,14,8,61.0,0.45,28.7,26.0
2014,20132014,873,Hendrix College,,1,0,1,40,87.5,8,4,4,88,40.0,67.0,22,61,36.1,18,50,36.0,4,11,36.4,11,29,37.9,16,30,46,26,0,22,0,0,59,32,3,17,39.3,0.3,34.8,47.5,18,5,19,87,58.6,125.3,39,79,49.4,28,55,50.9,11,24,45.8,20,32,62.5,16,35,51,8,0,28,0,0,109,52,36,35,56.3,0.09,31.4,40.5
2014,20132014,875,UT Tyler,,2,0,2,80,33.3,17,4,16,66,49.2,178.8,37,102,36.3,25,60,41.7,12,42,28.6,32,41,78.0,6,28,34,30,0,45,0,0,118,18,23,3,42.2,0.45,17.6,40.2,26,3,16,67,59.5,243.3,59,112,52.7,54,83,65.1,5,29,17.2,40,57,70.2,28,57,85,33,0,34,0,0,163,42,14,4,54.9,0.49,32.9,50.9
2014,20132014,880,Lyon,,2,1,1,80,0.0,7,0,3,0,96.3,,19,40,47.5,14,27,51.9,5,13,38.5,12,20,60.0,6,22,28,13,0,17,0,0,94,0,0,0,53.8,,21.4,50.0,6,4,7,0,103.9,,21,48,43.8,16,30,53.3,5,18,27.8,7,21,33.3,11,18,29,10,0,21,0,0,119,0,0,0,49.0,,37.9,43.8
2014,20132014,881,Johnson & Wales (NC),,5,0,5,200,44.7,41,8,47,223,40.6,124.7,97,302,32.1,68,178,38.2,29,124,23.4,55,91,60.4,50,75,125,77,1,118,0,0,278,46,45,10,36.9,0.35,40.0,30.1,104,32,45,224,68.3,221.9,171,293,58.4,129,193,66.8,42,100,42.0,113,161,70.2,73,169,242,78,0,78,1,0,497,74,74,24,65.5,0.35,30.2,54.9
2014,20132014,887,Southwest Minnesota State,,1,0,1,40,76.5,9,1,7,77,39.4,80.5,24,72,33.3,21,54,38.9,3,18,16.7,11,15,73.3,13,24,37,12,0,23,0,0,62,0,0,0,35.4,0.16,35.1,20.8,16,6,4,76,59.7,109.2,31,59,52.5,24,37,64.9,7,22,31.8,14,24,58.3,9,39,48,14,0,19,0,0,83,0,0,0,58.5,0.18,18.8,40.7
2014,20132014,888,Reinhardt,,2,0,2,80,0.0,20,4,15,0,46.4,,47,130,36.2,28,67,41.8,19,63,30.2,22,35,62.9,25,29,54,26,1,43,0,0,135,0,0,0,43.5,,46.3,26.9,39,7,8,0,67.2,,81,136,59.6,64,101,63.4,17,35,48.6,34,51,66.7,38,68,106,29,0,36,0,0,213,0,0,0,65.8,,35.8,37.5
2014,20132014,893,University of Saint Katherine,,4,0,4,160,74.5,28,10,21,298,28.3,53.4,59,265,22.3,39,144,27.1,20,121,16.5,21,36,58.3,41,66,107,62,1,83,0,0,159,26,32,2,26.0,0.21,38.3,13.6,102,25,37,298,69.5,147.0,159,266,59.8,117,174,67.2,42,92,45.7,78,112,69.6,65,171,236,48,2,46,0,0,438,134,80,27,67.7,0.16,27.5,42.1
2014,20132014,896,Valley City,,1,0,1,40,58.0,10,2,6,58,38.8,74.1,15,51,29.4,7,23,30.4,8,28,28.6,5,10,50.0,11,13,24,14,1,14,0,0,43,0,5,0,37.3,0.24,45.8,19.6,12,5,7,58,68.5,148.3,31,54,57.4,22,36,61.1,9,18,50.0,15,20,75.0,13,27,40,9,0,9,0,0,86,0,20,0,65.7,0.16,32.5,37.0
2014,20132014,898,Pacific Lutheran,,2,0,2,80,67.8,15,6,16,136,34.0,59.6,25,105,23.8,14,68,20.6,11,37,29.7,20,32,62.5,22,38,60,38,1,44,0,0,81,10,22,4,29.0,0.28,36.7,30.5,22,6,24,135,55.2,107.4,52,109,47.7,43,85,50.6,9,24,37.5,32,51,62.7,30,66,96,33,0,36,0,0,145,44,43,4,51.8,0.24,31.3,46.8
2014,20132014,902,Chaminade,,4,0,4,160,75.1,31,13,15,301,53.1,103.0,102,255,40.0,66,150,44.0,36,105,34.3,70,84,83.3,46,79,125,56,1,91,0,0,310,0,0,0,47.1,0.19,36.8,32.9,66,27,27,300,64.4,127.7,130,248,52.4,92,154,59.7,38,94,40.4,85,112,75.9,46,109,155,49,0,81,0,0,383,0,0,0,60.1,0.16,29.7,45.2
2014,20132014,908,Limestone,,1,0,1,40,0.0,13,4,8,0,50.6,,25,62,40.3,16,36,44.4,9,26,34.6,10,14,71.4,11,26,37,14,1,15,0,0,69,0,0,0,47.6,,29.7,22.6,14,10,4,0,47.5,,26,72,36.1,14,39,35.9,12,33,36.4,14,23,60.9,23,28,51,15,0,16,0,0,78,0,0,0,44.4,,45.1,31.9
2014,20132014,910,Wittenberg,,1,0,1,40,0.0,14,0,8,0,48.5,,20,51,39.2,10,26,38.5,10,25,40.0,5,13,38.5,9,21,30,21,0,22,0,0,55,0,0,0,49.0,,30.0,25.5,17,7,14,0,57.9,,27,55,49.1,21,35,60.0,6,20,30.0,17,26,65.4,11,27,38,12,0,16,0,0,77,0,0,0,54.5,,28.9,47.3
2014,20132014,918,Warren Wilson,,4,0,4,160,53.8,45,9,10,215,44.2,96.3,80,205,39.0,67,147,45.6,13,58,22.4,34,66,51.5,41,78,119,82,3,71,0,0,207,94,18,4,42.2,0.38,34.5,32.2,96,20,51,215,66.2,187.4,147,266,55.3,96,149,64.4,51,117,43.6,58,87,66.7,60,103,163,35,1,74,0,0,403,138,111,62,64.8,0.16,36.8,32.7
2014,20132014,923,Belhaven,,1,0,1,40,67.0,13,2,7,67,49.9,92.5,24,56,42.9,18,39,46.2,6,17,35.3,8,14,57.1,10,16,26,14,0,31,2,0,62,24,20,4,48.2,0.21,38.5,25.0,13,3,9,67,57.1,110.4,23,49,46.9,20,38,52.6,3,11,27.3,25,36,69.4,14,27,41,15,0,13,0,0,74,32,14,8,50.0,0.22,34.1,73.5
2014,20132014,927,Coe,,1,0,1,40,67.5,10,0,5,67,44.6,77.6,17,50,34.0,10,25,40.0,7,25,28.0,11,19,57.9,6,22,28,14,0,20,0,0,52,18,10,2,41.0,0.21,21.4,38.0,19,2,8,68,60.3,126.5,31,63,49.2,22,41,53.7,9,22,40.9,15,19,78.9,13,33,46,11,0,23,0,0,86,38,18,8,56.3,0.16,28.3,30.2
2014,20132014,930,LeMoyne-Owen,,1,0,1,40,83.5,21,2,9,83,45.2,94.0,31,77,40.3,26,57,45.6,5,20,25.0,11,21,52.4,19,25,44,16,0,30,0,0,78,0,0,0,43.5,0.19,43.2,27.3,29,4,11,84,63.5,120.2,38,65,58.5,32,46,69.6,6,19,31.6,19,33,57.6,11,34,45,16,0,19,0,0,101,0,0,0,63.1,0.19,24.4,50.8
2014,20132014,932,Northwest Nazarene,,1,0,1,40,29.5,11,1,5,29,59.6,220.7,23,48,47.9,16,25,64.0,7,23,30.4,11,13,84.6,9,17,26,16,0,19,0,0,64,0,0,0,55.2,0.55,34.6,27.1,11,3,9,30,59.8,260.0,27,52,51.9,22,36,61.1,5,16,31.3,19,30,63.3,13,17,30,9,0,14,0,0,78,0,0,0,56.7,0.3,43.3,57.7
2014,20132014,933,Arkansas-Fort Smith,,1,0,1,40,72.0,12,0,2,72,57.3,102.8,23,54,42.6,12,23,52.2,11,31,35.5,17,24,70.8,7,22,29,15,0,22,0,0,74,14,22,2,52.8,0.21,24.1,44.4,19,3,6,72,58.2,122.2,31,65,47.7,22,44,50.0,9,21,42.9,17,24,70.8,17,28,45,13,0,21,0,0,88,28,23,6,54.6,0.18,37.8,36.9
2014,20132014,940,Mayville State,,1,0,1,40,69.5,9,1,8,69,39.4,65.2,18,54,33.3,14,38,36.8,4,16,25.0,5,7,71.4,8,17,25,21,0,19,0,0,45,0,5,0,37.0,0.3,32.0,13.0,15,6,12,70,67.0,137.1,36,62,58.1,27,42,64.3,9,20,45.0,15,22,68.2,11,27,38,12,0,13,0,0,96,0,11,0,65.3,0.17,28.9,35.5
2014,20132014,941,Bridgewater College (VA),,1,0,1,40,89.5,15,6,8,90,46.1,95.6,36,88,40.9,32,68,47.1,4,20,20.0,10,12,83.3,22,28,50,18,0,16,0,0,86,44,18,4,43.2,0.2,44.0,13.6,21,13,12,89,56.4,125.8,44,91,48.4,34,58,58.6,10,33,30.3,14,19,73.7,22,30,52,12,0,14,0,0,112,52,31,8,53.8,0.13,42.3,20.9
2014,20132014,949,Wiley,,1,0,1,40,0.0,24,4,10,0,58.3,,38,77,49.4,27,53,50.9,11,24,45.8,9,12,75.0,9,19,28,17,2,25,1,0,96,0,0,0,56.5,,32.1,15.6,27,10,5,0,68.7,,38,69,55.1,27,42,64.3,11,27,40.7,26,30,86.7,14,30,44,18,0,8,2,0,113,0,0,0,63.0,,31.8,43.5
2014,20132014,950,CS Dominguez Hills,,1,0,1,40,65.5,13,1,5,66,49.9,74.2,18,46,39.1,10,26,38.5,8,20,40.0,5,7,71.4,4,18,22,21,0,13,0,0,49,12,7,0,47.8,0.32,18.2,15.2,18,2,16,65,59.3,130.8,34,69,49.3,22,45,48.9,12,24,50.0,5,6,83.3,18,25,43,11,1,11,0,0,85,34,24,0,58.0,0.17,41.9,8.7
2014,20132014,954,Greensboro College,,3,0,3,120,47.8,41,2,29,144,41.9,120.1,61,192,31.8,31,99,31.3,30,93,32.3,21,33,63.6,35,42,77,43,1,66,1,0,173,0,16,0,39.6,0.3,45.5,17.2,55,16,23,143,72.5,186.7,89,145,61.4,69,102,67.6,20,43,46.5,69,89,77.5,26,102,128,57,0,46,0,0,267,0,17,0,68.3,0.4,20.3,61.4
2014,20132014,956,Florida Memorial,,1,0,1,40,83.5,18,2,10,84,46.8,97.6,30,78,38.5,22,57,38.6,8,21,38.1,14,22,63.6,18,18,36,14,1,29,0,0,82,0,15,0,43.6,0.17,50.0,28.2,21,4,11,83,62.2,120.5,32,61,52.5,25,47,53.2,7,14,50.0,29,44,65.9,18,34,52,18,0,23,0,0,100,0,21,0,58.2,0.22,34.6,72.1
2014,20132014,957,Truman State,,1,0,1,40,62.5,16,5,3,63,68.0,109.5,25,45,55.6,17,28,60.7,8,17,47.1,11,13,84.6,1,18,19,13,0,22,0,0,69,28,10,0,64.4,0.21,5.3,28.9,16,4,7,62,61.8,129.0,28,52,53.8,22,42,52.4,6,10,60.0,18,29,62.1,11,21,32,7,0,15,0,0,80,42,22,6,59.6,0.11,34.4,55.8
2014,20132014,959,Southwestern Oklahoma State,,1,0,1,40,71.5,5,2,3,72,42.4,76.4,18,56,32.1,12,34,35.3,6,22,27.3,13,20,65.0,6,15,21,13,0,26,0,0,55,20,10,2,37.5,0.18,28.6,35.7,26,4,7,71,75.3,153.5,36,57,63.2,26,39,66.7,10,18,55.6,27,35,77.1,11,36,47,8,0,16,0,0,109,42,21,16,71.9,0.11,23.4,61.4
2014,20132014,965,Coker,,1,0,1,40,63.5,7,1,3,64,50.4,84.4,20,47,42.6,15,33,45.5,5,14,35.7,9,15,60.0,5,22,27,13,0,23,0,0,54,20,11,0,47.9,0.2,18.5,31.9,14,3,5,63,48.8,107.9,26,60,43.3,21,39,53.8,5,21,23.8,11,22,50.0,18,26,44,11,0,17,0,0,68,36,18,2,47.5,0.17,40.9,36.7
2014,20132014,968,Mount Saint Vincent,,1,0,1,40,70.0,10,3,6,70,39.8,77.1,18,60,30.0,15,44,34.1,3,16,18.8,15,18,83.3,12,15,27,15,1,17,0,0,54,30,15,0,32.5,0.21,44.4,30.0,23,3,6,70,61.0,118.6,28,57,49.1,19,29,65.5,9,28,32.1,18,25,72.0,14,30,44,15,1,21,0,0,83,34,12,0,57.0,0.21,31.8,43.9
2014,20132014,972,Indiana University Northwest,,1,0,1,40,80.0,7,5,4,80,35.0,66.3,16,66,24.2,12,49,24.5,4,17,23.5,17,22,77.3,13,31,44,16,0,15,0,0,53,0,8,0,27.3,0.2,29.5,33.3,14,7,8,80,52.2,110.0,33,76,43.4,27,54,50.0,6,22,27.3,16,19,84.2,13,37,50,10,0,20,0,0,88,0,12,0,47.4,0.13,26.0,25.0
2014,20132014,975,Guilford,,1,0,1,40,0.0,9,0,4,0,36.4,,17,62,27.4,10,31,32.3,7,31,22.6,8,12,66.7,16,29,45,20,0,17,0,0,49,0,0,0,33.1,,35.6,19.4,16,7,12,0,47.2,,28,73,38.4,21,46,45.7,7,27,25.9,13,17,76.5,18,32,50,11,0,19,0,0,76,0,0,0,43.2,,36.0,23.3
2014,20132014,976,Notre Dame College (OH),,1,0,1,40,65.5,15,2,8,65,54.5,110.8,27,59,45.8,20,37,54.1,7,22,31.8,11,16,68.8,12,13,25,13,0,18,0,0,72,28,15,11,51.7,0.2,48.0,27.1,20,4,7,66,72.7,147.0,35,57,61.4,26,39,66.7,9,18,50.0,18,22,81.8,13,24,37,13,0,20,0,0,97,44,23,14,69.3,0.2,35.1,38.6
2014,20132014,978,Emory & Henry,,1,0,1,40,76.0,9,2,9,76,47.0,76.3,19,49,38.8,13,31,41.9,6,18,33.3,14,29,48.3,8,27,35,20,0,23,0,0,58,20,12,2,44.9,0.26,22.9,59.2,16,3,11,76,59.3,109.2,30,59,50.8,23,42,54.8,7,17,41.2,16,25,64.0,10,33,43,16,0,23,0,0,83,44,19,12,56.8,0.21,23.3,42.4
2014,20132014,988,UW-Parkside,,1,0,1,40,75.0,16,3,5,75,55.8,108.0,30,66,45.5,22,39,56.4,8,27,29.6,13,15,86.7,11,22,33,16,0,19,0,0,81,40,13,8,51.5,0.21,33.3,22.7,12,2,8,75,67.3,120.0,34,55,61.8,27,42,64.3,7,13,53.8,15,27,55.6,5,24,29,11,0,15,0,0,90,44,17,14,68.2,0.15,17.2,49.1
2014,20132014,991,San Diego Christian,,8,0,8,320,53.8,82,9,57,430,42.3,103.0,154,468,32.9,102,282,36.2,52,186,28.0,83,127,65.4,86,146,232,122,2,148,0,0,443,60,93,20,38.5,0.28,37.1,27.1,147,50,70,430,61.6,162.1,261,480,54.4,220,335,65.7,41,145,28.3,134,194,69.1,110,258,368,108,0,130,1,0,697,92,119,34,58.6,0.25,29.9,40.4
2014,20132014,992,Rochester University (MI),,2,0,2,80,71.5,24,2,8,142,49.4,81.0,34,97,35.1,23,56,41.1,11,41,26.8,36,44,81.8,14,42,56,37,0,47,0,0,115,18,21,7,40.7,0.26,25.0,45.4,31,9,17,144,57.9,114.6,50,113,44.2,41,80,51.3,9,33,27.3,56,67,83.6,26,53,79,24,0,40,0,0,165,38,44,9,48.2,0.17,32.9,59.3
2014,20132014,997,Allen University,,1,0,1,40,69.5,6,2,5,70,42.2,72.9,21,56,37.5,17,46,37.0,4,10,40.0,5,10,50.0,11,24,35,22,0,24,1,0,51,0,0,0,41.1,0.31,31.4,17.9,20,3,9,69,67.5,133.3,27,51,52.9,15,28,53.6,12,23,52.2,26,39,66.7,7,27,34,9,1,12,0,0,92,0,0,0,64.7,0.13,20.6,76.5
2014,20132014,1001,Dakota State,,1,0,1,40,68.5,11,3,9,69,46.9,89.9,21,60,35.0,11,37,29.7,10,23,43.5,10,14,71.4,10,17,27,13,0,18,0,0,62,0,13,0,43.3,0.19,37.0,23.3,18,7,9,68,68.0,129.4,31,55,56.4,22,37,59.5,9,18,50.0,17,22,77.3,9,31,40,12,0,16,0,0,88,0,17,0,64.5,0.18,22.5,40.0
2014,20132014,1004,Manchester,,3,0,3,120,70.0,25,3,11,210,35.6,58.6,46,162,28.4,32,89,36.0,14,73,19.2,17,24,70.8,26,54,80,62,3,48,0,0,123,14,20,2,32.7,0.3,32.5,14.8,54,16,42,210,64.5,135.2,105,192,54.7,82,122,67.2,23,70,32.9,51,64,79.7,39,92,131,28,0,32,0,0,284,48,100,14,60.7,0.13,29.8,33.3
2014,20132014,1006,Central Baptist College,,2,0,2,80,0.0,17,4,12,0,55.8,,43,95,45.3,37,71,52.1,6,24,25.0,39,51,76.5,12,49,61,50,0,29,0,0,131,0,0,0,48.4,,19.7,53.7,45,6,30,0,62.1,,73,142,51.4,51,91,56.0,22,51,43.1,33,45,73.3,25,45,70,22,0,40,0,0,201,0,0,0,59.2,,35.7,31.7
2014,20132014,1007,Huston-Tillotson,,5,0,5,200,31.3,50,12,42,157,41.3,203.8,115,340,33.8,91,229,39.7,24,111,21.6,66,107,61.7,64,106,170,62,0,113,2,0,320,0,19,0,37.4,0.39,37.6,31.5,105,19,38,156,60.5,288.5,158,299,52.8,124,204,60.8,34,95,35.8,100,166,60.2,70,178,248,82,0,98,0,0,450,0,17,0,58.5,0.53,28.2,55.5
2014,20132014,1010,Lees-McRae,,2,0,2,80,72.5,23,14,10,144,52.5,97.9,47,114,41.2,31,75,41.3,16,39,41.0,31,46,67.4,25,44,69,33,0,37,1,0,141,52,28,16,48.2,0.23,36.2,40.4,36,12,16,146,59.5,120.5,69,129,53.5,62,105,59.0,7,24,29.2,31,43,72.1,23,52,75,22,0,39,0,0,176,94,30,25,56.2,0.15,30.7,33.3
2014,20132014,1014,Albertus Magnus,,1,0,1,40,0.0,15,6,8,0,57.3,,34,65,52.3,29,47,61.7,5,18,27.8,9,15,60.0,12,28,40,17,0,19,0,0,82,0,0,0,56.2,,30.0,23.1,21,6,11,0,53.2,,32,68,47.1,27,54,50.0,5,14,35.7,16,27,59.3,14,23,37,10,0,12,0,0,85,0,0,0,50.7,,37.8,39.7
2014,20132014,1020,Tennessee Southern,,2,0,2,80,19.0,21,8,9,38,46.9,344.7,47,125,37.6,36,88,40.9,11,37,29.7,26,33,78.8,24,46,70,31,0,42,0,0,131,0,0,0,42.0,0.82,34.3,26.4,43,7,9,38,58.6,436.8,59,120,49.2,46,83,55.4,13,37,35.1,35,49,71.4,24,58,82,27,0,35,0,0,166,0,0,0,54.6,0.71,29.3,40.8
2014,20132014,1024,Mars Hill,,2,1,1,80,77.8,32,2,8,156,56.0,107.1,50,116,43.1,33,74,44.6,17,42,40.5,50,75,66.7,35,49,84,39,1,41,0,0,167,0,28,0,50.4,0.25,41.7,64.7,30,5,19,155,58.7,116.8,69,134,51.5,54,94,57.4,15,40,37.5,28,46,60.9,26,45,71,24,0,55,0,0,181,0,45,0,57.1,0.15,36.6,34.3
2014,20132014,1034,Montana-Western,,1,0,1,40,65.5,11,1,2,65,62.1,113.8,25,49,51.0,18,35,51.4,7,14,50.0,17,24,70.8,12,17,29,17,0,31,2,0,74,22,10,0,58.2,0.26,41.4,49.0,14,2,11,66,69.5,137.9,25,47,53.2,16,24,66.7,9,23,39.1,32,42,76.2,8,15,23,9,0,20,0,0,91,26,23,6,62.8,0.14,34.8,89.4
2014,20132014,1035,Iowa Wesleyan,,3,0,3,120,44.3,28,1,9,133,40.3,103.0,50,156,32.1,33,98,33.7,17,58,29.3,20,32,62.5,20,52,72,49,1,46,0,0,137,14,12,0,37.5,0.37,27.8,20.5,69,14,36,133,63.4,207.5,108,192,56.3,90,142,63.4,18,50,36.0,42,58,72.4,35,94,129,19,1,36,1,0,276,0,48,0,60.9,0.14,27.1,30.2
2014,20132014,1038,Saint Martin's,,1,0,1,40,59.5,8,1,2,60,56.8,95.0,19,44,43.2,12,23,52.2,7,21,33.3,12,14,85.7,7,17,24,17,2,29,0,0,57,14,7,0,51.1,0.28,29.2,31.8,8,1,7,59,74.2,123.7,18,32,56.3,12,21,57.1,6,11,54.5,31,39,79.5,2,19,21,11,0,18,0,0,73,22,24,2,65.6,0.19,9.5,121.9
2014,20132014,1039,Peru State,,2,0,2,80,33.5,12,5,16,67,43.1,152.2,41,105,39.0,39,83,47.0,2,22,9.1,18,30,60.0,25,41,66,45,2,29,0,0,102,18,13,4,40.0,0.67,37.9,28.6,36,9,24,67,59.5,247.8,64,124,51.6,53,83,63.9,11,41,26.8,27,35,77.1,21,46,67,23,0,30,0,0,166,44,26,25,56.0,0.34,31.3,28.2
2014,20132014,1045,Holy Names University,,1,0,1,40,70.5,12,3,13,71,38.7,76.1,20,65,30.8,13,39,33.3,7,26,26.9,7,11,63.6,13,14,27,13,0,19,0,0,54,0,23,0,36.2,0.18,48.1,16.9,19,4,5,70,74.2,114.3,28,46,60.9,18,25,72.0,10,21,47.6,14,18,77.8,5,35,40,21,0,17,0,0,80,0,17,0,71.7,0.3,12.5,39.1
2014,20132014,1049,Northwestern Ohio,,1,0,1,40,79.0,10,2,8,80,39.8,68.8,22,66,33.3,15,35,42.9,7,31,22.6,4,7,57.1,11,19,30,21,1,30,0,0,55,26,7,0,38.6,0.26,36.7,10.6,17,5,13,78,66.6,130.8,37,59,62.7,33,46,71.7,4,13,30.8,24,40,60.0,11,35,46,11,0,13,0,0,102,0,42,0,66.1,0.14,23.9,67.8
2014,20132014,1050,Master's University,,1,0,1,40,0.0,9,0,5,0,41.9,,19,55,34.5,15,36,41.7,4,19,21.1,10,16,62.5,12,16,28,10,0,15,0,0,52,0,0,0,38.2,,42.9,29.1,21,4,5,0,60.6,,31,62,50.0,19,35,54.3,12,27,44.4,7,11,63.6,18,27,45,11,0,13,0,0,81,0,0,0,59.7,,40.0,17.7
2014,20132014,1056,Mount St. Joseph,,1,0,1,40,66.0,15,3,5,66,48.6,74.2,19,50,38.0,9,27,33.3,10,23,43.5,1,1,100.0,5,16,21,21,0,17,0,0,49,12,7,0,48.0,0.32,23.8,2.0,17,5,10,66,66.3,124.2,30,53,56.6,24,38,63.2,6,15,40.0,16,20,80.0,9,26,35,14,0,8,0,0,82,44,32,14,62.3,0.21,25.7,37.7
2014,20132014,1057,Goucher,,2,0,2,80,67.8,18,1,7,136,43.0,78.7,38,113,33.6,29,87,33.3,9,26,34.6,22,26,84.6,13,40,53,24,0,28,0,0,107,24,5,9,37.6,0.18,24.5,23.0,46,15,18,135,59.1,142.2,72,148,48.6,51,85,60.0,21,63,33.3,27,33,81.8,39,64,103,13,0,25,0,0,192,34,15,12,55.7,0.1,37.9,22.3
2014,20132014,1059,Florida College,,2,0,2,80,77.5,26,7,14,155,38.6,71.6,42,129,32.6,32,83,38.6,10,46,21.7,17,34,50.0,22,51,73,33,0,41,0,0,111,52,18,11,36.4,0.21,30.1,26.4,41,11,22,155,58.7,120.0,71,139,51.1,57,101,56.4,14,38,36.8,30,44,68.2,28,74,102,27,0,30,0,0,186,104,36,32,56.1,0.17,27.5,31.7
2014,20132014,1066,Salve Regina,,1,0,1,40,0.0,12,2,7,0,45.2,,20,52,38.5,15,31,48.4,5,21,23.8,10,20,50.0,10,26,36,23,0,24,0,0,55,0,0,0,43.3,,27.8,38.5,17,4,11,0,60.8,,28,56,50.0,21,38,55.3,7,18,38.9,17,26,65.4,7,29,36,15,1,21,0,0,82,0,0,0,56.3,,19.4,46.4
2014,20132014,1068,Shenandoah,,1,0,1,40,75.5,10,0,5,75,42.3,82.7,22,65,33.8,17,46,37.0,5,19,26.3,13,19,68.4,15,28,43,15,0,22,0,0,62,24,10,2,37.7,0.2,34.9,29.2,23,8,12,76,64.2,114.5,34,59,57.6,26,40,65.0,8,19,42.1,11,20,55.0,5,33,38,15,0,18,0,0,87,48,17,14,64.4,0.2,13.2,33.9
2014,20132014,1069,Texas A&M-International,,1,0,1,40,65.0,13,1,8,65,45.6,86.2,21,53,39.6,18,40,45.0,3,13,23.1,11,19,57.9,12,22,34,17,1,20,0,0,56,0,0,0,42.5,0.26,35.3,35.8,10,4,5,65,67.3,115.4,25,46,54.3,16,28,57.1,9,18,50.0,16,22,72.7,4,24,28,15,0,18,0,0,75,0,0,0,64.1,0.23,14.3,47.8
2014,20132014,1076,Ohio Valley,,1,0,1,40,0.0,15,3,6,0,55.1,,24,62,38.7,9,25,36.0,15,37,40.5,16,22,72.7,13,26,39,25,0,30,1,0,79,0,0,0,50.8,,33.3,35.5,13,2,15,0,60.0,,32,62,51.6,27,47,57.4,5,15,33.3,27,41,65.9,15,27,42,16,1,21,1,0,96,0,0,0,55.6,,35.7,66.1
2014,20132014,1080,Salisbury,,1,0,1,40,76.5,13,2,5,77,42.1,71.4,19,60,31.7,11,29,37.9,8,31,25.8,9,12,75.0,12,15,27,24,0,28,1,0,55,0,19,0,38.3,0.31,44.4,20.0,15,4,12,76,69.6,125.0,30,52,57.7,23,35,65.7,7,17,41.2,28,37,75.7,11,31,42,20,0,17,0,0,95,0,28,0,64.4,0.26,26.2,71.2
2014,20132014,1084,Phoenix,,1,0,1,40,77.0,14,2,5,77,57.9,101.3,27,55,49.1,22,38,57.9,5,17,29.4,19,28,67.9,10,25,35,19,0,22,0,0,78,0,0,0,53.6,0.25,28.6,50.9,12,3,12,77,56.3,110.4,29,64,45.3,24,49,49.0,5,15,33.3,22,26,84.6,12,24,36,14,1,23,0,0,85,0,0,0,49.2,0.18,33.3,40.6
2014,20132014,1087,Oberlin,,1,0,1,40,65.0,9,2,2,66,50.2,83.3,19,46,41.3,15,34,44.1,4,12,33.3,13,20,65.0,5,19,24,15,0,19,0,0,55,22,9,6,45.7,0.23,20.8,43.5,18,5,4,64,57.5,120.3,30,59,50.8,24,47,51.1,6,12,50.0,11,18,61.1,14,25,39,12,0,21,0,0,77,36,24,10,55.9,0.19,35.9,30.5
2014,20132014,1092,Presentation College,,1,0,1,40,69.0,4,2,6,69,23.0,46.4,9,62,14.5,7,43,16.3,2,19,10.5,12,17,70.6,16,24,40,17,0,17,0,0,32,8,3,4,16.1,0.25,40.0,27.4,15,8,14,69,57.9,113.0,30,59,50.8,23,39,59.0,7,20,35.0,11,19,57.9,13,36,49,14,0,17,0,0,78,42,21,8,56.8,0.2,26.5,32.2
2014,20132014,1093,MIT,,1,0,1,40,66.5,4,1,3,66,37.6,56.1,12,43,27.9,10,28,35.7,2,15,13.3,11,14,78.6,12,21,33,29,1,16,0,0,37,0,6,0,30.2,0.44,36.4,32.6,14,5,19,67,52.5,117.9,30,66,45.5,26,53,49.1,4,13,30.8,15,21,71.4,17,20,37,7,0,15,0,0,79,0,35,0,48.5,0.1,45.9,31.8
2014,20132014,1094,Central Methodist,,1,0,1,40,0.0,10,1,4,0,44.7,,21,57,36.8,16,39,41.0,5,18,27.8,11,18,61.1,9,26,35,20,0,20,0,0,58,0,0,0,41.2,,25.7,31.6,16,4,9,0,57.2,,34,69,49.3,27,45,60.0,7,24,29.2,15,22,68.2,12,30,42,11,0,18,0,0,90,0,0,0,54.3,,28.6,31.9
2014,20132014,1095,Eckerd,,1,0,1,40,0.0,7,0,5,0,41.9,,16,55,29.1,8,35,22.9,8,20,40.0,15,24,62.5,12,20,32,6,0,21,0,0,55,0,0,0,36.4,,37.5,43.6,15,9,2,0,62.2,,26,46,56.5,19,31,61.3,7,15,46.7,13,27,48.1,7,34,41,9,0,20,0,0,72,0,0,0,64.1,,17.1,58.7
2014,20132014,1097,Chowan,,3,1,2,135,61.2,36,5,18,207,43.7,82.1,63,180,35.0,44,109,40.4,19,71,26.8,25,33,75.8,24,63,87,36,2,50,0,0,170,81,26,16,40.3,0.17,27.6,18.3,58,11,23,206,57.8,124.8,92,191,48.2,65,121,53.7,27,70,38.6,46,71,64.8,48,96,144,29,1,35,0,0,257,112,41,30,55.2,0.14,33.3,37.2
2014,20132014,1101,Minnesota Morris,,1,0,1,40,78.5,10,1,4,79,52.7,87.3,22,54,40.7,14,30,46.7,8,24,33.3,17,26,65.4,12,20,32,24,0,16,0,0,69,0,2,0,48.1,0.3,37.5,48.1,18,3,13,78,65.0,141.0,43,75,57.3,33,55,60.0,10,20,50.0,14,22,63.6,15,23,38,6,0,21,0,0,110,0,30,0,64.0,0.08,39.5,29.3
2014,20132014,1110,Roosevelt,,2,0,2,80,0.0,24,3,11,0,58.9,,46,97,47.4,29,66,43.9,17,31,54.8,23,34,67.6,24,27,51,38,4,33,0,0,132,0,0,0,56.2,,47.1,35.1,35,12,18,0,65.7,,71,119,59.7,59,89,66.3,12,30,40.0,22,34,64.7,26,33,59,21,1,35,0,0,176,0,0,0,64.7,,44.1,28.6
2014,20132014,1113,Indiana-Kokomo,,2,0,2,80,66.8,17,3,9,134,45.5,75.4,38,103,36.9,26,71,36.6,12,32,37.5,13,18,72.2,21,33,54,43,2,32,0,0,101,12,10,2,42.7,0.32,38.9,17.5,40,17,30,133,62.7,136.8,76,132,57.6,67,101,66.3,9,31,29.0,21,30,70.0,30,49,79,19,0,24,0,0,182,62,30,14,61.0,0.14,38.0,22.7
2014,20132014,1117,Minnesota Duluth,,1,0,1,40,81.5,9,2,6,82,37.3,69.5,19,68,27.9,13,45,28.9,6,23,26.1,13,19,68.4,13,23,36,18,1,28,0,0,57,18,11,2,32.4,0.22,36.1,27.9,17,13,6,81,65.5,113.6,32,54,59.3,27,45,60.0,5,9,55.6,23,37,62.2,7,40,47,18,0,15,0,0,92,50,26,22,63.9,0.22,14.9,68.5
2014,20132014,1123,Texas Permian Basin,,1,1,0,40,73.0,14,5,5,73,61.7,112.3,23,51,45.1,15,31,48.4,8,20,40.0,28,35,80.0,8,29,37,14,0,26,0,0,82,0,9,0,52.9,0.19,21.6,68.6,12,0,8,73,52.1,105.5,25,59,42.4,21,45,46.7,4,14,28.6,23,34,67.6,12,22,34,8,0,25,0,0,77,0,16,0,45.8,0.11,35.3,57.6
2014,20132014,1125,Hope International,,1,0,1,40,72.0,22,1,3,72,61.7,102.8,25,52,48.1,15,32,46.9,10,20,50.0,14,18,77.8,6,22,28,17,0,25,0,0,74,0,8,0,57.7,0.24,21.4,34.6,15,3,12,72,59.3,119.4,26,58,44.8,24,50,48.0,2,8,25.0,32,33,97.0,10,23,33,8,0,21,0,0,86,0,26,0,46.6,0.11,30.3,56.9
2014,20132014,1127,Eastern University (PA),,1,0,1,55,0.0,11,1,7,0,52.7,,23,60,38.3,15,37,40.5,8,23,34.8,25,34,73.5,16,29,45,28,0,32,0,0,79,0,0,0,45.0,,35.6,56.7,11,7,18,0,50.0,,27,62,43.5,24,46,52.2,3,16,18.8,27,50,54.0,16,25,41,17,0,28,1,0,84,0,0,0,46.0,,39.0,80.6
2014,20132014,1133,Tougaloo,,2,0,2,80,0.0,9,2,13,0,56.3,,54,113,47.8,42,79,53.2,12,34,35.3,29,44,65.9,16,35,51,21,0,41,0,0,149,0,0,0,53.1,,31.4,38.9,26,3,11,0,61.7,,56,108,51.9,46,73,63.0,10,35,28.6,40,53,75.5,21,44,65,26,0,36,0,0,162,0,0,0,56.5,,32.3,49.1
2014,20132014,1134,Michigan-Dearborn,,1,0,1,40,75.0,12,0,8,75,38.3,68.0,21,63,33.3,14,43,32.6,7,20,35.0,2,8,25.0,12,14,26,21,0,22,0,0,51,18,14,5,38.9,0.28,46.2,12.7,23,13,14,75,66.3,141.3,34,65,52.3,24,42,57.1,10,23,43.5,28,34,82.4,19,33,52,14,0,12,0,0,106,38,27,20,60.0,0.19,36.5,52.3
2014,20132014,1141,Simpson University (CA),,2,0,2,80,77.3,22,4,13,155,42.7,78.7,43,128,33.6,30,74,40.5,13,54,24.1,23,34,67.6,21,38,59,33,0,41,0,0,122,40,16,10,38.7,0.21,35.6,26.6,41,7,20,154,68.5,131.8,68,124,54.8,40,70,57.1,28,54,51.9,39,55,70.9,22,69,91,25,0,33,0,0,203,70,52,26,66.1,0.16,24.2,44.4
2014,20132014,1142,Columbus State,,1,0,1,40,0.0,10,4,4,0,39.5,,23,66,34.8,19,43,44.2,4,23,17.4,6,11,54.5,18,23,41,15,0,16,0,0,56,0,0,0,37.9,,43.9,16.7,16,4,8,0,51.1,,31,70,44.3,23,44,52.3,8,26,30.8,6,10,60.0,18,29,47,12,1,15,0,0,76,0,0,0,50.0,,38.3,14.3
2014,20132014,1143,Greenville,,1,0,1,40,68.0,12,0,6,68,44.1,72.1,20,52,38.5,19,40,47.5,1,12,8.3,8,8,100.0,11,21,32,23,1,11,0,0,49,0,12,0,39.4,0.34,34.4,15.4,20,8,16,68,55.2,111.8,35,64,54.7,33,56,58.9,2,8,25.0,4,11,36.4,11,20,31,9,0,10,0,0,76,0,24,0,56.3,0.13,35.5,17.2
2014,20132014,1148,Bacone,,1,0,1,40,70.5,12,2,6,70,48.2,90.0,20,57,35.1,11,33,33.3,9,24,37.5,14,19,73.7,11,20,31,15,0,16,1,0,63,0,14,0,43.0,0.21,35.5,33.3,22,9,5,71,63.2,126.8,31,62,50.0,20,37,54.1,11,25,44.0,17,21,81.0,12,29,41,13,0,14,1,0,90,0,17,0,58.9,0.18,29.3,33.9
2014,20132014,1157,Tuskegee,,1,0,1,40,0.0,7,3,6,0,47.5,,21,55,38.2,16,39,41.0,5,16,31.3,17,28,60.7,18,28,46,23,1,29,0,0,64,0,0,0,42.7,,39.1,50.9,10,2,12,0,53.4,,18,46,39.1,12,32,37.5,6,14,42.9,24,36,66.7,7,22,29,21,1,24,0,0,66,0,0,0,45.7,,24.1,78.3
2014,20132014,1159,Cedarville,,2,0,2,80,61.0,33,6,15,122,50.9,95.1,44,107,41.1,27,59,45.8,17,48,35.4,11,16,68.8,14,33,47,25,2,40,0,0,116,40,33,15,49.1,0.2,29.8,15.0,33,5,14,122,54.3,120.5,51,115,44.3,36,74,48.6,15,41,36.6,30,46,65.2,41,53,94,25,2,21,1,0,147,66,31,21,50.9,0.2,43.6,40.0
2014,20132014,1161,Emporia St,,2,1,1,80,77.5,22,11,9,156,50.4,84.0,48,115,41.7,39,84,46.4,9,31,29.0,26,34,76.5,19,43,62,43,1,54,0,0,131,42,25,14,45.7,0.28,30.6,29.6,27,8,25,154,57.2,109.7,49,110,44.5,38,75,50.7,11,35,31.4,60,86,69.8,29,51,80,28,0,36,0,0,169,30,55,12,49.5,0.18,36.3,78.2
2014,20132014,1172,Wingate,,1,0,1,40,75.5,5,3,7,75,39.5,81.3,19,67,28.4,14,49,28.6,5,18,27.8,18,23,78.3,12,23,35,9,0,20,0,0,61,26,13,7,32.1,0.12,34.3,34.3,14,7,8,76,53.7,105.3,29,63,46.0,24,46,52.2,5,17,29.4,17,26,65.4,15,40,55,15,0,16,0,0,80,40,11,20,50.0,0.2,27.3,41.3
2014,20132014,1176,Bluefield State,,2,0,2,80,79.8,21,4,12,159,49.2,96.2,48,136,35.3,24,77,31.2,24,59,40.7,33,44,75.0,29,45,74,32,0,45,2,0,153,20,7,2,44.1,0.2,39.2,32.4,46,14,24,160,65.9,137.5,73,138,52.9,50,91,54.9,23,47,48.9,51,66,77.3,24,65,89,16,0,30,0,0,220,38,48,2,61.2,0.1,27.0,47.8
2014,20132014,1178,Thiel,,1,0,1,40,73.0,7,2,9,73,45.6,79.5,18,50,36.0,14,37,37.8,4,13,30.8,18,31,58.1,6,23,29,15,0,20,0,0,58,20,13,6,40.0,0.21,20.7,62.0,16,1,10,73,58.2,112.3,29,59,49.2,23,40,57.5,6,19,31.6,18,26,69.2,12,31,43,13,0,21,0,0,82,36,23,20,54.2,0.18,27.9,44.1
2014,20132014,1180,Olivet Nazarene,,1,0,1,40,61.0,17,1,6,61,50.1,98.4,23,55,41.8,18,37,48.6,5,18,27.8,9,11,81.8,13,22,35,13,0,24,0,0,60,32,11,9,46.4,0.21,37.1,20.0,5,9,7,61,51.4,109.8,23,55,41.8,19,38,50.0,4,17,23.5,17,23,73.9,15,19,34,9,0,11,0,0,67,32,16,6,45.5,0.15,44.1,41.8
2014,20132014,1182,UC Santa Cruz,,1,0,1,40,0.0,10,0,4,0,35.4,,15,51,29.4,10,34,29.4,5,17,29.4,8,22,36.4,10,21,31,12,0,21,1,0,43,0,0,0,34.3,,32.3,43.1,17,3,8,0,62.1,,26,46,56.5,22,33,66.7,4,13,30.8,17,29,58.6,8,33,41,13,0,24,0,0,73,0,0,0,60.9,,19.5,63.0
2014,20132014,1183,Notre Dame de Namur,,1,0,1,40,0.0,11,2,2,0,51.8,,19,44,43.2,14,31,45.2,5,13,38.5,14,25,56.0,7,24,31,24,0,20,0,0,57,0,0,0,48.9,,22.6,56.8,22,4,11,0,60.7,,33,69,47.8,20,35,57.1,13,34,38.2,16,21,76.2,14,23,37,10,0,21,0,0,95,0,0,0,57.2,,37.8,30.4
2014,20132014,1196,Urbana,,1,0,1,40,78.0,7,0,3,78,42.0,66.7,13,47,27.7,9,33,27.3,4,14,28.6,22,34,64.7,12,26,38,27,0,21,0,0,52,18,16,2,31.9,0.35,31.6,72.3,13,0,17,78,55.3,98.7,29,59,49.2,25,46,54.3,4,13,30.8,15,24,62.5,8,27,35,15,0,27,0,0,77,42,31,14,52.5,0.19,22.9,40.7
2014,20132014,1199,Ohio Northern,,1,0,1,40,75.5,9,1,2,76,39.6,63.2,15,51,29.4,13,34,38.2,2,17,11.8,16,22,72.7,6,29,35,21,1,23,0,0,48,0,0,0,31.4,0.28,17.1,43.1,10,4,15,75,53.2,112.0,32,68,47.1,28,49,57.1,4,19,21.1,16,25,64.0,14,33,47,11,0,22,0,0,84,0,0,0,50.0,0.15,29.8,36.8
2014,20132014,1201,Caldwell,,1,0,1,40,77.5,14,6,2,78,50.3,91.0,22,56,39.3,17,38,44.7,5,18,27.8,22,33,66.7,14,30,44,25,0,18,0,0,71,0,0,0,43.8,0.32,31.8,58.9,19,2,13,77,54.8,115.6,33,72,45.8,24,40,60.0,9,32,28.1,14,21,66.7,10,27,37,8,0,26,0,0,89,0,0,0,52.1,0.1,27.0,29.2
2014,20132014,1206,Rio Grande,,2,0,2,80,78.3,26,4,13,157,43.6,86.0,54,142,38.0,41,80,51.3,13,62,21.0,14,29,48.3,28,44,72,28,0,50,0,0,135,77,26,17,42.6,0.18,38.9,20.4,48,11,17,156,66.2,131.4,73,128,57.0,51,86,59.3,22,42,52.4,37,61,60.7,25,66,91,26,0,35,0,0,205,96,38,40,65.6,0.17,27.5,47.7
2014,20132014,1213,Tampa,,1,0,1,40,0.0,13,5,6,0,49.9,,24,62,38.7,14,35,40.0,10,27,37.0,14,23,60.9,10,29,39,14,0,21,2,0,72,0,0,0,46.8,,25.6,37.1,17,6,6,0,58.4,,37,72,51.4,29,49,59.2,8,23,34.8,15,25,60.0,12,35,47,10,0,19,0,0,97,0,0,0,56.9,,25.5,34.7
2014,20132014,1218,Wilmington (OH),,1,1,0,40,64.5,18,8,5,65,52.7,100.0,24,59,40.7,10,32,31.3,14,27,51.9,3,6,50.0,12,23,35,15,0,14,0,0,65,0,0,0,52.5,0.23,34.3,10.2,10,5,12,64,40.2,98.4,23,70,32.9,20,50,40.0,3,20,15.0,14,19,73.7,27,26,53,12,0,14,0,0,63,0,0,0,35.0,0.19,50.9,27.1
2014,20132014,1221,City College NY,,1,0,1,40,76.0,13,2,7,76,41.3,78.9,21,66,31.8,12,38,31.6,9,28,32.1,9,15,60.0,8,16,24,9,0,17,0,0,60,0,0,0,38.6,0.12,33.3,22.7,23,7,6,76,65.8,130.3,35,66,53.0,23,40,57.5,12,26,46.2,17,21,81.0,15,38,53,17,1,18,0,0,99,0,0,0,62.1,0.22,28.3,31.8
2014,20132014,1224,Sewanee,,1,0,1,40,0.0,14,3,5,0,44.7,,16,50,32.0,7,23,30.4,9,27,33.3,8,11,72.7,7,22,29,14,0,23,0,0,49,0,0,0,41.0,,24.1,22.0,11,0,7,0,49.0,,20,55,36.4,15,34,44.1,5,21,23.8,21,28,75.0,17,29,46,10,0,15,0,0,66,0,0,0,40.9,,37.0,50.9
2014,20132014,1225,Alaska Anchorage,,3,0,3,120,69.7,49,9,9,208,57.5,109.6,79,177,44.6,47,98,48.0,32,79,40.5,38,48,79.2,20,72,92,28,0,45,0,0,228,0,22,0,53.7,0.13,21.7,27.1,65,12,14,210,59.8,118.1,96,188,51.1,73,133,54.9,23,55,41.8,33,44,75.0,24,81,105,27,1,50,0,0,248,0,22,0,57.2,0.13,22.9,23.4
2014,20132014,1226,St. Edward's,,1,0,1,40,0.0,12,3,6,0,41.8,,25,74,33.8,16,50,32.0,9,24,37.5,8,14,57.1,18,24,42,11,0,19,0,0,67,0,0,0,39.9,,42.9,18.9,14,5,6,0,55.5,,30,57,52.6,27,42,64.3,3,15,20.0,14,28,50.0,10,33,43,13,0,12,0,0,77,0,0,0,55.3,,23.3,49.1
2014,20132014,1227,Hiwassee,,3,0,3,120,71.7,34,6,22,215,51.5,84.7,60,153,39.2,36,85,42.4,24,68,35.3,38,54,70.4,16,56,72,54,3,58,1,0,182,30,34,4,47.1,0.25,22.2,35.3,61,11,25,215,64.0,126.0,102,179,57.0,80,127,63.0,22,52,42.3,45,74,60.8,39,85,124,41,0,49,1,0,271,102,79,18,63.1,0.19,31.5,41.3
2014,20132014,1228,Southeastern,,2,0,2,80,73.5,13,11,8,148,37.4,66.9,34,114,29.8,28,84,33.3,6,30,20.0,25,42,59.5,21,46,67,34,0,24,0,0,99,22,10,2,32.5,0.23,31.3,36.8,46,13,19,146,64.0,124.0,71,130,54.6,48,92,52.2,23,38,60.5,16,26,61.5,19,68,87,23,0,35,0,0,181,28,40,6,63.5,0.16,21.8,20.0
2014,20132014,1242,West Alabama,,4,2,2,160,51.6,46,14,27,207,48.1,130.4,92,250,36.8,59,146,40.4,33,104,31.7,53,70,75.7,57,97,154,49,2,87,0,0,270,32,20,10,43.4,0.24,37.0,28.0,60,16,23,206,55.4,137.9,93,210,44.3,65,138,47.1,28,72,38.9,70,105,66.7,39,110,149,53,1,73,0,0,284,62,27,30,51.0,0.26,26.2,50.0
2014,20132014,1243,LIU Brooklyn,,5,0,5,200,27.5,0,0,0,0,,,0,0,,0,0,,0,0,,0,0,,0,0,0,0,0,0,0,0,328,0,0,0,,,,,93,20,28,275,61.8,157.1,164,309,53.1,118,195,60.5,46,114,40.4,58,92,63.0,64,150,214,58,1,105,0,0,432,110,51,20,60.5,0.21,29.9,29.8
2014,20132014,1249,Western State Colorado University,,2,0,2,80,63.5,19,0,8,127,45.7,82.7,35,103,34.0,20,51,39.2,15,52,28.8,20,27,74.1,13,42,55,26,1,36,0,0,105,14,15,0,41.3,0.2,23.6,26.2,39,8,13,127,64.2,128.3,58,108,53.7,37,56,66.1,21,52,40.4,26,43,60.5,19,58,77,17,0,25,0,0,163,32,35,9,63.4,0.13,24.7,39.8
2014,20132014,1250,Albion,,1,0,1,40,60.5,6,4,4,61,37.3,73.8,13,52,25.0,10,36,27.8,3,16,18.8,16,19,84.2,13,20,33,15,1,18,1,0,45,0,6,0,27.9,0.25,39.4,36.5,17,10,6,60,57.5,128.3,30,59,50.8,23,44,52.3,7,15,46.7,10,18,55.6,13,28,41,8,0,19,1,0,77,0,20,0,56.8,0.13,31.7,30.5
2014,20132014,1257,Fayetteville St,,1,0,1,40,73.5,16,3,8,73,53.3,106.8,28,67,41.8,17,44,38.6,11,23,47.8,11,14,78.6,13,19,32,12,0,31,0,0,78,0,14,0,50.0,0.16,40.6,20.9,16,6,5,74,64.7,129.7,27,54,50.0,16,29,55.2,11,25,44.0,31,46,67.4,14,26,40,11,0,16,0,0,96,0,16,0,60.2,0.15,35.0,85.2
2014,20132014,1262,Wheelock College,,1,0,1,40,68.5,9,3,4,69,39.1,66.7,16,54,29.6,9,28,32.1,7,26,26.9,7,11,63.6,10,10,20,20,1,12,0,0,46,16,3,2,36.1,0.29,50.0,20.4,25,8,8,68,79.7,161.8,43,62,69.4,31,43,72.1,12,19,63.2,12,16,75.0,12,28,40,10,0,13,0,0,110,54,26,8,79.0,0.15,30.0,25.8
2014,20132014,1268,Rockhurst,,2,0,2,80,66.5,19,3,19,133,45.9,81.2,39,107,36.4,28,74,37.8,11,33,33.3,19,24,79.2,10,40,50,25,0,32,0,0,108,0,12,0,41.6,0.19,20.0,22.4,39,7,16,133,56.1,113.5,56,116,48.3,46,84,54.8,10,32,31.3,29,42,69.0,31,61,92,28,0,25,0,0,151,0,17,0,52.6,0.21,33.7,36.2
2014,20132014,1275,Black Hills State,,1,0,1,40,65.0,10,3,7,66,47.9,98.5,24,63,38.1,17,37,45.9,7,26,26.9,10,11,90.9,9,18,27,8,1,19,0,0,65,0,14,0,43.7,0.12,33.3,17.5,17,5,2,64,68.1,123.4,31,51,60.8,25,36,69.4,6,15,40.0,11,16,68.8,6,30,36,12,0,14,1,0,79,0,9,0,66.7,0.19,16.7,31.4
2014,20132014,1279,Catholic,,1,0,1,40,64.0,16,1,2,64,54.8,117.2,26,57,45.6,23,47,48.9,3,10,30.0,20,26,76.9,13,20,33,8,0,18,0,0,75,0,8,0,48.2,0.13,39.4,45.6,14,6,3,64,58.5,135.9,35,66,53.0,30,49,61.2,5,17,29.4,12,19,63.2,15,20,35,6,0,23,0,0,87,0,12,0,56.8,0.09,42.9,28.8
2014,20132014,1283,Colorado Mesa,,1,0,1,40,76.0,13,2,4,76,49.3,78.9,17,49,34.7,8,26,30.8,9,23,39.1,17,27,63.0,6,28,34,20,0,28,0,0,60,12,4,6,43.9,0.26,17.6,55.1,14,3,12,76,51.9,110.5,26,62,41.9,25,41,61.0,1,21,4.8,31,43,72.1,12,32,44,7,0,19,0,0,84,42,23,4,42.7,0.09,27.3,69.4
2014,20132014,1289,Marygrove,,1,0,1,40,74.0,8,2,4,74,34.2,59.5,17,59,28.8,12,37,32.4,5,22,22.7,5,12,41.7,14,15,29,23,0,24,0,0,44,0,6,0,33.1,0.31,48.3,20.3,23,2,16,74,74.3,171.6,47,74,63.5,35,53,66.0,12,21,57.1,21,26,80.8,14,31,45,5,0,15,0,0,127,0,34,0,71.6,0.07,31.1,35.1
2014,20132014,1290,Claflin,,1,0,1,40,64.5,9,6,9,65,48.6,107.7,24,65,36.9,15,44,34.1,9,21,42.9,13,16,81.3,11,17,28,5,1,17,1,0,70,0,13,0,43.8,0.08,39.3,24.6,13,2,0,64,61.2,117.2,27,52,51.9,23,39,59.0,4,13,30.8,17,21,81.0,12,30,42,16,0,14,0,0,75,0,6,0,55.8,0.25,28.6,40.4
2014,20132014,1294,Wayne State (NE),,1,0,1,40,62.5,12,1,3,63,49.1,88.9,22,54,40.7,13,36,36.1,9,18,50.0,3,7,42.9,7,20,27,13,0,20,0,0,56,0,0,0,49.1,0.21,25.9,13.0,15,6,8,62,68.0,121.0,27,45,60.0,21,32,65.6,6,13,46.2,15,23,65.2,3,28,31,9,0,12,0,0,75,0,0,0,66.7,0.15,9.7,51.1
2014,20132014,1296,Selma,,1,0,1,40,0.0,7,2,6,0,60.0,,33,62,53.2,27,46,58.7,6,16,37.5,15,24,62.5,14,25,39,23,1,22,1,0,87,0,0,0,58.1,,35.9,38.7,12,4,11,0,61.0,,36,68,52.9,32,54,59.3,4,14,28.6,23,30,76.7,11,21,32,12,0,19,0,0,99,0,0,0,55.9,,34.4,44.1
2014,20132014,1301,St. Josephs (IND),,1,0,1,40,74.0,14,2,2,74,44.0,82.4,25,68,36.8,16,36,44.4,9,32,28.1,2,3,66.7,8,14,22,13,0,20,1,0,61,20,9,4,43.4,0.18,36.4,4.4,19,4,9,74,58.4,150.0,41,81,50.6,35,62,56.5,6,19,31.6,23,32,71.9,31,36,67,10,0,10,0,0,111,60,16,12,54.3,0.14,46.3,39.5
2014,20132014,1305,Daniel Webster College,,1,0,1,40,0.0,9,0,6,0,38.4,,15,59,25.4,8,24,33.3,7,35,20.0,13,14,92.9,6,29,35,17,0,13,0,0,50,0,0,0,31.4,,17.1,23.7,27,3,8,0,62.0,,37,69,53.6,24,38,63.2,13,31,41.9,4,10,40.0,7,38,45,10,0,12,0,0,91,0,0,0,63.0,,15.6,14.5
2014,20132014,1310,Northern Michigan,,1,0,1,40,68.5,8,3,9,69,38.6,71.0,18,59,30.5,12,37,32.4,6,22,27.3,7,10,70.0,11,28,39,16,2,23,0,0,49,16,6,8,35.6,0.23,28.2,16.9,14,9,7,68,50.9,104.4,25,57,43.9,19,38,50.0,6,19,31.6,15,29,51.7,14,31,45,11,0,11,0,0,71,26,22,6,49.1,0.16,31.1,50.9
2014,20132014,1313,Cincinnati Christian,,2,0,2,80,70.3,26,2,12,140,48.2,92.9,47,122,38.5,32,75,42.7,15,47,31.9,21,29,72.4,14,34,48,17,0,40,0,0,130,46,26,24,44.7,0.12,29.2,23.8,39,7,8,141,68.1,133.3,70,116,60.3,56,85,65.9,14,31,45.2,34,50,68.0,20,67,87,22,0,30,0,0,188,94,33,27,66.4,0.16,23.0,43.1
2014,20132014,1316,La Roche,,1,0,1,40,64.0,11,4,2,63,37.2,66.7,19,56,33.9,15,35,42.9,4,21,19.0,0,1,0.0,11,15,26,18,0,10,0,0,42,24,6,2,37.5,0.29,42.3,1.8,26,5,10,65,64.2,136.9,38,64,59.4,34,52,65.4,4,12,33.3,9,12,75.0,13,27,40,9,0,8,0,0,89,62,28,27,62.5,0.14,32.5,18.8
2014,20132014,1317,Roanoke,,1,0,1,40,0.0,20,4,6,0,47.1,,29,72,40.3,22,49,44.9,7,23,30.4,9,15,60.0,17,31,48,21,1,28,0,0,74,0,0,0,45.1,,35.4,20.8,12,7,9,0,56.0,,30,69,43.5,20,46,43.5,10,23,43.5,23,32,71.9,12,29,41,12,0,19,0,0,93,0,0,0,50.7,,29.3,46.4
2014,20132014,1318,Grace Bible College,,1,0,1,40,64.5,11,1,8,64,36.5,67.2,16,55,29.1,8,25,32.0,8,30,26.7,3,9,33.3,8,21,29,13,0,15,0,0,43,0,11,0,36.4,0.2,27.6,16.4,23,4,9,65,57.4,118.5,31,60,51.7,27,45,60.0,4,15,26.7,11,16,68.8,12,33,45,10,0,8,0,0,77,0,20,0,55.0,0.15,26.7,26.7
2014,20132014,1327,Ursinus,,1,0,1,40,67.0,12,0,3,67,44.7,76.1,18,50,36.0,12,28,42.9,6,22,27.3,9,16,56.3,6,24,30,14,2,15,0,0,51,16,4,6,42.0,0.21,20.0,32.0,23,3,6,67,57.4,117.9,29,60,48.3,20,29,69.0,9,31,29.0,12,20,60.0,11,30,41,9,0,14,0,0,79,36,13,7,55.8,0.13,26.8,33.3
2014,20132014,1333,Tennessee Temple,,2,0,2,80,36.3,26,5,7,72,49.6,159.7,38,94,40.4,30,68,44.1,8,26,30.8,31,50,62.0,18,47,65,44,0,45,0,0,115,30,6,4,44.7,0.61,27.7,53.2,27,4,19,73,55.4,239.7,62,132,47.0,51,98,52.0,11,34,32.4,40,59,67.8,33,47,80,23,1,39,0,0,175,48,32,6,51.1,0.32,41.3,44.7
2014,20132014,1335,Barber Scotia,,2,0,2,80,72.5,12,2,18,145,46.0,74.5,41,105,39.0,33,73,45.2,8,32,25.0,18,28,64.3,14,36,50,40,2,20,0,0,108,34,6,0,42.9,0.28,28.0,26.7,50,5,18,145,65.6,133.1,73,134,54.5,46,73,63.0,27,61,44.3,20,30,66.7,30,55,85,26,0,24,0,0,193,38,33,4,64.6,0.18,35.3,22.4
2014,20132014,1336,Hillsdale,,1,0,1,40,85.0,12,1,6,85,41.3,65.9,20,63,31.7,13,43,30.2,7,20,35.0,9,11,81.8,13,25,38,30,0,21,0,0,56,20,9,2,37.3,0.35,34.2,17.5,22,9,20,85,57.7,131.8,40,83,48.2,31,60,51.7,9,23,39.1,23,32,71.9,22,32,54,11,0,14,0,0,112,58,43,32,53.6,0.13,40.7,38.6
2014,20132014,1337,Nova Southeastern,,1,1,0,40,69.5,15,5,9,69,58.7,111.6,22,55,40.0,8,21,38.1,14,34,41.2,19,24,79.2,9,22,31,12,0,20,0,0,77,16,24,2,52.7,0.17,29.0,43.6,10,8,8,70,49.7,84.3,20,47,42.6,19,37,51.4,1,10,10.0,18,28,64.3,13,28,41,23,0,19,0,0,59,38,14,16,43.6,0.33,31.7,59.6
2014,20132014,1338,Baptist Bible,,1,0,1,40,58.5,10,2,3,58,47.0,81.0,15,43,34.9,10,27,37.0,5,16,31.3,12,16,75.0,5,24,29,13,1,14,0,0,47,0,5,0,40.7,0.22,17.2,37.2,19,3,6,59,52.8,122.0,27,62,43.5,18,35,51.4,9,27,33.3,9,14,64.3,14,25,39,6,0,14,0,0,72,0,18,0,50.8,0.1,35.9,22.6
2014,20132014,1339,Young Harris College,,1,0,1,40,63.5,13,3,8,64,41.6,84.4,20,60,33.3,14,33,42.4,6,27,22.2,8,11,72.7,10,18,28,10,0,20,0,0,54,0,13,0,38.3,0.16,35.7,18.3,12,8,6,63,64.9,112.7,28,45,62.2,27,38,71.1,1,7,14.3,14,22,63.6,4,29,33,12,1,14,0,0,71,0,6,0,63.3,0.19,12.1,48.9
2014,20132014,1346,Mount Ida,,1,0,1,40,64.5,14,3,4,64,39.6,70.3,18,55,32.7,12,41,29.3,6,14,42.9,3,4,75.0,10,22,32,18,0,15,0,0,45,0,5,0,38.2,0.28,31.3,7.3,22,3,6,65,57.6,112.3,26,59,44.1,13,28,46.4,13,31,41.9,8,10,80.0,12,28,40,12,2,10,0,0,73,0,15,0,55.1,0.18,30.0,16.9
2014,20132014,1351,Stillman,,4,0,4,160,57.8,48,16,21,231,48.3,133.8,102,287,35.5,54,142,38.0,48,145,33.1,57,74,77.0,57,74,131,47,1,81,1,0,309,56,46,13,43.9,0.2,43.5,25.8,76,14,24,231,65.1,174.9,148,262,56.5,123,207,59.4,25,55,45.5,83,110,75.5,53,138,191,55,0,69,1,0,404,150,51,36,61.3,0.24,27.7,42.0
2014,20132014,1355,Robert Morris-Springfield (IL),,1,0,1,40,74.5,15,2,8,75,59.7,104.0,28,53,52.8,20,41,48.8,8,12,66.7,14,28,50.0,10,20,30,18,0,17,0,0,78,0,0,0,60.4,0.24,33.3,52.8,24,1,7,74,75.9,137.8,40,61,65.6,25,38,65.8,15,23,65.2,7,14,50.0,5,25,30,12,0,21,0,0,102,0,0,0,77.9,0.16,16.7,23.0
2014,20132014,1356,Southern Arkansas,,2,0,2,80,67.5,22,5,10,136,49.3,91.2,47,116,40.5,33,75,44.0,14,41,34.1,16,22,72.7,25,38,63,32,0,39,1,0,124,48,18,10,46.6,0.24,39.7,19.0,37,10,16,134,65.1,135.1,62,117,53.0,44,74,59.5,18,43,41.9,39,50,78.0,23,49,72,17,0,26,0,0,181,64,37,6,60.7,0.13,31.9,42.7
2014,20132014,1357,Cameron,,3,0,3,120,66.3,29,13,18,199,47.3,88.9,62,160,38.8,47,114,41.2,15,46,32.6,38,62,61.3,34,73,107,44,0,62,0,0,177,44,37,8,43.4,0.22,31.8,38.8,32,15,21,199,51.1,110.1,72,179,40.2,56,121,46.3,16,58,27.6,59,80,73.8,43,75,118,30,0,54,0,0,219,54,48,8,44.7,0.15,36.4,44.7
2014,20132014,1361,Northwood University,,4,0,4,160,59.4,30,18,26,237,63.0,121.9,73,196,37.2,52,132,39.4,21,64,32.8,50,76,65.8,30,83,113,40,0,73,0,0,289,56,32,4,42.6,0.17,26.5,38.8,45,10,19,238,68.0,140.8,81,209,38.8,51,128,39.8,30,81,37.0,55,85,64.7,60,103,163,49,1,60,0,0,335,50,25,6,45.9,0.21,36.8,40.7
2014,20132014,1362,Viterbo,,1,0,1,40,0.0,5,1,0,0,46.4,,15,44,34.1,12,35,34.3,3,9,33.3,16,20,80.0,3,22,25,17,0,23,0,0,49,0,0,0,37.5,,12.0,45.5,16,6,9,0,61.8,,35,66,53.0,25,47,53.2,10,19,52.6,13,21,61.9,14,27,41,5,0,17,0,0,93,0,0,0,60.6,,34.1,31.8
2014,20132014,1363,Southern Polytechnic,,1,0,1,40,70.0,17,1,5,69,49.1,113.0,27,71,38.0,16,42,38.1,11,29,37.9,13,19,68.4,21,20,41,12,0,22,1,1,78,20,8,13,45.8,0.17,51.2,26.8,16,10,6,71,60.6,136.6,29,66,43.9,18,33,54.5,11,33,33.3,28,32,87.5,16,27,43,9,0,17,0,0,97,34,14,20,52.3,0.13,37.2,48.5
2014,20132014,1364,Mid-Continent University,,2,0,2,80,0.0,25,9,15,0,47.8,,45,114,39.5,33,77,42.9,12,37,32.4,22,36,61.1,18,44,62,47,2,46,0,0,124,0,0,0,44.7,,29.0,31.6,55,12,21,0,56.8,,85,166,51.2,73,113,64.6,12,53,22.6,34,55,61.8,49,60,109,19,0,33,1,0,216,0,0,0,54.8,,45.0,33.1
2014,20132014,1365,Suffolk,,1,0,1,40,81.5,7,0,10,82,43.8,85.4,21,69,30.4,11,49,22.4,10,20,50.0,18,25,72.0,10,26,36,13,0,25,0,0,70,0,16,0,37.7,0.16,27.8,36.2,15,7,5,81,63.4,116.0,33,60,55.0,26,41,63.4,7,19,36.8,21,32,65.6,9,42,51,16,0,22,0,0,94,0,11,0,60.8,0.2,17.6,53.3
2014,20132014,1366,Haverford,,1,0,1,40,71.0,18,4,9,71,50.8,91.5,24,60,40.0,13,30,43.3,11,30,36.7,6,9,66.7,4,22,26,11,0,19,0,0,65,16,10,14,49.2,0.15,15.4,15.0,16,4,5,71,57.6,114.1,30,62,48.4,23,44,52.3,7,18,38.9,14,19,73.7,14,33,47,15,0,13,0,0,81,34,14,11,54.0,0.21,29.8,30.6
2014,20132014,1367,Alabama-Huntsville,,1,0,1,40,65.5,12,2,2,65,54.9,112.3,23,59,39.0,11,33,33.3,12,26,46.2,15,17,88.2,17,20,37,15,0,21,0,0,73,14,11,0,49.2,0.23,45.9,28.8,14,5,8,66,59.2,119.7,26,54,48.1,18,38,47.4,8,16,50.0,19,29,65.5,11,19,30,9,0,15,0,0,79,30,20,7,55.6,0.14,36.7,53.7
2014,20132014,1368,Virginia Union,,1,0,1,40,74.5,10,4,8,74,53.2,113.5,30,64,46.9,27,49,55.1,3,15,20.0,21,34,61.8,15,20,35,13,0,21,1,0,84,0,0,0,49.2,0.18,42.9,53.1,13,9,4,75,65.1,122.7,30,57,52.6,21,36,58.3,9,21,42.9,23,31,74.2,10,25,35,15,0,26,0,0,92,0,0,0,60.5,0.2,28.6,54.4
2014,20132014,1369,Grinnell,,1,1,0,40,0.0,28,1,21,0,62.8,,59,125,47.2,29,46,63.0,30,79,38.0,25,29,86.2,32,17,49,7,0,16,0,0,173,0,0,0,59.2,,65.3,23.2,31,1,5,0,73.2,,59,80,73.8,57,73,78.1,2,7,28.6,3,9,33.3,8,38,46,34,0,21,1,0,123,0,0,0,75.0,,17.4,11.3
2014,20132014,1370,Crossroads College,,1,0,1,40,0.0,31,1,5,0,73.2,,59,80,73.8,57,73,78.1,2,7,28.6,3,9,33.3,8,38,46,34,0,21,1,0,123,0,0,0,75.0,,17.4,11.3,28,1,21,0,62.8,,59,125,47.2,29,46,63.0,30,79,38.0,25,29,86.2,32,17,49,7,0,16,0,0,173,0,0,0,59.2,,65.3,23.2
2014,20132014,1371,Pacifica College,,3,0,3,120,24.8,34,5,23,75,43.8,238.7,63,188,33.5,36,105,34.3,27,83,32.5,26,37,70.3,26,59,85,44,1,51,1,0,179,8,11,0,40.7,0.59,30.6,19.7,63,8,28,74,60.5,379.7,107,206,51.9,83,148,56.1,24,58,41.4,43,60,71.7,49,107,156,37,0,39,0,0,281,34,13,0,57.8,0.5,31.4,29.1
2014,20132014,1372,MSU Denver,,4,3,1,160,62.4,36,4,30,251,59.2,122.7,107,223,48.0,79,153,51.6,28,70,40.0,66,84,78.6,41,85,126,40,1,79,0,0,308,93,51,15,54.3,0.16,32.5,37.7,53,13,13,248,60.2,114.9,96,201,47.8,60,134,44.8,36,67,53.7,57,81,70.4,35,80,115,57,3,71,2,0,285,82,38,14,56.7,0.23,30.4,40.3
2014,20132014,1373,Virginia Intermont,,3,0,3,120,68.2,34,6,14,204,45.4,88.7,64,178,36.0,48,123,39.0,16,55,29.1,37,48,77.1,39,50,89,46,1,58,0,0,181,36,47,4,40.4,0.23,43.8,27.0,57,21,17,205,61.9,126.3,95,178,53.4,73,116,62.9,22,62,35.5,47,71,66.2,45,82,127,37,1,51,0,0,259,76,63,27,59.6,0.18,35.4,39.9
2014,20132014,1374,Graceland University,,1,0,1,40,82.5,10,1,5,82,52.9,103.7,26,68,38.2,17,46,37.0,9,22,40.9,24,28,85.7,7,21,28,10,0,21,0,0,85,24,15,2,44.9,0.12,25.0,41.2,24,2,5,83,66.0,134.9,42,73,57.5,29,44,65.9,13,29,44.8,15,27,55.6,16,36,52,12,0,24,0,0,112,50,14,21,66.4,0.14,30.8,37.0
2014,20132014,1375,Dallas Baptist,,2,0,2,80,32.3,26,1,16,64,42.5,168.8,35,106,33.0,21,47,44.7,14,59,23.7,24,48,50.0,14,39,53,15,0,34,0,0,108,0,14,0,39.6,0.23,26.4,45.3,32,13,9,65,57.6,230.8,51,109,46.8,36,62,58.1,15,47,31.9,33,48,68.8,28,67,95,26,0,36,0,0,150,0,12,0,53.7,0.4,29.5,44.0
2014,20132014,1376,The Open Bible,,4,0,4,160,72.6,26,13,23,291,40.0,70.4,76,233,32.6,59,153,38.6,17,80,21.3,36,53,67.9,32,78,110,65,0,60,0,0,205,12,26,10,36.3,0.22,29.1,22.7,83,15,36,290,64.1,131.0,145,262,55.3,119,193,61.7,26,69,37.7,64,78,82.1,50,135,185,48,2,48,0,0,380,46,89,6,60.3,0.17,27.0,29.8
2014,20132014,1377,St. Catherine (MN),,1,0,1,40,81.5,13,1,10,82,52.6,73.2,20,46,43.5,15,27,55.6,5,19,26.3,15,25,60.0,6,19,25,29,2,23,0,0,60,24,11,10,48.9,0.35,24.0,54.3,20,3,20,81,61.9,118.5,37,63,58.7,32,45,71.1,5,18,27.8,17,33,51.5,14,25,39,16,0,22,0,0,96,62,34,26,62.7,0.2,35.9,52.4
2014,20132014,1378,Clearwater Christian,,1,0,1,40,69.5,14,0,6,70,41.4,77.1,21,60,35.0,17,41,41.5,4,19,21.1,8,12,66.7,8,11,19,13,1,20,0,0,54,0,4,0,38.3,0.19,42.1,20.0,32,3,9,69,72.7,153.6,43,61,70.5,38,48,79.2,5,13,38.5,15,27,55.6,16,33,49,12,0,11,0,0,106,0,15,0,74.6,0.17,32.7,44.3
2014,20132014,1379,Philadelphia,,1,0,1,40,63.5,10,0,7,64,41.3,78.1,20,57,35.1,16,34,47.1,4,23,17.4,6,8,75.0,4,20,24,5,0,10,0,0,50,20,13,6,38.6,0.08,16.7,14.0,19,3,3,63,57.8,106.3,27,54,50.0,19,32,59.4,8,22,36.4,5,9,55.6,9,34,43,14,1,10,0,0,67,36,4,4,57.4,0.22,20.9,16.7
2014,20132014,1380,Wilmington University,,1,1,0,40,65.0,10,1,4,65,54.2,100.0,22,49,44.9,19,38,50.0,3,11,27.3,18,25,72.0,7,27,34,10,0,12,0,0,65,34,10,4,48.0,0.15,20.6,51.0,17,3,6,65,45.3,95.4,24,61,39.3,19,43,44.2,5,18,27.8,9,17,52.9,15,24,39,11,1,20,0,0,62,38,6,14,43.4,0.17,38.5,27.9
2014,20132014,1381,Montana State-Billings,,1,0,1,40,0.0,19,1,4,0,55.2,,24,60,40.0,12,26,46.2,12,34,35.3,15,18,83.3,10,24,34,10,0,20,0,0,75,0,0,0,50.0,,29.4,30.0,14,5,5,0,51.6,,27,65,41.5,20,42,47.6,7,23,30.4,21,33,63.6,20,29,49,9,0,14,0,0,82,0,0,0,46.9,,40.8,50.8
2014,20132014,1382,Elmhurst,,1,0,1,40,72.5,8,1,7,72,44.4,68.1,16,46,34.8,14,40,35.0,2,6,33.3,15,21,71.4,11,27,38,28,0,20,0,0,49,0,10,0,37.0,0.39,28.9,45.7,23,2,21,73,56.6,113.7,32,65,49.2,23,39,59.0,9,26,34.6,10,19,52.6,13,22,35,12,0,19,0,0,83,0,38,0,56.2,0.16,37.1,29.2
2014,20132014,1383,Indiana Tech,,1,0,1,40,65.0,7,0,7,66,36.6,75.8,16,60,26.7,9,41,22.0,7,19,36.8,11,19,57.9,15,14,29,12,0,13,0,0,50,16,8,4,32.5,0.18,51.7,31.7,17,6,6,64,64.0,145.3,33,63,52.4,20,37,54.1,13,26,50.0,14,22,63.6,18,31,49,11,1,15,0,0,93,28,18,11,62.7,0.17,36.7,34.9
2014,20132014,1384,University of Rochester (NY),,1,0,1,40,0.0,0,0,0,0,,,0,0,,0,0,,0,0,,0,0,,0,0,0,0,0,0,0,0,54,0,0,0,,,,,0,0,0,0,,,0,0,,0,0,,0,0,,0,0,,0,0,0,0,0,0,0,0,92,0,0,0,,,,
2014,20132014,1385,Kalamazoo,,1,0,1,40,71.5,14,1,3,72,55.1,102.8,30,65,46.2,21,44,47.7,9,21,42.9,5,5,100.0,5,21,26,10,0,18,0,0,74,0,14,0,53.1,0.14,19.2,7.7,25,7,7,71,78.1,154.9,38,59,64.4,22,32,68.8,16,27,59.3,18,26,69.2,4,29,33,7,0,7,0,0,110,0,15,0,78.0,0.1,12.1,44.1
2014,20132014,1386,Baruch College,,1,0,1,40,0.0,6,2,9,0,41.5,,16,52,30.8,12,44,27.3,4,8,50.0,13,16,81.3,5,18,23,13,0,14,0,0,49,0,0,0,34.6,,21.7,30.8,26,4,8,0,68.0,,33,59,55.9,20,38,52.6,13,21,61.9,9,13,69.2,11,33,44,17,0,18,0,0,88,0,0,0,66.9,,25.0,22.0
